date,home_team,away_team,home_goals,away_goals,result,odds_home_b365,odds_draw_b365,odds_away_b365,closing_odds_home,closing_odds_draw,closing_odds_away,odds_home_pin,odds_draw_pin,odds_away_pin,closing_odds_home_pin,closing_odds_draw_pin,closing_odds_away_pin,margin,best_odds_home,best_closing_odds_home,best_odds_draw,best_closing_odds_draw,best_odds_away,best_closing_odds_away
2022-08-01,Tottenham,Newcastle,3,2,H,3.22,3.71,2.01,3.17,3.86,1.98,3.3,4.05,2.08,3.35,3.97,2.08,0.0787165744762802,3.3,3.35,4.05,3.97,2.08,2.08
2022-08-02,Chelsea,Tottenham,2,2,D,1.23,5.99,11.94,1.23,6.33,10.62,1.28,6.46,10.95,1.28,6.8,10.65,0.06277407669294738,1.28,1.28,6.46,6.8,11.94,10.65
2022-08-03,Man City,West Ham,2,2,D,2.13,3.8,3.06,2.12,3.84,3.05,2.17,4.03,3.16,2.19,3.95,3.18,0.06051561934691954,2.17,2.19,4.03,3.95,3.16,3.18
2022-08-04,West Ham,Tottenham,0,1,A,1.77,4.13,3.97,1.78,4.05,3.98,1.84,4.22,4.12,1.84,4.22,4.09,0.060689092543049314,1.84,1.84,4.22,4.22,4.12,4.09
2022-08-05,Brighton,Chelsea,0,2,A,3.06,3.74,2.14,3.03,3.85,2.12,3.17,3.99,2.18,3.15,3.93,2.21,0.06136803234426416,3.17,3.15,3.99,3.93,2.18,2.21
2022-08-06,Newcastle,West Ham,2,1,H,1.54,4.33,4.99,1.53,4.39,5.11,1.6,4.65,5.22,1.61,4.58,5.26,0.07834990483683014,1.6,1.61,4.65,4.58,5.22,5.26
2022-08-07,Man Utd,Arsenal,2,1,H,4.61,4.41,1.64,4.65,4.38,1.64,4.78,4.59,1.68,4.82,4.52,1.69,0.05188113762209528,4.78,4.82,4.59,4.52,1.68,1.69
2022-08-08,Aston Villa,West Ham,1,4,A,1.63,4.45,4.68,1.63,4.34,4.77,1.67,4.59,4.87,1.67,4.54,4.92,0.05357183862146898,1.67,1.67,4.59,4.54,4.87,4.92
2022-08-09,Tottenham,Man City,1,3,A,2.13,3.8,2.93,2.13,3.78,2.94,2.23,3.91,3.08,2.23,3.94,3.07,0.07368954546445547,2.23,2.23,3.91,3.94,3.08,3.07
2022-08-10,Man Utd,Liverpool,0,3,A,5.84,4.75,1.46,5.7,4.73,1.47,6.08,4.89,1.52,5.97,4.9,1.53,0.06648228474020416,6.08,5.97,4.89,4.9,1.52,1.53
2022-08-11,Man Utd,Aston Villa,1,1,D,4.11,4.13,1.76,4.02,4.09,1.78,4.17,4.24,1.83,4.17,4.28,1.82,0.053856102738828564,4.17,4.17,4.24,4.28,1.83,1.82
2022-08-12,Liverpool,Brighton,0,2,A,1.53,4.61,5.55,1.55,4.55,5.38,1.6,4.7,5.51,1.59,4.75,5.5,0.051033804103350094,1.6,1.59,4.7,4.75,5.55,5.5
2022-08-13,Arsenal,West Ham,1,0,H,1.52,4.64,5.42,1.51,4.76,5.45,1.56,4.76,5.76,1.56,4.8,5.8,0.056727030448376826,1.56,1.56,4.76,4.8,5.76,5.8
2022-08-14,Tottenham,Brighton,0,4,A,2.7,3.82,2.35,2.75,3.8,2.32,2.83,3.97,2.39,2.86,3.91,2.39,0.057824322131308135,2.83,2.86,3.97,3.91,2.39,2.39
2022-08-15,Aston Villa,Tottenham,2,1,H,1.46,4.9,6.24,1.47,4.87,5.99,1.52,4.94,6.2,1.52,5.03,6.15,0.05042639088723926,1.52,1.52,4.94,5.03,6.24,6.15
2022-08-16,Arsenal,Man Utd,1,1,D,1.24,6.58,10.01,1.23,6.61,10.84,1.28,6.65,11.21,1.28,6.73,10.98,0.056482716150115804,1.28,1.28,6.65,6.73,11.21,10.98
2022-08-17,Aston Villa,Arsenal,1,0,H,2.19,3.73,2.87,2.19,3.76,2.86,2.26,3.91,3.02,2.26,3.95,3.0,0.072149568108572,2.26,2.26,3.91,3.95,3.02,3.0
2022-08-18,Aston Villa,Man City,3,2,H,1.51,4.63,5.06,1.52,4.53,5.14,1.59,4.68,5.33,1.59,4.67,5.31,0.0756630106891101,1.59,1.59,4.68,4.67,5.33,5.31
2022-08-19,Liverpool,Chelsea,0,2,A,2.09,3.76,3.0,2.09,3.79,3.0,2.19,3.94,3.13,2.18,3.91,3.15,0.07694707489309154,2.19,2.18,3.94,3.91,3.13,3.15
2022-08-20,Newcastle,Arsenal,0,1,A,2.1,3.83,3.09,2.13,3.82,3.03,2.18,4.01,3.15,2.18,3.98,3.19,0.061697420979306306,2.18,2.18,4.01,3.98,3.15,3.19
2022-08-21,Man City,Tottenham,0,1,A,1.86,3.94,3.72,1.88,3.97,3.63,1.92,4.11,3.85,1.93,4.15,3.78,0.05958241177710673,1.92,1.93,4.11,4.15,3.85,3.78
2022-08-22,Brighton,Newcastle,1,1,D,2.23,3.69,2.77,2.24,3.72,2.75,2.34,3.85,2.89,2.36,3.86,2.87,0.07999582544623662,2.34,2.36,3.85,3.86,2.89,2.87
2022-08-23,Brighton,West Ham,5,3,H,1.72,4.05,4.08,1.72,4.07,4.08,1.8,4.28,4.17,1.79,4.26,4.24,0.07308021352764767,1.8,1.79,4.28,4.26,4.17,4.24
2022-08-24,Chelsea,Tottenham,5,2,H,1.23,6.48,10.46,1.23,6.33,10.86,1.28,6.68,10.24,1.27,6.63,10.98,0.06612056242722664,1.28,1.27,6.68,6.63,10.46,10.98
2022-08-25,Arsenal,Aston Villa,4,0,H,1.86,3.98,3.72,1.83,4.04,3.8,1.9,4.14,3.92,1.9,4.18,3.89,0.0576431429806819,1.9,1.9,4.14,4.18,3.92,3.89
2022-08-26,West Ham,Aston Villa,2,1,H,2.63,3.83,2.39,2.63,3.79,2.41,2.72,3.87,2.51,2.71,3.9,2.51,0.05963916358655314,2.72,2.71,3.87,3.9,2.51,2.51
2022-08-27,Man Utd,Aston Villa,1,2,A,4.05,4.04,1.75,3.99,4.08,1.76,4.21,4.19,1.82,4.17,4.25,1.82,0.06546093046488162,4.21,4.17,4.19,4.25,1.82,1.82
2022-08-28,Aston Villa,Man Utd,2,1,H,1.29,5.89,8.38,1.29,5.71,8.55,1.35,5.93,8.7,1.34,5.98,8.93,0.06626248759372252,1.35,1.34,5.93,5.98,8.7,8.93
2022-08-29,Newcastle,Liverpool,1,2,A,2.42,3.87,2.64,2.45,3.76,2.66,2.55,3.89,2.7,2.52,3.91,2.72,0.050410359328210336,2.55,2.52,3.89,3.91,2.7,2.72
2022-08-30,Brighton,West Ham,4,0,H,1.73,3.88,4.1,1.7,4.08,4.08,1.79,4.19,4.28,1.78,4.24,4.26,0.07878200255814424,1.79,1.78,4.19,4.24,4.28,4.26
2022-08-31,Brighton,Liverpool,1,1,D,2.87,3.72,2.22,2.84,3.77,2.23,2.91,3.95,2.33,2.92,3.92,2.33,0.06726818742054691,2.91,2.92,3.95,3.92,2.33,2.33
2022-09-01,Man City,Man Utd,3,1,H,1.58,4.45,4.75,1.57,4.41,4.89,1.63,4.65,5.03,1.64,4.6,5.01,0.06767474733227401,1.63,1.64,4.65,4.6,5.03,5.01
2022-09-02,Chelsea,Arsenal,1,0,H,1.7,4.27,4.27,1.69,4.24,4.36,1.74,4.36,4.58,1.76,4.33,4.48,0.05634413401261458,1.74,1.76,4.36,4.33,4.58,4.48
2022-09-03,Man Utd,Aston Villa,1,3,A,4.02,3.94,1.75,3.99,4.1,1.73,4.18,4.25,1.8,4.16,4.21,1.81,0.07294961536403743,4.18,4.16,4.25,4.21,1.8,1.81
2022-09-04,Man Utd,Newcastle,0,3,A,4.46,4.13,1.65,4.17,4.22,1.68,4.43,4.33,1.75,4.44,4.28,1.75,0.07211793560275528,4.46,4.44,4.33,4.28,1.75,1.75
2022-09-05,Arsenal,Man City,2,0,H,1.45,5.02,6.13,1.45,4.88,6.27,1.49,5.07,6.59,1.5,5.06,6.3,0.052854739202142925,1.49,1.5,5.07,5.06,6.59,6.3
2022-09-06,Tottenham,Man City,2,3,A,2.1,3.94,2.96,2.16,3.77,2.95,2.24,3.9,3.09,2.23,3.92,3.09,0.06784983116779761,2.24,2.23,3.94,3.92,3.09,3.09
2022-09-07,Man City,Tottenham,4,1,H,1.85,3.96,3.63,1.84,3.95,3.65,1.92,4.07,3.82,1.93,4.09,3.78,0.0697458123598964,1.92,1.93,4.07,4.09,3.82,3.78
2022-09-08,Brighton,Man Utd,4,2,H,1.35,5.08,7.32,1.35,5.12,7.25,1.41,5.52,7.2,1.4,5.43,7.53,0.07506704523721633,1.41,1.4,5.52,5.43,7.32,7.53
2022-09-09,Newcastle,Aston Villa,0,0,D,1.89,4.09,3.54,1.94,3.87,3.53,1.99,4.07,3.64,2.0,4.05,3.62,0.05618273536753132,1.99,2.0,4.09,4.05,3.64,3.62
2022-09-10,West Ham,Liverpool,2,3,A,3.46,3.89,1.88,3.42,3.84,1.91,3.6,4.07,1.97,3.57,4.06,1.98,0.07632904390419218,3.6,3.57,4.07,4.06,1.97,1.98
2022-09-11,Brighton,West Ham,4,1,H,1.74,4.15,4.04,1.73,4.15,4.1,1.79,4.3,4.29,1.8,4.26,4.27,0.06384443215122787,1.79,1.8,4.3,4.26,4.29,4.27
2022-09-12,Chelsea,Tottenham,4,0,H,1.25,6.3,10.84,1.25,6.55,10.11,1.28,6.8,10.56,1.28,6.75,10.81,0.052895708579169344,1.28,1.28,6.8,6.75,10.84,10.81
2022-09-13,West Ham,Brighton,1,1,D,2.38,3.68,2.76,2.37,3.82,2.71,2.43,3.89,2.84,2.46,3.88,2.8,0.053168636645326284,2.43,2.46,3.89,3.88,2.84,2.8
2022-09-14,Man Utd,Liverpool,2,2,D,5.83,4.7,1.49,5.93,4.74,1.48,5.91,4.92,1.54,6.03,4.91,1.53,0.055934133610195086,5.91,6.03,4.92,4.91,1.54,1.53
2022-09-15,Chelsea,Arsenal,4,0,H,1.69,4.37,4.22,1.7,4.21,4.31,1.76,4.3,4.46,1.75,4.33,4.5,0.05848252117955926,1.76,1.75,4.37,4.33,4.46,4.5
2022-09-16,West Ham,Arsenal,2,0,H,2.93,3.79,2.17,2.89,3.79,2.2,3.06,3.9,2.26,3.02,3.97,2.26,0.06489217413379399,3.06,3.02,3.9,3.97,2.26,2.26
2022-09-17,Chelsea,Man Utd,6,0,H,1.11,8.35,18.07,1.12,8.4,15.7,1.17,8.49,16.8,1.16,8.94,17.29,0.0724625359323368,1.17,1.16,8.49,8.94,18.07,17.29
2022-09-18,Arsenal,West Ham,1,2,A,1.52,4.63,5.56,1.5,4.62,5.79,1.56,4.96,5.57,1.56,4.82,5.79,0.055601777060582974,1.56,1.56,4.96,4.82,5.57,5.79
2022-09-19,Man Utd,Arsenal,2,4,A,4.61,4.18,1.6,4.58,4.21,1.6,4.75,4.24,1.71,4.78,4.43,1.67,0.0797795538349861,4.75,4.78,4.24,4.43,1.71,1.67
2022-09-20,Brighton,Chelsea,2,3,A,3.02,3.8,2.17,3.04,3.92,2.12,3.19,3.94,2.2,3.16,3.97,2.2,0.05484565795310938,3.19,3.16,3.94,3.97,2.2,2.2
2022-09-21,Man City,Arsenal,1,2,A,3.19,3.77,2.04,3.12,3.78,2.07,3.21,3.97,2.16,3.26,3.97,2.14,0.06798133903166442,3.21,3.26,3.97,3.97,2.16,2.14
2022-09-22,Man Utd,West Ham,1,2,A,2.73,3.74,2.25,2.83,3.74,2.19,2.97,3.94,2.27,2.94,3.89,2.3,0.0778682130761402,2.97,2.94,3.94,3.89,2.27,2.3
2022-09-23,Man City,Brighton,2,2,D,2.5,3.7,2.47,2.49,3.69,2.48,2.56,3.86,2.63,2.59,3.85,2.6,0.07497522268630481,2.56,2.59,3.86,3.85,2.63,2.6
2022-09-24,Newcastle,Brighton,0,2,A,1.76,4.13,3.86,1.75,4.06,3.94,1.82,4.29,4.08,1.83,4.19,4.1,0.0694366760498948,1.82,1.83,4.29,4.19,4.08,4.1
2022-09-25,Man Utd,Brighton,1,1,D,3.51,3.8,1.91,3.52,3.91,1.88,3.63,4.16,1.95,3.65,4.05,1.97,0.07146478990372696,3.63,3.65,4.16,4.05,1.95,1.97
2022-09-26,Chelsea,Newcastle,1,0,H,1.62,4.36,4.85,1.64,4.31,4.73,1.66,4.54,5.01,1.69,4.49,4.86,0.05402616880116093,1.66,1.69,4.54,4.49,5.01,4.86
2022-09-27,Liverpool,Brighton,1,0,H,1.56,4.44,5.47,1.55,4.56,5.4,1.58,4.72,5.65,1.59,4.72,5.51,0.05028989161280745,1.58,1.59,4.72,4.72,5.65,5.51
2022-09-28,Tottenham,Arsenal,0,1,A,3.63,3.74,1.92,3.51,3.9,1.92,3.66,3.95,2.0,3.62,4.07,1.99,0.06302446353081119,3.66,3.62,3.95,4.07,2.0,1.99
2022-09-29,Newcastle,Aston Villa,4,1,H,1.92,4.05,3.51,1.95,3.93,3.51,2.0,4.11,3.6,1.99,4.08,3.67,0.052685567790149095,2.0,1.99,4.11,4.08,3.6,3.67
2022-09-30,West Ham,Newcastle,3,1,H,2.73,3.78,2.32,2.77,3.76,2.3,2.85,3.86,2.41,2.86,3.92,2.39,0.06073257685738473,2.85,2.86,3.86,3.92,2.41,2.39
2022-10-01,Man Utd,Brighton,1,2,A,3.6,3.92,1.91,3.53,3.99,1.91,3.63,4.14,1.98,3.68,4.09,1.98,0.05671228380709213,3.63,3.68,4.14,4.09,1.98,1.98
2022-10-02,Man City,Man Utd,3,0,H,1.56,4.58,4.6,1.55,4.32,4.96,1.63,4.56,5.06,1.63,4.52,5.08,0.07749040167142228,1.63,1.63,4.58,4.52,5.06,5.08
2022-10-03,Aston Villa,Brighton,3,2,H,1.86,3.95,3.51,1.82,3.9,3.69,1.89,4.15,3.84,1.9,4.11,3.84,0.07640167997024172,1.89,1.9,4.15,4.11,3.84,3.84
2022-10-04,Newcastle,Chelsea,2,2,D,2.57,3.63,2.44,2.57,3.67,2.42,2.67,3.85,2.52,2.69,3.87,2.51,0.07456828545593025,2.67,2.69,3.85,3.87,2.52,2.51
2022-10-05,Brighton,Arsenal,0,1,A,2.39,3.83,2.55,2.4,3.72,2.59,2.5,3.93,2.68,2.51,3.87,2.69,0.07141832895241963,2.5,2.51,3.93,3.87,2.68,2.69
2022-10-06,Arsenal,West Ham,2,0,H,1.51,4.65,5.65,1.5,4.68,5.71,1.56,4.78,5.89,1.56,4.85,5.77,0.054622157873120816,1.56,1.56,4.78,4.85,5.89,5.77
2022-10-07,Chelsea,Liverpool,3,1,H,1.92,4.1,3.48,1.92,3.97,3.58,1.97,4.13,3.71,1.98,4.13,3.67,0.05145102278597455,1.97,1.98,4.13,4.13,3.71,3.67
2022-10-08,Brighton,Arsenal,0,2,A,2.42,3.7,2.59,2.43,3.72,2.57,2.49,3.82,2.74,2.51,3.89,2.69,0.06961663573564078,2.49,2.51,3.82,3.89,2.74,2.69
2022-10-09,Aston Villa,Tottenham,2,1,H,1.45,4.58,6.29,1.45,4.84,5.76,1.5,5.12,6.06,1.51,4.88,6.17,0.06926774411525298,1.5,1.51,5.12,4.88,6.29,6.17
2022-10-10,Man Utd,Liverpool,0,4,A,5.65,4.74,1.49,5.75,4.72,1.48,5.96,4.84,1.54,6.01,4.91,1.53,0.06108272854263443,5.96,6.01,4.84,4.91,1.54,1.53
2022-10-11,Aston Villa,Brighton,1,0,H,1.84,4.04,3.67,1.83,4.0,3.73,1.92,4.14,3.8,1.91,4.1,3.85,0.06418059999306791,1.92,1.91,4.14,4.1,3.8,3.85
2022-10-12,Aston Villa,Chelsea,6,1,H,2.69,3.66,2.38,2.72,3.75,2.32,2.79,3.93,2.42,2.82,3.89,2.41,0.06467448164713968,2.79,2.82,3.93,3.89,2.42,2.41
2022-10-13,Chelsea,Arsenal,6,0,H,1.73,4.05,4.33,1.7,4.15,4.38,1.77,4.31,4.45,1.75,4.38,4.5,0.05719784398239519,1.77,1.75,4.31,4.38,4.45,4.5
2022-10-14,Aston Villa,West Ham,2,1,H,1.6,4.47,4.73,1.62,4.31,4.73,1.66,4.53,4.99,1.67,4.46,4.96,0.05942499835722758,1.66,1.67,4.53,4.46,4.99,4.96
2022-10-15,Liverpool,Tottenham,1,0,H,1.27,6.07,8.84,1.27,6.01,9.06,1.31,6.31,9.53,1.32,6.18,9.59,0.06255168663990505,1.31,1.32,6.31,6.18,9.53,9.59
2022-10-16,Liverpool,Chelsea,0,0,D,2.12,3.67,3.09,2.11,3.84,3.0,2.21,3.9,3.15,2.18,3.96,3.16,0.0680953708973477,2.21,2.18,3.9,3.96,3.15,3.16
2022-10-17,Newcastle,Brighton,4,1,H,1.74,4.12,3.82,1.74,4.06,3.87,1.83,4.16,4.11,1.83,4.19,4.07,0.07867457618052177,1.83,1.83,4.16,4.19,4.11,4.07
2022-10-18,Newcastle,Man Utd,1,1,D,1.25,6.18,9.45,1.27,5.99,9.16,1.31,6.36,9.48,1.31,6.27,9.84,0.0661545382855712,1.31,1.31,6.36,6.27,9.48,9.84
2022-10-19,Man City,Arsenal,1,1,D,3.08,3.99,2.01,3.1,3.79,2.06,3.3,4.0,2.1,3.23,3.98,2.13,0.07193491728629604,3.3,3.23,4.0,3.98,2.1,2.13
2022-10-20,Aston Villa,Newcastle,3,1,H,2.1,3.84,2.96,2.07,3.82,3.04,2.16,3.97,3.18,2.16,3.96,3.19,0.0742100330718666,2.16,2.16,3.97,3.96,3.18,3.19
2022-10-21,Man City,Man Utd,0,2,A,1.6,4.59,4.73,1.59,4.45,5.01,1.64,4.6,5.11,1.65,4.58,5.07,0.05340524363925661,1.64,1.65,4.6,4.58,5.11,5.07
2022-10-22,Aston Villa,Newcastle,0,1,A,2.06,3.88,3.06,2.06,3.82,3.1,2.16,3.95,3.21,2.16,3.96,3.21,0.06959374002661822,2.16,2.16,3.95,3.96,3.21,3.21
2022-10-23,Arsenal,West Ham,0,2,A,1.49,4.47,5.98,1.49,4.63,5.62,1.56,4.79,5.74,1.55,4.79,5.8,0.06446332160763274,1.56,1.55,4.79,4.79,5.98,5.8
2022-10-24,Brighton,Tottenham,2,2,D,1.53,4.59,5.1,1.55,4.46,5.06,1.62,4.59,5.25,1.61,4.63,5.29,0.06717292826743676,1.62,1.61,4.59,4.63,5.25,5.29
2022-10-25,Brighton,Newcastle,2,1,H,2.36,3.7,2.8,2.29,3.83,2.83,2.35,3.93,2.93,2.38,3.93,2.89,0.05115250807307134,2.36,2.38,3.93,3.93,2.93,2.89
2022-10-26,Brighton,Liverpool,4,1,H,2.72,3.8,2.24,2.78,3.77,2.21,2.9,3.94,2.31,2.91,3.91,2.32,0.07718647209642156,2.9,2.91,3.94,3.91,2.31,2.32
2022-10-27,Newcastle,Liverpool,0,2,A,2.41,3.65,2.57,2.37,3.71,2.58,2.51,3.8,2.7,2.5,3.86,2.69,0.07858352448726351,2.51,2.5,3.8,3.86,2.7,2.69
2022-10-28,Man Utd,Chelsea,0,0,D,5.95,5.26,1.45,6.48,4.96,1.44,6.71,5.25,1.47,6.61,5.21,1.48,0.050104457710538355,6.71,6.61,5.26,5.21,1.47,1.48
2022-10-29,Brighton,Aston Villa,2,1,H,2.15,3.97,2.95,2.21,3.76,2.96,2.27,3.91,3.07,2.27,3.94,3.05,0.05638374776124533,2.27,2.27,3.97,3.94,3.07,3.05
2022-10-30,Liverpool,Tottenham,3,0,H,1.29,5.96,8.75,1.28,6.03,9.18,1.31,6.31,10.02,1.32,6.24,9.7,0.0554058252112685,1.31,1.32,6.31,6.24,10.02,9.7
2022-10-31,Brighton,Chelsea,2,1,H,3.01,3.86,2.08,3.01,3.76,2.11,3.19,3.87,2.18,3.15,3.93,2.19,0.07343913551839554,3.19,3.15,3.87,3.93,2.18,2.19
2022-11-01,Tottenham,Aston Villa,0,2,A,3.12,3.73,2.09,3.06,3.8,2.09,3.18,4.0,2.16,3.18,3.97,2.17,0.06794240177335462,3.18,3.18,4.0,3.97,2.16,2.17
2022-11-02,Man Utd,Aston Villa,1,6,A,3.92,4.23,1.77,4.08,4.07,1.77,4.17,4.23,1.83,4.16,4.25,1.83,0.055320009898901956,4.17,4.16,4.23,4.25,1.83,1.83
2022-11-03,Tottenham,West Ham,1,0,H,2.34,3.63,2.69,2.26,3.79,2.72,2.37,3.87,2.87,2.36,3.9,2.86,0.07441912865956582,2.37,2.36,3.87,3.9,2.87,2.86
2022-11-04,Tottenham,Liverpool,0,2,A,4.16,4.04,1.75,4.15,4.26,1.71,4.42,4.35,1.76,4.39,4.28,1.78,0.06060424615417245,4.42,4.39,4.35,4.28,1.76,1.78
2022-11-05,Arsenal,Brighton,3,0,H,1.72,4.1,4.18,1.69,4.24,4.25,1.75,4.35,4.45,1.75,4.37,4.46,0.06382570628879307,1.75,1.75,4.35,4.37,4.45,4.46
2022-11-06,Man City,Newcastle,2,2,D,2.86,3.88,2.2,2.91,3.8,2.2,3.03,3.94,2.27,3.05,3.93,2.26,0.061619198159619366,3.03,3.05,3.94,3.93,2.27,2.26
2022-11-07,Liverpool,Tottenham,1,0,H,1.27,5.93,9.23,1.28,5.86,9.0,1.31,6.28,9.51,1.31,6.26,9.62,0.06564140619323688,1.31,1.31,6.28,6.26,9.51,9.62
2022-11-08,Man City,Man Utd,2,2,D,1.58,4.42,4.84,1.58,4.36,4.96,1.62,4.61,5.18,1.64,4.56,5.08,0.06440427406486177,1.62,1.64,4.61,4.56,5.18,5.08
2022-11-09,Man Utd,Man City,0,1,A,2.65,3.83,2.38,2.67,3.79,2.38,2.76,3.96,2.45,2.78,3.9,2.46,0.05823752007987328,2.76,2.78,3.96,3.9,2.45,2.46
2022-11-10,Newcastle,Liverpool,3,0,H,2.47,3.76,2.55,2.41,3.82,2.59,2.51,3.92,2.7,2.51,3.91,2.7,0.06273668112481522,2.51,2.51,3.92,3.91,2.7,2.7
2022-11-11,Newcastle,Man Utd,1,1,D,1.25,5.75,9.67,1.24,6.03,9.39,1.3,6.22,9.74,1.31,6.26,9.54,0.077250114495629,1.3,1.31,6.22,6.26,9.74,9.54
2022-11-12,Man Utd,Aston Villa,2,3,A,3.87,4.32,1.74,3.97,4.1,1.76,4.1,4.27,1.82,4.17,4.25,1.82,0.06508682409437735,4.1,4.17,4.32,4.25,1.82,1.82
2022-11-13,Aston Villa,Brighton,3,2,H,1.83,4.06,3.51,1.81,3.93,3.7,1.9,4.05,3.86,1.9,4.11,3.83,0.07749159231267128,1.9,1.9,4.06,4.11,3.86,3.83
2022-11-14,Tottenham,Man City,3,2,H,2.15,3.9,2.9,2.13,3.79,2.99,2.24,3.97,3.05,2.24,3.94,3.06,0.06650381143453894,2.24,2.24,3.97,3.94,3.05,3.06
2022-11-15,Arsenal,Brighton,4,0,H,1.7,4.26,4.01,1.68,4.15,4.21,1.74,4.43,4.37,1.75,4.3,4.43,0.07306451879792476,1.74,1.75,4.43,4.3,4.37,4.43
2022-11-16,Brighton,Arsenal,1,1,D,2.39,3.81,2.65,2.42,3.78,2.62,2.53,3.84,2.72,2.51,3.92,2.71,0.05880773928979139,2.53,2.51,3.84,3.92,2.72,2.71
2022-11-17,Tottenham,Brighton,0,3,A,2.74,3.77,2.25,2.71,3.69,2.3,2.85,3.88,2.38,2.83,3.91,2.38,0.07371240470133224,2.85,2.83,3.88,3.91,2.38,2.38
2022-11-18,Newcastle,Chelsea,0,2,A,2.58,3.84,2.44,2.6,3.8,2.44,2.69,3.97,2.5,2.71,3.89,2.52,0.05792964838954957,2.69,2.71,3.97,3.89,2.5,2.52
2022-11-19,Tottenham,Man Utd,3,1,H,1.71,4.2,4.39,1.7,4.33,4.34,1.76,4.39,4.48,1.76,4.37,4.5,0.05058649914928919,1.76,1.76,4.39,4.37,4.48,4.5
2022-11-20,Tottenham,Brighton,0,3,A,2.8,3.82,2.29,2.74,3.83,2.33,2.84,3.92,2.41,2.85,3.92,2.4,0.0548218682953308,2.84,2.85,3.92,3.92,2.41,2.4
2022-11-21,Arsenal,Man Utd,2,0,H,1.25,6.66,10.07,1.24,6.58,10.89,1.28,6.66,10.95,1.28,6.79,11.03,0.05064958625096111,1.28,1.28,6.66,6.79,10.95,11.03
2022-11-22,Tottenham,Aston Villa,1,2,A,3.06,3.74,2.07,3.02,3.75,2.08,3.21,3.9,2.16,3.19,3.92,2.16,0.07841187925674287,3.21,3.19,3.9,3.92,2.16,2.16
2022-11-23,Brighton,Man Utd,4,1,H,1.33,5.34,7.16,1.35,5.15,6.96,1.41,5.35,7.43,1.4,5.41,7.5,0.07999931061253082,1.41,1.4,5.35,5.41,7.43,7.5
2022-11-24,Chelsea,West Ham,2,0,H,1.31,5.3,8.11,1.32,5.45,7.63,1.37,5.68,8.28,1.37,5.75,8.02,0.07286690790858562,1.37,1.37,5.68,5.75,8.28,8.02
2022-11-25,Newcastle,Tottenham,1,0,H,1.44,5.1,6.19,1.44,4.97,6.34,1.48,5.07,6.76,1.47,5.17,6.75,0.05324384491254763,1.48,1.47,5.1,5.17,6.76,6.75
2022-11-26,Arsenal,Chelsea,2,0,H,2.39,3.7,2.57,2.4,3.71,2.56,2.51,3.91,2.65,2.52,3.87,2.66,0.07696836380997948,2.51,2.52,3.91,3.87,2.65,2.66
2022-11-27,Chelsea,Brighton,5,2,H,1.45,4.71,5.81,1.45,4.75,5.79,1.52,4.81,6.09,1.51,4.94,6.06,0.07231328549798313,1.52,1.51,4.81,4.94,6.09,6.06
2022-11-28,Man Utd,Chelsea,0,2,A,6.48,4.99,1.42,6.57,5.03,1.41,6.69,5.15,1.47,6.73,5.12,1.47,0.059967335462062635,6.69,6.73,5.15,5.12,1.47,1.47
2022-11-29,West Ham,Man Utd,1,0,H,1.49,4.78,5.44,1.52,4.58,5.29,1.56,4.8,5.6,1.57,4.75,5.59,0.06506833735426797,1.56,1.57,4.8,4.75,5.6,5.59
2022-11-30,Liverpool,Man City,2,1,H,1.33,5.52,7.32,1.31,5.54,7.78,1.37,5.73,8.13,1.37,5.64,8.16,0.06985278023785907,1.37,1.37,5.73,5.64,8.13,8.16
2022-12-01,Liverpool,Man City,2,1,H,1.35,5.5,7.76,1.34,5.55,7.94,1.38,5.77,8.1,1.38,5.72,8.12,0.05072151427019814,1.38,1.38,5.77,5.72,8.1,8.12
2022-12-02,Man Utd,Newcastle,0,2,A,4.26,4.12,1.7,4.29,4.13,1.7,4.46,4.33,1.75,4.43,4.29,1.76,0.06504622736299685,4.46,4.43,4.33,4.29,1.75,1.76
2022-12-03,West Ham,Man City,1,0,H,1.86,4.13,3.42,1.88,3.87,3.56,1.96,4.07,3.67,1.96,4.05,3.68,0.07197186299764956,1.96,1.96,4.13,4.05,3.67,3.68
2022-12-04,Aston Villa,West Ham,1,2,A,1.62,4.28,4.89,1.62,4.39,4.77,1.68,4.53,4.88,1.67,4.54,4.93,0.05564676115688999,1.68,1.67,4.53,4.54,4.89,4.93
2022-12-05,Arsenal,Aston Villa,6,0,H,1.83,3.95,3.78,1.83,4.01,3.72,1.91,4.06,3.92,1.9,4.13,3.9,0.06331371720437999,1.91,1.9,4.06,4.13,3.92,3.9
2022-12-06,Liverpool,Brighton,4,0,H,1.52,4.51,5.31,1.51,4.55,5.39,1.58,4.73,5.54,1.58,4.72,5.52,0.065975903875548,1.58,1.58,4.73,4.72,5.54,5.52
2022-12-07,Aston Villa,Newcastle,0,2,A,2.05,3.7,3.19,2.07,3.77,3.08,2.16,3.91,3.22,2.16,3.96,3.19,0.07206696115877698,2.16,2.16,3.91,3.96,3.22,3.19
2022-12-08,Arsenal,Newcastle,2,2,D,1.87,3.94,3.45,1.87,3.88,3.49,1.95,4.13,3.61,1.95,4.09,3.65,0.07893361132379323,1.95,1.95,4.13,4.09,3.61,3.65
2022-12-09,Aston Villa,Arsenal,3,1,H,2.21,3.7,2.84,2.18,3.76,2.85,2.28,3.87,2.99,2.27,3.92,2.99,0.07544826644012875,2.28,2.27,3.87,3.92,2.99,2.99
2022-12-10,Liverpool,Man Utd,6,0,H,1.15,7.34,15.11,1.15,7.66,14.34,1.21,7.91,13.91,1.19,8.13,14.89,0.0686455526068985,1.21,1.19,7.91,8.13,15.11,14.89
2022-12-11,West Ham,Man Utd,2,1,H,1.5,4.53,5.57,1.52,4.52,5.32,1.57,4.75,5.57,1.57,4.72,5.62,0.06750922024504429,1.57,1.57,4.75,4.72,5.57,5.62
2022-12-12,Liverpool,West Ham,3,0,H,1.37,5.18,6.92,1.37,5.05,7.03,1.42,5.43,7.18,1.42,5.37,7.27,0.06809560079218012,1.42,1.42,5.43,5.37,7.18,7.27
2022-12-13,Man Utd,Man City,0,3,A,2.68,3.66,2.38,2.64,3.8,2.36,2.77,3.9,2.44,2.77,3.91,2.44,0.06635535927979322,2.77,2.77,3.9,3.91,2.44,2.44
2022-12-14,Newcastle,Man Utd,1,0,H,1.28,5.86,10.03,1.28,6.08,9.58,1.31,6.25,10.54,1.31,6.38,9.83,0.05178088640776771,1.31,1.31,6.25,6.38,10.54,9.83
2022-12-15,Man City,Man Utd,4,1,H,1.58,4.26,4.96,1.57,4.4,4.84,1.64,4.57,5.0,1.63,4.55,5.08,0.07094889183764616,1.64,1.63,4.57,4.55,5.0,5.08
2022-12-16,Tottenham,Man City,0,1,A,2.15,3.72,2.96,2.14,3.72,2.99,2.24,3.89,3.07,2.25,3.9,3.06,0.07149010400388808,2.24,2.25,3.89,3.9,3.07,3.06
2022-12-17,Tottenham,Arsenal,1,2,A,3.44,3.99,1.91,3.44,3.94,1.92,3.56,4.08,2.0,3.62,4.05,1.99,0.06537441086801082,3.56,3.62,4.08,4.05,2.0,1.99
2022-12-18,Brighton,Chelsea,1,2,A,3.0,3.6,2.15,3.0,3.76,2.1,3.12,4.0,2.18,3.14,3.94,2.18,0.07611162816207628,3.12,3.14,4.0,3.94,2.18,2.18
2022-12-19,West Ham,Arsenal,2,3,A,2.87,3.67,2.22,2.87,3.84,2.17,2.99,3.95,2.27,3.04,3.92,2.25,0.07017310408270036,2.99,3.04,3.95,3.92,2.27,2.25
2022-12-20,Newcastle,Arsenal,2,1,H,2.1,3.86,3.08,2.11,3.81,3.09,2.19,3.95,3.17,2.18,3.97,3.18,0.060879939735710514,2.19,2.18,3.95,3.97,3.17,3.18
2022-12-21,Man Utd,Chelsea,1,3,A,6.47,5.08,1.43,6.55,5.07,1.43,6.75,5.24,1.47,6.74,5.19,1.47,0.050590830607959034,6.75,6.74,5.24,5.19,1.47,1.47
2022-12-22,Man Utd,Man City,1,3,A,2.72,3.85,2.36,2.73,3.77,2.38,2.78,3.94,2.46,2.79,3.9,2.46,0.051774849394930406,2.78,2.79,3.94,3.9,2.46,2.46
2022-12-23,Man Utd,Tottenham,3,1,H,2.44,3.73,2.62,2.45,3.79,2.58,2.56,3.95,2.63,2.54,3.9,2.68,0.060553947849253595,2.56,2.54,3.95,3.9,2.63,2.68
2022-12-24,Aston Villa,Arsenal,0,4,A,2.24,3.69,2.88,2.2,3.79,2.9,2.28,3.95,2.99,2.28,3.91,3.02,0.06386315975596049,2.28,2.28,3.95,3.91,2.99,3.02
2022-12-25,Chelsea,Liverpool,2,1,H,1.94,3.8,3.6,1.92,3.95,3.56,1.99,4.05,3.66,1.97,4.08,3.71,0.055006133585252755,1.99,1.97,4.05,4.08,3.66,3.71
2022-12-26,Man City,Tottenham,1,0,H,1.87,4.08,3.64,1.86,4.05,3.7,1.94,4.09,3.81,1.93,4.12,3.81,0.05567984919267897,1.94,1.93,4.09,4.12,3.81,3.81
2022-12-27,Chelsea,West Ham,2,1,H,1.34,5.61,7.48,1.34,5.37,8.16,1.38,5.8,8.06,1.37,5.73,8.35,0.056906340763380095,1.38,1.37,5.8,5.73,8.06,8.35
2022-12-28,Arsenal,Newcastle,2,2,D,1.89,3.83,3.52,1.88,3.9,3.5,1.99,4.0,3.61,1.96,4.08,3.65,0.07341540018728818,1.99,1.96,4.0,4.08,3.61,3.65
2022-12-29,Man City,Aston Villa,0,3,A,2.79,3.68,2.26,2.74,3.74,2.27,2.86,3.94,2.35,2.86,3.91,2.36,0.07313863522855314,2.86,2.86,3.94,3.91,2.35,2.36
2022-12-30,Arsenal,Man Utd,6,0,H,1.22,6.43,11.25,1.23,6.41,10.94,1.27,6.73,11.22,1.27,6.78,10.88,0.06148816956241337,1.27,1.27,6.73,6.78,11.25,10.94
2022-12-31,Brighton,Man Utd,3,0,H,1.37,5.32,7.32,1.38,5.24,7.23,1.4,5.58,7.66,1.42,5.51,7.38,0.05517093144753188,1.4,1.42,5.58,5.51,7.66,7.38
2023-01-01,Brighton,Chelsea,1,2,A,3.07,3.78,2.16,3.09,3.87,2.12,3.13,4.03,2.2,3.17,3.96,2.2,0.05332725155190408,3.13,3.17,4.03,3.96,2.2,2.2
2023-01-02,Newcastle,Aston Villa,1,1,D,1.94,3.86,3.59,1.93,3.96,3.54,2.01,4.08,3.6,2.0,4.07,3.63,0.0526138793614152,2.01,2.0,4.08,4.07,3.6,3.63
2023-01-03,Man Utd,West Ham,0,2,A,2.84,3.78,2.25,2.86,3.79,2.23,2.98,3.91,2.31,2.96,3.93,2.31,0.061738377526981164,2.98,2.96,3.91,3.93,2.31,2.31
2023-01-04,Brighton,West Ham,2,3,A,1.74,4.27,4.12,1.75,4.19,4.16,1.8,4.26,4.32,1.8,4.27,4.32,0.05136627299963358,1.8,1.8,4.27,4.27,4.32,4.32
2023-01-05,Man City,Brighton,2,1,H,2.49,3.75,2.55,2.51,3.72,2.55,2.6,3.9,2.61,2.6,3.89,2.62,0.060009051113790055,2.6,2.6,3.9,3.89,2.61,2.62
2023-01-06,West Ham,Man Utd,1,1,D,1.46,4.7,5.5,1.51,4.43,5.23,1.58,4.59,5.55,1.57,4.71,5.49,0.07884599727623412,1.58,1.57,4.7,4.71,5.55,5.49
2023-01-07,Tottenham,Man Utd,2,1,H,1.66,4.13,4.54,1.67,4.2,4.36,1.73,4.39,4.55,1.74,4.34,4.53,0.06522513846830116,1.73,1.74,4.39,4.34,4.55,4.53
2023-01-08,West Ham,Aston Villa,0,1,A,2.58,3.77,2.37,2.59,3.69,2.39,2.68,3.96,2.48,2.68,3.9,2.5,0.07467933970505566,2.68,2.68,3.96,3.9,2.48,2.5
2023-01-09,Man City,Chelsea,2,5,A,4.15,4.09,1.76,4.12,4.15,1.75,4.3,4.23,1.81,4.23,4.28,1.81,0.05387797837686197,4.3,4.23,4.23,4.28,1.81,1.81
2023-01-10,Man Utd,Chelsea,0,3,A,6.52,4.97,1.42,6.44,5.0,1.42,6.56,5.17,1.48,6.71,5.16,1.47,0.05804236347229115,6.56,6.71,5.17,5.16,1.48,1.47
2023-01-11,Newcastle,West Ham,2,0,H,1.53,4.39,5.12,1.53,4.44,5.02,1.6,4.61,5.25,1.61,4.6,5.21,0.07839639333632026,1.6,1.61,4.61,4.6,5.25,5.21
2023-01-12,Man Utd,Chelsea,3,2,H,6.47,5.14,1.4,6.46,4.98,1.42,6.76,5.2,1.46,6.62,5.19,1.47,0.06150655690802071,6.76,6.62,5.2,5.19,1.46,1.47
2023-01-13,Man Utd,Liverpool,0,2,A,5.21,4.81,1.49,5.91,4.67,1.46,5.92,4.84,1.53,6.04,4.85,1.52,0.06945218385344967,5.92,6.04,4.84,4.85,1.53,1.52
2023-01-14,Man City,Newcastle,2,1,H,2.95,3.65,2.14,2.89,3.74,2.14,3.03,3.85,2.26,3.05,3.87,2.25,0.07928380337487768,3.03,3.05,3.85,3.87,2.26,2.25
2023-01-15,Chelsea,Liverpool,1,0,H,1.88,3.9,3.61,1.9,3.87,3.55,1.96,4.16,3.63,1.96,4.05,3.71,0.06652363268992206,1.96,1.96,4.16,4.05,3.63,3.71
2023-01-16,Liverpool,West Ham,7,1,H,1.38,5.19,7.07,1.38,5.19,7.02,1.43,5.32,7.46,1.42,5.36,7.4,0.05916037847686208,1.43,1.42,5.32,5.36,7.46,7.4
2023-01-17,Chelsea,West Ham,2,0,H,1.32,5.64,7.7,1.33,5.56,7.49,1.38,5.73,7.8,1.37,5.69,8.13,0.06595845367856187,1.38,1.37,5.73,5.69,7.8,8.13
2023-01-18,Newcastle,Liverpool,1,0,H,2.49,3.68,2.65,2.46,3.72,2.66,2.56,3.89,2.68,2.53,3.9,2.71,0.05163911597992578,2.56,2.53,3.89,3.9,2.68,2.71
2023-01-19,Newcastle,Man Utd,5,0,H,1.27,6.09,9.85,1.27,6.21,9.32,1.31,6.24,9.98,1.31,6.29,9.85,0.05337109622278074,1.31,1.31,6.24,6.29,9.98,9.85
2023-01-20,Newcastle,West Ham,3,0,H,1.57,4.67,5.08,1.58,4.42,5.23,1.63,4.65,5.21,1.62,4.65,5.29,0.0502151331515681,1.63,1.62,4.67,4.65,5.21,5.29
2023-01-21,Chelsea,Brighton,7,0,H,1.45,4.6,5.86,1.46,4.57,5.85,1.52,4.91,5.97,1.51,4.9,6.03,0.07652630124695013,1.52,1.51,4.91,4.9,5.97,6.03
2023-01-22,West Ham,Man City,1,2,A,1.89,3.94,3.47,1.88,3.94,3.53,1.96,4.05,3.68,1.96,4.07,3.68,0.07013841286698787,1.96,1.96,4.05,4.07,3.68,3.68
2023-01-23,Arsenal,Newcastle,2,1,H,1.91,3.86,3.63,1.9,3.99,3.56,1.99,4.11,3.61,1.98,4.06,3.66,0.058949892953982445,1.99,1.98,4.11,4.06,3.63,3.66
2023-01-24,Chelsea,Newcastle,4,1,H,1.61,4.42,4.74,1.63,4.34,4.74,1.7,4.43,4.83,1.68,4.51,4.84,0.05663484257621914,1.7,1.68,4.43,4.51,4.83,4.84
2023-01-25,Man City,Newcastle,2,1,H,2.86,3.82,2.18,2.93,3.74,2.17,3.05,3.88,2.26,3.04,3.93,2.25,0.07049229803473339,3.05,3.04,3.88,3.93,2.26,2.25
2023-01-26,Chelsea,Arsenal,2,3,A,1.64,4.23,4.32,1.68,4.08,4.24,1.75,4.26,4.44,1.74,4.32,4.43,0.07758596194355848,1.75,1.74,4.26,4.32,4.44,4.43
2023-01-27,West Ham,Liverpool,0,1,A,3.52,3.94,1.92,3.52,3.91,1.93,3.67,3.98,2.0,3.62,4.07,1.99,0.05897417273156332,3.67,3.62,3.98,4.07,2.0,1.99
2023-01-28,Chelsea,Aston Villa,3,0,H,1.58,4.42,4.97,1.57,4.49,5.01,1.62,4.57,5.3,1.63,4.6,5.21,0.059646773281603456,1.62,1.63,4.57,4.6,5.3,5.21
2023-01-29,West Ham,Liverpool,2,2,D,3.51,3.76,1.91,3.45,3.89,1.89,3.64,4.03,1.97,3.6,4.03,1.98,0.07562722175581318,3.64,3.6,4.03,4.03,1.97,1.98
2023-01-30,Man Utd,Liverpool,2,1,H,6.06,4.43,1.46,5.8,4.67,1.45,6.0,4.81,1.52,6.0,4.86,1.52,0.07680127447651257,6.06,6.0,4.81,4.86,1.52,1.52
2023-01-31,Newcastle,Liverpool,1,0,H,2.36,3.79,2.56,2.37,3.73,2.58,2.5,3.92,2.66,2.49,3.88,2.69,0.07742109700489336,2.5,2.49,3.92,3.88,2.66,2.69
2023-02-01,Man Utd,Man City,3,3,D,2.76,3.83,2.3,2.67,3.78,2.38,2.79,3.95,2.43,2.76,3.91,2.46,0.05879462624020085,2.79,2.76,3.95,3.91,2.43,2.46
2023-02-02,Liverpool,Man City,3,0,H,1.34,5.53,8.08,1.33,5.62,8.06,1.38,5.76,8.04,1.38,5.77,7.98,0.05360937702789047,1.38,1.38,5.76,5.77,8.08,8.06
2023-02-03,Brighton,Chelsea,0,0,D,3.01,3.92,2.1,3.02,3.87,2.11,3.12,3.99,2.2,3.15,3.95,2.2,0.06319992715995626,3.12,3.15,3.99,3.95,2.2,2.2
2023-02-04,West Ham,Brighton,4,1,H,2.41,3.69,2.69,2.35,3.75,2.73,2.48,3.85,2.78,2.44,3.9,2.79,0.05887294595423544,2.48,2.44,3.85,3.9,2.78,2.79
2023-02-05,Liverpool,Arsenal,2,1,H,1.75,4.0,3.94,1.75,4.04,3.9,1.83,4.21,4.07,1.83,4.2,4.09,0.07651600000435507,1.83,1.83,4.21,4.2,4.07,4.09
2023-02-06,Brighton,Liverpool,0,2,A,2.87,3.82,2.27,2.84,3.81,2.29,2.97,3.93,2.33,2.93,3.94,2.35,0.05109904825410635,2.97,2.93,3.93,3.94,2.33,2.35
2023-02-07,Liverpool,Arsenal,4,0,H,1.74,4.1,4.01,1.77,4.0,3.91,1.82,4.25,4.1,1.83,4.19,4.11,0.06901641408908818,1.82,1.83,4.25,4.19,4.1,4.11
2023-02-08,Brighton,Tottenham,4,1,H,1.53,4.44,5.1,1.54,4.39,4.99,1.61,4.61,5.22,1.6,4.59,5.26,0.07718544097244343,1.61,1.6,4.61,4.59,5.22,5.26
2023-02-09,Brighton,Liverpool,0,2,A,2.81,3.65,2.23,2.78,3.7,2.22,2.87,3.94,2.33,2.92,3.89,2.31,0.07930011100418198,2.87,2.92,3.94,3.89,2.33,2.31
2023-02-10,Man Utd,Aston Villa,0,1,A,3.91,4.17,1.74,4.07,4.06,1.73,4.12,4.24,1.82,4.14,4.28,1.81,0.0695039179789413,4.12,4.14,4.24,4.28,1.82,1.81
2023-02-11,Brighton,Tottenham,1,0,H,1.56,4.4,4.75,1.53,4.43,5.05,1.6,4.68,5.18,1.6,4.64,5.28,0.07849768871067139,1.6,1.6,4.68,4.64,5.18,5.28
2023-02-12,Liverpool,Aston Villa,1,1,D,1.64,4.37,4.67,1.65,4.28,4.73,1.7,4.48,4.78,1.7,4.48,4.75,0.05226978387875202,1.7,1.7,4.48,4.48,4.78,4.75
2023-02-13,Arsenal,Newcastle,0,1,A,1.92,3.97,3.48,1.91,3.87,3.58,2.0,4.03,3.63,1.97,4.09,3.67,0.06077835037988719,2.0,1.97,4.03,4.09,3.63,3.67
2023-02-14,Arsenal,Man Utd,7,1,H,1.24,6.4,11.07,1.23,6.58,11.31,1.28,6.63,11.03,1.28,6.75,11.02,0.05026144091980202,1.28,1.28,6.63,6.75,11.07,11.31
2023-02-15,Man Utd,Aston Villa,1,5,A,3.97,4.07,1.72,3.94,4.06,1.73,4.16,4.25,1.8,4.12,4.21,1.81,0.07943551316572456,4.16,4.12,4.25,4.21,1.8,1.81
2023-02-16,West Ham,Man Utd,1,1,D,1.5,4.61,5.12,1.49,4.46,5.45,1.56,4.74,5.53,1.57,4.7,5.57,0.07708179436300097,1.56,1.57,4.74,4.7,5.53,5.57
2023-02-17,Man City,West Ham,2,1,H,2.15,3.91,3.04,2.14,3.86,3.07,2.18,4.01,3.2,2.2,3.96,3.19,0.050841576687446044,2.18,2.2,4.01,3.96,3.2,3.19
2023-02-18,Man Utd,West Ham,1,0,H,2.91,3.71,2.29,2.91,3.78,2.26,2.94,4.01,2.32,2.98,3.96,2.32,0.05054397951379298,2.94,2.98,4.01,3.96,2.32,2.32
2023-02-19,Brighton,Tottenham,3,0,H,1.57,4.51,4.98,1.56,4.48,5.08,1.61,4.59,5.36,1.61,4.67,5.26,0.061009084823190986,1.61,1.61,4.59,4.67,5.36,5.26
2023-02-20,Liverpool,Brighton,2,1,H,1.54,4.64,5.22,1.53,4.58,5.33,1.58,4.77,5.55,1.59,4.71,5.52,0.05775613900372706,1.58,1.59,4.77,4.71,5.55,5.52
2023-02-21,Brighton,Liverpool,2,2,D,2.73,3.79,2.25,2.82,3.72,2.21,2.91,3.92,2.32,2.93,3.87,2.32,0.07540796831727506,2.91,2.93,3.92,3.87,2.32,2.32
2023-02-22,Chelsea,Aston Villa,2,1,H,1.58,4.51,4.97,1.58,4.45,5.03,1.64,4.57,5.19,1.63,4.66,5.16,0.05481453209815587,1.64,1.63,4.57,4.66,5.19,5.16
2023-02-23,Aston Villa,Newcastle,3,2,H,2.02,3.81,3.16,2.07,3.79,3.06,2.15,3.96,3.21,2.15,3.97,3.2,0.07371948388102573,2.15,2.15,3.96,3.97,3.21,3.2
2023-02-24,Tottenham,West Ham,3,0,H,2.29,3.67,2.79,2.27,3.8,2.75,2.38,3.86,2.88,2.37,3.92,2.86,0.0666337909997199,2.38,2.37,3.86,3.92,2.88,2.86
2023-02-25,Tottenham,Liverpool,1,1,D,4.29,4.14,1.7,4.23,4.18,1.71,4.36,4.28,1.78,4.39,4.31,1.77,0.06132175314214964,4.36,4.39,4.28,4.31,1.78,1.77
2023-02-26,Man City,Aston Villa,0,2,A,2.93,3.75,2.24,2.8,3.81,2.3,2.87,3.95,2.38,2.89,3.92,2.38,0.05437159285200137,2.93,2.89,3.95,3.92,2.38,2.38
2023-02-27,Man Utd,Tottenham,1,1,D,2.41,3.71,2.53,2.4,3.71,2.54,2.52,3.79,2.69,2.53,3.87,2.64,0.07993073917879014,2.52,2.53,3.79,3.87,2.69,2.64
2023-02-28,Aston Villa,Man City,3,1,H,1.55,4.4,5.14,1.54,4.5,5.12,1.59,4.7,5.37,1.6,4.63,5.37,0.0685395836276461,1.59,1.6,4.7,4.63,5.37,5.37
2023-03-01,Arsenal,Liverpool,2,1,H,2.24,3.84,2.81,2.27,3.82,2.76,2.36,3.93,2.89,2.37,3.91,2.88,0.06318146697703983,2.36,2.37,3.93,3.91,2.89,2.88
2023-03-02,Brighton,Tottenham,4,0,H,1.57,4.38,5.1,1.56,4.37,5.27,1.61,4.67,5.33,1.61,4.66,5.28,0.061133826696581954,1.61,1.61,4.67,4.66,5.33,5.28
2023-03-03,Man Utd,Liverpool,1,3,A,5.83,4.56,1.46,5.64,4.69,1.46,5.89,4.91,1.52,5.97,4.89,1.52,0.07717184691892566,5.89,5.97,4.91,4.89,1.52,1.52
2023-03-04,Brighton,Arsenal,3,1,H,2.39,3.73,2.58,2.39,3.75,2.56,2.51,3.83,2.7,2.5,3.86,2.7,0.07463575424572283,2.51,2.5,3.83,3.86,2.7,2.7
2023-03-05,Newcastle,Chelsea,2,0,H,2.54,3.63,2.47,2.59,3.72,2.38,2.65,3.8,2.57,2.66,3.9,2.52,0.07433557365104672,2.65,2.66,3.8,3.9,2.57,2.52
2023-03-06,Man Utd,Newcastle,0,1,A,4.15,4.25,1.69,4.23,4.22,1.68,4.51,4.27,1.75,4.4,4.37,1.75,0.0684859541888718,4.51,4.4,4.27,4.37,1.75,1.75
2023-03-07,Chelsea,Liverpool,1,0,H,1.87,3.9,3.5,1.85,3.91,3.55,1.93,4.15,3.68,1.96,4.06,3.66,0.07663869748087405,1.93,1.96,4.15,4.06,3.68,3.66
2023-03-08,Newcastle,West Ham,0,2,A,1.54,4.7,5.09,1.57,4.48,5.07,1.62,4.64,5.27,1.62,4.63,5.26,0.05897835116366212,1.62,1.62,4.7,4.63,5.27,5.26
2023-03-09,Man City,Aston Villa,3,1,H,2.77,3.59,2.32,2.76,3.77,2.26,2.87,3.89,2.37,2.89,3.9,2.35,0.07111118405489868,2.87,2.89,3.89,3.9,2.37,2.35
2023-03-10,Tottenham,Man Utd,1,1,D,1.7,4.04,4.44,1.68,4.19,4.36,1.74,4.39,4.47,1.75,4.36,4.48,0.06213343227175678,1.74,1.75,4.39,4.36,4.47,4.48
2023-03-11,Arsenal,West Ham,2,0,H,1.49,4.61,5.5,1.49,4.64,5.54,1.56,4.87,5.58,1.55,4.79,5.77,0.06799996425679077,1.56,1.55,4.87,4.79,5.58,5.77
2023-03-12,Newcastle,Chelsea,1,3,A,2.58,3.58,2.42,2.55,3.68,2.4,2.67,3.89,2.49,2.66,3.86,2.52,0.07994459001838078,2.67,2.66,3.89,3.86,2.49,2.52
2023-03-13,Newcastle,Man City,2,1,H,1.48,4.55,5.36,1.47,4.51,5.57,1.55,4.76,5.69,1.54,4.77,5.82,0.07953574342025956,1.55,1.54,4.76,4.77,5.69,5.82
2023-03-14,Arsenal,Man City,5,0,H,1.45,4.68,6.17,1.45,4.85,5.99,1.49,4.93,6.63,1.5,5.04,6.28,0.06537857049402344,1.49,1.5,4.93,5.04,6.63,6.28
2023-03-15,Brighton,West Ham,1,1,D,1.75,3.87,4.21,1.72,4.15,4.1,1.79,4.27,4.27,1.79,4.27,4.26,0.06721590356494474,1.79,1.79,4.27,4.27,4.27,4.26
2023-03-16,Man Utd,West Ham,1,2,A,2.85,3.9,2.13,2.83,3.75,2.19,2.97,3.87,2.3,2.97,3.88,2.29,0.07691965307411903,2.97,2.97,3.9,3.88,2.3,2.29
2023-03-17,Brighton,Newcastle,6,3,H,2.22,3.65,2.82,2.24,3.77,2.71,2.38,3.85,2.85,2.35,3.9,2.86,0.07956907137541565,2.38,2.35,3.85,3.9,2.85,2.86
2023-03-18,Arsenal,Man City,3,1,H,1.43,4.86,5.98,1.43,4.84,5.95,1.49,4.98,6.29,1.49,4.98,6.29,0.07335823407878239,1.49,1.49,4.98,4.98,6.29,6.29
2023-03-19,Man City,Chelsea,4,2,H,4.07,4.09,1.78,4.09,4.22,1.75,4.21,4.33,1.81,4.24,4.32,1.81,0.05195553373875893,4.21,4.24,4.33,4.32,1.81,1.81
2023-03-20,Man Utd,Arsenal,0,4,A,4.49,4.35,1.65,4.82,4.31,1.61,4.77,4.47,1.69,4.8,4.49,1.69,0.05967919203031592,4.77,4.82,4.47,4.49,1.69,1.69
2023-03-21,Man City,Arsenal,2,3,A,3.03,3.89,2.04,3.13,3.73,2.04,3.25,3.9,2.14,3.24,3.97,2.13,0.07689687019760924,3.25,3.24,3.9,3.97,2.14,2.13
2023-03-22,Chelsea,Liverpool,3,0,H,1.87,3.83,3.59,1.88,3.92,3.51,1.94,4.2,3.62,1.96,4.09,3.66,0.07305057517551442,1.94,1.96,4.2,4.09,3.62,3.66
2023-03-23,Newcastle,Tottenham,1,2,A,1.4,4.76,6.73,1.41,4.9,6.35,1.46,5.23,6.46,1.46,5.14,6.59,0.07226699213073282,1.46,1.46,5.23,5.14,6.73,6.59
2023-03-24,Man City,Arsenal,0,0,D,3.13,3.91,2.02,3.12,3.81,2.05,3.23,3.96,2.14,3.22,3.99,2.14,0.07003769691404424,3.23,3.22,3.96,3.99,2.14,2.14
2023-03-25,Newcastle,West Ham,2,0,H,1.56,4.45,5.07,1.54,4.53,5.17,1.62,4.65,5.23,1.61,4.62,5.3,0.062457915488971505,1.62,1.61,4.65,4.62,5.23,5.3
2023-03-26,Man City,Tottenham,2,2,D,1.86,4.01,3.62,1.86,3.95,3.7,1.92,4.16,3.81,1.93,4.12,3.8,0.062097239610341054,1.92,1.93,4.16,4.12,3.81,3.8
2023-03-27,Man City,Chelsea,1,3,A,4.03,4.19,1.7,4.1,4.03,1.72,4.2,4.2,1.81,4.22,4.22,1.8,0.07426797462772403,4.2,4.22,4.2,4.22,1.81,1.8
2023-03-28,Tottenham,Man Utd,2,3,A,1.7,4.13,4.35,1.69,4.2,4.39,1.75,4.34,4.48,1.75,4.36,4.5,0.05881340875295213,1.75,1.75,4.34,4.36,4.48,4.5
2023-03-29,Brighton,Aston Villa,0,2,A,2.21,3.73,2.86,2.17,3.75,2.91,2.26,3.91,3.03,2.26,3.88,3.04,0.07054495618102921,2.26,2.26,3.91,3.88,3.03,3.04
2023-03-30,Man City,Chelsea,1,2,A,4.05,4.15,1.71,4.1,4.1,1.71,4.18,4.19,1.82,4.22,4.26,1.8,0.0717862557027187,4.18,4.22,4.19,4.26,1.82,1.8
2023-03-31,Liverpool,Arsenal,1,0,H,1.77,3.76,4.09,1.74,4.06,3.91,1.82,4.23,4.1,1.82,4.2,4.13,0.07533667968084587,1.82,1.82,4.23,4.2,4.1,4.13
2023-04-01,West Ham,Arsenal,2,1,H,2.95,3.73,2.21,2.92,3.8,2.2,3.05,3.91,2.27,3.05,3.94,2.26,0.059596567721210476,3.05,3.05,3.91,3.94,2.27,2.26
2023-04-02,West Ham,Brighton,0,3,A,2.34,3.74,2.64,2.33,3.74,2.67,2.44,3.84,2.79,2.45,3.87,2.76,0.07225667800514607,2.44,2.45,3.84,3.87,2.79,2.76
2023-04-03,Tottenham,Man City,2,0,H,2.21,3.74,3.0,2.18,3.8,3.01,2.22,4.03,3.1,2.25,3.97,3.08,0.05319469692736061,2.22,2.25,4.03,3.97,3.1,3.08
2023-04-04,Man Utd,Newcastle,0,3,A,4.42,4.2,1.7,4.33,4.23,1.7,4.49,4.31,1.76,4.48,4.35,1.76,0.05414185186855715,4.49,4.48,4.31,4.35,1.76,1.76
2023-04-05,Chelsea,Man Utd,3,0,H,1.12,8.69,19.52,1.13,8.75,16.16,1.18,8.97,15.76,1.17,9.05,16.95,0.06252008120520205,1.18,1.17,8.97,9.05,19.52,16.95
2023-04-06,Newcastle,Brighton,4,0,H,1.77,4.28,3.95,1.79,4.1,4.01,1.83,4.26,4.15,1.85,4.21,4.12,0.05165677329065742,1.83,1.85,4.28,4.21,4.15,4.12
2023-04-07,Tottenham,Arsenal,1,3,A,3.59,3.74,1.88,3.46,3.88,1.88,3.6,4.01,1.98,3.61,4.07,1.97,0.07843094964396015,3.6,3.61,4.01,4.07,1.98,1.97
2023-04-08,Liverpool,West Ham,2,1,H,1.35,5.26,6.76,1.35,5.15,7.15,1.41,5.3,7.5,1.41,5.34,7.31,0.07705687431528081,1.41,1.41,5.3,5.34,7.5,7.31
2023-04-09,Arsenal,Brighton,2,4,A,1.76,4.13,4.17,1.71,4.25,4.33,1.77,4.36,4.43,1.76,4.37,4.47,0.0514680108657753,1.77,1.76,4.36,4.37,4.43,4.47
2023-04-10,Man City,Tottenham,3,1,H,1.81,4.05,3.63,1.82,3.97,3.64,1.92,4.17,3.73,1.91,4.09,3.8,0.07514935165676837,1.92,1.91,4.17,4.09,3.73,3.8
2023-04-11,West Ham,Man City,2,1,H,1.89,3.9,3.58,1.9,3.93,3.5,1.97,4.07,3.65,1.97,4.08,3.66,0.06526622522270076,1.97,1.97,4.07,4.08,3.65,3.66
2023-04-12,Man Utd,West Ham,2,0,H,2.87,3.79,2.18,2.84,3.79,2.2,2.99,3.87,2.3,2.96,3.89,2.3,0.0710588866512065,2.99,2.96,3.87,3.89,2.3,2.3
2023-04-13,Man Utd,Liverpool,0,0,D,5.55,4.66,1.47,5.85,4.67,1.45,6.02,4.8,1.52,6.05,4.9,1.51,0.07660793507894562,6.02,6.05,4.8,4.9,1.52,1.51
2023-04-14,Man Utd,Tottenham,1,1,D,2.45,3.72,2.56,2.44,3.73,2.56,2.53,3.8,2.71,2.53,3.9,2.66,0.06730923461233096,2.53,2.53,3.8,3.9,2.71,2.66
2023-04-15,Brighton,Chelsea,1,1,D,3.0,3.89,2.16,3.07,3.88,2.13,3.17,4.0,2.19,3.16,3.95,2.21,0.05348981300853889,3.17,3.16,4.0,3.95,2.19,2.21
2023-04-16,Arsenal,Chelsea,2,2,D,2.44,3.69,2.71,2.47,3.79,2.63,2.51,3.87,2.75,2.55,3.92,2.69,0.05007735831459759,2.51,2.55,3.87,3.92,2.75,2.69
2023-04-17,Arsenal,Man Utd,1,0,H,1.24,6.2,10.51,1.22,6.65,10.26,1.26,6.95,11.09,1.27,6.74,10.87,0.06490764596754339,1.26,1.27,6.95,6.74,11.09,10.87
2023-04-18,Liverpool,Man City,2,2,D,1.31,5.36,7.68,1.31,5.45,7.64,1.37,5.69,7.8,1.37,5.64,8.16,0.0784769639637308,1.37,1.37,5.69,5.64,7.8,8.16
2023-04-19,Man Utd,Arsenal,5,1,H,4.63,4.44,1.6,4.64,4.32,1.61,4.75,4.49,1.68,4.8,4.45,1.68,0.06717865614839588,4.75,4.8,4.49,4.45,1.68,1.68
2023-04-20,Newcastle,Liverpool,3,2,H,2.39,3.73,2.67,2.43,3.72,2.62,2.49,3.96,2.7,2.52,3.87,2.7,0.06118817414264688,2.49,2.52,3.96,3.87,2.7,2.7
2023-04-21,Man Utd,Man City,1,1,D,2.74,3.75,2.39,2.69,3.91,2.37,2.77,3.96,2.46,2.78,3.93,2.46,0.050927660512427406,2.77,2.78,3.96,3.93,2.46,2.46
2023-04-22,Man Utd,Chelsea,1,1,D,6.26,4.61,1.43,6.49,4.88,1.39,6.77,5.08,1.46,6.73,5.11,1.46,0.07744938251834602,6.77,6.73,5.08,5.11,1.46,1.46
2023-04-23,West Ham,Brighton,3,0,H,2.36,3.71,2.72,2.37,3.75,2.7,2.44,3.9,2.79,2.45,3.87,2.79,0.059814699825741266,2.44,2.45,3.9,3.87,2.79,2.79
2023-04-24,Man City,Liverpool,2,0,H,3.82,3.92,1.81,3.69,3.97,1.82,3.92,4.12,1.88,3.89,4.14,1.89,0.0711433220394529,3.92,3.89,4.12,4.14,1.88,1.89
2023-04-25,Tottenham,Arsenal,1,3,A,3.45,3.95,1.89,3.47,3.88,1.9,3.58,4.07,1.99,3.62,4.04,1.98,0.07082711606334395,3.58,3.62,4.07,4.04,1.99,1.98
2023-04-26,Tottenham,Arsenal,0,0,D,3.59,3.8,1.94,3.52,3.92,1.93,3.61,4.03,2.01,3.62,4.09,1.99,0.05761649484106244,3.61,3.62,4.03,4.09,2.01,1.99
2023-04-27,Man Utd,Tottenham,3,1,H,2.47,3.81,2.61,2.45,3.78,2.64,2.57,3.85,2.69,2.55,3.92,2.68,0.05191332519382176,2.57,2.55,3.85,3.92,2.69,2.68
2023-04-28,Aston Villa,Liverpool,3,1,H,2.56,3.69,2.5,2.53,3.77,2.49,2.62,3.91,2.58,2.65,3.87,2.57,0.06155001136015531,2.62,2.65,3.91,3.87,2.58,2.57
2023-04-29,Liverpool,Tottenham,5,2,H,1.27,6.13,9.2,1.27,6.17,9.28,1.32,6.3,9.16,1.32,6.22,9.71,0.059513930415116,1.32,1.32,6.3,6.22,9.2,9.71
2023-04-30,West Ham,Arsenal,0,2,A,2.9,3.81,2.16,2.92,3.8,2.15,3.02,3.96,2.25,3.0,3.94,2.27,0.07100769196616978,3.02,3.0,3.96,3.94,2.25,2.27
2023-05-01,Chelsea,Liverpool,2,3,A,1.87,3.94,3.5,1.86,3.92,3.53,1.97,4.07,3.63,1.96,4.07,3.66,0.07459347486979517,1.97,1.96,4.07,4.07,3.63,3.66
2023-05-02,Tottenham,Chelsea,2,3,A,4.62,4.22,1.66,4.66,4.33,1.64,4.81,4.46,1.69,4.8,4.47,1.69,0.056673362521750245,4.81,4.8,4.46,4.47,1.69,1.69
2023-05-03,Tottenham,Chelsea,1,1,D,4.63,4.37,1.61,4.61,4.27,1.63,4.78,4.47,1.69,4.77,4.44,1.69,0.06584693209329327,4.78,4.77,4.47,4.44,1.69,1.69
2023-05-04,Aston Villa,Man Utd,5,1,H,1.32,5.74,8.52,1.32,5.85,8.35,1.35,6.16,8.47,1.35,6.03,8.82,0.05121825042164485,1.35,1.35,6.16,6.03,8.52,8.82
2023-05-05,Man Utd,Aston Villa,2,0,H,4.03,4.2,1.75,4.05,4.14,1.76,4.26,4.21,1.82,4.17,4.27,1.82,0.05642767468800386,4.26,4.17,4.21,4.27,1.82,1.82
2023-05-06,Liverpool,Tottenham,2,0,H,1.27,5.75,9.04,1.25,6.01,9.49,1.32,6.24,8.93,1.31,6.25,9.41,0.07285284815966249,1.32,1.31,6.24,6.25,9.04,9.49
2023-05-07,Arsenal,Aston Villa,1,1,D,1.77,4.12,3.75,1.81,3.97,3.72,1.88,4.17,3.87,1.88,4.14,3.89,0.07380194961467218,1.88,1.88,4.17,4.14,3.87,3.89
2023-05-08,Chelsea,Tottenham,3,0,H,1.23,6.4,9.64,1.21,6.46,10.59,1.27,6.72,10.98,1.27,6.7,10.7,0.0732921339035541,1.27,1.27,6.72,6.7,10.98,10.7
2023-05-09,Aston Villa,Liverpool,0,1,A,2.6,3.75,2.49,2.56,3.84,2.48,2.67,3.9,2.56,2.65,3.91,2.57,0.054271637749648105,2.67,2.65,3.9,3.91,2.56,2.57
2023-05-10,Arsenal,Chelsea,2,3,A,2.45,3.66,2.6,2.45,3.75,2.55,2.53,3.85,2.69,2.51,3.9,2.69,0.06653104182405252,2.53,2.51,3.85,3.9,2.69,2.69
2023-05-11,Aston Villa,Liverpool,0,1,A,2.53,3.77,2.48,2.54,3.74,2.49,2.65,3.88,2.56,2.62,3.89,2.59,0.06268125243330148,2.65,2.62,3.88,3.89,2.56,2.59
2023-05-12,Tottenham,Newcastle,0,1,A,3.15,3.74,2.02,3.18,3.84,1.98,3.31,4.04,2.08,3.33,3.98,2.08,0.07974458890385272,3.31,3.33,4.04,3.98,2.08,2.08
2023-05-13,Man City,Chelsea,0,0,D,3.92,4.11,1.75,4.14,4.03,1.72,4.19,4.29,1.8,4.22,4.24,1.8,0.06962209607175009,4.19,4.22,4.29,4.24,1.8,1.8
2023-05-14,Chelsea,West Ham,3,1,H,1.29,5.49,8.1,1.31,5.42,7.84,1.36,5.82,8.11,1.36,5.74,8.15,0.07805606274187188,1.36,1.36,5.82,5.74,8.11,8.15
2023-05-15,Tottenham,Man Utd,2,0,H,1.7,4.27,4.3,1.71,4.12,4.42,1.75,4.4,4.51,1.75,4.37,4.49,0.05436050915025313,1.75,1.75,4.4,4.37,4.51,4.49
2023-05-16,Chelsea,Aston Villa,2,1,H,1.56,4.51,4.99,1.56,4.39,5.11,1.61,4.7,5.18,1.63,4.59,5.17,0.06352619819300688,1.61,1.63,4.7,4.59,5.18,5.17
2023-05-17,Man City,Brighton,0,0,D,2.45,3.8,2.48,2.48,3.65,2.52,2.58,3.91,2.59,2.59,3.87,2.6,0.07314822800317605,2.58,2.59,3.91,3.87,2.59,2.6
2023-05-18,Newcastle,Chelsea,2,0,H,2.57,3.79,2.45,2.6,3.73,2.45,2.7,3.94,2.5,2.68,3.91,2.53,0.06103573184091208,2.7,2.68,3.94,3.91,2.5,2.53
2023-05-19,Newcastle,Liverpool,2,0,H,2.35,3.73,2.66,2.41,3.76,2.57,2.52,3.84,2.7,2.5,3.89,2.7,0.0689752548846094,2.52,2.5,3.84,3.89,2.7,2.7
2023-05-20,Man City,Brighton,4,1,H,2.51,3.78,2.48,2.51,3.73,2.51,2.58,3.89,2.62,2.61,3.83,2.62,0.06535106517120982,2.58,2.61,3.89,3.83,2.62,2.62
2023-05-21,Liverpool,Chelsea,2,2,D,2.08,3.79,2.98,2.08,3.8,2.97,2.18,3.94,3.14,2.18,3.93,3.14,0.07975788227653977,2.18,2.18,3.94,3.93,3.14,3.14
2023-05-22,Liverpool,Chelsea,2,2,D,2.15,3.83,3.05,2.14,3.83,3.07,2.2,4.02,3.15,2.21,3.95,3.16,0.05521617620196475,2.2,2.21,4.02,3.95,3.15,3.16
2023-05-23,Newcastle,West Ham,3,0,H,1.53,4.45,4.99,1.55,4.43,4.87,1.6,4.64,5.24,1.61,4.58,5.26,0.07806046085990384,1.6,1.61,4.64,4.58,5.24,5.26
2023-05-24,Brighton,Man Utd,2,1,H,1.36,5.18,7.43,1.37,5.24,7.13,1.42,5.35,7.35,1.41,5.44,7.56,0.062047128614098904,1.42,1.41,5.35,5.44,7.43,7.56
2023-05-25,Brighton,Arsenal,0,0,D,2.45,3.72,2.59,2.42,3.76,2.6,2.54,3.85,2.69,2.51,3.91,2.7,0.06403978899131883,2.54,2.51,3.85,3.91,2.69,2.7
2023-05-26,West Ham,Man Utd,3,0,H,1.51,4.62,5.33,1.52,4.5,5.42,1.56,4.79,5.66,1.57,4.78,5.52,0.06585805651069937,1.56,1.57,4.79,4.78,5.66,5.52
2023-05-27,Brighton,Man Utd,4,0,H,1.37,5.3,7.18,1.37,5.28,7.22,1.42,5.45,7.43,1.41,5.44,7.61,0.0579609964830074,1.42,1.41,5.45,5.44,7.43,7.61
2023-05-28,Chelsea,Aston Villa,3,0,H,1.55,4.47,4.78,1.55,4.36,4.95,1.61,4.61,5.13,1.61,4.55,5.22,0.0789097232783238,1.61,1.61,4.61,4.55,5.13,5.22
2023-05-29,Man City,Brighton,2,2,D,2.43,3.8,2.48,2.48,3.68,2.48,2.56,3.93,2.6,2.59,3.86,2.59,0.07734461615704369,2.56,2.59,3.93,3.86,2.6,2.59
2023-05-30,Newcastle,Man City,2,0,H,1.48,4.63,5.31,1.47,4.57,5.48,1.53,4.8,5.82,1.54,4.83,5.69,0.07918715300634088,1.53,1.54,4.8,4.83,5.82,5.69
2023-05-31,West Ham,Man City,0,0,D,1.9,3.67,3.56,1.86,3.91,3.48,1.96,3.96,3.7,1.96,4.06,3.65,0.0799075871662857,1.96,1.96,3.96,4.06,3.7,3.65
2023-06-01,West Ham,Tottenham,1,2,A,1.74,4.11,3.95,1.76,4.08,3.89,1.84,4.14,4.13,1.83,4.24,4.07,0.07009400285542916,1.84,1.83,4.14,4.24,4.13,4.07
2023-06-02,Liverpool,Arsenal,1,0,H,1.77,4.31,3.76,1.78,4.08,3.9,1.83,4.22,4.13,1.83,4.21,4.11,0.06355056487417235,1.83,1.83,4.31,4.21,4.13,4.11
2023-06-03,Liverpool,Chelsea,1,4,A,2.07,3.75,3.06,2.1,3.76,3.0,2.18,3.95,3.14,2.18,3.94,3.16,0.07552201704488914,2.18,2.18,3.95,3.94,3.14,3.16
2023-06-04,Arsenal,Liverpool,1,1,D,2.3,3.85,2.8,2.33,3.79,2.79,2.39,4.0,2.85,2.38,3.95,2.88,0.05071414633509016,2.39,2.38,4.0,3.95,2.85,2.88
2023-06-05,Man City,Arsenal,2,2,D,3.01,3.82,2.08,3.11,3.81,2.04,3.22,3.93,2.15,3.22,3.95,2.14,0.0750321213414051,3.22,3.22,3.93,3.95,2.15,2.14
2023-06-06,Tottenham,West Ham,2,2,D,2.25,3.81,2.8,2.29,3.73,2.78,2.39,3.89,2.85,2.38,3.91,2.86,0.0649185807263302,2.39,2.38,3.89,3.91,2.85,2.86
2023-06-07,Tottenham,Arsenal,2,3,A,3.45,3.85,1.92,3.5,3.9,1.9,3.56,4.03,2.0,3.6,4.07,1.98,0.07019660081250254,3.56,3.6,4.03,4.07,2.0,1.98
2023-06-08,Chelsea,Arsenal,1,4,A,1.69,4.13,4.4,1.69,4.2,4.32,1.75,4.37,4.49,1.75,4.36,4.46,0.06122138184027523,1.75,1.75,4.37,4.36,4.49,4.46
2023-06-09,Chelsea,West Ham,2,2,D,1.31,5.99,7.82,1.32,5.63,7.77,1.37,5.8,8.38,1.38,5.72,8.15,0.06105869461600448,1.37,1.38,5.99,5.72,8.38,8.15
2023-06-10,Aston Villa,Man City,6,0,H,1.58,4.62,4.97,1.56,4.55,5.25,1.6,4.75,5.43,1.61,4.67,5.44,0.05095151458432663,1.6,1.61,4.75,4.67,5.43,5.44
2023-06-11,Man Utd,Aston Villa,0,4,A,4.09,3.95,1.77,4.03,4.13,1.75,4.25,4.11,1.83,4.17,4.22,1.82,0.0627136829128704,4.25,4.17,4.11,4.22,1.83,1.82
2023-06-12,Aston Villa,Arsenal,2,0,H,2.19,3.9,2.86,2.21,3.78,2.9,2.27,3.95,3.02,2.28,3.92,3.02,0.0622506258625799,2.27,2.28,3.95,3.92,3.02,3.02
2023-06-13,West Ham,Man City,1,0,H,1.92,3.89,3.6,1.91,3.99,3.53,1.96,4.1,3.71,1.97,4.11,3.68,0.05674373305604214,1.96,1.97,4.1,4.11,3.71,3.68
2023-06-14,Chelsea,Arsenal,2,2,D,1.73,4.13,4.2,1.69,4.32,4.26,1.75,4.33,4.56,1.75,4.38,4.46,0.057419698206193026,1.75,1.75,4.33,4.38,4.56,4.46
2023-06-15,Liverpool,Brighton,1,1,D,1.51,4.59,5.33,1.53,4.47,5.28,1.58,4.68,5.56,1.58,4.71,5.5,0.06752418741327536,1.58,1.58,4.68,4.71,5.56,5.5
2023-06-16,West Ham,Tottenham,1,2,A,1.77,4.07,4.05,1.78,4.07,3.96,1.83,4.2,4.16,1.84,4.22,4.13,0.05953314327618509,1.83,1.84,4.2,4.22,4.16,4.13
2023-06-17,Newcastle,Man Utd,1,3,A,1.25,6.11,9.21,1.24,6.04,9.49,1.3,6.19,9.97,1.3,6.31,9.62,0.07490755727051869,1.3,1.3,6.19,6.31,9.97,9.62
2023-06-18,Liverpool,Chelsea,1,1,D,2.15,3.86,3.03,2.11,3.9,3.09,2.19,4.0,3.18,2.2,3.98,3.17,0.053341553205711996,2.19,2.2,4.0,3.98,3.18,3.17
2023-06-19,Newcastle,Arsenal,1,2,A,2.11,3.73,3.08,2.09,3.84,3.03,2.19,3.9,3.18,2.17,3.96,3.18,0.06732934839725131,2.19,2.17,3.9,3.96,3.18,3.18
2023-06-20,Tottenham,Newcastle,0,1,A,3.26,3.93,2.02,3.24,3.92,2.04,3.39,4.02,2.09,3.39,4.02,2.09,0.05480134181417307,3.39,3.39,4.02,4.02,2.09,2.09
2023-06-21,West Ham,Liverpool,0,3,A,3.42,3.95,1.92,3.46,3.91,1.92,3.62,4.1,1.98,3.59,4.08,1.99,0.06584721880761976,3.62,3.59,4.1,4.08,1.98,1.99
2023-06-22,Liverpool,Newcastle,4,0,H,1.7,4.11,4.23,1.7,4.11,4.29,1.76,4.31,4.44,1.75,4.34,4.43,0.06657637660850957,1.76,1.75,4.31,4.34,4.44,4.43
2023-06-23,West Ham,Newcastle,1,1,D,2.76,3.76,2.27,2.72,3.76,2.29,2.84,3.93,2.38,2.85,3.87,2.39,0.06926893059577188,2.84,2.85,3.93,3.87,2.38,2.39
2023-06-24,West Ham,Brighton,4,1,H,2.33,3.79,2.7,2.34,3.75,2.7,2.45,3.88,2.79,2.44,3.89,2.78,0.06282274841818682,2.45,2.44,3.88,3.89,2.79,2.78
2023-06-25,Man City,Tottenham,4,1,H,1.86,4.06,3.56,1.86,3.95,3.66,1.91,4.2,3.78,1.92,4.14,3.8,0.06528424055387763,1.91,1.92,4.2,4.14,3.78,3.8
2023-06-26,Man City,Arsenal,2,0,H,3.23,3.92,2.04,3.14,3.87,2.09,3.25,4.01,2.15,3.28,3.97,2.15,0.0554285784824388,3.25,3.28,4.01,3.97,2.15,2.15
2023-06-27,Tottenham,Liverpool,1,2,A,4.36,4.14,1.69,4.21,4.23,1.69,4.38,4.32,1.77,4.4,4.3,1.77,0.06389046049208989,4.38,4.4,4.32,4.3,1.77,1.77
2023-06-28,Arsenal,Aston Villa,4,0,H,1.82,3.87,3.96,1.83,4.03,3.74,1.89,4.2,3.91,1.9,4.13,3.89,0.06119091167282872,1.89,1.9,4.2,4.13,3.96,3.89
2023-06-29,Liverpool,Tottenham,2,2,D,1.28,5.64,9.15,1.26,5.86,9.18,1.32,6.15,9.28,1.31,6.26,9.42,0.06998393313963229,1.32,1.31,6.15,6.26,9.28,9.42
2023-06-30,Man Utd,Newcastle,1,1,D,4.19,4.22,1.7,4.33,4.1,1.7,4.41,4.31,1.77,4.43,4.35,1.76,0.06304465170489458,4.41,4.43,4.31,4.35,1.77,1.76
2023-07-01,West Ham,Man Utd,3,2,H,1.5,4.67,5.18,1.5,4.58,5.33,1.56,4.82,5.5,1.57,4.72,5.55,0.07338024952940661,1.56,1.57,4.82,4.72,5.5,5.55
2023-07-02,West Ham,Man City,2,1,H,1.89,3.84,3.66,1.89,3.99,3.53,1.98,4.05,3.66,1.97,4.07,3.67,0.06277976295721077,1.98,1.97,4.05,4.07,3.66,3.67
2023-07-03,Man City,West Ham,2,1,H,2.14,3.81,3.05,2.12,3.81,3.09,2.2,3.93,3.19,2.19,3.97,3.18,0.05707313518921876,2.2,2.19,3.93,3.97,3.19,3.18
2023-07-04,Aston Villa,Newcastle,1,0,H,2.09,3.9,3.1,2.1,3.85,3.11,2.17,4.02,3.18,2.18,3.96,3.22,0.05821066156875754,2.17,2.18,4.02,3.96,3.18,3.22
2023-07-05,Arsenal,West Ham,2,0,H,1.51,4.76,5.57,1.52,4.69,5.62,1.55,4.9,5.77,1.55,4.88,5.83,0.0513585567527491,1.55,1.55,4.9,4.88,5.77,5.83
2023-07-06,Brighton,Aston Villa,3,4,A,2.17,3.82,2.91,2.17,3.8,2.91,2.25,3.92,3.06,2.26,3.9,3.04,0.0661975643180273,2.25,2.26,3.92,3.9,3.06,3.04
2023-07-07,Aston Villa,Liverpool,2,1,H,2.51,3.65,2.48,2.52,3.74,2.44,2.64,3.84,2.56,2.63,3.85,2.56,0.07492642651700965,2.64,2.63,3.84,3.85,2.56,2.56
2023-07-08,Aston Villa,Liverpool,1,2,A,2.62,3.56,2.43,2.53,3.75,2.44,2.66,3.84,2.54,2.63,3.89,2.55,0.0730733512045271,2.66,2.63,3.84,3.89,2.54,2.55
2023-07-09,Liverpool,Chelsea,2,0,H,2.11,3.84,3.04,2.12,3.81,3.04,2.21,4.01,3.1,2.19,3.95,3.16,0.06313368399015415,2.21,2.19,4.01,3.95,3.1,3.16
2023-07-10,Aston Villa,West Ham,1,3,A,1.62,4.42,4.68,1.61,4.42,4.77,1.68,4.47,4.9,1.67,4.48,4.96,0.05588361065433537,1.68,1.67,4.47,4.48,4.9,4.96
2023-07-11,Man City,Newcastle,2,6,A,2.9,3.75,2.15,2.92,3.74,2.14,2.98,3.92,2.27,3.04,3.9,2.25,0.07590453329892358,2.98,3.04,3.92,3.9,2.27,2.25
2023-07-12,Tottenham,Man Utd,2,1,H,1.69,4.29,4.38,1.69,4.25,4.42,1.75,4.41,4.5,1.75,4.42,4.47,0.05170343102135205,1.75,1.75,4.41,4.42,4.5,4.47
2023-07-13,Man Utd,West Ham,1,2,A,2.85,3.74,2.25,2.88,3.77,2.23,2.98,3.94,2.3,2.96,3.92,2.32,0.06197668175607482,2.98,2.96,3.94,3.92,2.3,2.32
2023-07-14,Chelsea,Newcastle,1,0,H,1.6,4.33,4.51,1.61,4.25,4.58,1.68,4.39,4.82,1.67,4.45,4.84,0.07569845427151853,1.68,1.67,4.39,4.45,4.82,4.84
2023-07-15,Arsenal,West Ham,3,3,D,1.5,4.74,5.39,1.51,4.54,5.58,1.55,4.94,5.66,1.55,4.83,5.77,0.0617953006221259,1.55,1.55,4.94,4.83,5.66,5.77
2023-07-16,Brighton,West Ham,3,2,H,1.74,4.15,4.19,1.75,4.15,4.14,1.8,4.36,4.23,1.79,4.33,4.29,0.0535362641227088,1.8,1.79,4.36,4.33,4.23,4.29
2023-07-17,Chelsea,Arsenal,0,0,D,1.69,4.2,4.42,1.7,4.27,4.26,1.75,4.43,4.43,1.75,4.36,4.49,0.057978485010373886,1.75,1.75,4.43,4.36,4.43,4.49
2023-07-18,Newcastle,Chelsea,3,1,H,2.61,3.67,2.43,2.56,3.73,2.44,2.66,3.95,2.51,2.68,3.86,2.53,0.06800088325228845,2.66,2.68,3.95,3.86,2.51,2.53
2023-07-19,Man Utd,Brighton,1,3,A,3.66,3.82,1.93,3.54,3.93,1.93,3.67,4.08,1.98,3.69,4.09,1.98,0.05456107723083713,3.67,3.69,4.08,4.09,1.98,1.98
2023-07-20,Chelsea,Aston Villa,1,1,D,1.54,4.39,5.16,1.56,4.38,5.02,1.63,4.58,5.07,1.62,4.59,5.24,0.06964805980527067,1.63,1.62,4.58,4.59,5.16,5.24
2023-07-21,Aston Villa,Man City,2,1,H,1.56,4.57,4.9,1.55,4.46,5.19,1.6,4.73,5.32,1.6,4.7,5.34,0.06314485793597738,1.6,1.6,4.73,4.7,5.32,5.34
2023-07-22,Arsenal,Chelsea,1,2,A,2.46,3.78,2.57,2.44,3.78,2.59,2.52,3.88,2.71,2.53,3.92,2.68,0.06003168502461566,2.52,2.53,3.88,3.92,2.71,2.68
2023-07-23,Brighton,Man Utd,2,0,H,1.37,5.19,7.48,1.37,5.25,7.34,1.42,5.43,7.38,1.42,5.46,7.47,0.057227764415694916,1.42,1.42,5.43,5.46,7.48,7.47
2023-07-24,Brighton,Aston Villa,1,1,D,2.16,3.86,2.83,2.16,3.8,2.87,2.26,3.84,3.06,2.25,3.92,3.02,0.07469989957570128,2.26,2.25,3.86,3.92,3.06,3.02
2023-07-25,Chelsea,Man City,0,0,D,1.3,5.66,8.73,1.29,5.84,8.69,1.33,6.2,9.0,1.33,6.1,9.31,0.061900218423902045,1.33,1.33,6.2,6.1,9.0,9.31
2023-07-26,Liverpool,Newcastle,3,2,H,1.67,4.26,4.19,1.69,4.09,4.27,1.76,4.35,4.36,1.75,4.31,4.43,0.07215437796818683,1.76,1.75,4.35,4.31,4.36,4.43
2023-07-27,Arsenal,Chelsea,3,2,H,2.37,3.95,2.58,2.41,3.79,2.6,2.52,3.89,2.7,2.51,3.91,2.69,0.06321065577912154,2.52,2.51,3.95,3.91,2.7,2.69
2023-07-28,West Ham,Man City,1,1,D,1.91,4.03,3.54,1.92,3.98,3.56,1.96,4.18,3.68,1.98,4.08,3.69,0.05275601560660338,1.96,1.98,4.18,4.08,3.68,3.69
2023-07-29,West Ham,Man Utd,2,0,H,1.52,4.71,5.2,1.51,4.61,5.46,1.57,4.7,5.75,1.57,4.75,5.66,0.06321517925501782,1.57,1.57,4.71,4.75,5.75,5.66
2023-07-30,Liverpool,Man Utd,2,0,H,1.16,7.62,13.81,1.15,7.88,14.64,1.2,8.03,14.05,1.2,8.12,14.78,0.06523063339207293,1.2,1.2,8.03,8.12,14.05,14.78
2023-07-31,Arsenal,Newcastle,1,1,D,1.89,4.0,3.53,1.91,3.95,3.49,1.97,4.07,3.68,1.97,4.07,3.66,0.06373526580480131,1.97,1.97,4.07,4.07,3.68,3.66
2023-08-01,Man City,Chelsea,1,2,A,4.07,3.93,1.74,4.09,4.09,1.71,4.38,4.18,1.78,4.23,4.22,1.8,0.07448725135244819,4.38,4.23,4.18,4.22,1.78,1.8
2023-08-02,Arsenal,Aston Villa,2,0,H,1.84,3.9,3.62,1.81,3.96,3.69,1.88,4.13,3.88,1.89,4.12,3.88,0.07732554047129088,1.88,1.89,4.13,4.12,3.88,3.88
2023-08-03,Aston Villa,Arsenal,3,2,H,2.22,3.78,2.8,2.17,3.76,2.88,2.3,3.89,2.96,2.27,3.93,2.99,0.07360336025633102,2.3,2.27,3.89,3.93,2.96,2.99
2023-08-04,Aston Villa,Brighton,2,0,H,1.83,3.92,3.77,1.83,3.96,3.71,1.89,4.16,3.87,1.9,4.15,3.85,0.0674834570663288,1.89,1.9,4.16,4.15,3.87,3.85
2023-08-05,Man City,Arsenal,3,2,H,3.14,3.87,2.04,3.12,3.88,2.05,3.25,4.01,2.13,3.25,3.98,2.14,0.06624349881664672,3.25,3.25,4.01,3.98,2.13,2.14
2023-08-06,Brighton,Newcastle,0,2,A,2.25,3.72,2.81,2.28,3.73,2.76,2.34,3.98,2.87,2.37,3.89,2.87,0.06933848090370977,2.34,2.37,3.98,3.89,2.87,2.87
2023-08-07,Man City,Man Utd,1,1,D,1.6,4.4,4.83,1.59,4.39,4.94,1.65,4.59,5.01,1.64,4.57,5.13,0.05863490889318124,1.65,1.64,4.59,4.57,5.01,5.13
2023-08-08,Chelsea,Man Utd,9,0,H,1.13,8.21,14.8,1.12,8.47,16.27,1.17,8.81,16.79,1.17,8.85,16.97,0.07435540538446056,1.17,1.17,8.81,8.85,16.79,16.97
2023-08-09,Tottenham,Arsenal,1,1,D,3.45,4.04,1.86,3.47,3.87,1.89,3.59,4.09,1.97,3.57,4.06,1.98,0.07570544532810983,3.59,3.57,4.09,4.06,1.97,1.98
2023-08-10,Brighton,Newcastle,3,1,H,2.33,3.86,2.7,2.29,3.8,2.79,2.37,3.88,2.91,2.38,3.92,2.88,0.05801651489545492,2.37,2.38,3.88,3.92,2.91,2.88
2023-08-11,Aston Villa,Man City,2,2,D,1.51,4.34,5.4,1.52,4.42,5.16,1.58,4.67,5.4,1.59,4.6,5.36,0.07708454624420233,1.58,1.59,4.67,4.6,5.4,5.36
2023-08-12,Arsenal,Newcastle,0,5,A,1.91,3.8,3.46,1.9,3.91,3.41,1.94,4.11,3.68,1.96,4.06,3.65,0.07546198171975002,1.94,1.96,4.11,4.06,3.68,3.65
2023-08-13,Man City,Brighton,2,1,H,2.48,3.78,2.53,2.5,3.76,2.52,2.6,3.9,2.6,2.6,3.9,2.6,0.06273460302447531,2.6,2.6,3.9,3.9,2.6,2.6
2023-08-14,Liverpool,Aston Villa,4,1,H,1.62,4.1,4.66,1.62,4.23,4.47,1.67,4.48,4.76,1.69,4.41,4.75,0.07727000606278236,1.67,1.69,4.48,4.41,4.76,4.75
2023-08-15,Chelsea,Brighton,1,1,D,1.47,4.88,5.88,1.48,4.89,5.78,1.52,4.97,6.1,1.53,4.93,6.12,0.053613169814345246,1.52,1.53,4.97,4.93,6.1,6.12
2023-08-16,West Ham,Liverpool,1,3,A,3.56,4.0,1.92,3.51,3.98,1.94,3.62,4.09,2.0,3.64,4.07,2.0,0.05083959677626702,3.62,3.64,4.09,4.07,2.0,2.0
2023-08-17,Brighton,Newcastle,0,0,D,2.29,3.77,2.79,2.29,3.72,2.81,2.37,3.91,2.89,2.37,3.92,2.89,0.060436004767821634,2.37,2.37,3.91,3.92,2.89,2.89
2023-08-18,Chelsea,Aston Villa,5,4,H,1.56,4.39,5.09,1.57,4.36,4.96,1.62,4.65,5.17,1.62,4.58,5.25,0.06696307096482035,1.62,1.62,4.65,4.58,5.17,5.25
2023-08-19,West Ham,Liverpool,1,2,A,3.49,3.92,1.93,3.46,3.93,1.94,3.6,4.16,1.97,3.61,4.07,1.99,0.06054327843598599,3.6,3.61,4.16,4.07,1.97,1.99
2023-08-20,Man Utd,Man City,3,1,H,2.66,3.7,2.32,2.65,3.73,2.31,2.75,3.81,2.47,2.76,3.89,2.43,0.07826203201014079,2.75,2.76,3.81,3.89,2.47,2.43
2023-08-21,Tottenham,West Ham,0,2,A,2.3,3.73,2.81,2.29,3.83,2.79,2.37,3.97,2.86,2.38,3.91,2.88,0.057641306871654356,2.37,2.38,3.97,3.91,2.86,2.88
2023-08-22,Man Utd,Man City,1,2,A,2.73,3.82,2.32,2.71,3.76,2.36,2.74,3.9,2.48,2.78,3.9,2.46,0.05843640180778037,2.74,2.78,3.9,3.9,2.48,2.46
2023-08-23,Man City,Newcastle,1,1,D,2.95,3.72,2.17,2.94,3.77,2.16,3.03,3.91,2.26,3.02,3.95,2.25,0.06904482837634565,3.03,3.02,3.91,3.95,2.26,2.25
2023-08-24,West Ham,Liverpool,0,0,D,3.52,4.01,1.94,3.51,3.94,1.96,3.59,4.13,2.0,3.62,4.1,2.0,0.05011591647025125,3.59,3.62,4.13,4.1,2.0,2.0
2023-08-25,Arsenal,Liverpool,3,1,H,2.31,3.75,2.69,2.27,3.73,2.76,2.36,3.86,2.89,2.36,3.89,2.87,0.07182671157063798,2.36,2.36,3.86,3.89,2.89,2.87
2023-08-26,Man City,Brighton,0,0,D,2.5,3.77,2.53,2.51,3.75,2.52,2.6,3.87,2.62,2.61,3.87,2.61,0.06132408449279472,2.6,2.61,3.87,3.87,2.62,2.61
2023-08-27,Liverpool,Man City,1,1,D,1.32,5.37,7.46,1.3,5.41,7.9,1.38,5.48,8.01,1.36,5.7,8.16,0.07933243602929888,1.38,1.36,5.48,5.7,8.01,8.16
2023-08-28,Liverpool,Brighton,2,2,D,1.52,4.54,5.2,1.51,4.55,5.32,1.58,4.64,5.58,1.58,4.74,5.46,0.07074252779089246,1.58,1.58,4.64,4.74,5.58,5.46
2023-08-29,Man City,Brighton,0,1,A,2.54,3.97,2.47,2.52,3.76,2.58,2.61,3.91,2.62,2.6,3.91,2.63,0.051566448652470294,2.61,2.6,3.97,3.91,2.62,2.63
2023-08-30,Arsenal,Man City,3,1,H,1.43,5.05,6.41,1.46,4.9,6.18,1.5,5.05,6.41,1.5,5.06,6.42,0.05277883426225921,1.5,1.5,5.05,5.06,6.41,6.42
2023-08-31,Newcastle,Man City,2,1,H,1.51,4.62,5.73,1.5,4.73,5.71,1.57,4.73,5.84,1.55,4.85,5.82,0.05264504320772476,1.57,1.55,4.73,4.85,5.84,5.82
2023-09-01,West Ham,Brighton,3,1,H,2.36,3.62,2.64,2.33,3.68,2.65,2.43,3.85,2.77,2.41,3.91,2.77,0.07857866779675832,2.43,2.41,3.85,3.91,2.77,2.77
2023-09-02,Man City,Tottenham,0,0,D,1.83,4.05,3.61,1.84,3.99,3.63,1.92,4.11,3.77,1.92,4.13,3.75,0.07052154623652764,1.92,1.92,4.11,4.13,3.77,3.75
2023-09-03,Liverpool,Man City,1,1,D,1.33,5.53,7.77,1.33,5.46,7.91,1.37,5.79,8.1,1.37,5.76,8.15,0.06282818021866807,1.37,1.37,5.79,5.76,8.1,8.15
2023-09-04,Tottenham,West Ham,2,1,H,2.32,3.75,2.79,2.31,3.79,2.79,2.35,3.97,2.89,2.37,3.92,2.89,0.056014480696400935,2.35,2.37,3.97,3.92,2.89,2.89
2023-09-05,West Ham,Liverpool,0,0,D,3.36,3.92,1.91,3.41,3.89,1.9,3.62,4.04,1.97,3.59,4.06,1.98,0.0762091923930741,3.62,3.59,4.04,4.06,1.97,1.98
2023-09-06,Newcastle,Arsenal,2,1,H,2.09,3.84,3.14,2.11,3.79,3.13,2.19,3.94,3.21,2.19,3.96,3.19,0.05604667783014022,2.19,2.19,3.94,3.96,3.21,3.19
2023-09-07,Brighton,West Ham,0,3,A,1.68,4.33,4.09,1.71,4.12,4.1,1.76,4.39,4.29,1.79,4.23,4.27,0.07120037649427452,1.76,1.79,4.39,4.23,4.29,4.27
2023-09-08,Tottenham,Arsenal,0,2,A,3.38,4.04,1.89,3.46,3.82,1.91,3.6,4.07,1.98,3.63,4.06,1.97,0.07289973084636038,3.6,3.63,4.07,4.06,1.98,1.97
2023-09-09,Man Utd,Tottenham,1,1,D,2.43,3.8,2.6,2.44,3.77,2.6,2.52,3.88,2.71,2.54,3.89,2.68,0.05883968266566225,2.52,2.54,3.88,3.89,2.71,2.68
2023-09-10,Man City,West Ham,3,2,H,2.1,3.83,3.05,2.11,3.8,3.04,2.18,3.99,3.16,2.2,3.96,3.15,0.06514744211511928,2.18,2.2,3.99,3.96,3.16,3.15
2023-09-11,Aston Villa,Tottenham,2,1,H,1.47,4.78,5.9,1.48,4.84,5.8,1.52,4.92,6.18,1.52,5.02,6.12,0.05668967846955182,1.52,1.52,4.92,5.02,6.18,6.12
2023-09-12,Aston Villa,Tottenham,1,0,H,1.43,4.95,6.16,1.47,4.72,5.97,1.51,4.98,6.2,1.51,4.98,6.18,0.06136788972366494,1.51,1.51,4.98,4.98,6.2,6.18
2023-09-13,Arsenal,Man Utd,4,0,H,1.22,5.99,10.47,1.21,6.36,10.5,1.27,6.73,10.62,1.26,6.74,11.13,0.07895403194840027,1.27,1.26,6.73,6.74,10.62,11.13
2023-09-14,Brighton,Man City,2,0,H,1.64,4.36,4.33,1.64,4.22,4.49,1.71,4.41,4.64,1.71,4.4,4.64,0.07079414103963291,1.71,1.71,4.41,4.4,4.64,4.64
2023-09-15,Arsenal,Newcastle,1,1,D,1.86,3.84,3.61,1.88,3.91,3.47,1.97,4.0,3.67,1.97,4.05,3.65,0.07539842618571546,1.97,1.97,4.0,4.05,3.67,3.65
2023-09-16,Brighton,West Ham,1,2,A,1.71,4.17,4.14,1.73,4.05,4.15,1.79,4.35,4.18,1.79,4.3,4.27,0.06621798714400223,1.79,1.79,4.35,4.3,4.18,4.27
2023-09-17,Aston Villa,Arsenal,1,0,H,2.19,3.84,2.94,2.22,3.82,2.9,2.31,3.96,2.97,2.29,3.93,3.02,0.05717119226454069,2.31,2.29,3.96,3.93,2.97,3.02
2023-09-18,Man City,Aston Villa,2,2,D,2.77,3.61,2.31,2.76,3.78,2.25,2.87,3.91,2.36,2.89,3.87,2.35,0.07138639570001581,2.87,2.89,3.91,3.87,2.36,2.35
2023-09-19,Man Utd,Chelsea,2,1,H,6.36,4.85,1.43,6.38,4.95,1.42,6.75,5.13,1.46,6.65,5.13,1.47,0.065017038823717,6.75,6.65,5.13,5.13,1.46,1.47
2023-09-20,Man City,Tottenham,1,1,D,1.92,3.95,3.57,1.87,3.94,3.76,1.92,4.1,3.89,1.93,4.12,3.82,0.055305466043211765,1.92,1.93,4.1,4.12,3.89,3.82
2023-09-21,Tottenham,Man City,0,0,D,2.12,3.94,2.97,2.17,3.8,2.95,2.24,3.93,3.08,2.24,3.94,3.08,0.06237289668854631,2.24,2.24,3.94,3.94,3.08,3.08
2023-09-22,West Ham,Tottenham,2,1,H,1.77,4.02,3.93,1.75,4.04,4.0,1.82,4.18,4.19,1.83,4.21,4.1,0.06904520657048918,1.82,1.83,4.18,4.21,4.19,4.1
2023-09-23,Arsenal,Liverpool,1,0,H,2.31,3.64,2.75,2.27,3.73,2.75,2.35,3.96,2.86,2.37,3.88,2.87,0.07205995570046715,2.35,2.37,3.96,3.88,2.86,2.87
2023-09-24,Chelsea,Liverpool,3,0,H,1.88,4.07,3.56,1.9,3.99,3.58,1.98,4.08,3.66,1.97,4.06,3.72,0.057296623876710556,1.98,1.97,4.08,4.06,3.66,3.72
2023-09-25,West Ham,Newcastle,2,2,D,2.74,3.58,2.31,2.69,3.74,2.29,2.83,3.87,2.39,2.82,3.89,2.39,0.07627992018047994,2.83,2.82,3.87,3.89,2.39,2.39
2023-09-26,Chelsea,Arsenal,1,1,D,1.68,4.26,4.32,1.68,4.23,4.32,1.75,4.4,4.43,1.75,4.34,4.49,0.06138653321224034,1.75,1.75,4.4,4.34,4.43,4.49
2023-09-27,Man City,Tottenham,5,0,H,1.86,4.1,3.61,1.86,3.98,3.73,1.92,4.18,3.79,1.93,4.16,3.78,0.05813410153678245,1.92,1.93,4.18,4.16,3.79,3.78
2023-09-28,Man Utd,Newcastle,0,2,A,4.4,4.21,1.69,4.29,4.16,1.72,4.51,4.33,1.75,4.43,4.3,1.77,0.055853601663611745,4.51,4.43,4.33,4.3,1.75,1.77
2023-09-29,Tottenham,Man City,1,3,A,2.14,3.66,2.99,2.14,3.75,2.95,2.24,3.93,3.04,2.23,3.91,3.07,0.07412514003208921,2.24,2.23,3.93,3.91,3.04,3.07
2023-09-30,Newcastle,Liverpool,2,1,H,2.45,3.86,2.54,2.42,3.76,2.62,2.51,3.96,2.68,2.52,3.9,2.7,0.06062493724898188,2.51,2.52,3.96,3.9,2.68,2.7
2023-10-01,Chelsea,Man Utd,4,2,H,1.13,8.54,15.68,1.12,8.71,17.27,1.16,9.02,18.32,1.17,8.89,16.75,0.06450197083663804,1.16,1.17,9.02,8.89,18.32,17.27
2023-10-02,West Ham,Tottenham,1,1,D,1.76,4.24,3.98,1.79,4.09,3.93,1.85,4.17,4.11,1.84,4.26,4.1,0.05668459470691627,1.85,1.84,4.24,4.26,4.11,4.1
2023-10-03,Tottenham,West Ham,0,0,D,2.34,3.55,2.76,2.27,3.79,2.73,2.38,3.92,2.84,2.36,3.89,2.87,0.07058273213506795,2.38,2.36,3.92,3.89,2.84,2.87
2023-10-04,Liverpool,Aston Villa,1,2,A,1.6,4.2,4.76,1.62,4.21,4.56,1.68,4.47,4.78,1.69,4.43,4.7,0.07343100222657267,1.68,1.69,4.47,4.43,4.78,4.7
2023-10-05,West Ham,Man City,1,2,A,1.89,3.88,3.64,1.89,3.97,3.57,1.96,4.1,3.69,1.97,4.09,3.67,0.06018275746860025,1.96,1.97,4.1,4.09,3.69,3.67
2023-10-06,West Ham,Arsenal,0,3,A,2.84,3.68,2.2,2.89,3.79,2.14,3.01,3.86,2.27,3.02,3.93,2.24,0.07835238156114206,3.01,3.02,3.86,3.93,2.27,2.24
2023-10-07,Man Utd,Arsenal,2,1,H,4.55,4.31,1.67,4.76,4.39,1.63,4.8,4.48,1.7,4.86,4.5,1.69,0.05091831828680708,4.8,4.86,4.48,4.5,1.7,1.69
2023-10-08,Arsenal,Newcastle,5,1,H,1.91,4.17,3.44,1.92,3.94,3.56,1.98,4.01,3.76,1.99,4.06,3.65,0.053988293098221216,1.98,1.99,4.17,4.06,3.76,3.65
2023-10-09,Tottenham,Man City,3,2,H,2.11,3.76,3.06,2.15,3.77,2.96,2.23,3.93,3.09,2.25,3.91,3.06,0.06766361094681472,2.23,2.25,3.93,3.91,3.09,3.06
2023-10-10,Tottenham,Liverpool,1,2,A,4.17,4.18,1.69,4.15,4.08,1.71,4.33,4.33,1.76,4.4,4.28,1.76,0.0710422058614514,4.33,4.4,4.33,4.28,1.76,1.76
2023-10-11,Man City,Aston Villa,2,2,D,2.78,3.88,2.27,2.77,3.85,2.29,2.88,3.86,2.4,2.88,3.94,2.37,0.05752048968527177,2.88,2.88,3.88,3.94,2.4,2.37
2023-10-12,Newcastle,Aston Villa,1,0,H,1.93,3.92,3.4,1.9,3.94,3.47,1.98,4.15,3.55,1.99,4.03,3.61,0.06662213290674046,1.98,1.99,4.15,4.03,3.55,3.61
2023-10-13,Aston Villa,Brighton,2,1,H,1.84,4.06,3.7,1.84,4.0,3.76,1.92,4.15,3.82,1.91,4.15,3.86,0.059551587411284385,1.92,1.91,4.15,4.15,3.82,3.86
2023-10-14,Man City,Chelsea,1,1,D,4.09,4.11,1.73,4.09,4.1,1.73,4.19,4.31,1.8,4.24,4.28,1.8,0.06662267736864771,4.19,4.24,4.31,4.28,1.8,1.8
2023-10-15,Brighton,Tottenham,5,0,H,1.56,4.52,4.82,1.55,4.43,5.07,1.6,4.63,5.32,1.61,4.62,5.26,0.06977983033292758,1.6,1.61,4.63,4.62,5.32,5.26
2023-10-16,Man City,Newcastle,2,1,H,2.89,3.71,2.16,2.9,3.78,2.13,3.01,3.97,2.24,3.02,3.92,2.25,0.07918424160707173,3.01,3.02,3.97,3.92,2.24,2.25
2023-10-17,Brighton,Man City,3,0,H,1.65,4.35,4.36,1.66,4.21,4.44,1.71,4.42,4.64,1.71,4.42,4.63,0.06367090580063552,1.71,1.71,4.42,4.42,4.64,4.63
2023-10-18,Man Utd,Tottenham,0,2,A,2.47,3.69,2.54,2.41,3.79,2.56,2.52,3.98,2.63,2.53,3.89,2.66,0.06944648120814143,2.52,2.53,3.98,3.89,2.63,2.66
2023-10-19,Arsenal,Tottenham,4,0,H,1.35,5.37,7.02,1.36,5.26,6.99,1.42,5.38,7.22,1.42,5.41,7.27,0.06734117743759796,1.42,1.42,5.38,5.41,7.22,7.27
2023-10-20,West Ham,Chelsea,1,5,A,3.72,4.01,1.85,3.79,4.02,1.83,3.9,4.15,1.9,3.91,4.2,1.89,0.05952664681662719,3.9,3.91,4.15,4.2,1.9,1.89
2023-10-21,Man City,Brighton,3,2,H,2.47,3.75,2.59,2.53,3.77,2.52,2.58,3.94,2.62,2.61,3.88,2.62,0.057591923950931614,2.58,2.61,3.94,3.88,2.62,2.62
2023-10-22,Tottenham,Brighton,1,2,A,2.7,3.62,2.31,2.69,3.76,2.26,2.84,3.85,2.38,2.83,3.89,2.37,0.07963612165234171,2.84,2.83,3.85,3.89,2.38,2.37
2023-10-23,Man City,Tottenham,0,2,A,1.92,4.05,3.48,1.87,4.03,3.67,1.93,4.2,3.74,1.93,4.13,3.8,0.05620557085104546,1.93,1.93,4.2,4.13,3.74,3.8
2023-10-24,West Ham,Newcastle,0,2,A,2.75,3.83,2.23,2.7,3.72,2.3,2.83,3.89,2.38,2.82,3.9,2.39,0.0737082580122271,2.83,2.82,3.89,3.9,2.38,2.39
2023-10-25,Brighton,Newcastle,2,3,A,2.34,3.7,2.81,2.34,3.71,2.79,2.4,3.88,2.88,2.38,3.93,2.88,0.05439762173062283,2.4,2.38,3.88,3.93,2.88,2.88
2023-10-26,Aston Villa,Tottenham,1,1,D,1.46,4.63,5.84,1.44,4.75,5.97,1.51,4.9,6.19,1.5,4.92,6.2,0.07413053808083753,1.51,1.5,4.9,4.92,6.19,6.2
2023-10-27,Man Utd,Liverpool,0,1,A,5.82,4.6,1.5,5.91,4.7,1.48,5.93,5.0,1.53,5.98,4.92,1.53,0.055571853289686446,5.93,5.98,5.0,4.92,1.53,1.53
2023-10-28,Man Utd,Brighton,2,4,A,3.49,3.89,1.87,3.51,3.88,1.86,3.66,4.03,1.96,3.64,4.01,1.97,0.07901469932048501,3.66,3.64,4.03,4.01,1.96,1.97
2023-10-29,Newcastle,Brighton,1,1,D,1.79,4.0,3.83,1.76,4.02,3.96,1.84,4.26,4.0,1.83,4.19,4.11,0.07057962969723552,1.84,1.83,4.26,4.19,4.0,4.11
2023-10-30,Brighton,West Ham,3,1,H,1.76,4.16,4.1,1.75,4.15,4.18,1.8,4.33,4.28,1.8,4.28,4.32,0.05270354731027487,1.8,1.8,4.33,4.28,4.28,4.32
2023-10-31,Aston Villa,Man City,4,1,H,1.55,4.39,5.09,1.53,4.5,5.19,1.6,4.54,5.46,1.59,4.67,5.34,0.07079531358377032,1.6,1.59,4.54,4.67,5.46,5.34
2023-11-01,Arsenal,Man Utd,2,1,H,1.23,6.41,10.08,1.22,6.5,10.32,1.28,6.72,10.21,1.27,6.71,10.76,0.06810862288344656,1.28,1.27,6.72,6.71,10.21,10.76
2023-11-02,Newcastle,West Ham,4,0,H,1.57,4.4,5.12,1.56,4.47,5.07,1.61,4.67,5.32,1.62,4.66,5.25,0.06012638740081876,1.61,1.62,4.67,4.66,5.32,5.25
2023-11-03,Man City,Tottenham,4,2,H,1.88,4.0,3.62,1.86,4.02,3.7,1.93,4.16,3.76,1.93,4.13,3.79,0.05782207993270144,1.93,1.93,4.16,4.13,3.76,3.79
2023-11-04,Liverpool,West Ham,1,0,H,1.35,5.34,7.02,1.35,5.27,7.04,1.42,5.45,7.18,1.42,5.36,7.27,0.07156282345244457,1.42,1.42,5.45,5.36,7.18,7.27
2023-11-05,Aston Villa,Arsenal,0,1,A,2.15,3.77,2.94,2.19,3.76,2.86,2.29,3.88,3.0,2.28,3.88,3.0,0.07224084118849597,2.29,2.28,3.88,3.88,3.0,3.0
2023-11-06,Liverpool,Arsenal,2,2,D,1.76,4.1,4.05,1.77,4.12,3.97,1.85,4.25,4.05,1.84,4.22,4.11,0.0598161754685761,1.85,1.84,4.25,4.22,4.05,4.11
2023-11-07,Brighton,Aston Villa,1,3,A,2.18,3.64,2.91,2.15,3.79,2.88,2.25,3.9,3.03,2.25,3.93,3.02,0.07628681332518511,2.25,2.25,3.9,3.93,3.03,3.02
2023-11-08,Man Utd,Chelsea,0,2,A,6.81,5.08,1.4,6.41,5.05,1.42,6.88,5.18,1.46,6.71,5.13,1.47,0.05806481656665474,6.88,6.71,5.18,5.13,1.46,1.47
2023-11-09,Liverpool,Tottenham,2,0,H,1.28,5.78,10.14,1.28,6.2,9.22,1.32,6.29,9.49,1.32,6.35,9.53,0.05209593277924433,1.32,1.32,6.29,6.35,10.14,9.53
2023-11-10,Chelsea,Man Utd,7,0,H,1.13,8.75,14.64,1.13,8.51,15.71,1.16,9.66,16.2,1.17,9.0,16.42,0.06799603534482736,1.16,1.17,9.66,9.0,16.2,16.42
2023-11-11,Tottenham,Chelsea,2,0,H,4.81,4.37,1.62,4.65,4.29,1.65,4.79,4.47,1.7,4.78,4.45,1.7,0.05321211718494849,4.81,4.78,4.47,4.45,1.7,1.7
2023-11-12,Brighton,West Ham,4,1,H,1.73,4.22,4.09,1.74,4.15,4.14,1.81,4.21,4.31,1.8,4.29,4.27,0.05829992192799456,1.81,1.8,4.22,4.29,4.31,4.27
2023-11-13,Newcastle,Arsenal,2,1,H,2.08,3.85,3.09,2.08,3.9,3.05,2.18,4.05,3.13,2.18,3.94,3.18,0.06521559179145314,2.18,2.18,4.05,3.94,3.13,3.18
2023-11-14,West Ham,Newcastle,1,2,A,2.8,3.67,2.33,2.76,3.77,2.32,2.84,3.9,2.41,2.85,3.93,2.39,0.05859078867071893,2.84,2.85,3.9,3.93,2.41,2.39
2023-11-15,Aston Villa,West Ham,3,1,H,1.62,4.33,4.81,1.61,4.39,4.8,1.69,4.43,4.88,1.67,4.51,4.95,0.05644989027260133,1.69,1.67,4.43,4.51,4.88,4.95
2023-11-16,Brighton,Tottenham,1,1,D,1.53,4.37,5.27,1.55,4.42,5.02,1.61,4.62,5.28,1.61,4.66,5.21,0.07109556244716964,1.61,1.61,4.62,4.66,5.28,5.21
2023-11-17,Newcastle,Chelsea,2,1,H,2.61,3.75,2.4,2.56,3.75,2.44,2.67,3.92,2.52,2.68,3.88,2.53,0.06640998024206887,2.67,2.68,3.92,3.88,2.52,2.53
2023-11-18,Liverpool,Man City,3,1,H,1.31,5.21,8.27,1.31,5.48,7.59,1.37,5.71,7.93,1.37,5.7,8.17,0.07519283744750842,1.37,1.37,5.71,5.7,8.27,8.17
2023-11-19,Man Utd,Brighton,0,3,A,3.6,4.1,1.83,3.51,3.91,1.9,3.73,4.08,1.95,3.65,4.09,1.97,0.06743718783966433,3.73,3.65,4.1,4.09,1.95,1.97
2023-11-20,Man City,Tottenham,1,0,H,1.82,4.08,3.69,1.84,4.04,3.64,1.93,4.12,3.78,1.92,4.13,3.79,0.06450341635321336,1.93,1.92,4.12,4.13,3.78,3.79
2023-11-21,Chelsea,Man City,5,0,H,1.28,5.93,9.07,1.29,6.03,8.77,1.33,6.31,8.72,1.33,6.14,9.1,0.05783769054832365,1.33,1.33,6.31,6.14,9.07,9.1
2023-11-22,West Ham,Chelsea,0,2,A,3.73,4.07,1.79,3.72,3.96,1.81,3.78,4.21,1.9,3.9,4.13,1.88,0.07376197625273892,3.78,3.9,4.21,4.13,1.9,1.88
2023-11-23,Man Utd,West Ham,0,2,A,2.84,3.91,2.23,2.9,3.82,2.23,3.0,3.93,2.3,2.99,3.91,2.31,0.055906130256931016,3.0,2.99,3.93,3.91,2.3,2.31
2023-11-24,Man City,Chelsea,2,1,H,4.11,4.06,1.76,4.08,4.2,1.74,4.25,4.29,1.8,4.28,4.28,1.8,0.05726685232919481,4.25,4.28,4.29,4.28,1.8,1.8
2023-11-25,Newcastle,Man City,5,0,H,1.49,4.45,5.64,1.48,4.6,5.45,1.53,4.78,6.01,1.54,4.83,5.77,0.07524765790259211,1.53,1.54,4.78,4.83,6.01,5.77
2023-11-26,West Ham,Newcastle,1,1,D,2.71,3.64,2.34,2.73,3.79,2.26,2.85,3.88,2.38,2.84,3.9,2.38,0.07223577577187634,2.85,2.84,3.88,3.9,2.38,2.38
2023-11-27,Aston Villa,Man City,1,3,A,1.53,4.39,5.31,1.54,4.49,5.08,1.6,4.62,5.36,1.59,4.66,5.39,0.06838620466938562,1.6,1.59,4.62,4.66,5.36,5.39
2023-11-28,Liverpool,West Ham,1,1,D,1.39,5.22,7.15,1.38,5.3,7.2,1.43,5.41,7.42,1.43,5.47,7.32,0.051167615923597205,1.43,1.43,5.41,5.47,7.42,7.32
2023-11-29,Man Utd,Aston Villa,0,3,A,4.03,4.2,1.76,4.1,4.08,1.77,4.17,4.23,1.83,4.19,4.24,1.83,0.0538177285485418,4.17,4.19,4.23,4.24,1.83,1.83
2023-11-30,Tottenham,West Ham,0,2,A,2.26,3.96,2.7,2.29,3.77,2.75,2.36,3.9,2.9,2.38,3.89,2.87,0.0649987238056283,2.36,2.38,3.96,3.89,2.9,2.87
2023-12-01,Liverpool,West Ham,2,1,H,1.35,5.17,7.13,1.36,5.25,6.84,1.42,5.39,7.08,1.42,5.35,7.32,0.07239016770448672,1.42,1.42,5.39,5.35,7.13,7.32
2023-12-02,Liverpool,Chelsea,2,0,H,2.12,3.75,3.07,2.12,3.83,3.01,2.19,3.96,3.15,2.19,3.94,3.18,0.0639230259257547,2.19,2.19,3.96,3.94,3.15,3.18
2023-12-03,Liverpool,Man City,3,1,H,1.33,5.62,8.32,1.34,5.57,7.91,1.37,5.91,8.33,1.39,5.7,8.15,0.050518790732443496,1.37,1.39,5.91,5.7,8.33,8.15
2023-12-04,West Ham,Chelsea,1,0,H,3.82,3.98,1.84,3.77,4.1,1.83,3.97,4.2,1.88,3.92,4.18,1.89,0.05552809996000466,3.97,3.92,4.2,4.18,1.88,1.89
2023-12-05,Brighton,Man Utd,5,0,H,1.36,4.86,7.81,1.37,5.23,6.94,1.42,5.41,7.32,1.41,5.41,7.42,0.06766300098860654,1.42,1.41,5.41,5.41,7.81,7.42
2023-12-06,Aston Villa,Brighton,1,0,H,1.83,3.91,3.73,1.83,3.95,3.7,1.91,4.1,3.82,1.9,4.1,3.88,0.07082651179063974,1.91,1.9,4.1,4.1,3.82,3.88
2023-12-07,Aston Villa,Newcastle,0,3,A,2.09,4.03,3.09,2.1,3.86,3.17,2.17,3.97,3.25,2.17,4.0,3.22,0.051002849381357136,2.17,2.17,4.03,4.0,3.25,3.22
2023-12-08,West Ham,Tottenham,2,3,A,1.81,3.99,4.03,1.78,4.15,4.01,1.85,4.28,4.07,1.85,4.24,4.12,0.051299952603815015,1.85,1.85,4.28,4.24,4.07,4.12
2023-12-09,Man City,Aston Villa,3,0,H,2.85,3.76,2.27,2.78,3.81,2.29,2.9,3.93,2.36,2.88,3.92,2.38,0.05783930346369089,2.9,2.88,3.93,3.92,2.36,2.38
2023-12-10,Aston Villa,Tottenham,3,2,H,1.47,4.86,6.06,1.47,4.91,5.93,1.52,4.98,6.19,1.52,4.95,6.15,0.05250505086159695,1.52,1.52,4.98,4.95,6.19,6.15
2023-12-11,Arsenal,Man Utd,8,1,H,1.24,6.32,9.98,1.22,6.56,10.93,1.28,6.63,10.72,1.27,6.76,10.89,0.06625838696580094,1.28,1.27,6.63,6.76,10.72,10.93
2023-12-12,Man Utd,Chelsea,1,0,H,6.6,4.89,1.43,6.44,5.09,1.42,7.0,5.1,1.47,6.68,5.17,1.47,0.053711059458700416,7.0,6.68,5.1,5.17,1.47,1.47
2023-12-13,Tottenham,Man Utd,1,2,A,1.68,4.14,4.33,1.67,4.17,4.33,1.74,4.31,4.54,1.74,4.34,4.51,0.06944658004704268,1.74,1.74,4.31,4.34,4.54,4.51
2023-12-14,Chelsea,Arsenal,0,2,A,1.69,4.02,4.3,1.68,4.16,4.21,1.75,4.29,4.44,1.74,4.35,4.44,0.07331675957922762,1.75,1.74,4.29,4.35,4.44,4.44
2023-12-15,Man City,Brighton,3,4,A,2.5,3.57,2.51,2.47,3.68,2.48,2.59,3.92,2.57,2.58,3.86,2.6,0.0791154999125632,2.59,2.58,3.92,3.86,2.57,2.6
2023-12-16,Man City,Newcastle,1,0,H,2.95,3.8,2.1,2.91,3.7,2.15,2.99,3.94,2.25,3.02,3.9,2.25,0.07845220884913143,2.99,3.02,3.94,3.9,2.25,2.25
2023-12-17,Aston Villa,Newcastle,1,0,H,2.07,3.94,3.12,2.1,3.83,3.11,2.17,3.96,3.23,2.16,3.98,3.23,0.058200954507058346,2.17,2.16,3.96,3.98,3.23,3.23
2023-12-18,Chelsea,Tottenham,5,2,H,1.23,6.64,11.13,1.25,6.66,10.22,1.29,6.86,10.22,1.29,6.74,10.64,0.05088228807869519,1.29,1.29,6.86,6.74,11.13,10.64
2023-12-19,Chelsea,Aston Villa,7,0,H,1.57,4.5,4.97,1.56,4.51,5.07,1.63,4.62,5.18,1.63,4.57,5.24,0.059882366483353044,1.63,1.63,4.62,4.57,5.18,5.24
2023-12-20,West Ham,Aston Villa,3,1,H,2.53,3.71,2.46,2.57,3.74,2.41,2.68,3.94,2.49,2.7,3.88,2.5,0.0712544035613796,2.68,2.7,3.94,3.88,2.49,2.5
2023-12-21,Man City,Newcastle,1,0,H,2.99,3.7,2.24,2.99,3.84,2.19,3.05,3.92,2.28,3.05,3.95,2.27,0.05179403627817618,3.05,3.05,3.92,3.95,2.28,2.27
2023-12-22,West Ham,Chelsea,0,4,A,3.76,4.14,1.81,3.83,4.0,1.82,3.97,4.1,1.89,3.92,4.16,1.89,0.06079137973014286,3.97,3.92,4.14,4.16,1.89,1.89
2023-12-23,West Ham,Arsenal,2,2,D,2.97,3.73,2.2,2.92,3.87,2.19,3.05,3.9,2.28,3.02,3.95,2.28,0.05894103642640721,3.05,3.02,3.9,3.95,2.28,2.28
2023-12-24,Tottenham,Aston Villa,0,3,A,3.13,3.75,2.13,3.07,3.84,2.13,3.19,3.93,2.2,3.2,3.97,2.18,0.0565803690745693,3.19,3.2,3.93,3.97,2.2,2.18
2023-12-25,Man City,West Ham,3,4,A,2.1,3.76,3.04,2.11,3.81,2.99,2.17,3.93,3.18,2.19,3.93,3.15,0.07118392264190945,2.17,2.19,3.93,3.93,3.18,3.15
2023-12-26,Man City,Brighton,2,5,A,2.55,3.66,2.48,2.48,3.77,2.49,2.61,3.81,2.62,2.59,3.88,2.61,0.06977291015073123,2.61,2.59,3.81,3.88,2.62,2.61
2023-12-27,Liverpool,Aston Villa,2,0,H,1.6,4.38,4.69,1.64,4.21,4.58,1.7,4.38,4.79,1.69,4.46,4.74,0.0660648228210303,1.7,1.69,4.38,4.46,4.79,4.74
2023-12-28,Tottenham,Aston Villa,2,3,A,3.09,3.67,2.08,3.04,3.81,2.06,3.2,3.95,2.15,3.16,3.93,2.18,0.07732323919044792,3.2,3.16,3.95,3.93,2.15,2.18
2023-12-29,Man City,Aston Villa,2,3,A,2.75,3.87,2.32,2.8,3.81,2.3,2.88,3.93,2.38,2.9,3.91,2.38,0.05309416558190817,2.88,2.9,3.93,3.91,2.38,2.38
2023-12-30,Man Utd,Tottenham,2,1,H,2.47,3.81,2.58,2.45,3.8,2.61,2.53,3.83,2.74,2.56,3.89,2.68,0.05449067673434393,2.53,2.56,3.83,3.89,2.74,2.68
2023-12-31,Man City,Arsenal,1,1,D,3.13,3.88,2.07,3.16,3.87,2.06,3.27,3.97,2.14,3.25,3.97,2.15,0.0615034903765824,3.27,3.25,3.97,3.97,2.14,2.15
2024-01-01,Tottenham,Arsenal,1,0,H,3.4,4.01,1.9,3.48,3.87,1.91,3.67,4.1,1.95,3.6,4.06,1.98,0.06967646155588703,3.67,3.6,4.1,4.06,1.95,1.98
2024-01-02,Arsenal,Liverpool,1,0,H,2.32,3.73,2.72,2.28,3.74,2.77,2.36,3.92,2.87,2.36,3.92,2.87,0.06752237876736236,2.36,2.36,3.92,3.92,2.87,2.87
2024-01-03,Brighton,Chelsea,2,4,A,3.07,3.91,2.13,3.05,3.86,2.15,3.17,4.0,2.2,3.16,3.96,2.21,0.05222128062403796,3.17,3.16,4.0,3.96,2.2,2.21
2024-01-04,Arsenal,Brighton,3,1,H,1.66,4.16,4.25,1.66,4.12,4.26,1.76,4.2,4.46,1.75,4.26,4.44,0.07875274411239402,1.76,1.75,4.2,4.26,4.46,4.44
2024-01-05,Man City,Tottenham,1,1,D,1.88,4.04,3.57,1.86,4.02,3.66,1.91,4.14,3.85,1.93,4.12,3.8,0.05915194449384174,1.91,1.93,4.14,4.12,3.85,3.8
2024-01-06,Man City,Arsenal,2,2,D,3.15,3.75,2.1,3.14,3.85,2.07,3.25,3.98,2.15,3.27,3.97,2.14,0.060769178413492816,3.25,3.27,3.98,3.97,2.15,2.14
2024-01-07,Aston Villa,Man City,4,1,H,1.55,4.41,5.09,1.53,4.49,5.2,1.6,4.62,5.37,1.6,4.68,5.34,0.06870889397130271,1.6,1.6,4.62,4.68,5.37,5.34
2024-01-08,Arsenal,West Ham,2,0,H,1.48,4.71,5.31,1.48,4.54,5.48,1.55,4.74,5.7,1.54,4.78,5.75,0.07835496552379204,1.55,1.54,4.74,4.78,5.7,5.75
2024-01-09,Man Utd,West Ham,2,3,A,2.87,3.75,2.2,2.86,3.72,2.21,2.98,3.9,2.3,2.96,3.9,2.3,0.06988064717309816,2.98,2.96,3.9,3.9,2.3,2.3
2024-01-10,Tottenham,Chelsea,0,4,A,4.71,4.05,1.61,4.61,4.27,1.59,4.81,4.48,1.67,4.8,4.41,1.68,0.07864319988643112,4.81,4.8,4.48,4.41,1.67,1.68
2024-01-11,Tottenham,Aston Villa,0,5,A,3.06,3.85,2.13,3.08,3.85,2.12,3.15,4.04,2.19,3.18,3.97,2.19,0.05562773356461437,3.15,3.18,4.04,3.97,2.19,2.19
2024-01-12,Newcastle,Brighton,2,1,H,1.76,3.98,4.03,1.76,4.01,3.96,1.83,4.24,4.09,1.83,4.21,4.09,0.06856429786918805,1.83,1.83,4.24,4.21,4.09,4.09
2024-01-13,Aston Villa,West Ham,1,0,H,1.59,4.22,4.76,1.6,4.23,4.7,1.67,4.45,4.87,1.66,4.51,4.9,0.07486636675628855,1.67,1.66,4.45,4.51,4.87,4.9
2024-01-14,Chelsea,Aston Villa,3,2,H,1.57,4.53,4.84,1.55,4.44,5.08,1.61,4.61,5.3,1.63,4.58,5.18,0.06527073404764541,1.61,1.63,4.61,4.58,5.3,5.18
2024-01-15,Aston Villa,Tottenham,1,2,A,1.47,4.72,5.92,1.47,4.79,5.89,1.52,4.96,6.12,1.51,4.97,6.16,0.06086521027488022,1.52,1.51,4.96,4.97,6.12,6.16
2024-01-16,Chelsea,Man Utd,3,0,H,1.11,8.24,17.82,1.11,8.57,16.01,1.16,8.89,18.45,1.16,8.87,17.0,0.07954275590095632,1.16,1.16,8.89,8.87,18.45,17.0
2024-01-17,West Ham,Tottenham,1,2,A,1.77,4.15,4.0,1.78,4.14,3.98,1.82,4.29,4.18,1.84,4.22,4.12,0.054229620211899816,1.82,1.84,4.29,4.22,4.18,4.12
2024-01-18,Tottenham,Liverpool,0,4,A,4.45,4.0,1.7,4.19,4.22,1.71,4.45,4.29,1.76,4.39,4.35,1.76,0.0623278858258597,4.45,4.39,4.29,4.35,1.76,1.76
2024-01-19,Brighton,Chelsea,1,2,A,3.04,3.56,2.15,2.98,3.75,2.11,3.17,3.88,2.19,3.15,3.93,2.18,0.0762012125768198,3.17,3.15,3.88,3.93,2.19,2.18
2024-01-20,Aston Villa,Tottenham,2,2,D,1.42,4.85,6.09,1.45,4.66,5.86,1.52,4.77,6.2,1.51,4.98,6.04,0.07701442239517763,1.52,1.51,4.85,4.98,6.2,6.04
2024-01-21,Brighton,Tottenham,3,1,H,1.52,4.37,5.17,1.53,4.4,5.08,1.59,4.71,5.26,1.6,4.57,5.3,0.07941146304679322,1.59,1.6,4.71,4.57,5.26,5.3
2024-01-22,Aston Villa,Tottenham,3,0,H,1.44,4.85,5.7,1.43,4.79,5.87,1.5,5.0,6.05,1.5,4.94,6.12,0.07654542776793144,1.5,1.5,5.0,4.94,6.05,6.12
2024-01-23,Tottenham,Chelsea,1,2,A,4.46,4.5,1.65,4.68,4.31,1.65,4.78,4.5,1.7,4.82,4.48,1.7,0.05152871076162238,4.78,4.82,4.5,4.48,1.7,1.7
2024-01-24,Arsenal,Man Utd,2,2,D,1.21,6.38,10.26,1.21,6.55,9.99,1.26,6.97,10.89,1.27,6.65,10.82,0.07789299498882465,1.26,1.27,6.97,6.65,10.89,10.82
2024-01-25,Man Utd,Arsenal,0,1,A,4.5,4.43,1.63,4.63,4.33,1.62,4.89,4.43,1.68,4.84,4.45,1.68,0.06284501574220357,4.89,4.84,4.43,4.45,1.68,1.68
2024-01-26,Man City,Newcastle,2,1,H,2.91,3.75,2.18,2.93,3.75,2.17,3.02,3.94,2.26,3.03,3.91,2.26,0.06954857562369746,3.02,3.03,3.94,3.91,2.26,2.26
2024-01-27,Aston Villa,Tottenham,7,2,H,1.45,5.04,5.74,1.47,4.79,5.81,1.51,4.96,6.23,1.51,4.94,6.18,0.06182827607501357,1.51,1.51,5.04,4.94,6.23,6.18
2024-01-28,Liverpool,West Ham,1,0,H,1.33,5.54,7.12,1.35,5.14,7.13,1.43,5.27,7.2,1.41,5.44,7.28,0.07441004229840646,1.43,1.41,5.54,5.44,7.2,7.28
2024-01-29,Liverpool,Tottenham,2,0,H,1.25,5.98,9.72,1.26,6.03,9.3,1.31,6.27,9.53,1.31,6.2,9.52,0.06727757828968298,1.31,1.31,6.27,6.2,9.72,9.52
2024-01-30,Liverpool,Tottenham,6,1,H,1.26,5.88,9.05,1.25,5.95,9.12,1.31,6.12,9.85,1.31,6.18,9.36,0.07536633927662013,1.31,1.31,6.12,6.18,9.85,9.36
2024-01-31,Newcastle,Arsenal,2,0,H,2.12,3.86,3.07,2.1,3.9,3.1,2.17,3.97,3.23,2.19,3.98,3.19,0.05581314414562302,2.17,2.19,3.97,3.98,3.23,3.19
2024-02-01,Tottenham,Man City,1,2,A,2.18,3.87,2.94,2.18,3.84,2.97,2.26,3.9,3.09,2.25,3.94,3.09,0.05554949284264707,2.26,2.25,3.9,3.94,3.09,3.09
2024-02-02,West Ham,Chelsea,0,1,A,3.68,3.94,1.86,3.78,4.01,1.82,3.91,4.24,1.87,3.91,4.17,1.89,0.06321130404754362,3.91,3.91,4.24,4.17,1.87,1.89
2024-02-03,Man Utd,Chelsea,0,2,A,6.75,4.89,1.43,6.48,5.1,1.43,6.79,5.11,1.48,6.7,5.14,1.48,0.05014254634887442,6.79,6.7,5.11,5.14,1.48,1.48
2024-02-04,Liverpool,Man Utd,2,0,H,1.14,7.89,14.57,1.15,7.56,13.89,1.2,7.94,15.02,1.19,8.05,15.14,0.07078558864688775,1.2,1.19,7.94,8.05,15.02,15.14
2024-02-05,Arsenal,Man Utd,4,2,H,1.24,6.48,9.97,1.23,6.61,10.75,1.28,6.82,10.73,1.27,6.74,11.12,0.05888161183424033,1.28,1.27,6.82,6.74,10.73,11.12
2024-02-06,Arsenal,Brighton,2,0,H,1.69,4.19,4.27,1.69,4.2,4.2,1.77,4.2,4.49,1.75,4.35,4.42,0.0667189803864335,1.77,1.75,4.2,4.35,4.49,4.42
2024-02-07,Chelsea,Man City,6,3,H,1.31,5.79,8.65,1.29,5.97,8.97,1.33,6.16,9.32,1.34,6.15,9.12,0.05210010681382541,1.33,1.34,6.16,6.15,9.32,9.12
2024-02-08,West Ham,Liverpool,3,1,H,3.47,3.99,1.94,3.56,3.87,1.94,3.62,4.1,1.99,3.61,4.09,2.0,0.05511933078148082,3.62,3.61,4.1,4.09,1.99,2.0
2024-02-09,Tottenham,Man City,1,2,A,2.13,3.81,2.98,2.13,3.85,2.95,2.23,3.94,3.07,2.23,3.93,3.08,0.06868577510065799,2.23,2.23,3.94,3.93,3.07,3.08
2024-02-10,Aston Villa,Liverpool,1,1,D,2.57,3.75,2.48,2.55,3.73,2.51,2.64,3.86,2.59,2.65,3.89,2.57,0.05916987881333129,2.64,2.65,3.86,3.89,2.59,2.57
2024-02-11,Man City,Brighton,1,1,D,2.51,3.74,2.56,2.5,3.8,2.54,2.61,3.9,2.61,2.61,3.91,2.61,0.056441658277569015,2.61,2.61,3.9,3.91,2.61,2.61
2024-02-12,Arsenal,Man City,1,2,A,1.46,4.91,5.88,1.45,4.89,6.12,1.5,5.01,6.35,1.49,5.05,6.41,0.05686539502423304,1.5,1.49,5.01,5.05,6.35,6.41
2024-02-13,Aston Villa,Chelsea,2,2,D,2.71,3.84,2.34,2.73,3.79,2.35,2.79,3.92,2.44,2.84,3.88,2.42,0.05644458094176487,2.79,2.84,3.92,3.88,2.44,2.42
2024-02-14,Man City,Arsenal,0,0,D,3.18,3.72,2.06,3.15,3.78,2.05,3.29,3.93,2.13,3.27,3.95,2.14,0.06868552848291645,3.29,3.27,3.93,3.95,2.13,2.14
2024-02-15,Arsenal,West Ham,2,0,H,1.51,4.66,5.57,1.51,4.62,5.6,1.56,4.83,5.72,1.56,4.83,5.76,0.05503073643408372,1.56,1.56,4.83,4.83,5.72,5.76
2024-02-16,Man Utd,Brighton,2,2,D,3.48,4.04,1.9,3.51,3.92,1.92,3.66,4.03,1.99,3.67,4.06,1.98,0.060881190775396714,3.66,3.67,4.04,4.06,1.99,1.98
2024-02-17,West Ham,Liverpool,1,0,H,3.46,3.94,1.9,3.5,3.89,1.9,3.65,4.0,1.98,3.58,4.09,1.98,0.07063660596780356,3.65,3.58,4.0,4.09,1.98,1.98
2024-02-18,Newcastle,Man City,4,0,H,1.49,4.62,5.58,1.49,4.67,5.61,1.55,4.85,5.79,1.55,4.84,5.75,0.06541013172042952,1.55,1.55,4.85,4.84,5.79,5.75
2024-02-19,Arsenal,Man City,3,1,H,1.43,4.97,5.92,1.44,4.84,5.99,1.49,5.2,6.07,1.49,5.05,6.39,0.06791842612326451,1.49,1.49,5.2,5.05,6.07,6.39
2024-02-20,Aston Villa,Man Utd,5,0,H,1.29,6.2,8.33,1.3,5.85,8.55,1.35,5.88,8.97,1.35,5.99,8.7,0.05752720938391246,1.35,1.35,6.2,5.99,8.97,8.7
2024-02-21,Aston Villa,Newcastle,1,1,D,2.11,3.65,3.04,2.05,3.77,3.08,2.16,3.86,3.23,2.15,3.95,3.19,0.07798144619495617,2.16,2.15,3.86,3.95,3.23,3.19
2024-02-22,Aston Villa,Tottenham,3,0,H,1.45,4.8,6.17,1.46,4.74,5.97,1.51,5.02,6.13,1.51,4.92,6.2,0.06241637744949007,1.51,1.51,5.02,4.92,6.17,6.2
2024-02-23,West Ham,Brighton,1,0,H,2.38,3.74,2.7,2.37,3.78,2.69,2.46,3.88,2.79,2.45,3.91,2.79,0.05860891809837004,2.46,2.45,3.88,3.91,2.79,2.79
2024-02-24,Liverpool,Man Utd,1,2,A,1.14,7.77,13.78,1.14,7.63,13.97,1.2,7.84,14.07,1.2,7.94,14.63,0.07712978552175417,1.2,1.2,7.84,7.94,14.07,14.63
2024-02-25,West Ham,Liverpool,2,0,H,3.33,4.0,1.93,3.4,3.92,1.92,3.65,4.04,1.97,3.61,4.06,1.98,0.0696586884579316,3.65,3.61,4.04,4.06,1.97,1.98
2024-02-26,Chelsea,Tottenham,5,0,H,1.23,6.03,11.15,1.22,6.48,10.38,1.28,6.68,10.29,1.27,6.69,10.69,0.06841837589415352,1.28,1.27,6.68,6.69,11.15,10.69
2024-02-27,Aston Villa,Man City,3,0,H,1.54,4.27,5.16,1.53,4.38,5.15,1.59,4.68,5.36,1.59,4.66,5.39,0.07660203956498504,1.59,1.59,4.68,4.66,5.36,5.39
2024-02-28,Tottenham,West Ham,1,1,D,2.33,3.77,2.8,2.34,3.77,2.79,2.37,3.95,2.9,2.39,3.91,2.88,0.05175620858814153,2.37,2.39,3.95,3.91,2.9,2.88
2024-02-29,Brighton,Man City,0,2,A,1.62,4.16,4.6,1.63,4.25,4.44,1.69,4.44,4.65,1.7,4.41,4.62,0.07513038536022741,1.69,1.7,4.44,4.41,4.65,4.62
2024-03-01,Newcastle,Man Utd,1,1,D,1.26,5.81,9.8,1.25,5.98,9.44,1.31,6.34,9.42,1.3,6.33,9.84,0.07033593092915302,1.31,1.3,6.34,6.33,9.8,9.84
2024-03-02,Newcastle,Man Utd,3,1,H,1.26,6.37,9.1,1.27,5.98,9.53,1.31,6.3,9.66,1.31,6.36,9.54,0.060799783843403885,1.31,1.31,6.37,6.36,9.66,9.54
2024-03-03,Newcastle,Arsenal,2,2,D,2.12,3.79,3.1,2.12,3.81,3.09,2.18,3.98,3.2,2.19,3.94,3.2,0.05769054027571567,2.18,2.19,3.98,3.94,3.2,3.2
2024-03-04,Brighton,Man Utd,1,1,D,1.36,5.23,7.8,1.38,5.32,7.16,1.42,5.61,7.31,1.42,5.47,7.36,0.05314417699644673,1.42,1.42,5.61,5.47,7.8,7.36
2024-03-05,Brighton,Man Utd,1,0,H,1.35,5.26,6.82,1.34,5.16,7.12,1.4,5.35,7.61,1.4,5.38,7.52,0.0782322251074007,1.4,1.4,5.35,5.38,7.61,7.52
2024-03-06,Man City,Chelsea,1,4,A,4.12,4.23,1.74,4.09,4.15,1.76,4.35,4.22,1.8,4.28,4.28,1.8,0.05425736309988609,4.35,4.28,4.23,4.28,1.8,1.8
2024-03-07,Aston Villa,Man City,0,0,D,1.54,4.63,5.17,1.54,4.52,5.31,1.6,4.75,5.3,1.61,4.68,5.33,0.05778315607192653,1.6,1.61,4.75,4.68,5.3,5.33
2024-03-08,Tottenham,Arsenal,0,0,D,3.47,3.8,1.93,3.43,3.89,1.91,3.55,4.12,1.98,3.61,4.04,1.99,0.0707332153870841,3.55,3.61,4.12,4.04,1.98,1.99
2024-03-09,Chelsea,Arsenal,0,1,A,1.69,3.98,4.37,1.69,4.12,4.24,1.76,4.27,4.44,1.74,4.34,4.48,0.07130457313657979,1.76,1.74,4.27,4.34,4.44,4.48
2024-03-10,Tottenham,Man Utd,2,1,H,1.69,4.22,4.39,1.7,4.18,4.42,1.74,4.44,4.5,1.75,4.35,4.5,0.05482306113807782,1.74,1.75,4.44,4.35,4.5,4.5
2024-03-11,West Ham,Arsenal,0,1,A,2.9,3.82,2.14,2.89,3.76,2.16,3.02,3.93,2.25,3.01,3.92,2.26,0.07442393482296883,3.02,3.01,3.93,3.92,2.25,2.26
2024-03-12,Aston Villa,West Ham,0,3,A,1.59,4.49,4.69,1.6,4.39,4.71,1.65,4.61,4.88,1.67,4.5,4.86,0.06530861807529087,1.65,1.67,4.61,4.5,4.88,4.86
2024-03-13,Aston Villa,Liverpool,1,1,D,2.57,3.69,2.41,2.51,3.72,2.45,2.63,3.81,2.58,2.63,3.87,2.56,0.07545370034345328,2.63,2.63,3.81,3.87,2.58,2.56
2024-03-14,Man Utd,Newcastle,0,2,A,4.4,4.2,1.7,4.36,4.2,1.71,4.48,4.35,1.76,4.46,4.35,1.76,0.052618561695426336,4.48,4.46,4.35,4.35,1.76,1.76
2024-03-15,Brighton,Newcastle,0,0,D,2.35,3.65,2.85,2.31,3.81,2.81,2.38,4.01,2.84,2.38,3.95,2.88,0.051284899972810695,2.38,2.38,4.01,3.95,2.85,2.88
2024-03-16,Chelsea,Tottenham,4,3,H,1.21,6.6,10.69,1.22,6.49,10.75,1.28,6.82,10.04,1.27,6.71,10.7,0.0691097114448305,1.28,1.27,6.82,6.71,10.69,10.75
2024-03-17,Newcastle,Aston Villa,2,1,H,1.95,3.88,3.51,1.93,3.95,3.52,2.01,4.04,3.6,2.0,4.07,3.63,0.05450071391329451,2.01,2.0,4.04,4.07,3.6,3.63
2024-03-18,Newcastle,Arsenal,1,1,D,2.07,3.86,3.09,2.11,3.77,3.07,2.19,4.02,3.12,2.19,3.94,3.17,0.065748471371999,2.19,2.19,4.02,3.94,3.12,3.17
2024-03-19,Liverpool,Chelsea,1,1,D,2.15,3.79,3.12,2.14,3.85,3.1,2.21,3.96,3.17,2.2,3.97,3.19,0.05042326277853527,2.21,2.2,3.96,3.97,3.17,3.19
2024-03-20,Liverpool,Chelsea,4,0,H,2.07,3.9,3.0,2.11,3.7,3.04,2.19,3.94,3.14,2.18,3.96,3.14,0.07339787781644601,2.19,2.18,3.94,3.96,3.14,3.14
2024-03-21,Arsenal,Liverpool,3,2,H,2.27,3.83,2.67,2.26,3.74,2.73,2.37,3.92,2.83,2.36,3.88,2.87,0.07698590510535505,2.37,2.36,3.92,3.88,2.83,2.87
2024-03-22,Man City,Chelsea,2,2,D,4.01,4.03,1.73,4.05,4.06,1.72,4.17,4.32,1.79,4.23,4.23,1.79,0.07516648285892864,4.17,4.23,4.32,4.23,1.79,1.79
2024-03-23,Man Utd,Liverpool,0,1,A,5.68,4.56,1.46,5.79,4.67,1.45,5.53,4.9,1.55,5.93,4.86,1.52,0.07875058439451255,5.68,5.93,4.9,4.86,1.55,1.52
2024-03-24,Man Utd,Brighton,0,1,A,3.57,4.0,1.83,3.44,3.94,1.88,3.66,4.1,1.95,3.64,4.05,1.96,0.0770928726397637,3.66,3.64,4.1,4.05,1.95,1.96
2024-03-25,Man City,Chelsea,1,3,A,4.13,4.13,1.73,4.12,4.13,1.73,4.24,4.28,1.8,4.24,4.26,1.8,0.06332054054871096,4.24,4.24,4.28,4.26,1.8,1.8
2024-03-26,Man Utd,Aston Villa,2,2,D,4.02,4.2,1.74,4.03,4.1,1.75,4.14,4.31,1.81,4.16,4.25,1.82,0.0619504462533094,4.14,4.16,4.31,4.25,1.81,1.82
2024-03-27,Newcastle,Brighton,1,1,D,1.75,3.92,4.0,1.75,4.01,3.89,1.82,4.23,4.08,1.83,4.23,4.04,0.07688551003914629,1.82,1.83,4.23,4.23,4.08,4.04
2024-03-28,Liverpool,West Ham,0,1,A,1.35,5.31,6.8,1.35,5.22,6.82,1.42,5.37,7.18,1.41,5.36,7.26,0.07780816386071682,1.42,1.41,5.37,5.36,7.18,7.26
2024-03-29,Chelsea,Arsenal,3,1,H,1.68,4.02,4.26,1.65,4.11,4.35,1.73,4.35,4.45,1.74,4.31,4.45,0.07918507844954112,1.73,1.74,4.35,4.31,4.45,4.45
2024-03-30,Chelsea,West Ham,3,0,H,1.32,5.46,7.62,1.31,5.44,7.92,1.37,5.65,8.1,1.37,5.7,8.14,0.07304951704528348,1.37,1.37,5.65,5.7,8.1,8.14
2024-03-31,Tottenham,Newcastle,3,0,H,3.27,3.91,2.02,3.26,3.89,2.03,3.41,3.94,2.1,3.37,4.02,2.1,0.056059664898241414,3.41,3.37,3.94,4.02,2.1,2.1
2024-04-01,Chelsea,West Ham,1,1,D,1.32,4.99,8.33,1.31,5.39,7.67,1.36,5.83,8.09,1.37,5.7,8.11,0.07834862408332167,1.36,1.37,5.83,5.7,8.33,8.11
2024-04-02,Brighton,Chelsea,0,1,A,2.95,3.68,2.14,2.98,3.79,2.09,3.13,3.98,2.17,3.1,3.95,2.19,0.07841424400448659,3.13,3.1,3.98,3.95,2.17,2.19
2024-04-03,Chelsea,West Ham,3,1,H,1.32,5.36,7.94,1.32,5.48,7.79,1.38,5.76,7.72,1.36,5.76,8.23,0.06998394091738915,1.38,1.36,5.76,5.76,7.94,8.23
2024-04-04,Man Utd,Newcastle,0,3,A,4.32,4.1,1.66,4.22,4.1,1.68,4.44,4.26,1.75,4.38,4.34,1.75,0.07571840799048454,4.44,4.38,4.26,4.34,1.75,1.75
2024-04-05,Chelsea,Arsenal,2,3,A,1.72,4.2,4.04,1.67,4.3,4.28,1.75,4.32,4.5,1.75,4.32,4.5,0.06683529263491857,1.75,1.75,4.32,4.32,4.5,4.5
2024-04-06,Man City,Man Utd,3,1,H,1.55,4.37,4.92,1.56,4.3,4.9,1.63,4.47,5.11,1.63,4.54,5.06,0.07832380836235169,1.63,1.63,4.47,4.54,5.11,5.06
2024-04-07,Newcastle,Man City,2,0,H,1.49,4.71,5.84,1.5,4.77,5.67,1.56,4.93,5.65,1.56,4.84,5.81,0.05281809189776274,1.56,1.56,4.93,4.84,5.84,5.81
2024-04-08,Liverpool,West Ham,1,1,D,1.37,4.83,7.23,1.36,5.16,6.88,1.42,5.34,7.23,1.42,5.39,7.15,0.07591891089454313,1.42,1.42,5.34,5.39,7.23,7.15
2024-04-09,Liverpool,Chelsea,0,2,A,2.17,3.75,3.08,2.14,3.9,3.05,2.18,4.04,3.18,2.2,3.99,3.18,0.05166510887111418,2.18,2.2,4.04,3.99,3.18,3.18
2024-04-10,Brighton,Liverpool,1,2,A,2.83,3.81,2.25,2.85,3.79,2.25,2.94,3.89,2.34,2.95,3.9,2.34,0.06017321156654062,2.94,2.95,3.89,3.9,2.34,2.34
2024-04-11,West Ham,Man Utd,2,1,H,1.51,4.64,5.65,1.54,4.59,5.41,1.59,4.75,5.54,1.58,4.74,5.62,0.05405976927845786,1.59,1.58,4.75,4.74,5.65,5.62
2024-04-12,Newcastle,Chelsea,1,1,D,2.59,3.78,2.41,2.56,3.78,2.44,2.68,3.87,2.54,2.69,3.87,2.53,0.06437405277388737,2.68,2.69,3.87,3.87,2.54,2.53
2024-04-13,West Ham,Arsenal,1,4,A,2.89,3.89,2.2,2.93,3.85,2.19,3.06,3.94,2.26,3.04,3.94,2.27,0.0569673847397741,3.06,3.04,3.94,3.94,2.26,2.27
2024-04-14,Aston Villa,Brighton,2,4,A,1.81,3.87,3.76,1.83,3.91,3.62,1.89,4.09,3.88,1.9,4.1,3.84,0.07856217138001992,1.89,1.9,4.09,4.1,3.88,3.84
2024-04-15,Man Utd,Aston Villa,1,0,H,3.88,4.21,1.75,4.01,4.05,1.75,4.17,4.21,1.82,4.15,4.24,1.82,0.06677964000960229,4.17,4.15,4.21,4.24,1.82,1.82
2024-04-16,Brighton,Newcastle,0,1,A,2.3,3.72,2.68,2.26,3.71,2.74,2.35,3.85,2.89,2.36,3.88,2.86,0.07693192208911175,2.35,2.36,3.85,3.88,2.89,2.86
2024-04-17,Chelsea,Newcastle,6,0,H,1.62,4.29,4.76,1.63,4.28,4.72,1.67,4.42,5.02,1.68,4.5,4.87,0.05834175407153453,1.67,1.68,4.42,4.5,5.02,4.87
2024-04-18,Man Utd,Chelsea,1,7,A,6.48,5.01,1.44,6.53,5.0,1.43,6.59,5.19,1.48,6.71,5.18,1.47,0.05077932679839683,6.59,6.71,5.19,5.18,1.48,1.47
2024-04-19,Tottenham,Man Utd,0,1,A,1.66,4.23,4.26,1.66,4.15,4.38,1.73,4.33,4.53,1.74,4.34,4.48,0.07326965011051766,1.73,1.74,4.33,4.34,4.53,4.48
2024-04-20,West Ham,Man Utd,1,0,H,1.5,4.52,5.53,1.5,4.62,5.28,1.57,4.74,5.51,1.57,4.7,5.58,0.07107132979915916,1.57,1.57,4.74,4.7,5.53,5.58
2024-04-21,Aston Villa,Man City,1,0,H,1.52,4.74,5.08,1.53,4.5,5.2,1.58,4.68,5.5,1.6,4.68,5.34,0.06636474937022581,1.58,1.6,4.74,4.68,5.5,5.34
2024-04-22,Man Utd,Arsenal,1,5,A,4.55,4.25,1.61,4.53,4.27,1.61,4.83,4.42,1.68,4.8,4.44,1.68,0.07446028189187638,4.83,4.8,4.42,4.44,1.68,1.68
2024-04-23,Newcastle,Liverpool,3,3,D,2.41,3.61,2.61,2.39,3.72,2.58,2.53,3.83,2.68,2.51,3.88,2.68,0.07520253117944398,2.53,2.51,3.83,3.88,2.68,2.68
2024-04-24,Liverpool,Tottenham,4,0,H,1.26,6.08,9.07,1.26,6.06,9.17,1.31,6.24,9.72,1.31,6.3,9.7,0.06763709924054521,1.31,1.31,6.24,6.3,9.72,9.7
2024-04-25,Aston Villa,Man City,1,1,D,1.5,4.64,5.09,1.52,4.47,5.07,1.59,4.64,5.35,1.59,4.63,5.35,0.07897783375561811,1.59,1.59,4.64,4.63,5.35,5.35
2024-04-26,Tottenham,Arsenal,2,2,D,3.49,4.0,1.87,3.41,3.95,1.9,3.64,4.1,1.96,3.62,4.02,1.99,0.07159135842851982,3.64,3.62,4.1,4.02,1.96,1.99
2024-04-27,Tottenham,Aston Villa,1,0,H,3.05,3.86,2.07,3.03,3.78,2.1,3.14,3.9,2.2,3.17,3.94,2.18,0.07030626128487887,3.14,3.17,3.9,3.94,2.2,2.18
2024-04-28,Brighton,Chelsea,2,4,A,3.02,3.96,2.1,3.04,3.86,2.12,3.16,3.96,2.2,3.15,3.95,2.2,0.06084265377675936,3.16,3.15,3.96,3.95,2.2,2.2
2024-04-29,Newcastle,Tottenham,0,1,A,1.43,5.14,6.45,1.43,5.0,6.63,1.48,5.16,6.69,1.48,5.18,6.66,0.05006775735800023,1.48,1.48,5.16,5.18,6.69,6.66
2024-04-30,Arsenal,Tottenham,5,0,H,1.39,5.29,6.65,1.38,5.25,6.94,1.42,5.46,7.4,1.42,5.45,7.39,0.05722828021682534,1.42,1.42,5.46,5.45,7.4,7.39
2024-05-01,Liverpool,Brighton,2,3,A,1.51,4.49,5.37,1.51,4.56,5.26,1.59,4.6,5.48,1.58,4.71,5.41,0.0729176152044389,1.59,1.58,4.6,4.71,5.48,5.41
2024-05-02,Man City,Brighton,1,1,D,2.5,3.68,2.5,2.49,3.73,2.49,2.55,3.95,2.61,2.59,3.9,2.6,0.07129613763311522,2.55,2.59,3.95,3.9,2.61,2.6
2024-05-03,Brighton,Liverpool,2,1,H,2.84,3.85,2.23,2.82,3.79,2.27,2.92,3.99,2.32,2.94,3.92,2.33,0.05993066434490283,2.92,2.94,3.99,3.92,2.32,2.33
2024-05-04,Arsenal,Aston Villa,2,1,H,1.8,4.14,3.69,1.81,4.0,3.74,1.89,4.1,3.91,1.89,4.13,3.88,0.06876748923615317,1.89,1.89,4.14,4.13,3.91,3.88
2024-05-05,Liverpool,Man Utd,5,1,H,1.18,7.61,13.13,1.16,7.95,14.48,1.21,8.13,13.93,1.2,8.04,15.07,0.05585862438419412,1.21,1.2,8.13,8.04,13.93,15.07
2024-05-06,Tottenham,Aston Villa,0,0,D,3.06,3.85,2.12,3.08,3.87,2.1,3.23,3.93,2.18,3.19,3.99,2.18,0.05790883157807132,3.23,3.19,3.93,3.99,2.18,2.18
2024-05-07,Newcastle,Chelsea,2,0,H,2.53,3.75,2.4,2.54,3.73,2.4,2.67,3.86,2.52,2.67,3.85,2.52,0.0784222428170749,2.67,2.67,3.86,3.85,2.52,2.52
2024-05-08,Tottenham,Arsenal,1,0,H,3.52,3.99,1.89,3.52,3.9,1.92,3.6,4.1,1.99,3.61,4.07,1.99,0.062395417188067834,3.6,3.61,4.1,4.07,1.99,1.99
2024-05-09,Aston Villa,Newcastle,1,3,A,2.1,3.82,3.13,2.1,3.8,3.14,2.13,4.02,3.27,2.17,3.98,3.22,0.05734962782896564,2.13,2.17,4.02,3.98,3.27,3.22
2024-05-10,West Ham,Arsenal,3,1,H,2.9,3.8,2.19,2.92,3.81,2.18,2.98,3.96,2.29,3.04,3.9,2.27,0.06461324740516974,2.98,3.04,3.96,3.9,2.29,2.27
2024-05-11,Man City,Brighton,3,1,H,2.52,3.84,2.48,2.52,3.78,2.51,2.62,3.91,2.58,2.59,3.92,2.6,0.06161047639362099,2.62,2.59,3.91,3.92,2.58,2.6
2024-05-12,West Ham,Arsenal,1,2,A,2.98,3.62,2.18,2.89,3.77,2.17,2.99,3.88,2.29,3.02,3.9,2.27,0.07188587112047318,2.99,3.02,3.88,3.9,2.29,2.27
2024-05-13,Newcastle,Man City,1,0,H,1.48,4.42,5.64,1.48,4.6,5.4,1.54,4.79,5.8,1.54,4.8,5.79,0.07886348319472644,1.54,1.54,4.79,4.8,5.8,5.79
2024-05-14,Newcastle,Tottenham,5,0,H,1.42,4.81,6.48,1.42,4.95,6.18,1.46,5.15,6.68,1.47,5.11,6.64,0.06775212273373075,1.46,1.47,5.15,5.11,6.68,6.64
2024-05-15,Arsenal,West Ham,1,1,D,1.51,4.55,5.35,1.49,4.59,5.65,1.55,4.79,5.7,1.55,4.83,5.77,0.06773441560810745,1.55,1.55,4.79,4.83,5.7,5.77
2024-05-16,Newcastle,Chelsea,2,0,H,2.62,3.69,2.45,2.6,3.78,2.43,2.66,3.96,2.52,2.68,3.9,2.53,0.060945015761704496,2.66,2.68,3.96,3.9,2.52,2.53
2024-05-17,Brighton,Man City,3,0,H,1.67,4.09,4.49,1.64,4.3,4.47,1.71,4.55,4.5,1.71,4.41,4.67,0.06693892795925886,1.71,1.71,4.55,4.41,4.5,4.67
2024-05-18,Tottenham,Liverpool,0,3,A,4.32,4.18,1.7,4.24,4.13,1.72,4.42,4.3,1.77,4.4,4.29,1.77,0.05957986599161415,4.42,4.4,4.3,4.29,1.77,1.77
2024-05-19,Arsenal,West Ham,2,0,H,1.52,4.67,5.6,1.52,4.75,5.53,1.56,4.8,5.82,1.57,4.72,5.88,0.05003276222937026,1.56,1.57,4.8,4.75,5.82,5.88
2024-05-20,Tottenham,Brighton,5,1,H,2.75,3.62,2.29,2.7,3.7,2.29,2.83,3.92,2.37,2.85,3.9,2.36,0.07598288518635456,2.83,2.85,3.92,3.9,2.37,2.36
2024-05-21,West Ham,Arsenal,2,0,H,2.95,3.68,2.21,2.92,3.78,2.19,3.05,3.91,2.27,3.04,3.9,2.28,0.06288332256565116,3.05,3.04,3.91,3.9,2.27,2.28
2024-05-22,Brighton,Chelsea,0,1,A,3.05,3.79,2.11,3.05,3.79,2.11,3.12,3.96,2.2,3.15,3.96,2.19,0.0647626545516199,3.12,3.15,3.96,3.96,2.2,2.19
2024-05-23,Man City,Chelsea,0,0,D,4.18,4.02,1.77,4.18,4.1,1.76,4.25,4.29,1.81,4.26,4.27,1.81,0.05250502746277785,4.25,4.26,4.29,4.27,1.81,1.81
2024-05-24,West Ham,Man City,3,2,H,1.91,3.79,3.48,1.86,3.9,3.54,1.94,4.09,3.68,1.96,4.06,3.66,0.07511331540216176,1.94,1.96,4.09,4.06,3.68,3.66
2024-05-25,West Ham,Brighton,1,2,A,2.38,3.75,2.72,2.37,3.81,2.7,2.47,3.88,2.78,2.45,3.91,2.8,0.055110112111327714,2.47,2.45,3.88,3.91,2.78,2.8
2024-05-26,Man City,Newcastle,6,0,H,2.95,3.78,2.18,2.95,3.79,2.18,3.07,3.89,2.26,3.04,3.95,2.26,0.06231863476352948,3.07,3.04,3.89,3.95,2.26,2.26
2024-05-27,Aston Villa,Man City,0,3,A,1.55,4.33,5.05,1.52,4.51,5.14,1.62,4.54,5.2,1.59,4.66,5.41,0.07520796641191645,1.62,1.59,4.54,4.66,5.2,5.41
2024-05-28,Man Utd,Newcastle,0,0,D,4.36,4.05,1.7,4.31,4.14,1.69,4.42,4.41,1.75,4.47,4.33,1.75,0.06373348820640559,4.42,4.47,4.41,4.33,1.75,1.75
2024-05-29,Tottenham,Chelsea,1,2,A,4.71,4.16,1.6,4.53,4.21,1.61,4.79,4.4,1.68,4.8,4.42,1.68,0.07793457006399392,4.79,4.8,4.4,4.42,1.68,1.68
2024-05-30,Man Utd,Arsenal,0,1,A,4.69,4.39,1.63,4.7,4.35,1.63,4.83,4.5,1.69,4.86,4.45,1.69,0.056279429102620696,4.83,4.86,4.5,4.45,1.69,1.69
2024-05-31,Brighton,Man Utd,5,2,H,1.37,5.25,6.72,1.35,5.33,7.0,1.4,5.45,7.53,1.41,5.44,7.45,0.07145698489864313,1.4,1.41,5.45,5.44,7.53,7.45
2024-06-01,West Ham,Man City,2,2,D,1.85,3.84,3.58,1.86,3.91,3.48,1.96,4.03,3.66,1.96,4.04,3.66,0.07933995570685182,1.96,1.96,4.03,4.04,3.66,3.66
2024-06-02,Brighton,Liverpool,2,2,D,2.86,3.78,2.21,2.8,3.82,2.23,2.9,3.91,2.35,2.93,3.91,2.33,0.06648840911660933,2.9,2.93,3.91,3.91,2.35,2.33
2024-06-03,West Ham,Brighton,3,1,H,2.33,3.74,2.67,2.33,3.75,2.66,2.42,3.95,2.76,2.44,3.87,2.77,0.07076551695931979,2.42,2.44,3.95,3.87,2.76,2.77
2024-06-04,West Ham,Newcastle,0,3,A,2.68,3.82,2.34,2.73,3.78,2.32,2.85,3.86,2.41,2.83,3.9,2.41,0.06179679978803025,2.85,2.83,3.86,3.9,2.41,2.41
2024-06-05,Arsenal,Liverpool,1,0,H,2.29,3.63,2.77,2.26,3.8,2.73,2.34,3.98,2.86,2.36,3.91,2.86,0.07254012019176406,2.34,2.36,3.98,3.91,2.86,2.86
2024-06-06,Liverpool,Aston Villa,1,1,D,1.61,4.29,4.49,1.61,4.27,4.5,1.67,4.53,4.76,1.69,4.39,4.72,0.07726622169571187,1.67,1.69,4.53,4.39,4.76,4.72
2024-06-07,Brighton,Tottenham,2,0,H,1.53,4.47,5.21,1.54,4.39,5.13,1.61,4.58,5.34,1.61,4.62,5.24,0.07109166701151587,1.61,1.61,4.58,4.62,5.34,5.24
2024-06-08,Tottenham,Aston Villa,0,2,A,3.0,3.83,2.07,3.04,3.79,2.06,3.13,3.98,2.17,3.15,3.93,2.18,0.07807786134142938,3.13,3.15,3.98,3.93,2.17,2.18
2024-06-09,Arsenal,Brighton,1,0,H,1.72,4.13,4.09,1.67,4.2,4.31,1.74,4.38,4.43,1.75,4.36,4.41,0.06765957955976928,1.74,1.75,4.38,4.36,4.43,4.41
2024-06-10,Arsenal,Man Utd,3,0,H,1.23,6.42,10.25,1.22,6.52,10.59,1.27,6.87,10.46,1.27,6.69,10.97,0.06731412321352889,1.27,1.27,6.87,6.69,10.46,10.97
2024-06-11,Tottenham,Man Utd,1,0,H,1.7,4.02,4.49,1.69,4.25,4.31,1.74,4.39,4.56,1.74,4.38,4.51,0.059138821643274664,1.74,1.74,4.39,4.38,4.56,4.51
2024-06-12,Newcastle,Man Utd,0,0,D,1.24,6.21,9.42,1.26,6.04,8.77,1.31,6.44,9.29,1.31,6.36,9.5,0.07128882473491358,1.31,1.31,6.44,6.36,9.42,9.5
2024-06-13,Man City,Brighton,3,1,H,2.45,3.71,2.51,2.5,3.68,2.47,2.59,3.9,2.58,2.6,3.86,2.59,0.07645857565268466,2.59,2.6,3.9,3.86,2.58,2.59
2024-06-14,Man City,Chelsea,1,2,A,4.14,3.98,1.73,4.05,4.09,1.73,4.18,4.28,1.8,4.25,4.27,1.79,0.06938948678386794,4.18,4.25,4.28,4.27,1.8,1.79
2024-06-15,Man City,Chelsea,0,1,A,4.22,4.15,1.73,4.13,4.11,1.75,4.19,4.31,1.81,4.26,4.27,1.8,0.05699117661795749,4.22,4.26,4.31,4.27,1.81,1.8
2024-06-16,Tottenham,Liverpool,0,2,A,4.13,4.11,1.72,4.22,4.1,1.71,4.4,4.31,1.76,4.41,4.3,1.76,0.0663232734416506,4.4,4.41,4.31,4.3,1.76,1.76
2024-06-17,Arsenal,Chelsea,1,0,H,2.47,3.75,2.5,2.42,3.7,2.57,2.5,3.91,2.68,2.52,3.87,2.68,0.07267812250854246,2.5,2.52,3.91,3.87,2.68,2.68
2024-06-18,Tottenham,Man City,5,1,H,2.14,3.71,2.94,2.12,3.79,2.91,2.23,3.91,3.07,2.23,3.91,3.06,0.07818089944618259,2.23,2.23,3.91,3.91,3.07,3.06
2024-06-19,Man Utd,Arsenal,0,1,A,4.62,4.39,1.64,4.65,4.34,1.64,4.83,4.44,1.7,4.83,4.42,1.7,0.05469788148561662,4.83,4.83,4.44,4.42,1.7,1.7
2024-06-20,Man Utd,West Ham,1,4,A,2.87,3.9,2.22,2.9,3.77,2.25,2.96,3.99,2.31,3.0,3.93,2.31,0.053824912728996824,2.96,3.0,3.99,3.93,2.31,2.31
2024-06-21,Newcastle,Arsenal,0,4,A,2.1,3.9,3.03,2.1,3.84,3.06,2.18,4.01,3.15,2.18,3.97,3.18,0.062388305906987185,2.18,2.18,4.01,3.97,3.15,3.18
2024-06-22,Tottenham,Aston Villa,0,1,A,3.09,3.76,2.15,3.07,3.91,2.12,3.22,3.94,2.19,3.19,3.99,2.19,0.05376833508387833,3.22,3.19,3.94,3.99,2.19,2.19
2024-06-23,Brighton,Arsenal,1,0,H,2.39,3.69,2.57,2.39,3.7,2.56,2.5,3.88,2.68,2.5,3.86,2.68,0.07941286737515356,2.5,2.5,3.88,3.86,2.68,2.68
2024-06-24,Brighton,Newcastle,0,1,A,2.29,3.82,2.75,2.29,3.75,2.78,2.38,3.9,2.88,2.37,3.9,2.88,0.06272913101847678,2.38,2.37,3.9,3.9,2.88,2.88
2024-06-25,West Ham,Liverpool,2,0,H,3.52,3.9,1.9,3.49,3.91,1.91,3.65,4.02,1.98,3.61,4.06,1.99,0.06600831557203715,3.65,3.61,4.02,4.06,1.98,1.99
2024-06-26,Brighton,Man Utd,3,2,H,1.36,5.82,6.66,1.37,5.32,7.34,1.42,5.6,7.19,1.42,5.44,7.42,0.05681263343878314,1.42,1.42,5.82,5.44,7.19,7.42
2024-06-27,Tottenham,Liverpool,1,3,A,4.23,4.18,1.7,4.28,4.15,1.7,4.38,4.33,1.77,4.41,4.31,1.76,0.06347378370610789,4.38,4.41,4.33,4.31,1.77,1.76
2024-06-28,Man Utd,Tottenham,0,2,A,2.4,3.63,2.58,2.4,3.68,2.55,2.53,3.87,2.65,2.52,3.85,2.66,0.0795408180458366,2.53,2.52,3.87,3.85,2.65,2.66
2024-06-29,Liverpool,Tottenham,1,2,A,1.28,5.88,8.72,1.26,6.11,9.23,1.32,6.19,9.33,1.31,6.29,9.55,0.06466061454100909,1.32,1.31,6.19,6.29,9.33,9.55
2024-06-30,Tottenham,Man Utd,5,1,H,1.72,4.21,4.33,1.71,4.24,4.38,1.76,4.36,4.53,1.76,4.37,4.5,0.05026471777413459,1.76,1.76,4.36,4.37,4.53,4.5
2024-07-01,Man City,Man Utd,2,2,D,1.57,4.55,4.94,1.59,4.37,4.97,1.64,4.57,5.09,1.65,4.55,5.11,0.05727582590751892,1.64,1.65,4.57,4.55,5.09,5.11
2024-07-02,West Ham,Man Utd,3,0,H,1.5,4.43,5.38,1.5,4.49,5.25,1.57,4.71,5.48,1.56,4.74,5.51,0.07935364491435512,1.57,1.56,4.71,4.74,5.48,5.51
2024-07-03,Aston Villa,Brighton,1,1,D,1.83,3.76,3.76,1.81,3.94,3.65,1.9,4.09,3.84,1.9,4.09,3.84,0.07967202540232197,1.9,1.9,4.09,4.09,3.84,3.84
2024-07-04,Man City,Man Utd,0,0,D,1.62,4.38,4.79,1.59,4.4,5.04,1.64,4.56,5.18,1.65,4.59,5.08,0.05631479269315117,1.64,1.65,4.56,4.59,5.18,5.08
2024-07-05,Brighton,Chelsea,2,3,A,3.01,3.84,2.1,2.98,3.76,2.14,3.11,3.98,2.2,3.13,3.95,2.2,0.06845792263531561,3.11,3.13,3.98,3.95,2.2,2.2
2024-07-06,Man City,Liverpool,0,2,A,3.78,3.99,1.86,3.79,4.03,1.85,3.89,4.25,1.89,3.92,4.21,1.89,0.05230724991516244,3.89,3.92,4.25,4.21,1.89,1.89
2024-07-07,Brighton,Chelsea,0,3,A,3.07,3.76,2.1,3.03,3.81,2.11,3.16,3.87,2.21,3.14,3.97,2.19,0.06732324927333888,3.16,3.14,3.87,3.97,2.21,2.19
2024-07-08,Arsenal,Liverpool,0,0,D,2.31,3.86,2.76,2.31,3.79,2.8,2.38,3.92,2.89,2.39,3.91,2.89,0.053777621044593125,2.38,2.39,3.92,3.91,2.89,2.89
2024-07-09,Man Utd,Man City,3,1,H,2.65,3.83,2.3,2.68,3.66,2.34,2.76,3.89,2.44,2.78,3.87,2.43,0.07455984570927973,2.76,2.78,3.89,3.87,2.44,2.43
2024-07-10,Newcastle,West Ham,1,1,D,1.55,4.31,4.95,1.55,4.39,4.91,1.62,4.56,5.17,1.6,4.61,5.26,0.07818724962806733,1.62,1.6,4.56,4.61,5.17,5.26
2024-07-11,Brighton,Arsenal,0,0,D,2.5,3.63,2.63,2.44,3.8,2.62,2.52,3.91,2.71,2.52,3.88,2.72,0.05518960424148448,2.52,2.52,3.91,3.88,2.71,2.72
2024-07-12,Man Utd,Tottenham,6,3,H,2.48,3.73,2.55,2.46,3.72,2.58,2.5,3.91,2.7,2.52,3.9,2.68,0.06388136505784472,2.5,2.52,3.91,3.9,2.7,2.68
2024-07-13,West Ham,Brighton,0,1,A,2.39,3.81,2.68,2.37,3.82,2.7,2.46,3.88,2.81,2.46,3.93,2.78,0.053061289954239026,2.46,2.46,3.88,3.93,2.81,2.78
2024-07-14,Brighton,West Ham,0,0,D,1.72,4.22,4.13,1.73,4.12,4.15,1.79,4.29,4.32,1.8,4.25,4.26,0.06017420021218925,1.79,1.8,4.29,4.25,4.32,4.26
2024-07-15,Liverpool,Man City,1,1,D,1.32,5.73,8.28,1.35,5.48,7.94,1.38,5.75,8.07,1.38,5.76,8.11,0.051952932642815794,1.38,1.38,5.75,5.76,8.28,8.11
2024-07-16,Newcastle,Man City,4,0,H,1.52,4.49,5.7,1.49,4.71,5.7,1.56,4.72,5.91,1.56,4.83,5.77,0.05793639584052281,1.56,1.56,4.72,4.83,5.91,5.77
2024-07-17,Brighton,Chelsea,2,0,H,2.98,3.75,2.1,2.95,3.77,2.1,3.15,3.93,2.17,3.11,3.95,2.19,0.07970671001267905,3.15,3.11,3.93,3.95,2.17,2.19
2024-07-18,Chelsea,Tottenham,2,1,H,1.25,6.7,9.83,1.24,6.62,10.49,1.29,6.51,10.63,1.28,6.73,10.84,0.05133809801964206,1.29,1.28,6.7,6.73,10.63,10.84
2024-07-19,Brighton,West Ham,3,1,H,1.7,4.15,4.06,1.71,4.02,4.14,1.79,4.22,4.27,1.78,4.26,4.27,0.07576904988856012,1.79,1.78,4.22,4.26,4.27,4.27
2024-07-20,Aston Villa,Man City,3,1,H,1.56,4.62,5.13,1.56,4.54,5.24,1.6,4.8,5.34,1.6,4.68,5.45,0.05232357733262315,1.6,1.6,4.8,4.68,5.34,5.45
2024-07-21,Aston Villa,Man City,2,0,H,1.53,4.58,5.19,1.53,4.52,5.19,1.6,4.61,5.43,1.59,4.64,5.45,0.06586990793352081,1.6,1.59,4.61,4.64,5.43,5.45
2024-07-22,Brighton,Liverpool,1,2,A,2.9,3.78,2.2,2.82,3.79,2.25,2.96,3.91,2.32,2.94,3.91,2.33,0.06356359377282038,2.96,2.94,3.91,3.91,2.32,2.33
2024-07-23,Newcastle,Aston Villa,1,1,D,1.94,3.78,3.34,1.9,3.79,3.47,1.98,4.05,3.58,1.98,4.03,3.6,0.07794663980061935,1.98,1.98,4.05,4.03,3.58,3.6
2024-07-24,Liverpool,Arsenal,2,0,H,1.78,4.12,3.96,1.77,4.12,4.03,1.84,4.26,4.11,1.84,4.2,4.16,0.05597149586855269,1.84,1.84,4.26,4.2,4.11,4.16
2024-07-25,Brighton,Chelsea,2,1,H,3.14,3.76,2.12,3.04,3.88,2.13,3.17,4.01,2.19,3.16,3.97,2.21,0.055390460461389054,3.17,3.16,4.01,3.97,2.19,2.21
2024-07-26,Chelsea,Man City,2,1,H,1.27,5.76,8.83,1.28,5.71,8.82,1.33,6.01,9.03,1.33,6.04,9.18,0.07246142265703497,1.33,1.33,6.01,6.04,9.03,9.18
2024-07-27,Tottenham,Man City,2,1,H,2.13,3.8,2.94,2.14,3.78,2.95,2.23,3.92,3.07,2.24,3.9,3.07,0.07177158419301062,2.23,2.24,3.92,3.9,3.07,3.07
2024-07-28,Chelsea,West Ham,4,1,H,1.31,5.85,7.18,1.32,5.36,7.89,1.38,5.79,7.75,1.37,5.71,8.16,0.07097545311478397,1.38,1.37,5.85,5.71,7.75,8.16
2024-07-29,Chelsea,Arsenal,1,3,A,1.75,4.12,4.23,1.71,4.23,4.38,1.77,4.3,4.51,1.76,4.36,4.5,0.05078381348517143,1.77,1.76,4.3,4.36,4.51,4.5
2024-07-30,Man City,Chelsea,1,1,D,4.12,4.11,1.75,4.18,4.14,1.73,4.22,4.27,1.81,4.26,4.26,1.81,0.057798790601747266,4.22,4.26,4.27,4.26,1.81,1.81
2024-07-31,West Ham,Aston Villa,1,3,A,2.56,3.71,2.41,2.58,3.66,2.41,2.71,3.84,2.5,2.7,3.88,2.49,0.07519685533562898,2.71,2.7,3.84,3.88,2.5,2.49
2024-08-01,Man City,Newcastle,0,1,A,2.9,3.79,2.17,2.93,3.78,2.16,3.03,3.95,2.25,3.02,3.95,2.26,0.06802574364370317,3.03,3.02,3.95,3.95,2.25,2.26
2024-08-02,Arsenal,Man City,0,0,D,1.44,4.79,6.0,1.43,4.82,6.29,1.5,4.97,6.34,1.49,5.05,6.35,0.06806584762196545,1.5,1.49,4.97,5.05,6.34,6.35
2024-08-03,West Ham,Man Utd,1,1,D,1.53,4.7,5.15,1.52,4.64,5.38,1.57,4.83,5.56,1.58,4.71,5.6,0.058877498162144354,1.57,1.58,4.83,4.71,5.56,5.6
2024-08-04,Tottenham,West Ham,1,0,H,2.32,3.79,2.75,2.3,3.77,2.8,2.37,3.9,2.9,2.38,3.93,2.86,0.057805192656708436,2.37,2.38,3.9,3.93,2.9,2.86
2024-08-05,Man Utd,Chelsea,0,5,A,5.76,4.97,1.42,6.48,4.81,1.4,6.46,5.11,1.47,6.64,5.13,1.46,0.07839664664054764,6.46,6.64,5.11,5.13,1.47,1.46
2024-08-06,Brighton,Man Utd,3,1,H,1.34,5.29,7.24,1.35,5.18,7.13,1.42,5.4,7.28,1.41,5.45,7.39,0.07183265836559637,1.42,1.41,5.4,5.45,7.28,7.39
2024-08-07,Chelsea,Tottenham,7,3,H,1.24,6.45,10.8,1.25,6.7,9.7,1.28,6.52,11.24,1.28,6.72,10.89,0.05380598353405513,1.28,1.28,6.52,6.72,11.24,10.89
2024-08-08,Man City,Newcastle,1,1,D,2.85,3.67,2.2,2.88,3.75,2.15,2.99,3.95,2.25,3.02,3.94,2.24,0.07813120826431291,2.99,3.02,3.95,3.94,2.25,2.24
2024-08-09,Brighton,Man City,1,1,D,1.67,4.12,4.41,1.65,4.24,4.43,1.71,4.44,4.63,1.71,4.41,4.66,0.06747110455454165,1.71,1.71,4.44,4.41,4.63,4.66
2024-08-10,Man City,Aston Villa,1,0,H,2.82,3.77,2.27,2.78,3.77,2.3,2.9,3.89,2.37,2.89,3.93,2.36,0.060000871008712646,2.9,2.89,3.89,3.93,2.37,2.36
2024-08-11,Tottenham,West Ham,0,3,A,2.27,3.8,2.8,2.29,3.74,2.8,2.36,3.97,2.86,2.38,3.92,2.87,0.061914183391987954,2.36,2.38,3.97,3.92,2.86,2.87
2024-08-12,West Ham,Man City,3,1,H,1.87,3.82,3.65,1.89,3.86,3.52,1.96,4.04,3.69,1.96,4.07,3.68,0.07176213531057854,1.96,1.96,4.04,4.07,3.69,3.68
2024-08-13,West Ham,Brighton,1,0,H,2.4,3.66,2.69,2.35,3.79,2.69,2.45,3.93,2.76,2.44,3.9,2.79,0.06128817955058251,2.45,2.44,3.93,3.9,2.76,2.79
2024-08-14,Chelsea,Aston Villa,3,1,H,1.56,4.39,5.06,1.56,4.47,4.96,1.62,4.6,5.18,1.62,4.63,5.17,0.06736234397355821,1.62,1.62,4.6,4.63,5.18,5.17
2024-08-15,Brighton,Newcastle,3,1,H,2.26,3.88,2.7,2.27,3.74,2.74,2.37,3.91,2.85,2.35,3.92,2.87,0.07131498489945215,2.37,2.35,3.91,3.92,2.85,2.87
2024-08-16,Newcastle,Chelsea,0,0,D,2.61,3.7,2.49,2.59,3.79,2.46,2.69,3.91,2.53,2.68,3.92,2.54,0.055861249919178936,2.69,2.68,3.91,3.92,2.53,2.54
2024-08-17,Man Utd,Tottenham,2,1,H,2.43,3.64,2.55,2.41,3.71,2.54,2.53,3.81,2.68,2.52,3.87,2.66,0.07832724458727648,2.53,2.52,3.81,3.87,2.68,2.66
2024-08-18,Man City,Aston Villa,2,2,D,2.76,3.79,2.3,2.82,3.71,2.29,2.91,3.87,2.37,2.89,3.91,2.37,0.060685183143062295,2.91,2.89,3.87,3.91,2.37,2.37
2024-08-19,Chelsea,Man City,0,1,A,1.28,5.87,8.96,1.29,5.88,8.46,1.33,6.02,9.4,1.33,6.17,9.0,0.06258124271230743,1.33,1.33,6.02,6.17,9.4,9.0
2024-08-20,Newcastle,Aston Villa,0,1,A,1.88,3.88,3.56,1.91,3.92,3.42,1.98,4.09,3.57,1.98,4.04,3.63,0.07095543103603462,1.98,1.98,4.09,4.04,3.57,3.63
2024-08-21,West Ham,Aston Villa,1,4,A,2.55,3.75,2.44,2.57,3.78,2.41,2.66,3.9,2.53,2.68,3.92,2.51,0.06826355268163292,2.66,2.68,3.9,3.92,2.53,2.51
2024-08-22,Arsenal,Brighton,4,5,A,1.68,4.25,4.33,1.71,4.14,4.22,1.74,4.41,4.45,1.76,4.36,4.41,0.06320359510817539,1.74,1.76,4.41,4.36,4.45,4.41
2024-08-23,Brighton,Chelsea,0,3,A,3.0,3.8,2.12,3.01,3.8,2.11,3.1,3.99,2.2,3.15,3.95,2.18,0.06949226120902374,3.1,3.15,3.99,3.95,2.2,2.18
2024-08-24,Aston Villa,Tottenham,1,1,D,1.43,4.77,5.89,1.44,4.73,5.88,1.5,4.88,6.22,1.5,4.9,6.19,0.07708484922716134,1.5,1.5,4.88,4.9,6.22,6.19
2024-08-25,West Ham,Arsenal,0,2,A,2.86,3.93,2.12,2.9,3.74,2.16,2.99,4.03,2.24,3.02,3.92,2.26,0.07400850849936255,2.99,3.02,4.03,3.92,2.24,2.26
2024-08-26,Man Utd,West Ham,1,1,D,2.82,3.76,2.2,2.83,3.71,2.21,2.99,3.86,2.29,2.94,3.92,2.3,0.0747277702986432,2.99,2.94,3.86,3.92,2.29,2.3
2024-08-27,Man City,Man Utd,5,2,H,1.56,4.68,4.93,1.58,4.43,4.99,1.64,4.57,5.11,1.65,4.53,5.08,0.05775225225701939,1.64,1.65,4.68,4.53,5.11,5.08
2024-08-28,Liverpool,Arsenal,2,1,H,1.73,4.29,3.95,1.76,4.1,3.98,1.82,4.32,4.08,1.84,4.21,4.08,0.06258210047892913,1.82,1.84,4.32,4.21,4.08,4.08
2024-08-29,Aston Villa,Brighton,2,2,D,1.85,4.08,3.54,1.82,4.02,3.72,1.9,4.08,3.91,1.91,4.15,3.82,0.06661457424962178,1.9,1.91,4.08,4.15,3.91,3.82
2024-08-30,Aston Villa,Tottenham,1,1,D,1.45,4.92,6.37,1.48,4.81,5.96,1.52,5.06,6.09,1.52,5.01,6.17,0.05132572457484449,1.52,1.52,5.06,5.01,6.37,6.17
2024-08-31,Newcastle,Tottenham,3,1,H,1.39,5.15,6.31,1.4,4.92,6.36,1.46,5.06,6.81,1.46,5.19,6.54,0.07309376541131973,1.46,1.46,5.15,5.19,6.81,6.54
2024-09-01,Man City,Arsenal,1,2,A,3.15,4.09,2.01,3.14,3.9,2.06,3.25,3.92,2.17,3.26,3.97,2.15,0.05970390273245267,3.25,3.26,4.09,3.97,2.17,2.15
2024-09-02,Man City,Brighton,1,2,A,2.51,3.77,2.53,2.5,3.78,2.54,2.59,3.95,2.6,2.61,3.89,2.61,0.05847788234123043,2.59,2.61,3.95,3.89,2.6,2.61
2024-09-03,Man Utd,Newcastle,0,1,A,4.19,4.24,1.71,4.27,4.22,1.7,4.44,4.32,1.77,4.46,4.32,1.76,0.05777876028068439,4.44,4.46,4.32,4.32,1.77,1.76
2024-09-04,Tottenham,Aston Villa,3,3,D,3.05,3.96,2.09,3.11,3.81,2.11,3.23,4.0,2.16,3.2,3.97,2.18,0.058501377962601936,3.23,3.2,4.0,3.97,2.16,2.18
2024-09-05,Arsenal,Aston Villa,2,2,D,1.81,4.15,3.74,1.83,3.98,3.82,1.89,4.26,3.84,1.9,4.16,3.9,0.060140444964734974,1.89,1.9,4.26,4.16,3.84,3.9
2024-09-06,Newcastle,Man City,1,1,D,1.51,4.47,5.48,1.48,4.65,5.61,1.56,4.75,5.7,1.55,4.79,5.78,0.06814473674228477,1.56,1.55,4.75,4.79,5.7,5.78
2024-09-07,Tottenham,Man City,1,1,D,2.16,3.85,2.9,2.15,3.77,2.98,2.24,3.95,3.06,2.24,3.94,3.06,0.0675069596570019,2.24,2.24,3.95,3.94,3.06,3.06
2024-09-08,Arsenal,West Ham,2,0,H,1.51,4.62,5.64,1.51,4.66,5.48,1.56,4.77,5.79,1.56,4.82,5.77,0.05767135260805627,1.56,1.56,4.77,4.82,5.79,5.77
2024-09-09,Arsenal,Tottenham,3,0,H,1.39,5.12,7.0,1.37,5.3,7.15,1.43,5.34,7.43,1.43,5.42,7.34,0.05619272829719623,1.43,1.43,5.34,5.42,7.43,7.34
2024-09-10,Man Utd,Chelsea,1,5,A,6.45,4.86,1.4,6.34,4.86,1.41,6.45,5.16,1.47,6.55,5.14,1.46,0.0747907457021407,6.45,6.55,5.16,5.14,1.47,1.46
2024-09-11,Brighton,Liverpool,1,4,A,2.85,3.78,2.28,2.85,3.79,2.28,2.98,3.86,2.34,2.93,3.95,2.34,0.052781700130291,2.98,2.93,3.86,3.95,2.34,2.34
2024-09-12,Aston Villa,Tottenham,2,3,A,1.45,4.71,6.2,1.45,4.83,5.94,1.5,5.16,6.07,1.51,4.95,6.12,0.06538468523602783,1.5,1.51,5.16,4.95,6.2,6.12
2024-09-13,Man Utd,Brighton,2,1,H,3.5,3.99,1.89,3.52,3.96,1.89,3.7,4.02,1.97,3.65,4.09,1.97,0.06561682622567828,3.7,3.65,4.02,4.09,1.97,1.97
2024-09-14,Liverpool,Arsenal,2,2,D,1.79,3.86,3.99,1.77,4.08,3.89,1.85,4.17,4.08,1.83,4.22,4.09,0.06722410420434866,1.85,1.83,4.17,4.22,4.08,4.09
2024-09-15,West Ham,Man Utd,1,1,D,1.5,4.68,5.14,1.51,4.5,5.27,1.57,4.77,5.48,1.56,4.72,5.56,0.07656950347721407,1.57,1.56,4.77,4.72,5.48,5.56
2024-09-16,Man Utd,West Ham,3,2,H,2.85,3.58,2.28,2.87,3.78,2.19,2.94,3.96,2.3,2.95,3.92,2.31,0.06871741820284304,2.94,2.95,3.96,3.92,2.3,2.31
2024-09-17,Chelsea,Liverpool,3,2,H,1.85,3.81,3.61,1.86,3.89,3.5,1.97,4.04,3.63,1.95,4.08,3.66,0.07920901298744071,1.97,1.95,4.04,4.08,3.63,3.66
2024-09-18,Man Utd,Liverpool,2,2,D,5.47,4.74,1.47,5.66,4.76,1.45,5.97,4.87,1.52,5.92,4.88,1.52,0.07614059250046183,5.97,5.92,4.87,4.88,1.52,1.52
2024-09-19,Arsenal,Aston Villa,1,1,D,1.84,4.01,3.78,1.85,4.02,3.77,1.89,4.23,3.9,1.9,4.16,3.92,0.05644220778461635,1.89,1.9,4.23,4.16,3.9,3.92
2024-09-20,Chelsea,Arsenal,1,2,A,1.69,4.15,4.42,1.69,4.22,4.36,1.74,4.37,4.54,1.76,4.32,4.5,0.05723549930675904,1.74,1.76,4.37,4.32,4.54,4.5
2024-09-21,Tottenham,Chelsea,1,1,D,4.77,4.36,1.61,4.63,4.36,1.63,4.78,4.43,1.7,4.78,4.46,1.69,0.06034322407745512,4.78,4.78,4.43,4.46,1.7,1.69
2024-09-22,West Ham,Man Utd,2,1,H,1.52,4.52,5.48,1.52,4.64,5.32,1.56,4.72,5.77,1.58,4.72,5.56,0.061745432452403944,1.56,1.58,4.72,4.72,5.77,5.56
2024-09-23,Brighton,Aston Villa,0,3,A,2.21,3.81,2.84,2.19,3.72,2.94,2.27,3.9,3.04,2.26,3.93,3.03,0.06658985360923086,2.27,2.26,3.9,3.93,3.04,3.03
2024-09-24,Brighton,Man City,2,1,H,1.66,4.08,4.74,1.67,4.29,4.46,1.71,4.44,4.69,1.71,4.44,4.67,0.05697537898689017,1.71,1.71,4.44,4.44,4.74,4.67
2024-09-25,Tottenham,Chelsea,4,2,H,4.87,4.24,1.63,4.58,4.31,1.65,4.76,4.47,1.7,4.83,4.44,1.69,0.05667035543341297,4.87,4.83,4.47,4.44,1.7,1.69
2024-09-26,Man City,Liverpool,1,2,A,3.69,3.99,1.85,3.8,4.02,1.82,3.92,4.21,1.88,3.91,4.17,1.89,0.06144169872104239,3.92,3.91,4.21,4.17,1.88,1.89
2024-09-27,Chelsea,Aston Villa,1,1,D,1.53,4.63,4.96,1.56,4.41,4.91,1.6,4.61,5.37,1.62,4.62,5.14,0.07016069339638256,1.6,1.62,4.63,4.62,5.37,5.14
2024-09-28,West Ham,Tottenham,1,0,H,1.73,4.08,4.07,1.75,4.09,3.91,1.82,4.28,4.1,1.83,4.23,4.09,0.07064376839288565,1.82,1.83,4.28,4.23,4.1,4.09
2024-09-29,Arsenal,Tottenham,1,2,A,1.34,5.43,6.81,1.34,5.07,7.24,1.41,5.39,7.18,1.41,5.4,7.25,0.0792835022012087,1.41,1.41,5.43,5.4,7.18,7.25
2024-09-30,Aston Villa,Chelsea,1,0,H,2.75,3.87,2.3,2.71,3.86,2.33,2.81,3.9,2.44,2.81,3.94,2.42,0.05607246301765442,2.81,2.81,3.9,3.94,2.44,2.42
2024-10-01,Newcastle,Man City,2,2,D,1.5,4.67,5.6,1.49,4.7,5.57,1.55,4.8,5.79,1.55,4.81,5.82,0.061785774555709425,1.55,1.55,4.8,4.81,5.79,5.82
2024-10-02,Liverpool,West Ham,4,0,H,1.36,5.07,6.8,1.35,5.07,7.01,1.41,5.35,7.39,1.42,5.34,7.23,0.07894032493817181,1.41,1.42,5.35,5.34,7.39,7.23
2024-10-03,Brighton,Tottenham,1,0,H,1.56,4.35,5.01,1.55,4.51,4.95,1.6,4.67,5.27,1.61,4.63,5.25,0.07070026227996656,1.6,1.61,4.67,4.63,5.27,5.25
2024-10-04,Aston Villa,Liverpool,0,1,A,2.5,3.75,2.5,2.53,3.8,2.45,2.64,3.91,2.55,2.63,3.87,2.57,0.06776835574466057,2.64,2.63,3.91,3.87,2.55,2.57
2024-10-05,Arsenal,Man Utd,6,2,H,1.24,6.08,10.63,1.22,6.58,10.46,1.27,6.95,10.84,1.27,6.76,10.77,0.0661893815420404,1.27,1.27,6.95,6.76,10.84,10.77
2024-10-06,Man City,Brighton,0,1,A,2.54,3.79,2.54,2.54,3.79,2.53,2.58,3.9,2.65,2.62,3.9,2.62,0.0522653114040877,2.58,2.62,3.9,3.9,2.65,2.62
2024-10-07,Newcastle,Brighton,2,0,H,1.76,3.95,3.92,1.75,4.01,3.93,1.82,4.24,4.1,1.82,4.2,4.1,0.07680121426447731,1.82,1.82,4.24,4.2,4.1,4.1
2024-10-08,West Ham,Man Utd,0,1,A,1.51,4.53,5.37,1.51,4.53,5.37,1.57,4.73,5.58,1.57,4.68,5.61,0.06876515646245324,1.57,1.57,4.73,4.68,5.58,5.61
2024-10-09,Arsenal,Chelsea,1,2,A,2.46,3.82,2.51,2.44,3.73,2.57,2.53,3.87,2.68,2.52,3.86,2.69,0.06715002223784103,2.53,2.52,3.87,3.86,2.68,2.69
2024-10-10,Newcastle,Tottenham,1,1,D,1.4,5.05,6.52,1.42,5.0,6.26,1.47,5.16,6.5,1.47,5.12,6.63,0.06618501029965528,1.47,1.47,5.16,5.12,6.52,6.63
2024-10-11,Man City,Newcastle,2,3,A,2.93,3.84,2.17,2.93,3.82,2.18,3.03,3.91,2.28,3.05,3.92,2.26,0.06175742621963336,3.03,3.05,3.91,3.92,2.28,2.26
2024-10-12,Newcastle,Tottenham,5,2,H,1.44,4.81,6.44,1.42,5.01,6.55,1.48,5.16,6.56,1.47,5.14,6.65,0.05763994074082678,1.48,1.47,5.16,5.14,6.56,6.65
2024-10-13,Newcastle,Arsenal,0,0,D,2.11,3.81,2.97,2.08,3.81,3.04,2.17,3.93,3.18,2.17,3.93,3.18,0.07265965956003453,2.17,2.17,3.93,3.93,3.18,3.18
2024-10-14,Arsenal,Tottenham,0,0,D,1.36,5.24,7.06,1.38,5.17,6.88,1.43,5.48,7.04,1.42,5.42,7.25,0.06528702553284986,1.43,1.42,5.48,5.42,7.06,7.25
2024-10-15,Newcastle,Tottenham,4,1,H,1.44,5.11,6.24,1.44,4.97,6.47,1.48,5.14,6.62,1.47,5.22,6.65,0.05101818596867661,1.48,1.47,5.14,5.22,6.62,6.65
2024-10-16,Aston Villa,West Ham,3,0,H,1.62,4.31,4.7,1.61,4.34,4.75,1.67,4.44,4.98,1.67,4.49,4.91,0.0619728349931649,1.67,1.67,4.44,4.49,4.98,4.91
2024-10-17,Aston Villa,Man Utd,4,0,H,1.3,5.43,8.15,1.28,5.6,8.57,1.34,5.74,9.01,1.34,5.95,8.63,0.07785810914668498,1.34,1.34,5.74,5.95,9.01,8.63
2024-10-18,Arsenal,Man Utd,4,0,H,1.23,6.17,11.33,1.23,6.5,10.4,1.27,6.88,10.82,1.27,6.8,10.79,0.06121683684622589,1.27,1.27,6.88,6.8,11.33,10.79
2024-10-19,Liverpool,Newcastle,2,0,H,1.7,4.17,4.28,1.69,4.15,4.34,1.76,4.31,4.44,1.75,4.32,4.5,0.062396990237767215,1.76,1.75,4.31,4.32,4.44,4.5
2024-10-20,Liverpool,Man City,7,2,H,1.3,5.77,7.95,1.32,5.52,7.78,1.37,5.74,7.96,1.37,5.71,8.19,0.06871883369165108,1.37,1.37,5.77,5.71,7.96,8.19
2024-10-21,Man Utd,Arsenal,3,3,D,4.7,4.15,1.61,4.63,4.27,1.6,4.86,4.42,1.67,4.79,4.44,1.68,0.07405024411447647,4.86,4.79,4.42,4.44,1.67,1.68
2024-10-22,Man City,Brighton,0,4,A,2.44,3.81,2.51,2.48,3.71,2.52,2.59,3.9,2.59,2.58,3.9,2.6,0.07005383353114136,2.59,2.58,3.9,3.9,2.59,2.6
2024-10-23,Aston Villa,West Ham,2,0,H,1.59,4.43,4.54,1.58,4.33,4.7,1.66,4.44,4.92,1.66,4.48,4.9,0.0755016419336884,1.66,1.66,4.44,4.48,4.92,4.9
2024-10-24,Brighton,Aston Villa,2,2,D,2.21,3.8,2.95,2.21,3.86,2.93,2.28,3.96,3.03,2.28,3.94,3.04,0.05341911761122095,2.28,2.28,3.96,3.94,3.03,3.04
2024-10-25,Aston Villa,Tottenham,5,1,H,1.44,4.72,5.82,1.45,4.73,5.67,1.51,5.01,5.91,1.51,4.93,6.09,0.07773777659955947,1.51,1.51,5.01,4.93,5.91,6.09
2024-10-26,Man City,Arsenal,1,1,D,3.04,3.82,2.06,3.17,3.74,2.03,3.23,3.94,2.14,3.24,3.95,2.13,0.07711765797234157,3.23,3.24,3.94,3.95,2.14,2.13
2024-10-27,Arsenal,West Ham,5,0,H,1.47,4.74,5.67,1.5,4.64,5.5,1.56,4.81,5.62,1.56,4.77,5.76,0.06557445759756764,1.56,1.56,4.81,4.77,5.67,5.76
2024-10-28,West Ham,Man Utd,7,2,H,1.52,4.47,5.34,1.5,4.64,5.42,1.56,4.73,5.67,1.57,4.72,5.6,0.06874226713361603,1.56,1.57,4.73,4.72,5.67,5.6
2024-10-29,Liverpool,Chelsea,0,3,A,2.17,3.8,3.01,2.11,3.84,3.1,2.19,4.02,3.15,2.2,3.96,3.18,0.056384391506042054,2.19,2.2,4.02,3.96,3.15,3.18
2024-10-30,Newcastle,West Ham,4,2,H,1.57,4.62,4.73,1.57,4.38,5.06,1.61,4.61,5.31,1.62,4.63,5.25,0.06343842313944167,1.61,1.62,4.62,4.63,5.31,5.25
2024-10-31,West Ham,Newcastle,1,2,A,2.81,3.77,2.3,2.77,3.77,2.32,2.84,3.93,2.4,2.86,3.9,2.4,0.05608110082759437,2.84,2.86,3.93,3.9,2.4,2.4
2024-11-01,Arsenal,Brighton,1,3,A,1.7,4.21,4.46,1.71,4.2,4.41,1.77,4.4,4.38,1.77,4.36,4.45,0.05065930036823059,1.77,1.77,4.4,4.36,4.46,4.45
2024-11-02,Arsenal,Chelsea,0,3,A,2.37,3.68,2.59,2.41,3.72,2.53,2.53,3.83,2.67,2.49,3.87,2.69,0.07942709204381157,2.53,2.49,3.83,3.87,2.67,2.69
2024-11-03,Arsenal,West Ham,2,0,H,1.51,4.55,5.64,1.51,4.6,5.61,1.57,4.78,5.64,1.56,4.77,5.78,0.05777439547130615,1.57,1.56,4.78,4.77,5.64,5.78
2024-11-04,Man City,Tottenham,0,2,A,1.84,4.03,3.61,1.86,3.95,3.62,1.92,4.07,3.83,1.92,4.11,3.8,0.06779324926693506,1.92,1.92,4.07,4.11,3.83,3.8
2024-11-05,Arsenal,Tottenham,1,0,H,1.34,5.57,7.43,1.38,5.17,7.16,1.44,5.28,7.27,1.43,5.39,7.32,0.059007511506135896,1.44,1.43,5.57,5.39,7.43,7.32
2024-11-06,Aston Villa,Newcastle,2,3,A,2.1,3.85,3.08,2.09,3.86,3.09,2.15,4.0,3.23,2.15,3.98,3.24,0.06111864860631305,2.15,2.15,4.0,3.98,3.23,3.24
2024-11-07,Newcastle,Tottenham,2,2,D,1.41,4.98,6.65,1.42,4.89,6.47,1.47,5.24,6.57,1.47,5.18,6.61,0.06193284675746825,1.47,1.47,5.24,5.18,6.65,6.61
2024-11-08,West Ham,Man City,3,1,H,1.88,4.02,3.58,1.9,3.94,3.57,1.97,4.08,3.68,1.97,4.11,3.65,0.06005140193974273,1.97,1.97,4.08,4.11,3.68,3.65
2024-11-09,Aston Villa,Liverpool,1,2,A,2.55,3.8,2.41,2.55,3.71,2.45,2.66,3.87,2.54,2.63,3.86,2.57,0.06912199278019808,2.66,2.63,3.87,3.86,2.54,2.57
2024-11-10,West Ham,Chelsea,2,1,H,3.81,3.94,1.78,3.71,3.89,1.81,3.95,4.11,1.87,3.9,4.11,1.88,0.07882808811465819,3.95,3.9,4.11,4.11,1.87,1.88
2024-11-11,Liverpool,West Ham,4,1,H,1.39,5.01,6.84,1.37,5.13,7.31,1.42,5.44,7.42,1.42,5.38,7.32,0.062859039500187,1.42,1.42,5.44,5.38,7.42,7.32
2024-11-12,Liverpool,Brighton,4,1,H,1.5,4.37,5.38,1.49,4.47,5.39,1.57,4.75,5.44,1.58,4.68,5.45,0.07919980172162795,1.57,1.58,4.75,4.68,5.44,5.45
2024-11-13,Aston Villa,Chelsea,2,2,D,2.7,3.82,2.29,2.7,3.77,2.3,2.78,3.88,2.44,2.82,3.88,2.41,0.0700339171203435,2.78,2.82,3.88,3.88,2.44,2.41
2024-11-14,Liverpool,Brighton,5,0,H,1.51,4.63,5.3,1.52,4.54,5.3,1.59,4.63,5.48,1.58,4.74,5.46,0.06821408585063027,1.59,1.58,4.63,4.74,5.48,5.46
2024-11-15,Arsenal,Brighton,3,3,D,1.67,4.24,4.5,1.69,4.26,4.33,1.76,4.33,4.46,1.76,4.32,4.47,0.05711311555396769,1.76,1.76,4.33,4.32,4.5,4.47
2024-11-16,Newcastle,Chelsea,1,1,D,2.64,3.88,2.41,2.6,3.79,2.48,2.68,3.87,2.56,2.69,3.92,2.54,0.051887621176981424,2.68,2.69,3.88,3.92,2.56,2.54
2024-11-17,Aston Villa,Chelsea,1,3,A,2.71,3.68,2.3,2.68,3.7,2.31,2.79,3.93,2.39,2.8,3.9,2.4,0.07555804310875487,2.79,2.8,3.93,3.9,2.39,2.4
2024-11-18,West Ham,Aston Villa,1,0,H,2.63,3.75,2.38,2.6,3.76,2.4,2.73,3.81,2.51,2.69,3.91,2.5,0.06721943191832808,2.73,2.69,3.81,3.91,2.51,2.5
2024-11-19,West Ham,Tottenham,1,1,D,1.74,4.17,4.02,1.78,4.03,3.94,1.84,4.21,4.11,1.83,4.23,4.12,0.062432415872746456,1.84,1.83,4.21,4.23,4.11,4.12
2024-11-20,Man City,Liverpool,2,3,A,3.7,3.87,1.83,3.76,3.92,1.81,3.86,4.16,1.89,3.91,4.12,1.88,0.07435901966265451,3.86,3.91,4.16,4.12,1.89,1.88
2024-11-21,Brighton,Newcastle,4,2,H,2.34,3.69,2.77,2.28,3.76,2.82,2.37,3.94,2.87,2.37,3.94,2.88,0.059317411477319566,2.37,2.37,3.94,3.94,2.87,2.88
2024-11-22,Aston Villa,Tottenham,3,0,H,1.45,4.73,5.83,1.45,4.68,5.87,1.52,4.86,6.05,1.51,4.91,6.14,0.07350851767893463,1.52,1.51,4.86,4.91,6.05,6.14
2024-11-23,Newcastle,Man Utd,2,0,H,1.29,5.96,8.45,1.27,6.11,9.33,1.31,6.27,9.78,1.31,6.34,9.62,0.05983891506217391,1.31,1.31,6.27,6.34,9.78,9.62
2024-11-24,Aston Villa,Newcastle,5,2,H,2.08,3.83,2.98,2.07,3.74,3.07,2.14,3.86,3.27,2.15,3.94,3.2,0.07762643559212491,2.14,2.15,3.86,3.94,3.27,3.2
2024-11-25,Aston Villa,West Ham,1,0,H,1.62,4.32,4.77,1.61,4.35,4.81,1.68,4.54,4.84,1.67,4.52,4.91,0.05803900623370408,1.68,1.67,4.54,4.52,4.84,4.91
2024-11-26,Man Utd,Liverpool,0,1,A,5.69,4.74,1.5,5.84,4.79,1.48,5.96,4.94,1.54,6.1,4.89,1.53,0.054126623527237135,5.96,6.1,4.94,4.89,1.54,1.53
2024-11-27,Arsenal,Man Utd,1,0,H,1.22,6.39,10.48,1.22,6.41,10.48,1.27,6.97,10.43,1.27,6.74,10.64,0.07094290125048236,1.27,1.27,6.97,6.74,10.48,10.64
2024-11-28,Man Utd,Man City,0,2,A,2.73,3.79,2.36,2.7,3.78,2.38,2.79,3.86,2.47,2.78,3.91,2.46,0.054885417591943125,2.79,2.78,3.86,3.91,2.47,2.46
2024-11-29,Liverpool,Newcastle,1,1,D,1.67,4.14,4.21,1.66,4.1,4.27,1.74,4.35,4.4,1.74,4.31,4.44,0.07848089150866958,1.74,1.74,4.35,4.31,4.4,4.44
2024-11-30,Man City,Man Utd,2,0,H,1.56,4.29,5.06,1.57,4.37,4.91,1.65,4.52,5.01,1.63,4.54,5.12,0.06966665337166598,1.65,1.63,4.52,4.54,5.06,5.12
2024-12-01,Man City,Man Utd,4,1,H,1.59,4.45,4.88,1.58,4.42,5.04,1.64,4.55,5.16,1.65,4.6,5.06,0.056925819838535785,1.64,1.65,4.55,4.6,5.16,5.06
2024-12-02,Newcastle,Brighton,1,2,A,1.78,4.16,3.93,1.78,4.12,3.95,1.82,4.3,4.14,1.84,4.22,4.12,0.05626456802856286,1.82,1.84,4.3,4.22,4.14,4.12
2024-12-03,Tottenham,Chelsea,2,3,A,4.54,4.22,1.61,4.48,4.28,1.61,4.71,4.44,1.69,4.8,4.42,1.68,0.07771625117361265,4.71,4.8,4.44,4.42,1.69,1.68
2024-12-04,Tottenham,Man Utd,4,0,H,1.69,4.07,4.36,1.67,4.19,4.31,1.75,4.27,4.5,1.74,4.33,4.51,0.06823573738549674,1.75,1.74,4.27,4.33,4.5,4.51
2024-12-05,Brighton,Chelsea,2,2,D,3.02,3.91,2.04,3.05,3.74,2.08,3.19,3.85,2.19,3.12,3.97,2.18,0.0768120802001725,3.19,3.12,3.91,3.97,2.19,2.18
2024-12-06,Tottenham,Liverpool,0,3,A,4.32,4.08,1.73,4.19,4.21,1.73,4.37,4.39,1.77,4.41,4.31,1.78,0.05330675614537476,4.37,4.41,4.39,4.31,1.77,1.78
2024-12-07,Newcastle,Man City,4,0,H,1.49,4.42,5.47,1.48,4.58,5.44,1.54,4.73,5.82,1.54,4.79,5.77,0.0777617658673753,1.54,1.54,4.73,4.79,5.82,5.77
2024-12-08,Arsenal,Aston Villa,2,2,D,1.85,3.79,3.84,1.82,3.97,3.78,1.9,4.09,3.91,1.89,4.17,3.88,0.06560147935982265,1.9,1.89,4.09,4.17,3.91,3.88
2024-12-09,Aston Villa,Arsenal,1,1,D,2.21,3.69,2.89,2.18,3.82,2.87,2.26,3.88,3.05,2.27,3.92,3.0,0.07005265748994052,2.26,2.27,3.88,3.92,3.05,3.0
2024-12-10,Man Utd,Liverpool,0,2,A,5.77,4.77,1.47,5.83,4.76,1.47,6.09,4.88,1.53,6.01,4.88,1.53,0.06118626414623842,6.09,6.01,4.88,4.88,1.53,1.53
2024-12-11,Man City,Brighton,1,3,A,2.59,3.66,2.55,2.55,3.72,2.55,2.6,3.91,2.63,2.6,3.9,2.63,0.05177420966017479,2.6,2.6,3.91,3.9,2.63,2.63
2024-12-12,Aston Villa,Man City,0,1,A,1.51,4.3,5.44,1.52,4.46,5.09,1.59,4.63,5.33,1.59,4.64,5.35,0.07873917324025487,1.59,1.59,4.63,4.64,5.44,5.35
2024-12-13,Brighton,Tottenham,2,2,D,1.53,4.41,5.04,1.53,4.4,5.03,1.6,4.65,5.24,1.6,4.58,5.28,0.07983794987325446,1.6,1.6,4.65,4.58,5.24,5.28
2024-12-14,Arsenal,Brighton,2,2,D,1.72,4.04,4.33,1.69,4.23,4.32,1.76,4.34,4.43,1.76,4.33,4.45,0.060936405462813294,1.76,1.76,4.34,4.33,4.43,4.45
2024-12-15,Man City,Newcastle,0,5,A,2.9,3.72,2.15,2.88,3.75,2.15,3.04,3.87,2.26,3.04,3.89,2.25,0.07831603789255939,3.04,3.04,3.87,3.89,2.26,2.25
2024-12-16,Arsenal,Chelsea,1,2,A,2.44,3.68,2.68,2.43,3.82,2.62,2.56,3.83,2.7,2.54,3.88,2.7,0.055031788728846925,2.56,2.54,3.83,3.88,2.7,2.7
2024-12-17,Liverpool,Arsenal,1,1,D,1.79,3.98,4.07,1.79,4.09,3.98,1.83,4.29,4.14,1.84,4.23,4.13,0.05464053348975727,1.83,1.84,4.29,4.23,4.14,4.13
2024-12-18,Arsenal,Aston Villa,1,0,H,1.88,3.87,3.84,1.85,4.06,3.78,1.91,4.23,3.81,1.9,4.16,3.92,0.05219335520027515,1.91,1.9,4.23,4.16,3.84,3.92
2024-12-19,Brighton,Liverpool,1,3,A,2.81,3.68,2.31,2.83,3.78,2.25,2.97,3.9,2.32,2.93,3.92,2.33,0.06173808222752453,2.97,2.93,3.9,3.92,2.32,2.33
2024-12-20,Tottenham,Aston Villa,0,4,A,3.12,3.89,2.11,3.1,3.83,2.14,3.2,3.9,2.21,3.21,3.97,2.19,0.05156906750544798,3.2,3.21,3.9,3.97,2.21,2.19
2024-12-21,West Ham,Man City,3,0,H,1.85,4.1,3.59,1.9,3.98,3.52,1.97,3.98,3.77,1.96,4.11,3.69,0.061839715688386906,1.97,1.96,4.1,4.11,3.77,3.69
2024-12-22,Brighton,Man City,1,0,H,1.67,4.29,4.53,1.66,4.33,4.52,1.72,4.3,4.82,1.72,4.42,4.68,0.054151712859490046,1.72,1.72,4.3,4.42,4.82,4.68
2024-12-23,Newcastle,Aston Villa,0,0,D,1.92,3.85,3.43,1.89,3.94,3.45,1.97,4.09,3.6,1.99,4.07,3.58,0.07191583386718872,1.97,1.99,4.09,4.07,3.6,3.58
2024-12-24,Tottenham,West Ham,2,1,H,2.26,3.69,2.77,2.25,3.73,2.76,2.36,3.9,2.85,2.36,3.88,2.87,0.07500087948009224,2.36,2.36,3.9,3.88,2.85,2.87
2024-12-25,Arsenal,Aston Villa,2,0,H,1.85,3.84,3.71,1.8,4.01,3.74,1.9,4.08,3.88,1.89,4.14,3.88,0.07063446283388863,1.9,1.89,4.08,4.14,3.88,3.88
2024-12-26,Arsenal,Brighton,3,0,H,1.71,4.17,4.32,1.7,4.2,4.33,1.76,4.36,4.42,1.76,4.35,4.46,0.05601482457308468,1.76,1.76,4.36,4.35,4.42,4.46
2024-12-27,Newcastle,Liverpool,1,0,H,2.4,3.61,2.64,2.4,3.68,2.59,2.48,3.88,2.72,2.5,3.87,2.7,0.07300544578723867,2.48,2.5,3.88,3.87,2.72,2.7
2024-12-28,Arsenal,West Ham,2,1,H,1.51,4.52,5.76,1.5,4.69,5.69,1.56,4.85,5.72,1.56,4.79,5.76,0.057485005910998255,1.56,1.56,4.85,4.79,5.76,5.76
2024-12-29,Arsenal,Brighton,1,1,D,1.67,4.25,4.21,1.68,4.09,4.27,1.75,4.31,4.41,1.76,4.28,4.42,0.07278465790905583,1.75,1.76,4.31,4.28,4.41,4.42
2024-12-30,Liverpool,Man City,1,0,H,1.32,5.45,8.03,1.32,5.36,7.97,1.38,5.5,8.49,1.38,5.71,8.0,0.06702192724689172,1.38,1.38,5.5,5.71,8.49,8.0
2024-12-31,Aston Villa,Man City,3,0,H,1.53,4.47,5.4,1.56,4.45,5.14,1.6,4.65,5.41,1.6,4.67,5.39,0.0610013754887363,1.6,1.6,4.65,4.67,5.41,5.39
2025-01-01,Man Utd,Aston Villa,1,2,A,4.08,4.18,1.76,4.08,4.09,1.78,4.2,4.2,1.84,4.18,4.25,1.83,0.05250477134048173,4.2,4.18,4.2,4.25,1.84,1.83
2025-01-02,Brighton,Liverpool,2,0,H,2.86,3.66,2.21,2.81,3.74,2.22,2.92,3.87,2.33,2.92,3.91,2.32,0.07482528529421077,2.92,2.92,3.87,3.91,2.33,2.32
2025-01-03,Man Utd,Brighton,1,1,D,3.41,3.96,1.88,3.48,3.93,1.87,3.59,4.12,1.96,3.62,4.06,1.97,0.07818958762394676,3.59,3.62,4.12,4.06,1.96,1.97
2025-01-04,Man City,Liverpool,0,2,A,3.59,4.17,1.81,3.74,3.96,1.82,3.87,4.23,1.88,3.92,4.13,1.89,0.06997753340001912,3.87,3.92,4.23,4.13,1.88,1.89
2025-01-05,Chelsea,Liverpool,2,0,H,1.88,3.99,3.37,1.88,3.91,3.44,1.94,4.1,3.66,1.95,4.07,3.67,0.07893624700080316,1.94,1.95,4.1,4.07,3.66,3.67
2025-01-06,Arsenal,Chelsea,2,1,H,2.44,3.69,2.52,2.38,3.74,2.56,2.54,3.85,2.65,2.51,3.83,2.68,0.07802334257128973,2.54,2.51,3.85,3.83,2.65,2.68
2025-01-07,Brighton,Liverpool,0,0,D,2.86,3.67,2.31,2.86,3.79,2.26,2.91,3.99,2.33,2.93,3.94,2.34,0.05583825202411261,2.91,2.93,3.99,3.94,2.33,2.34
2025-01-08,Man City,Brighton,2,1,H,2.45,3.78,2.51,2.49,3.69,2.51,2.58,3.89,2.6,2.59,3.9,2.59,0.0719363704579464,2.58,2.59,3.89,3.9,2.6,2.59
2025-01-09,Chelsea,West Ham,10,2,H,1.33,5.77,7.25,1.33,5.47,7.91,1.37,5.71,8.44,1.37,5.75,8.16,0.06047914458313084,1.37,1.37,5.77,5.75,8.44,8.16
2025-01-10,West Ham,Aston Villa,3,0,H,2.54,3.8,2.45,2.59,3.76,2.42,2.69,3.86,2.54,2.7,3.88,2.52,0.06462552081696879,2.69,2.7,3.86,3.88,2.54,2.52
2025-01-11,Tottenham,Brighton,3,2,H,2.81,3.85,2.27,2.75,3.83,2.33,2.92,3.84,2.39,2.86,3.92,2.4,0.05470896293446537,2.92,2.86,3.85,3.92,2.39,2.4
2025-01-12,Man Utd,Man City,5,3,H,2.66,3.76,2.29,2.65,3.67,2.33,2.78,3.8,2.45,2.75,3.87,2.44,0.07924338284172958,2.78,2.75,3.8,3.87,2.45,2.44
2025-01-13,Tottenham,West Ham,0,0,D,2.29,3.65,2.76,2.29,3.71,2.74,2.37,3.9,2.86,2.37,3.9,2.86,0.07178412149229225,2.37,2.37,3.9,3.9,2.86,2.86
2025-01-14,Brighton,Man Utd,4,2,H,1.34,5.99,6.98,1.37,5.3,7.15,1.43,5.37,7.38,1.42,5.45,7.43,0.058007249288929044,1.43,1.42,5.99,5.45,7.38,7.43
2025-01-15,Liverpool,Tottenham,1,0,H,1.27,5.91,9.41,1.27,6.01,9.17,1.32,6.24,9.43,1.32,6.27,9.4,0.061144150705041006,1.32,1.32,6.24,6.27,9.43,9.4
2025-01-16,Newcastle,Brighton,2,1,H,1.79,4.01,3.92,1.78,4.04,3.96,1.84,4.29,4.04,1.83,4.22,4.13,0.06267448780486354,1.84,1.83,4.29,4.22,4.04,4.13
2025-01-17,Aston Villa,Newcastle,2,1,H,2.04,3.75,3.16,2.05,3.88,3.07,2.16,4.07,3.13,2.16,3.95,3.19,0.0724260117243152,2.16,2.16,4.07,3.95,3.16,3.19
2025-01-18,Tottenham,West Ham,1,0,H,2.3,3.59,2.74,2.26,3.71,2.73,2.36,3.94,2.83,2.36,3.91,2.84,0.07777091800308754,2.36,2.36,3.94,3.91,2.83,2.84
2025-01-19,Man Utd,Newcastle,0,0,D,4.3,4.19,1.7,4.28,4.17,1.71,4.48,4.34,1.75,4.42,4.37,1.76,0.05964320398953715,4.48,4.42,4.34,4.37,1.75,1.76
2025-01-20,Man City,Newcastle,1,0,H,3.01,3.74,2.15,2.94,3.8,2.17,3.06,3.88,2.27,3.03,3.93,2.26,0.06417500264841258,3.06,3.03,3.88,3.93,2.27,2.26
2025-01-21,Liverpool,Brighton,3,1,H,1.57,4.37,4.97,1.52,4.6,5.23,1.58,4.72,5.43,1.58,4.73,5.51,0.06779622718504104,1.58,1.58,4.72,4.73,5.43,5.51
2025-01-22,West Ham,Liverpool,0,4,A,3.47,3.96,1.92,3.48,3.94,1.92,3.59,4.14,1.98,3.61,4.09,1.99,0.06180031977200947,3.59,3.61,4.14,4.09,1.98,1.99
2025-01-23,Tottenham,Liverpool,1,4,A,4.25,4.06,1.71,4.24,4.13,1.7,4.37,4.37,1.76,4.41,4.3,1.76,0.06512543970097057,4.37,4.41,4.37,4.3,1.76,1.76
2025-01-24,Chelsea,Newcastle,2,0,H,1.61,4.45,4.87,1.63,4.34,4.78,1.68,4.51,4.88,1.69,4.47,4.88,0.05317122887060306,1.68,1.69,4.51,4.47,4.88,4.88
2025-01-25,Man Utd,Arsenal,0,2,A,4.58,4.19,1.67,4.6,4.46,1.63,4.92,4.39,1.69,4.81,4.46,1.69,0.05503023163160498,4.92,4.81,4.39,4.46,1.69,1.69
2025-01-26,Tottenham,Liverpool,0,3,A,4.31,4.04,1.72,4.23,4.19,1.7,4.41,4.27,1.77,4.39,4.33,1.77,0.06203303771660435,4.41,4.39,4.27,4.33,1.77,1.77
2025-01-27,Tottenham,Brighton,2,0,H,2.69,3.81,2.26,2.71,3.66,2.3,2.81,3.94,2.37,2.84,3.87,2.38,0.07744817035311657,2.81,2.84,3.94,3.87,2.37,2.38
2025-01-28,Newcastle,West Ham,7,1,H,1.57,4.56,4.87,1.55,4.55,5.14,1.62,4.61,5.22,1.62,4.57,5.31,0.06048074137233901,1.62,1.62,4.61,4.57,5.22,5.31
2025-01-29,Liverpool,Tottenham,1,0,H,1.29,5.87,8.88,1.28,6.11,9.1,1.32,6.21,9.74,1.32,6.23,9.6,0.05749378425815041,1.32,1.32,6.21,6.23,9.74,9.6
2025-01-30,Newcastle,Chelsea,2,2,D,2.61,3.67,2.4,2.57,3.71,2.42,2.64,3.94,2.52,2.66,3.89,2.52,0.07228586662547828,2.64,2.66,3.94,3.89,2.52,2.52
2025-01-31,Man Utd,Chelsea,2,1,H,6.19,5.11,1.39,6.25,4.9,1.4,6.78,5.06,1.46,6.65,5.11,1.46,0.07847390498229828,6.78,6.65,5.11,5.11,1.46,1.46
2025-02-01,West Ham,Newcastle,3,1,H,2.76,3.7,2.32,2.75,3.72,2.32,2.84,3.84,2.42,2.85,3.88,2.4,0.06377370851190642,2.84,2.85,3.84,3.88,2.42,2.4
2025-02-02,Man City,Tottenham,2,2,D,1.87,4.05,3.73,1.88,4.05,3.69,1.95,4.08,3.83,1.94,4.13,3.82,0.050258148667015494,1.95,1.94,4.08,4.13,3.83,3.82
2025-02-03,Man City,Arsenal,1,2,A,3.13,3.88,2.03,3.13,3.81,2.05,3.27,3.93,2.13,3.26,3.96,2.13,0.07064447994426853,3.27,3.26,3.93,3.96,2.13,2.13
2025-02-04,Man Utd,Tottenham,0,3,A,2.42,3.74,2.62,2.47,3.75,2.56,2.53,3.91,2.68,2.53,3.91,2.68,0.06245182404848435,2.53,2.53,3.91,3.91,2.68,2.68
2025-02-05,Tottenham,Chelsea,2,2,D,4.48,4.65,1.58,4.56,4.3,1.62,4.78,4.43,1.69,4.78,4.45,1.68,0.07020936609848646,4.78,4.78,4.65,4.45,1.69,1.68
2025-02-06,Newcastle,Brighton,2,3,A,1.78,4.19,3.88,1.78,4.07,3.97,1.84,4.26,4.07,1.84,4.24,4.08,0.05833149547487611,1.84,1.84,4.26,4.24,4.07,4.08
2025-02-07,Man Utd,Aston Villa,0,1,A,4.17,4.12,1.76,4.01,4.11,1.79,4.14,4.19,1.85,4.21,4.24,1.83,0.05007224431450887,4.17,4.21,4.19,4.24,1.85,1.83
2025-02-08,West Ham,Aston Villa,0,2,A,2.65,3.72,2.41,2.63,3.71,2.44,2.69,3.9,2.52,2.69,3.91,2.52,0.060334886562368115,2.69,2.69,3.9,3.91,2.52,2.52
2025-02-09,Man Utd,Newcastle,0,2,A,4.23,4.08,1.7,4.14,4.2,1.69,4.4,4.29,1.76,4.41,4.34,1.75,0.07114377027838825,4.4,4.41,4.29,4.34,1.76,1.75
2025-02-10,Man City,Man Utd,1,1,D,1.61,4.26,4.84,1.59,4.45,4.83,1.65,4.49,5.13,1.64,4.55,5.12,0.06179339849027568,1.65,1.64,4.49,4.55,5.13,5.12
2025-02-11,Man City,Man Utd,1,0,H,1.6,4.3,5.0,1.59,4.41,4.98,1.64,4.66,5.04,1.64,4.59,5.1,0.05657522418959678,1.64,1.64,4.66,4.59,5.04,5.1
2025-02-12,West Ham,Man City,4,2,H,1.89,4.04,3.49,1.9,3.92,3.54,1.97,4.11,3.66,1.96,4.1,3.67,0.06392020592402305,1.97,1.96,4.11,4.1,3.66,3.67
2025-02-13,Man City,West Ham,1,0,H,2.13,3.7,3.02,2.09,3.75,3.05,2.2,3.91,3.15,2.19,3.94,3.15,0.07257045569895157,2.2,2.19,3.91,3.94,3.15,3.15
2025-02-14,West Ham,Brighton,1,2,A,2.36,3.72,2.76,2.38,3.82,2.69,2.43,3.96,2.79,2.45,3.93,2.79,0.05358299260376918,2.43,2.45,3.96,3.93,2.79,2.79
2025-02-15,Liverpool,Aston Villa,1,3,A,1.61,4.38,4.49,1.64,4.23,4.48,1.69,4.4,4.77,1.69,4.44,4.72,0.07075256100939945,1.69,1.69,4.4,4.44,4.77,4.72
2025-02-16,Arsenal,Chelsea,4,2,H,2.41,3.8,2.56,2.41,3.73,2.58,2.52,3.85,2.69,2.51,3.89,2.68,0.07002032071411843,2.52,2.51,3.85,3.89,2.69,2.68
2025-02-17,Chelsea,Liverpool,0,1,A,1.91,3.97,3.5,1.91,3.91,3.56,1.96,4.13,3.67,1.97,4.08,3.69,0.06112213639055214,1.96,1.97,4.13,4.08,3.67,3.69
2025-02-18,Newcastle,Aston Villa,2,0,H,1.87,3.87,3.49,1.88,3.86,3.48,1.96,4.11,3.61,1.98,4.01,3.61,0.07911008574138484,1.96,1.98,4.11,4.01,3.61,3.61
2025-02-19,Man Utd,Tottenham,2,1,H,2.47,3.59,2.55,2.41,3.67,2.57,2.52,3.87,2.66,2.53,3.86,2.66,0.07684115898441055,2.52,2.53,3.87,3.86,2.66,2.66
2025-02-20,Brighton,Newcastle,2,0,H,2.3,3.7,2.81,2.31,3.79,2.75,2.37,3.92,2.89,2.38,3.88,2.89,0.0594848444240621,2.37,2.38,3.92,3.88,2.89,2.89
2025-02-21,Newcastle,Man Utd,3,0,H,1.28,6.56,8.35,1.27,6.14,9.65,1.31,6.5,9.8,1.31,6.39,9.74,0.050932732801815296,1.31,1.31,6.56,6.39,9.8,9.74
2025-02-22,Man Utd,Chelsea,0,6,A,6.69,5.03,1.41,6.31,5.01,1.43,6.72,5.16,1.47,6.67,5.14,1.47,0.059249144202352305,6.72,6.67,5.16,5.14,1.47,1.47
2025-02-23,Newcastle,Tottenham,4,1,H,1.43,4.95,6.44,1.43,5.01,6.45,1.49,5.09,6.55,1.47,5.17,6.68,0.0561416582762313,1.49,1.47,5.09,5.17,6.55,6.68
2025-02-24,West Ham,Brighton,4,2,H,2.4,3.72,2.63,2.35,3.75,2.67,2.42,3.99,2.75,2.44,3.91,2.77,0.06641755742142778,2.42,2.44,3.99,3.91,2.75,2.77
2025-02-25,Man Utd,Chelsea,0,2,A,6.53,4.8,1.4,6.39,4.85,1.4,6.55,5.09,1.47,6.62,5.09,1.46,0.07756233263546464,6.55,6.62,5.09,5.09,1.47,1.46
2025-02-26,Man City,Aston Villa,1,0,H,2.79,3.68,2.24,2.74,3.71,2.26,2.87,3.9,2.35,2.87,3.88,2.36,0.07611012530112565,2.87,2.87,3.9,3.88,2.35,2.36
2025-02-27,Man Utd,Liverpool,0,1,A,5.92,4.75,1.47,5.79,4.74,1.48,5.96,4.99,1.53,6.08,4.88,1.53,0.0591748746699448,5.96,6.08,4.99,4.88,1.53,1.53
2025-02-28,Aston Villa,Chelsea,1,2,A,2.72,3.89,2.28,2.7,3.8,2.33,2.8,3.89,2.44,2.82,3.91,2.41,0.06285792600666912,2.8,2.82,3.89,3.91,2.44,2.41
2025-03-01,Liverpool,West Ham,3,1,H,1.37,5.3,7.6,1.38,5.2,7.33,1.44,5.43,7.06,1.43,5.43,7.36,0.051096265972387,1.44,1.43,5.43,5.43,7.6,7.36
2025-03-02,West Ham,Aston Villa,1,2,A,2.64,3.67,2.41,2.59,3.74,2.42,2.7,3.93,2.49,2.7,3.89,2.5,0.06632490522947448,2.7,2.7,3.93,3.89,2.49,2.5
2025-03-03,Tottenham,West Ham,1,1,D,2.29,3.86,2.81,2.31,3.81,2.81,2.38,3.94,2.89,2.39,3.89,2.9,0.05190103940152187,2.38,2.39,3.94,3.89,2.89,2.9
2025-03-04,Newcastle,Liverpool,3,3,D,2.44,3.64,2.54,2.39,3.72,2.56,2.49,3.85,2.7,2.5,3.87,2.68,0.07815818498687299,2.49,2.5,3.85,3.87,2.7,2.68
2025-03-05,Chelsea,Aston Villa,2,0,H,1.56,4.43,4.78,1.55,4.41,4.93,1.63,4.46,5.16,1.61,4.62,5.16,0.07600801504556817,1.63,1.61,4.46,4.62,5.16,5.16
2025-03-06,West Ham,Aston Villa,1,3,A,2.64,3.8,2.41,2.64,3.78,2.42,2.69,3.9,2.53,2.71,3.89,2.52,0.05642562879312509,2.69,2.71,3.9,3.89,2.53,2.52
2025-03-07,Arsenal,West Ham,1,2,A,1.47,4.61,5.81,1.5,4.5,5.49,1.55,4.79,5.68,1.55,4.81,5.75,0.07098106039586136,1.55,1.55,4.79,4.81,5.81,5.75
2025-03-08,Liverpool,Arsenal,0,2,A,1.76,3.99,4.01,1.76,4.07,3.98,1.85,4.21,4.03,1.83,4.25,4.07,0.067040611473,1.85,1.83,4.21,4.25,4.03,4.07
2025-03-09,Man Utd,Brighton,2,3,A,3.61,3.99,1.83,3.53,3.88,1.88,3.64,4.06,1.97,3.67,4.06,1.96,0.07404073137548549,3.64,3.67,4.06,4.06,1.97,1.96
2025-03-10,Man Utd,West Ham,1,1,D,2.85,3.8,2.22,2.88,3.76,2.21,2.95,3.92,2.31,2.97,3.92,2.3,0.0642695632025456,2.95,2.97,3.92,3.92,2.31,2.3
2025-03-11,Man Utd,Brighton,2,2,D,3.42,4.16,1.91,3.54,3.93,1.93,3.66,4.12,1.97,3.71,4.08,1.97,0.05575315911997334,3.66,3.71,4.16,4.08,1.97,1.97
2025-03-12,Man City,Chelsea,3,2,H,4.24,3.93,1.73,4.11,4.12,1.71,4.27,4.23,1.8,4.24,4.3,1.79,0.06919530200368496,4.27,4.24,4.23,4.3,1.8,1.79
2025-03-13,Liverpool,Brighton,4,0,H,1.54,4.52,5.49,1.55,4.52,5.33,1.6,4.69,5.49,1.59,4.8,5.51,0.052408409809878355,1.6,1.59,4.69,4.8,5.49,5.51
2025-03-14,Arsenal,Man City,5,1,H,1.45,4.93,5.79,1.44,4.78,6.17,1.49,5.04,6.28,1.49,5.05,6.3,0.06753763973505267,1.49,1.49,5.04,5.05,6.28,6.3
2025-03-15,Tottenham,Man Utd,1,2,A,1.69,4.18,4.43,1.69,4.25,4.34,1.75,4.37,4.5,1.75,4.37,4.53,0.05638114416393373,1.75,1.75,4.37,4.37,4.5,4.53
2025-03-16,Chelsea,Newcastle,1,1,D,1.62,4.21,4.6,1.61,4.27,4.67,1.69,4.43,4.76,1.67,4.47,4.85,0.07054809311370681,1.69,1.67,4.43,4.47,4.76,4.85
2025-03-17,Tottenham,Man Utd,3,1,H,1.68,4.1,4.23,1.66,4.16,4.29,1.72,4.37,4.53,1.74,4.34,4.45,0.07484129485184327,1.72,1.74,4.37,4.34,4.53,4.45
2025-03-18,Tottenham,Brighton,4,3,H,2.82,3.69,2.34,2.77,3.83,2.32,2.84,4.0,2.38,2.87,3.91,2.4,0.053285741878462176,2.84,2.87,4.0,3.91,2.38,2.4
2025-03-19,Brighton,Liverpool,2,0,H,2.85,3.83,2.22,2.81,3.85,2.24,2.96,3.87,2.33,2.95,3.91,2.33,0.06200805656445777,2.96,2.95,3.87,3.91,2.33,2.33
2025-03-20,Tottenham,Newcastle,1,1,D,3.21,3.86,1.99,3.23,3.89,1.98,3.29,4.07,2.09,3.37,3.98,2.08,0.0720056476332799,3.29,3.37,4.07,3.98,2.09,2.08
2025-03-21,Newcastle,Tottenham,3,1,H,1.39,5.44,6.54,1.44,5.02,6.26,1.47,5.16,6.7,1.47,5.22,6.67,0.05491109184556576,1.47,1.47,5.44,5.22,6.7,6.67
2025-03-22,Tottenham,Newcastle,1,2,A,3.26,3.87,1.99,3.24,3.86,2.0,3.41,3.94,2.08,3.36,4.0,2.09,0.0669957101010714,3.41,3.36,3.94,4.0,2.08,2.09
2025-03-23,Newcastle,Liverpool,3,3,D,2.4,3.72,2.6,2.41,3.7,2.59,2.51,3.87,2.69,2.51,3.88,2.69,0.07015516945627169,2.51,2.51,3.87,3.88,2.69,2.69
2025-03-24,Newcastle,Liverpool,3,1,H,2.41,3.9,2.57,2.42,3.8,2.6,2.52,3.87,2.71,2.51,3.9,2.71,0.06064380821718147,2.52,2.51,3.9,3.9,2.71,2.71
2025-03-25,Chelsea,Liverpool,3,0,H,1.88,3.87,3.53,1.88,3.87,3.51,1.95,4.06,3.67,1.95,4.08,3.67,0.07495946822607803,1.95,1.95,4.06,4.08,3.67,3.67
2025-03-26,Liverpool,Tottenham,0,0,D,1.26,6.2,8.94,1.27,6.1,8.88,1.31,6.27,9.59,1.32,6.25,9.43,0.06531974555140141,1.31,1.32,6.27,6.25,9.59,9.43
2025-03-27,Brighton,Tottenham,2,0,H,1.53,4.51,5.17,1.55,4.47,4.99,1.61,4.63,5.21,1.61,4.62,5.22,0.0688098451982153,1.61,1.61,4.63,4.62,5.21,5.22
2025-03-28,Chelsea,Man Utd,2,0,H,1.14,8.74,15.51,1.14,8.69,16.22,1.18,8.73,16.25,1.17,8.99,17.19,0.054226183901143366,1.18,1.17,8.74,8.99,16.25,17.19
2025-03-29,Tottenham,Chelsea,0,2,A,4.6,4.3,1.66,4.69,4.34,1.65,4.89,4.48,1.69,4.77,4.49,1.7,0.05069480523598007,4.89,4.77,4.48,4.49,1.69,1.7
2025-03-30,Man City,Chelsea,0,0,D,4.29,4.08,1.74,4.18,4.15,1.75,4.27,4.22,1.82,4.26,4.29,1.81,0.05152245712474959,4.29,4.26,4.22,4.29,1.82,1.81
2025-03-31,Man Utd,Man City,0,4,A,2.6,3.76,2.35,2.62,3.75,2.33,2.73,3.91,2.45,2.76,3.88,2.43,0.07711760444594648,2.73,2.76,3.91,3.88,2.45,2.43
2025-04-01,Tottenham,Newcastle,1,2,A,3.23,3.82,1.98,3.17,3.88,1.99,3.36,3.94,2.09,3.36,4.0,2.07,0.07647927152744753,3.36,3.36,3.94,4.0,2.09,2.07
2025-04-02,Newcastle,Aston Villa,2,3,A,1.92,3.68,3.54,1.89,3.93,3.44,1.99,3.99,3.61,1.98,4.07,3.59,0.07422774317485528,1.99,1.98,3.99,4.07,3.61,3.59
2025-04-03,Tottenham,Liverpool,1,3,A,4.15,4.24,1.73,4.29,4.15,1.72,4.42,4.28,1.78,4.37,4.34,1.78,0.05598836273704583,4.42,4.37,4.28,4.34,1.78,1.78
2025-04-04,Chelsea,Aston Villa,4,0,H,1.56,4.33,5.12,1.56,4.42,5.04,1.63,4.52,5.23,1.62,4.64,5.19,0.0657637595584851,1.63,1.62,4.52,4.64,5.23,5.19
2025-04-05,West Ham,Tottenham,3,0,H,1.77,3.89,3.97,1.75,4.04,3.91,1.83,4.24,4.06,1.83,4.23,4.06,0.0738835130164512,1.83,1.83,4.24,4.23,4.06,4.06
2025-04-06,Tottenham,Man City,1,6,A,2.17,3.73,2.93,2.17,3.72,2.93,2.23,3.87,3.11,2.23,3.94,3.06,0.07024007543767322,2.23,2.23,3.87,3.94,3.11,3.06
2025-04-07,Aston Villa,Chelsea,0,1,A,2.75,3.86,2.32,2.77,3.74,2.35,2.83,4.0,2.39,2.83,3.93,2.42,0.053465635810278134,2.83,2.83,4.0,3.93,2.39,2.42
2025-04-08,Brighton,Arsenal,1,0,H,2.34,3.8,2.59,2.38,3.73,2.58,2.5,3.81,2.72,2.49,3.89,2.69,0.07686623599437271,2.5,2.49,3.81,3.89,2.72,2.69
2025-04-09,Tottenham,Arsenal,1,1,D,3.42,3.99,1.95,3.56,3.93,1.93,3.66,4.07,1.99,3.62,4.06,2.0,0.05482047178333887,3.66,3.62,4.07,4.06,1.99,2.0
2025-04-10,Aston Villa,Chelsea,1,4,A,2.68,3.8,2.39,2.79,3.7,2.34,2.8,3.96,2.42,2.83,3.91,2.42,0.055153870802400064,2.8,2.83,3.96,3.91,2.42,2.42
2025-04-11,Man City,Tottenham,1,0,H,1.82,3.87,3.71,1.85,3.87,3.6,1.92,4.05,3.81,1.92,4.07,3.79,0.07703025887512124,1.92,1.92,4.05,4.07,3.81,3.79
2025-04-12,West Ham,Brighton,1,1,D,2.34,3.81,2.66,2.37,3.7,2.69,2.44,3.93,2.77,2.43,3.93,2.77,0.06453850817283549,2.44,2.43,3.93,3.93,2.77,2.77
2025-04-13,Aston Villa,Man City,1,0,H,1.55,4.49,5.12,1.55,4.49,5.12,1.6,4.68,5.35,1.6,4.69,5.37,0.06118675477869401,1.6,1.6,4.68,4.69,5.35,5.37
2025-04-14,Tottenham,Aston Villa,0,1,A,3.03,3.85,2.1,3.09,3.8,2.09,3.19,4.0,2.16,3.18,3.96,2.18,0.0666097022689417,3.19,3.18,4.0,3.96,2.16,2.18
2025-04-15,Brighton,Liverpool,0,2,A,2.86,3.59,2.21,2.79,3.74,2.2,2.91,3.87,2.33,2.92,3.9,2.31,0.07944191998496335,2.91,2.92,3.87,3.9,2.33,2.31
2025-04-16,Tottenham,Man City,0,1,A,2.19,3.84,2.98,2.17,3.83,3.01,2.24,3.98,3.08,2.25,3.96,3.08,0.05358891365723129,2.24,2.25,3.98,3.96,3.08,3.08
2025-04-17,Liverpool,Brighton,1,0,H,1.51,4.53,5.29,1.51,4.54,5.2,1.57,4.65,5.58,1.57,4.68,5.56,0.07270846546376196,1.57,1.57,4.65,4.68,5.58,5.56
2025-04-18,Brighton,Newcastle,1,1,D,2.36,3.57,2.81,2.29,3.76,2.8,2.35,3.94,2.9,2.37,3.93,2.88,0.06002977586732383,2.36,2.37,3.94,3.93,2.9,2.88
2025-04-19,Liverpool,Newcastle,2,2,D,1.7,4.14,4.44,1.71,4.21,4.32,1.77,4.31,4.46,1.77,4.34,4.44,0.05351147812542872,1.77,1.77,4.31,4.34,4.46,4.44
2025-04-20,Chelsea,Man City,1,1,D,1.28,5.8,8.95,1.27,6.03,8.89,1.32,6.06,9.51,1.33,6.1,9.1,0.06265800066058816,1.32,1.33,6.06,6.1,9.51,9.1
2025-04-21,Tottenham,Man City,1,1,D,2.17,3.72,2.98,2.15,3.77,2.98,2.23,3.98,3.05,2.23,3.96,3.06,0.06646258633175813,2.23,2.23,3.98,3.96,3.05,3.06
2025-04-22,Aston Villa,Chelsea,4,1,H,2.74,3.75,2.36,2.71,3.83,2.34,2.83,3.94,2.41,2.83,3.89,2.42,0.05617884913184441,2.83,2.83,3.94,3.89,2.41,2.42
2025-04-23,Chelsea,Tottenham,2,0,H,1.22,6.55,10.77,1.23,6.39,10.54,1.28,6.74,10.57,1.28,6.67,10.8,0.06215808377289808,1.28,1.28,6.74,6.67,10.77,10.8
2025-04-24,Man Utd,West Ham,0,1,A,2.91,3.67,2.21,2.85,3.77,2.21,2.97,3.93,2.29,2.95,3.94,2.3,0.06907028076416871,2.97,2.95,3.93,3.94,2.29,2.3
2025-04-25,Arsenal,Chelsea,1,0,H,2.39,3.82,2.58,2.42,3.73,2.59,2.51,3.92,2.67,2.52,3.87,2.69,0.06729344059160666,2.51,2.52,3.92,3.87,2.67,2.69
2025-04-26,Man City,Liverpool,0,5,A,3.77,3.93,1.81,3.77,4.03,1.79,3.86,4.23,1.88,3.86,4.15,1.89,0.07169481782164552,3.86,3.86,4.23,4.15,1.88,1.89
2025-04-27,Arsenal,West Ham,3,0,H,1.48,4.7,5.4,1.47,4.55,5.72,1.54,4.81,5.81,1.55,4.77,5.77,0.07509213598812203,1.54,1.55,4.81,4.77,5.81,5.77
2025-04-28,Arsenal,Liverpool,1,2,A,2.21,3.96,2.8,2.3,3.78,2.76,2.35,3.94,2.89,2.37,3.92,2.87,0.062274209953081215,2.35,2.37,3.96,3.92,2.89,2.87
2025-04-29,Aston Villa,Arsenal,1,1,D,2.25,3.77,2.83,2.2,3.82,2.89,2.28,3.93,3.0,2.28,3.92,3.01,0.06268901826386683,2.28,2.28,3.93,3.92,3.0,3.01
2025-04-30,Aston Villa,Chelsea,0,1,A,2.7,3.76,2.34,2.7,3.74,2.34,2.83,3.83,2.43,2.82,3.91,2.41,0.06490076403365459,2.83,2.82,3.83,3.91,2.43,2.41
2025-05-01,Aston Villa,Chelsea,1,0,H,2.72,3.7,2.33,2.72,3.71,2.33,2.82,3.98,2.37,2.82,3.89,2.41,0.06699060135143911,2.82,2.82,3.98,3.89,2.37,2.41
2025-05-02,Arsenal,Newcastle,2,1,H,1.94,3.91,3.56,1.93,3.96,3.55,1.99,4.07,3.65,1.98,4.06,3.72,0.053249680227136754,1.99,1.98,4.07,4.06,3.65,3.72
2025-05-03,Arsenal,Aston Villa,2,2,D,1.86,4.07,3.63,1.83,4.0,3.78,1.9,4.09,3.96,1.9,4.15,3.89,0.05937906062584322,1.9,1.9,4.09,4.15,3.96,3.89
2025-05-04,Liverpool,West Ham,1,1,D,1.4,5.07,7.08,1.38,5.24,7.21,1.42,5.51,7.4,1.43,5.45,7.29,0.055156753861310734,1.42,1.43,5.51,5.45,7.4,7.29
2025-05-05,Tottenham,Liverpool,1,2,A,4.17,4.14,1.72,4.21,4.17,1.71,4.42,4.36,1.76,4.39,4.29,1.77,0.06157558287032395,4.42,4.39,4.36,4.29,1.76,1.77
2025-05-06,Chelsea,West Ham,1,3,A,1.3,5.48,7.97,1.31,5.39,7.79,1.36,5.74,8.01,1.37,5.71,8.0,0.0792006221772211,1.36,1.37,5.74,5.71,8.01,8.0
2025-05-07,Man Utd,Newcastle,4,6,A,4.12,4.26,1.7,4.28,4.12,1.69,4.43,4.33,1.75,4.43,4.33,1.75,0.06748192870042939,4.43,4.43,4.33,4.33,1.75,1.75
2025-05-08,Man City,Arsenal,2,2,D,3.09,3.94,2.06,3.12,3.92,2.05,3.27,3.92,2.16,3.28,3.96,2.14,0.0628814455976164,3.27,3.28,3.94,3.96,2.16,2.14
2025-05-09,Brighton,West Ham,2,2,D,1.7,4.16,4.17,1.72,4.08,4.15,1.8,4.29,4.2,1.79,4.26,4.31,0.06697810685671127,1.8,1.79,4.29,4.26,4.2,4.31
2025-05-10,Chelsea,Man City,1,1,D,1.27,5.97,8.66,1.28,5.86,8.43,1.32,6.15,9.1,1.33,6.08,9.15,0.07007229666281538,1.32,1.33,6.15,6.08,9.1,9.15
2025-05-11,Arsenal,Newcastle,2,0,H,1.88,3.98,3.59,1.9,3.96,3.52,1.98,4.05,3.66,1.98,4.08,3.65,0.06304860389871203,1.98,1.98,4.05,4.08,3.66,3.65
2025-05-12,Brighton,Aston Villa,3,1,H,2.21,3.68,2.95,2.19,3.82,2.9,2.25,3.91,3.07,2.28,3.91,3.02,0.06343129412758662,2.25,2.28,3.91,3.91,3.07,3.02
2025-05-13,West Ham,Liverpool,2,2,D,3.5,3.77,1.92,3.43,3.92,1.91,3.64,4.02,1.98,3.61,4.07,1.98,0.07104203388145126,3.64,3.61,4.02,4.07,1.98,1.98
2025-05-14,Arsenal,Chelsea,1,3,A,2.45,3.77,2.64,2.47,3.81,2.61,2.54,3.95,2.68,2.53,3.93,2.69,0.05182587749617104,2.54,2.53,3.95,3.93,2.68,2.69
2025-05-15,Man Utd,Tottenham,3,3,D,2.39,3.8,2.61,2.44,3.7,2.58,2.54,3.88,2.67,2.53,3.89,2.67,0.06620241704865032,2.54,2.53,3.88,3.89,2.67,2.67
2025-05-16,Aston Villa,Brighton,4,0,H,1.83,3.94,3.77,1.83,4.06,3.66,1.9,4.12,3.87,1.91,4.1,3.84,0.06641983436653104,1.9,1.91,4.12,4.1,3.87,3.84
2025-05-17,Brighton,Liverpool,4,2,H,2.78,3.94,2.18,2.78,3.75,2.24,2.9,3.93,2.33,2.91,3.89,2.33,0.07270256783385143,2.9,2.91,3.94,3.89,2.33,2.33
2025-05-18,Aston Villa,Tottenham,2,1,H,1.46,4.38,6.05,1.43,4.66,5.95,1.5,5.06,6.01,1.5,4.9,6.16,0.07947934257009974,1.5,1.5,5.06,4.9,6.05,6.16
2025-05-19,Man Utd,Tottenham,2,5,A,2.46,3.64,2.54,2.42,3.71,2.56,2.53,3.85,2.67,2.52,3.86,2.67,0.07387264360360424,2.53,2.52,3.85,3.86,2.67,2.67
2025-05-20,Chelsea,Man City,3,1,H,1.27,5.99,9.01,1.28,5.92,8.58,1.32,6.13,9.41,1.33,6.05,9.21,0.06511365837951405,1.32,1.33,6.13,6.05,9.41,9.21
2025-05-21,Brighton,Newcastle,1,2,A,2.26,3.85,2.83,2.31,3.73,2.82,2.36,3.95,2.89,2.38,3.93,2.89,0.05508359538821536,2.36,2.38,3.95,3.93,2.89,2.89
2025-05-22,Man City,Aston Villa,0,1,A,2.78,3.74,2.27,2.79,3.72,2.27,2.89,3.89,2.35,2.87,3.92,2.36,0.06764782914899511,2.89,2.87,3.89,3.92,2.35,2.36
2025-05-23,Liverpool,Newcastle,3,2,H,1.68,4.12,4.2,1.68,4.13,4.19,1.75,4.3,4.42,1.74,4.35,4.42,0.07502896660138059,1.75,1.74,4.3,4.35,4.42,4.42
2025-05-24,Newcastle,Man City,2,0,H,1.47,4.72,5.39,1.48,4.5,5.6,1.54,4.76,5.76,1.54,4.78,5.8,0.07797242190935998,1.54,1.54,4.76,4.78,5.76,5.8
2025-05-25,Newcastle,Man City,4,1,H,1.47,4.71,5.44,1.48,4.56,5.62,1.54,4.83,5.71,1.54,4.79,5.81,0.07475931138482302,1.54,1.54,4.83,4.79,5.71,5.81
2025-05-26,Man City,Man Utd,1,0,H,1.59,4.44,4.96,1.59,4.47,4.95,1.64,4.6,5.12,1.64,4.58,5.12,0.055669058190876905,1.64,1.64,4.6,4.58,5.12,5.12
2025-05-27,Tottenham,Man Utd,1,1,D,1.69,4.2,4.12,1.67,4.2,4.23,1.74,4.3,4.53,1.74,4.36,4.48,0.07137727593047995,1.74,1.74,4.3,4.36,4.53,4.48
2025-05-28,Chelsea,Tottenham,3,0,H,1.2,6.73,10.62,1.21,6.53,10.27,1.27,6.87,10.41,1.27,6.69,10.45,0.0764046484245753,1.27,1.27,6.87,6.69,10.62,10.45
2025-05-29,Tottenham,Liverpool,1,3,A,4.25,4.05,1.7,4.18,4.18,1.69,4.38,4.31,1.76,4.37,4.3,1.76,0.07043050899880926,4.38,4.37,4.31,4.3,1.76,1.76
2025-05-30,West Ham,Man Utd,4,0,H,1.51,4.55,5.34,1.52,4.51,5.24,1.58,4.76,5.45,1.57,4.74,5.55,0.07057256122784646,1.58,1.57,4.76,4.74,5.45,5.55
2025-05-31,Arsenal,Chelsea,1,2,A,2.41,3.79,2.59,2.43,3.76,2.58,2.54,3.82,2.69,2.53,3.89,2.68,0.06500486858753236,2.54,2.53,3.82,3.89,2.69,2.68
2025-06-01,West Ham,Newcastle,1,1,D,2.74,3.69,2.31,2.73,3.74,2.29,2.82,3.99,2.37,2.84,3.9,2.39,0.06910928666376516,2.82,2.84,3.99,3.9,2.37,2.39
2025-06-02,Man Utd,Aston Villa,3,5,A,4.13,4.0,1.76,3.99,4.09,1.77,4.15,4.24,1.83,4.15,4.27,1.82,0.058831421576690635,4.15,4.15,4.24,4.27,1.83,1.82
2025-06-03,Brighton,Tottenham,3,0,H,1.58,4.65,4.92,1.57,4.47,5.18,1.63,4.55,5.3,1.62,4.67,5.28,0.05266430260357236,1.63,1.62,4.65,4.67,5.3,5.28
2025-06-04,Man Utd,Arsenal,1,2,A,4.65,4.22,1.61,4.6,4.22,1.61,4.77,4.47,1.68,4.78,4.47,1.67,0.074831447142362,4.77,4.78,4.47,4.47,1.68,1.67
2025-06-05,Chelsea,West Ham,5,0,H,1.32,5.31,7.71,1.31,5.47,7.61,1.36,5.83,8.15,1.36,5.67,8.18,0.07829432922174548,1.36,1.36,5.83,5.67,8.15,8.18
2025-06-06,Brighton,Arsenal,3,0,H,2.41,3.76,2.53,2.4,3.76,2.55,2.5,3.91,2.67,2.5,3.88,2.68,0.07570467006130832,2.5,2.5,3.91,3.88,2.67,2.68
2025-06-07,Newcastle,West Ham,5,0,H,1.56,4.45,5.14,1.56,4.52,5.04,1.63,4.65,5.14,1.62,4.6,5.26,0.06001740661342409,1.63,1.62,4.65,4.6,5.14,5.26
2025-06-08,Man City,Arsenal,1,2,A,3.17,3.79,2.11,3.11,3.93,2.1,3.32,3.95,2.14,3.26,3.98,2.16,0.05280590453923785,3.32,3.26,3.95,3.98,2.14,2.16
2025-06-09,Brighton,Man Utd,1,3,A,1.37,5.28,7.21,1.37,5.26,7.2,1.42,5.32,7.66,1.42,5.44,7.48,0.0584041516289422,1.42,1.42,5.32,5.44,7.66,7.48
2025-06-10,Brighton,Arsenal,4,5,A,2.44,3.65,2.56,2.39,3.68,2.59,2.47,3.86,2.73,2.49,3.85,2.71,0.075285061274297,2.47,2.49,3.86,3.85,2.73,2.71
2025-06-11,Chelsea,Arsenal,1,3,A,1.7,3.96,4.4,1.67,4.17,4.3,1.74,4.37,4.44,1.74,4.32,4.48,0.06967443522899648,1.74,1.74,4.37,4.32,4.44,4.48
2025-06-12,West Ham,Newcastle,1,0,H,2.69,3.72,2.28,2.71,3.7,2.28,2.87,3.87,2.36,2.83,3.88,2.38,0.07900082732308811,2.87,2.83,3.87,3.88,2.36,2.38
2025-06-13,Newcastle,Brighton,1,1,D,1.8,4.13,3.83,1.77,4.16,3.9,1.83,4.21,4.14,1.84,4.2,4.13,0.06028043055311311,1.83,1.84,4.21,4.2,4.14,4.13
2025-06-14,Chelsea,Man City,3,1,H,1.27,5.88,8.99,1.29,5.71,8.79,1.32,6.18,9.37,1.33,6.08,9.02,0.06654416360874928,1.32,1.33,6.18,6.08,9.37,9.02
2025-06-15,Arsenal,West Ham,3,1,H,1.51,4.54,5.27,1.48,4.62,5.55,1.55,4.79,5.64,1.55,4.77,5.73,0.07370114664914684,1.55,1.55,4.79,4.77,5.64,5.73
2025-06-16,Newcastle,Liverpool,0,2,A,2.48,3.65,2.63,2.46,3.75,2.61,2.56,3.82,2.7,2.51,3.9,2.71,0.05701975828195437,2.56,2.51,3.82,3.9,2.7,2.71
2025-06-17,Liverpool,Chelsea,1,0,H,2.06,3.8,3.02,2.08,3.77,3.01,2.2,3.96,3.09,2.17,3.96,3.14,0.07892269923978998,2.2,2.17,3.96,3.96,3.09,3.14
2025-06-18,Brighton,Liverpool,1,3,A,2.81,3.73,2.26,2.84,3.74,2.23,2.96,3.88,2.31,2.92,3.9,2.33,0.06777193017475444,2.96,2.92,3.88,3.9,2.31,2.33
2025-06-19,Tottenham,Man Utd,2,1,H,1.72,4.26,4.28,1.7,4.2,4.46,1.75,4.4,4.51,1.75,4.38,4.53,0.0502369268995896,1.75,1.75,4.4,4.38,4.51,4.53
2025-06-20,Man Utd,Man City,2,2,D,2.69,3.85,2.39,2.69,3.85,2.38,2.77,3.94,2.47,2.78,3.94,2.46,0.05075459826884037,2.77,2.78,3.94,3.94,2.47,2.46
2025-06-21,Man City,Man Utd,0,2,A,1.55,4.37,4.91,1.57,4.31,4.83,1.62,4.5,5.19,1.63,4.55,5.03,0.07646648049204785,1.62,1.63,4.5,4.55,5.19,5.03
2025-06-22,Brighton,Man City,2,0,H,1.65,4.23,4.42,1.64,4.2,4.53,1.72,4.41,4.57,1.71,4.38,4.64,0.06935844583283232,1.72,1.71,4.41,4.38,4.57,4.64
2025-06-23,Man City,Arsenal,3,1,H,3.04,3.8,2.08,3.17,3.75,2.04,3.24,3.96,2.14,3.25,3.93,2.14,0.07289217557191587,3.24,3.25,3.96,3.93,2.14,2.14
2025-06-24,Man Utd,Chelsea,2,2,D,6.38,4.84,1.41,6.33,4.93,1.4,6.57,5.14,1.46,6.72,5.15,1.46,0.07352048002870724,6.57,6.72,5.14,5.15,1.46,1.46
2025-06-25,Aston Villa,Newcastle,4,4,D,2.1,3.74,3.14,2.08,3.84,3.11,2.16,3.96,3.22,2.17,3.97,3.21,0.0626137932875233,2.16,2.17,3.96,3.97,3.22,3.21
2025-06-26,West Ham,Newcastle,4,0,H,2.69,3.71,2.31,2.74,3.66,2.3,2.86,3.84,2.38,2.83,3.91,2.38,0.07395833738426906,2.86,2.83,3.84,3.91,2.38,2.38
2025-06-27,West Ham,Chelsea,0,3,A,3.7,4.13,1.77,3.74,3.92,1.8,3.87,4.1,1.89,3.88,4.11,1.89,0.07812597334437614,3.87,3.88,4.13,4.11,1.89,1.89
2025-06-28,West Ham,Liverpool,0,2,A,3.47,4.01,1.93,3.53,3.88,1.94,3.69,4.08,1.98,3.64,4.08,1.99,0.05516513323308865,3.69,3.64,4.08,4.08,1.98,1.99
2025-06-29,Tottenham,Aston Villa,1,2,A,3.01,3.82,2.09,3.03,3.79,2.08,3.22,3.9,2.16,3.17,3.94,2.17,0.07292409198626063,3.22,3.17,3.9,3.94,2.16,2.17
2025-06-30,Liverpool,Brighton,3,1,H,1.55,4.57,5.15,1.53,4.5,5.43,1.58,4.78,5.48,1.59,4.75,5.49,0.05923376022846695,1.58,1.59,4.78,4.75,5.48,5.49
2025-07-01,Aston Villa,Brighton,1,2,A,1.86,3.95,3.71,1.85,3.96,3.74,1.92,4.13,3.84,1.91,4.13,3.85,0.05964479009161562,1.92,1.91,4.13,4.13,3.84,3.85
2025-07-02,Aston Villa,West Ham,2,1,H,1.62,4.28,4.73,1.61,4.34,4.78,1.67,4.46,4.96,1.68,4.46,4.89,0.06238264553109159,1.67,1.68,4.46,4.46,4.96,4.89
2025-07-03,West Ham,Brighton,1,0,H,2.35,3.64,2.66,2.32,3.7,2.67,2.43,3.89,2.76,2.43,3.91,2.76,0.07591158559724256,2.43,2.43,3.89,3.91,2.76,2.76
2025-07-04,Newcastle,West Ham,0,0,D,1.57,4.55,5.15,1.58,4.48,5.09,1.62,4.6,5.35,1.62,4.66,5.26,0.05066168201930148,1.62,1.62,4.6,4.66,5.35,5.26
2025-07-05,Man City,Man Utd,3,0,H,1.58,4.58,4.76,1.58,4.43,4.9,1.65,4.51,5.03,1.64,4.54,5.08,0.06301778620430792,1.65,1.64,4.58,4.54,5.03,5.08
2025-07-06,Tottenham,Chelsea,0,0,D,4.45,4.3,1.63,4.59,4.35,1.61,4.8,4.47,1.68,4.74,4.47,1.68,0.07040142948707812,4.8,4.74,4.47,4.47,1.68,1.68
2025-07-07,Man Utd,Liverpool,1,4,A,5.97,4.9,1.47,5.98,4.73,1.48,6.0,4.84,1.54,6.01,4.93,1.53,0.05331246374847566,6.0,6.01,4.9,4.93,1.54,1.53
2025-07-08,Aston Villa,Liverpool,2,2,D,2.51,3.68,2.48,2.51,3.72,2.46,2.62,3.82,2.59,2.63,3.88,2.56,0.0737676079105225,2.62,2.63,3.82,3.88,2.59,2.56
2025-07-09,Chelsea,Brighton,1,0,H,1.43,4.73,6.05,1.45,4.66,5.83,1.51,5.03,5.85,1.51,4.94,6.0,0.07825707793692059,1.51,1.51,5.03,4.94,6.05,6.0
2025-07-10,Chelsea,Brighton,2,2,D,1.5,4.7,5.76,1.47,4.84,5.97,1.52,4.96,6.18,1.53,4.93,6.13,0.05272804463230936,1.52,1.53,4.96,4.93,6.18,6.13
2025-07-11,Arsenal,Aston Villa,2,0,H,1.86,3.9,3.86,1.84,4.04,3.79,1.9,4.25,3.86,1.9,4.15,3.94,0.05458844413492635,1.9,1.9,4.25,4.15,3.86,3.94
2025-07-12,Aston Villa,Man City,0,1,A,1.52,4.6,4.93,1.52,4.32,5.21,1.58,4.56,5.53,1.59,4.58,5.37,0.07922291674838608,1.58,1.59,4.6,4.58,5.53,5.37
2025-07-13,Brighton,Man Utd,1,4,A,1.37,5.14,7.48,1.37,5.33,7.32,1.42,5.42,7.5,1.41,5.52,7.45,0.05593566922357225,1.42,1.41,5.42,5.52,7.5,7.45
2025-07-14,Arsenal,Liverpool,1,3,A,2.29,3.77,2.86,2.29,3.84,2.81,2.36,3.93,2.91,2.38,3.93,2.89,0.05236819027109614,2.36,2.38,3.93,3.93,2.91,2.89
2025-07-15,Man Utd,West Ham,1,0,H,2.83,3.72,2.19,2.83,3.73,2.19,2.93,3.85,2.33,2.93,3.9,2.3,0.07856577609187701,2.93,2.93,3.85,3.9,2.33,2.3
2025-07-16,Man Utd,Liverpool,1,2,A,5.71,4.6,1.46,5.72,4.7,1.45,6.14,4.85,1.51,5.98,4.84,1.52,0.07677868129428407,6.14,5.98,4.85,4.84,1.51,1.52
2025-07-17,Man Utd,Man City,1,3,A,2.64,3.75,2.36,2.66,3.73,2.35,2.74,3.93,2.45,2.77,3.88,2.45,0.06967176418199393,2.74,2.77,3.93,3.88,2.45,2.45
2025-07-18,West Ham,Tottenham,2,1,H,1.79,4.0,3.9,1.76,4.1,3.94,1.83,4.19,4.16,1.83,4.22,4.11,0.0665429278186266,1.83,1.83,4.19,4.22,4.16,4.11
2025-07-19,Man City,Aston Villa,0,1,A,2.8,3.59,2.26,2.76,3.7,2.25,2.87,3.88,2.35,2.86,3.87,2.36,0.07757698088908312,2.87,2.86,3.88,3.87,2.35,2.36
2025-07-20,Chelsea,West Ham,6,0,H,1.32,5.57,7.53,1.32,5.47,7.86,1.37,5.77,8.0,1.37,5.67,8.09,0.06966560225334269,1.37,1.37,5.77,5.67,8.0,8.09
2025-07-21,Man City,Arsenal,2,1,H,3.07,3.73,2.1,3.1,3.84,2.05,3.25,3.92,2.15,3.25,3.97,2.14,0.0697518997794521,3.25,3.25,3.92,3.97,2.15,2.14
2025-07-22,Liverpool,Chelsea,1,0,H,2.14,3.78,2.91,2.09,3.78,3.02,2.17,4.0,3.14,2.18,3.94,3.14,0.07531056692605859,2.17,2.18,4.0,3.94,3.14,3.14
2025-07-23,West Ham,Man City,2,0,H,1.92,3.79,3.51,1.89,3.94,3.51,1.98,4.01,3.66,1.97,4.06,3.66,0.06959737031877263,1.98,1.97,4.01,4.06,3.66,3.66
2025-07-24,West Ham,Liverpool,0,0,D,3.43,4.05,1.9,3.47,3.94,1.91,3.6,4.07,1.99,3.6,4.07,1.99,0.06511030661113033,3.6,3.6,4.07,4.07,1.99,1.99
2025-07-25,Arsenal,Tottenham,3,1,H,1.35,5.46,7.31,1.37,5.21,7.19,1.43,5.4,7.21,1.42,5.46,7.22,0.061691644936953435,1.43,1.42,5.46,5.46,7.31,7.22
2025-07-26,Newcastle,Liverpool,0,1,A,2.42,3.71,2.62,2.42,3.76,2.59,2.53,3.88,2.68,2.51,3.9,2.7,0.06509401678373722,2.53,2.51,3.88,3.9,2.68,2.7
2025-07-27,Liverpool,Arsenal,2,3,A,1.81,3.96,3.83,1.77,4.06,3.92,1.81,4.29,4.17,1.83,4.19,4.12,0.06567435947261584,1.81,1.83,4.29,4.19,4.17,4.12
2025-07-28,Man City,Tottenham,4,2,H,1.84,3.87,3.86,1.86,3.96,3.68,1.94,4.07,3.82,1.93,4.12,3.81,0.06082495643354756,1.94,1.93,4.07,4.12,3.86,3.81
2025-07-29,Liverpool,Arsenal,4,1,H,1.76,3.96,4.11,1.77,4.09,3.96,1.84,4.19,4.11,1.84,4.18,4.14,0.06344355226941038,1.84,1.84,4.19,4.18,4.11,4.14
2025-07-30,Man City,Chelsea,4,2,H,4.07,3.97,1.73,4.12,4.09,1.71,4.25,4.22,1.8,4.24,4.25,1.79,0.07405615798590565,4.25,4.24,4.22,4.25,1.8,1.79
2025-07-31,Man Utd,Arsenal,0,4,A,4.7,4.25,1.63,4.68,4.32,1.62,4.81,4.44,1.69,4.8,4.43,1.69,0.06249540106027664,4.81,4.8,4.44,4.43,1.69,1.69
2025-08-01,West Ham,Arsenal,2,2,D,2.98,3.88,2.18,2.97,3.83,2.21,3.0,3.98,2.29,3.05,3.95,2.28,0.050766792999062886,3.0,3.05,3.98,3.95,2.29,2.28
2025-08-02,Tottenham,Chelsea,1,2,A,4.58,4.38,1.64,4.68,4.3,1.63,4.83,4.38,1.7,4.76,4.5,1.69,0.058490579653215476,4.83,4.76,4.38,4.5,1.7,1.69
2025-08-03,Brighton,Aston Villa,2,1,H,2.24,3.83,2.86,2.2,3.8,2.96,2.24,3.99,3.06,2.27,3.93,3.05,0.056952255922750945,2.24,2.27,3.99,3.93,3.06,3.05
2025-08-04,Man Utd,Brighton,1,1,D,3.55,3.91,1.86,3.49,3.88,1.89,3.64,4.09,1.96,3.63,4.04,1.97,0.07380746035495905,3.64,3.63,4.09,4.04,1.96,1.97
2025-08-05,Arsenal,Man City,4,0,H,1.44,4.74,6.41,1.44,4.83,6.18,1.49,5.03,6.48,1.49,5.07,6.38,0.06347879175415427,1.49,1.49,5.03,5.07,6.48,6.38
2025-08-06,Arsenal,Man City,0,1,A,1.44,5.11,5.93,1.45,4.89,6.07,1.5,4.96,6.39,1.5,5.02,6.4,0.058409316291053996,1.5,1.5,5.11,5.02,6.39,6.4
2025-08-07,Liverpool,Man Utd,2,0,H,1.15,8.04,12.52,1.14,7.9,14.13,1.19,7.82,15.38,1.19,8.1,14.84,0.07432114651524874,1.19,1.19,8.04,8.1,15.38,14.84
2025-08-08,Liverpool,Newcastle,2,2,D,1.71,4.28,4.31,1.71,4.26,4.32,1.76,4.33,4.49,1.77,4.35,4.46,0.05057650413669836,1.76,1.77,4.33,4.35,4.49,4.46
2025-08-09,Aston Villa,Newcastle,2,2,D,2.07,3.92,3.15,2.11,3.83,3.11,2.17,3.96,3.23,2.17,3.99,3.23,0.05522752528193653,2.17,2.17,3.96,3.99,3.23,3.23
2025-08-10,Aston Villa,Brighton,3,3,D,1.82,3.94,3.68,1.82,3.94,3.67,1.91,4.13,3.77,1.91,4.08,3.84,0.074808644581874,1.91,1.91,4.13,4.08,3.77,3.84
2025-08-11,Aston Villa,Chelsea,0,7,A,2.72,3.75,2.31,2.69,3.7,2.35,2.8,3.93,2.4,2.82,3.89,2.41,0.06651955182981208,2.8,2.82,3.93,3.89,2.4,2.41
2025-08-12,Newcastle,Man City,4,0,H,1.48,4.67,5.42,1.49,4.55,5.54,1.54,4.84,5.77,1.55,4.77,5.79,0.0732094932373844,1.54,1.55,4.84,4.77,5.77,5.79
2025-08-13,Tottenham,Arsenal,1,2,A,3.54,3.87,1.87,3.46,3.86,1.9,3.63,4.01,1.98,3.62,4.06,1.97,0.07514528044286232,3.63,3.62,4.01,4.06,1.98,1.97
2025-08-14,Newcastle,Man City,1,2,A,1.46,4.68,5.51,1.46,4.66,5.53,1.53,4.87,5.77,1.54,4.77,5.84,0.0782589046576562,1.53,1.54,4.87,4.77,5.77,5.84
2025-08-15,Man Utd,Arsenal,4,2,H,4.95,4.39,1.61,4.79,4.34,1.63,4.86,4.46,1.69,4.81,4.49,1.69,0.051902737979100146,4.95,4.81,4.46,4.49,1.69,1.69
2025-08-16,Newcastle,Aston Villa,3,0,H,1.89,3.93,3.43,1.9,3.92,3.42,1.97,4.09,3.6,1.98,4.06,3.58,0.07397704229895416,1.97,1.98,4.09,4.06,3.6,3.58
2025-08-17,Brighton,Liverpool,0,3,A,2.8,3.67,2.26,2.8,3.74,2.23,2.89,3.96,2.32,2.93,3.9,2.33,0.07126298444659504,2.89,2.93,3.96,3.9,2.32,2.33
2025-08-18,Brighton,Aston Villa,1,1,D,2.19,3.88,2.92,2.2,3.84,2.93,2.27,3.95,3.04,2.28,3.97,3.02,0.05621076802029678,2.27,2.28,3.95,3.97,3.04,3.02
2025-08-19,Newcastle,Man Utd,3,0,H,1.24,5.87,9.88,1.24,6.08,9.19,1.29,6.53,9.57,1.3,6.31,9.78,0.0779510679902037,1.29,1.3,6.53,6.31,9.88,9.78
2025-08-20,Arsenal,Tottenham,1,2,A,1.39,5.04,6.88,1.37,5.17,7.14,1.43,5.32,7.28,1.42,5.41,7.35,0.06212605640919176,1.43,1.42,5.32,5.41,7.28,7.35
2025-08-21,Brighton,Man Utd,2,0,H,1.36,4.94,7.2,1.35,5.12,7.07,1.42,5.37,7.19,1.41,5.42,7.38,0.07662831582364413,1.42,1.41,5.37,5.42,7.2,7.38
2025-08-22,Chelsea,Aston Villa,0,1,A,1.55,4.44,5.05,1.55,4.49,5.03,1.63,4.63,5.09,1.62,4.6,5.23,0.06815341113994777,1.63,1.62,4.63,4.6,5.09,5.23
2025-08-23,Brighton,Arsenal,0,1,A,2.42,3.9,2.53,2.43,3.72,2.6,2.52,3.9,2.68,2.5,3.88,2.71,0.06580243839622871,2.52,2.5,3.9,3.88,2.68,2.71
2025-08-24,Tottenham,Arsenal,2,1,H,3.46,3.99,1.94,3.52,3.93,1.94,3.61,4.09,2.0,3.65,4.05,1.99,0.054785718016879384,3.61,3.65,4.09,4.05,2.0,1.99
2025-08-25,Aston Villa,Chelsea,0,1,A,2.69,3.78,2.27,2.69,3.71,2.3,2.83,3.83,2.4,2.81,3.88,2.4,0.0774298287286194,2.83,2.81,3.83,3.88,2.4,2.4
2025-08-26,Chelsea,Man Utd,6,1,H,1.13,8.46,15.4,1.13,8.52,15.39,1.18,8.59,16.63,1.17,8.83,17.38,0.06669985722086738,1.18,1.17,8.59,8.83,16.63,17.38
2025-08-27,West Ham,Man Utd,2,0,H,1.53,4.79,5.38,1.54,4.63,5.4,1.59,4.76,5.58,1.58,4.78,5.61,0.05018277216490453,1.59,1.58,4.79,4.78,5.58,5.61
2025-08-28,Aston Villa,Newcastle,1,2,A,2.17,3.74,3.1,2.12,3.84,3.13,2.17,4.02,3.22,2.17,3.99,3.23,0.0505485362321085,2.17,2.17,4.02,3.99,3.22,3.23
2025-08-29,Chelsea,Newcastle,4,1,H,1.61,4.21,4.63,1.6,4.25,4.69,1.68,4.46,4.79,1.67,4.49,4.81,0.07332897815054143,1.68,1.67,4.46,4.49,4.79,4.81
2025-08-30,Man Utd,Liverpool,1,4,A,5.74,4.6,1.51,5.88,4.8,1.48,6.13,4.97,1.52,6.07,4.95,1.53,0.05485809060135169,6.13,6.07,4.97,4.95,1.52,1.53
2025-08-31,Tottenham,Liverpool,3,0,H,4.18,4.2,1.69,4.17,4.1,1.71,4.45,4.24,1.76,4.41,4.29,1.76,0.06796215306884436,4.45,4.41,4.24,4.29,1.76,1.76
2025-09-01,Brighton,Newcastle,0,3,A,2.28,3.71,2.75,2.26,3.75,2.76,2.36,3.91,2.87,2.36,3.91,2.87,0.07043245885801941,2.36,2.36,3.91,3.91,2.87,2.87
2025-09-02,Newcastle,Man City,2,0,H,1.52,4.66,5.43,1.5,4.71,5.62,1.56,4.74,5.82,1.56,4.84,5.75,0.058380967788454904,1.56,1.56,4.74,4.84,5.82,5.75
2025-09-03,Aston Villa,Man Utd,2,0,H,1.29,5.9,8.2,1.29,5.76,8.48,1.34,5.96,8.94,1.34,5.97,8.83,0.06707941425234237,1.34,1.34,5.96,5.97,8.94,8.83
2025-09-04,Chelsea,Tottenham,2,1,H,1.23,6.36,11.08,1.24,6.49,10.58,1.28,6.72,10.88,1.28,6.78,10.71,0.05720776237967225,1.28,1.28,6.72,6.78,11.08,10.71
2025-09-05,Tottenham,Brighton,0,4,A,2.72,3.72,2.26,2.73,3.67,2.28,2.8,3.95,2.38,2.83,3.89,2.38,0.07838946282103851,2.8,2.83,3.95,3.89,2.38,2.38
2025-09-06,Man Utd,Brighton,1,2,A,3.48,3.89,1.88,3.55,3.87,1.87,3.64,4.05,1.97,3.64,4.07,1.96,0.07580510469047501,3.64,3.64,4.05,4.07,1.97,1.96
2025-09-07,West Ham,Man Utd,1,0,H,1.53,4.68,5.22,1.53,4.56,5.43,1.57,4.77,5.62,1.57,4.75,5.63,0.058641283744924076,1.57,1.57,4.77,4.75,5.62,5.63
2025-09-08,Chelsea,Liverpool,2,0,H,1.87,3.88,3.67,1.91,3.9,3.51,1.96,4.07,3.7,1.96,4.1,3.67,0.0658644347285102,1.96,1.96,4.07,4.1,3.7,3.67
2025-09-09,Tottenham,Chelsea,3,1,H,4.42,4.23,1.66,4.67,4.25,1.62,4.88,4.45,1.68,4.78,4.45,1.69,0.06501898571461717,4.88,4.78,4.45,4.45,1.68,1.69
2025-09-10,Man City,Man Utd,1,0,H,1.54,4.36,5.04,1.56,4.35,4.76,1.63,4.59,5.0,1.63,4.52,5.05,0.07880069773850222,1.63,1.63,4.59,4.52,5.04,5.05
2025-09-11,Aston Villa,Man City,2,1,H,1.54,4.51,5.19,1.54,4.48,5.25,1.59,4.72,5.49,1.6,4.7,5.38,0.061820863405515625,1.59,1.6,4.72,4.7,5.49,5.38
2025-09-12,Chelsea,Newcastle,3,0,H,1.62,4.11,4.87,1.6,4.39,4.69,1.67,4.49,4.86,1.68,4.48,4.82,0.06686682663864701,1.67,1.68,4.49,4.48,4.87,4.82
2025-09-13,Chelsea,Man City,2,0,H,1.25,5.78,9.36,1.26,5.79,8.73,1.32,6.07,9.42,1.32,6.03,9.07,0.07786119784662311,1.32,1.32,6.07,6.03,9.42,9.07
2025-09-14,Tottenham,Newcastle,3,2,H,3.29,3.86,2.03,3.22,3.92,2.04,3.4,3.99,2.1,3.37,4.01,2.1,0.054884331535296746,3.4,3.37,3.99,4.01,2.1,2.1
2025-09-15,Man Utd,Brighton,0,1,A,3.55,3.75,1.93,3.5,3.92,1.9,3.66,4.04,1.98,3.64,4.09,1.97,0.06651456809835014,3.66,3.64,4.04,4.09,1.98,1.97
2025-09-16,Aston Villa,West Ham,3,1,H,1.62,4.3,4.87,1.63,4.32,4.8,1.68,4.58,4.79,1.68,4.52,4.92,0.05317018761085489,1.68,1.68,4.58,4.52,4.87,4.92
2025-09-17,Tottenham,Man City,1,2,A,2.16,3.8,2.92,2.15,3.78,2.95,2.24,3.93,3.07,2.23,3.93,3.09,0.06852496795455502,2.24,2.23,3.93,3.93,3.07,3.09
2025-09-18,Tottenham,Brighton,1,3,A,2.68,3.79,2.36,2.75,3.75,2.32,2.83,3.93,2.4,2.84,3.93,2.4,0.06097049610161014,2.83,2.84,3.93,3.93,2.4,2.4
2025-09-19,Man City,Arsenal,1,5,A,3.11,3.73,2.04,3.14,3.75,2.02,3.24,3.94,2.13,3.21,4.0,2.13,0.07902908219538803,3.24,3.21,3.94,4.0,2.13,2.13
2025-09-20,Arsenal,Man Utd,3,2,H,1.22,6.75,10.38,1.23,6.5,10.46,1.29,6.49,10.76,1.28,6.64,10.88,0.06246227543445579,1.29,1.28,6.75,6.64,10.76,10.88
2025-09-21,Chelsea,Man City,0,2,A,1.3,5.91,8.58,1.29,6.0,8.92,1.33,6.12,9.47,1.34,6.09,9.18,0.05408562912625121,1.33,1.34,6.12,6.09,9.47,9.18
2025-09-22,West Ham,Man City,2,1,H,1.86,3.89,3.58,1.88,3.88,3.51,1.97,4.05,3.65,1.95,4.09,3.66,0.07501999882785212,1.97,1.95,4.05,4.09,3.65,3.66
2025-09-23,West Ham,Man City,1,3,A,1.9,3.9,3.44,1.87,3.93,3.5,1.95,4.06,3.71,1.96,4.09,3.65,0.07462600074268742,1.95,1.96,4.06,4.09,3.71,3.65
2025-09-24,Newcastle,Arsenal,2,3,A,2.05,3.93,3.03,2.07,3.87,3.03,2.2,3.94,3.13,2.18,3.92,3.18,0.07084578858628354,2.2,2.18,3.94,3.92,3.13,3.18
2025-09-25,Newcastle,Aston Villa,0,1,A,1.88,3.91,3.5,1.9,3.89,3.45,1.97,3.98,3.69,1.98,4.06,3.6,0.07246435405652685,1.97,1.98,3.98,4.06,3.69,3.6
2025-09-26,Chelsea,Arsenal,1,0,H,1.71,4.26,4.21,1.7,4.27,4.26,1.74,4.36,4.54,1.75,4.37,4.47,0.05794145653068221,1.74,1.75,4.36,4.37,4.54,4.47
2025-09-27,Man City,Man Utd,3,2,H,1.57,4.4,4.88,1.57,4.4,4.85,1.63,4.64,5.03,1.63,4.53,5.14,0.06926160501268344,1.63,1.63,4.64,4.53,5.03,5.14
2025-09-28,Arsenal,Brighton,3,2,H,1.7,4.17,4.51,1.71,4.25,4.32,1.76,4.4,4.47,1.76,4.38,4.44,0.051140596136161814,1.76,1.76,4.4,4.38,4.51,4.44
2025-09-29,Chelsea,West Ham,2,0,H,1.34,5.49,7.98,1.33,5.61,8.08,1.39,5.71,7.9,1.38,5.68,8.25,0.05590670431670104,1.39,1.38,5.71,5.68,7.98,8.25
2025-09-30,Chelsea,Aston Villa,3,2,H,1.55,4.48,4.76,1.54,4.41,4.96,1.6,4.67,5.2,1.62,4.57,5.18,0.0779683834265926,1.6,1.62,4.67,4.57,5.2,5.18
2025-10-01,Man City,Liverpool,1,4,A,3.73,3.99,1.81,3.7,4.0,1.81,3.88,4.2,1.88,3.9,4.17,1.88,0.07217705891247976,3.88,3.9,4.2,4.17,1.88,1.88
2025-10-02,Liverpool,West Ham,2,0,H,1.38,5.14,7.21,1.38,5.28,6.97,1.43,5.42,7.3,1.43,5.43,7.28,0.05692017622967774,1.43,1.43,5.42,5.43,7.3,7.28
2025-10-03,Arsenal,Newcastle,5,0,H,1.9,3.89,3.68,1.93,3.94,3.57,1.98,4.05,3.7,1.98,4.09,3.69,0.05334149268557865,1.98,1.98,4.05,4.09,3.7,3.69
2025-10-04,Newcastle,Man City,1,3,A,1.48,4.81,5.18,1.47,4.66,5.49,1.53,4.75,5.97,1.54,4.79,5.76,0.07846758334605505,1.53,1.54,4.81,4.79,5.97,5.76
2025-10-05,West Ham,Man Utd,0,1,A,1.56,4.74,4.97,1.53,4.68,5.41,1.58,4.82,5.57,1.58,4.74,5.58,0.05336562998180398,1.58,1.58,4.82,4.74,5.57,5.58
2025-10-06,Newcastle,West Ham,3,1,H,1.57,4.35,5.23,1.57,4.56,4.96,1.61,4.55,5.51,1.62,4.61,5.32,0.057712101441417446,1.61,1.62,4.55,4.61,5.51,5.32
2025-10-07,Man Utd,Chelsea,1,2,A,6.34,5.03,1.43,6.49,5.03,1.42,6.69,5.04,1.48,6.67,5.17,1.47,0.055479019789983715,6.69,6.67,5.04,5.17,1.48,1.47
2025-10-08,Man Utd,Man City,0,2,A,2.62,3.83,2.46,2.73,3.77,2.39,2.77,4.02,2.44,2.79,3.92,2.46,0.050223914612353045,2.77,2.79,4.02,3.92,2.46,2.46
2025-10-09,Chelsea,Aston Villa,1,2,A,1.58,4.32,5.18,1.57,4.5,5.01,1.62,4.67,5.15,1.62,4.62,5.22,0.05942404322294132,1.62,1.62,4.67,4.62,5.18,5.22
2025-10-10,Man City,West Ham,3,3,D,2.09,3.79,2.96,2.07,3.77,3.02,2.18,3.89,3.15,2.18,3.91,3.16,0.07922536614796288,2.18,2.18,3.89,3.91,3.15,3.16
2025-10-11,Tottenham,West Ham,1,1,D,2.27,3.77,2.83,2.31,3.75,2.78,2.36,3.93,2.89,2.38,3.9,2.88,0.060257099174280696,2.36,2.38,3.93,3.9,2.89,2.88
2025-10-12,Tottenham,West Ham,2,1,H,2.29,3.76,2.75,2.3,3.74,2.76,2.34,4.02,2.86,2.37,3.92,2.86,0.06512914638403322,2.34,2.37,4.02,3.92,2.86,2.86
2025-10-13,Arsenal,Aston Villa,3,1,H,1.82,3.88,3.76,1.82,3.95,3.71,1.91,4.16,3.76,1.89,4.14,3.88,0.07237807351765344,1.91,1.89,4.16,4.14,3.76,3.88
2025-10-14,Man Utd,Tottenham,2,1,H,2.45,3.76,2.55,2.44,3.74,2.57,2.54,3.85,2.68,2.53,3.88,2.68,0.06653240306237648,2.54,2.53,3.85,3.88,2.68,2.68
2025-10-15,Liverpool,Man City,3,1,H,1.31,5.85,7.25,1.31,5.43,7.98,1.37,5.63,8.33,1.38,5.64,7.99,0.0723077452223692,1.37,1.38,5.85,5.64,8.33,7.99
2025-10-16,Man City,Newcastle,1,0,H,2.86,3.81,2.18,2.91,3.79,2.17,3.04,3.88,2.27,3.05,3.93,2.24,0.06984907604571546,3.04,3.05,3.88,3.93,2.27,2.24
2025-10-17,Brighton,Man City,3,3,D,1.64,4.14,4.58,1.65,4.22,4.44,1.72,4.42,4.58,1.71,4.41,4.66,0.06825689068997044,1.72,1.71,4.42,4.41,4.58,4.66
2025-10-18,Tottenham,Man Utd,1,0,H,1.65,4.3,4.35,1.67,4.11,4.38,1.75,4.35,4.41,1.74,4.36,4.47,0.06948946721635235,1.75,1.74,4.35,4.36,4.41,4.47
2025-10-19,Newcastle,Tottenham,4,0,H,1.4,4.83,6.46,1.41,4.91,6.2,1.47,5.04,6.68,1.46,5.1,6.65,0.07397493086234753,1.47,1.46,5.04,5.1,6.68,6.65
2025-10-20,Brighton,West Ham,2,2,D,1.74,3.93,4.15,1.72,4.05,4.1,1.78,4.22,4.34,1.79,4.26,4.27,0.07130574184403313,1.78,1.79,4.22,4.26,4.34,4.27
2025-10-21,West Ham,Liverpool,0,2,A,3.48,3.82,1.91,3.44,3.9,1.9,3.58,4.0,2.0,3.62,4.02,1.98,0.07375324762115575,3.58,3.62,4.0,4.02,2.0,1.98
2025-10-22,Aston Villa,Liverpool,1,1,D,2.56,3.79,2.5,2.55,3.82,2.5,2.65,3.95,2.56,2.65,3.91,2.57,0.05436792914850594,2.65,2.65,3.95,3.91,2.56,2.57
2025-10-23,Newcastle,Brighton,2,0,H,1.78,3.88,4.02,1.77,4.04,3.87,1.82,4.22,4.13,1.83,4.22,4.08,0.07033021198131621,1.82,1.83,4.22,4.22,4.13,4.08
2025-10-24,Aston Villa,Arsenal,3,2,H,2.2,3.79,2.83,2.17,3.75,2.9,2.29,3.89,2.99,2.27,3.92,3.0,0.07211065736976599,2.29,2.27,3.89,3.92,2.99,3.0
2025-10-25,Man Utd,Newcastle,0,3,A,4.21,4.31,1.7,4.26,4.17,1.71,4.45,4.36,1.76,4.43,4.34,1.76,0.05899899297490504,4.45,4.43,4.36,4.34,1.76,1.76
2025-10-26,West Ham,Newcastle,1,0,H,2.74,3.74,2.25,2.7,3.75,2.28,2.83,3.86,2.39,2.84,3.89,2.38,0.07623731983529847,2.83,2.84,3.86,3.89,2.39,2.38
2025-10-27,Brighton,Man Utd,2,2,D,1.37,5.28,7.24,1.36,5.35,7.31,1.41,5.55,7.36,1.42,5.43,7.45,0.05914134809908102,1.41,1.42,5.55,5.43,7.36,7.45
2025-10-28,Newcastle,Chelsea,0,1,A,2.65,3.74,2.42,2.62,3.77,2.44,2.66,3.94,2.54,2.68,3.89,2.55,0.05731496358129492,2.66,2.68,3.94,3.89,2.54,2.55
2025-10-29,West Ham,Brighton,3,1,H,2.3,3.7,2.7,2.32,3.67,2.69,2.43,3.88,2.77,2.43,3.91,2.76,0.07601290446441533,2.43,2.43,3.88,3.91,2.77,2.76
2025-10-30,Tottenham,Chelsea,2,2,D,4.46,4.39,1.65,4.65,4.29,1.64,4.8,4.5,1.69,4.78,4.46,1.7,0.0574105951434928,4.8,4.78,4.5,4.46,1.69,1.7
2025-10-31,Brighton,Newcastle,1,0,H,2.3,3.73,2.77,2.29,3.79,2.77,2.4,3.88,2.86,2.37,3.93,2.87,0.062465073872954004,2.4,2.37,3.88,3.93,2.86,2.87
2025-11-01,Liverpool,Tottenham,4,0,H,1.28,5.9,9.13,1.28,6.02,8.77,1.32,6.19,9.42,1.31,6.33,9.48,0.06103768490110457,1.32,1.31,6.19,6.33,9.42,9.48
2025-11-02,West Ham,Arsenal,0,0,D,2.83,3.76,2.19,2.89,3.75,2.15,3.05,3.88,2.25,3.02,3.9,2.26,0.07694185467674818,3.05,3.02,3.88,3.9,2.25,2.26
2025-11-03,Newcastle,Man Utd,3,2,H,1.26,5.78,10.14,1.26,6.05,9.49,1.31,6.2,9.79,1.31,6.26,9.73,0.06365707214863893,1.31,1.31,6.2,6.26,10.14,9.73
2025-11-04,Brighton,Arsenal,0,2,A,2.41,3.72,2.58,2.4,3.74,2.59,2.5,3.9,2.69,2.51,3.87,2.69,0.07082926799888647,2.5,2.51,3.9,3.87,2.69,2.69
2025-11-05,Man Utd,West Ham,0,1,A,2.87,3.71,2.19,2.83,3.74,2.21,2.94,3.94,2.3,2.96,3.91,2.3,0.07382116713931487,2.94,2.96,3.94,3.91,2.3,2.3
2025-11-06,Aston Villa,Tottenham,3,1,H,1.46,4.76,5.69,1.45,4.75,5.85,1.52,4.98,5.95,1.51,4.94,6.12,0.06883710742241529,1.52,1.51,4.98,4.94,5.95,6.12
2025-11-07,Arsenal,Man Utd,3,2,H,1.2,6.58,11.15,1.2,6.46,10.79,1.27,6.75,10.55,1.26,6.76,10.84,0.07831083494974744,1.27,1.26,6.75,6.76,11.15,10.84
2025-11-08,Man City,Tottenham,0,0,D,1.83,3.92,3.66,1.85,3.94,3.58,1.91,4.16,3.75,1.93,4.09,3.76,0.07407522587768024,1.91,1.93,4.16,4.09,3.75,3.76
2025-11-09,Tottenham,Newcastle,1,1,D,3.29,3.93,1.99,3.25,3.88,2.01,3.37,4.0,2.09,3.37,4.01,2.09,0.0620061988302459,3.37,3.37,4.0,4.01,2.09,2.09
2025-11-10,Brighton,Liverpool,1,4,A,2.77,3.74,2.22,2.78,3.71,2.23,2.89,3.91,2.33,2.91,3.87,2.33,0.0785243552977305,2.89,2.91,3.91,3.87,2.33,2.33
2025-11-11,Aston Villa,Liverpool,3,2,H,2.54,3.81,2.44,2.53,3.78,2.46,2.66,3.89,2.54,2.64,3.91,2.55,0.06573724499814003,2.66,2.64,3.89,3.91,2.54,2.55
2025-11-12,Man Utd,Chelsea,2,0,H,6.63,5.12,1.42,6.61,4.98,1.43,6.57,5.06,1.49,6.75,5.17,1.47,0.05067731968834688,6.63,6.75,5.12,5.17,1.49,1.47
