date,tournament,round,surface,winner,loser,wrank,lrank,odds_winner,odds_loser,pin_winner,pin_loser,max_winner,max_loser
2016-01-04,Brisbane International,1st Round,Hard,Dimitrov G.,Simon G.,28.0,15.0,1.66,2.1,1.68,2.31,1.76,2.35
2016-01-04,Qatar Exxon Mobil Open,1st Round,Hard,Edmund K.,Klizan M.,102.0,43.0,1.66,2.1,1.83,2.07,1.83,2.15
2016-01-04,Qatar Exxon Mobil Open,1st Round,Hard,Djokovic N.,Brown D.,1.0,118.0,1.01,21.0,1.01,24.11,1.03,33.5
2016-01-04,Qatar Exxon Mobil Open,1st Round,Hard,Haase R.,Karatsev A.,66.0,195.0,1.5,2.5,1.5,2.76,1.58,2.76
2016-01-04,Qatar Exxon Mobil Open,1st Round,Hard,Munoz-De La Nava D.,Lopez F.,75.0,17.0,4.5,1.18,5.11,1.2,5.25,1.2
2016-01-04,Qatar Exxon Mobil Open,1st Round,Hard,Kuznetsov An.,Ilhan M.,79.0,114.0,1.5,2.5,1.59,2.49,1.62,2.62
2016-01-04,Chennai Open,1st Round,Hard,Coric B.,Granollers M.,44.0,84.0,1.44,2.62,1.45,2.96,1.45,3.0
2016-01-04,Chennai Open,1st Round,Hard,Pavic A.,Almagro N.,449.0,73.0,3.0,1.36,3.05,1.43,3.2,1.45
2016-01-04,Chennai Open,1st Round,Hard,Millman J.,Donskoy E.,92.0,91.0,1.5,2.5,1.6,2.47,1.62,2.53
2016-01-04,Qatar Exxon Mobil Open,1st Round,Hard,Chardy J.,Zayid M. S.,31.0,1512.0,1.0,51.0,1.01,51.0,1.01,51.0
2016-01-04,Qatar Exxon Mobil Open,1st Round,Hard,Dzumhur D.,Cecchinato M.,82.0,90.0,1.44,2.62,1.48,2.84,1.57,2.84
2016-01-04,Brisbane International,1st Round,Hard,Kudla D.,Smith J.P.,69.0,129.0,1.53,2.37,1.63,2.4,1.63,2.5
2016-01-04,Brisbane International,1st Round,Hard,Kamke T.,Mitchell B.,277.0,231.0,1.72,2.0,1.9,1.99,1.9,2.1
2016-01-04,Brisbane International,1st Round,Hard,Chung H.,Groth S.,51.0,60.0,1.83,1.83,1.93,1.96,1.93,2.1
2016-01-05,Brisbane International,1st Round,Hard,Tomic B.,Mahut N.,18.0,71.0,1.18,4.5,1.19,5.25,1.25,5.25
2016-01-05,Chennai Open,1st Round,Hard,Rublev A.,Devvarman S.,185.0,177.0,1.66,2.1,1.7,2.27,2.2,2.3
2016-01-05,Chennai Open,1st Round,Hard,Krajicek A.,Ram R.,104.0,89.0,2.1,1.66,2.03,1.86,2.2,1.86
2016-01-05,Chennai Open,1st Round,Hard,Rosol L.,Giraldo S.,55.0,70.0,1.4,2.75,1.45,2.93,1.52,3.0
2016-01-05,Chennai Open,1st Round,Hard,Ramanathan R.,Gimeno-Traver D.,248.0,98.0,1.9,1.8,2.04,1.85,2.06,1.85
2016-01-05,Chennai Open,1st Round,Hard,Vanni L.,Struff J.L.,106.0,107.0,2.2,1.61,2.1,1.81,2.2,1.81
2016-01-05,Chennai Open,1st Round,Hard,Fabbiano T.,Kovalik J.,157.0,259.0,1.5,2.5,1.53,2.65,1.57,2.75
2016-01-05,Chennai Open,1st Round,Hard,Garcia-Lopez G.,Daniel T.,27.0,96.0,1.5,2.5,1.56,2.56,1.57,2.7
2016-01-05,Chennai Open,1st Round,Hard,Bedene A.,Pospisil V.,45.0,39.0,2.37,1.53,2.5,1.59,2.7,1.59
2016-01-05,Qatar Exxon Mobil Open,1st Round,Hard,Andujar P.,Lorenzi P.,64.0,68.0,2.1,1.66,2.25,1.71,2.28,1.8
2016-01-05,Brisbane International,1st Round,Hard,Troicki V.,Johnson S.,22.0,32.0,2.0,1.72,2.37,1.65,2.38,1.74
2016-01-05,Brisbane International,1st Round,Hard,Goffin D.,Bellucci T.,16.0,37.0,1.28,3.5,1.31,3.74,1.31,3.8
2016-01-05,Chennai Open,1st Round,Hard,Muller G.,Khachanov K.,38.0,152.0,1.33,3.25,1.34,3.55,1.4,3.55
2016-01-05,Brisbane International,1st Round,Hard,Thiem D.,Duckworth J.,20.0,120.0,1.33,3.25,1.37,3.33,1.37,3.55
2016-01-05,Brisbane International,1st Round,Hard,Stepanek R.,Lajovic D.,197.0,76.0,2.0,1.72,2.0,1.89,2.05,1.9
2016-01-05,Brisbane International,1st Round,Hard,Dodig I.,Anderson O.,87.0,813.0,1.06,10.0,1.07,10.95,1.09,10.95
2016-01-05,Brisbane International,1st Round,Hard,Kukushkin M.,Istomin D.,65.0,61.0,2.0,1.72,2.14,1.78,2.18,1.79
2016-01-05,Qatar Exxon Mobil Open,1st Round,Hard,Nadal R.,Carreno-Busta P.,5.0,67.0,1.02,15.0,1.03,16.29,1.04,16.29
2016-01-05,Qatar Exxon Mobil Open,1st Round,Hard,Berankis R.,Seppi A.,85.0,29.0,2.2,1.61,2.51,1.58,2.51,1.65
2016-01-05,Qatar Exxon Mobil Open,1st Round,Hard,Mayer L.,Becker B.,35.0,97.0,1.5,2.5,1.52,2.7,1.57,2.7
2016-01-05,Qatar Exxon Mobil Open,1st Round,Hard,Verdasco F.,Jaziri M.,49.0,103.0,1.36,3.0,1.4,3.18,1.43,3.2
2016-01-05,Qatar Exxon Mobil Open,1st Round,Hard,Mathieu P.H.,Ramos-Vinolas A.,95.0,54.0,1.8,1.9,1.87,2.02,1.87,2.04
2016-01-05,Qatar Exxon Mobil Open,1st Round,Hard,Gabashvili T.,Bolelli S.,50.0,58.0,1.8,1.9,1.97,1.92,1.97,1.96
2016-01-05,Qatar Exxon Mobil Open,1st Round,Hard,Berdych T.,Stakhovsky S.,6.0,62.0,1.08,8.0,1.1,8.08,1.1,9.0
2016-01-05,Brisbane International,1st Round,Hard,Pouille L.,Nishioka Y.,78.0,117.0,2.25,1.57,2.38,1.64,2.45,1.67
2016-01-05,Qatar Exxon Mobil Open,1st Round,Hard,Marchenko I.,Ferrer D.,94.0,7.0,10.0,1.05,11.07,1.07,11.5,1.08
2016-01-06,Qatar Exxon Mobil Open,2nd Round,Hard,Chardy J.,Mathieu P.H.,31.0,95.0,1.36,3.0,1.41,3.19,1.41,3.25
2016-01-06,Qatar Exxon Mobil Open,2nd Round,Hard,Mayer L.,Andujar P.,35.0,64.0,1.28,3.5,1.3,3.88,1.33,4.0
2016-01-06,Qatar Exxon Mobil Open,2nd Round,Hard,Marchenko I.,Gabashvili T.,94.0,50.0,1.83,1.83,1.88,2.02,2.0,2.04
2016-01-06,Qatar Exxon Mobil Open,2nd Round,Hard,Djokovic N.,Verdasco F.,1.0,49.0,1.02,15.0,1.03,17.65,1.03,23.0
2016-01-06,Qatar Exxon Mobil Open,2nd Round,Hard,Kuznetsov An.,Berankis R.,79.0,85.0,2.1,1.66,2.02,1.88,2.1,1.91
2016-01-06,Qatar Exxon Mobil Open,2nd Round,Hard,Nadal R.,Haase R.,5.0,66.0,1.04,11.0,1.05,13.89,1.07,13.89
2016-01-06,Qatar Exxon Mobil Open,2nd Round,Hard,Edmund K.,Munoz-De La Nava D.,102.0,75.0,1.28,3.5,1.41,3.17,1.41,3.5
2016-01-06,Qatar Exxon Mobil Open,2nd Round,Hard,Berdych T.,Dzumhur D.,6.0,82.0,1.04,11.0,1.06,12.33,1.06,14.0
2016-01-06,Chennai Open,2nd Round,Hard,Wawrinka S.,Rublev A.,4.0,185.0,1.08,8.0,1.15,6.55,1.15,8.15
2016-01-06,Brisbane International,2nd Round,Hard,Tomic B.,Stepanek R.,18.0,197.0,1.3,3.4,1.34,3.57,1.37,3.75
2016-01-06,Brisbane International,2nd Round,Hard,Cilic M.,Chung H.,13.0,51.0,1.33,3.25,1.36,3.47,1.38,3.5
2016-01-06,Brisbane International,2nd Round,Hard,Nishikori K.,Kukushkin M.,8.0,65.0,1.14,5.5,1.24,4.6,1.24,5.85
2016-01-06,Brisbane International,2nd Round,Hard,Thiem D.,Kudla D.,20.0,69.0,1.4,2.75,1.44,3.01,1.45,3.05
2016-01-06,Chennai Open,2nd Round,Hard,Coric B.,Krajicek A.,44.0,104.0,1.28,3.5,1.32,3.74,1.33,3.75
2016-01-06,Chennai Open,2nd Round,Hard,Garcia-Lopez G.,Pavic A.,27.0,449.0,1.36,3.0,1.4,3.2,1.44,3.25
2016-01-06,Chennai Open,2nd Round,Hard,Bautista R.,Millman J.,25.0,92.0,1.28,3.5,1.38,3.31,1.38,3.8
2016-01-07,Brisbane International,2nd Round,Hard,Raonic M.,Dodig I.,14.0,87.0,1.25,3.75,1.32,3.71,1.32,4.0
2016-01-07,Brisbane International,2nd Round,Hard,Pouille L.,Goffin D.,78.0,16.0,5.0,1.16,5.54,1.18,5.54,1.19
2016-01-07,Qatar Exxon Mobil Open,Quarterfinals,Hard,Marchenko I.,Chardy J.,94.0,31.0,2.75,1.4,3.22,1.41,3.3,1.44
2016-01-07,Brisbane International,2nd Round,Hard,Dimitrov G.,Troicki V.,28.0,22.0,1.33,3.25,1.36,3.48,1.38,3.7
2016-01-07,Chennai Open,2nd Round,Hard,Fabbiano T.,Muller G.,157.0,38.0,4.5,1.18,5.42,1.19,5.42,1.22
2016-01-07,Chennai Open,2nd Round,Hard,Paire B.,Rosol L.,19.0,55.0,1.5,2.5,1.59,2.52,1.59,2.62
2016-01-07,Chennai Open,2nd Round,Hard,Bedene A.,Vanni L.,45.0,106.0,1.36,3.0,1.37,3.37,1.44,3.4
2016-01-07,Chennai Open,2nd Round,Hard,Ramanathan R.,Kudryavtsev A.,248.0,164.0,1.8,1.9,2.02,1.88,2.02,2.1
2016-01-07,Qatar Exxon Mobil Open,Quarterfinals,Hard,Nadal R.,Kuznetsov An.,5.0,79.0,1.02,17.0,1.04,17.65,1.04,19.84
2016-01-07,Qatar Exxon Mobil Open,Quarterfinals,Hard,Djokovic N.,Mayer L.,1.0,35.0,1.01,21.0,1.03,22.73,1.03,22.73
2016-01-07,Qatar Exxon Mobil Open,Quarterfinals,Hard,Berdych T.,Edmund K.,6.0,102.0,1.1,7.0,1.12,8.01,1.12,8.01
2016-01-07,Brisbane International,2nd Round,Hard,Federer R.,Kamke T.,3.0,277.0,1.07,9.0,1.09,9.35,1.1,11.0
2016-01-08,Qatar Exxon Mobil Open,Semifinals,Hard,Djokovic N.,Berdych T.,1.0,6.0,1.07,9.0,1.1,9.05,1.11,9.05
2016-01-08,Chennai Open,Quarterfinals,Hard,Paire B.,Fabbiano T.,19.0,157.0,1.2,4.5,1.24,4.76,1.25,4.76
2016-01-08,Chennai Open,Quarterfinals,Hard,Wawrinka S.,Garcia-Lopez G.,4.0,27.0,1.16,5.0,1.19,5.5,1.2,5.5
2016-01-08,Qatar Exxon Mobil Open,Semifinals,Hard,Nadal R.,Marchenko I.,5.0,94.0,1.1,7.0,1.12,7.84,1.15,8.06
2016-01-08,Brisbane International,Quarterfinals,Hard,Tomic B.,Nishikori K.,18.0,8.0,3.4,1.3,3.65,1.34,3.73,1.36
2016-01-08,Brisbane International,Quarterfinals,Hard,Raonic M.,Pouille L.,14.0,78.0,1.18,4.5,1.18,5.84,1.22,5.84
2016-01-08,Chennai Open,Quarterfinals,Hard,Coric B.,Bautista R.,44.0,25.0,3.0,1.36,3.17,1.42,3.25,1.44
2016-01-08,Chennai Open,Quarterfinals,Hard,Bedene A.,Ramanathan R.,45.0,248.0,1.16,5.0,1.21,5.25,1.22,5.4
2016-01-08,Brisbane International,Quarterfinals,Hard,Thiem D.,Cilic M.,20.0,13.0,3.0,1.36,3.2,1.41,3.25,1.43
2016-01-08,Brisbane International,Quarterfinals,Hard,Federer R.,Dimitrov G.,3.0,28.0,1.16,5.0,1.21,5.25,1.23,5.65
2016-01-09,Brisbane International,Semifinals,Hard,Federer R.,Thiem D.,3.0,20.0,1.1,7.0,1.11,8.22,1.12,8.22
2016-01-09,Brisbane International,Semifinals,Hard,Raonic M.,Tomic B.,14.0,18.0,1.5,2.62,1.48,2.92,1.57,2.92
2016-01-09,Chennai Open,Semifinals,Hard,Coric B.,Bedene A.,44.0,45.0,1.53,2.5,1.56,2.63,1.58,2.75
2016-01-09,Chennai Open,Semifinals,Hard,Wawrinka S.,Paire B.,4.0,19.0,1.2,4.5,1.2,5.45,1.22,5.45
2016-01-09,Qatar Exxon Mobil Open,The Final,Hard,Djokovic N.,Nadal R.,1.0,5.0,1.14,5.5,1.18,5.77,1.2,6.0
2016-01-10,ASB Classic,1st Round,Hard,Haase R.,Andujar P.,64.0,59.0,1.4,2.75,1.42,3.09,1.47,3.09
2016-01-10,ASB Classic,1st Round,Hard,Young D.,Tearney F.,46.0,365.0,1.08,8.0,1.09,9.16,1.12,9.16
2016-01-10,Chennai Open,The Final,Hard,Wawrinka S.,Coric B.,4.0,44.0,1.12,6.0,1.13,7.23,1.16,7.23
2016-01-10,Brisbane International,The Final,Hard,Raonic M.,Federer R.,14.0,3.0,4.0,1.25,4.27,1.27,4.33,1.3
2016-01-11,Apia International,1st Round,Hard,Cuevas P.,Marterer M.,41.0,265.0,1.44,2.62,1.52,2.71,1.57,2.8
2016-01-11,Apia International,1st Round,Hard,Robredo T.,Millman J.,43.0,93.0,2.1,1.66,2.09,1.81,2.2,1.81
2016-01-11,Apia International,1st Round,Hard,Sarkissian A.,Bolelli S.,195.0,58.0,3.25,1.33,3.33,1.37,3.4,1.38
2016-01-11,Apia International,1st Round,Hard,Thompson J.,Klizan M.,149.0,45.0,2.37,1.53,2.27,1.7,2.5,1.71
2016-01-11,Apia International,1st Round,Hard,Seppi A.,Istomin D.,29.0,61.0,1.66,2.1,1.83,2.07,1.87,2.15
2016-01-11,ASB Classic,1st Round,Hard,Sock J.,Estrella Burgos V.,26.0,56.0,1.11,6.5,1.13,6.82,1.13,7.0
2016-01-11,ASB Classic,1st Round,Hard,Barton M.,Johnson S.,299.0,32.0,5.0,1.16,5.22,1.19,5.25,1.2
2016-01-11,ASB Classic,1st Round,Hard,Pospisil V.,Karlovic I.,39.0,23.0,1.83,1.83,1.93,1.96,2.0,1.97
2016-01-11,ASB Classic,1st Round,Hard,De Bakker T.,Ramos-Vinolas A.,100.0,55.0,2.0,1.72,2.14,1.78,2.15,1.85
2016-01-12,Apia International,1st Round,Hard,Delbonis F.,Groth S.,52.0,66.0,3.5,1.28,3.7,1.32,3.75,1.34
2016-01-12,Apia International,1st Round,Hard,Mahut N.,Mannarino A.,71.0,44.0,2.1,1.66,2.13,1.79,2.2,1.81
2016-01-12,Apia International,1st Round,Hard,Dolgopolov O.,Bellucci T.,36.0,37.0,1.36,3.0,1.44,2.99,1.44,3.13
2016-01-12,Apia International,1st Round,Hard,Chardy J.,Kukushkin M.,31.0,63.0,1.66,2.1,1.81,2.09,1.81,2.2
2016-01-12,Apia International,1st Round,Hard,Muller G.,Coric B.,38.0,40.0,1.57,2.25,1.63,2.4,1.65,2.45
2016-01-12,Apia International,1st Round,Hard,Duckworth J.,Cervantes I.,134.0,72.0,1.57,2.25,1.67,2.32,1.69,2.38
2016-01-12,ASB Classic,1st Round,Hard,Fognini F.,Sousa J.,21.0,33.0,1.8,1.9,1.87,2.02,2.0,2.02
2016-01-12,ASB Classic,2nd Round,Hard,Anderson K.,Haase R.,12.0,64.0,1.33,3.25,1.43,3.07,1.44,3.25
2016-01-12,ASB Classic,1st Round,Hard,Rosol L.,Garcia-Lopez G.,54.0,27.0,2.0,1.72,2.06,1.84,2.2,1.84
2016-01-12,ASB Classic,1st Round,Hard,Paire B.,Venus M.,18.0,679.0,1.11,6.5,1.11,8.04,1.13,8.04
2016-01-12,ASB Classic,1st Round,Hard,Bautista R.,Vesely J.,25.0,42.0,1.36,3.0,1.44,3.0,1.44,3.03
2016-01-12,ASB Classic,1st Round,Hard,Querrey S.,Bedene A.,60.0,49.0,1.66,2.1,1.7,2.26,1.77,2.3
2016-01-12,ASB Classic,1st Round,Hard,Kohlschreiber P.,Becker B.,34.0,98.0,1.22,4.0,1.27,4.1,1.29,4.25
2016-01-12,Apia International,1st Round,Hard,Gabashvili T.,Mayer L.,50.0,35.0,2.75,1.4,2.97,1.44,3.0,1.45
2016-01-13,Apia International,2nd Round,Hard,Mahut N.,Seppi A.,71.0,29.0,2.37,1.53,2.5,1.6,2.63,1.61
2016-01-13,Apia International,2nd Round,Hard,Muller G.,Thiem D.,38.0,20.0,2.2,1.61,1.98,1.93,2.2,1.93
2016-01-13,Apia International,2nd Round,Hard,Dimitrov G.,Cuevas P.,28.0,41.0,1.18,4.5,1.21,5.1,1.21,5.1
2016-01-13,Apia International,2nd Round,Hard,Gabashvili T.,Delbonis F.,50.0,52.0,1.33,3.25,1.34,3.56,1.4,3.56
2016-01-13,Apia International,2nd Round,Hard,Dolgopolov O.,Sarkissian A.,36.0,195.0,1.11,6.5,1.14,6.69,1.14,7.0
2016-01-13,Apia International,2nd Round,Hard,Troicki V.,Robredo T.,22.0,43.0,1.61,2.2,1.74,2.23,1.74,2.25
2016-01-13,Apia International,2nd Round,Hard,Tomic B.,Thompson J.,17.0,149.0,1.08,8.0,1.09,9.58,1.11,9.58
2016-01-13,Apia International,2nd Round,Hard,Chardy J.,Duckworth J.,31.0,134.0,1.3,3.4,1.35,3.52,1.38,3.52
2016-01-13,ASB Classic,2nd Round,Hard,Sock J.,Pospisil V.,26.0,39.0,1.53,2.37,1.6,2.51,1.68,2.51
2016-01-13,ASB Classic,Quarterfinals,Hard,Sock J.,Anderson K.,26.0,12.0,1.72,2.0,1.78,2.19,1.8,2.25
2016-01-13,ASB Classic,2nd Round,Hard,Tsonga J.W.,Kohlschreiber P.,10.0,34.0,1.5,2.5,1.57,2.58,1.62,2.6
2016-01-13,ASB Classic,2nd Round,Hard,Isner J.,Querrey S.,11.0,60.0,1.4,2.75,1.47,2.92,1.57,2.92
2016-01-13,ASB Classic,2nd Round,Hard,Fognini F.,De Bakker T.,21.0,100.0,1.57,2.25,1.75,2.2,1.75,2.38
2016-01-13,ASB Classic,2nd Round,Hard,Rosol L.,Paire B.,54.0,18.0,2.0,1.72,2.19,1.76,2.19,1.85
2016-01-13,ASB Classic,2nd Round,Hard,Ferrer D.,Barton M.,8.0,299.0,1.05,11.0,1.08,10.44,1.08,11.49
2016-01-13,ASB Classic,2nd Round,Hard,Bautista R.,Young D.,25.0,46.0,1.25,3.75,1.29,3.97,1.31,3.97
2016-01-14,ASB Classic,Quarterfinals,Hard,Tsonga J.W.,Fognini F.,10.0,21.0,1.3,3.4,1.32,3.83,1.37,3.9
2016-01-14,ASB Classic,Quarterfinals,Hard,Bautista R.,Isner J.,25.0,11.0,2.2,1.61,2.36,1.68,2.39,1.68
2016-01-14,ASB Classic,Quarterfinals,Hard,Ferrer D.,Rosol L.,8.0,54.0,1.16,5.0,1.2,5.29,1.21,5.5
2016-01-15,ASB Classic,Semifinals,Hard,Bautista R.,Tsonga J.W.,25.0,10.0,3.0,1.4,3.05,1.45,3.05,1.49
2016-01-15,Apia International,Semifinals,Hard,Troicki V.,Gabashvili T.,22.0,50.0,1.57,2.25,1.56,2.64,1.6,2.64
2016-01-15,Apia International,Quarterfinals,Hard,Dimitrov G.,Dolgopolov O.,28.0,36.0,1.4,2.75,1.52,2.78,1.52,2.85
2016-01-15,Apia International,Quarterfinals,Hard,Gabashvili T.,Tomic B.,50.0,17.0,4.0,1.22,4.35,1.27,4.4,1.28
2016-01-15,Apia International,Semifinals,Hard,Dimitrov G.,Muller G.,28.0,38.0,1.33,3.25,1.53,2.72,1.53,3.35
2016-01-15,Apia International,Quarterfinals,Hard,Muller G.,Chardy J.,38.0,31.0,1.66,2.1,1.81,2.14,1.81,2.2
2016-01-15,ASB Classic,Semifinals,Hard,Sock J.,Ferrer D.,26.0,8.0,2.75,1.44,2.76,1.52,2.85,1.52
2016-01-15,Apia International,Quarterfinals,Hard,Troicki V.,Mahut N.,22.0,71.0,1.33,3.25,1.44,3.07,1.44,3.25
2016-01-16,ASB Classic,The Final,Hard,Bautista R.,Sock J.,25.0,26.0,2.3,1.61,2.21,1.76,2.3,1.77
2016-01-16,Apia International,The Final,Hard,Troicki V.,Dimitrov G.,22.0,28.0,3.0,1.4,3.17,1.42,3.17,1.43
2016-01-18,Australian Open,1st Round,Hard,Kudla D.,Krajinovic F.,69.0,102.0,1.36,3.0,1.42,3.14,1.44,3.15
2016-01-18,Australian Open,1st Round,Hard,Dolgopolov O.,Berankis R.,35.0,85.0,1.18,4.5,1.22,4.87,1.22,4.87
2016-01-18,Australian Open,1st Round,Hard,Lajovic D.,Querrey S.,77.0,58.0,3.5,1.28,3.39,1.37,3.8,1.37
2016-01-18,Australian Open,1st Round,Hard,Cuevas P.,Nishioka Y.,41.0,117.0,1.44,2.62,1.5,2.81,1.56,2.85
2016-01-18,Australian Open,1st Round,Hard,Rubin N.,Paire B.,328.0,18.0,9.0,1.06,10.44,1.08,13.0,1.1
2016-01-18,Australian Open,1st Round,Hard,Halys Q.,Dodig I.,187.0,78.0,6.0,1.12,6.18,1.16,6.18,1.17
2016-01-18,Australian Open,1st Round,Hard,Jasika O.,Marchenko I.,310.0,76.0,6.0,1.12,6.62,1.14,6.62,1.18
2016-01-18,Australian Open,1st Round,Hard,Seppi A.,Gabashvili T.,29.0,44.0,1.61,2.2,1.65,2.38,1.67,2.45
2016-01-18,Australian Open,1st Round,Hard,Trungelliti M.,Kovalik J.,210.0,251.0,2.1,1.66,2.15,1.79,2.17,1.83
2016-01-18,Australian Open,1st Round,Hard,Federer R.,Basilashvili N.,3.0,118.0,1.01,26.0,1.01,27.22,1.02,41.0
2016-01-18,Australian Open,1st Round,Hard,Kyrgios N.,Carreno-Busta P.,30.0,68.0,1.1,7.0,1.11,7.91,1.13,7.91
2016-01-18,Australian Open,1st Round,Hard,Bautista R.,Klizan M.,21.0,43.0,1.1,7.0,1.1,8.67,1.11,9.0
2016-01-18,Australian Open,1st Round,Hard,Tsonga J.W.,Baghdatis M.,10.0,46.0,1.14,5.5,1.17,6.0,1.17,7.0
2016-01-18,Australian Open,1st Round,Hard,Djokovic N.,Chung H.,1.0,52.0,1.002,41.0,1.01,51.0,1.01,51.0
2016-01-18,Australian Open,1st Round,Hard,Dimitrov G.,Lorenzi P.,28.0,57.0,1.06,9.0,1.08,9.95,1.08,10.0
2016-01-18,Australian Open,1st Round,Hard,Olivo R.,Vesely J.,174.0,50.0,5.5,1.14,5.23,1.2,5.6,1.2
2016-01-18,Australian Open,1st Round,Hard,Garcia-Lopez G.,Mathieu P.H.,27.0,97.0,1.4,2.75,1.48,2.86,1.48,3.25
2016-01-18,Australian Open,1st Round,Hard,Simon G.,Pospisil V.,15.0,39.0,1.4,2.75,1.51,2.77,1.53,2.77
2016-01-18,Australian Open,1st Round,Hard,Goffin D.,Stakhovsky S.,16.0,60.0,1.12,6.0,1.16,6.1,1.16,7.0
2016-01-18,Australian Open,1st Round,Hard,Dzumhur D.,Edmund K.,81.0,88.0,3.75,1.25,3.69,1.33,3.9,1.33
2016-01-18,Australian Open,1st Round,Hard,Brands D.,Estrella Burgos V.,151.0,55.0,1.4,2.75,1.37,3.39,1.45,3.39
2016-01-18,Australian Open,1st Round,Hard,Nishikori K.,Kohlschreiber P.,7.0,34.0,1.2,4.33,1.27,4.22,1.27,4.5
2016-01-18,Australian Open,1st Round,Hard,Krajicek A.,Wu D.,103.0,243.0,1.66,2.1,1.8,2.13,1.8,2.2
2016-01-18,Australian Open,1st Round,Hard,Thiem D.,Mayer L.,20.0,36.0,1.5,2.5,1.65,2.38,1.65,2.5
2016-01-18,Australian Open,1st Round,Hard,Basic M.,Haase R.,138.0,65.0,3.0,1.36,2.99,1.45,3.1,1.45
2016-01-18,Australian Open,1st Round,Hard,Cilic M.,De Bakker T.,13.0,98.0,1.07,9.0,1.09,9.65,1.09,9.65
2016-01-18,Australian Open,1st Round,Hard,Donskoy E.,Cervantes I.,91.0,72.0,1.4,2.75,1.49,2.84,1.61,2.84
2016-01-18,Australian Open,1st Round,Hard,Berdych T.,Bhambri Y.,6.0,96.0,1.005,34.0,1.01,34.0,1.02,41.0
2016-01-18,Australian Open,1st Round,Hard,Herbert P.H.,Andujar P.,167.0,62.0,1.5,2.5,1.56,2.59,1.57,2.75
2016-01-18,Australian Open,1st Round,Hard,Almagro N.,Benneteau J.,73.0,696.0,1.22,4.0,1.29,3.97,1.29,4.1
2016-01-18,Australian Open,1st Round,Hard,Ramos-Vinolas A.,Coric B.,61.0,40.0,3.75,1.25,3.52,1.35,4.33,1.35
2016-01-18,Australian Open,1st Round,Hard,Delbonis F.,Karlovic I.,53.0,24.0,4.0,1.22,3.79,1.31,4.0,1.31
2016-01-19,Australian Open,1st Round,Hard,Johnson S.,Bedene A.,32.0,49.0,1.57,2.25,1.65,2.38,1.77,2.38
2016-01-19,Australian Open,1st Round,Hard,Bellucci T.,Thompson J.,37.0,143.0,1.36,3.0,1.43,3.05,1.44,3.15
2016-01-19,Australian Open,1st Round,Hard,Monfils G.,Sugita Y.,25.0,124.0,1.08,8.0,1.11,8.27,1.12,8.27
2016-01-19,Australian Open,1st Round,Hard,Mahut N.,Cecchinato M.,63.0,92.0,1.06,9.0,1.09,9.58,1.14,9.58
2016-01-19,Australian Open,1st Round,Hard,Bolelli S.,Baker B.,64.0,,1.1,7.0,1.13,7.04,1.13,8.0
2016-01-19,Australian Open,1st Round,Hard,Tomic B.,Istomin D.,17.0,59.0,1.2,4.33,1.26,4.39,1.26,5.0
2016-01-19,Australian Open,1st Round,Hard,Sock J.,Fritz T.,22.0,155.0,1.44,2.62,1.53,2.7,1.58,2.9
2016-01-19,Australian Open,1st Round,Hard,Stepanek R.,Ito T.,188.0,125.0,1.3,3.4,1.34,3.56,1.37,3.6
2016-01-19,Australian Open,1st Round,Hard,Rosol L.,Daniel T.,51.0,99.0,1.33,3.25,1.38,3.32,1.38,3.5
2016-01-19,Australian Open,1st Round,Hard,Troicki V.,Munoz-De La Nava D.,26.0,71.0,1.12,6.0,1.14,6.7,1.15,7.0
2016-01-19,Australian Open,1st Round,Hard,Hewitt L.,Duckworth J.,308.0,129.0,1.44,2.62,1.55,2.64,1.56,2.75
2016-01-19,Australian Open,1st Round,Hard,Wawrinka S.,Tursunov D.,4.0,,1.01,26.0,1.01,34.0,1.02,34.0
2016-01-19,Australian Open,1st Round,Hard,Sela D.,Becker B.,87.0,101.0,1.83,1.83,1.91,2.0,1.91,2.05
2016-01-19,Australian Open,1st Round,Hard,Ferrer D.,Gojowczyk P.,8.0,223.0,1.04,13.0,1.06,12.95,1.06,14.0
2016-01-19,Australian Open,1st Round,Hard,Isner J.,Janowicz J.,11.0,56.0,1.2,4.33,1.27,4.18,1.28,4.5
2016-01-19,Australian Open,1st Round,Hard,Smyczek T.,Gimeno-Traver D.,108.0,100.0,1.25,3.75,1.31,3.84,1.31,4.2
2016-01-19,Australian Open,1st Round,Hard,Giraldo S.,Young D.,70.0,47.0,2.5,1.5,2.56,1.58,2.62,1.58
2016-01-19,Australian Open,1st Round,Hard,Verdasco F.,Nadal R.,45.0,5.0,8.0,1.08,9.28,1.09,9.28,1.11
2016-01-19,Australian Open,1st Round,Hard,Kuznetsov An.,Harrison R.,74.0,134.0,1.36,3.0,1.46,2.93,1.48,3.1
2016-01-19,Australian Open,1st Round,Hard,Groth S.,Mannarino A.,67.0,48.0,2.62,1.44,2.56,1.58,2.75,1.58
2016-01-19,Australian Open,1st Round,Hard,Millman J.,Schwartzman D.,95.0,89.0,1.3,3.4,1.37,3.39,1.37,3.75
2016-01-19,Australian Open,1st Round,Hard,Raonic M.,Pouille L.,14.0,90.0,1.06,10.0,1.05,13.89,1.07,13.89
2016-01-19,Australian Open,1st Round,Hard,Chardy J.,Gulbis E.,31.0,79.0,1.33,3.25,1.35,3.54,1.4,3.54
2016-01-19,Australian Open,1st Round,Hard,Muller G.,Fognini F.,38.0,23.0,1.72,2.0,1.81,2.11,1.81,2.19
2016-01-19,Australian Open,1st Round,Hard,Robert S.,Fratangelo B.,225.0,132.0,1.5,2.5,1.58,2.55,1.58,2.62
2016-01-19,Australian Open,1st Round,Hard,Ram R.,Anderson K.,93.0,12.0,9.0,1.07,10.44,1.08,10.44,1.08
2016-01-19,Australian Open,1st Round,Hard,Granollers M.,Ebden M.,80.0,106.0,1.4,2.75,1.52,2.74,1.52,2.88
2016-01-19,Australian Open,1st Round,Hard,Murray A.,Zverev A.,2.0,83.0,1.02,17.0,1.03,20.5,1.03,26.0
2016-01-19,Australian Open,1st Round,Hard,Lopez F.,Evans D.,19.0,185.0,1.2,4.33,1.24,4.55,1.3,4.55
2016-01-19,Australian Open,1st Round,Hard,Pella G.,Darcis S.,75.0,110.0,1.53,2.37,1.56,2.61,1.73,2.61
2016-01-19,Australian Open,1st Round,Hard,Robredo T.,Jaziri M.,42.0,104.0,1.28,3.5,1.33,3.65,1.33,3.8
2016-01-19,Australian Open,1st Round,Hard,Sousa J.,Kukushkin M.,33.0,94.0,1.66,2.1,1.78,2.17,1.78,2.23
2016-01-20,Australian Open,2nd Round,Hard,Dimitrov G.,Trungelliti M.,28.0,210.0,1.04,13.0,1.04,15.91,1.05,17.0
2016-01-20,Australian Open,2nd Round,Hard,Djokovic N.,Halys Q.,1.0,187.0,1.0,51.0,1.0,81.0,1.01,91.0
2016-01-20,Australian Open,2nd Round,Hard,Seppi A.,Kudla D.,29.0,69.0,1.33,3.25,1.38,3.32,1.4,3.35
2016-01-20,Australian Open,2nd Round,Hard,Herbert P.H.,Rubin N.,167.0,328.0,1.36,3.0,1.32,3.74,1.39,3.74
2016-01-20,Australian Open,2nd Round,Hard,Tsonga J.W.,Jasika O.,10.0,310.0,1.02,17.0,1.02,21.68,1.04,23.5
2016-01-20,Australian Open,2nd Round,Hard,Kyrgios N.,Cuevas P.,30.0,41.0,1.12,6.0,1.15,6.48,1.15,6.75
2016-01-20,Australian Open,2nd Round,Hard,Garcia-Lopez G.,Brands D.,27.0,151.0,1.36,3.0,1.42,3.11,1.42,3.25
2016-01-20,Australian Open,2nd Round,Hard,Cilic M.,Ramos-Vinolas A.,13.0,61.0,1.11,6.5,1.15,6.34,1.15,7.0
2016-01-20,Australian Open,2nd Round,Hard,Thiem D.,Almagro N.,20.0,73.0,1.36,3.0,1.42,3.11,1.42,3.25
2016-01-20,Australian Open,2nd Round,Hard,Bautista R.,Lajovic D.,21.0,77.0,1.12,6.0,1.12,7.71,1.16,7.71
2016-01-20,Australian Open,2nd Round,Hard,Federer R.,Dolgopolov O.,3.0,35.0,1.06,10.0,1.07,10.84,1.07,11.0
2016-01-20,Australian Open,2nd Round,Hard,Simon G.,Donskoy E.,15.0,91.0,1.11,6.5,1.14,6.9,1.14,7.0
2016-01-20,Australian Open,2nd Round,Hard,Delbonis F.,Olivo R.,53.0,174.0,1.36,3.0,1.38,3.35,1.38,3.4
2016-01-20,Australian Open,2nd Round,Hard,Goffin D.,Dzumhur D.,16.0,81.0,1.04,13.0,1.05,13.89,1.06,14.92
2016-01-20,Australian Open,2nd Round,Hard,Nishikori K.,Krajicek A.,7.0,103.0,1.03,15.0,1.03,18.8,1.04,18.8
2016-01-20,Australian Open,2nd Round,Hard,Berdych T.,Basic M.,6.0,138.0,1.03,15.0,1.03,17.65,1.04,21.0
2016-01-21,Australian Open,2nd Round,Hard,Johnson S.,Bellucci T.,32.0,37.0,1.53,2.37,1.59,2.52,1.59,2.57
2016-01-21,Australian Open,2nd Round,Hard,Ferrer D.,Hewitt L.,8.0,308.0,1.12,6.0,1.15,6.34,1.15,6.5
2016-01-21,Australian Open,2nd Round,Hard,Wawrinka S.,Stepanek R.,4.0,188.0,1.06,9.0,1.07,10.71,1.08,10.71
2016-01-21,Australian Open,2nd Round,Hard,Rosol L.,Sock J.,51.0,22.0,2.75,1.4,2.74,1.52,2.78,1.52
2016-01-21,Australian Open,2nd Round,Hard,Tomic B.,Bolelli S.,17.0,64.0,1.16,5.0,1.2,5.24,1.2,5.5
2016-01-21,Australian Open,2nd Round,Hard,Millman J.,Muller G.,95.0,38.0,3.75,1.25,3.87,1.31,3.9,1.31
2016-01-21,Australian Open,2nd Round,Hard,Troicki V.,Smyczek T.,26.0,108.0,1.18,4.5,1.24,4.54,1.25,4.9
2016-01-21,Australian Open,2nd Round,Hard,Kuznetsov An.,Chardy J.,74.0,31.0,2.1,1.66,2.23,1.74,2.3,1.77
2016-01-21,Australian Open,2nd Round,Hard,Murray A.,Groth S.,2.0,67.0,1.01,21.0,1.02,22.32,1.03,26.0
2016-01-21,Australian Open,2nd Round,Hard,Lopez F.,Pella G.,19.0,75.0,1.11,6.5,1.17,5.91,1.17,7.08
2016-01-21,Australian Open,2nd Round,Hard,Raonic M.,Robredo T.,14.0,42.0,1.07,9.0,1.07,10.98,1.08,10.98
2016-01-21,Australian Open,2nd Round,Hard,Robert S.,Ram R.,225.0,93.0,1.57,2.25,1.65,2.39,1.65,2.5
2016-01-21,Australian Open,2nd Round,Hard,Sousa J.,Giraldo S.,33.0,70.0,1.36,3.0,1.5,2.8,1.5,3.1
2016-01-21,Australian Open,2nd Round,Hard,Monfils G.,Mahut N.,25.0,63.0,1.2,4.33,1.2,5.23,1.26,5.23
2016-01-21,Australian Open,2nd Round,Hard,Isner J.,Granollers M.,11.0,80.0,1.12,6.0,1.13,7.38,1.15,7.38
2016-01-21,Australian Open,2nd Round,Hard,Sela D.,Verdasco F.,87.0,45.0,4.0,1.22,4.05,1.29,4.25,1.29
2016-01-22,Australian Open,3rd Round,Hard,Berdych T.,Kyrgios N.,6.0,30.0,1.66,2.2,1.71,2.3,1.75,2.3
2016-01-22,Australian Open,3rd Round,Hard,Bautista R.,Cilic M.,21.0,13.0,3.4,1.33,3.45,1.37,3.5,1.37
2016-01-22,Australian Open,3rd Round,Hard,Djokovic N.,Seppi A.,1.0,29.0,1.01,26.0,1.01,51.0,1.01,58.0
2016-01-22,Australian Open,3rd Round,Hard,Simon G.,Delbonis F.,15.0,53.0,1.16,5.0,1.18,5.91,1.19,6.23
2016-01-22,Australian Open,3rd Round,Hard,Nishikori K.,Garcia-Lopez G.,7.0,27.0,1.06,10.0,1.09,9.71,1.09,10.0
2016-01-22,Australian Open,3rd Round,Hard,Tsonga J.W.,Herbert P.H.,10.0,167.0,1.08,8.0,1.1,8.78,1.11,9.4
2016-01-22,Australian Open,3rd Round,Hard,Goffin D.,Thiem D.,16.0,20.0,2.37,1.53,2.47,1.63,2.6,1.67
2016-01-22,Australian Open,3rd Round,Hard,Federer R.,Dimitrov G.,3.0,28.0,1.08,7.5,1.09,9.92,1.11,10.0
2016-01-23,Australian Open,3rd Round,Hard,Kuznetsov An.,Sela D.,74.0,87.0,1.44,2.75,1.56,2.64,1.56,3.0
2016-01-23,Australian Open,3rd Round,Hard,Tomic B.,Millman J.,17.0,95.0,1.12,6.0,1.16,6.31,1.16,6.83
2016-01-23,Australian Open,3rd Round,Hard,Murray A.,Sousa J.,2.0,33.0,1.01,23.0,1.02,26.1,1.02,29.0
2016-01-23,Australian Open,3rd Round,Hard,Monfils G.,Robert S.,25.0,225.0,1.06,10.0,1.08,10.69,1.08,11.2
2016-01-23,Australian Open,3rd Round,Hard,Wawrinka S.,Rosol L.,4.0,51.0,1.07,9.0,1.08,10.54,1.09,11.0
2016-01-23,Australian Open,3rd Round,Hard,Raonic M.,Troicki V.,14.0,26.0,1.2,4.5,1.21,5.1,1.24,5.17
2016-01-23,Australian Open,3rd Round,Hard,Isner J.,Lopez F.,11.0,19.0,1.44,2.75,1.54,2.71,1.54,2.88
2016-01-23,Australian Open,3rd Round,Hard,Ferrer D.,Johnson S.,8.0,32.0,1.22,4.33,1.26,4.39,1.26,5.5
2016-01-24,Australian Open,4th Round,Hard,Nishikori K.,Tsonga J.W.,7.0,10.0,1.72,2.1,1.75,2.24,1.76,2.25
2016-01-24,Australian Open,4th Round,Hard,Djokovic N.,Simon G.,1.0,15.0,1.01,21.0,1.02,27.16,1.02,34.0
2016-01-24,Australian Open,4th Round,Hard,Berdych T.,Bautista R.,6.0,21.0,1.25,4.0,1.28,4.18,1.29,4.18
2016-01-24,Australian Open,4th Round,Hard,Federer R.,Goffin D.,3.0,16.0,1.04,13.0,1.06,13.84,1.06,14.0
2016-01-25,Australian Open,4th Round,Hard,Raonic M.,Wawrinka S.,14.0,4.0,2.37,1.57,2.38,1.67,2.45,1.69
2016-01-25,Australian Open,4th Round,Hard,Monfils G.,Kuznetsov An.,25.0,74.0,1.25,4.0,1.23,4.8,1.29,4.8
2016-01-25,Australian Open,4th Round,Hard,Ferrer D.,Isner J.,8.0,11.0,1.5,2.62,1.55,2.66,1.61,2.7
2016-01-25,Australian Open,4th Round,Hard,Murray A.,Tomic B.,2.0,17.0,1.08,8.0,1.11,8.37,1.11,9.5
2016-01-26,Australian Open,Quarterfinals,Hard,Federer R.,Berdych T.,3.0,6.0,1.16,5.0,1.19,5.69,1.21,5.75
2016-01-26,Australian Open,Quarterfinals,Hard,Djokovic N.,Nishikori K.,1.0,7.0,1.12,6.0,1.16,6.39,1.16,6.5
2016-01-27,Australian Open,Quarterfinals,Hard,Murray A.,Ferrer D.,2.0,8.0,1.16,5.0,1.18,5.73,1.23,5.75
2016-01-27,Australian Open,Quarterfinals,Hard,Raonic M.,Monfils G.,14.0,25.0,1.36,3.25,1.39,3.32,1.39,3.5
2016-01-28,Australian Open,Semifinals,Hard,Djokovic N.,Federer R.,1.0,3.0,1.3,3.5,1.36,3.6,1.4,3.75
2016-01-29,Australian Open,Semifinals,Hard,Murray A.,Raonic M.,2.0,14.0,1.36,3.25,1.4,3.35,1.41,3.5
2016-01-31,Australian Open,The Final,Hard,Djokovic N.,Murray A.,1.0,2.0,1.2,5.0,1.21,5.38,1.22,5.5
2016-02-01,Open Sud de France,1st Round,Hard,Zverev A.,Vanni L.,85.0,103.0,1.4,2.75,1.42,3.09,1.5,3.15
2016-02-01,Garanti Koza Sofia Open,1st Round,Hard,Klizan M.,Lazov A.,44.0,438.0,1.06,10.0,1.07,10.44,1.08,10.75
2016-02-01,Garanti Koza Sofia Open,1st Round,Hard,Basic M.,Bhambri Y.,119.0,100.0,1.44,2.62,1.48,2.84,1.51,2.84
2016-02-01,Garanti Koza Sofia Open,1st Round,Hard,Rosol L.,Haase R.,46.0,65.0,1.44,2.62,1.51,2.73,1.51,2.85
2016-02-01,Ecuador Open,1st Round,Clay,Carreno-Busta P.,Dutra Silva R.,67.0,493.0,1.36,3.0,1.37,3.35,1.4,3.4
2016-02-01,Ecuador Open,1st Round,Clay,Carballes Baena R.,Krajicek A.,129.0,95.0,1.5,2.5,1.44,2.99,1.55,2.99
2016-02-01,Ecuador Open,1st Round,Clay,Montanes A.,Kovalik J.,114.0,217.0,1.83,1.83,2.0,1.89,2.04,1.91
2016-02-01,Ecuador Open,1st Round,Clay,Cervantes I.,Riba P.,76.0,228.0,1.36,3.0,1.54,2.63,1.54,3.18
2016-02-01,Ecuador Open,1st Round,Clay,Olivo R.,Gonzalez A.,158.0,151.0,1.57,2.25,1.74,2.2,1.74,2.35
2016-02-01,Ecuador Open,1st Round,Clay,Falla A.,Lapentti G.,126.0,222.0,1.5,2.5,1.48,2.83,1.5,2.9
2016-02-01,Open Sud de France,1st Round,Hard,Daniel T.,Istomin D.,97.0,61.0,2.75,1.4,2.7,1.52,2.75,1.55
2016-02-01,Open Sud de France,1st Round,Hard,Baghdatis M.,Lacko L.,53.0,109.0,1.44,2.62,1.43,3.01,1.48,3.01
2016-02-02,Ecuador Open,1st Round,Clay,Ramos-Vinolas A.,Lajovic D.,55.0,74.0,1.44,2.62,1.56,2.59,1.6,2.75
2016-02-02,Ecuador Open,1st Round,Clay,Ram R.,Zeballos H.,81.0,118.0,4.5,1.18,4.36,1.25,4.65,1.25
2016-02-02,Ecuador Open,1st Round,Clay,Martin A.,Granollers M.,141.0,303.0,3.4,1.3,3.4,1.36,3.5,1.4
2016-02-02,Ecuador Open,1st Round,Clay,Estrella Burgos V.,Pella G.,58.0,68.0,2.25,1.57,2.64,1.54,2.64,1.6
2016-02-02,Garanti Koza Sofia Open,1st Round,Hard,Copil M.,Chung H.,214.0,56.0,2.75,1.4,2.9,1.46,3.05,1.48
2016-02-02,Ecuador Open,1st Round,Clay,Lorenzi P.,Escobar G.,59.0,364.0,1.11,6.5,1.11,7.74,1.14,7.74
2016-02-02,Garanti Koza Sofia Open,1st Round,Hard,De Bakker T.,Ebden M.,94.0,104.0,1.4,2.75,1.44,2.98,1.47,3.0
2016-02-02,Garanti Koza Sofia Open,1st Round,Hard,Kohlschreiber P.,Stakhovsky S.,34.0,66.0,1.28,3.5,1.33,3.62,1.33,3.9
2016-02-02,Garanti Koza Sofia Open,1st Round,Hard,Muller G.,Jaziri M.,42.0,122.0,1.22,4.0,1.23,4.6,1.25,4.6
2016-02-02,Garanti Koza Sofia Open,1st Round,Hard,Krajinovic F.,Ilhan M.,101.0,113.0,2.1,1.66,2.05,1.85,2.2,1.85
2016-02-02,Open Sud de France,1st Round,Hard,Bemelmans R.,Sousa J.,107.0,33.0,4.0,1.22,4.81,1.22,4.81,1.23
2016-02-02,Open Sud de France,1st Round,Hard,Struff J.L.,Mahut N.,108.0,54.0,2.25,1.57,2.22,1.73,2.38,1.73
2016-02-02,Open Sud de France,1st Round,Hard,Mathieu P.H.,Ymer E.,93.0,155.0,1.44,2.62,1.49,2.78,1.51,2.85
2016-02-02,Open Sud de France,1st Round,Hard,De Schepper K.,Basilashvili N.,156.0,116.0,1.4,2.75,1.43,3.05,1.5,3.05
2016-02-02,Open Sud de France,1st Round,Hard,Berrer M.,Coric B.,121.0,38.0,3.0,1.36,3.36,1.37,3.45,1.4
2016-02-02,Open Sud de France,1st Round,Hard,Brown D.,Darcis S.,133.0,106.0,1.61,2.2,1.87,2.02,1.87,2.4
2016-02-02,Garanti Koza Sofia Open,1st Round,Hard,Dzumhur D.,Vesely J.,79.0,51.0,2.75,1.4,3.05,1.43,3.05,1.45
2016-02-02,Open Sud de France,1st Round,Hard,Millman J.,Benneteau J.,78.0,693.0,1.53,2.37,1.67,2.33,1.69,2.38
2016-02-02,Open Sud de France,1st Round,Hard,Gulbis E.,Halys Q.,82.0,171.0,1.44,2.62,1.57,2.55,1.57,2.65
2016-02-03,Garanti Koza Sofia Open,2nd Round,Hard,Garcia-Lopez G.,Basic M.,27.0,119.0,1.36,3.0,1.4,3.22,1.42,3.25
2016-02-03,Ecuador Open,2nd Round,Clay,Bellucci T.,Montanes A.,35.0,114.0,1.3,3.4,1.27,4.18,1.33,4.18
2016-02-03,Ecuador Open,2nd Round,Clay,Lorenzi P.,Falla A.,59.0,126.0,1.36,3.0,1.43,3.05,1.47,3.05
2016-02-03,Ecuador Open,2nd Round,Clay,Tomic B.,Carballes Baena R.,20.0,129.0,1.44,2.62,1.53,2.71,1.54,2.78
2016-02-03,Garanti Koza Sofia Open,1st Round,Hard,Berankis R.,Kuzmanov D.,96.0,287.0,1.1,7.0,1.12,7.14,1.15,7.14
2016-02-03,Garanti Koza Sofia Open,1st Round,Hard,Mannarino A.,Donskoy E.,49.0,84.0,1.61,2.2,1.68,2.31,1.74,2.38
2016-02-03,Garanti Koza Sofia Open,2nd Round,Hard,Klizan M.,Rosol L.,44.0,46.0,2.62,1.44,2.66,1.54,2.75,1.59
2016-02-03,Ecuador Open,2nd Round,Clay,Carreno-Busta P.,Cervantes I.,67.0,76.0,1.33,3.25,1.34,3.6,1.44,3.7
2016-02-03,Garanti Koza Sofia Open,1st Round,Hard,Brands D.,Fabbiano T.,134.0,145.0,1.33,3.25,1.36,3.42,1.38,3.42
2016-02-03,Ecuador Open,1st Round,Clay,Souza J.,Arguello F.,154.0,137.0,1.83,1.83,1.98,1.91,2.1,1.91
2016-02-03,Open Sud de France,1st Round,Hard,Roger-Vasselin E.,Monfils G.,136.0,17.0,5.0,1.16,6.16,1.15,6.16,1.2
2016-02-03,Open Sud de France,2nd Round,Hard,Berrer M.,De Schepper K.,121.0,156.0,1.72,2.0,1.88,2.02,1.88,2.25
2016-02-03,Open Sud de France,2nd Round,Hard,Baghdatis M.,Daniel T.,53.0,97.0,1.36,3.0,1.5,2.8,1.5,3.0
2016-02-03,Open Sud de France,2nd Round,Hard,Gasquet R.,Gulbis E.,10.0,82.0,1.44,2.62,1.54,2.66,1.54,2.81
2016-02-03,Open Sud de France,2nd Round,Hard,Zverev A.,Cilic M.,85.0,13.0,4.33,1.2,5.0,1.21,5.15,1.22
2016-02-04,Garanti Koza Sofia Open,2nd Round,Hard,Kohlschreiber P.,Dzumhur D.,34.0,79.0,1.12,6.0,1.17,5.77,1.17,6.0
2016-02-04,Garanti Koza Sofia Open,2nd Round,Hard,Muller G.,Berankis R.,42.0,96.0,1.3,3.4,1.28,4.1,1.36,4.1
2016-02-04,Garanti Koza Sofia Open,2nd Round,Hard,Bautista R.,Krajinovic F.,18.0,101.0,1.1,7.0,1.12,7.73,1.12,7.73
2016-02-04,Garanti Koza Sofia Open,2nd Round,Hard,Mannarino A.,Copil M.,49.0,214.0,1.5,2.5,1.57,2.57,1.59,2.62
2016-02-04,Garanti Koza Sofia Open,2nd Round,Hard,Troicki V.,Brands D.,25.0,134.0,1.36,3.0,1.4,3.24,1.42,3.38
2016-02-04,Garanti Koza Sofia Open,2nd Round,Hard,Seppi A.,De Bakker T.,31.0,94.0,1.4,2.75,1.52,2.73,1.52,3.13
2016-02-04,Open Sud de France,2nd Round,Hard,Bemelmans R.,Struff J.L.,107.0,108.0,2.5,1.5,2.56,1.58,2.67,1.58
2016-02-04,Open Sud de France,2nd Round,Hard,Brown D.,Simon G.,133.0,15.0,4.5,1.18,5.16,1.2,5.16,1.24
2016-02-04,Open Sud de France,2nd Round,Hard,Millman J.,Roger-Vasselin E.,78.0,136.0,2.0,1.72,2.05,1.86,2.09,1.86
2016-02-04,Open Sud de France,2nd Round,Hard,Mathieu P.H.,Paire B.,93.0,21.0,3.0,1.36,3.14,1.42,3.14,1.53
2016-02-04,Ecuador Open,2nd Round,Clay,Estrella Burgos V.,Martin A.,58.0,141.0,1.4,2.75,1.52,2.73,1.52,2.9
2016-02-04,Ecuador Open,2nd Round,Clay,Ramos-Vinolas A.,Ram R.,55.0,81.0,1.22,4.0,1.26,4.35,1.26,4.65
2016-02-04,Ecuador Open,2nd Round,Clay,Olivo R.,Verdasco F.,158.0,47.0,3.0,1.36,3.45,1.36,3.45,1.42
2016-02-04,Ecuador Open,2nd Round,Clay,Lopez F.,Souza J.,22.0,154.0,1.36,3.0,1.38,3.35,1.45,3.38
2016-02-05,Open Sud de France,Quarterfinals,Hard,Mathieu P.H.,Millman J.,93.0,78.0,1.72,2.0,1.85,2.08,1.91,2.1
2016-02-05,Garanti Koza Sofia Open,Quarterfinals,Hard,Troicki V.,Kohlschreiber P.,25.0,34.0,2.1,1.66,2.3,1.71,2.3,1.75
2016-02-05,Garanti Koza Sofia Open,Quarterfinals,Hard,Muller G.,Garcia-Lopez G.,42.0,27.0,1.83,1.83,1.81,2.14,2.0,2.14
2016-02-05,Garanti Koza Sofia Open,Quarterfinals,Hard,Bautista R.,Mannarino A.,18.0,49.0,1.25,3.75,1.32,3.79,1.34,4.1
2016-02-05,Open Sud de France,Quarterfinals,Hard,Gasquet R.,Baghdatis M.,10.0,53.0,1.4,2.75,1.47,2.97,1.49,2.97
2016-02-05,Ecuador Open,Quarterfinals,Clay,Lorenzi P.,Tomic B.,59.0,20.0,2.0,1.72,2.12,1.83,2.14,1.83
2016-02-05,Ecuador Open,Quarterfinals,Clay,Bellucci T.,Carreno-Busta P.,35.0,67.0,1.53,2.37,1.69,2.33,1.69,2.4
2016-02-05,Garanti Koza Sofia Open,Quarterfinals,Hard,Klizan M.,Seppi A.,44.0,31.0,3.25,1.33,3.14,1.43,3.3,1.43
2016-02-05,Open Sud de France,Quarterfinals,Hard,Brown D.,Bemelmans R.,133.0,107.0,1.57,2.25,1.67,2.38,1.67,2.5
2016-02-05,Open Sud de France,Quarterfinals,Hard,Zverev A.,Berrer M.,85.0,121.0,1.44,2.62,1.57,2.6,1.57,2.7
2016-02-05,Ecuador Open,Quarterfinals,Clay,Estrella Burgos V.,Olivo R.,58.0,158.0,1.53,2.37,1.61,2.52,1.62,2.6
2016-02-06,Garanti Koza Sofia Open,Semifinals,Hard,Troicki V.,Klizan M.,25.0,44.0,1.33,3.4,1.34,3.62,1.36,3.62
2016-02-06,Ecuador Open,Quarterfinals,Clay,Ramos-Vinolas A.,Lopez F.,55.0,22.0,2.5,1.5,2.46,1.63,2.63,1.63
2016-02-06,Ecuador Open,Semifinals,Clay,Bellucci T.,Lorenzi P.,35.0,59.0,1.53,2.5,1.57,2.6,1.65,2.6
2016-02-06,Ecuador Open,Semifinals,Clay,Estrella Burgos V.,Ramos-Vinolas A.,58.0,55.0,2.62,1.5,2.8,1.51,2.8,1.67
2016-02-06,Open Sud de France,Semifinals,Hard,Mathieu P.H.,Zverev A.,93.0,85.0,2.0,1.8,2.06,1.87,2.1,1.89
2016-02-06,Open Sud de France,Semifinals,Hard,Gasquet R.,Brown D.,10.0,133.0,1.28,3.75,1.23,4.8,1.32,4.8
2016-02-06,Garanti Koza Sofia Open,Semifinals,Hard,Bautista R.,Muller G.,18.0,42.0,1.5,2.62,1.55,2.67,1.56,2.75
2016-02-07,Garanti Koza Sofia Open,The Final,Hard,Bautista R.,Troicki V.,18.0,25.0,2.62,1.5,2.69,1.54,2.69,1.57
2016-02-07,Open Sud de France,The Final,Hard,Gasquet R.,Mathieu P.H.,10.0,93.0,1.28,3.75,1.26,4.45,1.31,4.45
2016-02-07,Ecuador Open,The Final,Clay,Estrella Burgos V.,Bellucci T.,58.0,35.0,2.5,1.53,2.59,1.58,2.62,1.6
2016-02-08,ABN AMRO World Tennis Tournament,1st Round,Hard,Mahut N.,Gabashvili T.,54.0,44.0,2.0,1.72,2.11,1.8,2.14,2.0
2016-02-08,ABN AMRO World Tennis Tournament,1st Round,Hard,Coric B.,De Bakker T.,38.0,90.0,1.4,2.75,1.49,2.8,1.5,3.05
2016-02-08,ABN AMRO World Tennis Tournament,1st Round,Hard,Dodig I.,Paire B.,87.0,21.0,1.72,2.0,1.82,2.09,1.83,2.14
2016-02-08,ABN AMRO World Tennis Tournament,1st Round,Hard,Vesely J.,Rosol L.,51.0,47.0,2.75,1.4,2.84,1.48,2.85,1.49
2016-02-08,Memphis Open,1st Round,Hard,Marchenko I.,Groth S.,82.0,77.0,1.53,2.37,1.67,2.33,1.67,2.42
2016-02-08,Memphis Open,1st Round,Hard,Nishioka Y.,Donaldson J.,130.0,159.0,1.9,1.8,2.01,1.88,2.01,1.95
2016-02-08,Memphis Open,1st Round,Hard,Kukushkin M.,Vanni L.,93.0,103.0,1.61,2.2,1.68,2.31,1.68,2.38
2016-02-08,Memphis Open,1st Round,Hard,Kudla D.,Ram R.,59.0,88.0,1.72,2.0,1.69,2.28,1.85,2.28
2016-02-08,ABN AMRO World Tennis Tournament,1st Round,Hard,Cilic M.,Istomin D.,13.0,65.0,1.12,6.0,1.13,6.95,1.16,6.95
2016-02-08,Argentina Open,1st Round,Clay,Almagro N.,Montanes A.,72.0,125.0,1.33,3.25,1.3,3.85,1.36,3.85
2016-02-08,Argentina Open,1st Round,Clay,Giraldo S.,Cervantes I.,73.0,75.0,1.57,2.25,1.71,2.24,1.73,2.3
2016-02-08,Argentina Open,1st Round,Clay,Schwartzman D.,Dolgopolov O.,89.0,31.0,2.62,1.44,2.76,1.5,2.76,1.53
2016-02-09,Argentina Open,1st Round,Clay,Lorenzi P.,Andujar P.,52.0,60.0,1.72,2.0,1.9,1.99,2.0,2.04
2016-02-09,Argentina Open,1st Round,Clay,Cuevas P.,Ramos-Vinolas A.,35.0,46.0,1.4,2.75,1.56,2.59,1.56,2.85
2016-02-09,Memphis Open,1st Round,Hard,Harrison R.,Tiafoe F.,124.0,176.0,2.0,1.72,2.07,1.83,2.11,1.91
2016-02-09,Memphis Open,1st Round,Hard,Granollers M.,Jaziri M.,98.0,120.0,1.61,2.2,1.74,2.2,1.75,2.38
2016-02-09,Memphis Open,1st Round,Hard,Millman J.,Krajicek A.,66.0,95.0,1.4,2.75,1.49,2.81,1.49,2.85
2016-02-09,Memphis Open,1st Round,Hard,Laaksonen H.,Ebden M.,188.0,105.0,1.66,2.1,1.74,2.2,1.74,2.38
2016-02-09,Memphis Open,1st Round,Hard,Berankis R.,Sela D.,102.0,91.0,1.83,1.83,1.94,1.94,1.94,2.0
2016-02-09,Argentina Open,1st Round,Clay,Mayer L.,Pella G.,37.0,71.0,1.44,2.62,1.53,2.65,1.53,2.75
2016-02-09,Argentina Open,1st Round,Clay,Elias G.,Munoz-De La Nava D.,142.0,74.0,1.72,2.0,1.88,2.01,1.93,2.1
2016-02-09,ABN AMRO World Tennis Tournament,1st Round,Hard,Chung H.,Garcia-Lopez G.,69.0,34.0,2.75,1.4,2.88,1.47,3.0,1.51
2016-02-09,ABN AMRO World Tennis Tournament,1st Round,Hard,Muller G.,Seppi A.,40.0,36.0,1.66,2.1,1.75,2.18,1.78,2.25
2016-02-09,ABN AMRO World Tennis Tournament,1st Round,Hard,Kohlschreiber P.,Benneteau J.,32.0,692.0,1.1,7.0,1.11,7.74,1.12,8.0
2016-02-09,ABN AMRO World Tennis Tournament,1st Round,Hard,Baghdatis M.,Goffin D.,61.0,16.0,2.75,1.4,2.69,1.52,2.75,1.55
2016-02-09,ABN AMRO World Tennis Tournament,1st Round,Hard,Monfils G.,Gulbis E.,18.0,80.0,1.44,2.62,1.42,3.09,1.57,3.2
2016-02-09,Argentina Open,1st Round,Clay,Olivo R.,Bagnis F.,151.0,97.0,2.62,1.44,2.66,1.53,2.75,1.54
2016-02-09,Memphis Open,1st Round,Hard,Fritz T.,Mmoh M.,145.0,387.0,1.16,5.0,1.19,5.37,1.21,5.37
2016-02-09,ABN AMRO World Tennis Tournament,1st Round,Hard,Klizan M.,Robredo T.,43.0,39.0,2.0,1.72,2.06,1.84,2.07,1.86
2016-02-09,Argentina Open,1st Round,Clay,Thiem D.,Carreno-Busta P.,19.0,64.0,1.4,2.75,1.46,2.89,1.46,3.0
2016-02-09,Argentina Open,1st Round,Clay,Monaco J.,Cecchinato M.,55.0,92.0,1.5,2.5,1.55,2.61,1.57,2.66
2016-02-09,Argentina Open,1st Round,Clay,Delbonis F.,Fognini F.,45.0,24.0,2.5,1.5,2.65,1.53,2.75,1.54
2016-02-09,Argentina Open,1st Round,Clay,Lajovic D.,Arguello F.,79.0,138.0,1.4,2.75,1.46,2.91,1.5,2.91
2016-02-10,ABN AMRO World Tennis Tournament,2nd Round,Hard,Kohlschreiber P.,Dodig I.,32.0,87.0,1.57,2.25,1.56,2.6,1.6,2.65
2016-02-10,ABN AMRO World Tennis Tournament,2nd Round,Hard,Cilic M.,Muller G.,13.0,40.0,1.4,2.75,1.46,2.95,1.53,3.0
2016-02-10,ABN AMRO World Tennis Tournament,2nd Round,Hard,Monfils G.,Coric B.,18.0,38.0,1.25,3.75,1.28,4.1,1.3,4.1
2016-02-10,ABN AMRO World Tennis Tournament,1st Round,Hard,Troicki V.,Kuznetsov An.,22.0,53.0,1.5,2.5,1.57,2.55,1.58,2.55
2016-02-10,ABN AMRO World Tennis Tournament,1st Round,Hard,Chardy J.,Donskoy E.,28.0,83.0,1.33,3.25,1.38,3.31,1.41,3.35
2016-02-10,Memphis Open,2nd Round,Hard,Querrey S.,Laaksonen H.,58.0,188.0,1.18,4.5,1.26,4.38,1.26,4.7
2016-02-10,Memphis Open,2nd Round,Hard,Nishioka Y.,Marchenko I.,130.0,82.0,2.62,1.44,2.81,1.5,2.81,1.5
2016-02-10,Memphis Open,2nd Round,Hard,Kukushkin M.,Kudla D.,93.0,59.0,1.83,1.83,1.84,2.08,1.91,2.1
2016-02-10,Memphis Open,1st Round,Hard,Becker B.,Paul T.,107.0,251.0,1.36,3.0,1.4,3.15,1.42,3.15
2016-02-10,Memphis Open,1st Round,Hard,Dzumhur D.,Smyczek T.,78.0,128.0,2.37,1.53,2.29,1.69,2.4,1.69
2016-02-10,ABN AMRO World Tennis Tournament,1st Round,Hard,Bautista R.,Sousa J.,17.0,33.0,1.36,3.0,1.31,3.74,1.44,3.74
2016-02-10,Argentina Open,2nd Round,Clay,Lajovic D.,Isner J.,79.0,12.0,2.5,1.5,2.73,1.52,2.73,1.57
2016-02-10,Argentina Open,2nd Round,Clay,Thiem D.,Elias G.,19.0,142.0,1.16,5.0,1.17,5.95,1.2,5.95
2016-02-10,Argentina Open,2nd Round,Clay,Almagro N.,Delbonis F.,72.0,45.0,1.66,2.1,1.75,2.2,1.8,2.25
2016-02-10,ABN AMRO World Tennis Tournament,1st Round,Hard,Simon G.,Haase R.,15.0,63.0,1.22,4.0,1.28,4.06,1.28,4.33
2016-02-10,ABN AMRO World Tennis Tournament,1st Round,Hard,Zverev A.,Pospisil V.,70.0,41.0,2.0,1.72,2.26,1.7,2.35,1.76
2016-02-11,Argentina Open,2nd Round,Clay,Cuevas P.,Giraldo S.,35.0,73.0,1.28,3.5,1.32,3.75,1.36,3.8
2016-02-11,Argentina Open,2nd Round,Clay,Ferrer D.,Olivo R.,6.0,151.0,1.07,9.0,1.07,11.51,1.08,12.0
2016-02-11,Argentina Open,2nd Round,Clay,Tsonga J.W.,Mayer L.,9.0,37.0,1.44,2.62,1.56,2.62,1.57,2.62
2016-02-11,ABN AMRO World Tennis Tournament,2nd Round,Hard,Troicki V.,Chung H.,22.0,69.0,1.36,3.0,1.43,3.05,1.43,3.33
2016-02-11,Memphis Open,2nd Round,Hard,Young D.,Granollers M.,48.0,98.0,1.57,2.25,1.66,2.37,1.68,2.37
2016-02-11,Memphis Open,2nd Round,Hard,Berankis R.,Dzumhur D.,102.0,78.0,1.44,2.62,1.45,2.99,1.57,2.99
2016-02-11,Memphis Open,2nd Round,Hard,Nishikori K.,Harrison R.,7.0,124.0,1.04,13.0,1.05,13.95,1.05,13.95
2016-02-11,Argentina Open,2nd Round,Clay,Lorenzi P.,Schwartzman D.,52.0,89.0,2.2,1.61,2.44,1.63,2.45,1.7
2016-02-11,ABN AMRO World Tennis Tournament,2nd Round,Hard,Zverev A.,Simon G.,70.0,15.0,3.25,1.33,3.35,1.38,3.4,1.4
2016-02-11,ABN AMRO World Tennis Tournament,2nd Round,Hard,Klizan M.,Baghdatis M.,43.0,61.0,2.25,1.57,2.52,1.59,2.52,1.68
2016-02-11,ABN AMRO World Tennis Tournament,2nd Round,Hard,Bautista R.,Vesely J.,17.0,51.0,1.25,3.75,1.24,4.55,1.29,4.55
2016-02-11,Memphis Open,2nd Round,Hard,Becker B.,Millman J.,107.0,66.0,2.62,1.44,2.66,1.54,2.78,1.54
2016-02-11,ABN AMRO World Tennis Tournament,2nd Round,Hard,Mahut N.,Chardy J.,54.0,28.0,2.2,1.61,2.64,1.55,2.65,1.67
2016-02-12,ABN AMRO World Tennis Tournament,Quarterfinals,Hard,Kohlschreiber P.,Cilic M.,32.0,13.0,2.62,1.44,2.74,1.53,2.76,1.57
2016-02-12,ABN AMRO World Tennis Tournament,Quarterfinals,Hard,Klizan M.,Bautista R.,43.0,17.0,3.0,1.36,3.37,1.38,3.4,1.44
2016-02-12,ABN AMRO World Tennis Tournament,Quarterfinals,Hard,Mahut N.,Troicki V.,54.0,22.0,3.25,1.33,3.31,1.39,3.35,1.4
2016-02-12,ABN AMRO World Tennis Tournament,Quarterfinals,Hard,Monfils G.,Zverev A.,18.0,70.0,1.25,3.75,1.31,3.92,1.32,3.92
2016-02-12,Memphis Open,Quarterfinals,Hard,Querrey S.,Nishioka Y.,58.0,130.0,1.4,2.75,1.49,2.88,1.5,3.01
2016-02-12,Memphis Open,Quarterfinals,Hard,Berankis R.,Young D.,102.0,48.0,2.25,1.57,2.32,1.7,2.35,1.72
2016-02-12,Memphis Open,Quarterfinals,Hard,Fritz T.,Becker B.,145.0,107.0,1.5,2.5,1.57,2.6,1.6,2.6
2016-02-12,Memphis Open,2nd Round,Hard,Fritz T.,Johnson S.,145.0,29.0,2.62,1.44,2.69,1.53,2.78,1.53
2016-02-12,Argentina Open,Quarterfinals,Clay,Almagro N.,Tsonga J.W.,72.0,9.0,3.5,1.28,3.92,1.31,3.92,1.4
2016-02-12,Argentina Open,Quarterfinals,Clay,Nadal R.,Lorenzi P.,5.0,52.0,1.05,11.0,1.06,12.75,1.07,13.13
2016-02-12,Argentina Open,Quarterfinals,Clay,Thiem D.,Lajovic D.,19.0,79.0,1.3,3.4,1.36,3.48,1.36,3.55
2016-02-12,Argentina Open,2nd Round,Clay,Nadal R.,Monaco J.,5.0,55.0,1.07,9.0,1.08,10.44,1.08,10.5
2016-02-13,Argentina Open,Semifinals,Clay,Thiem D.,Nadal R.,19.0,5.0,4.5,1.18,5.05,1.22,5.09,1.23
2016-02-13,Memphis Open,Semifinals,Hard,Fritz T.,Berankis R.,145.0,102.0,1.72,2.1,1.83,2.12,1.83,2.2
2016-02-13,Memphis Open,Quarterfinals,Hard,Nishikori K.,Kukushkin M.,7.0,93.0,1.06,10.0,1.1,9.05,1.1,10.5
2016-02-13,ABN AMRO World Tennis Tournament,Semifinals,Hard,Monfils G.,Kohlschreiber P.,18.0,32.0,1.57,2.37,1.5,2.85,1.62,2.85
2016-02-13,Argentina Open,Semifinals,Clay,Almagro N.,Ferrer D.,72.0,6.0,3.25,1.36,3.36,1.38,3.4,1.44
2016-02-13,ABN AMRO World Tennis Tournament,Semifinals,Hard,Klizan M.,Mahut N.,43.0,54.0,1.9,1.9,1.98,1.94,1.98,1.94
2016-02-13,Argentina Open,Quarterfinals,Clay,Ferrer D.,Cuevas P.,6.0,35.0,1.2,4.33,1.23,4.8,1.23,4.9
2016-02-14,ABN AMRO World Tennis Tournament,The Final,Hard,Klizan M.,Monfils G.,43.0,18.0,3.75,1.28,3.73,1.33,4.0,1.33
2016-02-14,Memphis Open,The Final,Hard,Nishikori K.,Fritz T.,7.0,145.0,1.12,6.0,1.14,7.14,1.15,7.14
2016-02-14,Argentina Open,The Final,Clay,Thiem D.,Almagro N.,19.0,72.0,1.57,2.37,1.57,2.6,1.64,2.6
2016-02-14,Memphis Open,Semifinals,Hard,Nishikori K.,Querrey S.,7.0,58.0,1.16,5.0,1.21,5.14,1.22,5.14
2016-02-15,Open 13,1st Round,Hard,Goffin D.,Chung H.,17.0,69.0,1.22,4.0,1.29,3.97,1.31,4.5
2016-02-15,Rio Open,1st Round,Clay,Pella G.,Isner J.,71.0,11.0,3.0,1.36,3.32,1.37,3.32,1.45
2016-02-15,Open 13,1st Round,Hard,Haase R.,Sousa J.,64.0,34.0,3.0,1.36,2.89,1.46,3.05,1.46
2016-02-15,Delray Beach Open,1st Round,Hard,Dimitrov G.,Sela D.,28.0,92.0,1.1,7.0,1.12,7.32,1.14,7.32
2016-02-15,Delray Beach Open,1st Round,Hard,Mannarino A.,Jaziri M.,49.0,123.0,1.22,4.0,1.28,4.07,1.29,4.33
2016-02-15,Open 13,1st Round,Hard,Paire B.,Bolelli S.,22.0,68.0,1.53,2.37,1.53,2.67,1.59,2.67
2016-02-16,Rio Open,1st Round,Clay,Thiem D.,Andujar P.,19.0,62.0,1.3,3.4,1.37,3.34,1.37,3.6
2016-02-16,Open 13,1st Round,Hard,Stakhovsky S.,Lopez F.,81.0,25.0,3.75,1.25,4.3,1.26,4.3,1.41
2016-02-16,Open 13,1st Round,Hard,Zverev M.,Ramanathan R.,175.0,212.0,1.14,5.5,1.12,7.14,1.17,7.14
2016-02-16,Open 13,1st Round,Hard,Gulbis E.,De Schepper K.,75.0,152.0,1.53,2.37,1.57,2.55,1.63,2.62
2016-02-16,Open 13,1st Round,Hard,Kuznetsov An.,Pouille L.,54.0,91.0,1.61,2.2,1.78,2.14,1.78,2.21
2016-02-16,Open 13,1st Round,Hard,Gabashvili T.,Simon G.,44.0,15.0,4.33,1.2,4.74,1.22,4.74,1.25
2016-02-16,Open 13,1st Round,Hard,Kyrgios N.,Pospisil V.,41.0,42.0,1.4,2.75,1.32,3.72,1.44,3.72
2016-02-16,Open 13,1st Round,Hard,Zverev A.,Benneteau J.,56.0,693.0,1.53,2.37,1.64,2.39,1.7,2.5
2016-02-16,Rio Open,1st Round,Clay,Almagro N.,Munoz-De La Nava D.,53.0,72.0,1.22,4.0,1.26,4.23,1.29,4.23
2016-02-16,Rio Open,1st Round,Clay,Cuevas P.,Bagnis F.,45.0,101.0,1.22,4.0,1.26,4.21,1.29,4.21
2016-02-16,Rio Open,1st Round,Clay,Cervantes I.,Daniel T.,73.0,94.0,2.0,1.72,2.02,1.87,2.02,1.91
2016-02-16,Rio Open,1st Round,Clay,Giraldo S.,Elias G.,83.0,141.0,1.61,2.2,1.65,2.37,1.75,2.37
2016-02-16,Rio Open,1st Round,Clay,Ramos-Vinolas A.,Lajovic D.,47.0,77.0,1.53,2.37,1.7,2.27,1.7,2.5
2016-02-16,Rio Open,1st Round,Clay,Schwartzman D.,Souza J.,90.0,168.0,1.44,2.62,1.38,3.26,1.5,3.26
2016-02-16,Rio Open,1st Round,Clay,Delbonis F.,Sock J.,46.0,23.0,2.1,1.66,2.17,1.76,2.17,1.8
2016-02-16,Rio Open,1st Round,Clay,Lorenzi P.,Cecchinato M.,50.0,93.0,1.36,3.0,1.4,3.15,1.4,3.4
2016-02-16,Rio Open,1st Round,Clay,Fognini F.,Bedene A.,24.0,51.0,1.28,3.5,1.31,3.75,1.33,3.75
2016-02-16,Rio Open,1st Round,Clay,Nadal R.,Carreno-Busta P.,5.0,66.0,1.06,10.0,1.07,10.5,1.08,10.5
2016-02-16,Rio Open,1st Round,Clay,Ferrer D.,Jarry N.,6.0,493.0,1.02,19.0,1.02,20.52,1.03,26.0
2016-02-16,Rio Open,1st Round,Clay,Gimeno-Traver D.,Monaco J.,118.0,55.0,2.75,1.4,3.19,1.4,3.19,1.44
2016-02-16,Delray Beach Open,1st Round,Hard,Marchenko I.,Granollers M.,86.0,96.0,1.66,2.1,1.77,2.16,1.8,2.2
2016-02-16,Delray Beach Open,1st Round,Hard,Smith J.P.,Karlovic I.,135.0,26.0,3.25,1.33,3.24,1.39,3.4,1.44
2016-02-16,Delray Beach Open,1st Round,Hard,Rubin N.,Groth S.,245.0,76.0,2.62,1.44,3.06,1.42,3.06,1.53
2016-02-16,Delray Beach Open,1st Round,Hard,Becker B.,Albot R.,104.0,127.0,1.44,2.62,1.45,2.93,1.53,2.95
2016-02-16,Delray Beach Open,1st Round,Hard,Chardy J.,Ebden M.,30.0,105.0,1.14,5.5,1.14,6.5,1.17,6.5
2016-02-16,Delray Beach Open,1st Round,Hard,Johnson S.,Millman J.,31.0,63.0,1.4,2.75,1.5,2.76,1.5,2.9
2016-02-16,Delray Beach Open,1st Round,Hard,Dzumhur D.,Berankis R.,88.0,79.0,2.62,1.44,2.7,1.52,2.9,1.52
2016-02-16,Delray Beach Open,1st Round,Hard,Krajicek A.,Anderson K.,103.0,14.0,3.75,1.25,4.13,1.27,4.28,1.29
2016-02-16,Delray Beach Open,1st Round,Hard,Ram R.,Tomic B.,89.0,20.0,4.5,1.18,5.0,1.21,5.0,1.22
2016-02-16,Delray Beach Open,1st Round,Hard,Ito T.,Novikov D.,120.0,148.0,1.57,2.25,1.82,2.09,1.82,2.38
2016-02-16,Rio Open,1st Round,Clay,Dolgopolov O.,Bellucci T.,33.0,32.0,2.0,1.72,2.21,1.74,2.21,1.8
2016-02-16,Delray Beach Open,1st Round,Hard,Smyczek T.,Fritz T.,129.0,102.0,2.75,1.4,2.97,1.44,2.97,1.53
2016-02-16,Delray Beach Open,1st Round,Hard,Querrey S.,De Bakker T.,61.0,95.0,1.36,3.0,1.36,3.38,1.38,3.5
2016-02-16,Delray Beach Open,1st Round,Hard,Young D.,Kukushkin M.,58.0,85.0,1.66,2.1,1.79,2.13,1.8,2.14
2016-02-17,Delray Beach Open,2nd Round,Hard,Becker B.,Johnson S.,104.0,31.0,2.75,1.4,2.97,1.45,3.0,1.45
2016-02-17,Open 13,2nd Round,Hard,Cilic M.,Haase R.,12.0,64.0,1.16,5.0,1.21,5.08,1.21,5.5
2016-02-17,Rio Open,1st Round,Clay,Monteiro T.,Tsonga J.W.,338.0,9.0,11.0,1.05,11.37,1.06,15.0,1.06
2016-02-17,Open 13,2nd Round,Hard,Wawrinka S.,Stakhovsky S.,4.0,81.0,1.18,4.5,1.18,5.65,1.24,5.65
2016-02-17,Rio Open,2nd Round,Clay,Thiem D.,Schwartzman D.,19.0,90.0,1.25,3.75,1.34,3.6,1.34,3.75
2016-02-17,Open 13,1st Round,Hard,Halys Q.,Guez D.,171.0,193.0,1.53,2.37,1.61,2.46,1.63,2.6
2016-02-17,Open 13,1st Round,Hard,Millot V.,Mahut N.,196.0,40.0,3.4,1.3,3.55,1.34,3.6,1.4
2016-02-17,Delray Beach Open,1st Round,Hard,Del Potro J.M.,Kudla D.,1042.0,65.0,1.5,2.5,1.55,2.6,1.6,2.6
2016-02-17,Rio Open,2nd Round,Clay,Gimeno-Traver D.,Fognini F.,118.0,24.0,4.33,1.2,5.0,1.21,5.0,1.25
2016-02-17,Delray Beach Open,2nd Round,Hard,Mannarino A.,Ito T.,49.0,120.0,1.33,3.25,1.38,3.34,1.38,3.4
2016-02-17,Delray Beach Open,2nd Round,Hard,Ram R.,Marchenko I.,89.0,86.0,2.1,1.66,2.37,1.66,2.37,1.73
2016-02-17,Delray Beach Open,2nd Round,Hard,Dimitrov G.,Dzumhur D.,28.0,88.0,1.1,7.0,1.12,7.55,1.13,7.55
2016-02-17,Open 13,2nd Round,Hard,Goffin D.,Zverev M.,17.0,175.0,1.33,3.25,1.27,4.18,1.36,4.18
2016-02-18,Rio Open,2nd Round,Clay,Nadal R.,Almagro N.,5.0,53.0,1.16,5.0,1.17,5.8,1.18,5.8
2016-02-18,Open 13,2nd Round,Hard,Paire B.,Millot V.,22.0,196.0,1.25,3.75,1.34,3.56,1.34,3.75
2016-02-18,Open 13,2nd Round,Hard,Berdych T.,Zverev A.,8.0,56.0,1.16,5.0,1.2,5.23,1.2,5.5
2016-02-18,Open 13,2nd Round,Hard,Gasquet R.,Gulbis E.,10.0,75.0,1.3,3.4,1.28,4.12,1.36,4.12
2016-02-18,Open 13,2nd Round,Hard,Kyrgios N.,Gabashvili T.,41.0,44.0,1.25,3.75,1.32,3.74,1.34,4.0
2016-02-18,Open 13,2nd Round,Hard,Kuznetsov An.,Halys Q.,54.0,171.0,1.28,3.5,1.34,3.56,1.4,3.65
2016-02-18,Delray Beach Open,2nd Round,Hard,Smyczek T.,Young D.,129.0,58.0,2.25,1.57,2.4,1.65,2.4,1.69
2016-02-18,Delray Beach Open,2nd Round,Hard,Chardy J.,Rubin N.,30.0,245.0,1.18,4.5,1.22,4.85,1.22,4.85
2016-02-18,Delray Beach Open,2nd Round,Hard,Querrey S.,Krajicek A.,61.0,103.0,1.28,3.5,1.36,3.44,1.36,3.6
2016-02-18,Rio Open,2nd Round,Clay,Pella G.,Giraldo S.,71.0,83.0,1.83,1.83,1.99,1.92,1.99,2.0
2016-02-18,Rio Open,2nd Round,Clay,Ferrer D.,Ramos-Vinolas A.,6.0,47.0,1.11,6.5,1.13,7.2,1.16,7.2
2016-02-18,Rio Open,2nd Round,Clay,Dolgopolov O.,Cervantes I.,33.0,73.0,1.28,3.5,1.29,4.05,1.31,4.05
2016-02-18,Rio Open,2nd Round,Clay,Delbonis F.,Lorenzi P.,46.0,50.0,1.5,2.5,1.59,2.52,1.59,2.63
2016-02-18,Rio Open,2nd Round,Clay,Cuevas P.,Monteiro T.,45.0,338.0,1.11,6.5,1.13,7.38,1.15,7.38
2016-02-19,Rio Open,Quarterfinals,Clay,Cuevas P.,Delbonis F.,45.0,46.0,1.44,2.62,1.55,2.66,1.55,2.78
2016-02-19,Rio Open,Quarterfinals,Clay,Pella G.,Gimeno-Traver D.,71.0,118.0,1.4,2.75,1.47,2.94,1.47,3.09
2016-02-19,Rio Open,Quarterfinals,Clay,Nadal R.,Dolgopolov O.,5.0,33.0,1.25,3.75,1.3,4.01,1.31,4.04
2016-02-19,Open 13,Quarterfinals,Hard,Cilic M.,Kuznetsov An.,12.0,54.0,1.22,4.0,1.23,4.82,1.31,4.82
2016-02-19,Open 13,Quarterfinals,Hard,Berdych T.,Goffin D.,8.0,17.0,1.36,3.0,1.43,3.12,1.43,3.25
2016-02-19,Open 13,Quarterfinals,Hard,Paire B.,Wawrinka S.,22.0,4.0,4.0,1.22,4.35,1.27,4.35,1.29
2016-02-19,Open 13,Quarterfinals,Hard,Kyrgios N.,Gasquet R.,41.0,10.0,2.37,1.53,2.47,1.63,2.56,1.63
2016-02-19,Delray Beach Open,2nd Round,Hard,Del Potro J.M.,Smith J.P.,1042.0,135.0,1.28,3.5,1.3,3.95,1.31,4.0
2016-02-19,Delray Beach Open,Quarterfinals,Hard,Dimitrov G.,Mannarino A.,28.0,49.0,1.22,4.0,1.3,4.03,1.3,4.19
2016-02-19,Delray Beach Open,Quarterfinals,Hard,Ram R.,Becker B.,89.0,104.0,2.2,1.61,2.3,1.71,2.3,1.8
2016-02-19,Delray Beach Open,Quarterfinals,Hard,Querrey S.,Smyczek T.,61.0,129.0,1.25,3.75,1.32,3.85,1.33,3.85
2016-02-20,Open 13,Semifinals,Hard,Kyrgios N.,Berdych T.,41.0,8.0,2.2,1.66,2.24,1.75,2.25,1.77
2016-02-20,Rio Open,Quarterfinals,Clay,Thiem D.,Ferrer D.,19.0,6.0,2.5,1.5,2.57,1.58,2.57,1.61
2016-02-20,Rio Open,Semifinals,Clay,Pella G.,Thiem D.,71.0,19.0,5.5,1.14,5.65,1.19,6.0,1.2
2016-02-20,Delray Beach Open,Semifinals,Hard,Ram R.,Dimitrov G.,89.0,28.0,4.5,1.2,5.25,1.21,5.25,1.22
2016-02-20,Open 13,Semifinals,Hard,Cilic M.,Paire B.,12.0,22.0,1.4,3.0,1.41,3.22,1.46,3.25
2016-02-20,Delray Beach Open,Quarterfinals,Hard,Del Potro J.M.,Chardy J.,1042.0,30.0,2.1,1.66,2.18,1.78,2.2,1.8
2016-02-21,Delray Beach Open,Semifinals,Hard,Querrey S.,Del Potro J.M.,61.0,1042.0,2.74,1.44,2.83,1.5,2.85,1.5
2016-02-21,Delray Beach Open,The Final,Hard,Querrey S.,Ram R.,61.0,89.0,1.4,3.0,1.4,3.28,1.43,3.28
2016-02-21,Rio Open,Semifinals,Clay,Cuevas P.,Nadal R.,45.0,5.0,5.0,1.16,5.53,1.19,5.7,1.2
2016-02-21,Rio Open,The Final,Clay,Cuevas P.,Pella G.,45.0,71.0,1.4,3.0,1.41,3.21,1.45,3.21
2016-02-21,Open 13,The Final,Hard,Kyrgios N.,Cilic M.,41.0,12.0,1.57,2.37,1.68,2.35,1.68,2.55
2016-02-22,Dubai Tennis Championships,1st Round,Hard,Pospisil V.,Pouille L.,45.0,88.0,1.57,2.25,1.71,2.24,1.75,2.3
2016-02-22,Dubai Tennis Championships,1st Round,Hard,Lopez F.,Garcia-Lopez G.,24.0,37.0,1.57,2.25,1.68,2.3,1.69,2.4
2016-02-22,Dubai Tennis Championships,1st Round,Hard,Jaziri M.,Youzhny M.,121.0,78.0,5.0,1.16,4.36,1.25,5.0,1.25
2016-02-22,Dubai Tennis Championships,1st Round,Hard,Chung H.,Seppi A.,66.0,39.0,2.25,1.57,2.33,1.67,2.38,1.69
2016-02-22,Brasil Open,1st Round,Clay,Munoz-De La Nava D.,Gonzalez M.,72.0,148.0,1.57,2.25,1.81,2.09,1.81,2.4
2016-02-22,Abierto Mexicano,1st Round,Hard,Marchenko I.,Paul T.,85.0,247.0,1.44,2.62,1.52,2.71,1.52,3.0
2016-02-22,Abierto Mexicano,1st Round,Hard,Young D.,Muller G.,79.0,46.0,3.75,1.25,3.74,1.31,3.8,1.45
2016-02-22,Abierto Mexicano,1st Round,Hard,Mannarino A.,Hank T.,58.0,446.0,1.02,17.0,1.04,14.8,1.05,17.0
2016-02-22,Dubai Tennis Championships,1st Round,Hard,Djokovic N.,Robredo T.,1.0,41.0,1.02,17.0,1.02,20.52,1.03,27.75
2016-02-22,Brasil Open,1st Round,Clay,Carballes Baena R.,Daniel T.,122.0,87.0,2.0,1.72,2.24,1.71,2.2,1.8
2016-02-22,Brasil Open,1st Round,Clay,Gimeno-Traver D.,Clezar G.,99.0,173.0,1.83,1.83,1.88,2.01,1.97,2.01
2016-02-22,Dubai Tennis Championships,1st Round,Hard,Baghdatis M.,Troicki V.,57.0,22.0,2.2,1.61,2.19,1.75,2.31,1.75
2016-02-23,Brasil Open,1st Round,Clay,Cervantes I.,Granollers M.,65.0,93.0,1.72,2.0,1.83,2.08,1.84,2.1
2016-02-23,Dubai Tennis Championships,1st Round,Hard,Kyrgios N.,Klizan M.,33.0,25.0,1.36,3.0,1.36,3.42,1.44,3.42
2016-02-23,Dubai Tennis Championships,1st Round,Hard,Bautista R.,Bolelli S.,18.0,73.0,1.18,4.5,1.2,5.14,1.22,5.31
2016-02-23,Dubai Tennis Championships,1st Round,Hard,Coric B.,Vesely J.,38.0,55.0,1.66,2.1,1.79,2.13,1.79,2.25
2016-02-23,Dubai Tennis Championships,1st Round,Hard,Skugor F.,Gabashvili T.,188.0,47.0,3.75,1.25,3.73,1.31,3.8,1.33
2016-02-23,Dubai Tennis Championships,1st Round,Hard,Rosol L.,Bhambri Y.,51.0,107.0,1.22,4.0,1.27,4.17,1.29,4.17
2016-02-23,Dubai Tennis Championships,1st Round,Hard,Kohlschreiber P.,Ilhan M.,28.0,110.0,1.08,8.0,1.09,8.91,1.11,8.91
2016-02-23,Dubai Tennis Championships,1st Round,Hard,Berdych T.,Sousa J.,7.0,36.0,1.11,6.5,1.13,6.99,1.13,7.0
2016-02-23,Dubai Tennis Championships,1st Round,Hard,Wawrinka S.,Stakhovsky S.,4.0,92.0,1.18,4.5,1.26,4.3,1.26,4.7
2016-02-23,Dubai Tennis Championships,1st Round,Hard,Kukushkin M.,Istomin D.,84.0,63.0,2.2,1.61,2.37,1.65,2.37,1.73
2016-02-23,Brasil Open,1st Round,Clay,Rola B.,Lorenzi P.,160.0,52.0,3.25,1.33,3.3,1.38,3.4,1.38
2016-02-23,Dubai Tennis Championships,1st Round,Hard,Fabbiano T.,Mayer L.,144.0,40.0,3.5,1.28,3.67,1.32,3.67,1.36
2016-02-23,Brasil Open,1st Round,Clay,Schwartzman D.,Zeballos H.,83.0,112.0,1.33,3.25,1.41,3.13,1.41,3.3
2016-02-23,Brasil Open,1st Round,Clay,Monteiro T.,Almagro N.,278.0,50.0,6.0,1.12,6.16,1.15,6.5,1.16
2016-02-23,Brasil Open,1st Round,Clay,Elias G.,Andujar P.,140.0,70.0,2.25,1.57,2.23,1.72,2.25,1.75
2016-02-23,Abierto Mexicano,1st Round,Hard,Haase R.,Patino L.,62.0,809.0,1.02,15.0,1.02,18.7,1.05,18.7
2016-02-23,Abierto Mexicano,1st Round,Hard,Nishikori K.,De Bakker T.,6.0,105.0,1.04,13.0,1.04,15.12,1.05,15.12
2016-02-23,Abierto Mexicano,1st Round,Hard,Estrella Burgos V.,Gomez L.,74.0,543.0,1.1,7.0,1.12,7.48,1.14,7.5
2016-02-23,Abierto Mexicano,1st Round,Hard,Fritz T.,Chardy J.,102.0,30.0,1.83,1.83,2.05,1.85,2.05,2.0
2016-02-23,Brasil Open,1st Round,Clay,Bagnis F.,Mathieu P.H.,96.0,69.0,2.0,1.72,2.01,1.88,2.2,1.88
2016-02-23,Abierto Mexicano,1st Round,Hard,Tursunov D.,Groth S.,1045.0,75.0,2.62,1.44,2.63,1.54,2.75,1.54
2016-02-23,Abierto Mexicano,1st Round,Hard,Harrison R.,Cilic M.,127.0,12.0,3.4,1.3,3.94,1.29,4.0,1.33
2016-02-23,Brasil Open,1st Round,Clay,Carreno-Busta P.,Ramos-Vinolas A.,67.0,48.0,2.1,1.66,1.97,1.92,2.13,1.92
2016-02-23,Brasil Open,1st Round,Clay,Giraldo S.,Cecchinato M.,77.0,91.0,1.4,2.75,1.49,2.78,1.53,2.78
2016-02-23,Brasil Open,1st Round,Clay,Lajovic D.,Vanni L.,76.0,145.0,1.72,2.0,1.88,2.01,1.88,2.1
2016-02-24,Dubai Tennis Championships,2nd Round,Hard,Wawrinka S.,Skugor F.,4.0,188.0,1.06,10.0,1.05,13.44,1.08,13.88
2016-02-24,Dubai Tennis Championships,2nd Round,Hard,Djokovic N.,Jaziri M.,1.0,121.0,1.005,34.0,1.01,41.0,1.01,51.0
2016-02-24,Dubai Tennis Championships,2nd Round,Hard,Kyrgios N.,Kukushkin M.,33.0,84.0,1.22,4.0,1.2,5.24,1.25,5.24
2016-02-24,Dubai Tennis Championships,2nd Round,Hard,Berdych T.,Fabbiano T.,7.0,144.0,1.04,13.0,1.04,15.91,1.06,15.91
2016-02-24,Dubai Tennis Championships,2nd Round,Hard,Kohlschreiber P.,Coric B.,28.0,38.0,1.4,2.75,1.45,2.97,1.5,2.97
2016-02-24,Dubai Tennis Championships,2nd Round,Hard,Lopez F.,Rosol L.,24.0,51.0,1.36,3.0,1.5,2.8,1.5,3.0
2016-02-24,Dubai Tennis Championships,2nd Round,Hard,Baghdatis M.,Pospisil V.,57.0,45.0,1.61,2.2,1.68,2.34,1.68,2.45
2016-02-24,Dubai Tennis Championships,2nd Round,Hard,Bautista R.,Chung H.,18.0,66.0,1.18,4.5,1.24,4.65,1.24,5.5
2016-02-24,Abierto Mexicano,2nd Round,Hard,Tomic B.,Mannarino A.,21.0,58.0,1.4,2.75,1.47,2.89,1.5,2.9
2016-02-24,Abierto Mexicano,1st Round,Hard,Dimitrov G.,Kudla D.,26.0,64.0,1.2,4.33,1.24,4.54,1.24,5.0
2016-02-24,Abierto Mexicano,2nd Round,Hard,Haase R.,Bedene A.,62.0,54.0,1.83,1.83,1.98,1.93,1.98,2.0
2016-02-24,Abierto Mexicano,2nd Round,Hard,Dolgopolov O.,Ferrer D.,32.0,8.0,3.0,1.36,3.24,1.4,3.3,1.4
2016-02-24,Abierto Mexicano,1st Round,Hard,Dolgopolov O.,Johnson S.,32.0,34.0,1.83,1.83,1.97,1.92,2.0,1.99
2016-02-24,Abierto Mexicano,1st Round,Hard,Bedene A.,Karlovic I.,54.0,31.0,2.2,1.61,2.28,1.69,2.28,1.71
2016-02-24,Abierto Mexicano,1st Round,Hard,Thiem D.,Dzumhur D.,15.0,95.0,1.18,4.5,1.24,4.44,1.24,5.0
2016-02-24,Abierto Mexicano,1st Round,Hard,Tomic B.,Ram R.,21.0,60.0,1.28,3.5,1.31,3.78,1.33,3.9
2016-02-24,Abierto Mexicano,1st Round,Hard,Querrey S.,Sela D.,43.0,90.0,1.4,2.75,1.46,2.89,1.51,3.0
2016-02-24,Abierto Mexicano,1st Round,Hard,Ferrer D.,Millman J.,8.0,61.0,1.16,5.0,1.19,5.29,1.21,5.29
2016-02-24,Abierto Mexicano,2nd Round,Hard,Marchenko I.,Harrison R.,85.0,127.0,1.9,1.8,1.81,2.11,2.0,2.11
2016-02-25,Brasil Open,2nd Round,Clay,Carreno-Busta P.,Gimeno-Traver D.,67.0,99.0,1.5,2.5,1.42,3.14,1.6,3.14
2016-02-25,Brasil Open,2nd Round,Clay,Carballes Baena R.,Bellucci T.,122.0,35.0,3.75,1.25,4.14,1.28,4.33,1.29
2016-02-25,Brasil Open,2nd Round,Clay,Elias G.,Giraldo S.,140.0,77.0,2.5,1.5,2.68,1.53,2.68,1.57
2016-02-25,Brasil Open,2nd Round,Clay,Lajovic D.,Paire B.,76.0,20.0,2.0,1.72,2.02,1.88,2.2,1.88
2016-02-25,Dubai Tennis Championships,Quarterfinals,Hard,Wawrinka S.,Kohlschreiber P.,4.0,28.0,1.4,2.75,1.43,3.14,1.49,3.14
2016-02-25,Abierto Mexicano,2nd Round,Hard,Dimitrov G.,Young D.,26.0,79.0,1.22,4.0,1.29,4.05,1.29,4.5
2016-02-25,Abierto Mexicano,2nd Round,Hard,Querrey S.,Nishikori K.,43.0,6.0,5.0,1.16,5.49,1.19,5.49,1.2
2016-02-25,Abierto Mexicano,2nd Round,Hard,Fritz T.,Estrella Burgos V.,102.0,74.0,1.3,3.4,1.32,3.73,1.33,3.73
2016-02-25,Abierto Mexicano,2nd Round,Hard,Thiem D.,Tursunov D.,15.0,1045.0,1.16,5.0,1.2,5.16,1.2,6.5
2016-02-25,Abierto Mexicano,Quarterfinals,Hard,Tomic B.,Marchenko I.,21.0,85.0,1.3,3.4,1.33,3.73,1.36,3.73
2016-02-25,Dubai Tennis Championships,Quarterfinals,Hard,Lopez F.,Djokovic N.,24.0,1.0,17.0,1.02,25.5,1.02,25.5,1.03
2016-02-25,Brasil Open,2nd Round,Clay,Cervantes I.,Rola B.,65.0,160.0,1.5,2.5,1.5,2.8,1.62,2.8
2016-02-25,Brasil Open,2nd Round,Clay,Monteiro T.,Munoz-De La Nava D.,278.0,72.0,1.83,1.83,2.02,1.88,2.02,2.01
2016-02-25,Brasil Open,2nd Round,Clay,Delbonis F.,Schwartzman D.,49.0,83.0,1.5,2.5,1.57,2.57,1.57,2.57
2016-02-25,Brasil Open,2nd Round,Clay,Cuevas P.,Bagnis F.,27.0,96.0,1.2,4.33,1.19,5.42,1.23,5.42
2016-02-25,Dubai Tennis Championships,Quarterfinals,Hard,Kyrgios N.,Berdych T.,33.0,7.0,2.1,1.66,2.07,1.86,2.2,1.86
2016-02-25,Dubai Tennis Championships,Quarterfinals,Hard,Baghdatis M.,Bautista R.,57.0,18.0,3.75,1.25,4.0,1.3,4.0,1.33
2016-02-26,Brasil Open,Quarterfinals,Clay,Carreno-Busta P.,Carballes Baena R.,67.0,122.0,1.36,3.0,1.42,3.17,1.44,3.25
2016-02-26,Brasil Open,Quarterfinals,Clay,Cuevas P.,Monteiro T.,27.0,278.0,1.2,4.33,1.21,5.1,1.24,5.15
2016-02-26,Brasil Open,Quarterfinals,Clay,Cervantes I.,Delbonis F.,65.0,49.0,3.25,1.33,3.49,1.36,3.49,1.44
2016-02-26,Brasil Open,Quarterfinals,Clay,Lajovic D.,Elias G.,76.0,140.0,1.5,2.5,1.62,2.48,1.62,2.55
2016-02-26,Dubai Tennis Championships,Semifinals,Hard,Baghdatis M.,Lopez F.,57.0,24.0,1.9,1.9,2.0,1.93,2.0,1.93
2016-02-26,Dubai Tennis Championships,Semifinals,Hard,Wawrinka S.,Kyrgios N.,4.0,33.0,1.66,2.2,1.77,2.2,1.8,2.25
2016-02-26,Abierto Mexicano,Quarterfinals,Hard,Querrey S.,Fritz T.,43.0,102.0,1.61,2.2,1.65,2.43,1.8,2.43
2016-02-26,Abierto Mexicano,Quarterfinals,Hard,Thiem D.,Dimitrov G.,15.0,26.0,2.5,1.5,2.52,1.61,2.55,1.61
2016-02-26,Abierto Mexicano,Quarterfinals,Hard,Dolgopolov O.,Haase R.,32.0,62.0,1.36,3.0,1.39,3.35,1.4,3.35
2016-02-27,Abierto Mexicano,Semifinals,Hard,Thiem D.,Querrey S.,15.0,43.0,1.66,2.2,1.84,2.1,1.84,2.25
2016-02-27,Abierto Mexicano,Semifinals,Hard,Tomic B.,Dolgopolov O.,21.0,32.0,2.37,1.57,2.46,1.63,2.5,1.65
2016-02-27,Dubai Tennis Championships,The Final,Hard,Wawrinka S.,Baghdatis M.,4.0,57.0,1.22,4.33,1.24,4.65,1.26,5.0
2016-02-27,Brasil Open,Semifinals,Clay,Carreno-Busta P.,Cervantes I.,67.0,65.0,1.4,3.0,1.42,3.19,1.45,3.19
2016-02-27,Brasil Open,Semifinals,Clay,Cuevas P.,Lajovic D.,27.0,76.0,1.25,4.0,1.31,3.88,1.31,4.15
2016-02-28,Abierto Mexicano,The Final,Hard,Thiem D.,Tomic B.,15.0,21.0,1.53,2.5,1.57,2.6,1.67,2.6
2016-02-28,Brasil Open,The Final,Clay,Cuevas P.,Carreno-Busta P.,27.0,67.0,1.44,2.75,1.44,3.06,1.4,3.06
2016-03-10,BNP Paribas Open,1st Round,Hard,Mahut N.,Olivo R.,44.0,167.0,1.44,2.62,1.54,2.66,1.54,2.75
2016-03-10,BNP Paribas Open,1st Round,Hard,Tiafoe F.,Fritz T.,177.0,80.0,4.5,1.18,4.73,1.23,4.95,1.23
2016-03-10,BNP Paribas Open,1st Round,Hard,Haase R.,Schwartzman D.,57.0,84.0,1.5,2.5,1.56,2.6,1.56,2.75
2016-03-10,BNP Paribas Open,1st Round,Hard,Pella G.,Edmund K.,40.0,82.0,2.2,1.61,2.21,1.75,2.26,1.75
2016-03-10,BNP Paribas Open,1st Round,Hard,Coric B.,Pouille L.,47.0,87.0,1.36,3.0,1.47,2.91,1.5,3.1
2016-03-10,BNP Paribas Open,1st Round,Hard,Carreno-Busta P.,Donskoy E.,52.0,81.0,1.57,2.25,1.7,2.29,1.7,2.4
2016-03-10,BNP Paribas Open,1st Round,Hard,Delbonis F.,Giraldo S.,53.0,83.0,2.1,1.66,2.26,1.72,2.26,1.77
2016-03-10,BNP Paribas Open,1st Round,Hard,Cervantes I.,Almagro N.,59.0,61.0,3.75,1.25,3.96,1.3,3.96,1.33
2016-03-10,BNP Paribas Open,1st Round,Hard,Mayer L.,Groth S.,46.0,77.0,1.33,3.25,1.41,3.19,1.41,3.25
2016-03-11,BNP Paribas Open,1st Round,Hard,Zverev A.,Dodig I.,58.0,79.0,1.57,2.25,1.68,2.34,1.68,2.58
2016-03-11,BNP Paribas Open,1st Round,Hard,Mannarino A.,Rosol L.,60.0,50.0,2.2,1.61,2.27,1.71,2.3,1.77
2016-03-11,BNP Paribas Open,1st Round,Hard,Pospisil V.,Donaldson J.,43.0,158.0,1.36,3.0,1.41,3.18,1.45,3.2
2016-03-11,BNP Paribas Open,1st Round,Hard,Youzhny M.,Bedene A.,76.0,51.0,1.83,1.83,1.88,2.02,2.0,2.02
2016-03-11,BNP Paribas Open,1st Round,Hard,Kukushkin M.,Munoz-De La Nava D.,90.0,69.0,1.33,3.25,1.38,3.33,1.4,3.5
2016-03-11,BNP Paribas Open,1st Round,Hard,Del Potro J.M.,Smyczek T.,420.0,116.0,1.22,4.0,1.22,4.93,1.27,4.93
2016-03-11,BNP Paribas Open,1st Round,Hard,Muller G.,Estrella Burgos V.,45.0,67.0,1.18,4.5,1.2,5.23,1.22,5.23
2016-03-11,BNP Paribas Open,1st Round,Hard,Ram R.,Rubin N.,63.0,205.0,1.53,2.37,1.56,2.6,1.65,2.6
2016-03-11,BNP Paribas Open,1st Round,Hard,Harrison R.,Lajovic D.,168.0,68.0,1.57,2.25,1.72,2.26,1.72,2.35
2016-03-11,BNP Paribas Open,1st Round,Hard,Granollers M.,Dzumhur D.,92.0,93.0,2.2,1.61,2.21,1.75,2.25,1.75
2016-03-11,BNP Paribas Open,1st Round,Hard,Marchenko I.,Tursunov D.,72.0,581.0,1.53,2.37,1.61,2.47,1.65,2.47
2016-03-11,BNP Paribas Open,1st Round,Hard,Kuznetsov An.,Trungelliti M.,55.0,184.0,1.3,3.4,1.35,3.53,1.35,3.53
2016-03-11,BNP Paribas Open,1st Round,Hard,Ramos-Vinolas A.,Chung H.,49.0,64.0,2.1,1.66,2.3,1.69,2.3,1.8
2016-03-12,BNP Paribas Open,2nd Round,Hard,Murray A.,Granollers M.,2.0,92.0,1.02,19.0,1.03,20.5,1.04,21.0
2016-03-12,BNP Paribas Open,2nd Round,Hard,Coric B.,Bellucci T.,47.0,33.0,1.4,2.75,1.6,2.52,1.6,2.75
2016-03-12,BNP Paribas Open,2nd Round,Hard,Pella G.,Cuevas P.,40.0,25.0,2.5,1.5,2.57,1.57,2.6,1.61
2016-03-12,BNP Paribas Open,2nd Round,Hard,Mayer L.,Troicki V.,46.0,23.0,2.1,1.66,2.13,1.8,2.2,1.8
2016-03-12,BNP Paribas Open,2nd Round,Hard,Tomic B.,Ram R.,20.0,63.0,1.3,3.4,1.39,3.28,1.39,3.5
2016-03-12,BNP Paribas Open,2nd Round,Hard,Berdych T.,Del Potro J.M.,7.0,420.0,1.57,2.25,1.7,2.29,1.77,2.38
2016-03-12,BNP Paribas Open,2nd Round,Hard,Ramos-Vinolas A.,Kyrgios N.,49.0,27.0,4.5,1.16,5.31,1.2,5.5,1.2
2016-03-12,BNP Paribas Open,2nd Round,Hard,Monfils G.,Carreno-Busta P.,16.0,52.0,1.25,3.75,1.31,3.85,1.31,3.9
2016-03-12,BNP Paribas Open,2nd Round,Hard,Raonic M.,Cervantes I.,14.0,59.0,1.08,8.0,1.09,9.49,1.1,9.49
2016-03-12,BNP Paribas Open,2nd Round,Hard,Delbonis F.,Sousa J.,53.0,37.0,2.25,1.57,2.22,1.74,2.3,1.74
2016-03-12,BNP Paribas Open,2nd Round,Hard,Dolgopolov O.,Haase R.,29.0,57.0,1.33,3.25,1.4,3.24,1.4,3.5
2016-03-12,BNP Paribas Open,1st Round,Hard,Seppi A.,Young D.,42.0,75.0,1.8,1.9,1.91,2.0,1.91,2.05
2016-03-12,BNP Paribas Open,1st Round,Hard,Garcia-Lopez G.,Gulbis E.,38.0,71.0,1.9,1.8,2.03,1.88,2.03,2.1
2016-03-12,BNP Paribas Open,2nd Round,Hard,Gasquet R.,Mahut N.,10.0,44.0,1.18,4.5,1.22,4.88,1.23,5.0
2016-03-12,BNP Paribas Open,1st Round,Hard,Kovalik J.,Herbert P.H,182.0,109.0,3.5,1.28,3.97,1.29,3.97,1.33
2016-03-12,BNP Paribas Open,1st Round,Hard,Kudla D.,Istomin D.,66.0,73.0,2.25,1.57,2.25,1.72,2.25,1.73
2016-03-12,BNP Paribas Open,1st Round,Hard,Fratangelo B.,Gabashvili T.,149.0,48.0,2.75,1.4,2.81,1.5,2.9,1.52
2016-03-12,BNP Paribas Open,1st Round,Hard,Millot V.,Mcdonald M.,166.0,377.0,1.25,3.75,1.31,3.84,1.31,3.85
2016-03-12,BNP Paribas Open,1st Round,Hard,Verdasco F.,Polansky P.,65.0,542.0,1.25,3.75,1.28,4.14,1.28,4.5
2016-03-12,BNP Paribas Open,1st Round,Hard,De Bakker T.,Vesely J.,103.0,56.0,2.5,1.5,2.54,1.58,2.62,1.59
2016-03-12,BNP Paribas Open,1st Round,Hard,Berrer M.,Monaco J.,112.0,98.0,1.66,2.1,1.81,2.12,1.81,2.15
2016-03-12,BNP Paribas Open,1st Round,Hard,Millman J.,Sarkissian A.,74.0,176.0,1.22,4.0,1.29,4.01,1.29,4.05
2016-03-13,BNP Paribas Open,2nd Round,Hard,Tsonga J.W.,Millot V.,9.0,166.0,1.08,8.0,1.09,9.28,1.1,9.28
2016-03-13,BNP Paribas Open,2nd Round,Hard,Kohlschreiber P.,Kudla D.,30.0,66.0,1.2,4.33,1.27,4.26,1.27,4.4
2016-03-13,BNP Paribas Open,2nd Round,Hard,Lopez F.,Garcia-Lopez G.,21.0,38.0,1.72,2.0,1.92,1.99,1.92,2.25
2016-03-13,BNP Paribas Open,2nd Round,Hard,Simon G.,Pospisil V.,19.0,43.0,1.33,3.25,1.44,3.04,1.44,3.5
2016-03-13,BNP Paribas Open,2nd Round,Hard,Nishikori K.,Kukushkin M.,6.0,90.0,1.11,6.5,1.13,7.28,1.13,7.28
2016-03-13,BNP Paribas Open,2nd Round,Hard,Querrey S.,De Bakker T.,36.0,103.0,1.28,3.5,1.29,4.05,1.3,4.05
2016-03-13,BNP Paribas Open,2nd Round,Hard,Mannarino A.,Paire B.,60.0,22.0,2.0,1.72,1.96,1.94,2.05,1.94
2016-03-13,BNP Paribas Open,2nd Round,Hard,Wawrinka S.,Marchenko I.,4.0,72.0,1.12,6.0,1.15,6.41,1.17,6.5
2016-03-13,BNP Paribas Open,2nd Round,Hard,Zverev A.,Dimitrov G.,58.0,26.0,2.62,1.44,2.82,1.49,2.82,1.53
2016-03-13,BNP Paribas Open,2nd Round,Hard,Bautista R.,Youzhny M.,17.0,76.0,1.14,5.5,1.17,5.77,1.2,5.77
2016-03-13,BNP Paribas Open,2nd Round,Hard,Thiem D.,Kovalik J.,13.0,182.0,1.08,8.0,1.08,9.8,1.1,9.86
2016-03-13,BNP Paribas Open,2nd Round,Hard,Goffin D.,Tiafoe F.,18.0,177.0,1.22,4.0,1.26,4.37,1.29,4.5
2016-03-13,BNP Paribas Open,2nd Round,Hard,Cilic M.,Harrison R.,12.0,168.0,1.4,2.75,1.38,3.31,1.47,3.31
2016-03-13,BNP Paribas Open,2nd Round,Hard,Kuznetsov An.,Chardy J.,55.0,32.0,1.72,2.0,1.88,2.02,1.91,2.17
2016-03-14,BNP Paribas Open,3rd Round,Hard,Cilic M.,Mayer L.,12.0,46.0,1.33,3.25,1.38,3.41,1.38,3.5
2016-03-14,BNP Paribas Open,3rd Round,Hard,Gasquet R.,Dolgopolov O.,10.0,29.0,1.53,2.37,1.69,2.33,1.69,2.4
2016-03-14,BNP Paribas Open,3rd Round,Hard,Goffin D.,Pella G.,18.0,40.0,1.33,3.25,1.36,3.49,1.4,3.5
2016-03-14,BNP Paribas Open,3rd Round,Hard,Raonic M.,Tomic B.,14.0,20.0,1.2,4.5,1.2,5.29,1.29,5.29
2016-03-14,BNP Paribas Open,3rd Round,Hard,Delbonis F.,Murray A.,53.0,2.0,19.0,1.02,21.33,1.03,21.33,1.04
2016-03-14,BNP Paribas Open,2nd Round,Hard,Johnson S.,Millman J.,35.0,74.0,1.66,2.1,1.69,2.3,1.77,2.3
2016-03-14,BNP Paribas Open,2nd Round,Hard,Verdasco F.,Klizan M.,65.0,28.0,2.0,1.72,2.17,1.78,2.25,1.8
2016-03-14,BNP Paribas Open,2nd Round,Hard,Isner J.,Seppi A.,11.0,42.0,1.22,4.0,1.24,4.53,1.25,4.8
2016-03-14,BNP Paribas Open,2nd Round,Hard,Sock J.,Berrer M.,24.0,112.0,1.28,3.5,1.34,3.6,1.34,3.75
2016-03-14,BNP Paribas Open,2nd Round,Hard,Djokovic N.,Fratangelo B.,1.0,149.0,1.005,29.0,1.01,29.16,1.02,41.5
2016-03-14,BNP Paribas Open,2nd Round,Hard,Nadal R.,Muller G.,5.0,45.0,1.33,3.25,1.32,3.73,1.35,3.75
2016-03-15,BNP Paribas Open,3rd Round,Hard,Isner J.,Mannarino A.,11.0,60.0,1.2,4.33,1.2,5.39,1.23,5.39
2016-03-15,BNP Paribas Open,3rd Round,Hard,Thiem D.,Sock J.,13.0,24.0,1.57,2.25,1.75,2.23,1.75,2.35
2016-03-15,BNP Paribas Open,3rd Round,Hard,Nadal R.,Verdasco F.,5.0,65.0,1.25,3.75,1.33,3.75,1.34,3.75
2016-03-15,BNP Paribas Open,3rd Round,Hard,Lopez F.,Bautista R.,21.0,17.0,2.5,1.5,2.47,1.63,2.5,1.67
2016-03-15,BNP Paribas Open,3rd Round,Hard,Nishikori K.,Johnson S.,6.0,35.0,1.16,5.0,1.21,5.17,1.21,5.5
2016-03-15,BNP Paribas Open,3rd Round,Hard,Wawrinka S.,Kuznetsov An.,4.0,55.0,1.18,4.5,1.24,4.76,1.25,5.0
2016-03-15,BNP Paribas Open,3rd Round,Hard,Monfils G.,Ramos-Vinolas A.,16.0,49.0,1.28,3.5,1.37,3.47,1.37,3.6
2016-03-15,BNP Paribas Open,3rd Round,Hard,Berdych T.,Coric B.,7.0,47.0,1.2,4.33,1.25,4.5,1.26,4.5
2016-03-15,BNP Paribas Open,3rd Round,Hard,Zverev A.,Simon G.,58.0,19.0,2.2,1.61,2.32,1.7,2.4,1.7
2016-03-16,BNP Paribas Open,4th Round,Hard,Nadal R.,Zverev A.,5.0,58.0,1.33,3.25,1.36,3.49,1.38,3.5
2016-03-16,BNP Paribas Open,3rd Round,Hard,Tsonga J.W.,Querrey S.,9.0,36.0,1.53,2.37,1.54,2.69,1.6,2.7
2016-03-16,BNP Paribas Open,3rd Round,Hard,Djokovic N.,Kohlschreiber P.,1.0,30.0,1.1,7.0,1.11,8.57,1.12,8.57
2016-03-16,BNP Paribas Open,4th Round,Hard,Cilic M.,Gasquet R.,12.0,10.0,2.2,1.61,2.23,1.75,2.28,1.75
2016-03-16,BNP Paribas Open,4th Round,Hard,Goffin D.,Wawrinka S.,18.0,4.0,3.75,1.25,3.55,1.35,4.0,1.36
2016-03-16,BNP Paribas Open,4th Round,Hard,Raonic M.,Berdych T.,14.0,7.0,1.44,2.62,1.61,2.5,1.61,2.66
2016-03-16,BNP Paribas Open,4th Round,Hard,Monfils G.,Delbonis F.,16.0,53.0,1.2,4.33,1.25,4.5,1.25,4.6
2016-03-17,BNP Paribas Open,4th Round,Hard,Nishikori K.,Isner J.,6.0,11.0,1.72,2.0,1.94,1.98,1.95,2.1
2016-03-17,BNP Paribas Open,4th Round,Hard,Djokovic N.,Lopez F.,1.0,21.0,1.07,9.0,1.07,11.29,1.09,11.29
2016-03-17,BNP Paribas Open,4th Round,Hard,Tsonga J.W.,Thiem D.,9.0,13.0,1.83,1.83,1.87,2.06,1.92,2.06
2016-03-17,BNP Paribas Open,Quarterfinals,Hard,Goffin D.,Cilic M.,18.0,12.0,2.3,1.61,2.32,1.7,2.33,1.7
2016-03-18,BNP Paribas Open,Quarterfinals,Hard,Nadal R.,Nishikori K.,5.0,6.0,2.0,1.8,2.11,1.83,2.14,1.91
2016-03-18,BNP Paribas Open,Quarterfinals,Hard,Djokovic N.,Tsonga J.W.,1.0,9.0,1.11,6.5,1.13,7.65,1.15,7.65
2016-03-18,BNP Paribas Open,Quarterfinals,Hard,Raonic M.,Monfils G.,14.0,16.0,1.33,3.4,1.4,3.28,1.4,3.5
2016-03-19,BNP Paribas Open,Semifinals,Hard,Djokovic N.,Nadal R.,1.0,5.0,1.14,5.5,1.18,5.92,1.18,6.48
2016-03-19,BNP Paribas Open,Semifinals,Hard,Raonic M.,Goffin D.,14.0,18.0,1.22,4.33,1.24,4.65,1.26,4.66
2016-03-20,BNP Paribas Open,The Final,Hard,Djokovic N.,Raonic M.,1.0,14.0,1.14,5.5,1.18,5.8,1.2,6.0
2016-03-23,Sony Ericsson Open,1st Round,Hard,Fritz T.,Bolelli S.,81.0,79.0,1.33,3.25,1.4,3.24,1.41,3.3
2016-03-23,Sony Ericsson Open,1st Round,Hard,Nishioka Y.,Donaldson J.,124.0,152.0,1.44,2.62,1.5,2.8,1.5,2.8
2016-03-23,Sony Ericsson Open,1st Round,Hard,Pospisil V.,Schwartzman D.,45.0,85.0,1.53,2.37,1.65,2.4,1.71,2.4
2016-03-23,Sony Ericsson Open,1st Round,Hard,Ramos-Vinolas A.,Gonzalez A.,50.0,150.0,1.36,3.0,1.33,3.64,1.4,3.64
2016-03-23,Sony Ericsson Open,1st Round,Hard,Granollers M.,Fratangelo B.,73.0,134.0,1.4,2.75,1.44,3.01,1.5,3.01
2016-03-23,Sony Ericsson Open,1st Round,Hard,Groth S.,Estrella Burgos V.,77.0,66.0,1.66,2.1,1.73,2.24,1.76,2.25
2016-03-23,Sony Ericsson Open,1st Round,Hard,Youzhny M.,Gulbis E.,72.0,78.0,1.9,1.8,2.04,1.87,2.04,2.05
2016-03-23,Sony Ericsson Open,1st Round,Hard,Lajovic D.,Novikov D.,70.0,153.0,1.53,2.37,1.74,2.23,1.74,2.38
2016-03-23,Sony Ericsson Open,1st Round,Hard,Pouille L.,Gabashvili T.,88.0,49.0,2.1,1.66,2.31,1.69,2.31,1.73
2016-03-23,Sony Ericsson Open,1st Round,Hard,Cervantes I.,Rublev A.,56.0,154.0,2.37,1.53,2.37,1.66,2.5,1.66
2016-03-23,Sony Ericsson Open,1st Round,Hard,Ram R.,Donskoy E.,61.0,82.0,1.61,2.2,1.75,2.2,1.8,2.25
2016-03-23,Sony Ericsson Open,1st Round,Hard,Zverev A.,Mmoh M.,52.0,370.0,1.11,6.5,1.12,7.41,1.12,7.41
2016-03-23,Sony Ericsson Open,1st Round,Hard,Edmund K.,Vesely J.,87.0,55.0,1.66,2.1,1.85,2.07,1.85,2.15
2016-03-23,Sony Ericsson Open,1st Round,Hard,Verdasco F.,Muller G.,65.0,44.0,1.9,1.8,1.96,1.94,1.96,1.99
2016-03-24,Sony Ericsson Open,1st Round,Hard,Ito T.,Mahut N.,120.0,42.0,2.62,1.44,2.62,1.56,2.7,1.57
2016-03-24,Sony Ericsson Open,1st Round,Hard,Delbonis F.,Ymer E.,48.0,142.0,1.33,3.25,1.39,3.26,1.39,3.6
2016-03-24,Sony Ericsson Open,1st Round,Hard,Stakhovsky S.,Jarry N.,115.0,472.0,1.33,3.25,1.4,3.24,1.4,3.5
2016-03-24,Sony Ericsson Open,1st Round,Hard,Herbert P.H,Rosol L.,106.0,58.0,1.72,2.0,1.78,2.16,1.85,2.2
2016-03-24,Sony Ericsson Open,1st Round,Hard,Dzumhur D.,Mayer L.,94.0,41.0,3.75,1.25,3.9,1.3,4.0,1.3
2016-03-24,Sony Ericsson Open,1st Round,Hard,Kudla D.,Chung H.,63.0,67.0,2.75,1.4,2.83,1.49,3.15,1.49
2016-03-24,Sony Ericsson Open,1st Round,Hard,Giraldo S.,Mathieu P.H.,83.0,62.0,2.25,1.57,2.35,1.67,2.45,1.67
2016-03-24,Sony Ericsson Open,1st Round,Hard,Kukushkin M.,Baker B.,90.0,1045.0,1.2,4.33,1.24,4.65,1.25,4.76
2016-03-24,Sony Ericsson Open,1st Round,Hard,Millman J.,Carreno-Busta P.,69.0,53.0,2.0,1.72,2.0,1.91,2.15,1.91
2016-03-24,Sony Ericsson Open,1st Round,Hard,Smyczek T.,Paul T.,132.0,215.0,1.53,2.37,1.64,2.41,1.65,2.45
2016-03-24,Sony Ericsson Open,1st Round,Hard,Istomin D.,Coric B.,76.0,46.0,3.25,1.33,3.17,1.41,3.38,1.41
2016-03-24,Sony Ericsson Open,1st Round,Hard,Mannarino A.,Marchenko I.,64.0,68.0,1.44,2.62,1.55,2.65,1.55,2.68
2016-03-24,Sony Ericsson Open,1st Round,Hard,Seppi A.,Young D.,43.0,80.0,1.53,2.37,1.67,2.35,1.67,2.55
2016-03-24,Sony Ericsson Open,1st Round,Hard,Bedene A.,Carballes Baena R.,57.0,114.0,1.22,4.0,1.26,4.3,1.26,4.35
2016-03-24,Sony Ericsson Open,1st Round,Hard,Monaco J.,Dodig I.,108.0,75.0,2.25,1.57,2.1,1.83,2.5,1.83
2016-03-24,Sony Ericsson Open,1st Round,Hard,Del Potro J.M.,Pella G.,366.0,39.0,1.25,3.75,1.27,4.18,1.33,4.18
2016-03-24,Sony Ericsson Open,1st Round,Hard,Kuznetsov An.,Dutra Silva R.,51.0,519.0,1.1,7.0,1.09,9.02,1.12,9.02
2016-03-25,Sony Ericsson Open,2nd Round,Hard,Zeballos H.,Del Potro J.M.,112.0,366.0,6.0,1.12,8.83,1.1,9.0,1.14
2016-03-25,Sony Ericsson Open,2nd Round,Hard,Johnson S.,Zverev A.,36.0,52.0,2.1,1.66,2.09,1.83,2.2,1.83
2016-03-25,Sony Ericsson Open,2nd Round,Hard,Troicki V.,Cervantes I.,21.0,56.0,1.36,3.0,1.4,3.25,1.4,3.35
2016-03-25,Sony Ericsson Open,2nd Round,Hard,Sousa J.,Pospisil V.,38.0,45.0,1.72,2.0,1.75,2.2,1.91,2.2
2016-03-25,Sony Ericsson Open,2nd Round,Hard,Verdasco F.,Chardy J.,65.0,31.0,1.61,2.2,1.85,2.07,1.85,2.25
2016-03-25,Sony Ericsson Open,2nd Round,Hard,Paire B.,Youzhny M.,22.0,72.0,2.1,1.66,2.16,1.78,2.16,1.8
2016-03-25,Sony Ericsson Open,2nd Round,Hard,Goffin D.,Granollers M.,15.0,73.0,1.44,2.62,1.58,2.55,1.58,2.75
2016-03-25,Sony Ericsson Open,1st Round,Hard,Baghdatis M.,Becker B.,40.0,99.0,1.4,2.75,1.39,3.27,1.45,3.27
2016-03-25,Sony Ericsson Open,2nd Round,Hard,Ferrer D.,Fritz T.,8.0,81.0,1.4,2.75,1.5,2.8,1.51,3.0
2016-03-25,Sony Ericsson Open,2nd Round,Hard,Nishioka Y.,Lopez F.,124.0,23.0,3.75,1.25,4.18,1.27,4.18,1.3
2016-03-25,Sony Ericsson Open,2nd Round,Hard,Pouille L.,Garcia-Lopez G.,88.0,37.0,2.37,1.53,2.5,1.6,2.5,1.62
2016-03-25,Sony Ericsson Open,2nd Round,Hard,Thiem D.,Groth S.,14.0,77.0,1.14,5.5,1.14,6.7,1.17,6.7
2016-03-25,Sony Ericsson Open,2nd Round,Hard,Cilic M.,Lajovic D.,11.0,70.0,1.12,6.0,1.16,6.27,1.17,6.27
2016-03-25,Sony Ericsson Open,2nd Round,Hard,Berdych T.,Ram R.,7.0,61.0,1.08,8.0,1.08,10.16,1.09,10.16
2016-03-25,Sony Ericsson Open,2nd Round,Hard,Simon G.,Monaco J.,19.0,108.0,1.33,3.25,1.38,3.31,1.41,3.31
2016-03-26,Sony Ericsson Open,2nd Round,Hard,Mannarino A.,Querrey S.,64.0,34.0,2.2,1.61,2.37,1.66,2.38,1.72
2016-03-26,Sony Ericsson Open,2nd Round,Hard,Smyczek T.,Isner J.,132.0,13.0,6.5,1.11,7.55,1.12,7.55,1.15
2016-03-26,Sony Ericsson Open,2nd Round,Hard,Bautista R.,Bedene A.,18.0,57.0,1.2,4.33,1.25,4.46,1.29,4.64
2016-03-26,Sony Ericsson Open,2nd Round,Hard,Kyrgios N.,Baghdatis M.,26.0,40.0,1.4,2.75,1.49,2.85,1.5,2.9
2016-03-26,Sony Ericsson Open,2nd Round,Hard,Cuevas P.,Millman J.,25.0,69.0,1.66,2.1,1.73,2.24,1.77,2.24
2016-03-26,Sony Ericsson Open,2nd Round,Hard,Dimitrov G.,Delbonis F.,28.0,48.0,1.28,3.5,1.35,3.52,1.35,4.0
2016-03-26,Sony Ericsson Open,2nd Round,Hard,Dzumhur D.,Nadal R.,94.0,5.0,11.0,1.05,13.09,1.05,13.09,1.06
2016-03-26,Sony Ericsson Open,2nd Round,Hard,Kukushkin M.,Bellucci T.,90.0,35.0,1.53,2.37,1.61,2.48,1.61,2.6
2016-03-26,Sony Ericsson Open,2nd Round,Hard,Sock J.,Stakhovsky S.,24.0,115.0,1.25,3.75,1.29,4.01,1.29,4.15
2016-03-26,Sony Ericsson Open,2nd Round,Hard,Kuznetsov An.,Wawrinka S.,51.0,4.0,4.33,1.2,4.61,1.24,4.75,1.25
2016-03-26,Sony Ericsson Open,2nd Round,Hard,Dolgopolov O.,Seppi A.,29.0,43.0,1.4,2.75,1.45,3.0,1.46,3.5
2016-03-26,Sony Ericsson Open,2nd Round,Hard,Raonic M.,Kudla D.,12.0,63.0,1.1,7.0,1.12,7.73,1.13,8.0
2016-03-26,Sony Ericsson Open,2nd Round,Hard,Nishikori K.,Herbert P.H,6.0,106.0,1.12,6.0,1.15,6.35,1.17,6.35
2016-03-26,Sony Ericsson Open,2nd Round,Hard,Djokovic N.,Edmund K.,1.0,87.0,1.01,23.0,1.01,29.16,1.02,29.5
2016-03-26,Sony Ericsson Open,2nd Round,Hard,Gasquet R.,Ramos-Vinolas A.,10.0,50.0,1.18,4.5,1.19,5.5,1.25,5.5
2016-03-26,Sony Ericsson Open,2nd Round,Hard,Monfils G.,Ito T.,16.0,120.0,1.14,5.5,1.13,7.21,1.15,7.37
2016-03-27,Sony Ericsson Open,3rd Round,Hard,Djokovic N.,Sousa J.,1.0,38.0,1.01,26.0,1.01,34.0,1.02,34.0
2016-03-27,Sony Ericsson Open,3rd Round,Hard,Simon G.,Cilic M.,19.0,11.0,2.2,1.61,2.2,1.77,2.25,1.78
2016-03-27,Sony Ericsson Open,3rd Round,Hard,Gasquet R.,Paire B.,10.0,22.0,1.22,4.0,1.27,4.35,1.29,4.35
2016-03-27,Sony Ericsson Open,3rd Round,Hard,Zeballos H.,Verdasco F.,112.0,65.0,4.33,1.2,4.76,1.24,4.76,1.25
2016-03-27,Sony Ericsson Open,2nd Round,Hard,Murray A.,Istomin D.,2.0,76.0,1.04,13.0,1.03,17.41,1.05,17.5
2016-03-27,Sony Ericsson Open,3rd Round,Hard,Thiem D.,Nishioka Y.,14.0,124.0,1.14,5.5,1.13,7.29,1.15,7.29
2016-03-27,Sony Ericsson Open,3rd Round,Hard,Berdych T.,Johnson S.,7.0,36.0,1.22,4.0,1.23,4.8,1.26,4.8
2016-03-27,Sony Ericsson Open,2nd Round,Hard,Tsonga J.W.,Giraldo S.,9.0,83.0,1.1,7.0,1.13,7.38,1.13,7.5
2016-03-27,Sony Ericsson Open,3rd Round,Hard,Goffin D.,Troicki V.,15.0,21.0,1.36,3.0,1.4,3.28,1.42,3.28
2016-03-28,Sony Ericsson Open,3rd Round,Hard,Monfils G.,Cuevas P.,16.0,25.0,1.28,3.5,1.38,3.39,1.38,3.5
2016-03-28,Sony Ericsson Open,3rd Round,Hard,Kyrgios N.,Smyczek T.,26.0,132.0,1.14,5.5,1.15,6.61,1.18,6.65
2016-03-28,Sony Ericsson Open,3rd Round,Hard,Dimitrov G.,Murray A.,28.0,2.0,5.0,1.16,5.53,1.19,5.55,1.25
2016-03-28,Sony Ericsson Open,3rd Round,Hard,Nishikori K.,Dolgopolov O.,6.0,29.0,1.22,4.0,1.29,4.04,1.3,4.35
2016-03-28,Sony Ericsson Open,3rd Round,Hard,Bautista R.,Tsonga J.W.,18.0,9.0,3.0,1.36,2.83,1.5,3.0,1.5
2016-03-28,Sony Ericsson Open,3rd Round,Hard,Pouille L.,Ferrer D.,88.0,8.0,6.0,1.12,7.0,1.14,7.0,1.16
2016-03-28,Sony Ericsson Open,3rd Round,Hard,Kuznetsov An.,Mannarino A.,51.0,64.0,1.53,2.37,1.58,2.58,1.6,2.58
2016-03-29,Sony Ericsson Open,3rd Round,Hard,Dzumhur D.,Kukushkin M.,94.0,90.0,3.0,1.4,3.08,1.44,3.25,1.45
2016-03-29,Sony Ericsson Open,3rd Round,Hard,Raonic M.,Sock J.,12.0,24.0,1.4,3.0,1.41,3.21,1.41,3.4
2016-03-29,Sony Ericsson Open,4th Round,Hard,Goffin D.,Zeballos H.,15.0,112.0,1.08,8.0,1.1,9.05,1.12,9.4
2016-03-29,Sony Ericsson Open,4th Round,Hard,Berdych T.,Gasquet R.,7.0,10.0,1.66,2.2,1.7,2.31,1.76,2.34
2016-03-29,Sony Ericsson Open,4th Round,Hard,Simon G.,Pouille L.,19.0,88.0,1.28,3.75,1.28,4.14,1.31,4.14
2016-03-29,Sony Ericsson Open,4th Round,Hard,Kyrgios N.,Kuznetsov An.,26.0,51.0,1.28,3.75,1.34,3.62,1.34,3.75
2016-03-29,Sony Ericsson Open,4th Round,Hard,Djokovic N.,Thiem D.,1.0,14.0,1.1,7.0,1.13,7.65,1.13,8.0
2016-03-29,Sony Ericsson Open,4th Round,Hard,Raonic M.,Dzumhur D.,12.0,94.0,1.08,8.0,1.1,9.05,1.1,9.4
2016-03-30,Sony Ericsson Open,4th Round,Hard,Monfils G.,Dimitrov G.,16.0,28.0,1.61,2.3,1.61,2.5,1.65,2.5
2016-03-30,Sony Ericsson Open,4th Round,Hard,Nishikori K.,Bautista R.,6.0,18.0,1.25,4.0,1.29,4.11,1.29,4.33
2016-03-30,Sony Ericsson Open,Quarterfinals,Hard,Goffin D.,Simon G.,15.0,19.0,1.8,2.0,1.83,2.11,1.83,2.14
2016-03-31,Sony Ericsson Open,Quarterfinals,Hard,Nishikori K.,Monfils G.,6.0,16.0,1.36,3.25,1.43,3.1,1.43,3.25
2016-03-31,Sony Ericsson Open,Quarterfinals,Hard,Djokovic N.,Berdych T.,1.0,7.0,1.08,8.0,1.1,9.18,1.13,9.18
2016-04-01,Sony Ericsson Open,Quarterfinals,Hard,Kyrgios N.,Raonic M.,26.0,12.0,2.37,1.57,2.36,1.68,2.5,1.68
2016-04-01,Sony Ericsson Open,Semifinals,Hard,Djokovic N.,Goffin D.,1.0,15.0,1.07,9.0,1.09,9.88,1.09,10.65
2016-04-02,Sony Ericsson Open,Semifinals,Hard,Nishikori K.,Kyrgios N.,6.0,26.0,1.8,2.0,1.92,2.01,2.05,1.97
2016-04-03,Sony Ericsson Open,The Final,Hard,Djokovic N.,Nishikori K.,1.0,6.0,1.14,5.5,1.18,5.84,1.2,6.0
2016-04-04,Grand Prix Hassan II,1st Round,Clay,Montanes A.,Skugor F.,123.0,151.0,1.83,1.83,2.16,1.77,2.17,1.91
2016-04-04,Grand Prix Hassan II,1st Round,Clay,Bagnis F.,Ouahab L.,95.0,320.0,1.5,2.5,1.56,2.57,1.61,2.75
2016-04-04,Grand Prix Hassan II,1st Round,Clay,Mektic N.,El Amrani R.,312.0,,1.11,6.5,1.18,5.47,1.18,6.5
2016-04-04,Grand Prix Hassan II,1st Round,Clay,Gonzalez M.,Munoz De La Nava D.,147.0,75.0,2.1,1.66,2.15,1.78,2.2,1.8
2016-04-04,U.S. Men's Clay Court Championships,1st Round,Clay,Kudla D.,Zverev M.,59.0,164.0,2.25,1.57,2.42,1.63,2.42,1.63
2016-04-04,U.S. Men's Clay Court Championships,1st Round,Clay,Chung H.,Estrella Burgos V.,71.0,69.0,1.72,2.0,1.81,2.09,1.81,2.12
2016-04-05,Grand Prix Hassan II,1st Round,Clay,Mathieu P.H.,Ramos-Vinolas A.,63.0,50.0,2.62,1.44,2.8,1.49,2.85,1.67
2016-04-05,Grand Prix Hassan II,1st Round,Clay,Bolelli S.,Daniel T.,84.0,91.0,1.72,2.0,1.93,1.96,1.93,2.1
2016-04-05,Grand Prix Hassan II,1st Round,Clay,Vesely J.,Cervantes I.,55.0,56.0,1.8,1.9,1.85,2.05,2.0,2.05
2016-04-05,Grand Prix Hassan II,1st Round,Clay,Istomin D.,Giustino L.,72.0,257.0,1.4,2.75,1.53,2.67,1.53,2.8
2016-04-05,Grand Prix Hassan II,1st Round,Clay,De Bakker T.,Ahouda A.,105.0,834.0,1.02,19.0,1.02,20.52,1.03,24.0
2016-04-05,Grand Prix Hassan II,1st Round,Clay,Almagro N.,Albot R.,62.0,156.0,1.2,4.33,1.19,5.32,1.25,5.32
2016-04-05,Grand Prix Hassan II,1st Round,Clay,Gimeno-Traver D.,Gabashvili T.,102.0,51.0,1.9,1.8,1.99,1.9,2.1,1.91
2016-04-05,U.S. Men's Clay Court Championships,1st Round,Clay,Monaco J.,Melzer G.,148.0,117.0,1.36,3.0,1.33,3.62,1.4,3.62
2016-04-05,U.S. Men's Clay Court Championships,1st Round,Clay,Baghdatis M.,Schwartzman D.,39.0,88.0,2.5,1.5,2.71,1.52,2.71,1.57
2016-04-05,U.S. Men's Clay Court Championships,1st Round,Clay,Smyczek T.,Kicker N.,125.0,159.0,1.72,2.0,1.8,2.11,2.0,2.15
2016-04-05,U.S. Men's Clay Court Championships,1st Round,Clay,Young D.,Johnson S.,85.0,33.0,3.0,1.36,3.15,1.4,3.33,1.44
2016-04-05,U.S. Men's Clay Court Championships,1st Round,Clay,Paul T.,Lorenzi P.,200.0,53.0,2.25,1.57,2.7,1.52,2.7,1.62
2016-04-05,U.S. Men's Clay Court Championships,1st Round,Clay,Querrey S.,Opelka R.,35.0,134.0,1.14,5.5,1.15,6.18,1.17,6.18
2016-04-05,U.S. Men's Clay Court Championships,1st Round,Clay,Becker B.,Berrer M.,97.0,109.0,1.53,2.37,1.67,2.33,1.67,2.5
2016-04-05,U.S. Men's Clay Court Championships,1st Round,Clay,Barton M.,Tiafoe F.,270.0,174.0,2.5,1.5,2.31,1.68,2.6,1.68
2016-04-05,U.S. Men's Clay Court Championships,1st Round,Clay,Lacko L.,Tursunov D.,114.0,496.0,3.0,1.36,3.39,1.36,3.39,1.44
2016-04-06,Grand Prix Hassan II,2nd Round,Clay,Coric B.,Bolelli S.,48.0,84.0,1.44,2.62,1.55,2.64,1.55,2.9
2016-04-06,Grand Prix Hassan II,2nd Round,Clay,Mathieu P.H.,Gonzalez M.,63.0,147.0,1.5,2.5,1.58,2.54,1.59,2.75
2016-04-06,Grand Prix Hassan II,2nd Round,Clay,Bagnis F.,Sousa J.,95.0,36.0,2.2,1.61,2.3,1.69,2.38,1.7
2016-04-06,Grand Prix Hassan II,2nd Round,Clay,Montanes A.,Gimeno-Traver D.,123.0,102.0,2.2,1.61,2.57,1.57,2.57,1.65
2016-04-06,Grand Prix Hassan II,1st Round,Clay,Carreno Busta P.,Donskoy E.,52.0,67.0,1.25,3.75,1.28,4.06,1.33,4.1
2016-04-06,U.S. Men's Clay Court Championships,2nd Round,Clay,Monaco J.,Paire B.,148.0,22.0,1.61,2.2,1.65,2.39,1.71,2.39
2016-04-06,U.S. Men's Clay Court Championships,2nd Round,Clay,Querrey S.,Becker B.,35.0,97.0,1.33,3.25,1.31,3.81,1.36,3.81
2016-04-06,U.S. Men's Clay Court Championships,1st Round,Clay,Verdasco F.,Berlocq C.,77.0,154.0,1.5,2.5,1.55,2.61,1.57,2.65
2016-04-07,Grand Prix Hassan II,2nd Round,Clay,Garcia-Lopez G.,Almagro N.,38.0,62.0,2.37,1.53,2.73,1.52,2.73,1.59
2016-04-07,Grand Prix Hassan II,2nd Round,Clay,Delbonis F.,De Bakker T.,47.0,105.0,1.2,4.33,1.26,4.34,1.27,4.4
2016-04-07,Grand Prix Hassan II,2nd Round,Clay,Carreno Busta P.,Istomin D.,52.0,72.0,1.28,3.5,1.31,3.8,1.33,3.8
2016-04-07,Grand Prix Hassan II,2nd Round,Clay,Vesely J.,Mektic N.,55.0,312.0,1.16,5.0,1.17,6.02,1.2,6.02
2016-04-07,U.S. Men's Clay Court Championships,2nd Round,Clay,Isner J.,Kudla D.,15.0,59.0,1.22,4.0,1.24,4.61,1.29,4.63
2016-04-07,U.S. Men's Clay Court Championships,2nd Round,Clay,Smyczek T.,Young D.,125.0,85.0,2.5,1.5,2.87,1.48,2.87,1.6
2016-04-07,U.S. Men's Clay Court Championships,2nd Round,Clay,Lopez F.,Lacko L.,24.0,114.0,1.2,4.33,1.19,5.42,1.26,5.42
2016-04-07,U.S. Men's Clay Court Championships,2nd Round,Clay,Sock J.,Barton M.,25.0,270.0,1.14,5.5,1.15,6.45,1.2,6.45
2016-04-07,U.S. Men's Clay Court Championships,2nd Round,Clay,Chung H.,Paul T.,71.0,200.0,1.66,2.1,1.61,2.47,1.8,2.5
2016-04-08,U.S. Men's Clay Court Championships,2nd Round,Clay,Baghdatis M.,Verdasco F.,39.0,77.0,2.25,1.57,2.33,1.68,2.41,1.68
2016-04-08,U.S. Men's Clay Court Championships,Quarterfinals,Clay,Monaco J.,Querrey S.,148.0,35.0,1.83,1.83,1.91,2.02,1.95,2.02
2016-04-08,U.S. Men's Clay Court Championships,Quarterfinals,Clay,Lopez F.,Smyczek T.,24.0,125.0,1.25,3.75,1.27,4.26,1.3,4.26
2016-04-08,Grand Prix Hassan II,Quarterfinals,Clay,Montanes A.,Bagnis F.,123.0,95.0,3.5,1.28,3.66,1.34,3.66,1.4
2016-04-08,Grand Prix Hassan II,Quarterfinals,Clay,Coric B.,Mathieu P.H.,48.0,63.0,1.66,2.1,1.79,2.17,1.83,2.2
2016-04-08,Grand Prix Hassan II,Quarterfinals,Clay,Delbonis F.,Carreno Busta P.,47.0,52.0,1.72,2.0,1.75,2.24,1.83,2.24
2016-04-08,Grand Prix Hassan II,Quarterfinals,Clay,Vesely J.,Garcia-Lopez G.,55.0,38.0,2.37,1.53,2.32,1.7,2.75,1.7
2016-04-09,Grand Prix Hassan II,Semifinals,Clay,Coric B.,Vesely J.,48.0,55.0,1.72,2.1,1.88,2.04,1.88,2.2
2016-04-09,U.S. Men's Clay Court Championships,Quarterfinals,Clay,Isner J.,Chung H.,15.0,71.0,1.18,4.5,1.23,4.88,1.3,4.88
2016-04-09,U.S. Men's Clay Court Championships,Quarterfinals,Clay,Sock J.,Baghdatis M.,25.0,39.0,1.44,2.62,1.53,2.73,1.54,2.73
2016-04-09,U.S. Men's Clay Court Championships,Semifinals,Clay,Monaco J.,Lopez F.,148.0,24.0,2.0,1.8,2.07,1.86,2.09,1.86
2016-04-09,U.S. Men's Clay Court Championships,Semifinals,Clay,Sock J.,Isner J.,25.0,15.0,1.8,2.0,1.83,2.11,1.91,2.12
2016-04-09,Grand Prix Hassan II,Semifinals,Clay,Delbonis F.,Montanes A.,47.0,123.0,1.25,4.0,1.29,4.1,1.3,4.2
2016-04-10,Monte Carlo Masters,1st Round,Clay,Simon G.,Troicki V.,18.0,24.0,1.28,3.5,1.33,3.69,1.36,3.85
2016-04-10,Monte Carlo Masters,1st Round,Clay,Chardy J.,Kuznetsov An.,33.0,46.0,3.0,1.36,3.17,1.41,3.27,1.45
2016-04-10,U.S. Men's Clay Court Championships,The Final,Clay,Monaco J.,Sock J.,148.0,25.0,2.75,1.44,2.9,1.48,3.1,1.5
2016-04-10,Grand Prix Hassan II,The Final,Clay,Delbonis F.,Coric B.,47.0,48.0,1.53,2.5,1.58,2.57,1.6,2.6
2016-04-11,Monte Carlo Masters,1st Round,Clay,Carreno Busta P.,Robert S.,51.0,121.0,1.3,3.4,1.32,3.74,1.35,3.74
2016-04-11,Monte Carlo Masters,1st Round,Clay,Pouille L.,Mahut N.,82.0,48.0,1.44,2.62,1.52,2.73,1.61,2.73
2016-04-11,Monte Carlo Masters,1st Round,Clay,Thiem D.,Struff J.L.,14.0,115.0,1.12,6.0,1.12,7.41,1.13,7.41
2016-04-11,Monte Carlo Masters,1st Round,Clay,Paire B.,Cervantes I.,22.0,56.0,1.5,2.5,1.57,2.57,1.62,2.65
2016-04-11,Monte Carlo Masters,1st Round,Clay,Raonic M.,Cecchinato M.,12.0,98.0,1.04,13.0,1.05,13.9,1.06,13.9
2016-04-11,Monte Carlo Masters,1st Round,Clay,Gasquet R.,Almagro N.,10.0,64.0,1.36,3.0,1.36,3.44,1.44,3.44
2016-04-11,Monte Carlo Masters,1st Round,Clay,Monfils G.,Muller G.,16.0,43.0,1.16,5.0,1.15,6.35,1.2,6.35
2016-04-11,Monte Carlo Masters,1st Round,Clay,Herbert P.H,Pella G.,95.0,47.0,2.75,1.4,3.17,1.41,3.2,1.48
2016-04-11,Monte Carlo Masters,1st Round,Clay,Dimitrov G.,Krajinovic F.,26.0,110.0,1.18,4.5,1.23,4.72,1.23,5.0
2016-04-11,Monte Carlo Masters,1st Round,Clay,Bedene A.,Rosol L.,60.0,61.0,1.83,1.83,1.87,2.04,1.87,2.04
2016-04-11,Monte Carlo Masters,1st Round,Clay,Garcia-Lopez G.,Bellucci T.,38.0,35.0,1.83,1.83,2.02,1.88,2.02,2.25
2016-04-11,Monte Carlo Masters,1st Round,Clay,Bautista Agut R.,Ramos-Vinolas A.,17.0,50.0,1.36,3.0,1.49,2.84,1.49,3.4
2016-04-11,Monte Carlo Masters,1st Round,Clay,Zverev A.,Rublev A.,54.0,157.0,1.3,3.4,1.34,3.6,1.34,3.85
2016-04-12,Monte Carlo Masters,2nd Round,Clay,Bautista Agut R.,Chardy J.,17.0,33.0,1.4,2.75,1.45,3.0,1.51,3.05
2016-04-12,Monte Carlo Masters,2nd Round,Clay,Tsonga J.W.,Carreno Busta P.,9.0,51.0,1.33,3.25,1.35,3.54,1.36,3.7
2016-04-12,Monte Carlo Masters,2nd Round,Clay,Federer R.,Garcia-Lopez G.,3.0,38.0,1.14,5.5,1.15,6.58,1.17,6.58
2016-04-12,Monte Carlo Masters,2nd Round,Clay,Murray A.,Herbert P.H,2.0,95.0,1.08,8.0,1.08,9.94,1.09,10.05
2016-04-12,Monte Carlo Masters,2nd Round,Clay,Simon G.,Dimitrov G.,18.0,26.0,1.8,1.9,1.86,2.05,1.86,2.12
2016-04-12,Monte Carlo Masters,1st Round,Clay,Lorenzi P.,Fognini F.,53.0,31.0,2.75,1.4,3.02,1.44,3.02,1.5
2016-04-12,Monte Carlo Masters,1st Round,Clay,Verdasco F.,Delbonis F.,88.0,36.0,2.2,1.61,2.29,1.7,2.29,1.73
2016-04-12,Monte Carlo Masters,1st Round,Clay,Goffin D.,Lopez F.,13.0,23.0,1.25,3.75,1.26,4.3,1.3,4.3
2016-04-12,Monte Carlo Masters,1st Round,Clay,Daniel T.,Mannarino A.,90.0,73.0,1.57,2.25,1.7,2.29,1.73,2.35
2016-04-12,Monte Carlo Masters,1st Round,Clay,Kohlschreiber P.,Coric B.,28.0,42.0,1.36,3.0,1.42,3.11,1.42,3.5
2016-04-12,Monte Carlo Masters,1st Round,Clay,Dzumhur D.,Haase R.,99.0,62.0,1.4,2.75,1.53,2.68,1.53,2.75
2016-04-12,Monte Carlo Masters,1st Round,Clay,Vesely J.,Gabashvili T.,55.0,52.0,1.4,2.75,1.45,2.97,1.47,2.97
2016-04-12,Monte Carlo Masters,1st Round,Clay,Sousa J.,Karlovic I.,34.0,30.0,1.3,3.4,1.34,3.59,1.37,3.59
2016-04-12,Monte Carlo Masters,1st Round,Clay,Cuevas P.,Gimeno-Traver D.,25.0,131.0,1.25,3.75,1.24,4.61,1.29,4.61
2016-04-13,Monte Carlo Masters,2nd Round,Clay,Monfils G.,Lorenzi P.,16.0,53.0,1.12,6.0,1.14,6.97,1.14,7.05
2016-04-13,Monte Carlo Masters,2nd Round,Clay,Pouille L.,Gasquet R.,82.0,10.0,5.0,1.16,6.02,1.17,6.02,1.19
2016-04-13,Monte Carlo Masters,2nd Round,Clay,Granollers M.,Zverev A.,67.0,54.0,3.0,1.36,2.95,1.46,3.3,1.46
2016-04-13,Monte Carlo Masters,2nd Round,Clay,Vesely J.,Djokovic N.,55.0,1.0,23.0,1.01,24.52,1.02,28.75,1.02
2016-04-13,Monte Carlo Masters,2nd Round,Clay,Goffin D.,Verdasco F.,13.0,88.0,1.33,3.25,1.4,3.22,1.43,3.4
2016-04-13,Monte Carlo Masters,2nd Round,Clay,Paire B.,Sousa J.,22.0,34.0,1.83,1.83,2.11,1.81,2.11,1.91
2016-04-13,Monte Carlo Masters,2nd Round,Clay,Nadal R.,Bedene A.,5.0,60.0,1.06,10.0,1.06,12.02,1.08,12.02
2016-04-13,Monte Carlo Masters,2nd Round,Clay,Thiem D.,Daniel T.,14.0,90.0,1.07,7.5,1.11,8.05,1.12,8.05
2016-04-13,Monte Carlo Masters,2nd Round,Clay,Wawrinka S.,Kohlschreiber P.,4.0,28.0,1.4,2.75,1.47,2.9,1.47,3.04
2016-04-13,Monte Carlo Masters,2nd Round,Clay,Dzumhur D.,Berdych T.,99.0,7.0,6.0,1.12,5.77,1.17,7.0,1.17
2016-04-13,Monte Carlo Masters,2nd Round,Clay,Raonic M.,Cuevas P.,12.0,25.0,1.4,2.75,1.41,3.17,1.48,3.2
2016-04-14,Monte Carlo Masters,3rd Round,Clay,Tsonga J.W.,Pouille L.,9.0,82.0,1.33,3.4,1.36,3.5,1.4,3.59
2016-04-14,Monte Carlo Masters,3rd Round,Clay,Granollers M.,Goffin D.,67.0,13.0,4.33,1.22,4.76,1.24,5.0,1.25
2016-04-14,Monte Carlo Masters,3rd Round,Clay,Federer R.,Bautista Agut R.,3.0,17.0,1.18,4.5,1.22,5.05,1.22,5.25
2016-04-14,Monte Carlo Masters,3rd Round,Clay,Monfils G.,Vesely J.,16.0,55.0,1.25,4.0,1.28,4.22,1.29,4.45
2016-04-14,Monte Carlo Masters,3rd Round,Clay,Wawrinka S.,Simon G.,4.0,18.0,1.44,2.75,1.46,3.0,1.46,3.25
2016-04-14,Monte Carlo Masters,3rd Round,Clay,Murray A.,Paire B.,2.0,22.0,1.25,4.0,1.24,4.65,1.28,5.0
2016-04-14,Monte Carlo Masters,3rd Round,Clay,Raonic M.,Dzumhur D.,12.0,99.0,1.25,4.0,1.27,4.35,1.29,4.5
2016-04-14,Monte Carlo Masters,3rd Round,Clay,Nadal R.,Thiem D.,5.0,14.0,1.3,3.5,1.32,3.84,1.4,3.9
2016-04-15,Monte Carlo Masters,Quarterfinals,Clay,Murray A.,Raonic M.,2.0,12.0,1.36,3.25,1.42,3.16,1.42,3.3
2016-04-15,Monte Carlo Masters,Quarterfinals,Clay,Nadal R.,Wawrinka S.,5.0,4.0,1.72,2.1,1.8,2.15,1.82,2.23
2016-04-15,Monte Carlo Masters,Quarterfinals,Clay,Tsonga J.W.,Federer R.,9.0,3.0,3.4,1.33,3.73,1.33,3.73,1.36
2016-04-15,Monte Carlo Masters,Quarterfinals,Clay,Monfils G.,Granollers M.,16.0,67.0,1.2,4.5,1.24,4.76,1.25,5.0
2016-04-16,Monte Carlo Masters,Semifinals,Clay,Nadal R.,Murray A.,5.0,2.0,1.4,3.0,1.41,3.2,1.44,3.3
2016-04-16,Monte Carlo Masters,Semifinals,Clay,Monfils G.,Tsonga J.W.,16.0,9.0,1.72,2.1,1.79,2.16,1.8,2.2
2016-04-17,Monte Carlo Masters,The Final,Clay,Nadal R.,Monfils G.,5.0,16.0,1.28,3.75,1.3,4.0,1.31,4.33
2016-04-18,Open Banco Sabadell,1st Round,Clay,Donskoy E.,Bagnis F.,68.0,97.0,2.75,1.4,2.64,1.54,2.9,1.54
2016-04-18,BRD Nastase Tiriac Trophy,1st Round,Clay,Dzumhur D.,Copil M.,82.0,186.0,1.36,3.0,1.39,3.24,1.4,3.43
2016-04-18,BRD Nastase Tiriac Trophy,1st Round,Clay,Daniel T.,Linzer M.,85.0,266.0,1.25,3.75,1.28,4.0,1.3,4.23
2016-04-18,BRD Nastase Tiriac Trophy,1st Round,Clay,Pella G.,Ungur A.,46.0,193.0,1.28,3.5,1.31,3.77,1.33,4.0
2016-04-18,Open Banco Sabadell,1st Round,Clay,Zverev A.,Struff J.L.,51.0,113.0,1.36,3.0,1.37,3.32,1.42,3.43
2016-04-18,Open Banco Sabadell,1st Round,Clay,Gabashvili T.,Almagro N.,54.0,66.0,3.25,1.33,3.45,1.35,3.45,1.38
2016-04-18,BRD Nastase Tiriac Trophy,1st Round,Clay,Edmund K.,Rosol L.,92.0,61.0,1.9,1.8,1.96,1.93,2.05,1.93
2016-04-18,Open Banco Sabadell,1st Round,Clay,Khachanov K.,Bedene A.,138.0,59.0,3.0,1.36,3.05,1.43,3.15,1.43
2016-04-18,Open Banco Sabadell,1st Round,Clay,Montanes A.,Carballes Baena R.,104.0,118.0,1.53,2.37,1.74,2.2,1.74,2.75
2016-04-18,Open Banco Sabadell,1st Round,Clay,Estrella Burgos V.,Kukushkin M.,78.0,89.0,2.2,1.61,2.21,1.74,2.21,1.76
2016-04-18,Open Banco Sabadell,1st Round,Clay,Stepanek R.,Giraldo S.,159.0,91.0,2.1,1.66,2.21,1.74,2.21,1.76
2016-04-18,Open Banco Sabadell,1st Round,Clay,Jaziri M.,Chung H.,76.0,71.0,3.0,1.36,3.13,1.41,3.13,1.41
2016-04-18,Open Banco Sabadell,1st Round,Clay,Cervantes I.,Skugor F.,57.0,146.0,1.57,2.25,1.59,2.5,1.67,2.5
2016-04-19,Open Banco Sabadell,1st Round,Clay,Dodig I.,Cachin P.,79.0,242.0,1.72,2.0,1.68,2.3,1.87,2.3
2016-04-19,BRD Nastase Tiriac Trophy,1st Round,Clay,Albot R.,Mathieu P.H.,156.0,60.0,3.0,1.36,3.26,1.38,3.26,1.41
2016-04-19,BRD Nastase Tiriac Trophy,1st Round,Clay,Verdasco F.,Setkic A.,86.0,208.0,1.12,6.0,1.14,6.75,1.17,7.5
2016-04-19,BRD Nastase Tiriac Trophy,1st Round,Clay,Marchenko I.,Sela D.,70.0,77.0,1.53,2.37,1.63,2.41,1.63,2.48
2016-04-19,BRD Nastase Tiriac Trophy,1st Round,Clay,Haase R.,Arnaboldi A.,64.0,170.0,1.61,2.2,1.71,2.25,1.71,2.38
2016-04-19,BRD Nastase Tiriac Trophy,1st Round,Clay,Cecchinato M.,Baghdatis M.,99.0,39.0,3.5,1.28,3.5,1.34,3.7,1.34
2016-04-19,Open Banco Sabadell,1st Round,Clay,Youzhny M.,Ram R.,74.0,56.0,1.22,4.0,1.26,4.22,1.27,4.6
2016-04-19,BRD Nastase Tiriac Trophy,1st Round,Clay,Lorenzi P.,Schwartzman D.,52.0,90.0,1.66,2.1,1.72,2.23,1.75,2.3
2016-04-19,BRD Nastase Tiriac Trophy,1st Round,Clay,Pouille L.,Lajovic D.,72.0,67.0,1.61,2.2,1.76,2.16,1.79,2.25
2016-04-19,Open Banco Sabadell,1st Round,Clay,Fucsovics M.,Gulbis E.,212.0,83.0,2.37,1.53,2.5,1.59,2.55,1.59
2016-04-19,Open Banco Sabadell,1st Round,Clay,Carreno Busta P.,Istomin D.,49.0,73.0,1.18,4.5,1.22,4.74,1.23,4.74
2016-04-19,BRD Nastase Tiriac Trophy,1st Round,Clay,Gimeno-Traver D.,Mannarino A.,125.0,75.0,1.28,3.5,1.41,3.14,1.41,3.75
2016-04-19,Open Banco Sabadell,2nd Round,Clay,Chardy J.,Estrella Burgos V.,33.0,78.0,1.4,2.75,1.39,3.27,1.44,3.35
2016-04-19,Open Banco Sabadell,2nd Round,Clay,Paire B.,Gabashvili T.,22.0,54.0,1.53,2.37,1.58,2.54,1.59,2.55
2016-04-19,Open Banco Sabadell,2nd Round,Clay,Khachanov K.,Bautista Agut R.,138.0,17.0,8.0,1.07,9.35,1.09,9.35,1.11
2016-04-19,Open Banco Sabadell,2nd Round,Clay,Dolgopolov O.,Donskoy E.,30.0,68.0,1.25,3.75,1.32,3.74,1.32,3.75
2016-04-19,Open Banco Sabadell,1st Round,Clay,Ramos-Vinolas A.,Munar J.,55.0,425.0,1.1,7.0,1.08,9.69,1.11,9.69
2016-04-19,Open Banco Sabadell,1st Round,Clay,De Bakker T.,Ymer E.,102.0,123.0,2.1,1.66,2.33,1.67,2.35,1.73
2016-04-19,Open Banco Sabadell,1st Round,Clay,Granollers M.,Munoz De La Nava D.,50.0,96.0,1.36,3.0,1.43,3.05,1.43,3.4
2016-04-20,Open Banco Sabadell,2nd Round,Clay,Nishikori K.,De Bakker T.,6.0,102.0,1.08,7.0,1.08,10.44,1.1,10.44
2016-04-20,Open Banco Sabadell,2nd Round,Clay,Kohlschreiber P.,Carreno Busta P.,27.0,49.0,1.44,2.62,1.53,2.7,1.53,2.7
2016-04-20,Open Banco Sabadell,2nd Round,Clay,Fognini F.,Youzhny M.,31.0,74.0,1.5,2.5,1.55,2.64,1.57,2.64
2016-04-20,Open Banco Sabadell,2nd Round,Clay,Troicki V.,Fucsovics M.,24.0,212.0,1.33,3.25,1.42,3.14,1.42,3.4
2016-04-20,Open Banco Sabadell,2nd Round,Clay,Zverev A.,Bellucci T.,51.0,35.0,1.4,2.75,1.53,2.7,1.53,2.8
2016-04-20,Open Banco Sabadell,2nd Round,Clay,Jaziri M.,Olivo R.,76.0,167.0,1.61,2.2,1.74,2.22,1.74,2.55
2016-04-20,Open Banco Sabadell,2nd Round,Clay,Cuevas P.,Ramos-Vinolas A.,25.0,55.0,1.4,2.75,1.42,3.11,1.46,3.11
2016-04-20,Open Banco Sabadell,2nd Round,Clay,Lopez F.,Dodig I.,23.0,79.0,1.44,2.62,1.53,2.68,1.57,2.7
2016-04-20,Open Banco Sabadell,2nd Round,Clay,Stepanek R.,Roger-Vasselin E.,159.0,191.0,1.5,2.5,1.59,2.52,1.59,2.75
2016-04-20,Open Banco Sabadell,2nd Round,Clay,Kuznetsov An.,Cervantes I.,47.0,57.0,1.36,3.0,1.46,2.95,1.46,3.0
2016-04-20,Open Banco Sabadell,2nd Round,Clay,Nadal R.,Granollers M.,5.0,50.0,1.05,11.0,1.07,11.52,1.07,11.75
2016-04-20,Open Banco Sabadell,2nd Round,Clay,Montanes A.,Sousa J.,104.0,34.0,2.25,1.57,2.3,1.69,2.35,1.71
2016-04-21,BRD Nastase Tiriac Trophy,2nd Round,Clay,Pella G.,Gimeno-Traver D.,46.0,125.0,1.53,2.37,1.6,2.5,1.6,2.55
2016-04-21,BRD Nastase Tiriac Trophy,2nd Round,Clay,Delbonis F.,Marchenko I.,40.0,70.0,1.16,5.0,1.18,5.55,1.2,5.55
2016-04-21,BRD Nastase Tiriac Trophy,2nd Round,Clay,Lorenzi P.,Daniel T.,52.0,85.0,1.57,2.25,1.66,2.37,1.67,2.38
2016-04-21,BRD Nastase Tiriac Trophy,2nd Round,Clay,Haase R.,Tomic B.,64.0,21.0,2.0,1.72,1.99,1.92,2.11,1.92
2016-04-21,BRD Nastase Tiriac Trophy,2nd Round,Clay,Verdasco F.,Albot R.,86.0,156.0,1.2,4.33,1.24,4.54,1.25,4.7
2016-04-21,BRD Nastase Tiriac Trophy,2nd Round,Clay,Garcia-Lopez G.,Edmund K.,37.0,92.0,1.5,2.5,1.61,2.47,1.65,2.58
2016-04-21,BRD Nastase Tiriac Trophy,2nd Round,Clay,Pouille L.,Karlovic I.,72.0,29.0,1.28,3.5,1.33,3.64,1.34,3.64
2016-04-21,BRD Nastase Tiriac Trophy,2nd Round,Clay,Cecchinato M.,Dzumhur D.,99.0,82.0,3.25,1.33,3.64,1.33,3.64,1.37
2016-04-21,Open Banco Sabadell,3rd Round,Clay,Paire B.,Cuevas P.,22.0,25.0,2.37,1.53,2.62,1.56,2.62,1.67
2016-04-21,Open Banco Sabadell,3rd Round,Clay,Kohlschreiber P.,Lopez F.,27.0,23.0,1.36,3.0,1.4,3.22,1.41,3.22
2016-04-21,Open Banco Sabadell,3rd Round,Clay,Kuznetsov An.,Stepanek R.,47.0,159.0,1.25,3.75,1.29,3.97,1.3,3.97
2016-04-21,Open Banco Sabadell,3rd Round,Clay,Dolgopolov O.,Khachanov K.,30.0,138.0,1.3,3.4,1.3,3.92,1.4,3.92
2016-04-21,Open Banco Sabadell,3rd Round,Clay,Nishikori K.,Chardy J.,6.0,33.0,1.16,5.0,1.17,6.02,1.18,6.02
2016-04-21,Open Banco Sabadell,3rd Round,Clay,Jaziri M.,Zverev A.,76.0,51.0,4.5,1.18,5.35,1.19,5.35,1.22
2016-04-21,Open Banco Sabadell,3rd Round,Clay,Fognini F.,Troicki V.,31.0,24.0,1.53,2.37,1.63,2.44,1.63,2.5
2016-04-21,Open Banco Sabadell,3rd Round,Clay,Nadal R.,Montanes A.,5.0,104.0,1.02,19.0,1.03,20.5,1.03,20.5
2016-04-22,BRD Nastase Tiriac Trophy,Quarterfinals,Clay,Verdasco F.,Haase R.,86.0,64.0,1.33,3.25,1.39,3.34,1.43,3.4
2016-04-22,BRD Nastase Tiriac Trophy,Quarterfinals,Clay,Garcia-Lopez G.,Pella G.,37.0,46.0,1.66,2.1,1.83,2.12,1.87,2.2
2016-04-22,Open Banco Sabadell,Quarterfinals,Clay,Kohlschreiber P.,Kuznetsov An.,27.0,47.0,1.44,2.62,1.48,2.91,1.53,2.91
2016-04-22,Open Banco Sabadell,Quarterfinals,Clay,Nadal R.,Fognini F.,5.0,31.0,1.12,6.0,1.15,6.55,1.17,6.7
2016-04-22,Open Banco Sabadell,Quarterfinals,Clay,Nishikori K.,Dolgopolov O.,6.0,30.0,1.14,5.5,1.16,6.46,1.18,6.46
2016-04-22,Open Banco Sabadell,Quarterfinals,Clay,Paire B.,Jaziri M.,22.0,76.0,1.16,4.5,1.27,4.3,1.27,4.5
2016-04-22,BRD Nastase Tiriac Trophy,Quarterfinals,Clay,Pouille L.,Lorenzi P.,72.0,52.0,1.61,2.2,1.73,2.26,1.8,2.28
2016-04-22,BRD Nastase Tiriac Trophy,Quarterfinals,Clay,Delbonis F.,Cecchinato M.,40.0,99.0,1.16,5.0,1.22,5.01,1.22,5.2
2016-04-23,BRD Nastase Tiriac Trophy,Semifinals,Clay,Verdasco F.,Garcia-Lopez G.,86.0,37.0,1.53,2.5,1.62,2.49,1.62,2.53
2016-04-23,Open Banco Sabadell,Semifinals,Clay,Nishikori K.,Paire B.,6.0,22.0,1.16,5.0,1.22,4.96,1.22,5.15
2016-04-23,Open Banco Sabadell,Semifinals,Clay,Nadal R.,Kohlschreiber P.,5.0,27.0,1.11,6.5,1.14,7.21,1.15,7.21
2016-04-23,BRD Nastase Tiriac Trophy,Semifinals,Clay,Pouille L.,Delbonis F.,72.0,40.0,2.75,1.44,2.88,1.49,3.0,1.5
2016-04-24,Open Banco Sabadell,The Final,Clay,Nadal R.,Nishikori K.,5.0,6.0,1.36,3.25,1.4,3.26,1.4,3.5
2016-04-24,BRD Nastase Tiriac Trophy,The Final,Clay,Verdasco F.,Pouille L.,86.0,72.0,1.57,2.37,1.58,2.58,1.58,2.58
2016-04-25,Millenium Estoril Open,1st Round,Clay,Mayer L.,Sousa P.,46.0,368.0,1.25,3.75,1.24,4.55,1.28,4.55
2016-04-25,Istanbul Open,1st Round,Clay,Sela D.,Rublev A.,78.0,163.0,3.0,1.36,3.07,1.42,3.15,1.43
2016-04-25,Istanbul Open,1st Round,Clay,Carballes Baena R.,Ilhan M.,119.0,158.0,1.53,2.37,1.63,2.4,1.63,2.5
2016-04-25,Istanbul Open,1st Round,Clay,Lajovic D.,Olivo R.,69.0,162.0,1.4,2.75,1.37,3.33,1.4,3.55
2016-04-25,Istanbul Open,1st Round,Clay,Ramos-Vinolas A.,Mannarino A.,56.0,77.0,1.28,3.5,1.36,3.38,1.36,3.75
2016-04-25,Istanbul Open,1st Round,Clay,Schwartzman D.,Bagnis F.,87.0,96.0,1.72,2.0,1.78,2.14,1.81,2.14
2016-04-25,BMW Open,1st Round,Clay,Giraldo S.,Zverev M.,97.0,129.0,2.2,1.61,2.28,1.69,2.4,1.71
2016-04-25,BMW Open,1st Round,Clay,Rosol L.,Istomin D.,65.0,73.0,1.53,2.37,1.61,2.44,1.67,2.44
2016-04-25,Istanbul Open,1st Round,Clay,Ungur A.,Krajinovic F.,194.0,110.0,3.0,1.36,3.26,1.38,3.4,1.4
2016-04-25,BMW Open,1st Round,Clay,Bellucci T.,Youzhny M.,35.0,76.0,1.5,2.5,1.51,2.72,1.57,2.72
2016-04-25,Millenium Estoril Open,1st Round,Clay,Coric B.,Arnaboldi A.,40.0,168.0,1.16,5.0,1.17,5.62,1.2,5.62
2016-04-25,Millenium Estoril Open,1st Round,Clay,Almagro N.,Silva F.,71.0,249.0,1.11,6.5,1.13,7.13,1.14,7.13
2016-04-25,Millenium Estoril Open,1st Round,Clay,Robert S.,Fabbiano T.,116.0,108.0,1.57,2.25,1.69,2.29,1.69,2.3
2016-04-25,BMW Open,1st Round,Clay,Dodig I.,Gulbis E.,75.0,83.0,1.66,2.1,1.85,2.05,1.85,2.1
2016-04-26,BMW Open,1st Round,Clay,Kukushkin M.,Donskoy E.,88.0,67.0,1.8,1.9,1.79,2.12,2.1,2.13
2016-04-26,Istanbul Open,1st Round,Clay,Granollers M.,Ilkel C.,53.0,413.0,1.05,11.0,1.04,14.8,1.06,15.0
2016-04-26,Istanbul Open,1st Round,Clay,Khachanov K.,Bedene A.,128.0,58.0,2.5,1.5,2.49,1.59,2.5,1.62
2016-04-26,Istanbul Open,1st Round,Clay,Chung H.,Berlocq C.,84.0,154.0,2.2,1.61,2.34,1.66,2.38,1.69
2016-04-26,Istanbul Open,1st Round,Clay,Vesely J.,De Bakker T.,63.0,102.0,1.36,3.0,1.43,3.05,1.45,3.05
2016-04-26,BMW Open,1st Round,Clay,Mayer F.,Bachinger M.,267.0,325.0,1.72,2.0,1.94,1.94,1.94,2.05
2016-04-26,Istanbul Open,1st Round,Clay,Dzumhur D.,Gabashvili T.,79.0,52.0,1.66,2.1,1.69,2.29,1.81,2.29
2016-04-26,Millenium Estoril Open,1st Round,Clay,Dutra Silva R.,Becker B.,491.0,92.0,1.4,2.75,1.47,2.85,1.51,3.1
2016-04-26,Millenium Estoril Open,1st Round,Clay,Edmund K.,Gimeno-Traver D.,89.0,143.0,1.72,2.0,1.75,2.19,1.92,2.19
2016-04-26,Millenium Estoril Open,1st Round,Clay,Garcia-Lopez G.,Berrer M.,47.0,115.0,1.16,5.0,1.16,6.02,1.18,6.02
2016-04-26,Millenium Estoril Open,1st Round,Clay,Daniel T.,Diez S.,90.0,264.0,1.36,3.0,1.46,2.9,1.48,3.0
2016-04-26,Millenium Estoril Open,1st Round,Clay,Cervantes I.,Munoz De La Nava D.,57.0,95.0,1.44,2.62,1.54,2.62,1.54,2.75
2016-04-26,Millenium Estoril Open,1st Round,Clay,Mathieu P.H.,Elias G.,59.0,94.0,1.72,2.0,1.7,2.26,1.8,2.26
2016-04-26,Millenium Estoril Open,1st Round,Clay,Lorenzi P.,Ymer E.,51.0,132.0,1.57,2.25,1.66,2.35,1.66,2.55
2016-04-27,BMW Open,1st Round,Clay,Struff J.L.,Pospisil V.,112.0,45.0,1.44,2.62,1.54,2.62,1.54,2.75
2016-04-27,BMW Open,1st Round,Clay,Estrella Burgos V.,Stebe C.M.,82.0,1751.0,1.4,2.75,1.56,2.56,1.56,3.0
2016-04-27,BMW Open,1st Round,Clay,Fognini F.,Marterer M.,30.0,285.0,1.14,5.0,1.14,6.5,1.17,6.5
2016-04-27,BMW Open,1st Round,Clay,Del Potro J.M.,Brown D.,337.0,106.0,1.25,3.75,1.31,3.74,1.36,3.8
2016-04-27,BMW Open,2nd Round,Clay,Thiem D.,Giraldo S.,15.0,97.0,1.12,6.0,1.18,5.55,1.18,6.7
2016-04-27,BMW Open,2nd Round,Clay,Dodig I.,Bellucci T.,75.0,35.0,2.37,1.53,2.71,1.53,2.71,1.62
2016-04-27,BMW Open,1st Round,Clay,Sijsling I.,Cecchinato M.,131.0,93.0,2.25,1.57,2.16,1.76,2.25,1.78
2016-04-27,Istanbul Open,2nd Round,Clay,Dimitrov G.,Ungur A.,29.0,194.0,1.1,7.0,1.11,8.37,1.11,9.0
2016-04-27,Istanbul Open,2nd Round,Clay,Ramos-Vinolas A.,Khachanov K.,56.0,128.0,1.4,2.75,1.48,2.86,1.5,2.86
2016-04-27,Istanbul Open,2nd Round,Clay,Delbonis F.,Sela D.,36.0,78.0,1.11,6.5,1.1,8.67,1.15,8.67
2016-04-27,Istanbul Open,2nd Round,Clay,Vesely J.,Carballes Baena R.,63.0,119.0,1.3,3.4,1.32,3.74,1.33,3.8
2016-04-27,Millenium Estoril Open,1st Round,Clay,Carreno Busta P.,Verdasco F.,50.0,60.0,1.83,1.83,1.9,1.99,1.91,2.0
2016-04-27,Millenium Estoril Open,2nd Round,Clay,Paire B.,Edmund K.,21.0,89.0,1.53,2.37,1.54,2.66,1.55,2.67
2016-04-27,Istanbul Open,1st Round,Clay,Marchenko I.,Gonzalez M.,68.0,136.0,2.0,1.72,2.2,1.74,2.25,1.8
2016-04-27,BMW Open,1st Round,Clay,Zverev A.,Jaziri M.,49.0,64.0,1.3,3.4,1.3,3.82,1.33,3.9
2016-04-27,Millenium Estoril Open,2nd Round,Clay,Kyrgios N.,Cervantes I.,20.0,57.0,1.25,3.75,1.28,4.11,1.29,4.11
2016-04-27,Millenium Estoril Open,2nd Round,Clay,Garcia-Lopez G.,Robert S.,47.0,116.0,1.36,3.0,1.34,3.56,1.36,3.56
2016-04-27,Millenium Estoril Open,2nd Round,Clay,Coric B.,Dutra Silva R.,40.0,491.0,1.28,3.5,1.3,3.92,1.3,4.12
2016-04-28,Istanbul Open,2nd Round,Clay,Dzumhur D.,Marchenko I.,79.0,68.0,1.25,3.75,1.31,3.85,1.31,3.94
2016-04-28,BMW Open,2nd Round,Clay,Del Potro J.M.,Struff J.L.,337.0,112.0,1.25,3.75,1.27,4.22,1.33,4.22
2016-04-28,Millenium Estoril Open,2nd Round,Clay,Mayer L.,Lorenzi P.,46.0,51.0,1.44,2.62,1.56,2.62,1.56,2.65
2016-04-28,Millenium Estoril Open,2nd Round,Clay,Simon G.,Mathieu P.H.,18.0,59.0,1.28,3.5,1.33,3.64,1.33,3.75
2016-04-28,Millenium Estoril Open,2nd Round,Clay,Almagro N.,Sousa J.,71.0,34.0,1.44,2.62,1.53,2.7,1.58,2.7
2016-04-28,Millenium Estoril Open,2nd Round,Clay,Carreno Busta P.,Daniel T.,50.0,90.0,1.2,4.33,1.2,5.24,1.23,5.24
2016-04-28,BMW Open,2nd Round,Clay,Goffin D.,Estrella Burgos V.,13.0,82.0,1.08,8.0,1.11,8.05,1.11,8.5
2016-04-28,BMW Open,2nd Round,Clay,Zverev A.,Rosol L.,49.0,65.0,1.4,2.75,1.5,2.8,1.5,2.95
2016-04-28,BMW Open,2nd Round,Clay,Kohlschreiber P.,Mayer F.,27.0,267.0,1.11,6.5,1.14,6.7,1.17,6.7
2016-04-28,Istanbul Open,2nd Round,Clay,Granollers M.,Chung H.,53.0,84.0,1.53,2.37,1.64,2.42,1.65,2.42
2016-04-28,Istanbul Open,2nd Round,Clay,Karlovic I.,Lajovic D.,31.0,69.0,2.75,1.4,3.11,1.42,3.11,1.5
2016-04-28,Istanbul Open,2nd Round,Clay,Schwartzman D.,Tomic B.,87.0,22.0,1.61,2.2,1.66,2.37,1.67,2.4
2016-04-28,BMW Open,2nd Round,Clay,Fognini F.,Kukushkin M.,30.0,88.0,1.25,3.75,1.27,4.22,1.29,4.22
2016-04-28,BMW Open,2nd Round,Clay,Kovalik J.,Sijsling I.,139.0,131.0,1.72,2.0,1.78,2.17,1.95,2.17
2016-04-29,BMW Open,Quarterfinals,Clay,Thiem D.,Dodig I.,15.0,75.0,1.14,5.5,1.17,6.2,1.17,6.35
2016-04-29,BMW Open,Quarterfinals,Clay,Zverev A.,Goffin D.,49.0,13.0,2.37,1.53,2.54,1.6,2.54,1.63
2016-04-29,BMW Open,Quarterfinals,Clay,Fognini F.,Kovalik J.,30.0,139.0,1.12,6.0,1.14,6.92,1.17,6.92
2016-04-29,BMW Open,Quarterfinals,Clay,Kohlschreiber P.,Del Potro J.M.,27.0,337.0,1.5,2.5,1.61,2.5,1.61,2.62
2016-04-29,Millenium Estoril Open,Quarterfinals,Clay,Almagro N.,Mayer L.,71.0,46.0,1.53,2.37,1.61,2.52,1.63,2.6
2016-04-29,Millenium Estoril Open,Quarterfinals,Clay,Carreno Busta P.,Simon G.,50.0,18.0,2.62,1.44,2.62,1.57,2.75,1.57
2016-04-29,Istanbul Open,Quarterfinals,Clay,Karlovic I.,Granollers M.,31.0,53.0,2.75,1.4,3.22,1.41,3.22,1.45
2016-04-29,Istanbul Open,Quarterfinals,Clay,Dimitrov G.,Vesely J.,29.0,63.0,1.5,2.5,1.57,2.6,1.6,2.75
2016-04-29,Istanbul Open,Quarterfinals,Clay,Delbonis F.,Ramos-Vinolas A.,36.0,56.0,1.53,2.37,1.68,2.36,1.68,2.5
2016-04-29,Istanbul Open,Quarterfinals,Clay,Schwartzman D.,Dzumhur D.,87.0,79.0,2.0,1.72,2.04,1.88,2.1,1.88
2016-04-29,Millenium Estoril Open,Quarterfinals,Clay,Paire B.,Garcia-Lopez G.,21.0,47.0,1.72,2.0,1.91,2.02,1.91,2.02
2016-04-29,Millenium Estoril Open,Quarterfinals,Clay,Kyrgios N.,Coric B.,20.0,40.0,1.36,3.0,1.39,3.32,1.42,3.75
2016-04-30,Istanbul Open,Semifinals,Clay,Schwartzman D.,Delbonis F.,87.0,36.0,3.0,1.4,3.24,1.41,3.4,1.42
2016-04-30,Istanbul Open,Semifinals,Clay,Dimitrov G.,Karlovic I.,29.0,31.0,1.33,3.4,1.31,3.88,1.4,3.88
2016-04-30,Millenium Estoril Open,Semifinals,Clay,Almagro N.,Kyrgios N.,71.0,20.0,3.0,1.4,3.19,1.42,3.2,1.45
2016-04-30,Millenium Estoril Open,Semifinals,Clay,Carreno Busta P.,Paire B.,50.0,21.0,1.9,1.9,1.96,1.96,2.05,1.96
2016-04-30,BMW Open,Semifinals,Clay,Thiem D.,Zverev A.,15.0,49.0,1.44,2.75,1.49,2.87,1.5,2.9
2016-04-30,BMW Open,Semifinals,Clay,Kohlschreiber P.,Fognini F.,27.0,30.0,1.4,3.0,1.42,3.17,1.42,3.5
2016-05-01,Mutua Madrid Open,1st Round,Clay,Verdasco F.,Monaco J.,52.0,98.0,1.57,2.25,1.67,2.36,1.73,2.36
2016-05-01,BMW Open,The Final,Clay,Kohlschreiber P.,Thiem D.,27.0,15.0,1.9,1.9,1.85,2.08,2.05,2.25
2016-05-01,Mutua Madrid Open,1st Round,Clay,Dolgopolov O.,Johnson S.,29.0,32.0,1.3,3.4,1.35,3.52,1.36,3.52
2016-05-01,Istanbul Open,The Final,Clay,Schwartzman D.,Dimitrov G.,87.0,29.0,3.5,1.3,3.71,1.33,4.0,1.33
2016-05-01,Millenium Estoril Open,The Final,Clay,Almagro N.,Carreno Busta P.,71.0,50.0,1.61,2.3,1.73,2.26,1.75,2.38
2016-05-02,Mutua Madrid Open,1st Round,Clay,Ferrer D.,Garcia-Lopez G.,9.0,51.0,1.25,3.75,1.28,4.14,1.29,4.21
2016-05-02,Mutua Madrid Open,1st Round,Clay,Querrey S.,Herbert P.H.,37.0,84.0,2.1,1.66,2.12,1.81,2.21,1.81
2016-05-02,Mutua Madrid Open,1st Round,Clay,Stepanek R.,Pospisil V.,148.0,47.0,1.53,2.37,1.5,2.8,1.53,2.8
2016-05-02,Mutua Madrid Open,1st Round,Clay,Sousa J.,Mahut N.,35.0,49.0,1.36,3.0,1.4,3.22,1.4,3.25
2016-05-02,Mutua Madrid Open,1st Round,Clay,Gasquet R.,Carballes Baena R.,12.0,116.0,1.16,5.0,1.17,5.87,1.2,5.87
2016-05-02,Mutua Madrid Open,1st Round,Clay,Pouille L.,Goffin D.,58.0,13.0,3.25,1.33,3.2,1.4,3.55,1.43
2016-05-02,Mutua Madrid Open,1st Round,Clay,Kuznetsov An.,Troicki V.,39.0,24.0,1.66,2.1,1.8,2.13,1.8,2.6
2016-05-02,Mutua Madrid Open,1st Round,Clay,Raonic M.,Bellucci T.,10.0,36.0,1.18,4.5,1.2,5.31,1.21,5.31
2016-05-02,Mutua Madrid Open,1st Round,Clay,Simon G.,Baghdatis M.,18.0,38.0,1.28,3.5,1.29,3.97,1.3,4.0
2016-05-02,Mutua Madrid Open,1st Round,Clay,Lopez F.,Mayer L.,23.0,42.0,1.66,2.1,1.81,2.11,1.81,2.11
2016-05-02,Mutua Madrid Open,1st Round,Clay,Istomin D.,Gabashvili T.,79.0,57.0,1.72,2.0,1.83,2.09,1.85,2.1
2016-05-03,Mutua Madrid Open,1st Round,Clay,Ramos-Vinolas A.,Chardy J.,56.0,33.0,1.72,2.0,1.87,2.04,1.88,2.04
2016-05-03,Mutua Madrid Open,2nd Round,Clay,Gasquet R.,Verdasco F.,12.0,52.0,1.9,1.8,1.88,2.02,2.04,2.05
2016-05-03,Mutua Madrid Open,2nd Round,Clay,Murray A.,Stepanek R.,2.0,148.0,1.07,9.0,1.08,10.16,1.08,11.13
2016-05-03,Mutua Madrid Open,2nd Round,Clay,Raonic M.,Dolgopolov O.,10.0,29.0,1.33,3.25,1.32,3.74,1.35,3.85
2016-05-03,Mutua Madrid Open,2nd Round,Clay,Nadal R.,Kuznetsov An.,5.0,39.0,1.04,11.0,1.05,14.74,1.05,14.74
2016-05-03,Mutua Madrid Open,1st Round,Clay,Coric B.,Almagro N.,40.0,48.0,2.25,1.57,2.73,1.52,2.73,1.67
2016-05-03,Mutua Madrid Open,1st Round,Clay,Carreno Busta P.,Dimitrov G.,46.0,28.0,2.25,1.57,2.25,1.72,2.25,1.77
2016-05-03,Mutua Madrid Open,1st Round,Clay,Del Potro J.M.,Thiem D.,274.0,14.0,2.75,1.4,2.73,1.52,2.9,1.52
2016-05-03,Mutua Madrid Open,1st Round,Clay,Kudla D.,Karlovic I.,61.0,30.0,2.25,1.57,2.27,1.71,2.4,1.71
2016-05-03,Mutua Madrid Open,1st Round,Clay,Cuevas P.,Kohlschreiber P.,27.0,25.0,1.72,2.0,1.79,2.14,1.94,2.18
2016-05-03,Mutua Madrid Open,1st Round,Clay,Bautista Agut R.,Giraldo S.,17.0,105.0,1.2,4.33,1.2,5.24,1.23,5.25
2016-05-03,Mutua Madrid Open,1st Round,Clay,Kyrgios N.,Pella G.,21.0,50.0,1.25,3.75,1.26,4.3,1.3,4.3
2016-05-03,Mutua Madrid Open,1st Round,Clay,Monfils G.,Anderson K.,15.0,19.0,1.2,4.33,1.21,5.0,1.23,5.0
2016-05-03,Mutua Madrid Open,1st Round,Clay,Sock J.,Paire B.,26.0,20.0,1.8,1.9,1.93,1.97,2.0,1.97
2016-05-03,Mutua Madrid Open,1st Round,Clay,Fognini F.,Tomic B.,31.0,22.0,1.25,3.75,1.33,3.64,1.33,4.2
2016-05-04,Mutua Madrid Open,2nd Round,Clay,Tsonga J.W.,Ramos-Vinolas A.,7.0,56.0,1.36,3.0,1.38,3.35,1.4,3.4
2016-05-04,Mutua Madrid Open,2nd Round,Clay,Sock J.,Del Potro J.M.,26.0,274.0,2.25,1.57,2.52,1.59,2.6,1.6
2016-05-04,Mutua Madrid Open,2nd Round,Clay,Ferrer D.,Kudla D.,9.0,61.0,1.08,8.0,1.09,9.35,1.1,10.5
2016-05-04,Mutua Madrid Open,2nd Round,Clay,Djokovic N.,Coric B.,1.0,40.0,1.05,11.0,1.06,13.0,1.06,13.0
2016-05-04,Mutua Madrid Open,2nd Round,Clay,Sousa J.,Granollers M.,35.0,53.0,2.1,1.66,2.25,1.72,2.25,1.78
2016-05-04,Mutua Madrid Open,2nd Round,Clay,Cuevas P.,Monfils G.,27.0,15.0,2.62,1.44,2.93,1.46,3.0,1.5
2016-05-04,Mutua Madrid Open,2nd Round,Clay,Simon G.,Carreno Busta P.,18.0,46.0,1.66,2.1,1.81,2.11,1.84,2.16
2016-05-04,Mutua Madrid Open,2nd Round,Clay,Nishikori K.,Fognini F.,6.0,31.0,1.18,4.5,1.21,5.12,1.24,5.12
2016-05-04,Mutua Madrid Open,2nd Round,Clay,Kyrgios N.,Wawrinka S.,21.0,4.0,2.5,1.5,2.6,1.56,2.75,1.56
2016-05-04,Mutua Madrid Open,2nd Round,Clay,Bautista Agut R.,Lopez F.,17.0,23.0,1.5,2.5,1.58,2.54,1.58,2.75
2016-05-04,Mutua Madrid Open,2nd Round,Clay,Berdych T.,Istomin D.,8.0,79.0,1.12,6.0,1.13,7.2,1.15,7.5
2016-05-04,Mutua Madrid Open,2nd Round,Clay,Querrey S.,Pouille L.,37.0,58.0,2.75,1.4,2.6,1.56,3.0,1.57
2016-05-05,Mutua Madrid Open,3rd Round,Clay,Raonic M.,Tsonga J.W.,10.0,7.0,1.5,2.5,1.58,2.58,1.58,2.6
2016-05-05,Mutua Madrid Open,3rd Round,Clay,Nadal R.,Querrey S.,5.0,37.0,1.03,15.0,1.04,16.09,1.05,17.21
2016-05-05,Mutua Madrid Open,3rd Round,Clay,Sousa J.,Sock J.,35.0,26.0,2.75,1.4,2.9,1.48,3.2,1.48
2016-05-05,Mutua Madrid Open,3rd Round,Clay,Kyrgios N.,Cuevas P.,21.0,27.0,1.53,2.37,1.62,2.49,1.68,2.49
2016-05-05,Mutua Madrid Open,3rd Round,Clay,Djokovic N.,Bautista Agut R.,1.0,17.0,1.04,13.0,1.05,15.85,1.05,16.25
2016-05-05,Mutua Madrid Open,3rd Round,Clay,Nishikori K.,Gasquet R.,6.0,12.0,1.57,2.25,1.68,2.36,1.7,2.4
2016-05-05,Mutua Madrid Open,3rd Round,Clay,Murray A.,Simon G.,2.0,18.0,1.2,4.33,1.24,4.72,1.26,4.72
2016-05-05,Mutua Madrid Open,3rd Round,Clay,Berdych T.,Ferrer D.,8.0,9.0,1.72,2.0,1.92,2.01,1.92,2.1
2016-05-06,Mutua Madrid Open,Quarterfinals,Clay,Murray A.,Berdych T.,2.0,8.0,1.36,3.25,1.38,3.36,1.41,3.4
2016-05-06,Mutua Madrid Open,Quarterfinals,Clay,Nishikori K.,Kyrgios N.,6.0,21.0,1.44,2.75,1.45,3.02,1.48,3.02
2016-05-06,Mutua Madrid Open,Quarterfinals,Clay,Nadal R.,Sousa J.,5.0,35.0,1.02,17.0,1.03,20.4,1.04,23.5
2016-05-06,Mutua Madrid Open,Quarterfinals,Clay,Djokovic N.,Raonic M.,1.0,10.0,1.1,7.0,1.11,8.4,1.12,8.4
2016-05-07,Mutua Madrid Open,Semifinals,Clay,Murray A.,Nadal R.,2.0,5.0,2.62,1.5,2.67,1.55,2.7,1.57
2016-05-07,Mutua Madrid Open,Semifinals,Clay,Djokovic N.,Nishikori K.,1.0,6.0,1.12,6.0,1.15,6.8,1.17,7.15
2016-05-08,Internazionali BNL d'Italia,1st Round,Clay,Troicki V.,Gabashvili T.,24.0,60.0,1.5,2.5,1.64,2.41,1.65,2.65
2016-05-08,Internazionali BNL d'Italia,1st Round,Clay,Goffin D.,Mayer L.,13.0,49.0,1.3,3.4,1.34,3.56,1.35,3.6
2016-05-08,Internazionali BNL d'Italia,1st Round,Clay,Ramos-Vinolas A.,Querrey S.,57.0,36.0,1.44,2.62,1.56,2.6,1.56,2.75
2016-05-08,Internazionali BNL d'Italia,1st Round,Clay,Paire B.,Tomic B.,21.0,22.0,1.25,3.75,1.3,3.93,1.31,4.0
2016-05-08,Internazionali BNL d'Italia,1st Round,Clay,Anderson K.,Lopez F.,19.0,23.0,2.75,1.4,2.92,1.47,2.92,1.5
2016-05-08,Mutua Madrid Open,The Final,Clay,Djokovic N.,Murray A.,1.0,2.0,1.25,4.0,1.27,4.35,1.29,4.35
2016-05-08,Internazionali BNL d'Italia,1st Round,Clay,Monaco J.,Johnson S.,114.0,34.0,1.4,2.75,1.45,2.97,1.48,2.97
2016-05-09,Internazionali BNL d'Italia,1st Round,Clay,Thiem D.,Dolgopolov O.,15.0,28.0,1.36,3.0,1.39,3.29,1.4,3.3
2016-05-09,Internazionali BNL d'Italia,1st Round,Clay,Gasquet R.,Benneteau J.,12.0,607.0,1.08,8.0,1.08,10.09,1.09,10.5
2016-05-09,Internazionali BNL d'Italia,1st Round,Clay,Sock J.,Pella G.,27.0,50.0,1.57,2.25,1.68,2.32,1.71,2.35
2016-05-09,Internazionali BNL d'Italia,1st Round,Clay,Raonic M.,Cecchinato M.,10.0,119.0,1.07,9.0,1.07,10.95,1.07,11.0
2016-05-09,Internazionali BNL d'Italia,1st Round,Clay,Kyrgios N.,Caruso S.,20.0,251.0,1.04,13.0,1.04,15.91,1.06,15.91
2016-05-09,Internazionali BNL d'Italia,1st Round,Clay,Sousa J.,Sonego L.,30.0,333.0,1.12,6.0,1.12,7.71,1.15,7.71
2016-05-09,Internazionali BNL d'Italia,1st Round,Clay,Seppi A.,Pospisil V.,42.0,46.0,1.4,2.75,1.4,3.21,1.43,3.21
2016-05-09,Internazionali BNL d'Italia,1st Round,Clay,Garcia-Lopez G.,Fognini F.,51.0,31.0,3.0,1.36,3.29,1.39,3.29,1.42
2016-05-09,Internazionali BNL d'Italia,1st Round,Clay,Gulbis E.,Karlovic I.,84.0,29.0,1.53,2.37,1.58,2.56,1.58,2.7
2016-05-09,Internazionali BNL d'Italia,1st Round,Clay,Kukushkin M.,Coric B.,87.0,41.0,3.25,1.33,3.55,1.35,3.55,1.42
2016-05-09,Internazionali BNL d'Italia,1st Round,Clay,Bellucci T.,Monfils G.,37.0,14.0,4.5,1.18,5.32,1.2,5.53,1.2
2016-05-09,Internazionali BNL d'Italia,1st Round,Clay,Zverev A.,Dimitrov G.,44.0,35.0,2.0,1.72,2.01,1.9,2.15,1.8
2016-05-10,Internazionali BNL d'Italia,2nd Round,Clay,Monaco J.,Anderson K.,114.0,19.0,1.4,2.75,1.56,2.6,1.56,3.2
2016-05-10,Internazionali BNL d'Italia,1st Round,Clay,Chardy J.,Dzumhur D.,32.0,75.0,1.72,2.0,1.76,2.19,1.92,2.19
2016-05-10,Internazionali BNL d'Italia,2nd Round,Clay,Wawrinka S.,Paire B.,4.0,21.0,1.22,4.0,1.27,4.18,1.29,4.33
2016-05-10,Internazionali BNL d'Italia,2nd Round,Clay,Pouille L.,Gulbis E.,52.0,84.0,1.66,2.1,,,1.8,2.15
2016-05-10,Internazionali BNL d'Italia,2nd Round,Clay,Goffin D.,Sock J.,13.0,27.0,1.44,2.62,1.5,2.8,1.54,2.8
2016-05-10,Internazionali BNL d'Italia,2nd Round,Clay,Nishikori K.,Troicki V.,6.0,24.0,1.12,6.0,1.14,6.91,1.14,8.0
2016-05-10,Internazionali BNL d'Italia,1st Round,Clay,Mahut N.,Cuevas P.,48.0,25.0,6.0,1.12,6.66,1.14,7.04,1.14
2016-05-10,Internazionali BNL d'Italia,1st Round,Clay,Bautista Agut R.,Lorenzi P.,17.0,53.0,1.25,3.75,1.33,3.69,1.33,4.2
2016-05-10,Internazionali BNL d'Italia,1st Round,Clay,Ferrer D.,Volandri F.,9.0,203.0,1.08,8.0,1.12,7.78,1.12,9.43
2016-05-10,Internazionali BNL d'Italia,1st Round,Clay,Kohlschreiber P.,Cervantes I.,26.0,65.0,1.16,5.0,1.18,5.57,1.18,6.34
2016-05-10,Internazionali BNL d'Italia,1st Round,Clay,Robert S.,Bedene A.,103.0,69.0,2.5,1.5,2.62,1.56,2.62,1.61
2016-05-10,Internazionali BNL d'Italia,2nd Round,Clay,Berdych T.,Ramos-Vinolas A.,8.0,57.0,1.22,4.0,1.29,4.05,1.29,4.33
2016-05-11,Internazionali BNL d'Italia,2nd Round,Clay,Chardy J.,Bautista Agut R.,32.0,17.0,3.75,1.25,3.52,1.35,3.75,1.35
2016-05-11,Internazionali BNL d'Italia,2nd Round,Clay,Ferrer D.,Garcia-Lopez G.,9.0,51.0,1.28,3.5,1.31,3.81,1.33,3.85
2016-05-11,Internazionali BNL d'Italia,2nd Round,Clay,Kyrgios N.,Raonic M.,20.0,10.0,1.66,2.1,1.92,1.99,1.93,2.15
2016-05-11,Internazionali BNL d'Italia,2nd Round,Clay,Gasquet R.,Seppi A.,12.0,42.0,1.14,5.5,1.16,6.16,1.18,6.16
2016-05-11,Internazionali BNL d'Italia,2nd Round,Clay,Nadal R.,Kohlschreiber P.,5.0,26.0,1.14,5.5,1.16,6.27,1.2,6.27
2016-05-11,Internazionali BNL d'Italia,2nd Round,Clay,Djokovic N.,Robert S.,1.0,103.0,1.005,34.0,1.01,41.0,1.03,43.25
2016-05-11,Internazionali BNL d'Italia,2nd Round,Clay,Murray A.,Kukushkin M.,3.0,87.0,1.05,11.0,1.07,11.0,1.08,12.0
2016-05-11,Internazionali BNL d'Italia,2nd Round,Clay,Thiem D.,Sousa J.,15.0,30.0,1.18,4.5,1.22,4.85,1.23,5.0
2016-05-11,Internazionali BNL d'Italia,2nd Round,Clay,Federer R.,Zverev A.,2.0,44.0,1.28,3.5,1.31,3.85,1.33,3.85
2016-05-11,Internazionali BNL d'Italia,2nd Round,Clay,Bellucci T.,Mahut N.,37.0,48.0,1.3,3.4,1.31,3.8,1.35,3.8
2016-05-12,Internazionali BNL d'Italia,3rd Round,Clay,Djokovic N.,Bellucci T.,1.0,37.0,1.04,13.0,1.1,10.02,1.1,15.02
2016-05-12,Internazionali BNL d'Italia,3rd Round,Clay,Murray A.,Chardy J.,3.0,32.0,1.1,7.0,1.13,7.79,1.13,8.25
2016-05-12,Internazionali BNL d'Italia,3rd Round,Clay,Goffin D.,Berdych T.,13.0,8.0,2.62,1.44,2.58,1.58,2.68,1.61
2016-05-12,Internazionali BNL d'Italia,3rd Round,Clay,Pouille L.,Ferrer D.,52.0,9.0,4.55,1.25,3.8,1.22,4.55,1.25
2016-05-12,Internazionali BNL d'Italia,3rd Round,Clay,Nishikori K.,Gasquet R.,6.0,12.0,1.44,2.62,1.5,2.82,1.6,2.82
2016-05-12,Internazionali BNL d'Italia,3rd Round,Clay,Monaco J.,Wawrinka S.,114.0,4.0,3.75,1.25,4.3,1.27,4.3,1.29
2016-05-12,Internazionali BNL d'Italia,3rd Round,Clay,Thiem D.,Federer R.,15.0,2.0,2.62,1.44,2.8,1.51,2.85,1.55
2016-05-12,Internazionali BNL d'Italia,3rd Round,Clay,Nadal R.,Kyrgios N.,5.0,20.0,1.25,3.75,1.34,3.62,1.34,3.8
2016-05-13,Internazionali BNL d'Italia,Quarterfinals,Clay,Pouille L.,Monaco J.,52.0,114.0,2.2,1.66,2.33,1.69,2.35,1.73
2016-05-13,Internazionali BNL d'Italia,Quarterfinals,Clay,Murray A.,Goffin D.,3.0,13.0,1.25,4.0,1.26,4.47,1.28,4.5
2016-05-13,Internazionali BNL d'Italia,Quarterfinals,Clay,Djokovic N.,Nadal R.,1.0,5.0,1.36,3.4,1.38,3.36,1.38,3.75
2016-05-13,Internazionali BNL d'Italia,Quarterfinals,Clay,Nishikori K.,Thiem D.,6.0,15.0,1.44,2.75,1.44,3.09,1.51,3.09
2016-05-14,Internazionali BNL d'Italia,Semifinals,Clay,Murray A.,Pouille L.,3.0,52.0,1.07,9.0,1.09,9.73,1.1,10.5
2016-05-14,Internazionali BNL d'Italia,Semifinals,Clay,Djokovic N.,Nishikori K.,1.0,6.0,1.14,5.5,1.18,5.83,1.19,6.0
2016-05-15,Geneva Open,1st Round,Clay,Kuznetsov An.,Sela D.,40.0,62.0,1.14,5.5,1.16,5.95,1.16,6.25
2016-05-15,Internazionali BNL d'Italia,The Final,Clay,Murray A.,Djokovic N.,3.0,1.0,2.75,1.44,2.93,1.47,3.0,1.5
2016-05-15,Open de Nice Côte d’Azur,1st Round,Clay,Mannarino A.,Haase R.,63.0,86.0,2.75,1.4,2.72,1.5,3.0,1.5
2016-05-15,Geneva Open,1st Round,Clay,Ramos-Vinolas A.,Gabashvili T.,53.0,80.0,1.28,3.5,1.31,3.8,1.33,3.78
2016-05-15,Open de Nice Côte d’Azur,1st Round,Clay,Estrella Burgos V.,Kudla D.,88.0,57.0,1.83,1.83,2.04,1.85,2.04,1.92
2016-05-16,Open de Nice Côte d’Azur,1st Round,Clay,Zverev A.,Edmund K.,48.0,84.0,1.4,2.75,1.46,2.9,1.47,2.9
2016-05-16,Open de Nice Côte d’Azur,1st Round,Clay,Young D.,Fognini F.,82.0,34.0,3.5,1.28,4.06,1.28,4.1,1.33
2016-05-16,Open de Nice Côte d’Azur,1st Round,Clay,Fritz T.,Marchenko I.,72.0,69.0,1.44,2.62,1.54,2.62,1.58,2.7
2016-05-16,Open de Nice Côte d’Azur,1st Round,Clay,Schwartzman D.,Verdasco F.,65.0,56.0,2.25,1.57,2.68,1.51,2.68,1.64
2016-05-16,Open de Nice Côte d’Azur,1st Round,Clay,Sousa J.,Halys Q.,28.0,154.0,1.36,3.0,1.35,3.45,1.43,3.5
2016-05-16,Open de Nice Côte d’Azur,1st Round,Clay,Pella G.,Medvedev D.,54.0,244.0,1.16,5.0,1.19,5.28,1.22,5.28
2016-05-16,Geneva Open,1st Round,Clay,Garcia-Lopez G.,Querrey S.,55.0,37.0,1.66,2.1,1.76,2.17,1.76,2.2
2016-05-16,Geneva Open,1st Round,Clay,Carreno Busta P.,Garin C.,43.0,340.0,1.12,6.0,1.06,7.11,1.14,7.5
2016-05-16,Geneva Open,1st Round,Clay,Cervantes I.,Beck A.,61.0,338.0,1.4,2.75,1.43,3.03,1.5,3.03
2016-05-16,Geneva Open,1st Round,Clay,Rosol L.,Ortega-Olmedo R.,68.0,310.0,1.16,5.0,1.15,6.87,1.17,7.5
2016-05-16,Geneva Open,1st Round,Clay,Delbonis F.,Tipsarevic J.,33.0,686.0,1.16,5.0,1.17,5.83,1.2,5.83
2016-05-16,Geneva Open,1st Round,Clay,Johnson S.,Youzhny M.,35.0,77.0,1.57,2.25,1.68,2.3,1.68,2.43
2016-05-16,Geneva Open,1st Round,Clay,Gulbis E.,Berankis R.,76.0,52.0,1.4,2.75,1.44,2.99,1.51,2.99
2016-05-17,Geneva Open,1st Round,Clay,Istomin D.,Mayer F.,64.0,236.0,1.61,2.2,1.69,2.28,1.83,2.3
2016-05-17,Open de Nice Côte d’Azur,2nd Round,Clay,Sousa J.,Estrella Burgos V.,28.0,88.0,1.5,2.5,1.42,3.06,1.62,3.06
2016-05-17,Open de Nice Côte d’Azur,2nd Round,Clay,Pella G.,Young D.,54.0,82.0,1.36,3.0,1.41,3.18,1.44,3.23
2016-05-17,Geneva Open,1st Round,Clay,Ram R.,Donskoy E.,73.0,78.0,3.0,1.36,2.79,1.49,3.25,1.49
2016-05-17,Open de Nice Côte d’Azur,2nd Round,Clay,Anderson K.,Schwartzman D.,20.0,65.0,2.37,1.53,2.34,1.68,2.45,1.83
2016-05-17,Open de Nice Côte d’Azur,1st Round,Clay,Seppi A.,Munoz De La Nava D.,41.0,106.0,1.28,3.5,1.3,3.85,1.32,3.85
2016-05-17,Open de Nice Côte d’Azur,1st Round,Clay,Mathieu P.H.,Chung H.,67.0,112.0,1.5,2.5,1.52,2.69,1.57,2.69
2016-05-17,Open de Nice Côte d’Azur,1st Round,Clay,Mayer L.,Vesely J.,51.0,59.0,1.57,2.25,1.67,2.33,1.67,2.5
2016-05-17,Open de Nice Côte d’Azur,1st Round,Clay,Granollers M.,Baker B.,58.0,669.0,1.28,3.5,1.3,3.82,1.34,3.82
2016-05-17,Open de Nice Côte d’Azur,2nd Round,Clay,Mannarino A.,Paire B.,63.0,21.0,3.4,1.3,3.33,1.38,3.5,1.38
2016-05-17,Geneva Open,1st Round,Clay,Bellucci T.,Kukushkin M.,39.0,81.0,1.4,2.75,1.41,3.12,1.44,3.12
2016-05-17,Geneva Open,2nd Round,Clay,Wawrinka S.,Ramos-Vinolas A.,4.0,53.0,1.2,4.33,1.23,4.72,1.25,5.0
2016-05-17,Geneva Open,2nd Round,Clay,Carreno Busta P.,Cervantes I.,43.0,61.0,1.25,3.75,1.29,3.97,1.29,4.1
2016-05-18,Geneva Open,2nd Round,Clay,Kuznetsov An.,Johnson S.,40.0,35.0,1.4,2.75,1.51,2.78,1.51,2.8
2016-05-18,Open de Nice Côte d’Azur,2nd Round,Clay,Thiem D.,Mayer L.,15.0,51.0,1.3,3.4,1.37,3.38,1.4,3.5
2016-05-18,Open de Nice Côte d’Azur,2nd Round,Clay,Simon G.,Fritz T.,18.0,72.0,1.18,4.5,1.24,4.56,1.24,4.75
2016-05-18,Open de Nice Côte d’Azur,2nd Round,Clay,Seppi A.,Mathieu P.H.,41.0,67.0,2.1,1.66,2.2,1.75,2.22,1.8
2016-05-18,Open de Nice Côte d’Azur,2nd Round,Clay,Zverev A.,Granollers M.,48.0,58.0,1.5,2.5,1.52,2.73,1.57,2.8
2016-05-18,Geneva Open,2nd Round,Clay,Ferrer D.,Istomin D.,12.0,64.0,1.2,4.33,1.23,4.69,1.27,4.95
2016-05-18,Geneva Open,2nd Round,Clay,Cilic M.,Gulbis E.,11.0,76.0,1.72,2.0,1.73,2.24,1.76,2.24
2016-05-18,Geneva Open,2nd Round,Clay,Delbonis F.,Bellucci T.,33.0,39.0,2.0,1.72,1.94,1.96,2.05,1.96
2016-05-18,Geneva Open,2nd Round,Clay,Garcia-Lopez G.,Ram R.,55.0,73.0,1.16,5.0,1.18,5.57,1.18,5.57
2016-05-18,Geneva Open,2nd Round,Clay,Rosol L.,Isner J.,68.0,17.0,2.62,1.44,2.86,1.48,2.86,1.5
2016-05-19,Open de Nice Côte d’Azur,Quarterfinals,Clay,Sousa J.,Anderson K.,28.0,20.0,2.1,1.66,2.2,1.77,2.23,1.81
2016-05-19,Open de Nice Côte d’Azur,Quarterfinals,Clay,Zverev A.,Simon G.,48.0,18.0,2.25,1.57,2.33,1.69,2.39,1.7
2016-05-19,Geneva Open,Quarterfinals,Clay,Cilic M.,Delbonis F.,11.0,33.0,2.1,1.66,2.1,1.84,2.13,1.84
2016-05-19,Geneva Open,Quarterfinals,Clay,Ferrer D.,Garcia-Lopez G.,12.0,55.0,1.33,3.25,1.38,3.41,1.39,3.45
2016-05-19,Geneva Open,Quarterfinals,Clay,Wawrinka S.,Carreno Busta P.,4.0,43.0,1.22,4.0,1.28,4.19,1.33,4.19
2016-05-19,Geneva Open,Quarterfinals,Clay,Rosol L.,Kuznetsov An.,68.0,40.0,3.25,1.33,3.5,1.36,3.5,1.44
2016-05-19,Open de Nice Côte d’Azur,Quarterfinals,Clay,Thiem D.,Seppi A.,15.0,41.0,1.14,5.5,1.16,6.23,1.17,6.23
2016-05-19,Open de Nice Côte d’Azur,Quarterfinals,Clay,Mannarino A.,Pella G.,63.0,54.0,3.25,1.33,3.4,1.38,3.41,1.4
2016-05-20,Open de Nice Côte d’Azur,Semifinals,Clay,Zverev A.,Sousa J.,48.0,28.0,1.57,2.37,1.62,2.45,1.63,2.5
2016-05-20,Open de Nice Côte d’Azur,Semifinals,Clay,Thiem D.,Mannarino A.,15.0,63.0,1.1,7.0,1.11,8.36,1.12,8.5
2016-05-20,Geneva Open,Semifinals,Clay,Wawrinka S.,Rosol L.,4.0,68.0,1.08,8.0,1.12,7.76,1.12,8.0
2016-05-20,Geneva Open,Semifinals,Clay,Cilic M.,Ferrer D.,11.0,12.0,2.3,1.61,2.46,1.63,2.46,1.68
2016-05-21,Open de Nice Côte d’Azur,The Final,Clay,Thiem D.,Zverev A.,15.0,48.0,1.22,4.33,1.27,4.2,1.3,4.5
2016-05-21,Geneva Open,The Final,Clay,Wawrinka S.,Cilic M.,4.0,11.0,1.3,3.5,1.32,3.83,1.33,3.92
2016-05-22,French Open,1st Round,Clay,Kyrgios N.,Cecchinato M.,19.0,124.0,1.02,17.0,1.03,18.6,1.04,20.0
2016-05-22,French Open,1st Round,Clay,Paire B.,Albot R.,21.0,137.0,1.14,5.0,1.17,6.02,1.2,6.02
2016-05-22,French Open,1st Round,Clay,Sijsling I.,Ungur A.,123.0,203.0,2.1,1.66,2.12,1.81,2.38,1.81
2016-05-22,French Open,1st Round,Clay,Gabashvili T.,Young D.,79.0,76.0,1.72,2.0,1.88,2.02,1.88,2.2
2016-05-22,French Open,1st Round,Clay,Kuznetsov An.,Becker B.,40.0,96.0,1.08,8.0,1.1,8.67,1.11,9.0
2016-05-23,French Open,1st Round,Clay,Sock J.,Haase R.,25.0,86.0,1.14,5.5,1.18,5.63,1.2,6.0
2016-05-23,French Open,1st Round,Clay,Simon G.,Dutra Silva R.,18.0,463.0,1.12,6.0,1.15,6.35,1.16,6.35
2016-05-23,French Open,1st Round,Clay,Verdasco F.,Johnson S.,52.0,34.0,1.3,3.4,1.33,3.64,1.35,3.64
2016-05-23,French Open,1st Round,Clay,Nishikori K.,Bolelli S.,6.0,115.0,1.02,19.0,1.02,22.73,1.03,24.0
2016-05-23,French Open,1st Round,Clay,Gasquet R.,Bellucci T.,12.0,57.0,1.14,5.5,1.18,5.76,1.22,5.8
2016-05-23,French Open,1st Round,Clay,Martin A.,Munoz De La Nava D.,133.0,105.0,2.5,1.5,2.62,1.56,2.65,1.57
2016-05-23,French Open,1st Round,Clay,Trungelliti M.,Cilic M.,166.0,10.0,9.0,1.07,13.89,1.05,13.89,1.08
2016-05-23,French Open,1st Round,Clay,Ramos-Vinolas A.,Zeballos H.,55.0,89.0,1.18,4.5,1.17,6.02,1.21,6.02
2016-05-23,French Open,1st Round,Clay,Edmund K.,Basilashvili N.,82.0,104.0,1.53,2.37,1.66,2.37,1.7,2.4
2016-05-23,French Open,1st Round,Clay,Fratangelo B.,Querrey S.,103.0,37.0,3.0,1.36,3.05,1.43,3.4,1.44
2016-05-23,French Open,1st Round,Clay,Bourgue M.,Samper-Montana J.,164.0,216.0,1.66,2.1,1.68,2.33,1.8,2.33
2016-05-23,French Open,1st Round,Clay,Pella G.,Schwartzman D.,48.0,63.0,1.72,2.0,1.69,2.3,1.75,2.3
2016-05-23,French Open,1st Round,Clay,Lajovic D.,Kudla D.,81.0,53.0,1.57,2.25,1.58,2.54,1.58,2.6
2016-05-23,French Open,1st Round,Clay,Karlovic I.,Montanes A.,28.0,98.0,2.0,1.72,2.14,1.79,2.14,1.83
2016-05-23,French Open,1st Round,Clay,Thompson J.,Djere L.,94.0,215.0,2.37,1.53,2.38,1.62,2.5,1.65
2016-05-23,French Open,1st Round,Clay,Wawrinka S.,Rosol L.,4.0,59.0,1.07,9.0,1.06,10.28,1.07,11.0
2016-05-23,French Open,1st Round,Clay,Chardy J.,Mayer L.,32.0,68.0,1.66,2.1,1.75,2.2,1.73,2.2
2016-05-23,French Open,1st Round,Clay,Troicki V.,Dimitrov G.,24.0,36.0,2.37,1.53,2.57,1.57,2.63,1.59
2016-05-23,French Open,1st Round,Clay,Pavlasek A.,Carballes Baena R.,132.0,114.0,2.37,1.53,2.16,1.78,2.45,1.78
2016-05-23,French Open,1st Round,Clay,Mannarino A.,Kukushkin M.,58.0,83.0,2.2,1.61,2.14,1.79,2.2,1.79
2016-05-23,French Open,1st Round,Clay,Raonic M.,Tipsarevic J.,9.0,680.0,1.02,19.0,1.03,20.5,1.03,19.74
2016-05-23,French Open,1st Round,Clay,Dodig I.,Youzhny M.,77.0,78.0,1.53,2.37,1.68,2.34,1.68,2.4
2016-05-23,French Open,1st Round,Clay,Brown D.,Sela D.,116.0,62.0,1.44,2.62,1.56,2.6,1.56,2.75
2016-05-23,French Open,1st Round,Clay,Daniel T.,Klizan M.,93.0,45.0,1.4,2.75,1.39,3.28,1.48,3.28
2016-05-24,French Open,1st Round,Clay,Vesely J.,Ram R.,60.0,70.0,1.11,6.5,1.18,5.63,1.18,6.5
2016-05-24,French Open,1st Round,Clay,Djokovic N.,Lu Y.H.,1.0,95.0,1.0,51.0,1.01,71.0,1.01,71.0
2016-05-24,French Open,1st Round,Clay,Baghdatis M.,Muller G.,39.0,42.0,1.33,3.25,1.43,3.05,1.43,3.25
2016-05-24,French Open,1st Round,Clay,Almagro N.,Kohlschreiber P.,49.0,26.0,2.75,1.4,3.3,1.37,3.3,1.5
2016-05-24,French Open,1st Round,Clay,Mahut N.,Berankis R.,44.0,50.0,1.57,2.25,1.72,2.25,1.83,2.48
2016-05-24,French Open,1st Round,Clay,Robert S.,Anderson K.,90.0,20.0,2.75,1.4,2.97,1.45,3.0,1.48
2016-05-24,French Open,1st Round,Clay,Monaco J.,Istomin D.,92.0,64.0,1.28,3.5,1.17,6.13,1.32,6.15
2016-05-24,French Open,1st Round,Clay,Ferrer D.,Donskoy E.,11.0,75.0,1.05,11.0,1.06,12.52,1.06,13.0
2016-05-24,French Open,1st Round,Clay,Tsonga J.W.,Struff J.L.,7.0,101.0,1.12,6.0,1.17,5.91,1.17,6.14
2016-05-24,French Open,1st Round,Clay,Mathieu P.H.,Giraldo S.,65.0,122.0,1.57,2.25,1.65,2.4,1.66,2.5
2016-05-24,French Open,1st Round,Clay,Garcia-Lopez G.,De Bakker T.,51.0,120.0,1.18,4.5,1.31,3.85,1.31,4.75
2016-05-24,French Open,1st Round,Clay,Berlocq C.,Lorenzi P.,126.0,54.0,1.72,2.0,1.81,2.11,1.86,2.11
2016-05-24,French Open,1st Round,Clay,Gulbis E.,Seppi A.,80.0,38.0,1.72,2.0,1.9,2.01,1.92,2.02
2016-05-24,French Open,1st Round,Clay,Goffin D.,Barrere G.,13.0,242.0,1.01,26.0,1.02,24.52,1.02,27.25
2016-05-24,French Open,1st Round,Clay,Granollers M.,Fognini F.,56.0,33.0,2.75,1.4,2.86,1.48,2.86,1.51
2016-05-24,French Open,1st Round,Clay,Sousa J.,Dzumhur D.,29.0,73.0,1.53,2.37,1.75,2.2,1.75,2.45
2016-05-24,French Open,1st Round,Clay,Bautista Agut R.,Tursunov D.,16.0,480.0,1.02,17.0,1.04,15.92,1.05,17.0
2016-05-24,French Open,1st Round,Clay,Carreno Busta P.,Delbonis F.,43.0,35.0,2.37,1.53,2.41,1.64,2.45,1.64
2016-05-24,French Open,1st Round,Clay,Cuevas P.,Kamke T.,27.0,155.0,1.11,6.5,1.11,8.2,1.13,8.5
2016-05-24,French Open,1st Round,Clay,Coric B.,Fritz T.,47.0,67.0,1.28,3.5,1.31,3.85,1.33,3.85
2016-05-24,French Open,1st Round,Clay,Jaziri M.,Mayer F.,72.0,236.0,1.61,2.2,1.68,2.34,1.68,2.34
2016-05-24,French Open,1st Round,Clay,Bedene A.,Melzer G.,66.0,129.0,1.44,2.62,1.55,2.64,1.55,2.65
2016-05-24,French Open,1st Round,Clay,Tomic B.,Baker B.,22.0,662.0,1.36,3.0,1.39,3.28,1.44,3.28
2016-05-24,French Open,1st Round,Clay,Estrella Burgos V.,Marchenko I.,87.0,71.0,1.5,2.5,1.59,2.52,1.59,2.62
2016-05-24,French Open,1st Round,Clay,Thiem D.,Cervantes I.,15.0,69.0,1.06,10.0,1.05,13.89,1.06,13.89
2016-05-24,French Open,1st Round,Clay,Berdych T.,Pospisil V.,8.0,46.0,1.07,9.0,1.08,9.87,1.09,9.87
2016-05-24,French Open,1st Round,Clay,Darcis S.,Ilhan M.,161.0,198.0,1.36,3.0,1.42,3.14,1.44,3.2
2016-05-24,French Open,1st Round,Clay,Nadal R.,Groth S.,5.0,100.0,1.005,34.0,1.01,41.0,1.01,49.75
2016-05-24,French Open,1st Round,Clay,Pouille L.,Benneteau J.,31.0,548.0,1.16,5.0,1.21,5.11,1.27,5.11
2016-05-24,French Open,1st Round,Clay,Isner J.,Millman J.,17.0,61.0,1.16,5.0,1.21,5.0,1.21,5.25
2016-05-24,French Open,1st Round,Clay,Murray A.,Stepanek R.,2.0,128.0,1.02,19.0,1.02,21.68,1.03,27.25
2016-05-24,French Open,1st Round,Clay,Halys Q.,Chung H.,154.0,111.0,1.66,2.1,1.87,2.04,1.93,2.15
2016-05-24,French Open,1st Round,Clay,Bagnis F.,De Schepper K.,99.0,143.0,1.66,2.1,1.68,2.33,1.8,2.33
2016-05-24,French Open,1st Round,Clay,Lopez F.,Fabbiano T.,23.0,117.0,1.22,4.0,1.24,4.55,1.29,4.55
2016-05-25,French Open,2nd Round,Clay,Isner J.,Edmund K.,17.0,82.0,1.57,2.25,1.65,2.4,1.65,2.45
2016-05-25,French Open,2nd Round,Clay,Raonic M.,Mannarino A.,9.0,58.0,1.07,9.0,1.08,10.16,1.08,10.16
2016-05-25,French Open,2nd Round,Clay,Martin A.,Pouille L.,133.0,31.0,5.5,1.14,5.85,1.17,5.85,1.17
2016-05-25,French Open,2nd Round,Clay,Gasquet R.,Fratangelo B.,12.0,103.0,1.05,11.0,1.08,10.44,1.08,11.5
2016-05-25,French Open,2nd Round,Clay,Troicki V.,Lajovic D.,24.0,81.0,1.36,3.0,1.5,2.8,1.5,3.2
2016-05-25,French Open,2nd Round,Clay,Simon G.,Pella G.,18.0,48.0,1.36,3.0,1.42,3.11,1.43,3.11
2016-05-25,French Open,2nd Round,Clay,Kyrgios N.,Sijsling I.,19.0,123.0,1.03,15.0,1.04,15.92,1.04,17.0
2016-05-25,French Open,2nd Round,Clay,Murray A.,Bourgue M.,2.0,164.0,1.005,34.0,1.01,41.0,1.01,51.0
2016-05-25,French Open,2nd Round,Clay,Nishikori K.,Kuznetsov An.,6.0,40.0,1.07,9.0,1.08,10.16,1.08,10.25
2016-05-25,French Open,2nd Round,Clay,Chardy J.,Pavlasek A.,32.0,132.0,1.11,6.5,1.13,7.5,1.14,7.5
2016-05-25,French Open,2nd Round,Clay,Wawrinka S.,Daniel T.,4.0,93.0,1.02,17.0,1.03,20.5,1.03,20.5
2016-05-25,French Open,2nd Round,Clay,Gabashvili T.,Paire B.,79.0,21.0,2.75,1.4,2.94,1.46,3.0,1.49
2016-05-25,French Open,2nd Round,Clay,Sock J.,Brown D.,25.0,116.0,1.18,4.5,1.24,4.65,1.25,4.65
2016-05-25,French Open,2nd Round,Clay,Verdasco F.,Dodig I.,52.0,77.0,1.22,4.0,1.27,4.22,1.27,4.5
2016-05-25,French Open,2nd Round,Clay,Karlovic I.,Thompson J.,28.0,94.0,1.44,2.62,1.53,2.7,1.53,2.8
2016-05-25,French Open,1st Round,Clay,Zverev A.,Herbert P.H.,41.0,84.0,1.3,3.4,1.32,3.79,1.33,3.79
2016-05-25,French Open,2nd Round,Clay,Ramos-Vinolas A.,Trungelliti M.,55.0,166.0,1.22,4.0,1.27,4.26,1.29,4.32
2016-05-26,French Open,2nd Round,Clay,Zverev A.,Robert S.,41.0,90.0,1.3,3.4,1.4,3.22,1.4,3.4
2016-05-26,French Open,2nd Round,Clay,Ferrer D.,Monaco J.,11.0,92.0,1.3,3.4,1.36,3.35,1.36,3.55
2016-05-26,French Open,2nd Round,Clay,Lopez F.,Estrella Burgos V.,23.0,87.0,1.36,3.0,1.44,3.01,1.44,3.05
2016-05-26,French Open,2nd Round,Clay,Almagro N.,Vesely J.,49.0,60.0,1.36,3.0,1.47,2.9,1.48,3.0
2016-05-26,French Open,2nd Round,Clay,Granollers M.,Mahut N.,56.0,44.0,1.36,3.0,1.45,3.0,1.46,3.1
2016-05-26,French Open,2nd Round,Clay,Goffin D.,Berlocq C.,13.0,126.0,1.12,6.0,1.16,6.16,1.16,6.4
2016-05-26,French Open,2nd Round,Clay,Tsonga J.W.,Baghdatis M.,7.0,39.0,1.12,6.0,1.14,6.93,1.17,6.93
2016-05-26,French Open,2nd Round,Clay,Djokovic N.,Darcis S.,1.0,161.0,1.005,34.0,1.01,41.0,1.01,52.25
2016-05-26,French Open,2nd Round,Clay,Thiem D.,Garcia-Lopez G.,15.0,51.0,1.2,4.33,1.2,5.24,1.2,5.24
2016-05-26,French Open,2nd Round,Clay,Nadal R.,Bagnis F.,5.0,99.0,1.005,34.0,1.01,31.0,1.01,42.25
2016-05-26,French Open,2nd Round,Clay,Bautista Agut R.,Mathieu P.H.,16.0,65.0,1.16,5.0,1.21,5.12,1.21,5.25
2016-05-26,French Open,2nd Round,Clay,Coric B.,Tomic B.,47.0,22.0,1.18,4.5,1.26,4.34,1.26,4.6
2016-05-26,French Open,2nd Round,Clay,Gulbis E.,Sousa J.,80.0,29.0,2.2,1.61,2.2,1.75,2.25,1.75
2016-05-26,French Open,2nd Round,Clay,Berdych T.,Jaziri M.,8.0,72.0,1.05,11.0,1.08,10.44,1.08,12.1
2016-05-26,French Open,2nd Round,Clay,Cuevas P.,Halys Q.,27.0,154.0,1.14,5.5,1.16,6.16,1.17,6.55
2016-05-26,French Open,2nd Round,Clay,Bedene A.,Carreno Busta P.,66.0,43.0,4.0,1.22,3.9,1.3,4.33,1.3
2016-05-27,French Open,3rd Round,Clay,Troicki V.,Simon G.,24.0,18.0,3.4,1.33,3.67,1.34,3.68,1.38
2016-05-27,French Open,3rd Round,Clay,Wawrinka S.,Chardy J.,4.0,32.0,1.14,5.5,1.18,5.77,1.19,5.77
2016-05-27,French Open,3rd Round,Clay,Isner J.,Gabashvili T.,17.0,79.0,1.5,2.62,1.53,2.74,1.61,2.76
2016-05-27,French Open,3rd Round,Clay,Gasquet R.,Kyrgios N.,12.0,19.0,2.1,1.72,2.17,1.79,2.17,1.91
2016-05-27,French Open,3rd Round,Clay,Murray A.,Karlovic I.,2.0,28.0,1.06,10.0,1.08,10.36,1.08,11.44
2016-05-27,French Open,3rd Round,Clay,Ramos-Vinolas A.,Sock J.,55.0,25.0,2.62,1.5,2.7,1.54,2.7,1.56
2016-05-27,French Open,3rd Round,Clay,Raonic M.,Martin A.,9.0,133.0,1.03,15.0,1.04,16.32,1.04,18.5
2016-05-27,French Open,3rd Round,Clay,Nishikori K.,Verdasco F.,6.0,52.0,1.12,6.0,1.15,6.55,1.17,6.79
2016-05-28,French Open,3rd Round,Clay,Berdych T.,Cuevas P.,8.0,27.0,1.61,2.3,1.7,2.31,1.71,2.38
2016-05-28,French Open,3rd Round,Clay,Djokovic N.,Bedene A.,1.0,66.0,1.005,34.0,1.01,41.0,1.02,41.0
2016-05-28,French Open,3rd Round,Clay,Bautista Agut R.,Coric B.,16.0,47.0,1.4,3.0,1.41,3.21,1.44,3.25
2016-05-28,French Open,3rd Round,Clay,Gulbis E.,Tsonga J.W.,80.0,7.0,2.75,1.44,2.8,1.51,2.9,1.51
2016-05-28,French Open,3rd Round,Clay,Ferrer D.,Lopez F.,11.0,23.0,1.16,5.0,1.19,5.61,1.21,5.61
2016-05-28,French Open,3rd Round,Clay,Thiem D.,Zverev A.,15.0,41.0,1.22,4.33,1.24,4.72,1.27,4.72
2016-05-28,French Open,3rd Round,Clay,Granollers M.,Nadal R.,56.0,5.0,19.0,1.02,22.73,1.03,25.0,1.03
2016-05-28,French Open,3rd Round,Clay,Goffin D.,Almagro N.,13.0,49.0,1.44,2.75,1.49,2.87,1.53,2.87
2016-05-29,French Open,4th Round,Clay,Ramos-Vinolas A.,Raonic M.,55.0,9.0,4.5,1.2,5.01,1.22,5.5,1.23
2016-05-29,French Open,4th Round,Clay,Wawrinka S.,Troicki V.,4.0,24.0,1.1,7.0,1.12,8.03,1.14,8.03
2016-05-29,French Open,4th Round,Clay,Murray A.,Isner J.,2.0,17.0,1.08,8.0,1.09,9.81,1.1,10.0
2016-05-29,French Open,4th Round,Clay,Gasquet R.,Nishikori K.,12.0,6.0,3.0,1.4,3.22,1.41,3.22,1.46
2016-06-01,French Open,4th Round,Clay,Djokovic N.,Bautista Agut R.,1.0,16.0,1.01,21.0,1.03,14.73,1.02,25.49
2016-06-01,French Open,4th Round,Clay,Goffin D.,Gulbis E.,13.0,80.0,1.33,3.4,1.51,2.65,1.35,3.75
2016-06-01,French Open,4th Round,Clay,Berdych T.,Ferrer D.,8.0,11.0,2.2,1.66,2.23,1.69,2.3,1.78
2016-06-01,French Open,4th Round,Clay,Thiem D.,Granollers M.,15.0,56.0,1.1,7.0,1.23,4.44,1.11,9.0
2016-06-01,French Open,Quarterfinals,Clay,Murray A.,Gasquet R.,2.0,12.0,1.33,3.5,1.35,3.61,1.36,3.75
2016-06-01,French Open,Quarterfinals,Clay,Wawrinka S.,Ramos-Vinolas A.,4.0,55.0,1.11,6.5,1.12,7.66,1.13,7.66
2016-06-02,French Open,Quarterfinals,Clay,Thiem D.,Goffin D.,15.0,13.0,1.53,2.5,1.67,2.37,1.7,2.5
2016-06-02,French Open,Quarterfinals,Clay,Djokovic N.,Berdych T.,1.0,8.0,1.06,10.0,1.07,9.9,1.1,11.45
2016-06-03,French Open,Semifinals,Clay,Murray A.,Wawrinka S.,2.0,4.0,1.72,2.1,1.8,2.18,1.82,2.2
2016-06-03,French Open,Semifinals,Clay,Djokovic N.,Thiem D.,1.0,15.0,1.08,8.0,1.11,8.75,1.12,8.75
2016-06-05,French Open,The Final,Clay,Djokovic N.,Murray A.,1.0,2.0,1.3,3.5,1.35,3.67,1.35,3.8
2016-06-06,Topshelf Open,1st Round,Grass,Mathieu P.H.,Ram R.,60.0,72.0,2.0,1.72,2.16,1.76,2.25,1.8
2016-06-06,Topshelf Open,1st Round,Grass,Mahut N.,Lacko L.,49.0,119.0,1.22,4.0,1.32,3.67,1.32,4.2
2016-06-06,Topshelf Open,1st Round,Grass,Kozlov S.,Nishioka Y.,196.0,117.0,1.72,2.0,1.96,1.93,1.96,2.1
2016-06-06,Topshelf Open,1st Round,Grass,Bedene A.,Escobedo E.,58.0,273.0,1.28,3.5,1.35,3.44,1.36,3.55
2016-06-06,Topshelf Open,1st Round,Grass,Querrey S.,Becker B.,37.0,116.0,1.36,3.0,1.47,2.87,1.47,3.1
2016-06-06,Mercedes Cup,1st Round,Grass,Groth S.,Marchenko I.,115.0,73.0,1.8,1.9,1.81,2.1,1.85,2.12
2016-06-06,Mercedes Cup,1st Round,Grass,Berrer M.,Jaziri M.,121.0,63.0,1.72,2.0,1.76,2.16,1.8,2.18
2016-06-07,Mercedes Cup,1st Round,Grass,Stakhovsky S.,Choinski J.,100.0,429.0,1.08,8.0,1.07,10.92,1.08,11.0
2016-06-07,Mercedes Cup,1st Round,Grass,Kohlschreiber P.,Herbert P.H.,26.0,79.0,1.28,3.5,1.3,3.82,1.31,4.15
2016-06-07,Mercedes Cup,1st Round,Grass,Youzhny M.,Lopez F.,76.0,22.0,3.0,1.36,3.14,1.41,3.3,1.41
2016-06-07,Mercedes Cup,1st Round,Grass,Kudla D.,Lajovic D.,56.0,80.0,1.28,3.5,1.32,3.67,1.33,3.85
2016-06-07,Mercedes Cup,1st Round,Grass,Fritz T.,Martin F.,65.0,,1.28,3.5,1.3,3.82,1.33,3.82
2016-06-07,Mercedes Cup,1st Round,Grass,Struff J.L.,Baghdatis M.,89.0,41.0,3.5,1.28,4.23,1.26,4.23,1.3
2016-06-07,Mercedes Cup,1st Round,Grass,Millman J.,Pouille L.,66.0,29.0,1.61,2.2,1.68,2.3,1.69,2.4
2016-06-07,Mercedes Cup,1st Round,Grass,Mayer F.,Troicki V.,226.0,21.0,2.62,1.44,3.0,1.44,3.0,1.53
2016-06-07,Mercedes Cup,1st Round,Grass,Stepanek R.,Istomin D.,129.0,64.0,1.44,2.62,1.45,2.94,1.48,2.94
2016-06-07,Mercedes Cup,1st Round,Grass,Del Potro J.M.,Dimitrov G.,223.0,36.0,1.9,1.8,1.93,1.96,2.0,2.0
2016-06-07,Topshelf Open,1st Round,Grass,Ito T.,Dodig I.,105.0,70.0,3.0,1.36,3.34,1.37,3.35,1.38
2016-06-07,Topshelf Open,1st Round,Grass,Sijsling I.,Cervantes I.,118.0,74.0,1.3,3.4,1.35,3.45,1.36,3.5
2016-06-07,Topshelf Open,1st Round,Grass,Medvedev D.,Zeballos H.,256.0,92.0,1.44,2.62,1.47,2.86,1.53,2.86
2016-06-07,Topshelf Open,1st Round,Grass,Sela D.,Novikov D.,68.0,146.0,1.4,2.75,1.5,2.76,1.51,2.76
2016-06-07,Topshelf Open,1st Round,Grass,Muller G.,Haase R.,44.0,82.0,1.4,2.75,1.49,2.8,1.49,2.8
2016-06-07,Topshelf Open,1st Round,Grass,Garcia-Lopez G.,Pospisil V.,53.0,46.0,2.0,1.72,2.2,1.74,2.2,1.84
2016-06-07,Topshelf Open,1st Round,Grass,Mannarino A.,Seppi A.,55.0,40.0,1.72,2.0,1.85,2.04,1.87,2.05
2016-06-08,Topshelf Open,2nd Round,Grass,Mahut N.,Mathieu P.H.,49.0,60.0,1.33,3.25,1.29,4.02,1.33,4.02
2016-06-08,Mercedes Cup,2nd Round,Grass,Kohlschreiber P.,Kudla D.,26.0,56.0,1.18,4.5,1.18,5.68,1.21,5.68
2016-06-08,Mercedes Cup,2nd Round,Grass,Mayer F.,Berrer M.,226.0,121.0,1.4,2.75,1.42,3.02,1.47,3.02
2016-06-08,Topshelf Open,2nd Round,Grass,Querrey S.,Ito T.,37.0,105.0,1.18,4.5,1.23,4.72,1.23,4.75
2016-06-08,Topshelf Open,2nd Round,Grass,Tomic B.,Bedene A.,23.0,58.0,1.33,3.25,1.37,3.32,1.4,3.32
2016-06-08,Topshelf Open,2nd Round,Grass,Kozlov S.,Johnson S.,196.0,39.0,4.0,1.22,4.73,1.23,4.73,1.25
2016-06-09,Mercedes Cup,2nd Round,Grass,Stepanek R.,Cilic M.,129.0,13.0,2.75,1.4,2.8,1.5,2.8,1.51
2016-06-09,Mercedes Cup,2nd Round,Grass,Simon G.,Struff J.L.,18.0,89.0,1.36,3.0,1.38,3.33,1.4,3.33
2016-06-09,Mercedes Cup,2nd Round,Grass,Federer R.,Fritz T.,3.0,65.0,1.07,8.0,1.11,9.0,1.11,14.5
2016-06-09,Mercedes Cup,2nd Round,Grass,Thiem D.,Groth S.,7.0,115.0,1.4,2.75,1.49,2.74,1.5,3.0
2016-06-09,Mercedes Cup,2nd Round,Grass,Del Potro J.M.,Millman J.,223.0,66.0,1.18,4.5,1.18,5.76,1.22,5.76
2016-06-09,Mercedes Cup,2nd Round,Grass,Youzhny M.,Stakhovsky S.,76.0,100.0,1.61,2.2,1.67,2.35,1.73,2.4
2016-06-09,Topshelf Open,2nd Round,Grass,Mannarino A.,Medvedev D.,55.0,256.0,1.33,3.25,1.38,3.34,1.43,3.35
2016-06-09,Topshelf Open,2nd Round,Grass,Ferrer D.,Sela D.,14.0,68.0,1.25,3.75,1.29,4.03,1.36,4.03
2016-06-09,Topshelf Open,2nd Round,Grass,Karlovic I.,Sijsling I.,28.0,118.0,1.4,2.75,1.39,3.28,1.44,3.28
2016-06-09,Topshelf Open,2nd Round,Grass,Muller G.,Garcia-Lopez G.,44.0,53.0,1.44,2.62,1.56,2.61,1.56,2.65
2016-06-10,Topshelf Open,Quarterfinals,Grass,Mahut N.,Tomic B.,49.0,23.0,1.8,1.9,1.96,1.9,1.96,2.03
2016-06-10,Topshelf Open,Quarterfinals,Grass,Querrey S.,Kozlov S.,37.0,196.0,1.18,4.5,1.17,5.93,1.23,5.93
2016-06-10,Topshelf Open,Quarterfinals,Grass,Muller G.,Ferrer D.,44.0,14.0,2.1,1.66,2.1,1.84,2.1,1.84
2016-06-10,Topshelf Open,Quarterfinals,Grass,Karlovic I.,Mannarino A.,28.0,55.0,1.44,2.62,1.55,2.67,1.61,2.67
2016-06-10,Mercedes Cup,Quarterfinals,Grass,Del Potro J.M.,Simon G.,223.0,18.0,1.4,2.75,1.47,2.93,1.48,3.0
2016-06-10,Mercedes Cup,Quarterfinals,Grass,Thiem D.,Youzhny M.,7.0,76.0,1.4,2.75,1.43,2.98,1.51,2.98
2016-06-10,Mercedes Cup,Quarterfinals,Grass,Federer R.,Mayer F.,3.0,226.0,1.12,6.0,1.13,7.7,1.17,7.7
2016-06-10,Mercedes Cup,Quarterfinals,Grass,Kohlschreiber P.,Stepanek R.,26.0,129.0,1.44,2.62,1.53,2.72,1.57,2.72
2016-06-11,Mercedes Cup,Semifinals,Grass,Kohlschreiber P.,Del Potro J.M.,26.0,223.0,2.0,1.8,2.17,1.79,2.17,1.91
2016-06-11,Mercedes Cup,Semifinals,Grass,Thiem D.,Federer R.,7.0,3.0,3.5,1.3,3.92,1.31,3.92,1.36
2016-06-11,Topshelf Open,Semifinals,Grass,Mahut N.,Querrey S.,49.0,37.0,1.66,2.2,1.72,2.27,1.72,2.35
2016-06-11,Topshelf Open,Semifinals,Grass,Muller G.,Karlovic I.,44.0,28.0,2.1,1.72,2.15,1.8,2.2,1.8
2016-06-12,Topshelf Open,The Final,Grass,Mahut N.,Muller G.,49.0,44.0,1.72,2.1,1.86,2.07,1.91,2.1
2016-06-12,Mercedes Cup,The Final,Grass,Thiem D.,Kohlschreiber P.,7.0,26.0,2.37,1.57,2.52,1.61,2.55,1.69
2016-06-13,Gerry Weber Open,1st Round,Grass,Seppi A.,Ferrer D.,40.0,14.0,3.25,1.33,3.3,1.38,3.65,1.38
2016-06-13,Gerry Weber Open,1st Round,Grass,Becker B.,Gulbis E.,114.0,58.0,1.9,1.8,1.96,1.9,1.97,1.92
2016-06-13,AEGON Championships,1st Round,Grass,Johnson S.,Gasquet R.,39.0,10.0,5.5,1.14,6.65,1.14,6.65,1.17
2016-06-13,Gerry Weber Open,1st Round,Grass,Stakhovsky S.,Kudla D.,100.0,59.0,1.72,2.0,1.86,2.03,1.86,2.1
2016-06-13,Gerry Weber Open,1st Round,Grass,Nishikori K.,Pouille L.,6.0,29.0,1.07,9.0,1.07,10.91,1.08,11.25
2016-06-13,Gerry Weber Open,1st Round,Grass,Goffin D.,Coric B.,11.0,49.0,1.2,4.33,1.21,4.89,1.23,4.89
2016-06-14,AEGON Championships,1st Round,Grass,Bautista Agut R.,Querrey S.,16.0,32.0,1.83,1.83,1.9,1.99,1.91,2.0
2016-06-14,AEGON Championships,1st Round,Grass,Mannarino A.,Garcia-Lopez G.,56.0,53.0,1.5,2.5,1.56,2.59,1.56,2.6
2016-06-14,AEGON Championships,1st Round,Grass,Cilic M.,Lopez F.,13.0,21.0,1.72,2.0,1.79,2.12,1.83,2.2
2016-06-14,AEGON Championships,1st Round,Grass,Young D.,Pospisil V.,75.0,46.0,2.37,1.53,2.37,1.63,2.5,1.63
2016-06-14,AEGON Championships,1st Round,Grass,Murray A.,Mahut N.,2.0,61.0,1.12,6.0,1.11,8.05,1.13,8.05
2016-06-14,AEGON Championships,1st Round,Grass,Tomic B.,Anderson K.,22.0,20.0,2.1,1.66,2.16,1.76,2.2,1.76
2016-06-14,AEGON Championships,1st Round,Grass,Vesely J.,Chardy J.,68.0,33.0,2.25,1.57,2.28,1.67,2.38,1.71
2016-06-14,AEGON Championships,1st Round,Grass,Tipsarevic J.,Dimitrov G.,553.0,37.0,4.33,1.2,4.44,1.25,4.5,1.27
2016-06-14,AEGON Championships,1st Round,Grass,Bedene A.,Paire B.,57.0,23.0,1.66,2.1,1.71,2.25,1.73,2.25
2016-06-14,AEGON Championships,1st Round,Grass,Muller G.,Ward J.,41.0,178.0,1.2,4.33,1.26,4.2,1.35,4.33
2016-06-14,Gerry Weber Open,1st Round,Grass,Mayer F.,Baker B.,192.0,594.0,1.18,4.5,1.18,5.4,1.2,5.5
2016-06-14,Gerry Weber Open,1st Round,Grass,Brown D.,Ramos-Vinolas A.,87.0,35.0,1.22,4.0,1.28,4.06,1.29,4.5
2016-06-14,Gerry Weber Open,1st Round,Grass,Baghdatis M.,Berdych T.,42.0,8.0,3.4,1.3,3.7,1.32,3.75,1.36
2016-06-14,Gerry Weber Open,1st Round,Grass,Karlovic I.,Kuznetsov An.,28.0,43.0,1.4,2.75,1.41,3.1,1.44,3.1
2016-06-14,Gerry Weber Open,1st Round,Grass,Zverev A.,Troicki V.,38.0,24.0,1.66,2.1,1.82,2.04,1.82,2.2
2016-06-14,Gerry Weber Open,1st Round,Grass,Sugita Y.,Fritz T.,102.0,63.0,2.62,1.44,2.58,1.56,2.65,1.56
2016-06-14,Gerry Weber Open,1st Round,Grass,Jaziri M.,Berankis R.,64.0,55.0,2.37,1.53,2.46,1.61,2.5,1.62
2016-06-14,AEGON Championships,1st Round,Grass,Verdasco F.,Wawrinka S.,52.0,5.0,3.5,1.28,3.9,1.29,4.0,1.33
2016-06-15,AEGON Championships,1st Round,Grass,Raonic M.,Kyrgios N.,9.0,19.0,2.0,1.72,2.04,1.82,2.2,1.82
2016-06-15,AEGON Championships,1st Round,Grass,Isner J.,Del Potro J.M.,17.0,166.0,2.25,1.57,2.3,1.68,2.3,1.68
2016-06-15,AEGON Championships,2nd Round,Grass,Johnson S.,Mannarino A.,39.0,56.0,2.25,1.57,2.37,1.66,2.58,1.66
2016-06-15,AEGON Championships,2nd Round,Grass,Cilic M.,Tipsarevic J.,13.0,553.0,1.2,4.33,1.19,5.5,1.22,5.5
2016-06-15,AEGON Championships,1st Round,Grass,Mathieu P.H.,Evans D.,60.0,92.0,1.53,2.37,1.57,2.55,1.58,2.55
2016-06-15,AEGON Championships,1st Round,Grass,Edmund K.,Simon G.,85.0,18.0,3.75,1.25,4.67,1.23,4.67,1.25
2016-06-15,Gerry Weber Open,2nd Round,Grass,Mayer F.,Nishikori K.,192.0,6.0,5.0,1.16,5.12,1.21,5.12,1.23
2016-06-15,Gerry Weber Open,2nd Round,Grass,Zverev A.,Becker B.,38.0,114.0,1.4,2.75,1.48,2.86,1.48,3.0
2016-06-15,Gerry Weber Open,1st Round,Grass,Kohlschreiber P.,Granollers M.,25.0,45.0,1.16,5.0,1.17,5.85,1.17,6.0
2016-06-15,Gerry Weber Open,1st Round,Grass,Gabashvili T.,Lorenzi P.,95.0,48.0,1.33,3.25,1.4,3.2,1.4,3.4
2016-06-15,Gerry Weber Open,1st Round,Grass,Federer R.,Struff J.L.,3.0,88.0,1.04,13.0,1.04,14.14,1.05,16.0
2016-06-15,Gerry Weber Open,1st Round,Grass,Thiem D.,Sousa J.,7.0,30.0,1.22,4.0,,,1.26,5.49
2016-06-15,Gerry Weber Open,2nd Round,Grass,Seppi A.,Sugita Y.,40.0,102.0,1.25,3.75,1.26,4.3,1.29,4.3
2016-06-15,Gerry Weber Open,2nd Round,Grass,Baghdatis M.,Brown D.,42.0,87.0,1.53,2.37,1.45,2.89,1.57,2.89
2016-06-16,AEGON Championships,2nd Round,Grass,Edmund K.,Mathieu P.H.,85.0,60.0,1.83,1.83,1.87,2.04,1.87,2.1
2016-06-16,AEGON Championships,2nd Round,Grass,Muller G.,Isner J.,41.0,17.0,2.2,1.61,2.37,1.66,2.38,1.69
2016-06-16,AEGON Championships,2nd Round,Grass,Raonic M.,Vesely J.,9.0,68.0,1.12,6.0,1.12,7.41,1.14,7.41
2016-06-16,AEGON Championships,2nd Round,Grass,Tomic B.,Verdasco F.,22.0,52.0,1.57,2.25,1.7,2.29,1.73,2.3
2016-06-16,Gerry Weber Open,2nd Round,Grass,Goffin D.,Stakhovsky S.,11.0,100.0,1.28,3.5,1.34,3.56,1.34,3.65
2016-06-16,Gerry Weber Open,2nd Round,Grass,Federer R.,Jaziri M.,3.0,64.0,1.03,15.0,1.04,15.91,1.04,15.91
2016-06-16,Gerry Weber Open,2nd Round,Grass,Thiem D.,Gabashvili T.,7.0,95.0,1.14,5.5,1.15,6.85,1.17,6.85
2016-06-16,Gerry Weber Open,2nd Round,Grass,Kohlschreiber P.,Karlovic I.,25.0,28.0,1.5,2.5,1.54,2.66,1.57,2.75
2016-06-16,AEGON Championships,2nd Round,Grass,Murray A.,Bedene A.,2.0,57.0,1.03,15.0,1.03,17.65,1.04,17.65
2016-06-17,AEGON Championships,Quarterfinals,Grass,Raonic M.,Bautista Agut R.,9.0,16.0,1.28,3.5,1.33,3.73,1.36,3.73
2016-06-17,AEGON Championships,Quarterfinals,Grass,Murray A.,Edmund K.,2.0,85.0,1.03,15.0,1.04,17.22,1.05,17.22
2016-06-17,AEGON Championships,Quarterfinals,Grass,Cilic M.,Johnson S.,13.0,39.0,1.3,3.4,1.34,3.62,1.36,3.8
2016-06-17,AEGON Championships,Quarterfinals,Grass,Tomic B.,Muller G.,22.0,41.0,1.8,1.9,1.94,1.98,1.94,2.0
2016-06-17,AEGON Championships,2nd Round,Grass,Bautista Agut R.,Young D.,16.0,75.0,1.25,3.75,1.27,4.18,1.29,4.18
2016-06-17,Gerry Weber Open,Quarterfinals,Grass,Thiem D.,Kohlschreiber P.,7.0,25.0,1.72,2.0,1.88,2.04,1.91,2.05
2016-06-17,Gerry Weber Open,Quarterfinals,Grass,Mayer F.,Seppi A.,192.0,40.0,2.5,1.5,2.7,1.54,2.7,1.59
2016-06-17,Gerry Weber Open,Quarterfinals,Grass,Federer R.,Goffin D.,3.0,11.0,1.12,6.0,1.17,6.0,1.17,6.1
2016-06-17,Gerry Weber Open,Quarterfinals,Grass,Zverev A.,Baghdatis M.,38.0,42.0,1.9,1.8,2.06,1.87,2.06,1.93
2016-06-18,Gerry Weber Open,Semifinals,Grass,Mayer F.,Thiem D.,192.0,7.0,4.5,1.2,4.74,1.24,4.78,1.26
2016-06-18,Gerry Weber Open,Semifinals,Grass,Zverev A.,Federer R.,38.0,3.0,4.5,1.2,5.21,1.2,5.21,1.25
2016-06-18,AEGON Championships,Semifinals,Grass,Murray A.,Cilic M.,2.0,13.0,1.16,5.0,1.18,5.85,1.18,5.85
2016-06-18,AEGON Championships,Semifinals,Grass,Raonic M.,Tomic B.,9.0,22.0,1.28,3.75,1.28,4.01,1.3,4.25
2016-06-19,AEGON Open,1st Round,Grass,Evans D.,Broady L.,95.0,234.0,1.3,3.4,1.39,3.2,1.44,3.5
2016-06-19,AEGON Open,1st Round,Grass,Donskoy E.,Kudla D.,79.0,66.0,4.5,1.18,4.66,1.23,4.9,1.25
2016-06-19,AEGON Championships,The Final,Grass,Murray A.,Raonic M.,2.0,9.0,1.33,3.4,1.38,3.36,1.38,3.7
2016-06-19,Gerry Weber Open,The Final,Grass,Mayer F.,Zverev A.,192.0,38.0,2.75,1.44,2.87,1.49,2.88,1.53
2016-06-19,AEGON Open,1st Round,Grass,Mannarino A.,Fritz T.,54.0,63.0,1.4,2.75,1.43,2.98,1.5,3.0
2016-06-20,AEGON Open,1st Round,Grass,Robert S.,Klein B.,81.0,257.0,1.4,2.75,1.44,3.0,1.45,3.0
2016-06-20,AEGON Open,1st Round,Grass,Dodig I.,Benneteau J.,76.0,547.0,1.5,2.5,1.6,2.42,1.73,2.55
2016-06-20,AEGON Open,1st Round,Grass,Edmund K.,Rosol L.,68.0,75.0,1.53,2.37,1.62,2.38,1.62,2.5
2016-06-20,AEGON Open,1st Round,Grass,Dancevic F.,Ward A.,292.0,244.0,1.57,2.25,1.58,2.52,1.58,2.55
2016-06-20,AEGON Open,1st Round,Grass,Vesely J.,Zeballos H.,64.0,85.0,1.2,4.33,1.24,4.58,1.24,5.25
2016-06-20,AEGON Open,1st Round,Grass,Estrella Burgos V.,Ram R.,78.0,74.0,3.5,1.28,4.05,1.28,4.26,1.3
2016-06-20,AEGON Open,1st Round,Grass,Jaziri M.,Ward J.,60.0,177.0,1.8,1.9,1.76,2.12,1.85,2.12
2016-06-20,AEGON Open,1st Round,Grass,Sela D.,Hernych J.,71.0,324.0,1.4,2.75,1.51,2.73,1.55,2.75
2016-06-20,AEGON Open,1st Round,Grass,Millman J.,Bellucci T.,67.0,62.0,1.4,2.75,1.49,2.8,1.5,3.1
2016-06-20,AEGON Open,1st Round,Grass,Escobedo E.,Schwartzman D.,277.0,72.0,1.44,2.62,1.57,2.55,1.6,2.63
2016-06-20,AEGON Open,1st Round,Grass,Becker B.,Thompson J.,103.0,91.0,1.72,2.0,1.67,2.33,1.77,2.35
2016-06-20,AEGON Open,1st Round,Grass,Youzhny M.,Gabashvili T.,73.0,104.0,1.36,3.0,1.43,3.05,1.44,3.1
2016-06-21,AEGON Open,2nd Round,Grass,Cuevas P.,Robert S.,25.0,81.0,1.83,1.83,1.93,1.98,1.98,2.1
2016-06-21,AEGON Open,2nd Round,Grass,Anderson K.,Dodig I.,24.0,76.0,1.28,3.5,1.34,3.6,1.34,3.62
2016-06-21,AEGON Open,2nd Round,Grass,Johnson S.,Millman J.,38.0,67.0,1.4,2.75,1.52,2.67,1.52,2.88
2016-06-21,AEGON Open,2nd Round,Grass,Pospisil V.,Dzumhur D.,44.0,90.0,1.36,3.0,1.26,4.24,1.43,4.24
2016-06-21,AEGON Open,2nd Round,Grass,Evans D.,Berankis R.,95.0,53.0,2.2,1.61,2.19,1.72,2.3,1.73
2016-06-21,AEGON Open,2nd Round,Grass,Dolgopolov O.,Edmund K.,32.0,68.0,2.0,1.72,2.17,1.78,2.17,1.8
2016-06-21,AEGON Open,2nd Round,Grass,Seppi A.,Jaziri M.,57.0,60.0,1.25,3.75,1.3,3.92,1.3,4.0
2016-06-21,AEGON Open,2nd Round,Grass,Dancevic F.,Kukushkin M.,292.0,56.0,2.5,1.5,2.6,1.56,2.79,1.56
2016-06-21,AEGON Open,2nd Round,Grass,Youzhny M.,Carreno Busta P.,73.0,45.0,1.28,3.5,1.27,4.26,1.3,4.5
2016-06-21,AEGON Open,2nd Round,Grass,Mannarino A.,Lorenzi P.,54.0,48.0,1.11,6.5,1.08,11.17,1.12,11.17
2016-06-21,AEGON Open,2nd Round,Grass,Baghdatis M.,Donskoy E.,40.0,79.0,1.16,5.0,1.17,6.02,1.18,6.02
2016-06-21,AEGON Open,2nd Round,Grass,Muller G.,Vesely J.,41.0,64.0,1.36,3.0,1.41,3.17,1.41,3.2
2016-06-21,AEGON Open,2nd Round,Grass,Becker B.,Pella G.,103.0,51.0,1.25,3.75,1.28,4.14,1.3,4.4
2016-06-21,AEGON Open,2nd Round,Grass,Sela D.,Sousa J.,71.0,30.0,1.8,1.9,1.95,1.95,1.95,1.96
2016-06-21,AEGON Open,2nd Round,Grass,Querrey S.,Escobedo E.,33.0,277.0,1.16,5.0,1.2,5.27,1.22,5.5
2016-06-21,AEGON Open,1st Round,Grass,Dzumhur D.,Istomin D.,90.0,65.0,4.5,1.18,4.83,1.22,5.0,1.22
2016-06-21,AEGON Open,2nd Round,Grass,Verdasco F.,Estrella Burgos V.,52.0,78.0,1.14,5.5,1.18,5.64,1.18,6.0
2016-06-22,AEGON Open,3rd Round,Grass,Johnson S.,Pospisil V.,38.0,44.0,1.53,2.37,1.59,2.52,1.6,2.55
2016-06-22,AEGON Open,3rd Round,Grass,Anderson K.,Verdasco F.,24.0,52.0,1.61,2.2,1.65,2.38,1.73,2.4
2016-06-22,AEGON Open,3rd Round,Grass,Muller G.,Youzhny M.,41.0,73.0,1.4,2.75,1.48,2.86,1.49,2.9
2016-06-22,AEGON Open,3rd Round,Grass,Dolgopolov O.,Dancevic F.,32.0,292.0,1.22,4.0,1.26,4.34,1.26,4.4
2016-06-22,AEGON Open,3rd Round,Grass,Cuevas P.,Evans D.,25.0,95.0,1.53,2.37,1.57,2.5,1.62,2.5
2016-06-22,AEGON Open,3rd Round,Grass,Sela D.,Becker B.,71.0,103.0,2.2,1.61,2.22,1.74,2.25,1.77
2016-06-22,AEGON Open,3rd Round,Grass,Baghdatis M.,Querrey S.,40.0,33.0,1.72,2.0,1.83,2.09,1.86,2.1
2016-06-22,AEGON Open,3rd Round,Grass,Seppi A.,Mannarino A.,57.0,54.0,2.1,1.66,2.2,1.75,2.2,1.77
2016-06-23,AEGON Open,Quarterfinals,Grass,Muller G.,Dolgopolov O.,41.0,32.0,1.66,2.1,1.79,2.15,1.79,2.2
2016-06-23,AEGON Open,Quarterfinals,Grass,Cuevas P.,Baghdatis M.,25.0,40.0,3.75,1.25,3.56,1.34,3.75,1.34
2016-06-23,AEGON Open,Quarterfinals,Grass,Seppi A.,Sela D.,57.0,71.0,1.3,3.4,1.31,3.85,1.38,3.85
2016-06-24,AEGON Open,Quarterfinals,Grass,Johnson S.,Anderson K.,38.0,24.0,2.62,1.44,2.73,1.52,2.75,1.52
2016-06-24,AEGON Open,Semifinals,Grass,Cuevas P.,Muller G.,25.0,41.0,3.5,1.3,3.45,1.37,3.65,1.37
2016-06-24,AEGON Open,Semifinals,Grass,Johnson S.,Seppi A.,38.0,57.0,1.66,2.2,1.67,2.37,1.8,2.38
2016-06-25,AEGON Open,The Final,Grass,Johnson S.,Cuevas P.,38.0,25.0,1.5,2.62,1.51,2.8,1.56,2.8
2016-06-27,Wimbledon,1st Round,Grass,Bellucci T.,Bemelmans R.,62.0,193.0,1.9,1.9,1.95,1.95,2.0,2.0
2016-06-27,Wimbledon,1st Round,Grass,Dolgopolov O.,Donskoy E.,33.0,78.0,1.14,5.5,1.18,5.63,1.19,5.75
2016-06-27,Wimbledon,1st Round,Grass,Roger-Vasselin E.,Gabashvili T.,186.0,103.0,1.8,2.0,1.88,2.02,1.9,2.04
2016-06-27,Wimbledon,1st Round,Grass,Raonic M.,Carreno Busta P.,7.0,46.0,1.01,23.0,1.01,25.99,1.02,29.75
2016-06-27,Wimbledon,1st Round,Grass,Nishikori K.,Groth S.,6.0,124.0,1.07,9.0,1.09,9.35,1.09,10.5
2016-06-27,Wimbledon,1st Round,Grass,Willis M.,Berankis R.,772.0,54.0,3.75,1.28,3.75,1.32,3.76,1.35
2016-06-27,Wimbledon,1st Round,Grass,Chardy J.,Monfils G.,34.0,16.0,2.37,1.57,2.53,1.59,2.53,1.64
2016-06-27,Wimbledon,1st Round,Grass,Evans D.,Struff J.L.,91.0,86.0,1.72,2.1,1.85,2.01,1.9,2.1
2016-06-27,Wimbledon,1st Round,Grass,Johnson S.,Jaziri M.,29.0,60.0,1.16,5.0,1.18,5.61,1.19,5.61
2016-06-27,Wimbledon,1st Round,Grass,Sock J.,Gulbis E.,26.0,61.0,1.53,2.5,1.57,2.57,1.57,2.65
2016-06-27,Wimbledon,1st Round,Grass,Seppi A.,Garcia-Lopez G.,45.0,58.0,1.3,3.5,1.33,3.68,1.36,3.68
2016-06-27,Wimbledon,1st Round,Grass,Kuznetsov An.,Cuevas P.,42.0,24.0,2.0,1.8,1.87,2.0,2.1,2.0
2016-06-27,Wimbledon,1st Round,Grass,Federer R.,Pella G.,3.0,52.0,1.005,34.0,1.01,25.99,1.02,34.0
2016-06-27,Wimbledon,1st Round,Grass,Haase R.,Schwartzman D.,98.0,71.0,1.16,5.0,1.18,5.63,1.22,5.63
2016-06-27,Wimbledon,1st Round,Grass,Benneteau J.,Marchenko I.,547.0,84.0,1.9,1.9,1.83,2.1,2.0,2.1
2016-06-27,Wimbledon,1st Round,Grass,Dzumhur D.,Kudla D.,87.0,66.0,3.75,1.25,3.85,1.31,4.1,1.31
2016-06-27,Wimbledon,1st Round,Grass,Mahut N.,Klein B.,51.0,260.0,1.08,8.0,1.07,11.0,1.1,11.0
2016-06-27,Wimbledon,1st Round,Grass,Almagro N.,Dutra Silva R.,47.0,386.0,1.12,6.0,1.12,7.48,1.14,7.48
2016-06-27,Wimbledon,1st Round,Grass,Goffin D.,Ward A.,11.0,245.0,1.04,13.0,1.04,20.71,1.05,20.71
2016-06-27,Wimbledon,1st Round,Grass,Cilic M.,Baker B.,13.0,589.0,1.04,13.0,1.04,15.92,1.05,15.92
2016-06-27,Wimbledon,1st Round,Grass,Karlovic I.,Coric B.,32.0,50.0,1.36,3.0,1.37,3.4,1.38,3.4
2016-06-27,Wimbledon,1st Round,Grass,Mannarino A.,Edmund K.,55.0,68.0,1.57,2.25,1.68,2.34,1.7,2.45
2016-06-27,Wimbledon,1st Round,Grass,Herbert P.H.,Kohlschreiber P.,81.0,22.0,5.5,1.14,6.35,1.15,6.5,1.17
2016-06-27,Wimbledon,1st Round,Grass,Stakhovsky S.,Nishioka Y.,94.0,122.0,1.22,4.0,1.28,4.14,1.28,4.5
2016-06-27,Wimbledon,1st Round,Grass,Istomin D.,Anderson K.,116.0,25.0,4.33,1.22,4.3,1.26,4.33,1.29
2016-06-27,Wimbledon,1st Round,Grass,Querrey S.,Rosol L.,41.0,73.0,1.22,4.33,1.25,4.46,1.27,5.0
2016-06-27,Wimbledon,1st Round,Grass,Simon G.,Tipsarevic J.,20.0,411.0,1.2,4.5,1.24,4.51,1.25,4.6
2016-06-27,Wimbledon,1st Round,Grass,Djokovic N.,Ward J.,1.0,177.0,1.005,34.0,1.01,76.0,1.02,76.0
2016-06-27,Wimbledon,1st Round,Grass,Ferrer D.,Sela D.,14.0,63.0,1.16,5.0,1.19,5.46,1.23,5.46
2016-06-27,Wimbledon,1st Round,Grass,Dimitrov G.,Fratangelo B.,37.0,112.0,1.3,3.5,1.29,3.97,1.35,3.97
2016-06-27,Wimbledon,1st Round,Grass,Lacko L.,Lorenzi P.,123.0,49.0,1.14,5.5,1.2,5.24,1.2,6.2
2016-06-28,Wimbledon,1st Round,Grass,Wawrinka S.,Fritz T.,5.0,65.0,1.08,8.0,1.1,8.67,1.11,8.67
2016-06-28,Wimbledon,1st Round,Grass,Lopez F.,Ram R.,21.0,72.0,1.2,4.5,1.24,4.65,1.24,5.0
2016-06-28,Wimbledon,1st Round,Grass,Becker B.,Bagnis F.,102.0,96.0,1.06,10.0,1.08,10.44,1.1,10.75
2016-06-28,Wimbledon,1st Round,Grass,Kukushkin M.,Klizan M.,57.0,48.0,1.4,3.0,1.46,2.95,1.46,3.0
2016-06-28,Wimbledon,1st Round,Grass,Murray A.,Broady L.,2.0,235.0,1.005,34.0,1.01,51.0,1.02,51.0
2016-06-28,Wimbledon,1st Round,Grass,Bautista Agut R.,Thompson J.,15.0,88.0,1.1,7.0,1.11,8.26,1.12,8.26
2016-06-28,Wimbledon,1st Round,Grass,Muller G.,Giraldo S.,39.0,129.0,1.08,8.0,1.08,10.44,1.12,10.44
2016-06-28,Wimbledon,1st Round,Grass,Ramos-Vinolas A.,Pospisil V.,36.0,44.0,3.25,1.33,3.22,1.4,4.0,1.4
2016-06-28,Wimbledon,1st Round,Grass,Del Potro J.M.,Robert S.,165.0,79.0,1.12,6.0,1.16,6.16,1.16,6.5
2016-06-28,Wimbledon,1st Round,Grass,Millman J.,Montanes A.,67.0,120.0,1.08,8.0,1.12,7.73,1.12,8.12
2016-06-28,Wimbledon,1st Round,Grass,Sousa J.,Tursunov D.,31.0,453.0,1.44,2.75,1.45,3.0,1.46,3.04
2016-06-28,Wimbledon,1st Round,Grass,Paire B.,Skugor F.,23.0,194.0,1.4,3.0,1.45,3.0,1.45,3.1
2016-06-28,Wimbledon,1st Round,Grass,Lu Y.H.,Kudryavtsev A.,76.0,179.0,1.16,5.0,1.15,6.59,1.18,6.59
2016-06-28,Wimbledon,1st Round,Grass,Troicki V.,Lamasine T.,27.0,204.0,1.08,8.0,1.09,9.35,1.1,9.35
2016-06-28,Wimbledon,1st Round,Grass,Kyrgios N.,Stepanek R.,18.0,121.0,1.2,4.5,1.17,6.02,1.21,6.02
2016-06-28,Wimbledon,1st Round,Grass,Granollers M.,Estrella Burgos V.,340.0,77.0,1.3,3.5,1.29,4.05,1.31,4.2
2016-06-28,Wimbledon,1st Round,Grass,Gasquet R.,Bedene A.,10.0,56.0,1.08,8.0,1.08,9.87,1.1,9.87
2016-06-28,Wimbledon,1st Round,Grass,Monaco J.,Daniel T.,97.0,114.0,1.2,4.5,1.23,4.72,1.25,4.75
2016-06-28,Wimbledon,1st Round,Grass,Novikov D.,Saville L.,145.0,221.0,1.61,2.3,1.53,2.62,1.67,2.62
2016-06-28,Wimbledon,1st Round,Grass,Brown D.,Lajovic D.,85.0,82.0,1.1,7.0,1.15,6.48,1.15,7.0
2016-06-28,Wimbledon,1st Round,Grass,Tsonga J.W.,Cervantes I.,12.0,75.0,1.06,10.0,1.06,13.0,1.14,13.0
2016-06-29,Wimbledon,2nd Round,Grass,Federer R.,Willis M.,3.0,772.0,1.01,26.0,1.02,22.73,1.03,26.0
2016-06-29,Wimbledon,2nd Round,Grass,Djokovic N.,Mannarino A.,1.0,55.0,1.005,34.0,1.01,32.93,1.02,46.0
2016-06-29,Wimbledon,1st Round,Grass,Albot R.,Elias G.,110.0,92.0,1.28,3.75,1.28,4.12,1.33,4.13
2016-06-29,Wimbledon,1st Round,Grass,Zverev A.,Mathieu P.H.,28.0,59.0,1.16,5.0,1.17,5.99,1.2,6.34
2016-06-29,Wimbledon,1st Round,Grass,Tomic B.,Verdasco F.,19.0,53.0,1.44,2.75,1.39,3.28,1.5,3.28
2016-06-29,Wimbledon,1st Round,Grass,Vesely J.,Sijsling I.,64.0,118.0,1.72,2.1,1.81,2.11,1.83,2.23
2016-06-29,Wimbledon,1st Round,Grass,Thiem D.,Mayer F.,8.0,80.0,1.33,3.5,1.34,3.56,1.38,3.56
2016-06-29,Wimbledon,1st Round,Grass,Berdych T.,Dodig I.,9.0,74.0,1.1,7.0,1.09,9.35,1.12,9.35
2016-06-30,Wimbledon,2nd Round,Grass,Sousa J.,Novikov D.,31.0,145.0,1.44,2.75,1.51,2.75,1.52,2.8
2016-06-30,Wimbledon,2nd Round,Grass,Millman J.,Paire B.,67.0,23.0,2.2,1.66,2.2,1.75,2.25,1.75
2016-06-30,Wimbledon,2nd Round,Grass,Murray A.,Lu Y.H.,2.0,76.0,1.01,21.0,1.02,24.52,1.02,29.75
2016-06-30,Wimbledon,2nd Round,Grass,Ramos-Vinolas A.,Troicki V.,36.0,27.0,4.0,1.25,4.46,1.25,4.5,1.29
2016-06-30,Wimbledon,2nd Round,Grass,Johnson S.,Chardy J.,29.0,34.0,1.53,2.5,1.63,2.44,1.63,2.5
2016-06-30,Wimbledon,2nd Round,Grass,Vesely J.,Thiem D.,64.0,8.0,6.5,1.11,6.87,1.14,7.0,1.15
2016-06-30,Wimbledon,2nd Round,Grass,Tomic B.,Albot R.,19.0,110.0,1.1,7.0,1.1,8.67,1.12,9.0
2016-06-30,Wimbledon,2nd Round,Grass,Dimitrov G.,Simon G.,37.0,20.0,2.0,1.8,2.0,1.91,2.05,1.92
2016-06-30,Wimbledon,2nd Round,Grass,Nishikori K.,Benneteau J.,6.0,547.0,1.1,7.0,1.1,8.67,1.13,9.0
2016-06-30,Wimbledon,2nd Round,Grass,Raonic M.,Seppi A.,7.0,45.0,1.12,6.0,1.12,7.55,1.14,8.0
2016-06-30,Wimbledon,2nd Round,Grass,Kuznetsov An.,Muller G.,42.0,39.0,2.3,1.61,2.37,1.66,2.45,1.66
2016-06-30,Wimbledon,2nd Round,Grass,Gasquet R.,Granollers M.,10.0,340.0,1.1,7.0,1.08,9.87,1.1,9.87
2016-06-30,Wimbledon,2nd Round,Grass,Cilic M.,Stakhovsky S.,13.0,94.0,1.2,4.5,1.22,4.85,1.22,4.85
2016-06-30,Wimbledon,2nd Round,Grass,Bautista Agut R.,Kukushkin M.,15.0,57.0,1.12,6.0,1.14,6.87,1.17,6.87
2016-06-30,Wimbledon,2nd Round,Grass,Goffin D.,Roger-Vasselin E.,11.0,186.0,1.11,6.5,1.11,8.05,1.13,8.05
2016-06-30,Wimbledon,2nd Round,Grass,Mahut N.,Ferrer D.,51.0,14.0,2.3,1.61,2.26,1.68,2.33,1.72
2016-06-30,Wimbledon,1st Round,Grass,Barton M.,Olivetti A.,248.0,793.0,1.5,2.62,1.53,2.7,1.53,2.7
2016-06-30,Wimbledon,1st Round,Grass,Isner J.,Baghdatis M.,17.0,40.0,1.4,2.75,1.4,3.22,1.44,3.25
2016-06-30,Wimbledon,1st Round,Grass,Pouille L.,Copil M.,30.0,174.0,2.25,1.61,2.29,1.7,2.35,1.77
2016-06-30,Wimbledon,1st Round,Grass,Young D.,Mayer L.,69.0,90.0,1.8,2.0,1.91,1.95,1.91,2.05
2016-06-30,Wimbledon,1st Round,Grass,Youzhny M.,Zeballos H.,70.0,83.0,1.1,7.0,1.12,7.73,1.13,8.77
2016-06-30,Wimbledon,1st Round,Grass,Fognini F.,Delbonis F.,35.0,38.0,1.33,3.4,1.38,3.33,1.38,3.4
2016-06-30,Wimbledon,2nd Round,Grass,Evans D.,Dolgopolov O.,91.0,33.0,3.25,1.36,3.3,1.39,3.3,1.41
2016-06-30,Wimbledon,2nd Round,Grass,Herbert P.H.,Dzumhur D.,81.0,87.0,1.28,3.75,1.31,3.85,1.34,4.0
2016-06-30,Wimbledon,2nd Round,Grass,Lacko L.,Karlovic I.,123.0,32.0,4.5,1.2,4.6,1.24,4.75,1.24
2016-06-30,Wimbledon,2nd Round,Grass,Sock J.,Haase R.,26.0,98.0,1.2,4.5,1.21,5.0,1.22,5.0
2016-06-30,Wimbledon,2nd Round,Grass,Istomin D.,Almagro N.,116.0,47.0,1.4,2.75,1.45,3.0,1.45,3.1
2016-06-30,Wimbledon,2nd Round,Grass,Querrey S.,Bellucci T.,41.0,62.0,1.2,4.5,1.2,5.24,1.22,5.25
2016-07-01,Wimbledon,2nd Round,Grass,Kyrgios N.,Brown D.,18.0,85.0,1.08,8.0,1.09,9.35,1.1,9.35
2016-07-01,Wimbledon,2nd Round,Grass,Del Potro J.M.,Wawrinka S.,165.0,5.0,2.62,1.5,2.86,1.48,3.0,1.53
2016-07-01,Wimbledon,2nd Round,Grass,Berdych T.,Becker B.,9.0,102.0,1.08,8.0,1.09,9.35,1.14,9.35
2016-07-01,Wimbledon,2nd Round,Grass,Isner J.,Barton M.,17.0,248.0,1.05,10.0,1.08,10.44,1.09,11.8
2016-07-01,Wimbledon,2nd Round,Grass,Pouille L.,Young D.,30.0,69.0,1.72,2.1,1.74,2.22,1.85,2.23
2016-07-01,Wimbledon,2nd Round,Grass,Lopez F.,Fognini F.,21.0,35.0,1.25,4.0,1.28,4.14,1.3,4.14
2016-07-01,Wimbledon,2nd Round,Grass,Tsonga J.W.,Monaco J.,12.0,97.0,1.14,5.5,1.17,5.77,1.18,6.5
2016-07-01,Wimbledon,3rd Round,Grass,Federer R.,Evans D.,3.0,91.0,1.02,17.0,1.04,18.08,1.04,18.75
2016-07-02,Wimbledon,3rd Round,Grass,Tomic B.,Bautista Agut R.,19.0,15.0,2.0,1.8,2.21,1.71,2.21,1.87
2016-07-02,Wimbledon,3rd Round,Grass,Raonic M.,Sock J.,7.0,26.0,1.14,5.5,1.18,5.77,1.18,6.0
2016-07-02,Wimbledon,3rd Round,Grass,Murray A.,Millman J.,2.0,67.0,1.01,23.0,1.02,25.5,1.03,28.25
2016-07-02,Wimbledon,3rd Round,Grass,Goffin D.,Istomin D.,11.0,116.0,1.14,5.5,1.19,5.65,1.19,5.75
2016-07-02,Wimbledon,3rd Round,Grass,Mahut N.,Herbert P.H.,51.0,81.0,1.36,3.25,1.39,3.32,1.39,3.55
2016-07-02,Wimbledon,3rd Round,Grass,Nishikori K.,Kuznetsov An.,6.0,42.0,1.16,5.0,1.24,4.72,1.24,5.25
2016-07-02,Wimbledon,3rd Round,Grass,Cilic M.,Lacko L.,13.0,123.0,1.1,7.0,1.12,8.01,1.12,8.01
2016-07-02,Wimbledon,3rd Round,Grass,Johnson S.,Dimitrov G.,29.0,37.0,2.2,1.66,1.75,2.14,2.27,1.83
2016-07-02,Wimbledon,2nd Round,Grass,Zverev A.,Youzhny M.,28.0,70.0,1.22,4.33,1.26,4.34,1.26,4.85
2016-07-02,Wimbledon,3rd Round,Grass,Querrey S.,Djokovic N.,41.0,1.0,26.0,1.01,31.3,1.01,39.75,1.02
2016-07-03,Wimbledon,3rd Round,Grass,Tsonga J.W.,Isner J.,12.0,17.0,1.72,2.1,1.73,2.26,1.8,2.26
2016-07-03,Wimbledon,3rd Round,Grass,Pouille L.,Del Potro J.M.,30.0,165.0,5.0,1.16,5.05,1.22,5.25,1.22
2016-07-03,Wimbledon,3rd Round,Grass,Gasquet R.,Ramos-Vinolas A.,10.0,36.0,1.11,6.5,1.28,4.07,1.28,7.25
2016-07-03,Wimbledon,3rd Round,Grass,Kyrgios N.,Lopez F.,18.0,21.0,1.36,3.25,1.36,3.51,1.4,3.51
2016-07-03,Wimbledon,3rd Round,Grass,Berdych T.,Zverev A.,9.0,28.0,1.44,2.75,1.47,2.96,1.48,3.1
2016-07-03,Wimbledon,3rd Round,Grass,Vesely J.,Sousa J.,64.0,31.0,1.4,3.0,1.44,3.06,1.45,3.06
2016-07-04,Wimbledon,4th Round,Grass,Tsonga J.W.,Gasquet R.,12.0,10.0,2.0,1.8,2.23,1.75,2.23,1.86
2016-07-04,Wimbledon,4th Round,Grass,Murray A.,Kyrgios N.,2.0,18.0,1.14,5.5,1.19,5.58,1.19,5.93
2016-07-04,Wimbledon,4th Round,Grass,Pouille L.,Tomic B.,30.0,19.0,3.4,1.33,3.5,1.36,3.5,1.39
2016-07-04,Wimbledon,4th Round,Grass,Federer R.,Johnson S.,3.0,29.0,1.14,5.5,1.15,6.79,1.17,6.79
2016-07-04,Wimbledon,4th Round,Grass,Querrey S.,Mahut N.,41.0,51.0,2.2,1.66,2.36,1.68,2.37,1.7
2016-07-04,Wimbledon,4th Round,Grass,Cilic M.,Nishikori K.,13.0,6.0,2.2,1.66,2.21,1.76,2.25,1.78
2016-07-04,Wimbledon,4th Round,Grass,Raonic M.,Goffin D.,7.0,11.0,1.16,5.0,1.21,5.14,1.23,5.14
2016-07-05,Wimbledon,4th Round,Grass,Berdych T.,Vesely J.,9.0,64.0,1.2,4.5,1.24,4.55,1.3,4.8
2016-07-06,Wimbledon,Quarterfinals,Grass,Berdych T.,Pouille L.,9.0,30.0,1.22,4.33,1.27,4.35,1.28,4.5
2016-07-06,Wimbledon,Quarterfinals,Grass,Federer R.,Cilic M.,3.0,13.0,1.28,3.75,1.33,3.7,1.33,4.1
2016-07-06,Wimbledon,Quarterfinals,Grass,Raonic M.,Querrey S.,7.0,41.0,1.28,3.75,1.32,3.85,1.35,4.0
2016-07-06,Wimbledon,Quarterfinals,Grass,Murray A.,Tsonga J.W.,2.0,12.0,1.1,7.0,1.12,8.01,1.13,8.01
2016-07-08,Wimbledon,Semifinals,Grass,Murray A.,Berdych T.,2.0,9.0,1.1,7.0,1.15,6.75,1.17,7.5
2016-07-08,Wimbledon,Semifinals,Grass,Raonic M.,Federer R.,7.0,3.0,2.62,1.5,2.55,1.55,2.66,1.62
2016-07-10,Wimbledon,The Final,Grass,Murray A.,Raonic M.,2.0,7.0,1.25,4.33,1.27,4.36,4.36,1.3
2016-07-11,SkiStar Swedish Open,1st Round,Clay,Donskoy E.,Khachanov K.,79.0,104.0,2.37,1.53,2.34,1.66,2.45,1.66
2016-07-11,SkiStar Swedish Open,1st Round,Clay,Bedene A.,Arvidsson I.,68.0,507.0,1.11,6.5,1.13,7.0,1.14,8.0
2016-07-11,SkiStar Swedish Open,1st Round,Clay,Bagnis F.,Zopp J.,93.0,176.0,1.36,3.0,1.37,3.35,1.44,3.43
2016-07-11,Hall of Fame Championships,1st Round,Grass,Ram R.,Mcdonald M.,69.0,419.0,1.06,9.0,1.02,20.52,1.14,20.52
2016-07-11,Hall of Fame Championships,1st Round,Grass,Sela D.,Lacko L.,65.0,98.0,1.66,2.1,1.74,2.2,1.76,2.22
2016-07-11,Hall of Fame Championships,1st Round,Grass,Young D.,Donaldson J.,61.0,145.0,1.33,3.25,1.42,3.09,1.42,3.28
2016-07-11,German Tennis Championships,1st Round,Clay,Mathieu P.H.,Melzer G.,66.0,108.0,1.53,2.37,1.51,2.73,1.62,2.79
2016-07-11,German Tennis Championships,1st Round,Clay,Cuevas P.,Mayer F.,24.0,77.0,1.28,3.5,1.3,3.82,1.36,3.82
2016-07-11,German Tennis Championships,1st Round,Clay,Kicker N.,Fabbiano T.,144.0,113.0,1.53,2.37,1.68,2.3,1.68,2.45
2016-07-11,German Tennis Championships,1st Round,Clay,Zemlja G.,Moeller M.,151.0,,1.12,6.0,1.16,6.02,1.16,6.5
2016-07-11,German Tennis Championships,1st Round,Clay,Almagro N.,Satral J.,44.0,206.0,1.14,5.5,1.18,5.85,1.19,5.85
2016-07-11,German Tennis Championships,1st Round,Clay,Gonzalez M.,Chardy J.,142.0,34.0,3.75,1.25,3.9,1.29,4.05,1.29
2016-07-11,German Tennis Championships,1st Round,Clay,Monteiro T.,Zverev M.,123.0,141.0,1.9,1.8,1.68,2.25,2.0,2.25
2016-07-12,German Tennis Championships,1st Round,Clay,Wessels L.,Diez S.,,200.0,9.0,1.07,9.94,1.08,10.25,1.1
2016-07-12,German Tennis Championships,1st Round,Clay,Olivo R.,Youzhny M.,153.0,63.0,2.75,1.4,2.96,1.45,3.0,1.5
2016-07-12,German Tennis Championships,1st Round,Clay,Gimeno-Traver D.,Paire B.,156.0,23.0,2.75,1.4,2.93,1.45,3.12,1.5
2016-07-12,Hall of Fame Championships,1st Round,Grass,Kozlov S.,Becker B.,169.0,96.0,3.0,1.36,3.26,1.38,3.26,1.4
2016-07-12,German Tennis Championships,1st Round,Clay,Robert S.,Mayer L.,83.0,109.0,2.37,1.53,2.61,1.55,2.66,1.59
2016-07-12,German Tennis Championships,1st Round,Clay,Garcia-Lopez G.,De Schepper K.,56.0,159.0,1.28,3.5,1.31,3.73,1.31,4.0
2016-07-12,German Tennis Championships,1st Round,Clay,Kohlschreiber P.,Berlocq C.,22.0,87.0,1.18,4.5,1.2,5.13,1.24,5.13
2016-07-12,German Tennis Championships,1st Round,Clay,Cervantes I.,Zverev A.,82.0,27.0,5.0,1.16,6.22,1.15,6.48,1.17
2016-07-12,German Tennis Championships,1st Round,Clay,Medvedev D.,Struff J.L.,215.0,86.0,3.0,1.36,2.83,1.48,3.0,1.48
2016-07-12,German Tennis Championships,1st Round,Clay,Klizan M.,Sijsling I.,47.0,116.0,1.3,3.4,1.27,4.12,1.33,4.13
2016-07-12,Hall of Fame Championships,1st Round,Grass,Smith J.P.,Thompson J.,173.0,88.0,2.37,1.53,2.32,1.67,2.4,1.69
2016-07-12,Hall of Fame Championships,1st Round,Grass,Mannarino A.,Duckworth J.,55.0,202.0,1.18,4.5,1.22,4.92,1.22,5.0
2016-07-12,Hall of Fame Championships,1st Round,Grass,Baker B.,Krajicek A.,546.0,129.0,1.44,2.62,1.53,2.61,1.6,2.65
2016-07-12,SkiStar Swedish Open,1st Round,Clay,Hemery C.,Lamasine T.,378.0,190.0,2.25,1.57,2.25,1.71,2.25,1.73
2016-07-12,SkiStar Swedish Open,1st Round,Clay,Arnaboldi A.,Trungelliti M.,230.0,127.0,2.62,1.44,2.69,1.52,2.78,1.52
2016-07-12,SkiStar Swedish Open,1st Round,Clay,Verdasco F.,Laaksonen H.,59.0,166.0,1.16,5.0,1.19,5.25,1.2,5.5
2016-07-12,SkiStar Swedish Open,1st Round,Clay,Montanes A.,Ymer E.,125.0,155.0,1.9,1.8,1.93,1.95,2.0,1.95
2016-07-12,SkiStar Swedish Open,1st Round,Clay,Brown D.,Munoz De La Nava D.,101.0,133.0,1.36,3.0,1.3,3.89,1.41,3.89
2016-07-12,SkiStar Swedish Open,1st Round,Clay,Carballes Baena R.,Berrer M.,106.0,119.0,1.3,3.4,1.31,3.74,1.35,3.75
2016-07-12,SkiStar Swedish Open,1st Round,Clay,Elias G.,Lindell C.,89.0,326.0,1.33,3.25,1.38,3.29,1.42,3.4
2016-07-12,SkiStar Swedish Open,1st Round,Clay,Daniel T.,Zeballos H.,117.0,72.0,2.5,1.5,2.43,1.62,2.63,1.62
2016-07-12,Hall of Fame Championships,1st Round,Grass,Chiudinelli M.,Kuznetsov Al.,136.0,327.0,2.2,1.61,2.24,1.71,2.25,1.76
2016-07-12,SkiStar Swedish Open,1st Round,Clay,Soderlund C.,Simonsson F.,479.0,674.0,1.36,3.0,1.37,3.33,1.41,3.4
2016-07-12,Hall of Fame Championships,1st Round,Grass,Groth S.,Przysiezny M.,134.0,315.0,1.5,2.5,1.57,2.55,1.63,2.55
2016-07-12,Hall of Fame Championships,1st Round,Grass,Dancevic F.,Harrison R.,254.0,158.0,1.74,2.21,1.75,1.88,1.8,2.21
2016-07-12,Hall of Fame Championships,1st Round,Grass,Sugita Y.,Weintraub A.,107.0,216.0,1.3,3.4,1.35,3.47,1.36,3.48
2016-07-13,Hall of Fame Championships,2nd Round,Grass,Young D.,Kozlov S.,61.0,169.0,1.5,2.5,1.58,2.55,1.61,2.55
2016-07-13,Hall of Fame Championships,2nd Round,Grass,Johnson S.,Sugita Y.,25.0,107.0,1.14,5.5,1.14,7.04,1.17,7.27
2016-07-13,Hall of Fame Championships,2nd Round,Grass,Chiudinelli M.,Smith J.P.,136.0,173.0,2.37,1.53,2.44,1.63,2.45,1.63
2016-07-13,Hall of Fame Championships,2nd Round,Grass,Karlovic I.,Dancevic F.,38.0,254.0,1.28,3.5,1.32,3.74,1.33,3.75
2016-07-13,Hall of Fame Championships,1st Round,Grass,Estrella Burgos V.,Novikov D.,75.0,128.0,2.37,1.53,2.5,1.59,2.58,1.6
2016-07-13,Hall of Fame Championships,2nd Round,Grass,Sela D.,Ram R.,65.0,69.0,1.9,1.8,2.07,1.85,2.07,1.91
2016-07-13,German Tennis Championships,2nd Round,Clay,Mathieu P.H.,Almagro N.,66.0,44.0,3.5,1.28,3.12,1.4,3.8,1.4
2016-07-13,Hall of Fame Championships,2nd Round,Grass,Baghdatis M.,Baker B.,43.0,546.0,1.22,4.0,1.27,4.23,1.29,4.44
2016-07-13,SkiStar Swedish Open,2nd Round,Clay,Bagnis F.,Granollers M.,93.0,45.0,2.62,1.44,3.02,1.44,3.02,1.5
2016-07-13,German Tennis Championships,2nd Round,Clay,Kohlschreiber P.,Kicker N.,22.0,144.0,1.08,8.0,1.08,10.44,1.08,11.5
2016-07-13,SkiStar Swedish Open,2nd Round,Clay,Arnaboldi A.,Donskoy E.,230.0,79.0,2.37,1.53,2.4,1.65,2.45,1.67
2016-07-13,SkiStar Swedish Open,2nd Round,Clay,Verdasco F.,Montanes A.,59.0,125.0,1.22,4.0,1.26,4.27,1.26,4.37
2016-07-13,German Tennis Championships,2nd Round,Clay,Olivo R.,Gonzalez M.,153.0,142.0,2.25,1.57,2.5,1.6,2.52,1.62
2016-07-13,German Tennis Championships,2nd Round,Clay,Cuevas P.,Monteiro T.,24.0,123.0,1.14,5.5,1.13,7.38,1.15,7.38
2016-07-13,SkiStar Swedish Open,2nd Round,Clay,Ramos-Vinolas A.,Carballes Baena R.,35.0,106.0,1.22,4.0,1.24,4.54,1.27,4.54
2016-07-14,SkiStar Swedish Open,2nd Round,Clay,Ferrer D.,Hemery C.,13.0,378.0,1.04,13.0,1.05,13.44,1.05,13.5
2016-07-14,SkiStar Swedish Open,2nd Round,Clay,Brown D.,Bedene A.,101.0,68.0,2.62,1.44,2.63,1.55,2.66,1.58
2016-07-14,German Tennis Championships,2nd Round,Clay,Robert S.,Cervantes I.,83.0,82.0,2.0,1.72,2.09,1.83,2.3,1.9
2016-07-14,Hall of Fame Championships,2nd Round,Grass,Mannarino A.,Groth S.,55.0,134.0,1.4,2.75,1.47,2.9,1.52,2.9
2016-07-14,Hall of Fame Championships,2nd Round,Grass,Muller G.,Estrella Burgos V.,39.0,75.0,1.18,4.5,1.2,5.23,1.22,5.25
2016-07-14,Hall of Fame Championships,Quarterfinals,Grass,Baghdatis M.,Sela D.,43.0,65.0,1.36,3.0,1.33,3.61,1.39,3.61
2016-07-14,German Tennis Championships,2nd Round,Clay,Gimeno-Traver D.,Medvedev D.,156.0,215.0,1.83,1.83,2.02,1.88,2.05,1.91
2016-07-14,German Tennis Championships,2nd Round,Clay,Klizan M.,Wessels L.,47.0,,1.06,10.0,1.07,11.51,1.07,11.75
2016-07-14,German Tennis Championships,2nd Round,Clay,Garcia-Lopez G.,Zemlja G.,56.0,151.0,1.12,6.0,1.11,7.93,1.17,7.93
2016-07-14,SkiStar Swedish Open,2nd Round,Clay,Sousa J.,Soderlund C.,30.0,479.0,1.07,9.0,1.08,10.44,1.08,10.44
2016-07-14,SkiStar Swedish Open,2nd Round,Clay,Elias G.,Daniel T.,89.0,117.0,1.9,1.8,1.94,1.96,2.0,1.96
2016-07-15,Hall of Fame Championships,Quarterfinals,Grass,Karlovic I.,Chiudinelli M.,38.0,136.0,1.16,5.0,1.17,6.0,1.19,6.0
2016-07-15,Hall of Fame Championships,Quarterfinals,Grass,Young D.,Johnson S.,61.0,25.0,4.33,1.22,4.35,1.27,4.35,1.29
2016-07-15,SkiStar Swedish Open,Quarterfinals,Clay,Ferrer D.,Brown D.,13.0,101.0,1.2,4.5,1.23,4.8,1.23,5.1
2016-07-15,SkiStar Swedish Open,Quarterfinals,Clay,Verdasco F.,Bagnis F.,59.0,93.0,1.18,4.5,1.24,4.68,1.24,4.9
2016-07-15,SkiStar Swedish Open,Quarterfinals,Clay,Elias G.,Sousa J.,89.0,30.0,2.5,1.5,2.75,1.49,2.75,1.57
2016-07-15,Hall of Fame Championships,Quarterfinals,Grass,Muller G.,Mannarino A.,39.0,55.0,1.66,2.1,1.72,2.27,1.73,2.27
2016-07-15,German Tennis Championships,Quarterfinals,Clay,Klizan M.,Gimeno-Traver D.,47.0,156.0,1.28,3.5,1.24,4.56,1.3,5.08
2016-07-15,German Tennis Championships,Quarterfinals,Clay,Olivo R.,Kohlschreiber P.,153.0,22.0,8.0,1.08,8.71,1.11,9.4,1.11
2016-07-15,German Tennis Championships,Quarterfinals,Clay,Robert S.,Garcia-Lopez G.,83.0,56.0,2.62,1.44,2.78,1.52,2.78,1.53
2016-07-15,German Tennis Championships,Quarterfinals,Clay,Cuevas P.,Mathieu P.H.,24.0,66.0,1.14,5.5,1.17,6.17,1.18,6.17
2016-07-15,SkiStar Swedish Open,Quarterfinals,Clay,Ramos-Vinolas A.,Arnaboldi A.,35.0,230.0,1.11,6.5,1.13,7.51,1.13,7.51
2016-07-16,SkiStar Swedish Open,Semifinals,Clay,Ramos-Vinolas A.,Ferrer D.,35.0,13.0,2.75,1.44,2.94,1.47,3.0,1.47
2016-07-16,SkiStar Swedish Open,Semifinals,Clay,Verdasco F.,Elias G.,59.0,89.0,1.16,5.0,1.22,5.01,1.22,5.01
2016-07-16,Hall of Fame Championships,Semifinals,Grass,Karlovic I.,Baghdatis M.,38.0,43.0,1.8,2.0,1.88,2.05,1.88,2.1
2016-07-16,German Tennis Championships,Semifinals,Clay,Klizan M.,Robert S.,47.0,83.0,1.44,2.75,1.51,2.8,1.51,2.9
2016-07-16,German Tennis Championships,Semifinals,Clay,Cuevas P.,Olivo R.,24.0,153.0,1.11,6.5,1.11,8.37,1.13,8.37
2016-07-16,Hall of Fame Championships,Semifinals,Grass,Muller G.,Young D.,39.0,61.0,1.44,2.75,1.46,2.99,1.51,2.99
2016-07-17,Hall of Fame Championships,The Final,Grass,Karlovic I.,Muller G.,38.0,39.0,1.8,2.0,1.93,1.99,1.93,2.01
2016-07-17,German Tennis Championships,The Final,Clay,Klizan M.,Cuevas P.,47.0,24.0,3.5,1.3,3.73,1.33,3.85,1.33
2016-07-17,SkiStar Swedish Open,The Final,Clay,Ramos-Vinolas A.,Verdasco F.,35.0,59.0,2.75,1.4,3.06,1.44,3.06,1.5
2016-07-18,Generali Open,1st Round,Clay,Gimeno-Traver D.,Cervantes I.,131.0,76.0,2.2,1.61,2.44,1.61,2.45,1.67
2016-07-18,Generali Open,1st Round,Clay,Munoz De La Nava D.,Berrer M.,138.0,121.0,1.66,2.1,1.78,2.15,1.83,2.25
2016-07-18,Generali Open,1st Round,Clay,Khachanov K.,Volandri F.,104.0,226.0,1.57,2.25,1.7,2.27,1.7,2.5
2016-07-18,Generali Open,1st Round,Clay,Sijsling I.,De Schepper K.,115.0,159.0,1.72,2.0,1.85,2.04,1.91,2.08
2016-07-18,Konzum Croatia Open,1st Round,Clay,Cacic N.,Bedene A.,761.0,69.0,8.0,1.08,9.94,1.08,10.05,1.1
2016-07-18,Konzum Croatia Open,1st Round,Clay,Mayer L.,Mektic N.,117.0,292.0,1.28,3.5,1.33,3.63,1.33,3.75
2016-07-18,Generali Open,1st Round,Clay,Zverev M.,Bagnis F.,146.0,88.0,2.5,1.5,2.62,1.54,2.65,1.62
2016-07-18,Suisse Open Gstaad,1st Round,Clay,Ymer E.,Brands D.,157.0,135.0,1.53,2.37,1.64,2.38,1.73,2.38
2016-07-18,Suisse Open Gstaad,1st Round,Clay,Mertl J.,Marti Y.,306.0,391.0,2.62,1.44,2.7,1.52,2.82,1.71
2016-07-18,Suisse Open Gstaad,1st Round,Clay,Youzhny M.,Nikles J.,66.0,874.0,1.04,13.0,1.05,13.04,1.05,13.5
2016-07-18,Suisse Open Gstaad,1st Round,Clay,Monteiro T.,Bellier A.,110.0,538.0,1.05,10.0,1.05,13.04,1.07,13.22
2016-07-19,Konzum Croatia Open,1st Round,Clay,Elias G.,Garcia-Lopez G.,72.0,54.0,2.37,1.53,2.37,1.65,2.54,1.65
2016-07-19,Generali Open,1st Round,Clay,Pavlasek A.,Gonzalez M.,116.0,134.0,2.1,1.66,2.02,1.87,2.18,1.88
2016-07-19,Generali Open,1st Round,Clay,Struff J.L.,Santillan A.,86.0,295.0,1.22,4.0,1.27,4.11,1.27,4.2
2016-07-19,Generali Open,1st Round,Clay,Melzer G.,Montanes A.,107.0,122.0,2.25,1.57,2.18,1.75,2.25,1.76
2016-07-19,Generali Open,1st Round,Clay,Basilashvili N.,Rosol L.,123.0,79.0,2.37,1.53,2.17,1.73,2.69,1.73
2016-07-19,Generali Open,1st Round,Clay,Carballes Baena R.,Novak D.,103.0,198.0,1.36,3.0,1.41,3.14,1.42,3.14
2016-07-19,Generali Open,1st Round,Clay,Lajovic D.,Dutra Silva R.,83.0,352.0,1.4,2.75,1.49,2.78,1.5,2.96
2016-07-19,Generali Open,1st Round,Clay,Melzer J.,Daniel T.,421.0,113.0,2.75,1.4,2.61,1.55,2.75,1.55
2016-07-19,Citi Open,1st Round,Hard,Thompson J.,Estrella Burgos V.,90.0,74.0,1.72,2.0,1.87,2.02,1.87,2.1
2016-07-19,Citi Open,1st Round,Hard,Sugita Y.,Pospisil V.,106.0,98.0,3.0,1.36,3.5,1.34,3.5,1.42
2016-07-19,Citi Open,1st Round,Hard,Millman J.,Kudla D.,65.0,100.0,1.61,2.2,1.62,2.39,1.69,2.39
2016-07-19,Citi Open,1st Round,Hard,Fratangelo B.,Kuznetsov Al.,108.0,311.0,1.53,2.37,1.62,2.43,1.62,3.0
2016-07-19,Konzum Croatia Open,1st Round,Clay,Vesely J.,Linzer M.,50.0,354.0,1.14,5.5,1.16,6.1,1.17,6.1
2016-07-19,Citi Open,1st Round,Hard,Evans D.,Becker B.,82.0,96.0,1.72,2.0,1.75,2.18,1.8,2.2
2016-07-19,Konzum Croatia Open,1st Round,Clay,Carreno Busta P.,Seppi A.,56.0,52.0,1.57,2.25,1.61,2.46,1.67,2.5
2016-07-19,Konzum Croatia Open,1st Round,Clay,Olivo R.,Ghem A.,109.0,221.0,1.36,3.0,1.47,2.85,1.5,3.0
2016-07-19,Konzum Croatia Open,1st Round,Clay,Klizan M.,Lopez-Perez E.,28.0,196.0,1.14,5.5,1.15,6.42,1.17,6.75
2016-07-19,Konzum Croatia Open,1st Round,Clay,Gabashvili T.,Serdarusic N.,101.0,569.0,1.06,10.0,1.1,9.53,1.1,11.0
2016-07-19,Konzum Croatia Open,1st Round,Clay,Dzumhur D.,Almagro N.,81.0,45.0,3.0,1.36,3.31,1.38,3.31,1.4
2016-07-19,Konzum Croatia Open,1st Round,Clay,Martin A.,Stakhovsky S.,124.0,85.0,1.83,1.83,1.96,1.93,2.08,2.05
2016-07-19,Citi Open,1st Round,Hard,Duckworth J.,Smyczek T.,205.0,120.0,1.8,1.9,1.99,1.9,1.99,2.0
2016-07-19,Suisse Open Gstaad,1st Round,Clay,Brown D.,Monaco J.,99.0,94.0,2.75,1.4,2.85,1.47,3.25,1.5
2016-07-19,Citi Open,1st Round,Hard,Donaldson J.,Millot V.,153.0,147.0,1.66,2.1,1.65,2.33,1.87,2.33
2016-07-19,Konzum Croatia Open,1st Round,Clay,Berlocq C.,Krajinovic F.,87.0,142.0,1.33,3.25,1.39,3.22,1.39,3.39
2016-07-19,Suisse Open Gstaad,1st Round,Clay,Haase R.,De Bakker T.,95.0,136.0,1.57,2.25,1.66,2.34,1.66,2.5
2016-07-19,Suisse Open Gstaad,1st Round,Clay,Lamasine T.,Albot R.,182.0,89.0,3.5,1.28,3.34,1.37,3.5,1.37
2016-07-19,Suisse Open Gstaad,1st Round,Clay,Kravchuk K.,Pella G.,105.0,51.0,7.0,1.1,9.43,1.08,9.49,1.1
2016-07-19,Suisse Open Gstaad,1st Round,Clay,Zeballos H.,Velotti A.,73.0,253.0,,,,,,
2016-07-19,Suisse Open Gstaad,1st Round,Clay,Laaksonen H.,Kovalik J.,165.0,126.0,2.5,1.5,2.63,1.54,2.66,1.55
2016-07-19,Suisse Open Gstaad,1st Round,Clay,Mathieu P.H.,Chiudinelli M.,60.0,129.0,1.16,5.0,1.21,5.0,1.21,5.0
2016-07-19,Citi Open,1st Round,Hard,Fritz T.,Sela D.,67.0,62.0,1.53,2.37,1.53,2.62,1.62,2.68
2016-07-19,Citi Open,2nd Round,Hard,Dolgopolov O.,Thompson J.,37.0,90.0,1.28,3.5,1.35,3.43,1.39,3.75
2016-07-19,Konzum Croatia Open,1st Round,Clay,Fabbiano T.,Skugor F.,111.0,176.0,2.1,1.66,2.22,1.73,2.3,1.83
2016-07-19,Citi Open,1st Round,Hard,Lacko L.,Shapovalov D.,102.0,371.0,1.28,3.5,1.35,3.44,1.36,3.55
2016-07-19,Citi Open,1st Round,Hard,Mannarino A.,Tiafoe F.,55.0,156.0,1.3,3.4,1.5,2.72,1.5,3.45
2016-07-19,Citi Open,1st Round,Hard,Baker B.,Groth S.,437.0,154.0,2.37,1.53,2.46,1.58,2.5,1.67
2016-07-19,Citi Open,1st Round,Hard,Jaziri M.,Opelka R.,63.0,155.0,1.25,3.75,1.32,3.67,1.32,4.45
2016-07-19,Citi Open,1st Round,Hard,Harrison R.,Robert S.,158.0,59.0,1.61,2.2,1.68,2.3,1.73,2.35
2016-07-19,Citi Open,1st Round,Hard,Lu Y.H.,Krajicek A.,71.0,133.0,1.3,3.4,1.33,3.57,1.33,3.9
2016-07-19,Citi Open,1st Round,Hard,Nishioka Y.,Dodig I.,93.0,75.0,2.2,1.61,2.08,1.79,2.25,1.8
2016-07-19,Citi Open,1st Round,Hard,Young D.,Escobedo E.,57.0,269.0,1.36,3.0,1.41,3.14,1.41,3.5
2016-07-19,Citi Open,2nd Round,Hard,Evans D.,Dimitrov G.,82.0,40.0,3.5,1.28,3.46,1.36,4.21,1.36
2016-07-20,Citi Open,2nd Round,Hard,Harrison R.,Troicki V.,158.0,34.0,2.37,1.53,2.62,1.53,2.62,1.61
2016-07-20,Citi Open,2nd Round,Hard,Querrey S.,Fratangelo B.,29.0,108.0,1.22,4.0,1.24,4.6,1.29,4.6
2016-07-20,Citi Open,2nd Round,Hard,Johnson S.,Mannarino A.,25.0,55.0,1.5,2.5,1.58,2.56,1.58,2.65
2016-07-20,Konzum Croatia Open,2nd Round,Clay,Berlocq C.,Vesely J.,87.0,50.0,2.2,1.61,2.2,1.75,2.28,1.75
2016-07-20,Konzum Croatia Open,2nd Round,Clay,Chardy J.,Cacic N.,38.0,761.0,1.07,9.0,1.1,8.67,1.1,9.75
2016-07-20,Konzum Croatia Open,2nd Round,Clay,Dzumhur D.,Fabbiano T.,81.0,111.0,1.3,3.4,1.32,3.68,1.36,3.79
2016-07-20,Citi Open,2nd Round,Hard,Paire B.,Donaldson J.,24.0,153.0,1.57,2.25,1.67,2.36,1.67,2.45
2016-07-20,Citi Open,2nd Round,Hard,Monfils G.,Lu Y.H.,17.0,71.0,1.5,2.5,1.43,3.05,1.5,3.05
2016-07-20,Citi Open,2nd Round,Hard,Muller G.,Nishioka Y.,36.0,93.0,1.4,2.75,1.43,3.0,1.5,3.0
2016-07-20,Konzum Croatia Open,2nd Round,Clay,Fognini F.,Olivo R.,39.0,109.0,1.28,3.5,1.31,3.8,1.37,3.81
2016-07-20,Citi Open,2nd Round,Hard,Jaziri M.,Anderson K.,63.0,33.0,3.5,1.28,3.97,1.29,3.97,1.33
2016-07-20,Generali Open,2nd Round,Clay,Struff J.L.,Munoz De La Nava D.,86.0,138.0,1.36,3.0,1.4,3.14,1.79,3.2
2016-07-20,Generali Open,2nd Round,Clay,Lajovic D.,Zverev M.,83.0,146.0,1.5,2.5,1.6,2.5,1.61,2.5
2016-07-20,Generali Open,2nd Round,Clay,Khachanov K.,Kohlschreiber P.,104.0,23.0,5.5,1.14,5.54,1.19,6.25,1.2
2016-07-20,Generali Open,2nd Round,Clay,Lorenzi P.,Carballes Baena R.,48.0,103.0,1.72,2.0,1.89,2.02,1.89,2.25
2016-07-20,Generali Open,2nd Round,Clay,Basilashvili N.,Sijsling I.,123.0,115.0,1.61,2.2,1.85,2.07,1.85,2.44
2016-07-20,Generali Open,2nd Round,Clay,Melzer J.,Thiem D.,421.0,9.0,8.0,1.08,8.54,1.11,9.5,1.11
2016-07-20,Generali Open,2nd Round,Clay,Melzer G.,Gimeno-Traver D.,107.0,131.0,2.0,1.72,1.81,2.06,2.23,2.06
2016-07-20,Generali Open,2nd Round,Clay,Pavlasek A.,Granollers M.,116.0,46.0,2.62,1.44,2.59,1.57,2.66,1.6
2016-07-20,Suisse Open Gstaad,2nd Round,Clay,Mathieu P.H.,Laaksonen H.,60.0,165.0,1.25,3.75,1.27,4.26,1.29,4.26
2016-07-20,Suisse Open Gstaad,2nd Round,Clay,Lopez F.,Mertl J.,21.0,306.0,1.1,7.0,1.1,8.74,1.12,8.74
2016-07-20,Suisse Open Gstaad,2nd Round,Clay,Ymer E.,Kravchuk K.,157.0,105.0,1.4,2.75,1.47,2.84,1.47,3.1
2016-07-20,Suisse Open Gstaad,2nd Round,Clay,Ramos-Vinolas A.,Lamasine T.,31.0,182.0,1.16,5.0,1.17,5.98,1.18,5.98
2016-07-20,Suisse Open Gstaad,1st Round,Clay,Basic M.,Istomin D.,139.0,97.0,3.75,1.25,3.9,1.29,4.1,1.33
2016-07-20,Citi Open,2nd Round,Hard,Zverev A.,Fritz T.,27.0,67.0,1.5,2.5,1.53,2.61,1.56,2.75
2016-07-21,Suisse Open Gstaad,2nd Round,Clay,Youzhny M.,Basic M.,66.0,139.0,1.18,4.5,1.29,3.97,1.29,5.0
2016-07-21,Citi Open,3rd Round,Hard,Isner J.,Baghdatis M.,16.0,41.0,1.33,3.25,1.3,3.88,1.35,3.88
2016-07-21,Citi Open,3rd Round,Hard,Sock J.,Evans D.,26.0,82.0,1.3,3.4,1.38,3.35,1.38,3.4
2016-07-21,Citi Open,2nd Round,Hard,Baghdatis M.,Millman J.,41.0,65.0,1.44,2.62,1.64,2.41,1.65,2.67
2016-07-21,Suisse Open Gstaad,2nd Round,Clay,Brown D.,Bellucci T.,99.0,49.0,2.62,1.44,2.69,1.53,2.75,1.56
2016-07-21,Suisse Open Gstaad,2nd Round,Clay,Haase R.,Zeballos H.,95.0,73.0,1.72,2.0,1.81,2.11,1.88,2.11
2016-07-21,Citi Open,3rd Round,Hard,Johnson S.,Harrison R.,25.0,158.0,1.22,4.0,1.32,3.74,1.32,4.05
2016-07-21,Citi Open,2nd Round,Hard,Isner J.,Duckworth J.,16.0,205.0,1.12,6.0,1.16,6.32,1.17,6.85
2016-07-21,Citi Open,3rd Round,Hard,Karlovic I.,Tomic B.,35.0,19.0,2.25,1.57,2.33,1.65,2.33,1.74
2016-07-21,Generali Open,Quarterfinals,Clay,Melzer G.,Melzer J.,107.0,421.0,2.1,1.66,2.17,1.79,2.18,1.8
2016-07-21,Generali Open,Quarterfinals,Clay,Lorenzi P.,Struff J.L.,48.0,86.0,1.9,1.8,1.99,1.93,2.05,2.0
2016-07-21,Generali Open,Quarterfinals,Clay,Lajovic D.,Khachanov K.,83.0,104.0,1.72,2.0,1.86,2.07,1.86,2.1
2016-07-21,Generali Open,Quarterfinals,Clay,Basilashvili N.,Pavlasek A.,123.0,116.0,2.2,1.61,2.3,1.71,2.3,1.73
2016-07-21,Konzum Croatia Open,2nd Round,Clay,Carreno Busta P.,Gabashvili T.,56.0,101.0,1.36,3.0,1.47,2.9,1.47,3.0
2016-07-21,Konzum Croatia Open,2nd Round,Clay,Elias G.,Cuevas P.,72.0,20.0,4.5,1.18,5.12,1.21,5.68,1.21
2016-07-21,Konzum Croatia Open,2nd Round,Clay,Martin A.,Klizan M.,124.0,28.0,4.33,1.2,5.35,1.19,5.35,1.23
2016-07-21,Citi Open,2nd Round,Hard,Karlovic I.,Baker B.,35.0,437.0,1.4,2.75,1.46,2.93,1.46,3.1
2016-07-21,Konzum Croatia Open,2nd Round,Clay,Sousa J.,Mayer L.,32.0,117.0,1.83,1.83,1.9,2.01,1.92,2.01
2016-07-21,Citi Open,2nd Round,Hard,Tomic B.,Young D.,19.0,57.0,1.5,2.5,1.61,2.49,1.61,2.56
2016-07-21,Citi Open,2nd Round,Hard,Sock J.,Lacko L.,26.0,102.0,1.2,4.33,1.24,4.61,1.24,4.61
2016-07-21,Citi Open,2nd Round,Hard,Coric B.,Sugita Y.,53.0,106.0,1.25,3.75,1.28,4.04,1.29,4.18
2016-07-22,Citi Open,Quarterfinals,Hard,Karlovic I.,Sock J.,35.0,26.0,2.1,1.66,1.99,1.93,2.25,1.94
2016-07-22,Citi Open,3rd Round,Hard,Paire B.,Muller G.,24.0,36.0,2.62,1.44,2.71,1.53,2.75,1.54
2016-07-22,Citi Open,3rd Round,Hard,Querrey S.,Dolgopolov O.,29.0,37.0,1.53,2.37,1.61,2.4,1.63,2.5
2016-07-22,Citi Open,3rd Round,Hard,Zverev A.,Jaziri M.,27.0,63.0,1.2,4.33,1.25,4.42,1.25,4.69
2016-07-22,Citi Open,3rd Round,Hard,Monfils G.,Coric B.,17.0,53.0,1.4,2.75,1.43,3.1,1.43,3.1
2016-07-22,Citi Open,Quarterfinals,Hard,Johnson S.,Isner J.,25.0,16.0,2.5,1.5,2.85,1.46,2.88,1.57
2016-07-22,Konzum Croatia Open,Quarterfinals,Clay,Martin A.,Sousa J.,124.0,32.0,3.4,1.3,3.55,1.34,3.55,1.36
2016-07-22,Konzum Croatia Open,Quarterfinals,Clay,Elias G.,Carreno Busta P.,72.0,56.0,3.25,1.33,3.36,1.38,3.45,1.43
2016-07-22,Konzum Croatia Open,Quarterfinals,Clay,Fognini F.,Dzumhur D.,39.0,81.0,1.44,2.62,1.53,2.74,1.56,2.81
2016-07-22,Konzum Croatia Open,Quarterfinals,Clay,Berlocq C.,Chardy J.,87.0,38.0,2.25,1.57,2.26,1.73,2.35,1.74
2016-07-22,Suisse Open Gstaad,2nd Round,Clay,Monteiro T.,Simon G.,110.0,30.0,3.75,1.25,3.64,1.33,4.0,1.33
2016-07-22,Suisse Open Gstaad,Quarterfinals,Clay,Brown D.,Youzhny M.,99.0,66.0,1.57,2.25,1.85,2.09,1.85,2.35
2016-07-22,Generali Open,Semifinals,Clay,Lorenzi P.,Melzer G.,48.0,107.0,1.9,1.9,1.96,1.96,2.05,1.96
2016-07-22,Generali Open,Semifinals,Clay,Basilashvili N.,Lajovic D.,123.0,83.0,2.75,1.4,2.91,1.48,2.91,1.5
2016-07-22,Suisse Open Gstaad,Quarterfinals,Clay,Lopez F.,Ymer E.,21.0,157.0,1.25,3.75,1.33,3.71,1.33,3.75
2016-07-22,Suisse Open Gstaad,Quarterfinals,Clay,Haase R.,Monteiro T.,95.0,110.0,1.72,2.0,2.0,1.85,2.0,2.2
2016-07-22,Suisse Open Gstaad,Quarterfinals,Clay,Mathieu P.H.,Ramos-Vinolas A.,60.0,31.0,2.5,1.5,2.6,1.57,2.75,1.59
2016-07-23,Konzum Croatia Open,Semifinals,Clay,Fognini F.,Elias G.,39.0,72.0,1.44,2.75,1.46,3.0,1.5,3.0
2016-07-23,Citi Open,Quarterfinals,Hard,Monfils G.,Querrey S.,17.0,29.0,1.44,2.62,1.52,2.77,1.53,2.77
2016-07-23,Suisse Open Gstaad,Semifinals,Clay,Haase R.,Mathieu P.H.,95.0,60.0,2.3,1.61,2.24,1.75,2.3,1.75
2016-07-23,Citi Open,Quarterfinals,Hard,Zverev A.,Paire B.,27.0,24.0,1.53,2.37,1.52,2.78,1.57,2.78
2016-07-23,Generali Open,The Final,Clay,Lorenzi P.,Basilashvili N.,48.0,123.0,1.8,2.0,1.79,2.16,1.91,2.16
2016-07-23,Konzum Croatia Open,Semifinals,Clay,Martin A.,Berlocq C.,124.0,87.0,3.5,1.3,3.49,1.36,3.5,1.38
2016-07-23,Suisse Open Gstaad,Semifinals,Clay,Lopez F.,Brown D.,21.0,99.0,1.57,2.37,1.64,2.45,1.64,2.55
2016-07-23,Citi Open,Semifinals,Hard,Karlovic I.,Johnson S.,35.0,25.0,2.25,1.57,2.27,1.72,2.4,1.72
2016-07-24,Citi Open,Semifinals,Hard,Monfils G.,Zverev A.,17.0,27.0,1.53,2.5,1.56,2.65,1.56,2.75
2016-07-24,Citi Open,The Final,Hard,Monfils G.,Karlovic I.,17.0,35.0,1.5,2.62,1.49,2.87,1.57,2.87
2016-07-24,Konzum Croatia Open,The Final,Clay,Fognini F.,Martin A.,39.0,124.0,1.2,4.5,1.22,4.91,1.24,5.0
2016-07-24,Suisse Open Gstaad,The Final,Clay,Lopez F.,Haase R.,21.0,95.0,1.61,2.3,1.73,2.26,1.73,2.6
2016-07-25,Rogers Masters,1st Round,Hard,Sock J.,Kudla D.,26.0,102.0,1.18,4.5,1.21,5.12,1.22,5.12
2016-07-25,Rogers Masters,1st Round,Hard,Isner J.,Sela D.,16.0,60.0,1.12,6.0,1.13,7.38,1.14,7.37
2016-07-25,Rogers Masters,1st Round,Hard,Tomic B.,Gonzalez A.,22.0,163.0,1.1,7.0,1.11,8.95,1.12,8.95
2016-07-25,Rogers Masters,1st Round,Hard,Harrison R.,Kuznetsov An.,144.0,45.0,2.5,1.5,2.64,1.55,2.81,1.55
2016-07-25,Rogers Masters,1st Round,Hard,Dimitrov G.,Sugita Y.,40.0,107.0,1.2,4.33,1.21,5.0,1.25,5.0
2016-07-25,Rogers Masters,1st Round,Hard,Youzhny M.,Robert S.,61.0,58.0,1.66,2.1,2.41,1.61,2.41,2.12
2016-07-25,Rogers Masters,1st Round,Hard,Muller G.,Tursunov D.,37.0,433.0,1.25,3.75,1.26,4.34,1.33,4.34
2016-07-25,Rogers Masters,1st Round,Hard,Diez S.,Edmund K.,192.0,84.0,6.0,1.12,6.02,1.17,6.54,1.17
2016-07-25,Rogers Masters,1st Round,Hard,Coric B.,Dodig I.,53.0,79.0,1.3,3.4,1.31,3.85,1.42,3.85
2016-07-25,Rogers Masters,1st Round,Hard,Anderson K.,Troicki V.,34.0,35.0,1.53,2.37,1.6,2.5,1.6,2.8
2016-07-25,Rogers Masters,1st Round,Hard,Polansky P.,Smyczek T.,247.0,119.0,1.83,1.83,1.91,2.0,2.0,2.0
2016-07-26,Rogers Masters,1st Round,Hard,Ram R.,Gulbis E.,118.0,66.0,2.75,1.4,3.05,1.43,3.05,1.5
2016-07-26,Rogers Masters,2nd Round,Hard,Berdych T.,Coric B.,8.0,53.0,1.18,4.5,1.21,5.0,1.25,5.28
2016-07-26,Rogers Masters,1st Round,Hard,Karlovic I.,Fritz T.,27.0,63.0,1.53,2.37,1.54,2.66,1.63,2.66
2016-07-26,Rogers Masters,1st Round,Hard,Fognini F.,Johnson S.,33.0,21.0,3.0,1.36,3.22,1.4,3.5,1.4
2016-07-26,Rogers Masters,1st Round,Hard,Monfils G.,Sousa J.,14.0,36.0,1.18,4.5,1.26,4.33,1.28,4.5
2016-07-26,Rogers Masters,1st Round,Hard,Pouille L.,Gomez E.,23.0,318.0,1.08,8.0,1.08,9.87,1.11,9.87
2016-07-26,Rogers Masters,1st Round,Hard,Young D.,Dolgopolov O.,57.0,38.0,2.5,1.5,2.5,1.6,2.6,1.6
2016-07-26,Rogers Masters,1st Round,Hard,Novikov D.,Delbonis F.,131.0,43.0,2.25,1.57,2.44,1.63,2.44,1.68
2016-07-26,Rogers Masters,1st Round,Hard,Donaldson J.,Millman J.,147.0,67.0,2.5,1.5,2.73,1.52,2.8,1.54
2016-07-26,Rogers Masters,1st Round,Hard,Lu Y.H.,Zverev A.,70.0,25.0,3.5,1.28,3.92,1.3,3.95,1.31
2016-07-26,Rogers Masters,1st Round,Hard,Querrey S.,Dancevic F.,29.0,234.0,1.14,5.5,1.18,5.63,1.18,5.73
2016-07-26,Rogers Masters,1st Round,Hard,Shapovalov D.,Kyrgios N.,370.0,19.0,11.0,1.05,12.02,1.06,13.0,1.06
2016-07-26,Rogers Masters,1st Round,Hard,Stepanek R.,Paire B.,129.0,28.0,2.0,1.72,2.05,1.86,2.25,1.92
2016-07-27,Rogers Masters,2nd Round,Hard,Raonic M.,Lu Y.H.,7.0,70.0,1.06,9.0,1.07,11.31,1.1,11.31
2016-07-27,Rogers Masters,2nd Round,Hard,Monfils G.,Pospisil V.,14.0,101.0,1.22,4.0,1.22,4.83,1.26,4.83
2016-07-27,Rogers Masters,2nd Round,Hard,Sock J.,Young D.,26.0,57.0,1.3,3.4,1.32,3.77,1.36,3.77
2016-07-27,Rogers Masters,2nd Round,Hard,Karlovic I.,Cilic M.,27.0,12.0,2.62,1.44,2.86,1.48,3.0,1.48
2016-07-27,Rogers Masters,2nd Round,Hard,Donaldson J.,Fognini F.,147.0,33.0,3.25,1.33,3.52,1.35,3.52,1.36
2016-07-27,Rogers Masters,2nd Round,Hard,Anderson K.,Thiem D.,34.0,9.0,2.25,1.57,2.2,1.75,2.38,1.75
2016-07-27,Rogers Masters,2nd Round,Hard,Goffin D.,Querrey S.,11.0,29.0,1.44,2.62,1.5,2.8,1.54,2.85
2016-07-27,Rogers Masters,2nd Round,Hard,Stepanek R.,Polansky P.,129.0,247.0,1.36,3.0,1.35,3.5,1.37,3.53
2016-07-27,Rogers Masters,2nd Round,Hard,Tomic B.,Diez S.,22.0,192.0,1.12,6.0,1.12,7.73,1.15,7.73
2016-07-27,Rogers Masters,2nd Round,Hard,Ram R.,Pouille L.,118.0,23.0,3.4,1.3,3.28,1.39,3.4,1.4
2016-07-27,Rogers Masters,2nd Round,Hard,Harrison R.,Isner J.,144.0,16.0,4.5,1.18,5.35,1.19,5.35,1.2
2016-07-27,Rogers Masters,2nd Round,Hard,Nishikori K.,Novikov D.,6.0,131.0,1.08,8.0,1.09,9.35,1.1,9.4
2016-07-27,Rogers Masters,2nd Round,Hard,Wawrinka S.,Youzhny M.,5.0,61.0,1.14,5.5,1.17,5.9,1.18,5.9
2016-07-27,Rogers Masters,1st Round,Hard,Pospisil V.,Chardy J.,101.0,39.0,2.2,1.61,2.22,1.74,2.23,1.75
2016-07-27,Rogers Masters,2nd Round,Hard,Djokovic N.,Muller G.,1.0,37.0,1.03,15.0,1.06,12.02,1.06,15.0
2016-07-28,Rogers Masters,3rd Round,Hard,Dimitrov G.,Karlovic I.,40.0,27.0,2.37,1.53,2.46,1.63,2.6,1.67
2016-07-28,Rogers Masters,3rd Round,Hard,Raonic M.,Donaldson J.,7.0,147.0,1.03,15.0,1.04,17.22,1.05,17.42
2016-07-28,Rogers Masters,3rd Round,Hard,Berdych T.,Harrison R.,8.0,144.0,1.11,6.5,1.14,6.92,1.16,6.92
2016-07-28,Rogers Masters,3rd Round,Hard,Monfils G.,Goffin D.,14.0,11.0,1.72,2.0,1.88,2.04,1.88,2.1
2016-07-28,Rogers Masters,3rd Round,Hard,Anderson K.,Tomic B.,34.0,22.0,2.1,1.66,2.33,1.69,2.33,1.78
2016-07-28,Rogers Masters,2nd Round,Hard,Dimitrov G.,Shapovalov D.,40.0,370.0,1.25,3.75,1.32,3.74,1.33,3.8
2016-07-28,Rogers Masters,3rd Round,Hard,Wawrinka S.,Sock J.,5.0,26.0,1.44,2.62,1.55,2.67,1.58,2.7
2016-07-28,Rogers Masters,3rd Round,Hard,Nishikori K.,Ram R.,6.0,118.0,1.11,6.5,1.1,9.05,1.12,9.4
2016-07-29,Rogers Masters,3rd Round,Hard,Djokovic N.,Stepanek R.,1.0,129.0,1.03,15.0,1.05,15.37,1.05,15.37
2016-07-29,Rogers Masters,Quarterfinals,Hard,Wawrinka S.,Anderson K.,5.0,34.0,1.4,3.0,1.43,3.13,1.44,3.18
2016-07-29,Rogers Masters,Quarterfinals,Hard,Nishikori K.,Dimitrov G.,6.0,40.0,1.33,3.4,1.39,3.32,1.4,3.6
2016-07-29,Rogers Masters,Quarterfinals,Hard,Djokovic N.,Berdych T.,1.0,8.0,1.1,7.0,1.13,7.51,1.13,7.66
2016-07-30,Rogers Masters,Quarterfinals,Hard,Monfils G.,Raonic M.,14.0,7.0,4.0,1.25,4.6,1.25,4.8,1.3
2016-07-30,Rogers Masters,Semifinals,Hard,Nishikori K.,Wawrinka S.,6.0,5.0,2.3,1.61,2.32,1.7,2.38,1.71
2016-07-31,Rogers Masters,The Final,Hard,Djokovic N.,Nishikori K.,1.0,6.0,1.11,6.5,1.15,6.34,1.17,6.55
2016-07-31,Rogers Masters,Semifinals,Hard,Djokovic N.,Monfils G.,1.0,14.0,1.1,7.0,1.14,7.15,1.14,7.64
2016-08-01,BB&T Atlanta Open,1st Round,Hard,Smyczek T.,Monteiro T.,116.0,101.0,1.4,2.75,1.43,3.05,1.5,3.1
2016-08-01,BB&T Atlanta Open,1st Round,Hard,Donaldson J.,Groth S.,123.0,168.0,1.61,2.2,1.62,2.43,1.7,2.43
2016-08-01,BB&T Atlanta Open,1st Round,Hard,Mannarino A.,Zverev M.,67.0,139.0,1.4,2.75,1.5,2.76,1.5,2.88
2016-08-01,BB&T Atlanta Open,1st Round,Hard,Young D.,Krajicek A.,53.0,131.0,1.28,3.5,1.31,3.78,1.31,3.85
2016-08-02,BB&T Atlanta Open,1st Round,Hard,Nishioka Y.,Evans D.,97.0,82.0,1.9,1.8,2.05,1.85,2.2,1.85
2016-08-02,BB&T Atlanta Open,1st Round,Hard,Kamke T.,Stakhovsky S.,127.0,89.0,2.5,1.5,,,2.62,1.57
2016-08-02,BB&T Atlanta Open,1st Round,Hard,Verdasco F.,Lajovic D.,48.0,70.0,1.18,4.5,1.24,4.5,1.24,4.75
2016-08-02,BB&T Atlanta Open,1st Round,Hard,Benneteau J.,Smith J.P.,406.0,219.0,1.72,2.0,1.83,2.08,1.83,2.2
2016-08-02,BB&T Atlanta Open,1st Round,Hard,Opelka R.,Eubanks C.,837.0,1809.0,1.5,2.5,1.54,2.63,1.61,2.65
2016-08-02,BB&T Atlanta Open,1st Round,Hard,Zeballos H.,Garcia-Lopez G.,78.0,52.0,2.37,1.53,2.58,1.56,2.61,1.58
2016-08-02,BB&T Atlanta Open,1st Round,Hard,Fratangelo B.,Sijsling I.,119.0,114.0,1.57,2.25,1.68,2.31,1.68,2.39
2016-08-03,BB&T Atlanta Open,1st Round,Hard,Fritz T.,Smith A.,60.0,,1.02,17.0,1.04,14.8,1.04,21.25
2016-08-03,BB&T Atlanta Open,2nd Round,Hard,Opelka R.,Anderson K.,837.0,28.0,6.0,1.12,7.51,1.12,7.51,1.17
2016-08-03,BB&T Atlanta Open,2nd Round,Hard,Young D.,Smyczek T.,53.0,116.0,1.4,2.75,1.53,2.71,1.54,3.0
2016-08-04,BB&T Atlanta Open,2nd Round,Hard,Kyrgios N.,Donaldson J.,18.0,123.0,1.18,4.5,1.21,5.0,1.22,5.0
2016-08-04,BB&T Atlanta Open,2nd Round,Hard,Isner J.,Mannarino A.,17.0,67.0,1.12,6.0,1.07,10.91,1.22,10.91
2016-08-04,BB&T Atlanta Open,2nd Round,Hard,Fritz T.,Fratangelo B.,60.0,119.0,1.4,2.75,1.46,2.93,1.47,3.2
2016-08-04,BB&T Atlanta Open,2nd Round,Hard,Nishioka Y.,Dolgopolov O.,97.0,38.0,3.0,1.36,3.2,1.4,3.3,1.42
2016-08-04,BB&T Atlanta Open,2nd Round,Hard,Zeballos H.,Kamke T.,78.0,127.0,1.72,2.0,1.97,1.93,1.98,2.1
2016-08-04,BB&T Atlanta Open,2nd Round,Hard,Verdasco F.,Benneteau J.,48.0,406.0,1.28,3.5,1.29,4.0,1.33,4.0
2016-08-05,BB&T Atlanta Open,Quarterfinals,Hard,Opelka R.,Young D.,837.0,53.0,3.25,1.33,3.59,1.35,3.6,1.37
2016-08-05,BB&T Atlanta Open,Quarterfinals,Hard,Nishioka Y.,Zeballos H.,97.0,78.0,1.61,2.2,1.67,2.38,1.8,2.38
2016-08-05,BB&T Atlanta Open,Quarterfinals,Hard,Kyrgios N.,Verdasco F.,18.0,48.0,1.3,3.4,1.33,3.64,1.48,3.75
2016-08-06,BB&T Atlanta Open,Quarterfinals,Hard,Isner J.,Fritz T.,17.0,60.0,1.11,7.0,1.11,7.86,1.22,8.2
2016-08-06,BB&T Atlanta Open,Semifinals,Hard,Kyrgios N.,Nishioka Y.,18.0,97.0,1.08,8.0,1.1,7.97,1.12,9.25
2016-08-07,BB&T Atlanta Open,Semifinals,Hard,Isner J.,Opelka R.,17.0,837.0,1.08,8.0,1.11,7.22,1.12,11.0
2016-08-07,BB&T Atlanta Open,The Final,Hard,Kyrgios N.,Isner J.,18.0,17.0,1.9,1.9,2.06,1.87,2.06,2.0
2016-08-10,Abierto Mexicano Mifel,1st Round,Hard,Almagro N.,Rubin N.,48.0,198.0,1.22,4.0,1.3,3.87,1.3,4.5
2016-08-10,Abierto Mexicano Mifel,1st Round,Hard,Zverev M.,Mannarino A.,135.0,66.0,2.2,1.61,2.33,1.67,2.33,1.7
2016-08-10,Abierto Mexicano Mifel,1st Round,Hard,Garcia-Lopez G.,Gomez L.,52.0,529.0,1.04,13.0,1.05,13.04,1.05,16.0
2016-08-10,Abierto Mexicano Mifel,1st Round,Hard,Opelka R.,Stakhovsky S.,395.0,88.0,2.62,1.44,2.38,1.64,2.95,1.69
2016-08-10,Abierto Mexicano Mifel,1st Round,Hard,Krajicek A.,Hank T.,130.0,567.0,1.08,8.0,1.1,8.33,1.11,8.33
2016-08-10,Abierto Mexicano Mifel,1st Round,Hard,Lajovic D.,Monteiro T.,72.0,101.0,1.5,2.5,1.53,2.67,1.59,2.67
2016-08-10,Abierto Mexicano Mifel,1st Round,Hard,Zeballos H.,Dolgopolov O.,73.0,38.0,2.37,1.53,2.4,1.63,2.6,1.63
2016-08-10,Abierto Mexicano Mifel,1st Round,Hard,Granollers M.,Verdasco F.,47.0,46.0,2.75,1.4,3.05,1.43,3.3,1.43
2016-08-10,Abierto Mexicano Mifel,1st Round,Hard,Kamke T.,Smyczek T.,144.0,114.0,1.83,1.83,1.89,2.0,1.92,2.0
2016-08-10,Abierto Mexicano Mifel,1st Round,Hard,Benneteau J.,Donaldson J.,361.0,122.0,2.0,1.72,2.09,1.81,2.12,1.85
2016-08-10,Abierto Mexicano Mifel,1st Round,Hard,Carreno Busta P.,Chardy J.,55.0,39.0,1.83,1.83,2.09,1.81,2.1,1.91
2016-08-10,Abierto Mexicano Mifel,1st Round,Hard,Giraldo S.,Weintraub A.,137.0,213.0,1.33,3.25,1.38,3.31,1.38,3.4
2016-08-11,Abierto Mexicano Mifel,2nd Round,Hard,Lopez F.,Opelka R.,18.0,395.0,1.25,3.75,1.35,3.5,1.35,4.0
2016-08-11,Abierto Mexicano Mifel,2nd Round,Hard,Karlovic I.,Zverev M.,24.0,135.0,1.36,3.0,1.41,3.19,1.42,3.2
2016-08-11,Abierto Mexicano Mifel,2nd Round,Hard,Lajovic D.,Tomic B.,72.0,20.0,3.0,1.36,3.39,1.37,3.39,1.37
2016-08-11,Abierto Mexicano Mifel,2nd Round,Hard,Almagro N.,Garcia-Lopez G.,48.0,52.0,2.0,1.72,1.95,1.95,2.02,1.96
2016-08-11,Abierto Mexicano Mifel,2nd Round,Hard,Giraldo S.,Querrey S.,137.0,29.0,3.25,1.33,3.64,1.33,3.7,1.37
2016-08-11,Abierto Mexicano Mifel,2nd Round,Hard,Carreno Busta P.,Krajicek A.,55.0,130.0,1.3,3.4,1.33,3.64,1.36,3.64
2016-08-11,Abierto Mexicano Mifel,2nd Round,Hard,Benneteau J.,Zeballos H.,361.0,73.0,2.1,1.66,2.12,1.81,2.25,1.81
2016-08-11,Abierto Mexicano Mifel,2nd Round,Hard,Granollers M.,Kamke T.,47.0,144.0,1.4,2.75,1.47,2.92,1.47,2.95
2016-08-12,Abierto Mexicano Mifel,Quarterfinals,Hard,Karlovic I.,Granollers M.,24.0,47.0,1.44,2.62,1.53,2.74,1.53,2.75
2016-08-12,Abierto Mexicano Mifel,Quarterfinals,Hard,Carreno Busta P.,Giraldo S.,55.0,137.0,1.5,2.5,1.61,2.5,1.61,2.62
2016-08-12,Abierto Mexicano Mifel,Quarterfinals,Hard,Lajovic D.,Almagro N.,72.0,48.0,2.62,1.44,2.56,1.59,2.62,1.6
2016-08-12,Abierto Mexicano Mifel,Quarterfinals,Hard,Lopez F.,Benneteau J.,18.0,361.0,1.33,3.25,1.45,3.04,1.45,3.3
2016-08-13,Abierto Mexicano Mifel,Semifinals,Hard,Lopez F.,Carreno Busta P.,18.0,55.0,1.5,2.62,1.62,2.49,1.62,2.62
2016-08-13,Abierto Mexicano Mifel,Semifinals,Hard,Karlovic I.,Lajovic D.,24.0,72.0,1.33,3.4,1.32,3.79,1.4,3.8
2016-08-14,Abierto Mexicano Mifel,The Final,Hard,Karlovic I.,Lopez F.,24.0,18.0,1.72,2.1,1.74,2.26,1.91,2.26
2016-08-15,Western & Southern Financial Group Masters,1st Round,Hard,Cilic M.,Troicki V.,14.0,35.0,1.28,3.5,1.33,3.65,1.37,3.75
2016-08-15,Western & Southern Financial Group Masters,1st Round,Hard,Opelka R.,Chardy J.,364.0,53.0,2.62,1.44,2.59,1.56,2.75,1.56
2016-08-15,Western & Southern Financial Group Masters,1st Round,Hard,Anderson K.,Dolgopolov O.,24.0,37.0,1.53,2.37,1.65,2.4,1.65,2.63
2016-08-15,Western & Southern Financial Group Masters,1st Round,Hard,Cuevas P.,Querrey S.,19.0,29.0,2.75,1.4,2.86,1.48,2.89,1.52
2016-08-15,Western & Southern Financial Group Masters,1st Round,Hard,Benneteau J.,Ferrer D.,294.0,12.0,3.5,1.28,4.26,1.27,4.26,1.33
2016-08-15,Western & Southern Financial Group Masters,1st Round,Hard,Coric B.,Paire B.,49.0,32.0,1.44,2.62,1.52,2.73,1.54,2.75
2016-08-15,Western & Southern Financial Group Masters,1st Round,Hard,Donaldson J.,Almagro N.,122.0,47.0,2.25,1.57,2.2,1.75,2.31,1.75
2016-08-16,Western & Southern Financial Group Masters,1st Round,Hard,Verdasco F.,Ramos-Vinolas A.,45.0,33.0,1.53,2.37,1.61,2.47,1.62,2.5
2016-08-16,Western & Southern Financial Group Masters,1st Round,Hard,Isner J.,Fognini F.,22.0,38.0,1.25,3.75,1.29,3.97,1.3,4.0
2016-08-16,Western & Southern Financial Group Masters,1st Round,Hard,Lopez F.,Zverev M.,18.0,133.0,1.4,2.75,1.47,2.9,1.47,3.0
2016-08-16,Western & Southern Financial Group Masters,1st Round,Hard,Baghdatis M.,Pospisil V.,44.0,109.0,1.22,4.0,1.31,3.81,1.38,4.0
2016-08-16,Western & Southern Financial Group Masters,1st Round,Hard,Monfils G.,Carreno Busta P.,11.0,48.0,1.22,4.0,1.22,4.97,1.24,4.97
2016-08-16,Western & Southern Financial Group Masters,1st Round,Hard,Tomic B.,Sousa J.,21.0,36.0,1.36,3.0,1.42,3.11,1.46,3.11
2016-08-16,Western & Southern Financial Group Masters,1st Round,Hard,Johnson S.,Delbonis F.,23.0,43.0,1.2,4.33,1.22,4.96,1.25,4.96
2016-08-16,Western & Southern Financial Group Masters,1st Round,Hard,Gasquet R.,Mannarino A.,15.0,58.0,1.22,4.0,1.27,4.27,1.27,4.28
2016-08-16,Western & Southern Financial Group Masters,1st Round,Hard,Goffin D.,Basilashvili N.,13.0,107.0,1.11,6.5,1.15,6.55,1.15,6.88
2016-08-16,Western & Southern Financial Group Masters,1st Round,Hard,Youzhny M.,Fritz T.,68.0,54.0,2.1,1.66,2.11,1.81,2.15,1.83
2016-08-16,Western & Southern Financial Group Masters,1st Round,Hard,Kyrgios N.,Pouille L.,16.0,26.0,1.22,4.0,1.27,4.27,1.28,4.45
2016-08-16,Western & Southern Financial Group Masters,1st Round,Hard,Dimitrov G.,Simon G.,34.0,31.0,1.83,1.83,2.02,1.88,2.02,2.0
2016-08-16,Western & Southern Financial Group Masters,1st Round,Hard,Millman J.,Jaziri M.,91.0,62.0,1.53,2.37,1.64,2.42,1.67,2.42
2016-08-17,Western & Southern Financial Group Masters,2nd Round,Hard,Monfils G.,Baghdatis M.,11.0,44.0,1.22,4.0,1.25,4.46,1.25,4.5
2016-08-17,Western & Southern Financial Group Masters,2nd Round,Hard,Coric B.,Kyrgios N.,49.0,16.0,5.5,1.14,5.65,1.18,6.0,1.2
2016-08-17,Western & Southern Financial Group Masters,2nd Round,Hard,Johnson S.,Benneteau J.,23.0,294.0,1.36,3.0,1.37,3.39,1.4,3.39
2016-08-17,Western & Southern Financial Group Masters,2nd Round,Hard,Tomic B.,Goffin D.,21.0,13.0,2.75,1.4,2.73,1.52,2.85,1.52
2016-08-17,Western & Southern Financial Group Masters,2nd Round,Hard,Nadal R.,Cuevas P.,5.0,19.0,1.33,3.25,1.36,3.45,1.4,3.6
2016-08-17,Western & Southern Financial Group Masters,2nd Round,Hard,Dimitrov G.,Lopez F.,34.0,18.0,1.66,2.1,1.75,2.21,1.8,2.25
2016-08-17,Western & Southern Financial Group Masters,2nd Round,Hard,Raonic M.,Isner J.,6.0,22.0,1.5,2.5,1.56,2.59,1.65,2.59
2016-08-17,Western & Southern Financial Group Masters,1st Round,Hard,Sugita Y.,Zverev A.,102.0,27.0,4.5,1.18,5.12,1.21,5.15,1.22
2016-08-17,Western & Southern Financial Group Masters,2nd Round,Hard,Wawrinka S.,Donaldson J.,4.0,122.0,1.12,6.0,1.17,6.0,1.17,6.12
2016-08-17,Western & Southern Financial Group Masters,2nd Round,Hard,Thiem D.,Millman J.,9.0,91.0,1.44,2.62,1.52,2.73,1.53,2.75
2016-08-17,Western & Southern Financial Group Masters,2nd Round,Hard,Nishikori K.,Youzhny M.,7.0,68.0,1.2,4.33,1.21,5.04,1.21,5.11
2016-08-17,Western & Southern Financial Group Masters,1st Round,Hard,Monaco J.,Karlovic I.,104.0,20.0,3.5,1.28,3.73,1.32,3.73,1.36
2016-08-17,Western & Southern Financial Group Masters,1st Round,Hard,Granollers M.,Vesely J.,46.0,50.0,2.0,1.72,2.08,1.84,2.2,1.94
2016-08-17,Western & Southern Financial Group Masters,1st Round,Hard,Mahut N.,Bautista Agut R.,42.0,17.0,3.5,1.28,3.69,1.33,4.0,1.33
2016-08-17,Western & Southern Financial Group Masters,2nd Round,Hard,Tsonga J.W.,Opelka R.,10.0,364.0,1.16,5.0,1.22,4.85,1.22,5.1
2016-08-18,Western & Southern Financial Group Masters,3rd Round,Hard,Dimitrov G.,Wawrinka S.,34.0,4.0,2.25,1.57,2.22,1.76,2.63,1.76
2016-08-18,Western & Southern Financial Group Masters,3rd Round,Hard,Tomic B.,Nishikori K.,21.0,7.0,3.4,1.3,3.62,1.34,3.65,1.35
2016-08-18,Western & Southern Financial Group Masters,3rd Round,Hard,Coric B.,Nadal R.,49.0,5.0,4.5,1.18,4.8,1.23,5.2,1.23
2016-08-18,Western & Southern Financial Group Masters,3rd Round,Hard,Johnson S.,Tsonga J.W.,23.0,10.0,2.37,1.53,2.36,1.68,2.6,1.68
2016-08-18,Western & Southern Financial Group Masters,3rd Round,Hard,Thiem D.,Monfils G.,9.0,11.0,2.25,1.57,2.33,1.69,2.4,1.74
2016-08-18,Western & Southern Financial Group Masters,3rd Round,Hard,Raonic M.,Sugita Y.,6.0,102.0,1.05,11.0,1.05,14.37,1.06,14.59
2016-08-18,Western & Southern Financial Group Masters,2nd Round,Hard,Murray A.,Monaco J.,2.0,104.0,1.06,9.0,1.1,8.67,1.11,9.25
2016-08-18,Western & Southern Financial Group Masters,2nd Round,Hard,Anderson K.,Gasquet R.,24.0,15.0,2.1,1.66,2.37,1.66,2.4,1.68
2016-08-18,Western & Southern Financial Group Masters,2nd Round,Hard,Sugita Y.,Mahut N.,102.0,42.0,2.37,1.53,2.48,1.61,2.62,1.61
2016-08-18,Western & Southern Financial Group Masters,2nd Round,Hard,Berdych T.,Granollers M.,8.0,46.0,1.14,5.5,1.17,5.98,1.17,5.98
2016-08-18,Western & Southern Financial Group Masters,2nd Round,Hard,Cilic M.,Verdasco F.,14.0,45.0,1.33,3.25,1.43,3.05,1.43,3.25
2016-08-19,Western & Southern Financial Group Masters,3rd Round,Hard,Murray A.,Anderson K.,2.0,24.0,1.16,5.0,1.22,5.09,1.22,5.25
2016-08-19,Western & Southern Financial Group Masters,3rd Round,Hard,Cilic M.,Berdych T.,14.0,8.0,2.1,1.66,2.4,1.66,2.4,1.75
2016-08-19,Western & Southern Financial Group Masters,Quarterfinals,Hard,Dimitrov G.,Johnson S.,34.0,23.0,1.8,2.0,1.86,2.07,1.86,2.09
2016-08-19,Western & Southern Financial Group Masters,Quarterfinals,Hard,Raonic M.,Thiem D.,6.0,9.0,1.3,3.5,1.35,3.55,1.4,3.56
2016-08-19,Western & Southern Financial Group Masters,Quarterfinals,Hard,Cilic M.,Coric B.,14.0,49.0,1.28,3.75,1.31,3.88,1.4,3.95
2016-08-20,Western & Southern Financial Group Masters,Quarterfinals,Hard,Murray A.,Tomic B.,2.0,21.0,1.14,5.5,1.16,6.26,1.18,6.26
2016-08-21,Western & Southern Financial Group Masters,Semifinals,Hard,Murray A.,Raonic M.,2.0,6.0,1.44,2.75,1.45,3.02,1.49,3.1
2016-08-21,Western & Southern Financial Group Masters,The Final,Hard,Cilic M.,Murray A.,14.0,2.0,5.5,1.14,6.54,1.15,6.54,1.2
2016-08-21,Winston-Salem Open at Wake Forest University,1st Round,Hard,Fratangelo B.,Donskoy E.,116.0,79.0,1.9,1.8,1.98,1.91,2.0,1.91
2016-08-21,Winston-Salem Open at Wake Forest University,1st Round,Hard,Evans D.,Elias G.,67.0,61.0,1.44,2.62,1.53,2.67,1.53,2.88
2016-08-21,Winston-Salem Open at Wake Forest University,1st Round,Hard,Struff J.L.,Seppi A.,78.0,88.0,2.62,1.44,2.77,1.5,2.75,1.5
2016-08-21,Western & Southern Financial Group Masters,Semifinals,Hard,Cilic M.,Dimitrov G.,14.0,34.0,1.44,2.75,1.43,3.12,1.45,3.16
2016-08-22,Winston-Salem Open at Wake Forest University,1st Round,Hard,Schwartzman D.,Kukushkin M.,68.0,66.0,2.37,1.53,2.5,1.59,2.62,1.59
2016-08-22,Winston-Salem Open at Wake Forest University,1st Round,Hard,Jaziri M.,Albot R.,53.0,98.0,1.57,2.25,1.74,2.2,1.74,2.4
2016-08-22,Winston-Salem Open at Wake Forest University,1st Round,Hard,Rosol L.,Estrella Burgos V.,82.0,84.0,1.4,2.75,1.45,2.95,1.45,3.0
2016-08-22,Winston-Salem Open at Wake Forest University,1st Round,Hard,Fritz T.,Tiafoe F.,54.0,124.0,1.72,2.0,1.89,2.0,1.91,2.1
2016-08-22,Winston-Salem Open at Wake Forest University,1st Round,Hard,Vesely J.,Van Rijthoven T.,48.0,344.0,1.12,6.0,1.11,7.71,1.13,7.71
2016-08-22,Winston-Salem Open at Wake Forest University,1st Round,Hard,Edmund K.,Ram R.,85.0,105.0,1.5,2.5,1.6,2.49,1.69,2.5
2016-08-22,Winston-Salem Open at Wake Forest University,1st Round,Hard,Bedene A.,Mcgee J.,77.0,272.0,1.53,2.37,1.63,2.4,1.67,2.55
2016-08-22,Winston-Salem Open at Wake Forest University,1st Round,Hard,Young D.,Herbert P.H.,57.0,76.0,1.66,2.1,1.86,2.03,1.86,2.12
2016-08-22,Winston-Salem Open at Wake Forest University,1st Round,Hard,Robert S.,Mathieu P.H.,52.0,69.0,2.0,1.72,2.09,1.81,2.14,1.82
2016-08-22,Winston-Salem Open at Wake Forest University,1st Round,Hard,Lu Y.H.,Marchenko I.,72.0,65.0,1.5,2.5,1.53,2.66,1.53,2.75
2016-08-22,Winston-Salem Open at Wake Forest University,1st Round,Hard,Youzhny M.,Duckworth J.,63.0,199.0,1.36,3.0,1.48,2.83,1.48,3.0
2016-08-23,Winston-Salem Open at Wake Forest University,2nd Round,Hard,Lu Y.H.,Sousa J.,72.0,36.0,1.53,2.37,1.57,2.57,1.63,2.58
2016-08-23,Winston-Salem Open at Wake Forest University,2nd Round,Hard,Querrey S.,Garcia-Lopez G.,31.0,50.0,1.28,3.5,1.29,4.05,1.4,4.05
2016-08-23,Winston-Salem Open at Wake Forest University,2nd Round,Hard,Cuevas P.,Jaziri M.,20.0,53.0,1.53,2.37,1.56,2.6,1.6,2.62
2016-08-23,Winston-Salem Open at Wake Forest University,2nd Round,Hard,Baghdatis M.,Young D.,44.0,57.0,1.72,2.0,1.86,2.05,1.92,2.2
2016-08-23,Winston-Salem Open at Wake Forest University,2nd Round,Hard,Millman J.,Ramos-Vinolas A.,81.0,33.0,1.66,2.1,1.73,2.24,1.8,3.6
2016-08-23,Winston-Salem Open at Wake Forest University,2nd Round,Hard,Schwartzman D.,Simon G.,68.0,32.0,4.0,1.22,3.75,1.32,4.0,1.32
2016-08-23,Winston-Salem Open at Wake Forest University,2nd Round,Hard,Carreno Busta P.,Struff J.L.,49.0,78.0,1.53,2.37,1.65,2.4,1.71,2.41
2016-08-23,Winston-Salem Open at Wake Forest University,2nd Round,Hard,Fratangelo B.,Lorenzi P.,116.0,39.0,1.53,2.37,1.61,2.49,1.65,2.5
2016-08-23,Winston-Salem Open at Wake Forest University,2nd Round,Hard,Kuznetsov An.,Youzhny M.,42.0,63.0,,,,,2.04,1.74
2016-08-23,Winston-Salem Open at Wake Forest University,2nd Round,Hard,Robert S.,Delbonis F.,52.0,43.0,1.83,1.83,1.97,1.93,2.05,1.93
2016-08-23,Winston-Salem Open at Wake Forest University,2nd Round,Hard,Gasquet R.,Evans D.,15.0,67.0,1.22,4.0,1.21,5.05,1.29,5.05
2016-08-23,Winston-Salem Open at Wake Forest University,1st Round,Hard,Garcia-Lopez G.,Dzumhur D.,50.0,71.0,1.53,2.37,1.65,2.37,1.65,2.4
2016-08-23,Winston-Salem Open at Wake Forest University,1st Round,Hard,Millman J.,Nishioka Y.,81.0,86.0,1.66,2.1,1.78,2.14,1.8,2.2
2016-08-23,Winston-Salem Open at Wake Forest University,2nd Round,Hard,Bautista Agut R.,Bedene A.,17.0,77.0,1.2,4.33,1.25,4.5,1.25,4.6
2016-08-24,Winston-Salem Open at Wake Forest University,3rd Round,Hard,Millman J.,Fratangelo B.,81.0,116.0,1.5,2.5,1.5,2.8,1.55,2.85
2016-08-24,Winston-Salem Open at Wake Forest University,3rd Round,Hard,Kuznetsov An.,Vesely J.,42.0,48.0,1.9,1.8,2.04,1.87,2.1,1.87
2016-08-24,Winston-Salem Open at Wake Forest University,3rd Round,Hard,Carreno Busta P.,Cuevas P.,49.0,20.0,2.25,1.57,2.35,1.67,2.62,1.67
2016-08-24,Winston-Salem Open at Wake Forest University,3rd Round,Hard,Lu Y.H.,Schwartzman D.,72.0,68.0,1.4,2.75,1.51,2.76,1.52,2.8
2016-08-24,Winston-Salem Open at Wake Forest University,3rd Round,Hard,Gasquet R.,Robert S.,15.0,52.0,1.18,4.5,1.18,5.65,1.21,5.75
2016-08-24,Winston-Salem Open at Wake Forest University,2nd Round,Hard,Johnson S.,Rosol L.,21.0,82.0,1.3,3.4,1.38,3.31,1.4,3.43
2016-08-24,Winston-Salem Open at Wake Forest University,2nd Round,Hard,Verdasco F.,Fritz T.,47.0,54.0,1.57,2.25,1.66,2.37,1.67,2.45
2016-08-24,Winston-Salem Open at Wake Forest University,2nd Round,Hard,Vesely J.,Anderson K.,48.0,25.0,3.4,1.3,3.57,1.34,3.57,1.45
2016-08-24,Winston-Salem Open at Wake Forest University,2nd Round,Hard,Troicki V.,Edmund K.,35.0,85.0,1.72,2.0,1.76,2.19,1.89,2.19
2016-08-25,Winston-Salem Open at Wake Forest University,3rd Round,Hard,Bautista Agut R.,Baghdatis M.,17.0,44.0,1.44,2.62,1.5,2.8,1.55,2.8
2016-08-25,Winston-Salem Open at Wake Forest University,3rd Round,Hard,Verdasco F.,Johnson S.,47.0,21.0,2.5,1.5,2.49,1.61,2.62,1.61
2016-08-25,Winston-Salem Open at Wake Forest University,3rd Round,Hard,Troicki V.,Querrey S.,35.0,31.0,2.62,1.44,2.63,1.55,2.75,1.57
2016-08-25,Winston-Salem Open at Wake Forest University,Quarterfinals,Hard,Millman J.,Gasquet R.,81.0,15.0,4.33,1.2,4.96,1.22,4.96,1.3
2016-08-25,Winston-Salem Open at Wake Forest University,Quarterfinals,Hard,Carreno Busta P.,Kuznetsov An.,49.0,42.0,1.72,2.0,1.97,1.95,1.97,2.15
2016-08-25,Winston-Salem Open at Wake Forest University,Quarterfinals,Hard,Bautista Agut R.,Lu Y.H.,17.0,72.0,1.36,3.0,1.42,3.16,1.42,3.35
2016-08-26,Winston-Salem Open at Wake Forest University,Quarterfinals,Hard,Troicki V.,Verdasco F.,35.0,47.0,2.0,1.72,2.24,1.75,2.24,1.85
2016-08-26,Winston-Salem Open at Wake Forest University,Semifinals,Hard,Bautista Agut R.,Troicki V.,17.0,35.0,1.44,2.75,1.45,3.01,1.47,3.01
2016-08-27,Winston-Salem Open at Wake Forest University,The Final,Hard,Carreno Busta P.,Bautista Agut R.,49.0,17.0,3.4,1.33,3.55,1.36,3.55,1.43
2016-08-27,Winston-Salem Open at Wake Forest University,Semifinals,Hard,Carreno Busta P.,Millman J.,49.0,81.0,1.9,1.9,2.09,1.85,2.09,1.98
2016-08-29,US Open,1st Round,Hard,Chiudinelli M.,Clezar G.,144.0,203.0,1.83,1.83,1.98,1.93,2.0,2.0
2016-08-29,US Open,1st Round,Hard,Bautista Agut R.,Garcia-Lopez G.,17.0,50.0,1.28,3.5,1.3,3.9,1.33,4.0
2016-08-29,US Open,1st Round,Hard,Vesely J.,Myneni S.,49.0,143.0,1.36,3.0,1.39,3.28,1.4,3.5
2016-08-29,US Open,1st Round,Hard,Harrison R.,Mannarino A.,120.0,54.0,1.83,1.83,2.16,1.78,2.16,2.2
2016-08-29,US Open,1st Round,Hard,Sock J.,Fritz T.,27.0,53.0,1.3,3.4,1.33,3.69,1.33,3.69
2016-08-29,US Open,1st Round,Hard,Tsonga J.W.,Andreozzi G.,11.0,133.0,1.04,13.0,1.04,15.14,1.05,15.2
2016-08-29,US Open,1st Round,Hard,Pouille L.,Kukushkin M.,25.0,67.0,1.2,4.33,1.19,5.42,1.23,5.5
2016-08-29,US Open,1st Round,Hard,Zverev M.,Herbert P.H.,127.0,114.0,1.8,1.9,1.86,2.05,1.91,2.05
2016-08-29,US Open,1st Round,Hard,Cuevas P.,Sela D.,20.0,80.0,1.22,4.0,1.24,4.55,1.27,4.55
2016-08-29,US Open,1st Round,Hard,Anderson K.,Nishioka Y.,35.0,85.0,1.33,3.25,1.39,3.28,1.39,3.6
2016-08-29,US Open,1st Round,Hard,Pospisil V.,Kovalik J.,123.0,126.0,1.57,2.25,1.68,2.34,1.68,2.5
2016-08-29,US Open,1st Round,Hard,Baghdatis M.,Bagnis F.,44.0,90.0,1.07,9.0,1.08,9.9,1.09,10.5
2016-08-29,US Open,1st Round,Hard,Paire B.,Lajovic D.,34.0,59.0,1.44,2.62,1.54,2.66,1.54,2.75
2016-08-29,US Open,1st Round,Hard,Satral J.,Mcdonald M.,226.0,406.0,1.5,2.5,1.45,2.99,1.53,2.99
2016-08-29,US Open,1st Round,Hard,Duckworth J.,Haase R.,195.0,62.0,1.8,1.9,1.87,2.04,1.92,2.04
2016-08-29,US Open,1st Round,Hard,Nadal R.,Istomin D.,5.0,107.0,1.08,8.0,1.08,10.44,1.08,11.38
2016-08-29,US Open,1st Round,Hard,Delbonis F.,Baker B.,43.0,312.0,1.61,2.2,1.6,2.52,1.75,2.52
2016-08-29,US Open,1st Round,Hard,Darcis S.,Thompson J.,106.0,91.0,1.5,2.5,1.59,2.52,1.59,2.6
2016-08-29,US Open,1st Round,Hard,Kuznetsov An.,Bellucci T.,47.0,65.0,1.57,2.25,1.61,2.47,1.67,2.47
2016-08-29,US Open,1st Round,Hard,Cilic M.,Dutra Silva R.,9.0,427.0,1.01,21.0,1.02,24.52,1.03,31.0
2016-08-29,US Open,1st Round,Hard,Pella G.,Fratangelo B.,51.0,115.0,2.25,1.57,2.41,1.64,2.45,1.67
2016-08-29,US Open,1st Round,Hard,Escobedo E.,Lacko L.,201.0,99.0,1.66,2.1,1.78,2.16,1.85,2.3
2016-08-29,US Open,1st Round,Hard,Edmund K.,Gasquet R.,84.0,15.0,4.33,1.2,4.85,1.22,4.85,1.23
2016-08-29,US Open,1st Round,Hard,Youzhny M.,Klizan M.,61.0,29.0,2.0,1.72,1.99,1.92,2.05,1.92
2016-08-29,US Open,1st Round,Hard,Ramos-Vinolas A.,Benneteau J.,33.0,248.0,1.57,2.25,1.68,2.34,1.68,2.38
2016-08-29,US Open,1st Round,Hard,Almagro N.,Fucsovics M.,48.0,155.0,1.44,2.62,1.56,2.59,1.73,2.65
2016-08-29,US Open,1st Round,Hard,Seppi A.,Robert S.,87.0,52.0,1.5,2.5,1.54,2.66,1.54,2.66
2016-08-29,US Open,1st Round,Hard,Monfils G.,Muller G.,12.0,37.0,1.22,4.0,1.19,5.42,1.26,5.42
2016-08-29,US Open,1st Round,Hard,Isner J.,Tiafoe F.,21.0,125.0,1.08,8.0,1.09,9.43,1.1,9.75
2016-08-29,US Open,1st Round,Hard,Stakhovsky S.,Elias G.,92.0,60.0,1.61,2.2,1.69,2.3,1.69,2.38
2016-08-30,US Open,1st Round,Hard,Karlovic I.,Lu Y.H.,23.0,73.0,1.44,2.62,1.47,2.9,1.5,3.0
2016-08-30,US Open,1st Round,Hard,Sousa J.,Estrella Burgos V.,36.0,83.0,1.36,3.0,1.38,3.35,1.4,3.4
2016-08-30,US Open,1st Round,Hard,Dzumhur D.,Tomic B.,72.0,19.0,8.0,1.08,8.21,1.11,8.5,1.11
2016-08-30,US Open,1st Round,Hard,Lopez F.,Coric B.,18.0,41.0,1.57,2.25,1.72,2.25,1.72,2.55
2016-08-30,US Open,1st Round,Hard,Zeballos H.,Mayer F.,71.0,58.0,3.4,1.3,3.69,1.33,3.69,1.4
2016-08-30,US Open,1st Round,Hard,Del Potro J.M.,Schwartzman D.,142.0,69.0,1.04,11.0,1.06,13.02,1.08,13.75
2016-08-30,US Open,1st Round,Hard,Kyrgios N.,Bedene A.,16.0,77.0,1.07,9.0,1.07,11.23,1.08,11.36
2016-08-30,US Open,1st Round,Hard,Johnson S.,Donskoy E.,22.0,79.0,1.12,6.0,1.14,6.65,1.15,7.0
2016-08-30,US Open,1st Round,Hard,Thiem D.,Millman J.,10.0,66.0,1.2,4.33,1.23,4.77,1.24,42586.0
2016-08-30,US Open,1st Round,Hard,Granollers M.,Monaco J.,45.0,94.0,1.61,2.2,1.75,2.2,1.75,2.3
2016-08-30,US Open,1st Round,Hard,Simon G.,Stepanek R.,31.0,113.0,1.66,2.1,1.75,2.2,1.83,2.2
2016-08-30,US Open,1st Round,Hard,Lorenzi P.,Berlocq C.,40.0,76.0,1.44,2.62,1.56,2.59,1.57,2.62
2016-08-30,US Open,1st Round,Hard,Mathieu P.H.,Harrison C.,70.0,694.0,1.33,3.25,1.4,3.22,1.42,3.3
2016-08-30,US Open,1st Round,Hard,Berankis R.,Jaziri M.,89.0,68.0,2.75,1.4,3.02,1.44,3.25,1.45
2016-08-30,US Open,1st Round,Hard,Young D.,Struff J.L.,56.0,78.0,1.36,3.0,1.4,3.22,1.4,3.26
2016-08-30,US Open,1st Round,Hard,Fognini F.,Gabashvili T.,38.0,105.0,1.33,3.25,1.35,3.52,1.36,3.52
2016-08-30,US Open,1st Round,Hard,Wawrinka S.,Verdasco F.,3.0,46.0,1.28,3.5,1.33,3.64,1.34,3.84
2016-08-30,US Open,1st Round,Hard,Ferrer D.,Dolgopolov O.,13.0,57.0,1.33,3.25,1.37,3.39,1.4,3.5
2016-08-30,US Open,1st Round,Hard,Raonic M.,Brown D.,6.0,86.0,1.03,15.0,1.04,15.92,1.05,15.92
2016-08-30,US Open,1st Round,Hard,Djokovic N.,Janowicz J.,1.0,247.0,1.01,26.0,1.02,24.52,1.02,50.0
2016-08-30,US Open,1st Round,Hard,Donaldson J.,Goffin D.,122.0,14.0,5.5,1.14,6.87,1.14,7.0,1.17
2016-08-30,US Open,1st Round,Hard,Evans D.,Ram R.,64.0,104.0,1.44,2.62,1.57,2.57,1.59,2.7
2016-08-30,US Open,1st Round,Hard,Khachanov K.,Fabbiano T.,95.0,111.0,1.36,3.0,1.4,3.24,1.45,3.24
2016-08-30,US Open,1st Round,Hard,Nishikori K.,Becker B.,7.0,96.0,1.01,21.0,1.02,22.73,1.03,22.73
2016-08-30,US Open,1st Round,Hard,Dimitrov G.,Cervantes I.,24.0,75.0,1.07,9.0,1.06,12.52,1.08,13.75
2016-08-30,US Open,1st Round,Hard,Carreno Busta P.,Ivashka I.,39.0,182.0,1.18,4.5,1.21,5.12,1.22,5.42
2016-08-30,US Open,1st Round,Hard,Chardy J.,Mmoh M.,55.0,384.0,1.08,8.0,1.11,8.37,1.11,8.75
2016-08-30,US Open,1st Round,Hard,Troicki V.,Albot R.,32.0,97.0,1.22,4.0,1.27,4.22,1.27,4.56
2016-08-30,US Open,1st Round,Hard,Tipsarevic J.,Querrey S.,250.0,30.0,4.33,1.2,4.18,1.27,4.6,1.27
2016-08-30,US Open,1st Round,Hard,Mahut N.,Kohlschreiber P.,42.0,26.0,2.1,1.66,2.09,1.83,2.2,1.83
2016-08-30,US Open,1st Round,Hard,Giannessi A.,Kudla D.,243.0,128.0,2.5,1.5,2.73,1.52,2.73,1.61
2016-08-30,US Open,1st Round,Hard,Zverev A.,Brands D.,28.0,153.0,1.2,4.33,1.17,6.02,1.2,6.02
2016-08-31,US Open,2nd Round,Hard,Monfils G.,Satral J.,12.0,226.0,1.01,21.0,1.02,22.99,1.03,23.0
2016-08-31,US Open,2nd Round,Hard,Bautista Agut R.,Delbonis F.,17.0,43.0,1.12,6.0,1.17,5.91,1.17,6.14
2016-08-31,US Open,2nd Round,Hard,Pouille L.,Chiudinelli M.,25.0,144.0,1.18,4.5,1.19,5.5,1.22,5.5
2016-08-31,US Open,2nd Round,Hard,Cilic M.,Stakhovsky S.,9.0,92.0,1.03,13.0,1.04,14.94,1.06,14.94
2016-08-31,US Open,2nd Round,Hard,Sock J.,Zverev M.,27.0,127.0,1.25,3.75,1.27,4.22,1.35,4.22
2016-08-31,US Open,2nd Round,Hard,Kuznetsov An.,Ramos-Vinolas A.,47.0,33.0,1.61,2.2,1.68,2.33,1.69,2.33
2016-08-31,US Open,2nd Round,Hard,Almagro N.,Cuevas P.,48.0,20.0,2.25,1.57,2.37,1.66,2.38,1.73
2016-08-31,US Open,2nd Round,Hard,Youzhny M.,Pella G.,61.0,51.0,1.5,2.5,1.55,2.64,1.57,2.64
2016-08-31,US Open,1st Round,Hard,Marchenko I.,Dodig I.,63.0,74.0,1.83,1.83,2.08,1.84,2.08,2.04
2016-08-31,US Open,2nd Round,Hard,Harrison R.,Raonic M.,120.0,6.0,9.0,1.07,9.87,1.08,10.5,1.1
2016-08-31,US Open,2nd Round,Hard,Baghdatis M.,Paire B.,44.0,34.0,1.57,2.25,1.64,2.41,1.65,2.6
2016-08-31,US Open,2nd Round,Hard,Tsonga J.W.,Duckworth J.,11.0,195.0,1.06,10.0,1.07,11.51,1.08,12.25
2016-08-31,US Open,2nd Round,Hard,Isner J.,Darcis S.,21.0,106.0,1.1,7.0,1.15,6.52,1.15,7.0
2016-08-31,US Open,2nd Round,Hard,Anderson K.,Pospisil V.,35.0,123.0,1.25,3.75,1.26,4.34,1.28,4.34
2016-08-31,US Open,2nd Round,Hard,Edmund K.,Escobedo E.,84.0,201.0,1.22,4.0,1.25,4.46,1.27,4.46
2016-08-31,US Open,1st Round,Hard,Murray A.,Rosol L.,2.0,81.0,1.01,26.0,1.02,22.73,1.02,31.0
2016-08-31,US Open,2nd Round,Hard,Djokovic N.,Vesely J.,1.0,49.0,1.06,10.0,1.07,10.98,1.07,11.75
2016-09-01,US Open,2nd Round,Hard,Donaldson J.,Troicki V.,122.0,32.0,2.0,1.72,2.02,1.88,2.1,1.91
2016-09-01,US Open,2nd Round,Hard,Lorenzi P.,Simon G.,40.0,31.0,4.33,1.2,5.12,1.21,5.12,1.25
2016-09-01,US Open,2nd Round,Hard,Sousa J.,Lopez F.,36.0,18.0,5.0,1.16,5.48,1.19,5.48,1.22
2016-09-01,US Open,2nd Round,Hard,Thiem D.,Berankis R.,10.0,89.0,1.08,8.0,1.1,8.98,1.12,9.25
2016-09-01,US Open,2nd Round,Hard,Carreno Busta P.,Tipsarevic J.,39.0,250.0,1.36,3.0,1.42,3.11,1.45,3.11
2016-09-01,US Open,2nd Round,Hard,Nishikori K.,Khachanov K.,7.0,95.0,1.04,13.0,1.05,13.99,1.05,15.5
2016-09-01,US Open,2nd Round,Hard,Mahut N.,Mathieu P.H.,42.0,70.0,1.5,2.5,1.61,2.49,1.61,2.67
2016-09-01,US Open,2nd Round,Hard,Nadal R.,Seppi A.,5.0,87.0,1.05,11.0,1.07,10.71,1.08,11.5
2016-09-01,US Open,2nd Round,Hard,Murray A.,Granollers M.,2.0,45.0,1.01,23.0,1.01,27.22,1.02,27.22
2016-09-02,US Open,3rd Round,Hard,Baghdatis M.,Harrison R.,44.0,120.0,1.72,2.1,1.79,2.16,1.8,2.2
2016-09-02,US Open,3rd Round,Hard,Edmund K.,Isner J.,84.0,21.0,3.25,1.33,3.62,1.34,3.8,1.4
2016-09-02,US Open,3rd Round,Hard,Pouille L.,Bautista Agut R.,25.0,17.0,4.0,1.25,4.18,1.28,4.2,1.29
2016-09-02,US Open,3rd Round,Hard,Djokovic N.,Youzhny M.,1.0,61.0,1.06,10.0,1.07,12.28,1.07,12.28
2016-09-02,US Open,3rd Round,Hard,Monfils G.,Almagro N.,12.0,48.0,1.12,6.0,1.15,6.74,1.16,6.75
2016-09-02,US Open,3rd Round,Hard,Sock J.,Cilic M.,27.0,9.0,3.75,1.28,4.01,1.3,4.01,1.36
2016-09-02,US Open,3rd Round,Hard,Tsonga J.W.,Anderson K.,11.0,35.0,1.44,2.75,1.47,2.94,1.48,3.05
2016-09-02,US Open,2nd Round,Hard,Ferrer D.,Fognini F.,13.0,38.0,1.4,2.75,1.43,3.08,1.44,3.08
2016-09-02,US Open,2nd Round,Hard,Marchenko I.,Dzumhur D.,63.0,72.0,2.0,1.72,2.14,1.79,2.14,1.85
2016-09-02,US Open,2nd Round,Hard,Del Potro J.M.,Johnson S.,142.0,22.0,1.33,3.25,1.3,3.93,1.37,3.93
2016-09-02,US Open,2nd Round,Hard,Evans D.,Zverev A.,64.0,28.0,3.25,1.33,3.48,1.36,3.48,1.38
2016-09-02,US Open,2nd Round,Hard,Wawrinka S.,Giannessi A.,3.0,243.0,1.02,17.0,1.03,17.79,1.04,19.5
2016-09-02,US Open,2nd Round,Hard,Kyrgios N.,Zeballos H.,16.0,71.0,1.11,6.5,1.13,7.21,1.13,8.5
2016-09-02,US Open,2nd Round,Hard,Dimitrov G.,Chardy J.,24.0,55.0,1.28,3.5,1.32,3.79,1.33,3.8
2016-09-02,US Open,2nd Round,Hard,Karlovic I.,Young D.,23.0,56.0,1.5,2.5,1.52,2.74,1.54,2.74
2016-09-03,US Open,3rd Round,Hard,Murray A.,Lorenzi P.,2.0,40.0,1.005,29.0,1.01,31.3,1.02,34.0
2016-09-03,US Open,3rd Round,Hard,Nishikori K.,Mahut N.,7.0,42.0,1.1,7.0,1.13,7.54,1.15,8.2
2016-09-03,US Open,3rd Round,Hard,Wawrinka S.,Evans D.,3.0,64.0,1.11,6.5,1.13,7.65,1.15,7.65
2016-09-03,US Open,3rd Round,Hard,Dimitrov G.,Sousa J.,24.0,36.0,1.3,3.5,1.32,3.85,1.33,4.0
2016-09-03,US Open,3rd Round,Hard,Thiem D.,Carreno Busta P.,10.0,39.0,1.25,4.0,1.28,4.14,1.3,4.2
2016-09-03,US Open,3rd Round,Hard,Nadal R.,Kuznetsov An.,5.0,47.0,1.08,8.0,1.1,9.38,1.1,9.65
2016-09-03,US Open,3rd Round,Hard,Del Potro J.M.,Ferrer D.,142.0,13.0,1.22,4.0,1.28,4.15,1.29,4.33
2016-09-04,US Open,4th Round,Hard,Pouille L.,Nadal R.,25.0,5.0,10.0,1.06,9.55,1.09,10.65,1.09
2016-09-04,US Open,3rd Round,Hard,Karlovic I.,Donaldson J.,23.0,122.0,1.53,2.5,1.53,2.73,1.6,2.73
2016-09-04,US Open,3rd Round,Hard,Marchenko I.,Kyrgios N.,63.0,16.0,8.0,1.08,8.37,1.11,8.45,1.11
2016-09-04,US Open,4th Round,Hard,Monfils G.,Baghdatis M.,12.0,44.0,1.14,5.5,1.18,5.86,1.18,6.09
2016-09-04,US Open,4th Round,Hard,Tsonga J.W.,Sock J.,11.0,27.0,1.66,2.2,1.73,2.26,1.73,2.35
2016-09-05,US Open,4th Round,Hard,Del Potro J.M.,Thiem D.,142.0,10.0,1.4,3.0,1.42,3.15,1.43,3.15
2016-09-05,US Open,4th Round,Hard,Wawrinka S.,Marchenko I.,3.0,63.0,1.08,8.0,1.11,8.2,1.11,8.25
2016-09-05,US Open,4th Round,Hard,Djokovic N.,Edmund K.,1.0,84.0,1.06,10.0,1.07,11.71,1.07,12.0
2016-09-05,US Open,4th Round,Hard,Nishikori K.,Karlovic I.,7.0,23.0,1.25,4.0,1.3,4.01,1.3,4.33
2016-09-06,US Open,Quarterfinals,Hard,Monfils G.,Pouille L.,12.0,25.0,1.2,4.5,1.23,4.88,1.23,5.0
2016-09-06,US Open,4th Round,Hard,Murray A.,Dimitrov G.,2.0,24.0,1.12,6.0,1.15,6.55,1.17,7.0
2016-09-07,US Open,Quarterfinals,Hard,Djokovic N.,Tsonga J.W.,1.0,11.0,1.12,6.0,1.16,6.23,1.17,6.5
2016-09-07,US Open,Quarterfinals,Hard,Nishikori K.,Murray A.,7.0,2.0,5.5,1.14,6.08,1.17,6.18,1.17
2016-09-08,US Open,Quarterfinals,Hard,Wawrinka S.,Del Potro J.M.,3.0,142.0,2.37,1.57,2.45,1.64,2.5,1.7
2016-09-09,US Open,Semifinals,Hard,Djokovic N.,Monfils G.,1.0,12.0,1.14,5.5,1.18,6.01,1.18,6.09
2016-09-09,US Open,Semifinals,Hard,Wawrinka S.,Nishikori K.,3.0,7.0,2.1,1.72,2.22,1.77,2.27,1.78
2016-09-11,US Open,The Final,Hard,Wawrinka S.,Djokovic N.,3.0,1.0,3.4,1.33,3.62,1.35,3.62,1.45
2016-09-19,Open de Moselle,1st Round,Hard,Benneteau J.,Klizan M.,238.0,31.0,1.61,2.2,1.65,2.36,1.77,2.36
2016-09-19,Open de Moselle,1st Round,Hard,Muller G.,Zeballos H.,37.0,66.0,1.2,4.33,1.2,5.09,1.26,5.63
2016-09-19,St. Petersburg Open,1st Round,Hard,Zverev A.,Khachanov K.,27.0,102.0,1.5,2.5,1.59,2.5,1.62,2.6
2016-09-19,St. Petersburg Open,1st Round,Hard,Berankis R.,Mannarino A.,83.0,62.0,2.25,1.57,2.27,1.7,2.38,1.71
2016-09-19,St. Petersburg Open,1st Round,Hard,Rosol L.,Schwartzman D.,85.0,63.0,1.44,2.62,1.51,2.73,1.53,2.75
2016-09-20,St. Petersburg Open,1st Round,Hard,Lajovic D.,Verdasco F.,73.0,47.0,2.75,1.4,3.09,1.42,3.15,1.44
2016-09-20,St. Petersburg Open,1st Round,Hard,Medvedev D.,Bublik A.,144.0,323.0,1.18,4.5,1.22,4.74,1.23,4.75
2016-09-20,St. Petersburg Open,1st Round,Hard,Lorenzi P.,Zverev M.,35.0,117.0,2.75,1.4,2.71,1.52,2.75,1.54
2016-09-20,St. Petersburg Open,1st Round,Hard,Sidorenko A.,Ramos-Vinolas A.,255.0,32.0,3.4,1.3,3.27,1.38,3.45,1.38
2016-09-20,Open de Moselle,1st Round,Hard,Garcia-Lopez G.,Dzumhur D.,57.0,74.0,1.53,2.37,1.57,2.55,1.6,2.55
2016-09-20,Open de Moselle,1st Round,Hard,Basilashvili N.,Barrere G.,106.0,202.0,1.53,2.37,1.6,2.47,1.6,2.55
2016-09-20,Open de Moselle,1st Round,Hard,Gojowczyk P.,Almagro N.,209.0,48.0,2.5,1.5,2.5,1.59,2.55,1.61
2016-09-20,Open de Moselle,1st Round,Hard,Millot V.,Paire B.,162.0,38.0,2.5,1.5,2.52,1.58,2.85,1.59
2016-09-20,Open de Moselle,1st Round,Hard,Brown D.,Mathieu P.H.,68.0,69.0,2.0,1.72,2.22,1.73,2.25,1.83
2016-09-21,St. Petersburg Open,1st Round,Hard,Kuznetsov An.,Donskoy E.,46.0,90.0,1.4,2.75,1.43,3.05,1.45,3.05
2016-09-21,St. Petersburg Open,1st Round,Hard,Rublev A.,Kukushkin M.,201.0,79.0,2.25,1.57,2.53,1.58,2.53,1.63
2016-09-21,St. Petersburg Open,1st Round,Hard,Sousa J.,Albot R.,34.0,101.0,1.44,2.62,1.56,2.59,1.56,2.75
2016-09-21,St. Petersburg Open,1st Round,Hard,Youzhny M.,Tipsarevic J.,53.0,227.0,1.8,1.9,2.01,1.88,2.01,2.0
2016-09-21,St. Petersburg Open,1st Round,Hard,Troicki V.,Elias G.,33.0,61.0,1.22,4.0,1.26,4.3,1.29,4.3
2016-09-21,Open de Moselle,1st Round,Hard,Jaziri M.,Dodig I.,55.0,89.0,2.0,1.72,2.08,1.83,2.1,1.86
2016-09-21,St. Petersburg Open,2nd Round,Hard,Bautista Agut R.,Berankis R.,16.0,83.0,1.18,4.5,1.2,5.23,1.2,5.28
2016-09-21,Open de Moselle,2nd Round,Hard,Muller G.,Basilashvili N.,37.0,106.0,1.25,3.75,1.28,4.13,1.3,4.13
2016-09-21,Open de Moselle,2nd Round,Hard,Thiem D.,Gojowczyk P.,10.0,209.0,1.25,3.75,1.27,4.18,1.29,4.21
2016-09-21,Open de Moselle,2nd Round,Hard,Benneteau J.,Brown D.,238.0,68.0,1.66,2.1,1.72,2.26,1.75,2.26
2016-09-21,Open de Moselle,1st Round,Hard,Mahut N.,Halys Q.,40.0,154.0,1.18,4.5,1.23,4.67,1.23,5.0
2016-09-21,Open de Moselle,1st Round,Hard,Herbert P.H.,Cervantes I.,108.0,77.0,1.18,4.5,1.24,4.44,1.24,4.5
2016-09-21,Open de Moselle,1st Round,Hard,Struff J.L.,Robredo T.,87.0,251.0,1.57,2.25,1.64,2.39,1.67,2.39
2016-09-21,Open de Moselle,1st Round,Hard,Marchenko I.,Seppi A.,50.0,92.0,2.1,1.66,2.14,1.78,2.38,1.78
2016-09-21,St. Petersburg Open,2nd Round,Hard,Wawrinka S.,Rosol L.,3.0,85.0,1.25,3.75,1.3,3.89,1.3,4.5
2016-09-22,St. Petersburg Open,2nd Round,Hard,Sousa J.,Rublev A.,34.0,201.0,1.44,2.62,1.52,2.73,1.55,2.8
2016-09-22,St. Petersburg Open,2nd Round,Hard,Lorenzi P.,Sidorenko A.,35.0,255.0,1.36,3.0,1.44,3.02,1.47,3.05
2016-09-22,Open de Moselle,2nd Round,Hard,Pouille L.,Herbert P.H.,18.0,108.0,1.4,2.75,1.48,2.88,1.5,2.9
2016-09-22,St. Petersburg Open,2nd Round,Hard,Zverev A.,Medvedev D.,27.0,144.0,1.3,3.4,1.34,3.63,1.39,3.75
2016-09-22,St. Petersburg Open,2nd Round,Hard,Youzhny M.,Raonic M.,53.0,6.0,5.5,1.14,5.8,1.17,5.96,1.18
2016-09-22,Open de Moselle,2nd Round,Hard,Mahut N.,Marchenko I.,40.0,50.0,1.4,2.75,1.49,2.84,1.53,2.85
2016-09-22,Open de Moselle,2nd Round,Hard,Goffin D.,Struff J.L.,14.0,87.0,1.2,4.33,1.21,5.0,1.24,5.0
2016-09-22,Open de Moselle,2nd Round,Hard,Simon G.,Garcia-Lopez G.,28.0,57.0,1.36,3.0,1.4,3.22,1.4,3.22
2016-09-22,Open de Moselle,2nd Round,Hard,Jaziri M.,Millot V.,55.0,162.0,1.72,2.0,1.79,2.14,1.83,2.14
2016-09-22,St. Petersburg Open,2nd Round,Hard,Berdych T.,Kuznetsov An.,9.0,46.0,1.36,3.0,1.43,3.09,1.43,3.15
2016-09-22,St. Petersburg Open,2nd Round,Hard,Troicki V.,Lajovic D.,33.0,73.0,1.33,3.25,1.42,3.14,1.43,3.25
2016-09-23,St. Petersburg Open,Quarterfinals,Hard,Berdych T.,Lorenzi P.,9.0,35.0,1.16,5.0,1.2,5.37,1.2,5.8
2016-09-23,St. Petersburg Open,Quarterfinals,Hard,Bautista Agut R.,Sousa J.,16.0,34.0,1.33,3.25,1.37,3.45,1.4,3.45
2016-09-23,St. Petersburg Open,Quarterfinals,Hard,Zverev A.,Youzhny M.,27.0,53.0,1.57,2.25,1.66,2.4,1.66,2.45
2016-09-23,St. Petersburg Open,Quarterfinals,Hard,Wawrinka S.,Troicki V.,3.0,33.0,1.18,4.5,1.23,4.91,1.24,4.91
2016-09-23,Open de Moselle,Quarterfinals,Hard,Simon G.,Jaziri M.,28.0,55.0,1.28,3.5,1.36,3.54,1.36,3.56
2016-09-23,Open de Moselle,Quarterfinals,Hard,Goffin D.,Mahut N.,14.0,40.0,1.4,2.75,1.49,2.87,1.51,2.86
2016-09-23,Open de Moselle,Quarterfinals,Hard,Pouille L.,Benneteau J.,18.0,238.0,1.5,2.5,1.61,2.52,1.63,2.55
2016-09-23,Open de Moselle,Quarterfinals,Hard,Thiem D.,Muller G.,10.0,37.0,1.53,2.37,1.68,2.36,1.7,2.38
2016-09-24,Open de Moselle,Semifinals,Hard,Pouille L.,Goffin D.,18.0,14.0,2.75,1.44,2.76,1.52,2.86,1.52
2016-09-24,Open de Moselle,Semifinals,Hard,Thiem D.,Simon G.,10.0,28.0,1.5,2.62,1.57,2.62,1.57,2.65
2016-09-24,St. Petersburg Open,Semifinals,Hard,Zverev A.,Berdych T.,27.0,9.0,2.75,1.44,2.85,1.5,3.12,1.57
2016-09-24,St. Petersburg Open,Semifinals,Hard,Wawrinka S.,Bautista Agut R.,3.0,16.0,1.3,3.5,1.41,3.21,1.41,3.8
2016-09-25,St. Petersburg Open,The Final,Hard,Zverev A.,Wawrinka S.,27.0,3.0,3.5,1.3,3.58,1.35,3.58,1.36
2016-09-25,Open de Moselle,The Final,Hard,Pouille L.,Thiem D.,18.0,10.0,2.37,1.57,2.49,1.62,2.55,1.65
2016-09-26,Shenzhen Open,1st Round,Hard,Whittington A.,Vanni L.,190.0,172.0,2.37,1.53,2.46,1.61,2.55,1.63
2016-09-26,Shenzhen Open,1st Round,Hard,Fognini F.,Sela D.,43.0,69.0,1.5,2.5,1.58,2.51,1.59,2.62
2016-09-26,Shenzhen Open,1st Round,Hard,Zverev M.,Li Z.,120.0,233.0,1.14,5.5,1.16,5.99,1.18,5.99
2016-09-26,Chengdu Open,1st Round,Hard,Monaco J.,Moriya H.,93.0,178.0,1.36,3.0,1.41,3.13,1.41,3.2
2016-09-26,Chengdu Open,1st Round,Hard,Schwartzman D.,Ram R.,70.0,111.0,1.66,2.1,1.71,2.25,1.75,2.25
2016-09-27,Chengdu Open,1st Round,Hard,Lu Y.H.,Stepanek R.,63.0,105.0,1.8,1.9,1.98,1.91,1.98,1.94
2016-09-27,Shenzhen Open,1st Round,Hard,Vesely J.,Andujar P.,52.0,436.0,1.25,3.75,1.3,3.82,1.3,3.82
2016-09-27,Shenzhen Open,1st Round,Hard,Jaziri M.,Robert S.,55.0,53.0,1.66,2.1,1.75,2.19,1.75,2.3
2016-09-27,Shenzhen Open,1st Round,Hard,Harrison R.,Garcia-Lopez G.,115.0,57.0,1.66,2.1,1.64,2.38,1.8,2.38
2016-09-27,Shenzhen Open,1st Round,Hard,Cervantes I.,Santillan A.,77.0,232.0,1.72,2.0,1.86,2.03,1.86,2.34
2016-09-27,Shenzhen Open,1st Round,Hard,Kukushkin M.,Rosol L.,80.0,85.0,2.37,1.53,2.55,1.57,2.55,1.67
2016-09-27,Chengdu Open,1st Round,Hard,Lajovic D.,Delbonis F.,73.0,41.0,2.2,1.61,2.24,1.71,2.25,1.91
2016-09-27,Shenzhen Open,1st Round,Hard,Paire B.,Basilashvili N.,38.0,103.0,1.57,2.25,1.68,2.3,1.68,2.5
2016-09-27,Shenzhen Open,1st Round,Hard,Bellucci T.,Elias G.,81.0,61.0,1.44,2.62,1.54,2.62,1.63,2.66
2016-09-27,Chengdu Open,1st Round,Hard,Lorenzi P.,Millman J.,35.0,66.0,2.25,1.57,2.44,1.61,2.44,1.67
2016-09-27,Chengdu Open,1st Round,Hard,Mannarino A.,Kudla D.,62.0,131.0,1.44,2.62,1.5,2.76,1.51,2.8
2016-09-27,Chengdu Open,1st Round,Hard,Khachanov K.,Sousa J.,101.0,34.0,2.25,1.57,2.13,1.79,2.3,1.79
2016-09-27,Shenzhen Open,1st Round,Hard,Tipsarevic J.,Zhang Ze,224.0,179.0,1.36,3.0,1.38,3.27,1.42,3.27
2016-09-27,Chengdu Open,1st Round,Hard,Anderson K.,Thompson J.,45.0,98.0,1.22,4.0,1.29,3.9,1.29,4.1
2016-09-28,Shenzhen Open,1st Round,Hard,Fabbiano T.,Nishioka Y.,114.0,97.0,,,,,,
2016-09-28,Shenzhen Open,2nd Round,Hard,Zverev M.,Fognini F.,120.0,43.0,2.25,1.57,2.24,1.73,2.38,1.73
2016-09-28,Shenzhen Open,2nd Round,Hard,Jaziri M.,Goffin D.,55.0,14.0,4.5,1.18,4.8,1.23,4.8,1.23
2016-09-28,Shenzhen Open,2nd Round,Hard,Tipsarevic J.,Paire B.,224.0,38.0,1.83,1.83,1.92,1.99,2.0,1.99
2016-09-28,Chengdu Open,2nd Round,Hard,Schwartzman D.,Lorenzi P.,70.0,35.0,2.25,1.57,2.35,1.67,2.4,1.69
2016-09-28,Shenzhen Open,2nd Round,Hard,Gasquet R.,Whittington A.,18.0,190.0,1.07,9.0,1.09,9.35,1.09,9.35
2016-09-28,Chengdu Open,1st Round,Hard,Ramos-Vinolas A.,Berrer M.,31.0,150.0,1.33,3.25,1.4,3.2,1.4,3.25
2016-09-28,Chengdu Open,1st Round,Hard,Troicki V.,Ruud C.,32.0,258.0,1.16,5.0,1.18,5.47,1.19,5.6
2016-09-28,Chengdu Open,1st Round,Hard,Wu D.,Kravchuk K.,193.0,96.0,3.4,1.3,3.42,1.36,3.43,1.36
2016-09-28,Chengdu Open,1st Round,Hard,Baghdatis M.,Carreno Busta P.,36.0,39.0,2.0,1.72,1.96,1.93,2.0,1.93
2016-09-28,Chengdu Open,2nd Round,Hard,Khachanov K.,Mannarino A.,101.0,62.0,1.72,2.0,1.85,2.06,1.87,2.2
2016-09-28,Chengdu Open,2nd Round,Hard,Dimitrov G.,Lajovic D.,21.0,73.0,1.16,5.0,1.2,5.24,1.21,5.24
2016-09-28,Chengdu Open,2nd Round,Hard,Lopez F.,Monaco J.,27.0,93.0,1.53,2.37,1.63,2.44,1.65,2.44
2016-09-29,Shenzhen Open,2nd Round,Hard,Vesely J.,Cervantes I.,52.0,77.0,1.28,3.5,1.32,3.74,1.35,3.75
2016-09-29,Chengdu Open,2nd Round,Hard,Anderson K.,Kyrgios N.,45.0,15.0,2.37,1.53,2.8,1.5,2.8,1.56
2016-09-29,Chengdu Open,2nd Round,Hard,Ramos-Vinolas A.,Lu Y.H.,31.0,63.0,2.37,1.53,2.66,1.54,2.66,1.57
2016-09-29,Chengdu Open,2nd Round,Hard,Thiem D.,Wu D.,10.0,193.0,1.1,7.0,1.1,8.67,1.11,8.67
2016-09-29,Shenzhen Open,2nd Round,Hard,Bellucci T.,Fabbiano T.,81.0,114.0,1.36,3.0,1.43,3.1,1.43,3.1
2016-09-29,Shenzhen Open,2nd Round,Hard,Tomic B.,Harrison R.,22.0,115.0,1.61,2.2,1.65,2.4,1.73,2.4
2016-09-29,Shenzhen Open,2nd Round,Hard,Berdych T.,Kukushkin M.,9.0,80.0,1.14,5.5,1.14,6.7,1.17,6.7
2016-09-29,Chengdu Open,2nd Round,Hard,Troicki V.,Baghdatis M.,32.0,36.0,2.2,1.61,2.21,1.75,2.25,1.75
2016-09-30,Shenzhen Open,Quarterfinals,Hard,Bellucci T.,Tomic B.,81.0,22.0,3.25,1.33,3.48,1.37,3.48,1.39
2016-09-30,Shenzhen Open,Quarterfinals,Hard,Berdych T.,Vesely J.,9.0,52.0,1.25,3.75,1.32,3.82,1.32,3.88
2016-09-30,Shenzhen Open,Quarterfinals,Hard,Gasquet R.,Zverev M.,18.0,120.0,1.22,4.0,1.28,4.14,1.29,4.33
2016-09-30,Shenzhen Open,Quarterfinals,Hard,Tipsarevic J.,Jaziri M.,224.0,55.0,1.8,1.9,1.9,2.03,2.0,2.03
2016-09-30,Chengdu Open,Quarterfinals,Hard,Ramos-Vinolas A.,Thiem D.,31.0,10.0,4.5,1.18,4.57,1.25,4.66,1.25
2016-09-30,Chengdu Open,Quarterfinals,Hard,Dimitrov G.,Schwartzman D.,21.0,70.0,1.18,4.5,1.23,4.8,1.25,4.8
2016-09-30,Chengdu Open,Quarterfinals,Hard,Troicki V.,Anderson K.,32.0,45.0,2.5,1.5,2.59,1.58,2.65,1.6
2016-09-30,Chengdu Open,Quarterfinals,Hard,Khachanov K.,Lopez F.,101.0,27.0,2.5,1.5,2.53,1.6,2.56,1.62
2016-10-01,Chengdu Open,Semifinals,Hard,Ramos-Vinolas A.,Dimitrov G.,31.0,21.0,3.5,1.3,3.56,1.35,3.6,1.36
2016-10-01,Chengdu Open,Semifinals,Hard,Khachanov K.,Troicki V.,101.0,32.0,2.5,1.53,2.58,1.58,2.62,1.6
2016-10-01,Shenzhen Open,Semifinals,Hard,Gasquet R.,Tipsarevic J.,18.0,224.0,1.3,3.5,1.33,3.71,1.33,3.71
2016-10-01,Shenzhen Open,Semifinals,Hard,Berdych T.,Bellucci T.,9.0,81.0,1.22,4.33,1.26,4.43,1.26,4.43
2016-10-02,Chengdu Open,The Final,Hard,Khachanov K.,Ramos-Vinolas A.,101.0,31.0,1.8,2.0,1.99,1.93,1.99,2.1
2016-10-02,Shenzhen Open,The Final,Hard,Berdych T.,Gasquet R.,9.0,18.0,1.61,2.3,1.69,2.33,1.7,2.33
2016-10-03,Rakuten Japan Open Tennis Championships,1st Round,Hard,Nishikori K.,Young D.,5.0,81.0,1.06,8.0,1.07,10.45,1.07,11.0
2016-10-03,Rakuten Japan Open Tennis Championships,1st Round,Hard,Verdasco F.,Soeda G.,46.0,131.0,1.33,3.25,1.38,3.26,1.38,3.4
2016-10-03,Rakuten Japan Open Tennis Championships,1st Round,Hard,Cilic M.,Paire B.,11.0,37.0,1.22,4.0,1.22,4.81,1.23,4.81
2016-10-03,Rakuten Japan Open Tennis Championships,1st Round,Hard,Sousa J.,Klizan M.,34.0,33.0,1.5,2.5,1.54,2.63,1.59,2.63
2016-10-03,China Open,1st Round,Hard,Edmund K.,Garcia-Lopez G.,54.0,73.0,1.57,2.25,1.6,2.47,1.64,2.65
2016-10-03,China Open,1st Round,Hard,Bautista Agut R.,Millman J.,18.0,68.0,1.3,3.4,1.38,3.26,1.38,3.75
2016-10-03,China Open,1st Round,Hard,Ferrer D.,Cuevas P.,13.0,19.0,1.4,2.75,1.47,2.89,1.47,2.9
2016-10-03,China Open,1st Round,Hard,Pouille L.,Lu Y.H.,16.0,63.0,1.53,2.37,1.54,2.62,1.57,2.62
2016-10-04,Rakuten Japan Open Tennis Championships,1st Round,Hard,Kyrgios N.,Harrison R.,15.0,107.0,1.33,3.25,1.38,3.3,1.4,3.4
2016-10-04,Rakuten Japan Open Tennis Championships,1st Round,Hard,Goffin D.,Nishioka Y.,14.0,96.0,1.18,4.5,1.22,4.81,1.24,4.81
2016-10-04,Rakuten Japan Open Tennis Championships,1st Round,Hard,Stepanek R.,Robert S.,106.0,53.0,1.4,2.75,1.47,2.85,1.47,3.2
2016-10-04,Rakuten Japan Open Tennis Championships,1st Round,Hard,Vesely J.,Anderson K.,52.0,41.0,2.37,1.53,2.43,1.62,2.55,1.62
2016-10-04,Rakuten Japan Open Tennis Championships,1st Round,Hard,Tipsarevic J.,Daniel T.,173.0,91.0,1.8,1.9,1.85,2.05,1.92,2.05
2016-10-04,Rakuten Japan Open Tennis Championships,1st Round,Hard,Monaco J.,Fritz T.,89.0,58.0,2.0,1.72,2.02,1.87,2.1,1.87
2016-10-04,Rakuten Japan Open Tennis Championships,1st Round,Hard,Duckworth J.,Lopez F.,175.0,28.0,2.75,1.4,2.78,1.49,2.9,1.5
2016-10-04,China Open,1st Round,Hard,Fognini F.,Troicki V.,43.0,32.0,2.2,1.61,2.33,1.67,2.33,1.69
2016-10-04,Rakuten Japan Open Tennis Championships,1st Round,Hard,Simon G.,Kohlschreiber P.,30.0,31.0,1.4,2.75,1.52,2.7,1.53,2.75
2016-10-04,Rakuten Japan Open Tennis Championships,1st Round,Hard,Baghdatis M.,Granollers M.,35.0,44.0,1.4,2.75,1.47,2.85,1.49,2.85
2016-10-04,Rakuten Japan Open Tennis Championships,1st Round,Hard,Monfils G.,Sugita Y.,8.0,92.0,1.08,7.5,1.1,8.33,1.11,8.8
2016-10-04,China Open,1st Round,Hard,Raonic M.,Mayer F.,6.0,60.0,1.2,4.33,1.23,4.67,1.28,5.0
2016-10-04,China Open,1st Round,Hard,Kuznetsov An.,Kravchuk K.,45.0,99.0,1.28,3.5,1.33,3.62,1.33,3.62
2016-10-04,China Open,1st Round,Hard,Zverev A.,Thiem D.,24.0,10.0,1.83,1.83,2.06,1.84,2.1,2.03
2016-10-04,China Open,1st Round,Hard,Sock J.,Zhang Ze,25.0,180.0,1.12,6.0,1.12,7.14,1.14,7.5
2016-10-04,China Open,1st Round,Hard,Murray A.,Seppi A.,2.0,94.0,1.06,10.0,1.07,10.92,1.08,11.03
2016-10-04,China Open,1st Round,Hard,Nadal R.,Lorenzi P.,4.0,39.0,1.07,9.0,1.07,10.44,1.08,10.76
2016-10-04,Rakuten Japan Open Tennis Championships,1st Round,Hard,Karlovic I.,Delbonis F.,21.0,47.0,1.3,3.4,1.34,3.53,1.35,3.6
2016-10-05,Rakuten Japan Open Tennis Championships,2nd Round,Hard,Cilic M.,Verdasco F.,11.0,46.0,1.22,4.0,1.23,4.69,1.5,4.69
2016-10-05,Rakuten Japan Open Tennis Championships,2nd Round,Hard,Sousa J.,Nishikori K.,34.0,5.0,9.0,1.07,11.51,1.07,11.51,1.09
2016-10-05,China Open,2nd Round,Hard,Zverev A.,Sock J.,24.0,25.0,1.61,2.2,1.68,2.33,1.7,2.33
2016-10-05,Rakuten Japan Open Tennis Championships,2nd Round,Hard,Monaco J.,Duckworth J.,89.0,175.0,1.53,2.37,1.61,2.47,1.67,2.47
2016-10-05,China Open,1st Round,Hard,Carreno Busta P.,Tomic B.,38.0,22.0,2.0,1.72,2.1,1.81,2.1,1.91
2016-10-05,China Open,1st Round,Hard,Gasquet R.,Querrey S.,17.0,29.0,1.36,3.0,1.45,2.96,1.45,3.12
2016-10-05,China Open,1st Round,Hard,Mannarino A.,Ramos-Vinolas A.,64.0,27.0,1.8,1.9,1.81,2.1,1.85,2.1
2016-10-05,China Open,1st Round,Hard,Jaziri M.,Pella G.,50.0,57.0,1.66,2.1,1.73,2.22,1.73,2.3
2016-10-05,China Open,1st Round,Hard,Dimitrov G.,Johnson S.,20.0,23.0,1.5,2.5,1.54,2.63,1.62,2.63
2016-10-05,China Open,2nd Round,Hard,Edmund K.,Bautista Agut R.,54.0,18.0,2.75,1.4,2.77,1.51,2.8,1.51
2016-10-05,China Open,2nd Round,Hard,Ferrer D.,Fognini F.,13.0,43.0,1.4,2.75,1.38,3.33,1.44,3.33
2016-10-05,China Open,2nd Round,Hard,Murray A.,Kuznetsov An.,2.0,45.0,1.07,9.0,1.08,9.87,1.08,9.87
2016-10-05,Rakuten Japan Open Tennis Championships,2nd Round,Hard,Goffin D.,Vesely J.,14.0,52.0,1.36,3.0,1.45,3.0,1.45,3.12
2016-10-05,Rakuten Japan Open Tennis Championships,1st Round,Hard,Muller G.,Berdych T.,36.0,9.0,3.25,1.33,3.5,1.34,3.5,1.4
2016-10-06,China Open,2nd Round,Hard,Dimitrov G.,Pouille L.,20.0,16.0,2.0,1.72,1.88,2.03,2.2,2.03
2016-10-06,China Open,2nd Round,Hard,Nadal R.,Mannarino A.,4.0,64.0,1.06,10.0,1.07,10.71,1.08,11.0
2016-10-06,Rakuten Japan Open Tennis Championships,2nd Round,Hard,Karlovic I.,Tipsarevic J.,21.0,173.0,1.61,2.2,1.66,2.37,1.67,2.38
2016-10-06,Rakuten Japan Open Tennis Championships,2nd Round,Hard,Monfils G.,Simon G.,8.0,30.0,1.3,3.4,1.38,3.31,1.38,3.55
2016-10-06,Rakuten Japan Open Tennis Championships,2nd Round,Hard,Muller G.,Baghdatis M.,36.0,35.0,1.8,1.9,1.94,1.96,1.95,2.0
2016-10-06,Rakuten Japan Open Tennis Championships,2nd Round,Hard,Kyrgios N.,Stepanek R.,15.0,106.0,1.18,4.5,1.22,4.97,1.23,5.0
2016-10-07,Rakuten Japan Open Tennis Championships,Quarterfinals,Hard,Goffin D.,Sousa J.,14.0,34.0,1.22,4.0,1.25,4.55,1.26,4.55
2016-10-07,China Open,2nd Round,Hard,Carreno Busta P.,Gasquet R.,38.0,17.0,2.37,1.53,2.47,1.61,2.6,1.61
2016-10-07,China Open,Quarterfinals,Hard,Dimitrov G.,Nadal R.,20.0,4.0,3.5,1.28,3.55,1.35,3.75,1.38
2016-10-07,China Open,Quarterfinals,Hard,Raonic M.,Carreno Busta P.,6.0,38.0,1.2,4.33,1.25,4.55,1.29,4.72
2016-10-07,China Open,Quarterfinals,Hard,Murray A.,Edmund K.,2.0,54.0,1.06,10.0,1.07,11.6,1.08,12.8
2016-10-07,China Open,Quarterfinals,Hard,Ferrer D.,Zverev A.,13.0,24.0,2.1,1.66,2.16,1.79,2.25,1.8
2016-10-07,Rakuten Japan Open Tennis Championships,Quarterfinals,Hard,Cilic M.,Monaco J.,11.0,89.0,1.16,5.0,1.22,5.05,1.22,5.1
2016-10-07,China Open,2nd Round,Hard,Raonic M.,Jaziri M.,6.0,50.0,1.12,6.0,1.12,7.58,1.14,7.58
2016-10-07,Rakuten Japan Open Tennis Championships,Quarterfinals,Hard,Monfils G.,Karlovic I.,8.0,21.0,1.33,3.25,1.34,3.62,1.36,3.62
2016-10-07,Rakuten Japan Open Tennis Championships,Quarterfinals,Hard,Kyrgios N.,Muller G.,15.0,36.0,1.44,2.62,1.56,2.64,1.56,2.7
2016-10-08,Rakuten Japan Open Tennis Championships,Semifinals,Hard,Goffin D.,Cilic M.,14.0,11.0,2.62,1.5,2.66,1.55,2.75,1.6
2016-10-08,Rakuten Japan Open Tennis Championships,Semifinals,Hard,Kyrgios N.,Monfils G.,15.0,8.0,2.25,1.57,2.28,1.72,2.31,1.73
2016-10-08,China Open,Semifinals,Hard,Dimitrov G.,Raonic M.,20.0,6.0,2.2,1.66,2.25,1.74,2.28,1.77
2016-10-08,China Open,Semifinals,Hard,Murray A.,Ferrer D.,2.0,13.0,1.1,7.0,1.13,7.65,1.14,7.65
2016-10-09,Rakuten Japan Open Tennis Championships,The Final,Hard,Kyrgios N.,Goffin D.,15.0,14.0,1.44,2.75,1.55,2.66,1.55,2.92
2016-10-09,Shanghai Masters,1st Round,Hard,Anderson K.,Li Z.,40.0,251.0,1.07,9.0,1.06,11.37,1.08,11.5
2016-10-09,Shanghai Masters,1st Round,Hard,Fognini F.,Ramos-Vinolas A.,50.0,27.0,1.66,2.1,1.71,2.25,1.71,2.26
2016-10-09,Shanghai Masters,1st Round,Hard,Tipsarevic J.,Kohlschreiber P.,158.0,30.0,1.72,2.0,1.76,2.16,1.8,2.2
2016-10-09,Shanghai Masters,1st Round,Hard,Wu D.,Cuevas P.,182.0,22.0,5.0,1.16,5.47,1.18,5.7,1.18
2016-10-09,China Open,The Final,Hard,Murray A.,Dimitrov G.,2.0,20.0,1.2,4.5,1.22,4.92,1.26,4.92
2016-10-10,Shanghai Masters,1st Round,Hard,Pospisil V.,Karlovic I.,131.0,20.0,2.75,1.4,3.22,1.4,3.22,1.45
2016-10-10,Shanghai Masters,1st Round,Hard,Almagro N.,Youzhny M.,45.0,51.0,2.62,1.44,2.73,1.52,2.85,1.52
2016-10-10,Shanghai Masters,1st Round,Hard,Tsonga J.W.,Mayer F.,13.0,58.0,1.25,3.75,1.25,4.46,1.28,4.46
2016-10-10,Shanghai Masters,1st Round,Hard,Zverev M.,Zhang Ze,110.0,197.0,1.28,3.5,1.32,3.74,1.32,4.0
2016-10-10,Shanghai Masters,1st Round,Hard,Troicki V.,Rosol L.,31.0,94.0,1.4,2.75,1.48,2.86,1.48,2.95
2016-10-10,Shanghai Masters,1st Round,Hard,Zverev A.,Isner J.,21.0,26.0,1.66,2.1,1.75,2.2,1.75,2.28
2016-10-10,Shanghai Masters,1st Round,Hard,Edmund K.,Delbonis F.,48.0,46.0,1.36,3.0,1.43,3.07,1.43,3.07
2016-10-10,Shanghai Masters,1st Round,Hard,Fritz T.,Robert S.,71.0,53.0,1.25,3.75,1.29,4.01,1.36,4.01
2016-10-10,Shanghai Masters,1st Round,Hard,Paire B.,Sousa J.,47.0,34.0,2.0,1.72,2.11,1.81,2.17,1.81
2016-10-10,Shanghai Masters,1st Round,Hard,Johnson S.,Klizan M.,24.0,33.0,1.25,3.75,1.32,3.73,1.32,4.0
2016-10-11,Shanghai Masters,2nd Round,Hard,Zverev A.,Cilic M.,21.0,11.0,2.1,1.66,2.25,1.72,2.31,1.77
2016-10-11,Shanghai Masters,2nd Round,Hard,Monfils G.,Anderson K.,8.0,40.0,1.25,3.75,1.29,4.05,1.3,4.05
2016-10-11,Shanghai Masters,2nd Round,Hard,Tsonga J.W.,Tipsarevic J.,13.0,158.0,1.3,3.4,1.34,3.56,1.36,3.6
2016-10-11,Shanghai Masters,2nd Round,Hard,Djokovic N.,Fognini F.,1.0,50.0,1.04,13.0,1.06,13.0,1.06,14.0
2016-10-11,Shanghai Masters,1st Round,Hard,Bautista Agut R.,Tomic B.,19.0,23.0,1.5,2.5,1.65,2.4,1.65,2.63
2016-10-11,Shanghai Masters,1st Round,Hard,Dimitrov G.,Gasquet R.,18.0,17.0,1.83,1.83,1.96,1.94,1.96,2.04
2016-10-11,Shanghai Masters,1st Round,Hard,Simon G.,Carreno Busta P.,32.0,35.0,1.9,1.8,2.04,1.87,2.04,1.91
2016-10-11,Shanghai Masters,1st Round,Hard,Kyrgios N.,Querrey S.,14.0,29.0,1.25,3.75,1.29,3.97,1.3,4.0
2016-10-11,Shanghai Masters,1st Round,Hard,Sock J.,Pella G.,25.0,55.0,1.22,4.0,1.24,4.55,1.29,4.55
2016-10-11,Shanghai Masters,1st Round,Hard,Goffin D.,Del Potro J.M.,12.0,63.0,3.25,1.33,3.07,1.43,3.25,1.43
2016-10-11,Shanghai Masters,1st Round,Hard,Lopez F.,Ferrer D.,28.0,15.0,3.25,1.33,3.18,1.41,3.26,1.42
2016-10-11,Shanghai Masters,1st Round,Hard,Lorenzi P.,Garcia-Lopez G.,37.0,75.0,2.1,1.66,1.99,1.92,2.2,1.92
2016-10-11,Shanghai Masters,1st Round,Hard,Pouille L.,Verdasco F.,16.0,44.0,1.44,2.62,1.61,2.48,1.62,2.73
2016-10-11,Shanghai Masters,1st Round,Hard,Granollers M.,Sugita Y.,43.0,91.0,1.57,2.25,1.67,2.35,1.71,2.35
2016-10-12,Shanghai Masters,2nd Round,Hard,Bautista Agut R.,Fritz T.,19.0,71.0,1.3,3.4,1.34,3.56,1.35,3.56
2016-10-12,Shanghai Masters,2nd Round,Hard,Troicki V.,Nadal R.,31.0,5.0,4.5,1.18,5.0,1.21,5.0,1.21
2016-10-12,Shanghai Masters,2nd Round,Hard,Pouille L.,Almagro N.,16.0,45.0,1.22,4.0,1.3,3.92,1.3,4.3
2016-10-12,Shanghai Masters,2nd Round,Hard,Zverev M.,Kyrgios N.,110.0,14.0,5.0,1.14,5.42,1.19,5.75,1.19
2016-10-12,Shanghai Masters,2nd Round,Hard,Pospisil V.,Dimitrov G.,131.0,18.0,5.5,1.14,5.77,1.17,5.77,1.18
2016-10-12,Shanghai Masters,2nd Round,Hard,Murray A.,Johnson S.,2.0,24.0,1.1,7.0,1.09,9.35,1.1,9.35
2016-10-12,Shanghai Masters,2nd Round,Hard,Sock J.,Lopez F.,25.0,28.0,1.66,2.1,1.75,2.2,1.83,2.22
2016-10-12,Shanghai Masters,2nd Round,Hard,Simon G.,Wu D.,32.0,182.0,1.11,6.5,1.09,9.58,1.14,9.58
2016-10-12,Shanghai Masters,2nd Round,Hard,Granollers M.,Berdych T.,43.0,9.0,5.5,1.14,6.5,1.15,6.5,1.18
2016-10-12,Shanghai Masters,2nd Round,Hard,Goffin D.,Paire B.,12.0,47.0,1.25,3.75,1.3,3.94,1.3,4.1
2016-10-12,Shanghai Masters,2nd Round,Hard,Raonic M.,Lorenzi P.,6.0,37.0,1.14,5.5,1.17,5.8,1.18,6.1
2016-10-12,Shanghai Masters,2nd Round,Hard,Wawrinka S.,Edmund K.,3.0,48.0,1.2,4.33,1.23,4.69,1.25,4.69
2016-10-13,Shanghai Masters,3rd Round,Hard,Tsonga J.W.,Zverev A.,13.0,21.0,1.83,1.83,1.93,1.99,1.93,1.99
2016-10-13,Shanghai Masters,3rd Round,Hard,Zverev M.,Granollers M.,110.0,43.0,2.1,1.66,2.23,1.75,2.25,1.75
2016-10-13,Shanghai Masters,3rd Round,Hard,Sock J.,Raonic M.,25.0,6.0,3.25,1.33,3.46,1.37,3.46,1.38
2016-10-13,Shanghai Masters,3rd Round,Hard,Djokovic N.,Pospisil V.,1.0,131.0,1.03,15.0,1.04,16.32,1.05,16.32
2016-10-13,Shanghai Masters,3rd Round,Hard,Bautista Agut R.,Troicki V.,19.0,31.0,1.53,2.37,1.65,2.42,1.65,2.5
2016-10-13,Shanghai Masters,3rd Round,Hard,Murray A.,Pouille L.,2.0,16.0,1.1,7.0,1.12,7.66,1.13,7.66
2016-10-13,Shanghai Masters,3rd Round,Hard,Goffin D.,Monfils G.,12.0,8.0,2.5,1.5,2.61,1.57,2.61,1.61
2016-10-13,Shanghai Masters,3rd Round,Hard,Simon G.,Wawrinka S.,32.0,3.0,4.0,1.22,4.0,1.3,4.03,1.3
2016-10-14,Shanghai Masters,Quarterfinals,Hard,Murray A.,Goffin D.,2.0,12.0,1.1,7.0,1.12,7.83,1.15,7.83
2016-10-14,Shanghai Masters,Quarterfinals,Hard,Simon G.,Sock J.,32.0,25.0,1.8,2.0,1.84,2.1,1.87,2.1
2016-10-14,Shanghai Masters,Quarterfinals,Hard,Djokovic N.,Zverev M.,1.0,110.0,1.02,15.0,1.04,17.44,1.04,21.0
2016-10-14,Shanghai Masters,Quarterfinals,Hard,Bautista Agut R.,Tsonga J.W.,19.0,13.0,2.2,1.66,2.27,1.72,2.4,1.77
2016-10-15,Shanghai Masters,Semifinals,Hard,Bautista Agut R.,Djokovic N.,19.0,1.0,5.5,1.14,5.14,1.21,6.0,1.21
2016-10-15,Shanghai Masters,Semifinals,Hard,Murray A.,Simon G.,2.0,32.0,1.07,9.0,1.08,11.02,1.1,11.02
2016-10-16,Shanghai Masters,The Final,Hard,Murray A.,Bautista Agut R.,2.0,19.0,1.12,6.0,1.14,6.92,1.15,7.5
2016-10-17,European Open,1st Round,Hard,Seppi A.,Delbonis F.,100.0,47.0,1.4,2.75,1.57,2.55,1.57,2.85
2016-10-17,European Open,1st Round,Hard,Cervantes I.,Berrer M.,80.0,154.0,2.5,1.5,2.44,1.61,2.62,1.61
2016-10-17,European Open,1st Round,Hard,Haase R.,Mathieu P.H.,60.0,64.0,1.66,2.1,1.66,2.35,1.8,2.35
2016-10-17,Stockholm Open,1st Round,Hard,Anderson K.,Baghdatis M.,48.0,35.0,1.66,2.1,1.67,2.32,1.75,2.32
2016-10-17,Stockholm Open,1st Round,Hard,Albot R.,Johnson S.,103.0,24.0,4.5,1.18,4.9,1.21,5.0,1.22
2016-10-17,Stockholm Open,1st Round,Hard,Mannarino A.,Young D.,53.0,82.0,1.72,2.0,1.78,2.14,1.78,2.2
2016-10-17,Stockholm Open,1st Round,Hard,Harrison R.,Pavlasek A.,105.0,89.0,1.36,3.0,1.43,3.05,1.43,3.15
2016-10-17,Kremlin Cup,1st Round,Hard,Rosol L.,Melzer G.,93.0,71.0,1.4,2.75,1.44,3.0,1.44,3.4
2016-10-17,Kremlin Cup,1st Round,Hard,Bellucci T.,Ilkel C.,62.0,325.0,1.1,7.0,1.11,7.74,1.12,8.41
2016-10-18,Stockholm Open,1st Round,Hard,Almagro N.,Sugita Y.,41.0,86.0,1.53,2.37,1.57,2.55,1.6,2.55
2016-10-18,Kremlin Cup,1st Round,Hard,Medvedev D.,Kukushkin M.,123.0,90.0,1.5,2.5,1.47,2.85,1.53,2.85
2016-10-18,Kremlin Cup,1st Round,Hard,Lorenzi P.,Gaio F.,38.0,181.0,1.22,4.0,1.24,4.55,1.25,4.55
2016-10-18,Kremlin Cup,1st Round,Hard,Lajovic D.,Tipsarevic J.,78.0,140.0,3.0,1.36,3.1,1.41,3.1,1.45
2016-10-18,Kremlin Cup,1st Round,Hard,Robert S.,Granollers M.,52.0,39.0,2.75,1.4,2.94,1.45,3.3,1.45
2016-10-18,Kremlin Cup,1st Round,Hard,Fognini F.,Berankis R.,50.0,84.0,1.5,2.5,1.53,2.67,1.59,2.67
2016-10-18,Stockholm Open,1st Round,Hard,Elias G.,Dodig I.,61.0,97.0,3.0,1.36,3.14,1.41,3.25,1.41
2016-10-18,Kremlin Cup,1st Round,Hard,Carreno Busta P.,Melzer J.,36.0,451.0,1.4,2.75,1.45,2.95,1.45,3.1
2016-10-18,Stockholm Open,1st Round,Hard,Ymer M.,Verdasco F.,549.0,44.0,4.5,1.18,4.55,1.24,4.55,1.24
2016-10-18,European Open,1st Round,Hard,Copil M.,Sousa J.,198.0,33.0,2.62,1.44,2.67,1.53,2.85,1.53
2016-10-18,European Open,1st Round,Hard,Kovalik J.,Garcia-Lopez G.,128.0,76.0,2.75,1.4,2.67,1.53,2.75,1.53
2016-10-18,European Open,1st Round,Hard,Struff J.L.,Youzhny M.,98.0,49.0,1.72,2.0,1.96,1.93,1.97,2.05
2016-10-18,European Open,1st Round,Hard,Edmund K.,Marchenko I.,43.0,65.0,1.4,2.75,1.49,2.8,1.49,2.85
2016-10-18,European Open,1st Round,Hard,Schwartzman D.,Mahut N.,77.0,40.0,4.5,1.18,3.9,1.29,4.5,1.29
2016-10-18,European Open,1st Round,Hard,Mayer F.,Robredo T.,55.0,484.0,1.9,1.8,1.98,1.91,2.0,1.96
2016-10-18,Stockholm Open,1st Round,Hard,Brown D.,Muller G.,74.0,37.0,2.75,1.4,2.86,1.47,3.1,1.47
2016-10-18,Kremlin Cup,1st Round,Hard,Donskoy E.,Karatsev A.,102.0,215.0,1.61,2.2,1.63,2.4,1.73,2.4
2016-10-18,Stockholm Open,1st Round,Hard,Kamke T.,Ymer E.,132.0,161.0,1.44,2.62,1.53,2.67,1.54,2.85
2016-10-19,Kremlin Cup,2nd Round,Hard,Fognini F.,Lorenzi P.,50.0,38.0,1.44,2.62,1.43,3.05,1.5,3.05
2016-10-19,Stockholm Open,2nd Round,Hard,Karlovic I.,Ymer M.,21.0,549.0,1.22,4.0,1.25,4.46,1.29,4.46
2016-10-19,Kremlin Cup,2nd Round,Hard,Robert S.,Rosol L.,52.0,93.0,2.5,1.5,2.44,1.63,2.5,1.63
2016-10-19,Kremlin Cup,2nd Round,Hard,Ramos-Vinolas A.,Donskoy E.,31.0,102.0,2.0,1.72,2.01,1.9,2.01,1.91
2016-10-19,Stockholm Open,1st Round,Hard,Del Potro J.M.,Isner J.,63.0,27.0,1.3,3.4,1.33,3.58,1.37,3.58
2016-10-19,Stockholm Open,1st Round,Hard,Sock J.,Jaziri M.,23.0,57.0,1.3,3.4,1.38,3.27,1.38,3.5
2016-10-19,Stockholm Open,1st Round,Hard,Zopp J.,Becker B.,234.0,116.0,2.62,1.44,2.54,1.57,2.7,1.57
2016-10-19,Stockholm Open,2nd Round,Hard,Zverev A.,Mannarino A.,20.0,53.0,1.28,3.5,1.31,3.85,1.33,3.85
2016-10-19,Kremlin Cup,1st Round,Hard,Kuznetsov An.,Pella G.,45.0,56.0,1.2,4.33,1.24,4.43,1.26,4.43
2016-10-19,Kremlin Cup,1st Round,Hard,Dzumhur D.,Khachanov K.,95.0,58.0,3.4,1.3,3.5,1.34,3.75,1.35
2016-10-19,European Open,1st Round,Hard,Simon G.,Maden Y.,25.0,295.0,1.06,10.0,1.08,9.44,1.09,10.5
2016-10-19,European Open,2nd Round,Hard,Gasquet R.,Cervantes I.,19.0,80.0,1.1,6.0,1.11,7.88,1.12,8.0
2016-10-19,European Open,2nd Round,Hard,Seppi A.,Haase R.,100.0,60.0,1.9,1.8,1.95,1.95,2.0,2.03
2016-10-19,European Open,2nd Round,Hard,Cuevas P.,Kovalik J.,22.0,128.0,1.44,2.62,1.56,2.6,1.56,2.7
2016-10-19,European Open,1st Round,Hard,Fritz T.,De Loore J.,70.0,174.0,1.28,3.5,1.32,3.7,1.34,3.7
2016-10-19,European Open,1st Round,Hard,Darcis S.,Paire B.,120.0,42.0,1.9,1.8,1.99,1.9,2.15,1.9
2016-10-19,Kremlin Cup,1st Round,Hard,Bublik A.,Kravchuk K.,266.0,79.0,2.75,1.4,3.4,1.36,3.4,1.4
2016-10-20,Stockholm Open,2nd Round,Hard,Anderson K.,Harrison R.,48.0,105.0,1.61,2.2,1.69,2.3,1.74,2.3
2016-10-20,Stockholm Open,2nd Round,Hard,Dimitrov G.,Zopp J.,18.0,234.0,1.1,7.0,1.11,8.04,1.13,8.04
2016-10-20,European Open,2nd Round,Hard,Goffin D.,Mayer F.,12.0,55.0,1.14,5.5,1.15,6.34,1.17,6.34
2016-10-20,Stockholm Open,2nd Round,Hard,Del Potro J.M.,Almagro N.,63.0,41.0,1.12,6.0,1.13,7.05,1.13,7.05
2016-10-20,Stockholm Open,2nd Round,Hard,Elias G.,Monfils G.,61.0,7.0,8.0,1.08,9.87,1.08,9.87,1.1
2016-10-20,Stockholm Open,2nd Round,Hard,Sock J.,Brown D.,23.0,74.0,1.4,2.75,1.41,3.17,1.45,3.17
2016-10-20,European Open,2nd Round,Hard,Schwartzman D.,Fritz T.,77.0,70.0,2.5,1.5,2.44,1.63,2.6,1.63
2016-10-20,European Open,2nd Round,Hard,Struff J.L.,Simon G.,98.0,25.0,3.5,1.28,3.64,1.33,3.7,1.33
2016-10-20,European Open,2nd Round,Hard,Copil M.,Darcis S.,198.0,120.0,2.37,1.53,2.34,1.68,2.38,1.68
2016-10-20,Stockholm Open,2nd Round,Hard,Kamke T.,Albot R.,132.0,103.0,1.57,2.25,1.69,2.3,1.69,2.3
2016-10-20,European Open,2nd Round,Hard,Edmund K.,Ferrer D.,43.0,15.0,2.62,1.44,2.62,1.56,2.85,1.56
2016-10-20,Kremlin Cup,2nd Round,Hard,Bublik A.,Bautista Agut R.,266.0,13.0,10.0,1.06,11.52,1.07,11.75,1.08
2016-10-20,Kremlin Cup,2nd Round,Hard,Medvedev D.,Troicki V.,123.0,28.0,2.25,1.57,2.37,1.66,2.38,1.67
2016-10-20,Kremlin Cup,2nd Round,Hard,Kohlschreiber P.,Lajovic D.,32.0,78.0,1.72,2.0,1.85,2.07,1.85,2.12
2016-10-20,Kremlin Cup,2nd Round,Hard,Bellucci T.,Kuznetsov An.,62.0,45.0,3.0,1.36,3.3,1.39,3.3,1.41
2016-10-20,Kremlin Cup,2nd Round,Hard,Carreno Busta P.,Dzumhur D.,36.0,95.0,1.33,3.25,1.38,3.35,1.44,3.35
2016-10-21,European Open,Quarterfinals,Hard,Edmund K.,Seppi A.,43.0,100.0,1.5,2.5,1.56,2.63,1.59,2.63
2016-10-21,Stockholm Open,Quarterfinals,Hard,Dimitrov G.,Anderson K.,18.0,48.0,1.4,2.75,1.45,3.01,1.45,3.01
2016-10-21,European Open,Quarterfinals,Hard,Schwartzman D.,Cuevas P.,77.0,22.0,2.25,1.57,2.3,1.71,2.3,1.71
2016-10-21,European Open,Quarterfinals,Hard,Gasquet R.,Struff J.L.,19.0,98.0,1.28,3.5,1.33,3.72,1.33,3.75
2016-10-21,Kremlin Cup,Quarterfinals,Hard,Fognini F.,Ramos-Vinolas A.,50.0,31.0,1.44,2.62,1.52,2.77,1.54,2.77
2016-10-21,Kremlin Cup,Quarterfinals,Hard,Kohlschreiber P.,Bellucci T.,32.0,62.0,1.57,2.25,1.71,2.3,1.71,2.31
2016-10-21,Kremlin Cup,Quarterfinals,Hard,Robert S.,Medvedev D.,52.0,123.0,3.25,1.33,3.14,1.43,3.45,1.43
2016-10-21,Kremlin Cup,Quarterfinals,Hard,Carreno Busta P.,Bublik A.,36.0,266.0,1.18,4.5,1.23,4.86,1.25,5.0
2016-10-21,Stockholm Open,Quarterfinals,Hard,Del Potro J.M.,Karlovic I.,63.0,21.0,1.22,4.0,1.29,4.09,1.3,4.09
2016-10-21,Stockholm Open,Quarterfinals,Hard,Zverev A.,Kamke T.,20.0,132.0,1.14,5.5,1.17,6.0,1.2,6.0
2016-10-21,Stockholm Open,Quarterfinals,Hard,Sock J.,Elias G.,23.0,61.0,1.22,4.0,1.27,4.3,1.29,4.33
2016-10-21,European Open,Quarterfinals,Hard,Goffin D.,Copil M.,12.0,198.0,1.12,6.0,1.14,7.11,1.15,7.4
2016-10-22,European Open,Semifinals,Hard,Schwartzman D.,Goffin D.,77.0,12.0,6.5,1.11,6.0,1.17,6.5,1.19
2016-10-22,Stockholm Open,Semifinals,Hard,Del Potro J.M.,Dimitrov G.,63.0,18.0,1.4,3.0,1.49,2.87,1.49,3.05
2016-10-22,Stockholm Open,Semifinals,Hard,Sock J.,Zverev A.,23.0,20.0,2.5,1.53,2.65,1.56,2.65,1.57
2016-10-22,Kremlin Cup,Semifinals,Hard,Fognini F.,Kohlschreiber P.,50.0,32.0,1.9,1.9,2.01,1.92,2.01,1.93
2016-10-22,Kremlin Cup,Semifinals,Hard,Carreno Busta P.,Robert S.,36.0,52.0,1.33,3.4,1.34,3.62,1.4,3.62
2016-10-22,European Open,Semifinals,Hard,Gasquet R.,Edmund K.,19.0,43.0,1.5,2.62,1.54,2.7,1.54,2.75
2016-10-23,Stockholm Open,The Final,Hard,Del Potro J.M.,Sock J.,63.0,23.0,1.25,4.0,1.28,4.14,1.29,4.33
2016-10-23,European Open,The Final,Hard,Gasquet R.,Schwartzman D.,19.0,77.0,1.28,3.75,1.29,4.14,1.31,4.16
2016-10-23,Kremlin Cup,The Final,Hard,Carreno Busta P.,Fognini F.,36.0,50.0,2.2,1.66,2.05,1.88,2.3,1.88
2016-10-24,Erste Bank Open,1st Round,Hard,Dzumhur D.,Almagro N.,92.0,43.0,2.1,1.66,2.14,1.78,2.25,1.78
2016-10-24,Erste Bank Open,1st Round,Hard,Isner J.,Struff J.L.,27.0,93.0,1.44,2.62,1.53,2.67,1.53,2.85
2016-10-24,Erste Bank Open,1st Round,Hard,Basilashvili N.,Berdych T.,107.0,10.0,5.5,1.14,6.02,1.16,6.02,1.18
2016-10-24,Erste Bank Open,1st Round,Hard,Karlovic I.,Johnson S.,23.0,31.0,1.8,1.9,1.85,2.05,1.87,2.1
2016-10-24,Swiss Indoors,1st Round,Hard,Young D.,Marchenko I.,83.0,66.0,1.72,2.0,1.72,2.23,1.86,2.25
2016-10-24,Swiss Indoors,1st Round,Hard,Nishikori K.,Lajovic D.,5.0,77.0,1.08,8.0,1.09,9.16,1.14,9.25
2016-10-24,Swiss Indoors,1st Round,Hard,Delbonis F.,Kuznetsov An.,48.0,47.0,3.0,1.36,3.05,1.43,3.05,1.43
2016-10-24,Swiss Indoors,1st Round,Hard,Cilic M.,Youzhny M.,12.0,51.0,1.16,5.0,1.19,5.25,1.2,5.4
2016-10-24,Erste Bank Open,1st Round,Hard,Khachanov K.,Seppi A.,63.0,87.0,1.66,2.1,1.81,2.1,1.81,2.2
2016-10-25,Erste Bank Open,1st Round,Hard,Thiem D.,Melzer G.,9.0,74.0,1.11,6.5,1.1,8.33,1.13,8.33
2016-10-25,Erste Bank Open,1st Round,Hard,Sousa J.,Cuevas P.,34.0,21.0,1.72,2.0,1.88,2.01,1.88,2.12
2016-10-25,Erste Bank Open,1st Round,Hard,Tsonga J.W.,Becker B.,15.0,113.0,1.11,6.5,1.12,7.49,1.13,7.5
2016-10-25,Erste Bank Open,1st Round,Hard,Melzer J.,Bautista Agut R.,417.0,14.0,4.0,1.22,3.98,1.29,4.0,1.29
2016-10-25,Erste Bank Open,1st Round,Hard,Lopez F.,Pouille L.,30.0,17.0,2.62,1.44,2.49,1.6,2.65,1.6
2016-10-25,Erste Bank Open,1st Round,Hard,Troicki V.,Anderson K.,28.0,52.0,2.0,1.72,2.11,1.8,2.15,1.81
2016-10-25,Erste Bank Open,1st Round,Hard,Ferrer D.,Edmund K.,19.0,40.0,1.57,2.25,1.63,2.41,1.67,2.41
2016-10-25,Erste Bank Open,1st Round,Hard,Simon G.,Garcia-Lopez G.,24.0,76.0,1.18,4.5,1.24,4.44,1.25,4.51
2016-10-25,Swiss Indoors,1st Round,Hard,Muller G.,Dimitrov G.,37.0,18.0,2.75,1.4,3.0,1.44,3.0,1.48
2016-10-25,Swiss Indoors,1st Round,Hard,Granollers M.,Laaksonen H.,39.0,134.0,1.53,2.37,1.6,2.47,1.6,2.55
2016-10-25,Swiss Indoors,1st Round,Hard,Lorenzi P.,Mahut N.,38.0,41.0,3.0,1.36,2.85,1.47,3.1,1.47
2016-10-25,Swiss Indoors,1st Round,Hard,Berankis R.,Raonic M.,91.0,4.0,9.0,1.07,10.68,1.07,10.75,1.1
2016-10-25,Swiss Indoors,1st Round,Hard,Wawrinka S.,Chiudinelli M.,3.0,119.0,1.07,9.0,1.08,9.69,1.1,11.0
2016-10-25,Swiss Indoors,1st Round,Hard,Mayer F.,Paire B.,55.0,44.0,1.66,2.1,1.93,1.95,1.93,2.15
2016-10-25,Swiss Indoors,1st Round,Hard,Goffin D.,Baghdatis M.,11.0,36.0,1.44,2.62,1.54,2.62,1.59,2.63
2016-10-26,Erste Bank Open,2nd Round,Hard,Khachanov K.,Basilashvili N.,63.0,107.0,1.53,2.37,1.68,2.33,1.68,2.43
2016-10-26,Erste Bank Open,2nd Round,Hard,Karlovic I.,Dzumhur D.,23.0,92.0,1.3,3.4,1.31,3.8,1.36,3.8
2016-10-26,Erste Bank Open,2nd Round,Hard,Isner J.,Lopez F.,27.0,30.0,1.66,2.1,1.75,2.2,1.83,2.2
2016-10-26,Erste Bank Open,1st Round,Hard,Murray A.,Klizan M.,2.0,35.0,1.02,17.0,1.04,15.74,1.04,21.0
2016-10-26,Erste Bank Open,1st Round,Hard,Ramos-Vinolas A.,Fognini F.,26.0,49.0,2.62,1.44,3.14,1.41,3.14,1.45
2016-10-26,Erste Bank Open,1st Round,Hard,Kohlschreiber P.,Robert S.,33.0,50.0,1.22,4.0,1.36,3.4,1.36,4.18
2016-10-26,Swiss Indoors,2nd Round,Hard,Nishikori K.,Lorenzi P.,5.0,38.0,1.07,9.0,1.09,9.28,1.1,9.28
2016-10-26,Swiss Indoors,1st Round,Hard,Sock J.,Mannarino A.,22.0,53.0,1.5,2.5,1.56,2.58,1.58,2.6
2016-10-26,Swiss Indoors,1st Round,Hard,Carreno Busta P.,Verdasco F.,32.0,45.0,1.72,2.0,1.68,2.3,1.74,2.3
2016-10-26,Swiss Indoors,2nd Round,Hard,Delbonis F.,Berankis R.,48.0,91.0,2.2,1.61,2.22,1.74,2.3,1.74
2016-10-26,Swiss Indoors,1st Round,Hard,Zverev M.,Fritz T.,72.0,73.0,1.53,2.37,1.71,2.25,1.71,2.4
2016-10-26,Swiss Indoors,1st Round,Hard,Del Potro J.M.,Haase R.,42.0,64.0,1.1,7.0,1.11,8.04,1.11,8.04
2016-10-26,Swiss Indoors,1st Round,Hard,Pella G.,Gasquet R.,59.0,16.0,4.5,1.18,4.64,1.23,5.0,1.23
2016-10-27,Erste Bank Open,2nd Round,Hard,Ferrer D.,Sousa J.,19.0,34.0,1.33,3.25,1.38,3.35,1.4,3.35
2016-10-27,Erste Bank Open,2nd Round,Hard,Murray A.,Simon G.,2.0,24.0,1.08,8.0,1.1,8.67,1.1,8.67
2016-10-27,Erste Bank Open,2nd Round,Hard,Troicki V.,Thiem D.,28.0,9.0,3.25,1.33,3.35,1.38,3.35,1.42
2016-10-27,Erste Bank Open,2nd Round,Hard,Ramos-Vinolas A.,Melzer J.,26.0,417.0,2.1,1.66,2.16,1.78,2.17,1.8
2016-10-27,Erste Bank Open,2nd Round,Hard,Tsonga J.W.,Kohlschreiber P.,15.0,33.0,1.25,3.75,1.27,4.18,1.28,4.18
2016-10-27,Swiss Indoors,2nd Round,Hard,Granollers M.,Sock J.,39.0,22.0,3.25,1.33,3.21,1.4,3.3,1.4
2016-10-27,Swiss Indoors,2nd Round,Hard,Cilic M.,Carreno Busta P.,12.0,32.0,1.25,3.75,1.29,4.01,1.3,4.01
2016-10-27,Swiss Indoors,2nd Round,Hard,Del Potro J.M.,Goffin D.,42.0,11.0,1.4,2.75,1.48,2.87,1.49,3.0
2016-10-27,Swiss Indoors,2nd Round,Hard,Muller G.,Mayer F.,37.0,55.0,1.44,2.62,1.5,2.8,1.56,2.8
2016-10-27,Swiss Indoors,2nd Round,Hard,Zverev M.,Pella G.,72.0,59.0,1.36,3.0,1.44,3.01,1.44,3.2
2016-10-27,Swiss Indoors,2nd Round,Hard,Wawrinka S.,Young D.,3.0,83.0,1.16,5.0,1.21,4.99,1.24,5.04
2016-10-28,Erste Bank Open,Quarterfinals,Hard,Murray A.,Isner J.,2.0,27.0,1.11,6.5,1.13,7.65,1.15,7.65
2016-10-28,Erste Bank Open,Quarterfinals,Hard,Ferrer D.,Troicki V.,19.0,28.0,1.72,2.0,1.78,2.18,1.84,2.18
2016-10-28,Erste Bank Open,Quarterfinals,Hard,Tsonga J.W.,Ramos-Vinolas A.,15.0,26.0,1.2,4.33,1.22,5.01,1.25,5.01
2016-10-28,Erste Bank Open,Quarterfinals,Hard,Karlovic I.,Khachanov K.,23.0,63.0,1.57,2.25,1.77,2.2,1.78,2.38
2016-10-28,Swiss Indoors,Quarterfinals,Hard,Zverev M.,Wawrinka S.,72.0,3.0,3.25,1.33,3.41,1.38,3.6,1.38
2016-10-28,Swiss Indoors,Quarterfinals,Hard,Nishikori K.,Del Potro J.M.,5.0,42.0,2.1,1.66,2.19,1.78,2.2,1.78
2016-10-28,Swiss Indoors,Quarterfinals,Hard,Muller G.,Delbonis F.,37.0,48.0,1.28,3.5,1.32,3.84,1.33,3.84
2016-10-28,Swiss Indoors,Quarterfinals,Hard,Cilic M.,Granollers M.,12.0,39.0,1.16,5.0,1.2,5.37,1.22,5.5
2016-10-29,Swiss Indoors,Semifinals,Hard,Nishikori K.,Muller G.,5.0,37.0,1.2,4.5,1.2,5.37,1.22,5.37
2016-10-29,Swiss Indoors,Semifinals,Hard,Cilic M.,Zverev M.,12.0,72.0,1.36,3.25,1.35,3.61,1.4,3.61
2016-10-29,Erste Bank Open,Semifinals,Hard,Tsonga J.W.,Karlovic I.,15.0,23.0,1.4,3.0,1.44,3.06,1.44,3.1
2016-10-29,Erste Bank Open,Semifinals,Hard,Murray A.,Ferrer D.,2.0,19.0,1.1,7.0,1.12,8.01,1.12,8.01
2016-10-30,Swiss Indoors,The Final,Hard,Cilic M.,Nishikori K.,12.0,5.0,2.3,1.61,2.4,1.66,2.45,1.7
2016-10-30,Erste Bank Open,The Final,Hard,Murray A.,Tsonga J.W.,2.0,15.0,1.14,5.5,1.16,6.35,1.2,6.5
2016-10-31,BNP Paribas Masters,1st Round,Hard,Struff J.L.,Marchenko I.,91.0,69.0,1.4,2.75,1.43,3.05,1.48,3.06
2016-10-31,BNP Paribas Masters,1st Round,Hard,Simon G.,Benneteau J.,23.0,183.0,1.4,2.75,1.4,3.2,1.42,3.25
2016-10-31,BNP Paribas Masters,1st Round,Hard,Lorenzi P.,Paire B.,39.0,45.0,2.0,1.72,2.08,1.84,2.1,1.85
2016-10-31,BNP Paribas Masters,1st Round,Hard,Baghdatis M.,Mathieu P.H.,37.0,67.0,1.36,3.0,1.42,3.11,1.42,3.25
2016-10-31,BNP Paribas Masters,1st Round,Hard,Ramos-Vinolas A.,Robert S.,26.0,50.0,1.61,2.2,1.63,2.43,1.71,2.43
2016-10-31,BNP Paribas Masters,1st Round,Hard,Verdasco F.,Haase R.,46.0,64.0,2.0,1.72,2.23,1.74,2.23,1.8
2016-10-31,BNP Paribas Masters,1st Round,Hard,Johnson S.,Pella G.,33.0,57.0,1.28,3.5,1.36,3.44,1.36,3.55
2016-10-31,BNP Paribas Masters,1st Round,Hard,Carreno Busta P.,Fognini F.,31.0,49.0,1.66,2.1,1.68,2.34,1.7,2.34
2016-10-31,BNP Paribas Masters,1st Round,Hard,Sousa J.,Seppi A.,43.0,86.0,2.2,1.61,2.2,1.75,2.3,1.85
2016-11-01,BNP Paribas Masters,2nd Round,Hard,Dimitrov G.,Baghdatis M.,18.0,37.0,1.33,3.25,1.38,3.31,1.4,3.4
2016-11-01,BNP Paribas Masters,2nd Round,Hard,Gasquet R.,Johnson S.,19.0,33.0,1.4,2.75,1.44,3.01,1.5,3.01
2016-11-01,BNP Paribas Masters,2nd Round,Hard,Raonic M.,Carreno Busta P.,5.0,31.0,1.36,3.0,1.4,3.22,1.41,3.4
2016-11-01,BNP Paribas Masters,2nd Round,Hard,Berdych T.,Sousa J.,11.0,43.0,1.28,3.5,1.33,3.64,1.33,4.15
2016-11-01,BNP Paribas Masters,1st Round,Hard,Karlovic I.,Lajovic D.,20.0,89.0,1.36,3.0,1.43,3.05,1.44,3.1
2016-11-01,BNP Paribas Masters,1st Round,Hard,Muller G.,Almagro N.,34.0,44.0,1.33,3.25,1.36,3.48,1.37,3.6
2016-11-01,BNP Paribas Masters,1st Round,Hard,Sock J.,Kohlschreiber P.,24.0,32.0,1.57,2.25,1.65,2.38,1.67,2.4
2016-11-01,BNP Paribas Masters,1st Round,Hard,Troicki V.,Mannarino A.,28.0,60.0,1.5,2.5,1.57,2.58,1.57,2.75
2016-11-01,BNP Paribas Masters,1st Round,Hard,Isner J.,Zverev M.,27.0,53.0,1.66,2.1,1.81,2.12,1.82,2.12
2016-11-01,BNP Paribas Masters,1st Round,Hard,Mahut N.,Klizan M.,41.0,35.0,1.57,2.25,1.75,2.2,1.78,2.25
2016-11-01,BNP Paribas Masters,1st Round,Hard,Lopez F.,Herbert P.H.,30.0,87.0,1.61,2.2,1.69,2.3,1.69,2.4
2016-11-02,BNP Paribas Masters,2nd Round,Hard,Djokovic N.,Muller G.,1.0,34.0,1.08,8.0,1.11,8.13,1.11,9.0
2016-11-02,BNP Paribas Masters,2nd Round,Hard,Struff J.L.,Wawrinka S.,91.0,3.0,3.75,1.25,3.74,1.32,3.8,1.32
2016-11-02,BNP Paribas Masters,2nd Round,Hard,Isner J.,Ferrer D.,27.0,16.0,1.83,1.83,1.93,1.97,2.0,2.04
2016-11-02,BNP Paribas Masters,2nd Round,Hard,Murray A.,Verdasco F.,2.0,46.0,1.07,9.0,1.07,10.99,1.07,11.75
2016-11-02,BNP Paribas Masters,2nd Round,Hard,Cuevas P.,Lorenzi P.,22.0,39.0,2.2,1.61,2.23,1.74,2.23,1.86
2016-11-02,BNP Paribas Masters,2nd Round,Hard,Simon G.,Bautista Agut R.,23.0,15.0,1.72,2.0,1.92,1.99,1.92,2.06
2016-11-02,BNP Paribas Masters,2nd Round,Hard,Goffin D.,Mahut N.,12.0,41.0,1.33,3.25,1.33,3.69,1.33,3.75
2016-11-02,BNP Paribas Masters,2nd Round,Hard,Sock J.,Thiem D.,24.0,8.0,2.1,1.66,2.31,1.69,2.31,1.73
2016-11-02,BNP Paribas Masters,2nd Round,Hard,Cilic M.,Karlovic I.,10.0,20.0,1.33,3.25,1.37,3.4,1.37,3.4
2016-11-02,BNP Paribas Masters,2nd Round,Hard,Pouille L.,Lopez F.,17.0,30.0,1.53,2.37,1.6,2.5,1.63,2.5
2016-11-02,BNP Paribas Masters,2nd Round,Hard,Nishikori K.,Troicki V.,4.0,28.0,1.2,4.33,1.21,5.08,1.23,5.08
2016-11-02,BNP Paribas Masters,2nd Round,Hard,Tsonga J.W.,Ramos-Vinolas A.,13.0,26.0,1.14,5.5,1.18,5.68,1.2,6.0
2016-11-03,BNP Paribas Masters,3rd Round,Hard,Murray A.,Pouille L.,2.0,17.0,1.08,8.0,1.11,8.36,1.13,8.4
2016-11-03,BNP Paribas Masters,3rd Round,Hard,Tsonga J.W.,Nishikori K.,13.0,4.0,2.37,1.53,2.47,1.63,2.52,1.64
2016-11-03,BNP Paribas Masters,3rd Round,Hard,Berdych T.,Simon G.,11.0,23.0,1.83,1.83,2.0,1.93,2.0,2.0
2016-11-03,BNP Paribas Masters,3rd Round,Hard,Isner J.,Struff J.L.,27.0,91.0,1.4,2.75,1.48,2.92,1.53,2.95
2016-11-03,BNP Paribas Masters,3rd Round,Hard,Sock J.,Gasquet R.,24.0,19.0,2.0,1.72,2.0,1.93,2.09,1.93
2016-11-03,BNP Paribas Masters,3rd Round,Hard,Raonic M.,Cuevas P.,5.0,22.0,1.11,6.5,1.13,7.29,1.16,7.29
2016-11-03,BNP Paribas Masters,3rd Round,Hard,Cilic M.,Goffin D.,10.0,12.0,1.57,2.25,1.64,2.44,1.64,2.5
2016-11-03,BNP Paribas Masters,3rd Round,Hard,Djokovic N.,Dimitrov G.,1.0,18.0,1.11,6.5,1.13,7.47,1.15,7.74
2016-11-04,BNP Paribas Masters,Quarterfinals,Hard,Isner J.,Sock J.,27.0,24.0,2.3,1.61,2.32,1.7,2.45,1.72
2016-11-04,BNP Paribas Masters,Quarterfinals,Hard,Cilic M.,Djokovic N.,10.0,1.0,4.5,1.18,4.51,1.25,5.2,1.26
2016-11-04,BNP Paribas Masters,Quarterfinals,Hard,Murray A.,Berdych T.,2.0,11.0,1.1,7.0,1.12,7.83,1.16,8.0
2016-11-04,BNP Paribas Masters,Quarterfinals,Hard,Raonic M.,Tsonga J.W.,5.0,13.0,1.66,2.2,1.74,2.25,1.78,2.29
2016-11-05,BNP Paribas Masters,Semifinals,Hard,Isner J.,Cilic M.,27.0,10.0,3.4,1.33,3.34,1.39,3.53,1.4
2016-11-05,BNP Paribas Masters,Semifinals,Hard,Murray A.,Raonic M.,2.0,5.0,1.2,4.5,1.25,4.5,1.25,4.75
2016-11-06,BNP Paribas Masters,The Final,Hard,Murray A.,Isner J.,2.0,27.0,1.14,5.5,1.17,5.97,1.2,6.0
2016-11-13,Masters Cup,Round Robin,Hard,Djokovic N.,Thiem D.,2.0,9.0,1.12,6.0,1.12,7.45,1.15,8.5
2016-11-13,Masters Cup,Round Robin,Hard,Raonic M.,Monfils G.,4.0,6.0,1.8,2.0,1.81,2.11,1.85,2.11
2016-11-14,Masters Cup,Round Robin,Hard,Murray A.,Cilic M.,1.0,7.0,1.25,4.0,1.27,4.24,1.29,4.54
2016-11-14,Masters Cup,Round Robin,Hard,Nishikori K.,Wawrinka S.,5.0,3.0,1.8,2.0,1.77,2.18,1.91,2.2
2016-11-15,Masters Cup,Round Robin,Hard,Thiem D.,Monfils G.,9.0,6.0,2.2,1.66,2.29,1.7,2.29,1.8
2016-11-15,Masters Cup,Round Robin,Hard,Djokovic N.,Raonic M.,2.0,4.0,1.22,4.33,1.29,4.03,1.3,4.35
2016-11-16,Masters Cup,Round Robin,Hard,Murray A.,Nishikori K.,1.0,5.0,1.28,3.75,1.31,3.85,1.31,4.35
2016-11-16,Masters Cup,Round Robin,Hard,Wawrinka S.,Cilic M.,3.0,7.0,2.2,1.66,2.29,1.7,2.35,1.73
2016-11-17,Masters Cup,Round Robin,Hard,Djokovic N.,Goffin D.,2.0,11.0,1.1,7.0,1.13,7.05,1.15,7.66
2016-11-17,Masters Cup,Round Robin,Hard,Raonic M.,Thiem D.,4.0,9.0,1.28,3.75,1.3,3.94,1.35,4.0
2016-11-18,Masters Cup,Round Robin,Hard,Murray A.,Wawrinka S.,1.0,3.0,1.28,3.75,1.31,3.81,1.32,4.1
2016-11-18,Masters Cup,Round Robin,Hard,Cilic M.,Nishikori K.,7.0,5.0,2.37,1.57,2.47,1.61,2.6,1.63
2016-11-19,Masters Cup,Semifinals,Hard,Murray A.,Raonic M.,1.0,4.0,1.2,4.5,1.24,4.71,1.25,5.0
2016-11-19,Masters Cup,Semifinals,Hard,Djokovic N.,Nishikori K.,2.0,5.0,1.22,4.33,1.25,4.55,1.26,5.0
2016-11-20,Masters Cup,The Final,Hard,Murray A.,Djokovic N.,1.0,2.0,2.5,1.53,2.65,1.56,2.8,1.57
