date,tournament,round,surface,winner,loser,wrank,lrank,odds_winner,odds_loser,pin_winner,pin_loser,max_winner,max_loser
2022-01-03,Adelaide International 1,1st Round,Hard,Kwon S.W.,Nishioka Y.,53,81.0,1.61,2.3,1.7,2.26,1.76,2.5
2022-01-03,Adelaide International 1,1st Round,Hard,Monteiro T.,Altmaier D.,89,84.0,2.3,1.61,2.49,1.6,2.6,1.62
2022-01-03,Adelaide International 1,1st Round,Hard,Djere L.,Carballes Baena R.,52,79.0,1.66,2.2,1.81,2.1,1.83,2.26
2022-01-03,Adelaide International 1,1st Round,Hard,Johnson S.,Vukic A.,85,156.0,2.0,1.8,2.21,1.74,2.3,1.8
2022-01-04,Melbourne Summer Set,1st Round,Hard,Mcdonald M.,Gojowczyk P.,55,86.0,1.36,3.2,1.4,3.2,1.44,3.24
2022-01-04,Melbourne Summer Set,1st Round,Hard,Griekspoor T.,Koepfer D.,65,54.0,1.61,2.3,1.54,2.62,1.62,2.65
2022-01-04,Melbourne Summer Set,1st Round,Hard,Van De Zandschulp B.,Mannarino A.,57,71.0,1.44,2.75,1.5,2.77,1.53,3.1
2022-01-04,Adelaide International 1,1st Round,Hard,Mager G.,Cerundolo F.,62,127.0,2.0,1.8,1.94,1.94,2.0,2.07
2022-01-04,Adelaide International 1,1st Round,Hard,Paul T.,Vesely J.,43,83.0,1.33,3.4,1.35,3.45,1.35,3.6
2022-01-04,Adelaide International 1,1st Round,Hard,Kokkinakis T.,Millman J.,171,72.0,1.72,2.1,1.8,2.11,1.87,2.15
2022-01-04,Adelaide International 1,1st Round,Hard,Ymer M.,Bonzi B.,94,64.0,2.0,1.8,2.15,1.78,2.15,1.82
2022-01-04,Adelaide International 1,1st Round,Hard,Gerasimov E.,Fucsovics M.,113,40.0,2.37,1.57,2.91,1.46,2.91,1.57
2022-01-04,Adelaide International 1,1st Round,Hard,Daniel T.,Musetti L.,125,59.0,2.0,1.8,2.19,1.75,2.25,1.8
2022-01-04,Adelaide International 1,1st Round,Hard,Moutet C.,Rune H.,92,103.0,2.75,1.44,2.66,1.53,2.81,1.54
2022-01-04,Adelaide International 1,1st Round,Hard,Cerundolo J.M.,Bolt A.,90,137.0,2.75,1.44,2.87,1.47,3.32,1.47
2022-01-04,Melbourne Summer Set,1st Round,Hard,Bagnis F.,Murray A.,76,134.0,7.0,1.1,8.72,1.09,8.8,1.11
2022-01-05,Melbourne Summer Set,1st Round,Hard,Munar J.,Anderson K.,77,80.0,2.75,1.44,2.88,1.47,2.98,1.5
2022-01-05,Melbourne Summer Set,1st Round,Hard,Cressy M.,Hijikata R.,112,375.0,1.36,3.2,1.51,2.74,1.53,3.2
2022-01-05,Melbourne Summer Set,1st Round,Hard,Popyrin A.,Travaglia S.,61,78.0,1.5,2.62,1.58,2.53,1.62,2.7
2022-01-05,Melbourne Summer Set,1st Round,Hard,Molcan A.,Seppi A.,88,102.0,1.66,2.2,1.71,2.25,1.76,2.3
2022-01-05,Melbourne Summer Set,1st Round,Hard,Ruusuvuori E.,Baez S.,95,99.0,1.44,2.75,1.52,2.68,1.53,2.89
2022-01-05,Melbourne Summer Set,1st Round,Hard,Thompson J.,O Connell C.,75,175.0,1.9,1.9,1.99,1.9,2.05,1.95
2022-01-05,Melbourne Summer Set,1st Round,Hard,Berankis R.,Giron M.,104,66.0,2.2,1.66,2.35,1.66,2.45,1.7
2022-01-05,Melbourne Summer Set,1st Round,Hard,Laaksonen H.,Paire B.,98,46.0,1.33,3.4,1.37,3.32,1.5,3.58
2022-01-05,Adelaide International 1,2nd Round,Hard,Ymer M.,Kwon S.W.,94,53.0,2.37,1.57,2.33,1.68,2.41,1.71
2022-01-05,Adelaide International 1,2nd Round,Hard,Djere L.,Moutet C.,52,92.0,2.3,1.61,2.31,1.69,2.49,1.72
2022-01-05,Adelaide International 1,2nd Round,Hard,Cilic M.,Monteiro T.,30,89.0,1.3,3.5,1.34,3.6,1.35,3.7
2022-01-05,Adelaide International 1,2nd Round,Hard,Kokkinakis T.,Tiafoe F.,171,38.0,2.3,1.61,2.37,1.66,2.4,1.73
2022-01-06,Melbourne Summer Set,2nd Round,Hard,Cressy M.,Opelka R.,112,26.0,2.2,1.66,2.29,1.7,2.35,1.7
2022-01-06,Melbourne Summer Set,2nd Round,Hard,Griekspoor T.,Popyrin A.,65,61.0,1.8,2.0,1.92,1.99,1.92,2.12
2022-01-06,Melbourne Summer Set,2nd Round,Hard,Munar J.,Laaksonen H.,77,98.0,2.1,1.72,2.24,1.73,2.24,1.82
2022-01-06,Melbourne Summer Set,2nd Round,Hard,Nadal R.,Berankis R.,6,104.0,1.14,5.5,1.16,6.17,1.19,6.17
2022-01-06,Melbourne Summer Set,2nd Round,Hard,Dimitrov G.,Bagnis F.,28,76.0,1.16,5.0,1.18,5.59,1.18,6.0
2022-01-06,Melbourne Summer Set,2nd Round,Hard,Molcan A.,Goffin D.,88,39.0,1.53,2.5,1.66,2.38,1.67,2.62
2022-01-06,Melbourne Summer Set,2nd Round,Hard,Ruusuvuori E.,Thompson J.,95,75.0,1.44,2.75,1.46,2.96,1.48,3.0
2022-01-06,Melbourne Summer Set,2nd Round,Hard,Van De Zandschulp B.,Mcdonald M.,57,55.0,1.9,1.9,2.01,1.9,2.01,2.03
2022-01-06,Adelaide International 1,2nd Round,Hard,Paul T.,Daniel T.,43,125.0,1.33,3.4,1.3,3.93,1.38,3.93
2022-01-06,Adelaide International 1,2nd Round,Hard,Gerasimov E.,Mager G.,113,62.0,1.66,2.2,1.75,2.21,1.75,2.45
2022-01-06,Adelaide International 1,2nd Round,Hard,Khachanov K.,Johnson S.,29,85.0,1.25,4.0,1.29,3.99,1.3,4.36
2022-01-06,Adelaide International 1,2nd Round,Hard,Monfils G.,Cerundolo J.M.,21,90.0,1.2,4.5,1.2,5.21,1.22,5.55
2022-01-07,Melbourne Summer Set,Quarterfinals,Hard,Nadal R.,Griekspoor T.,6,65.0,1.16,5.0,1.23,4.66,1.25,5.5
2022-01-07,Adelaide International 1,Quarterfinals,Hard,Cilic M.,Djere L.,30,52.0,1.28,3.75,1.31,3.85,1.33,4.15
2022-01-07,Adelaide International 1,Quarterfinals,Hard,Monfils G.,Paul T.,21,43.0,1.53,2.5,1.63,2.44,1.63,2.7
2022-01-07,Adelaide International 1,Quarterfinals,Hard,Khachanov K.,Gerasimov E.,29,113.0,1.25,4.0,1.26,4.3,1.3,4.3
2022-01-07,Adelaide International 1,Quarterfinals,Hard,Kokkinakis T.,Ymer M.,171,94.0,1.61,2.3,1.68,2.33,1.71,2.39
2022-01-07,Melbourne Summer Set,Quarterfinals,Hard,Ruusuvuori E.,Molcan A.,95,88.0,1.72,2.1,1.67,2.36,1.75,2.45
2022-01-07,Melbourne Summer Set,Quarterfinals,Hard,Dimitrov G.,Van De Zandschulp B.,28,57.0,1.66,2.2,1.71,2.27,1.8,2.27
2022-01-07,Melbourne Summer Set,Quarterfinals,Hard,Cressy M.,Munar J.,112,77.0,1.72,2.1,1.79,2.14,1.8,2.4
2022-01-08,Melbourne Summer Set,Semifinals,Hard,Cressy M.,Dimitrov G.,112,28.0,3.0,1.4,3.38,1.37,4.0,1.4
2022-01-08,Melbourne Summer Set,Semifinals,Hard,Nadal R.,Ruusuvuori E.,6,95.0,1.16,5.0,1.25,4.42,1.25,5.1
2022-01-08,Adelaide International 1,Semifinals,Hard,Khachanov K.,Cilic M.,29,30.0,2.1,1.72,2.16,1.78,2.28,1.83
2022-01-08,Adelaide International 1,Semifinals,Hard,Monfils G.,Kokkinakis T.,21,171.0,1.4,3.0,1.41,3.17,1.44,3.4
2022-01-09,Adelaide International 1,The Final,Hard,Monfils G.,Khachanov K.,21,29.0,1.61,2.3,1.63,2.44,1.67,2.5
2022-01-09,Melbourne Summer Set,The Final,Hard,Nadal R.,Cressy M.,6,112.0,1.12,6.0,1.16,6.15,1.18,7.0
2022-01-10,Sydney Tennis Classic,1st Round,Hard,Thompson J.,Giron M.,73,66.0,2.2,1.66,2.33,1.67,2.35,1.73
2022-01-10,Sydney Tennis Classic,1st Round,Hard,Fognini F.,Altmaier D.,36,91.0,1.44,2.75,,,1.48,3.0
2022-01-10,Sydney Tennis Classic,1st Round,Hard,Sonego L.,Gaston H.,27,67.0,1.44,2.75,1.51,2.74,1.51,2.89
2022-01-10,Sydney Tennis Classic,1st Round,Hard,Goffin D.,Bagnis F.,45,71.0,1.66,2.2,1.68,2.29,1.8,2.35
2022-01-10,Adelaide International 2,1st Round,Hard,Rinderknech A.,Mcdonald M.,58,55.0,2.5,1.53,2.41,1.63,2.5,1.66
2022-01-10,Adelaide International 2,1st Round,Hard,Paul T.,Tiafoe F.,41,37.0,2.1,1.72,2.07,1.83,2.25,1.83
2022-01-10,Adelaide International 2,1st Round,Hard,Vukic A.,Bublik A.,160,35.0,2.0,1.8,2.02,1.88,2.24,1.95
2022-01-10,Adelaide International 2,1st Round,Hard,Munar J.,Millman J.,72,80.0,2.1,1.72,2.35,1.65,2.35,1.77
2022-01-11,Sydney Tennis Classic,1st Round,Hard,Murray A.,Durasovic V.,135,345.0,1.08,8.0,1.08,9.38,1.12,9.75
2022-01-11,Sydney Tennis Classic,1st Round,Hard,Lajovic D.,Davidovich Fokina A.,43,51.0,2.5,1.53,2.67,1.53,2.7,1.61
2022-01-11,Sydney Tennis Classic,1st Round,Hard,Kecmanovic M.,Travaglia S.,78,86.0,1.72,2.1,1.73,2.22,1.75,2.25
2022-01-11,Sydney Tennis Classic,1st Round,Hard,Kudla D.,Delbonis F.,109,42.0,2.0,1.8,1.89,1.98,2.13,1.98
2022-01-11,Sydney Tennis Classic,1st Round,Hard,Nakashima B.,Vesely J.,68,79.0,1.44,2.75,1.5,2.77,1.55,2.92
2022-01-11,Sydney Tennis Classic,1st Round,Hard,Baez S.,O Connell C.,9,173.0,2.0,1.8,2.19,1.75,2.26,1.82
2022-01-11,Sydney Tennis Classic,1st Round,Hard,Cressy M.,Mannarino A.,75,70.0,1.44,2.75,1.61,2.44,1.62,2.79
2022-01-11,Sydney Tennis Classic,1st Round,Hard,Martinez P.,Popyrin A.,61,59.0,2.62,1.5,2.5,1.59,2.75,1.59
2022-01-11,Adelaide International 2,1st Round,Hard,Moutet C.,Struff J.L.,115,50.0,2.0,1.8,2.1,1.81,2.15,1.84
2022-01-11,Adelaide International 2,1st Round,Hard,Kwon S.W.,Harris L.,53,32.0,2.3,1.61,2.41,1.63,2.47,1.63
2022-01-11,Adelaide International 2,1st Round,Hard,Johnson S.,Bolt A.,84,142.0,1.36,3.2,1.32,3.67,1.4,3.67
2022-01-11,Adelaide International 2,1st Round,Hard,Bonzi B.,Carballes Baena R.,65,76.0,1.53,2.5,1.68,2.27,1.68,2.75
2022-01-11,Adelaide International 2,1st Round,Hard,Fucsovics M.,Van De Zandschulp B.,38,56.0,2.2,1.66,2.19,1.75,2.46,1.76
2022-01-11,Adelaide International 2,1st Round,Hard,Mager G.,Gerasimov E.,63,106.0,2.2,1.66,2.43,1.62,2.43,1.74
2022-01-11,Adelaide International 2,2nd Round,Hard,Rinderknech A.,Kwon S.W.,58,53.0,1.9,1.9,1.95,1.95,1.95,2.1
2022-01-11,Adelaide International 2,1st Round,Hard,Monteiro T.,Nishioka Y.,83,99.0,1.9,1.9,1.95,1.93,1.95,2.0
2022-01-11,Adelaide International 2,1st Round,Hard,Kokkinakis T.,Paire B.,145,47.0,1.28,3.75,1.31,3.74,1.33,4.33
2022-01-12,Adelaide International 2,2nd Round,Hard,Vukic A.,Johnson S.,160,84.0,1.8,2.0,1.94,1.96,2.02,2.05
2022-01-12,Sydney Tennis Classic,2nd Round,Hard,Murray A.,Basilashvili N.,135,23.0,1.25,4.0,1.34,3.61,1.34,4.0
2022-01-12,Sydney Tennis Classic,2nd Round,Hard,Goffin D.,Kudla D.,45,109.0,1.53,2.5,1.64,2.41,1.69,2.53
2022-01-12,Sydney Tennis Classic,2nd Round,Hard,Opelka R.,Thompson J.,25,73.0,1.53,2.5,1.61,2.48,1.61,2.7
2022-01-12,Sydney Tennis Classic,2nd Round,Hard,Evans D.,Martinez P.,26,61.0,1.33,3.4,1.3,3.88,1.37,3.9
2022-01-12,Sydney Tennis Classic,2nd Round,Hard,Nakashima B.,Fognini F.,68,36.0,1.5,2.62,1.56,2.62,1.57,2.65
2022-01-12,Sydney Tennis Classic,2nd Round,Hard,Sonego L.,Baez S.,27,9.0,1.57,2.37,1.53,2.69,1.6,2.76
2022-01-12,Sydney Tennis Classic,2nd Round,Hard,Karatsev A.,Kecmanovic M.,20,78.0,1.53,2.5,1.63,2.44,1.63,2.6
2022-01-12,Adelaide International 2,2nd Round,Hard,Paul T.,Bonzi B.,41,65.0,1.4,3.0,1.43,3.09,1.44,3.24
2022-01-12,Adelaide International 2,2nd Round,Hard,Cilic M.,Munar J.,29,72.0,1.36,3.2,1.34,3.57,1.43,3.8
2022-01-12,Adelaide International 2,2nd Round,Hard,Kokkinakis T.,Isner J.,145,24.0,1.72,2.1,1.79,2.14,1.83,2.15
2022-01-12,Adelaide International 2,2nd Round,Hard,Monteiro T.,Monfils G.,83,19.0,4.5,1.2,5.16,1.2,5.25,1.25
2022-01-12,Adelaide International 2,2nd Round,Hard,Moutet C.,Fucsovics M.,115,38.0,2.2,1.66,2.27,1.71,2.42,1.8
2022-01-12,Adelaide International 2,2nd Round,Hard,Khachanov K.,Mager G.,30,63.0,1.22,4.33,1.21,4.98,1.25,4.98
2022-01-13,Adelaide International 2,Quarterfinals,Hard,Moutet C.,Monteiro T.,115,83.0,1.44,2.75,1.48,2.87,1.54,3.06
2022-01-13,Adelaide International 2,Quarterfinals,Hard,Kokkinakis T.,Vukic A.,145,160.0,1.53,2.5,1.51,2.77,1.54,2.81
2022-01-13,Sydney Tennis Classic,Quarterfinals,Hard,Murray A.,Goffin D.,135,45.0,1.66,2.2,1.69,2.3,1.76,2.35
2022-01-13,Sydney Tennis Classic,Quarterfinals,Hard,Opelka R.,Nakashima B.,25,68.0,2.1,1.72,2.11,1.82,2.25,1.82
2022-01-13,Sydney Tennis Classic,Quarterfinals,Hard,Karatsev A.,Sonego L.,20,27.0,1.8,2.0,1.71,2.28,1.81,2.28
2022-01-13,Sydney Tennis Classic,2nd Round,Hard,Cressy M.,Lajovic D.,75,43.0,1.5,2.62,1.44,3.01,1.52,3.01
2022-01-13,Sydney Tennis Classic,Quarterfinals,Hard,Evans D.,Cressy M.,26,75.0,1.5,2.62,1.56,2.56,1.92,2.9
2022-01-13,Adelaide International 2,Quarterfinals,Hard,Cilic M.,Paul T.,29,41.0,1.72,2.1,1.67,2.36,1.75,2.45
2022-01-13,Adelaide International 2,Quarterfinals,Hard,Rinderknech A.,Khachanov K.,58,30.0,3.0,1.4,3.09,1.43,3.4,1.46
2022-01-14,Adelaide International 2,Semifinals,Hard,Kokkinakis T.,Cilic M.,145,29.0,2.37,1.57,2.45,1.62,2.6,1.62
2022-01-14,Adelaide International 2,Semifinals,Hard,Rinderknech A.,Moutet C.,58,115.0,2.0,1.8,2.23,1.74,2.25,1.91
2022-01-14,Sydney Tennis Classic,Semifinals,Hard,Karatsev A.,Evans D.,20,26.0,2.2,1.66,2.4,1.65,2.4,1.79
2022-01-14,Sydney Tennis Classic,Semifinals,Hard,Murray A.,Opelka R.,135,25.0,1.8,2.0,1.78,2.17,1.9,2.25
2022-01-15,Sydney Tennis Classic,The Final,Hard,Karatsev A.,Murray A.,20,135.0,1.8,2.0,1.76,2.2,1.86,2.2
2022-01-15,Adelaide International 2,The Final,Hard,Kokkinakis T.,Rinderknech A.,145,58.0,1.8,2.0,1.91,2.0,2.0,2.1
2022-01-17,Australian Open,1st Round,Hard,Korda S.,Norrie C.,43,12.0,2.37,1.57,2.48,1.61,2.56,1.61
2022-01-17,Australian Open,1st Round,Hard,Paul T.,Kukushkin M.,41,180.0,1.22,4.33,1.24,4.55,1.25,4.8
2022-01-17,Australian Open,1st Round,Hard,Karatsev A.,Munar J.,15,71.0,1.16,5.0,1.2,5.28,1.27,5.85
2022-01-17,Australian Open,1st Round,Hard,Otte O.,Tseng C.H.,96,190.0,1.28,3.75,1.32,3.77,1.4,3.82
2022-01-17,Australian Open,1st Round,Hard,Zverev A.,Altmaier D.,3,87.0,1.03,15.0,1.02,25.19,1.03,25.19
2022-01-17,Australian Open,1st Round,Hard,Opelka R.,Anderson K.,29,97.0,1.4,3.0,1.42,3.11,1.47,3.2
2022-01-17,Australian Open,1st Round,Hard,Hanfmann Y.,Kokkinakis T.,126,103.0,3.75,1.28,3.87,1.3,4.3,1.32
2022-01-17,Australian Open,1st Round,Hard,Sonego L.,Querrey S.,26,110.0,1.2,4.5,1.17,5.91,1.23,5.91
2022-01-17,Australian Open,1st Round,Hard,Kecmanovic M.,Caruso S.,77,146.0,1.33,3.4,1.31,3.86,1.37,3.89
2022-01-17,Australian Open,1st Round,Hard,Mcdonald M.,Milojevic N.,55,139.0,1.16,5.0,1.22,4.93,1.22,6.0
2022-01-17,Australian Open,1st Round,Hard,Griekspoor T.,Fognini F.,62,32.0,2.2,1.66,2.14,1.8,2.27,1.84
2022-01-17,Australian Open,1st Round,Hard,Moutet C.,Pouille L.,100,160.0,1.25,4.0,1.31,3.86,1.31,4.45
2022-01-17,Australian Open,1st Round,Hard,Koepfer D.,Taberner C.,53,108.0,1.3,3.5,1.36,3.43,1.4,3.75
2022-01-17,Australian Open,1st Round,Hard,Hurkacz H.,Gerasimov E.,11,106.0,1.11,6.5,1.11,8.2,1.14,8.2
2022-01-17,Australian Open,1st Round,Hard,Millman J.,Lopez F.,89,109.0,1.44,2.75,1.41,3.15,1.49,3.15
2022-01-17,Australian Open,1st Round,Hard,Nadal R.,Giron M.,5,66.0,1.05,11.0,1.04,15.56,1.07,17.0
2022-01-17,Australian Open,1st Round,Hard,Carreno Busta P.,Etcheverry T.,21,131.0,1.06,10.0,1.06,11.95,1.09,13.75
2022-01-17,Australian Open,1st Round,Hard,Bublik A.,Escobedo E.,37,141.0,1.72,2.1,1.69,2.31,1.78,2.31
2022-01-17,Australian Open,1st Round,Hard,Shapovalov D.,Djere L.,14,51.0,1.1,7.0,1.07,10.98,1.14,10.98
2022-01-17,Australian Open,1st Round,Hard,Kwon S.W.,Rune H.,54,99.0,1.66,2.2,1.64,2.42,1.78,2.42
2022-01-17,Australian Open,1st Round,Hard,Lajovic D.,Fucsovics M.,39,35.0,3.2,1.36,3.43,1.36,3.45,1.42
2022-01-17,Australian Open,1st Round,Hard,Vukic A.,Harris L.,144,33.0,3.5,1.3,3.47,1.36,3.75,1.36
2022-01-17,Australian Open,1st Round,Hard,Martinez P.,Delbonis F.,61,38.0,1.3,3.5,1.3,3.89,1.31,3.91
2022-01-17,Australian Open,1st Round,Hard,Bonzi B.,Gojowczyk P.,63,82.0,1.36,3.2,1.36,3.47,1.44,3.52
2022-01-17,Australian Open,1st Round,Hard,Garin C.,Bagnis F.,19,72.0,1.5,2.62,1.52,2.75,1.57,2.88
2022-01-17,Australian Open,1st Round,Hard,Alcaraz C.,Tabilo A.,31,135.0,1.16,5.0,1.16,6.3,1.24,6.3
2022-01-17,Australian Open,1st Round,Hard,Kozlov S.,Vesely J.,169,78.0,2.62,1.5,2.66,1.54,2.73,1.58
2022-01-17,Australian Open,1st Round,Hard,Monfils G.,Coria F.,20,64.0,1.04,13.0,1.03,18.65,1.05,21.0
2022-01-17,Australian Open,1st Round,Hard,Berrettini M.,Nakashima B.,7,68.0,1.3,3.5,1.36,3.43,1.38,3.86
2022-01-17,Australian Open,1st Round,Hard,Khachanov K.,Kudla D.,30,105.0,1.12,6.0,1.11,7.95,1.13,8.0
2022-01-17,Australian Open,1st Round,Hard,Mannarino A.,Duckworth J.,69,49.0,2.37,1.57,2.67,1.54,2.86,1.62
2022-01-17,Australian Open,1st Round,Hard,Albot R.,Nishioka Y.,124,119.0,2.0,1.8,1.93,1.97,2.2,1.97
2022-01-18,Australian Open,1st Round,Hard,Evans D.,Goffin D.,24,45.0,1.2,4.5,1.27,4.24,1.29,4.5
2022-01-18,Australian Open,1st Round,Hard,Machac T.,Cerundolo J.M.,132,80.0,1.16,5.0,1.15,6.51,1.2,6.51
2022-01-18,Australian Open,1st Round,Hard,Daniel T.,Barrios M.,120,147.0,1.36,3.2,1.36,3.44,1.38,3.7
2022-01-18,Australian Open,1st Round,Hard,Molcan A.,Safiullin R.,74,149.0,1.61,2.3,,,1.65,2.45
2022-01-18,Australian Open,1st Round,Hard,Andujar P.,Dzumhur D.,83,161.0,2.2,1.66,2.4,1.65,2.4,1.74
2022-01-18,Australian Open,1st Round,Hard,Fritz T.,Marterer M.,22,228.0,1.12,6.0,1.16,6.2,1.16,7.5
2022-01-18,Australian Open,1st Round,Hard,Tsitsipas S.,Ymer M.,4,86.0,1.2,4.5,1.2,5.16,1.22,6.0
2022-01-18,Australian Open,1st Round,Hard,Baez S.,Ramos-Vinolas A.,88,44.0,1.5,2.62,1.58,2.56,1.63,2.7
2022-01-18,Australian Open,1st Round,Hard,Tiafoe F.,Trungelliti M.,34,198.0,1.11,6.5,1.15,6.32,1.15,6.65
2022-01-18,Australian Open,1st Round,Hard,Rinderknech A.,Popyrin A.,48,59.0,1.72,2.1,1.78,2.16,1.78,2.38
2022-01-18,Australian Open,1st Round,Hard,Majchrzak K.,Seppi A.,107,101.0,1.61,2.3,1.65,2.38,1.75,2.42
2022-01-18,Australian Open,1st Round,Hard,De Minaur A.,Musetti L.,42,60.0,1.14,5.5,1.18,5.73,1.19,6.19
2022-01-18,Australian Open,1st Round,Hard,Kyrgios N.,Broady L.,115,128.0,1.5,2.62,1.52,2.68,1.54,2.8
2022-01-18,Australian Open,1st Round,Hard,Auger-Aliassime F.,Ruusuvuori E.,9,90.0,1.33,3.4,1.33,3.63,1.33,4.05
2022-01-18,Australian Open,1st Round,Hard,Davidovich Fokina A.,Bolt A.,50,152.0,1.28,3.75,1.28,4.14,1.29,4.33
2022-01-18,Australian Open,1st Round,Hard,Murray A.,Basilashvili N.,113,23.0,1.53,2.5,1.5,2.8,1.56,2.8
2022-01-18,Australian Open,1st Round,Hard,Johnson S.,Thompson J.,104,73.0,2.0,1.8,2.02,1.89,2.09,1.9
2022-01-18,Australian Open,1st Round,Hard,Cressy M.,Isner J.,70,25.0,1.8,2.0,1.93,1.97,2.0,2.04
2022-01-18,Australian Open,1st Round,Hard,Schwartzman D.,Krajinovic F.,13,36.0,1.25,4.0,1.31,3.85,1.31,4.2
2022-01-18,Australian Open,1st Round,Hard,Van De Zandschulp B.,Struff J.L.,57,52.0,1.5,2.62,1.53,2.69,1.58,2.7
2022-01-18,Australian Open,1st Round,Hard,Medvedev D.,Laaksonen H.,2,91.0,1.01,21.0,1.01,29.95,1.02,29.95
2022-01-18,Australian Open,1st Round,Hard,O Connell C.,Gaston H.,175,67.0,1.8,2.0,1.8,2.13,1.84,2.2
2022-01-18,Australian Open,1st Round,Hard,Gombos N.,Skatov T.,117,253.0,1.72,2.1,1.66,2.37,1.77,2.4
2022-01-18,Australian Open,1st Round,Hard,Cilic M.,Gomez E.,27,153.0,1.08,8.0,1.08,10.42,1.1,10.42
2022-01-18,Australian Open,1st Round,Hard,Gasquet R.,Humbert U.,81,40.0,4.5,1.2,5.29,1.2,5.3,1.22
2022-01-18,Australian Open,1st Round,Hard,Bautista Agut R.,Travaglia S.,18,98.0,1.07,9.0,1.05,14.06,1.08,16.75
2022-01-18,Australian Open,1st Round,Hard,Berankis R.,Carballes Baena R.,93,75.0,1.44,2.75,1.41,3.14,1.48,3.16
2022-01-18,Australian Open,1st Round,Hard,Rublev A.,Mager G.,6,65.0,1.04,13.0,1.05,13.8,1.05,15.5
2022-01-18,Australian Open,1st Round,Hard,Dimitrov G.,Lehecka J.,28,142.0,1.16,5.0,1.21,5.08,1.21,5.75
2022-01-18,Australian Open,1st Round,Hard,Sinner J.,Sousa J.,10,140.0,1.04,13.0,1.03,19.17,1.05,20.0
2022-01-18,Australian Open,1st Round,Hard,Paire B.,Monteiro T.,56,79.0,3.2,1.36,3.64,1.33,3.64,1.38
2022-01-18,Australian Open,1st Round,Hard,Kohlschreiber P.,Cecchinato M.,134,95.0,1.5,2.62,1.51,2.77,1.51,2.9
2022-01-19,Australian Open,2nd Round,Hard,Garin C.,Martinez P.,19,61.0,1.9,1.9,1.96,1.85,2.1,2.0
2022-01-19,Australian Open,2nd Round,Hard,Monfils G.,Bublik A.,20,37.0,1.2,4.5,1.24,4.63,1.26,4.63
2022-01-19,Australian Open,2nd Round,Hard,Zverev A.,Millman J.,3,89.0,1.05,11.0,1.04,16.99,1.05,18.5
2022-01-19,Australian Open,2nd Round,Hard,Karatsev A.,Mcdonald M.,15,55.0,1.44,2.75,1.51,2.77,1.51,3.0
2022-01-19,Australian Open,2nd Round,Hard,Khachanov K.,Bonzi B.,30,63.0,1.28,3.75,1.24,4.58,1.31,4.6
2022-01-19,Australian Open,2nd Round,Hard,Mannarino A.,Hurkacz H.,69,11.0,5.5,1.14,7.22,1.13,7.37,1.14
2022-01-19,Australian Open,2nd Round,Hard,Albot R.,Vukic A.,124,144.0,2.5,1.53,2.62,1.56,2.78,1.56
2022-01-19,Australian Open,2nd Round,Hard,Berrettini M.,Kozlov S.,7,169.0,1.06,10.0,1.12,7.78,1.12,10.0
2022-01-19,Australian Open,2nd Round,Hard,Shapovalov D.,Kwon S.W.,14,54.0,1.25,4.0,1.19,5.35,1.25,5.35
2022-01-19,Australian Open,2nd Round,Hard,Nadal R.,Hanfmann Y.,5,126.0,1.03,15.0,1.01,26.57,1.03,30.0
2022-01-19,Australian Open,2nd Round,Hard,Alcaraz C.,Lajovic D.,31,39.0,1.12,6.0,1.12,7.65,1.15,7.75
2022-01-19,Australian Open,2nd Round,Hard,Korda S.,Moutet C.,43,100.0,1.33,3.4,1.34,3.56,1.37,3.58
2022-01-19,Australian Open,2nd Round,Hard,Opelka R.,Koepfer D.,29,53.0,1.3,3.5,1.31,3.82,1.36,3.85
2022-01-19,Australian Open,2nd Round,Hard,Carreno Busta P.,Griekspoor T.,21,62.0,1.4,3.0,1.43,3.05,1.45,3.15
2022-01-19,Australian Open,2nd Round,Hard,Kecmanovic M.,Paul T.,77,41.0,3.0,1.4,2.84,1.49,3.28,1.49
2022-01-19,Australian Open,2nd Round,Hard,Sonego L.,Otte O.,26,96.0,1.44,2.75,1.43,3.05,1.48,3.11
2022-01-20,Australian Open,2nd Round,Hard,Sinner J.,Johnson S.,10,104.0,1.07,9.0,1.05,13.32,1.08,14.0
2022-01-20,Australian Open,2nd Round,Hard,Medvedev D.,Kyrgios N.,2,115.0,1.16,5.0,1.17,5.83,1.18,6.25
2022-01-20,Australian Open,2nd Round,Hard,Van De Zandschulp B.,Gasquet R.,57,81.0,1.25,4.0,1.27,4.17,1.29,4.55
2022-01-20,Australian Open,2nd Round,Hard,Daniel T.,Murray A.,120,113.0,3.75,1.28,3.7,1.33,4.33,1.33
2022-01-20,Australian Open,2nd Round,Hard,Paire B.,Dimitrov G.,56,28.0,5.0,1.16,6.79,1.14,6.79,1.18
2022-01-20,Australian Open,2nd Round,Hard,Tsitsipas S.,Baez S.,4,88.0,1.06,10.0,1.06,11.9,1.08,13.0
2022-01-20,Australian Open,2nd Round,Hard,Auger-Aliassime F.,Davidovich Fokina A.,9,50.0,1.22,4.33,1.24,4.56,1.25,4.8
2022-01-20,Australian Open,2nd Round,Hard,De Minaur A.,Majchrzak K.,42,107.0,1.22,4.33,1.27,4.25,1.28,4.41
2022-01-20,Australian Open,2nd Round,Hard,Fritz T.,Tiafoe F.,22,34.0,1.4,3.0,1.33,3.69,1.4,3.69
2022-01-20,Australian Open,2nd Round,Hard,Andujar P.,Molcan A.,83,74.0,2.5,1.53,2.67,1.54,2.67,1.58
2022-01-20,Australian Open,2nd Round,Hard,Evans D.,Rinderknech A.,24,48.0,1.36,3.2,1.39,3.27,1.39,3.66
2022-01-20,Australian Open,2nd Round,Hard,Rublev A.,Berankis R.,6,93.0,1.06,10.0,1.06,12.65,1.08,13.0
2022-01-20,Australian Open,2nd Round,Hard,Cressy M.,Machac T.,70,132.0,1.61,2.3,1.78,2.16,1.78,2.55
2022-01-20,Australian Open,2nd Round,Hard,O Connell C.,Schwartzman D.,175,13.0,5.0,1.16,5.39,1.19,5.7,1.19
2022-01-20,Australian Open,2nd Round,Hard,Cilic M.,Gombos N.,27,117.0,1.12,6.0,1.11,7.87,1.13,7.87
2022-01-20,Australian Open,2nd Round,Hard,Bautista Agut R.,Kohlschreiber P.,18,134.0,1.14,5.5,1.12,7.49,1.16,7.75
2022-01-21,Australian Open,3rd Round,Hard,Mannarino A.,Karatsev A.,69,15.0,4.0,1.25,4.12,1.28,4.25,1.29
2022-01-21,Australian Open,3rd Round,Hard,Nadal R.,Khachanov K.,5,30.0,1.2,4.5,1.2,5.15,1.24,5.5
2022-01-21,Australian Open,3rd Round,Hard,Zverev A.,Albot R.,3,124.0,1.02,17.0,1.01,28.39,1.02,30.0
2022-01-21,Australian Open,3rd Round,Hard,Carreno Busta P.,Korda S.,21,43.0,1.66,2.2,1.67,2.35,1.73,2.35
2022-01-21,Australian Open,3rd Round,Hard,Monfils G.,Garin C.,20,19.0,1.08,8.0,1.09,9.18,1.1,11.0
2022-01-21,Australian Open,3rd Round,Hard,Berrettini M.,Alcaraz C.,7,31.0,2.2,1.66,2.23,1.74,2.4,1.8
2022-01-21,Australian Open,3rd Round,Hard,Kecmanovic M.,Sonego L.,77,26.0,2.62,1.5,2.61,1.56,2.71,1.58
2022-01-21,Australian Open,3rd Round,Hard,Shapovalov D.,Opelka R.,14,29.0,1.8,2.0,1.73,2.24,1.92,2.24
2022-01-22,Australian Open,3rd Round,Hard,Sinner J.,Daniel T.,10,120.0,1.08,8.0,1.1,8.9,1.12,11.0
2022-01-22,Australian Open,3rd Round,Hard,Cilic M.,Rublev A.,27,6.0,3.5,1.3,3.61,1.34,3.85,1.34
2022-01-22,Australian Open,3rd Round,Hard,Auger-Aliassime F.,Evans D.,9,24.0,1.8,2.0,1.98,1.93,1.98,2.15
2022-01-22,Australian Open,3rd Round,Hard,De Minaur A.,Andujar P.,42,83.0,1.06,10.0,1.06,12.12,1.08,13.0
2022-01-22,Australian Open,3rd Round,Hard,Cressy M.,O Connell C.,70,175.0,1.53,2.5,1.65,2.39,1.65,2.68
2022-01-22,Australian Open,3rd Round,Hard,Tsitsipas S.,Paire B.,4,56.0,1.11,6.5,1.11,8.3,1.13,8.5
2022-01-22,Australian Open,3rd Round,Hard,Medvedev D.,Van De Zandschulp B.,2,57.0,1.03,15.0,1.03,18.33,1.05,24.0
2022-01-22,Australian Open,3rd Round,Hard,Fritz T.,Bautista Agut R.,22,18.0,2.1,1.72,2.17,1.78,2.26,1.82
2022-01-23,Australian Open,4th Round,Hard,Nadal R.,Mannarino A.,5,69.0,1.04,13.0,1.04,15.27,1.04,16.0
2022-01-23,Australian Open,4th Round,Hard,Shapovalov D.,Zverev A.,14,3.0,4.33,1.22,4.3,1.26,4.73,1.29
2022-01-23,Australian Open,4th Round,Hard,Monfils G.,Kecmanovic M.,20,77.0,1.25,4.0,1.28,4.14,1.29,4.33
2022-01-23,Australian Open,4th Round,Hard,Berrettini M.,Carreno Busta P.,7,21.0,1.44,2.75,1.48,2.85,1.57,3.01
2022-01-24,Australian Open,4th Round,Hard,Sinner J.,De Minaur A.,10,42.0,1.4,3.0,1.42,3.14,1.46,3.2
2022-01-24,Australian Open,4th Round,Hard,Tsitsipas S.,Fritz T.,4,22.0,1.57,2.37,1.61,2.49,1.66,2.7
2022-01-24,Australian Open,4th Round,Hard,Auger-Aliassime F.,Cilic M.,9,27.0,1.61,2.3,1.76,2.19,1.76,2.44
2022-01-24,Australian Open,4th Round,Hard,Medvedev D.,Cressy M.,2,70.0,1.03,15.0,1.04,15.39,1.05,16.0
2022-01-25,Australian Open,Quarterfinals,Hard,Nadal R.,Shapovalov D.,5,14.0,1.33,2.62,1.37,3.39,1.4,3.68
2022-01-25,Australian Open,Quarterfinals,Hard,Berrettini M.,Monfils G.,7,20.0,1.57,2.37,1.61,2.47,1.67,2.56
2022-01-26,Australian Open,Quarterfinals,Hard,Tsitsipas S.,Sinner J.,4,10.0,2.2,1.66,2.31,1.69,2.34,1.78
2022-01-26,Australian Open,Quarterfinals,Hard,Medvedev D.,Auger-Aliassime F.,2,9.0,1.12,6.0,1.13,6.44,1.14,7.25
2022-01-28,Australian Open,Semifinals,Hard,Nadal R.,Berrettini M.,5,7.0,1.4,3.0,1.38,3.34,1.44,3.34
2022-01-28,Australian Open,Semifinals,Hard,Medvedev D.,Tsitsipas S.,2,4.0,1.36,3.2,1.36,3.44,1.41,3.55
2022-01-30,Australian Open,The Final,Hard,Nadal R.,Medvedev D.,5,2.0,2.62,1.53,2.49,1.61,2.71,1.63
2022-01-31,Maharashtra Open,1st Round,Hard,Bhambri Y.,Kovalik J.,862,168.0,1.5,2.62,1.53,2.67,1.53,2.8
2022-01-31,Maharashtra Open,1st Round,Hard,Halys Q.,Berankis R.,141,82.0,2.3,1.61,2.3,1.67,2.38,1.76
2022-01-31,Maharashtra Open,1st Round,Hard,Albot R.,Gaio F.,108,174.0,1.22,4.33,1.28,3.95,1.33,4.4
2022-01-31,Maharashtra Open,1st Round,Hard,Altmaier D.,Gunneswaran P.,85,228.0,1.36,3.2,1.34,3.5,1.41,3.5
2022-01-31,Cordoba Open,1st Round,Clay,Varillas J.P.,Bagnis F.,129,74.0,1.8,2.0,1.88,1.99,1.95,2.06
2022-01-31,Open Sud de France,1st Round,Hard,Goffin D.,Bonzi B.,52,68.0,1.8,2.0,1.92,1.97,1.93,2.05
2022-01-31,Cordoba Open,1st Round,Clay,Martinez P.,Monteiro T.,61,92.0,1.57,2.37,1.64,2.36,1.68,2.41
2022-01-31,Open Sud de France,1st Round,Hard,Bublik A.,Griekspoor T.,35,62.0,2.2,1.66,2.42,1.63,2.42,1.88
2022-02-01,Open Sud de France,1st Round,Hard,Krajinovic F.,Popyrin A.,36,65.0,1.8,2.0,1.8,2.09,1.93,2.11
2022-02-01,Open Sud de France,1st Round,Hard,Herbert P.H.,Gojowczyk P.,113,96.0,1.53,2.5,1.56,2.58,1.6,2.76
2022-02-01,Open Sud de France,1st Round,Hard,Tsonga J.W.,Zuk K.,259,172.0,2.1,1.72,2.11,1.8,2.22,1.83
2022-02-01,Open Sud de France,1st Round,Hard,Dzumhur D.,Molcan A.,152,72.0,3.0,1.4,3.03,1.43,3.2,1.43
2022-02-01,Maharashtra Open,1st Round,Hard,Travaglia S.,Ramanathan R.,93,182.0,1.61,2.3,1.66,2.31,1.66,2.5
2022-02-01,Open Sud de France,1st Round,Hard,Kwon S.W.,Gaston H.,55,69.0,1.57,2.37,1.65,2.35,1.65,2.5
2022-02-01,Maharashtra Open,1st Round,Hard,Vukic A.,Grenier H.,140,158.0,1.4,3.0,1.51,2.72,1.51,3.0
2022-02-01,Maharashtra Open,1st Round,Hard,Kopriva V.,Ilkel C.,193,183.0,1.66,2.2,1.7,2.26,1.73,2.44
2022-02-01,Maharashtra Open,1st Round,Hard,Zapata Miralles B.,Novak D.,126,117.0,2.5,1.53,2.38,1.63,2.5,1.71
2022-02-01,Maharashtra Open,1st Round,Hard,Ruusuvuori E.,Gerasimov E.,87,104.0,1.44,2.75,1.47,2.82,1.48,2.92
2022-02-01,Maharashtra Open,1st Round,Hard,Ymer E.,Moroni G.M.,163,202.0,1.5,2.62,1.56,2.56,1.62,2.64
2022-02-01,Maharashtra Open,1st Round,Hard,Majchrzak K.,Clarke J.,95,196.0,1.5,2.62,1.51,2.72,1.51,2.96
2022-02-01,Maharashtra Open,1st Round,Hard,Sousa J.,Kadhe A.,137,778.0,1.05,11.0,1.06,11.05,1.1,13.0
2022-02-01,Open Sud de France,1st Round,Hard,Ymer M.,Moutet C.,83,89.0,2.3,1.61,2.19,1.73,2.51,1.74
2022-02-01,Open Sud de France,1st Round,Hard,Simon G.,Pouille L.,130,156.0,1.72,2.1,1.87,2.02,1.88,2.1
2022-02-01,Cordoba Open,1st Round,Clay,Tabilo A.,Cerundolo F.,144,111.0,2.0,1.8,1.86,2.01,2.03,2.1
2022-02-01,Cordoba Open,1st Round,Clay,Taberner C.,Delbonis F.,105,41.0,2.62,1.5,2.63,1.53,2.96,1.55
2022-02-01,Cordoba Open,1st Round,Clay,Galan D.E.,Dellien H.,127,109.0,1.8,2.0,1.78,2.12,1.8,2.2
2022-02-01,Cordoba Open,1st Round,Clay,Ficovich J.P.,Coria F.,230,64.0,2.5,1.53,2.57,1.55,2.6,1.6
2022-02-01,Cordoba Open,1st Round,Clay,Ramos-Vinolas A.,Martin A.,44,115.0,1.28,3.75,1.26,4.22,1.28,4.65
2022-02-01,Cordoba Open,1st Round,Clay,Etcheverry T.,Jarry N.,128,149.0,2.1,1.72,2.2,1.72,2.26,1.86
2022-02-01,Cordoba Open,1st Round,Clay,Munar J.,Paire B.,88,54.0,1.5,2.62,1.44,2.94,1.57,2.95
2022-02-01,Cordoba Open,1st Round,Clay,Londero J.I.,Hanfmann Y.,139,120.0,2.2,1.66,2.23,1.71,2.3,1.77
2022-02-01,Cordoba Open,1st Round,Clay,Carballes Baena R.,Rune H.,76,97.0,2.3,1.61,2.52,1.57,2.65,1.68
2022-02-01,Cordoba Open,1st Round,Clay,Baez S.,Verdasco F.,77,200.0,1.22,4.33,1.18,5.31,1.28,5.4
2022-02-02,Open Sud de France,1st Round,Hard,Mcdonald M.,Ivashka I.,56,48.0,1.66,2.2,1.7,2.24,1.71,2.3
2022-02-02,Open Sud de France,2nd Round,Hard,Bautista Agut R.,Simon G.,19,130.0,1.14,5.5,1.22,4.96,1.23,6.5
2022-02-02,Open Sud de France,2nd Round,Hard,Krajinovic F.,Tsonga J.W.,36,259.0,1.4,3.0,1.46,2.94,1.47,3.21
2022-02-02,Open Sud de France,2nd Round,Hard,Bublik A.,Herbert P.H.,35,113.0,1.5,2.62,1.56,2.56,1.58,2.88
2022-02-02,Open Sud de France,1st Round,Hard,Mannarino A.,Davidovich Fokina A.,58,47.0,2.0,1.8,2.12,1.78,2.25,1.9
2022-02-02,Cordoba Open,2nd Round,Clay,Galan D.E.,Munar J.,127,88.0,2.3,1.61,2.5,1.6,2.5,1.66
2022-02-02,Cordoba Open,2nd Round,Clay,Londero J.I.,Martinez P.,139,61.0,2.62,1.5,2.62,1.57,2.75,1.57
2022-02-02,Cordoba Open,2nd Round,Clay,Schwartzman D.,Ficovich J.P.,14,230.0,1.14,5.5,1.15,6.32,1.16,6.75
2022-02-02,Cordoba Open,2nd Round,Clay,Milojevic N.,Etcheverry T.,136,128.0,2.62,1.5,2.88,1.48,2.91,1.52
2022-02-02,Maharashtra Open,2nd Round,Hard,Majchrzak K.,Halys Q.,95,141.0,1.61,2.3,1.68,2.32,1.74,2.4
2022-02-02,Maharashtra Open,2nd Round,Hard,Altmaier D.,Albot R.,85,108.0,2.0,1.8,1.98,1.93,2.1,1.95
2022-02-02,Maharashtra Open,2nd Round,Hard,Sousa J.,Mager G.,137,67.0,2.3,1.61,2.25,1.72,2.5,1.8
2022-02-02,Maharashtra Open,2nd Round,Hard,Musetti L.,Vukic A.,66,140.0,2.37,1.57,2.28,1.7,2.45,1.7
2022-02-02,Open Sud de France,1st Round,Hard,Gasquet R.,Humbert U.,75,40.0,2.75,1.44,2.93,1.44,3.0,1.46
2022-02-03,Maharashtra Open,2nd Round,Hard,Travaglia S.,Bhambri Y.,93,862.0,1.4,3.0,1.45,2.97,1.52,3.01
2022-02-03,Maharashtra Open,2nd Round,Hard,Vesely J.,Zapata Miralles B.,80,126.0,1.5,2.62,1.56,2.62,1.56,2.65
2022-02-03,Maharashtra Open,2nd Round,Hard,Ruusuvuori E.,Kopriva V.,87,193.0,1.2,4.5,1.24,4.54,1.24,5.2
2022-02-03,Maharashtra Open,2nd Round,Hard,Ymer E.,Karatsev A.,163,15.0,3.75,1.28,3.54,1.35,3.92,1.36
2022-02-03,Open Sud de France,2nd Round,Hard,Dzumhur D.,Basilashvili N.,152,21.0,2.37,1.57,2.37,1.66,2.45,1.68
2022-02-03,Cordoba Open,2nd Round,Clay,Baez S.,Garin C.,77,18.0,2.0,1.8,1.97,1.93,2.22,1.93
2022-02-03,Open Sud de France,2nd Round,Hard,Ymer M.,Monfils G.,83,16.0,4.0,1.25,3.89,1.3,4.2,1.3
2022-02-03,Open Sud de France,2nd Round,Hard,Zverev A.,Mcdonald M.,3,56.0,1.16,5.0,1.14,6.72,1.18,7.2
2022-02-03,Open Sud de France,2nd Round,Hard,Gasquet R.,Kwon S.W.,75,55.0,2.75,1.44,2.8,1.5,2.99,1.53
2022-02-03,Open Sud de France,2nd Round,Hard,Mannarino A.,Goffin D.,58,52.0,1.61,2.3,1.64,2.41,1.64,2.52
2022-02-03,Cordoba Open,2nd Round,Clay,Sonego L.,Carballes Baena R.,23,76.0,1.57,2.37,1.62,2.45,1.68,2.61
2022-02-03,Cordoba Open,2nd Round,Clay,Ramos-Vinolas A.,Varillas J.P.,44,129.0,1.61,2.3,1.84,2.08,1.84,2.51
2022-02-04,Maharashtra Open,Quarterfinals,Hard,Ymer E.,Travaglia S.,163,93.0,1.8,2.0,1.81,2.17,1.87,2.22
2022-02-04,Cordoba Open,Quarterfinals,Clay,Londero J.I.,Milojevic N.,139,136.0,1.36,3.2,1.49,2.82,1.57,3.2
2022-02-04,Cordoba Open,Quarterfinals,Clay,Ramos-Vinolas A.,Sonego L.,44,23.0,2.3,1.61,2.46,1.62,2.46,1.75
2022-02-04,Cordoba Open,2nd Round,Clay,Tabilo A.,Taberner C.,144,105.0,1.72,2.1,1.68,2.33,1.86,2.38
2022-02-04,Maharashtra Open,Quarterfinals,Hard,Sousa J.,Altmaier D.,137,85.0,2.62,1.5,2.41,1.64,2.62,1.64
2022-02-04,Cordoba Open,Quarterfinals,Clay,Schwartzman D.,Galan D.E.,14,127.0,1.2,4.5,1.21,5.02,1.22,5.5
2022-02-04,Open Sud de France,Quarterfinals,Hard,Bublik A.,Bautista Agut R.,35,19.0,2.75,1.44,2.93,1.46,3.02,1.52
2022-02-04,Open Sud de France,Quarterfinals,Hard,Ymer M.,Gasquet R.,83,75.0,1.66,2.2,1.65,2.38,1.74,2.5
2022-02-04,Maharashtra Open,Quarterfinals,Hard,Majchrzak K.,Musetti L.,95,66.0,1.61,2.3,1.67,2.36,1.69,2.45
2022-02-04,Maharashtra Open,Quarterfinals,Hard,Ruusuvuori E.,Vesely J.,87,80.0,1.4,3.0,1.39,3.28,1.43,3.45
2022-02-04,Open Sud de France,Quarterfinals,Hard,Zverev A.,Mannarino A.,3,58.0,1.2,4.5,1.19,5.43,1.22,5.43
2022-02-04,Open Sud de France,Quarterfinals,Hard,Krajinovic F.,Dzumhur D.,36,152.0,1.4,3.0,1.45,2.97,1.47,3.2
2022-02-05,Maharashtra Open,Semifinals,Hard,Ruusuvuori E.,Majchrzak K.,87,95.0,1.36,3.2,1.41,3.17,1.41,3.4
2022-02-05,Maharashtra Open,Semifinals,Hard,Sousa J.,Ymer E.,137,163.0,2.0,1.8,2.24,1.73,2.24,1.82
2022-02-05,Cordoba Open,Quarterfinals,Clay,Tabilo A.,Baez S.,144,77.0,2.75,1.44,2.82,1.49,3.05,1.5
2022-02-05,Open Sud de France,Semifinals,Hard,Zverev A.,Ymer M.,3,83.0,1.12,6.0,1.11,8.3,1.13,8.3
2022-02-05,Open Sud de France,Semifinals,Hard,Bublik A.,Krajinovic F.,35,36.0,1.8,2.0,1.96,1.94,1.96,2.1
2022-02-05,Cordoba Open,Semifinals,Clay,Ramos-Vinolas A.,Londero J.I.,44,139.0,1.57,2.37,1.65,2.38,1.66,2.55
2022-02-05,Cordoba Open,Semifinals,Clay,Tabilo A.,Schwartzman D.,144,14.0,3.2,1.36,3.25,1.4,3.56,1.4
2022-02-06,Open Sud de France,The Final,Hard,Bublik A.,Zverev A.,35,3.0,5.5,1.14,6.43,1.15,7.0,1.18
2022-02-06,Cordoba Open,The Final,Clay,Ramos-Vinolas A.,Tabilo A.,44,144.0,1.72,2.0,1.76,2.19,1.83,2.34
2022-02-06,Maharashtra Open,The Final,Hard,Sousa J.,Ruusuvuori E.,137,87.0,5.0,1.16,5.67,1.18,5.75,1.21
2022-02-07,ABN AMRO World Tennis Tournament,1st Round,Hard,Norrie C.,Humbert U.,13,41.0,1.72,2.1,1.71,2.25,1.76,2.25
2022-02-07,Dallas Open,1st Round,Hard,Anderson K.,Querrey S.,101,118.0,1.44,2.75,1.52,2.7,1.56,2.75
2022-02-07,ABN AMRO World Tennis Tournament,1st Round,Hard,Mcdonald M.,Basilashvili N.,49,21.0,1.61,2.3,1.65,2.37,1.68,2.4
2022-02-07,Argentina Open,1st Round,Clay,Coria F.,Cuevas P.,65,96.0,1.4,3.0,1.49,2.78,1.49,3.02
2022-02-07,Argentina Open,1st Round,Clay,Kecmanovic M.,Djere L.,64,56.0,1.9,1.9,2.01,1.88,2.11,1.9
2022-02-07,Argentina Open,1st Round,Clay,Verdasco F.,Dellien H.,201,103.0,3.0,1.4,3.25,1.39,3.25,1.46
2022-02-07,ABN AMRO World Tennis Tournament,1st Round,Hard,Hurkacz H.,Tsonga J.W.,11,247.0,1.2,4.5,1.22,4.83,1.23,5.2
2022-02-07,Argentina Open,1st Round,Clay,Lajovic D.,Paire B.,37,50.0,1.61,2.3,1.61,2.46,1.67,2.47
2022-02-07,Argentina Open,1st Round,Clay,Cerundolo F.,Bagnis F.,107,76.0,1.66,2.2,1.8,2.11,1.9,2.44
2022-02-07,ABN AMRO World Tennis Tournament,1st Round,Hard,De Minaur A.,Goffin D.,34,47.0,1.33,3.4,1.36,3.41,1.38,3.63
2022-02-08,ABN AMRO World Tennis Tournament,1st Round,Hard,Tsitsipas S.,Davidovich Fokina A.,4,46.0,1.2,4.5,1.24,4.6,1.24,5.0
2022-02-08,Dallas Open,1st Round,Hard,Nakashima B.,Millman J.,82,89.0,1.4,3.0,1.34,3.5,1.42,3.75
2022-02-08,ABN AMRO World Tennis Tournament,1st Round,Hard,Lehecka J.,Shapovalov D.,137,12.0,5.0,1.16,4.7,1.22,5.5,1.22
2022-02-08,ABN AMRO World Tennis Tournament,1st Round,Hard,Rublev A.,Laaksonen H.,7,85.0,1.12,6.0,1.2,5.78,1.2,6.0
2022-02-08,ABN AMRO World Tennis Tournament,1st Round,Hard,Khachanov K.,Popyrin A.,28,66.0,1.33,3.4,1.39,3.23,1.39,3.5
2022-02-08,ABN AMRO World Tennis Tournament,1st Round,Hard,Griekspoor T.,Karatsev A.,62,14.0,2.3,1.61,2.3,1.68,2.33,1.71
2022-02-08,ABN AMRO World Tennis Tournament,1st Round,Hard,Van De Zandschulp B.,Zapata Miralles B.,51,129.0,1.22,4.33,1.24,4.53,1.26,4.55
2022-02-08,ABN AMRO World Tennis Tournament,1st Round,Hard,Musetti L.,Ymer M.,63,75.0,2.62,1.5,2.74,1.51,2.9,1.53
2022-02-08,Dallas Open,1st Round,Hard,Broady L.,Gojowczyk P.,121,97.0,1.5,2.62,1.49,2.78,1.51,2.92
2022-02-08,Argentina Open,1st Round,Clay,Delbonis F.,Del Potro J.M.,42,753.0,1.5,2.62,1.49,2.79,1.53,3.0
2022-02-08,Dallas Open,1st Round,Hard,Stebe C.M.,Kudla D.,231,105.0,1.8,2.0,1.91,1.98,1.95,2.03
2022-02-08,Dallas Open,1st Round,Hard,Sock J.,Otte O.,147,84.0,2.3,1.61,2.26,1.7,2.33,1.75
2022-02-08,Dallas Open,1st Round,Hard,Thompson J.,Lopez F.,83,102.0,1.33,3.4,1.44,2.99,1.44,3.41
2022-02-08,Argentina Open,1st Round,Clay,Andujar P.,Londero J.I.,73,130.0,1.9,1.9,1.99,1.89,2.02,1.92
2022-02-08,Argentina Open,1st Round,Clay,Martinez P.,Tabilo A.,61,112.0,1.61,2.3,1.58,2.52,1.62,3.1
2022-02-08,Argentina Open,1st Round,Clay,Baez S.,Rune H.,74,88.0,1.53,2.5,1.58,2.51,1.62,2.65
2022-02-08,Argentina Open,1st Round,Clay,Monteiro T.,Ramos-Vinolas A.,104,32.0,2.0,1.8,2.06,1.83,2.24,1.86
2022-02-08,Argentina Open,1st Round,Clay,Carballes Baena R.,Jarry N.,78,145.0,1.8,2.0,1.8,2.11,1.9,2.15
2022-02-08,Argentina Open,1st Round,Clay,Munar J.,Etcheverry T.,90,127.0,1.72,2.1,1.76,2.16,1.76,2.3
2022-02-08,Dallas Open,1st Round,Hard,Rodionov J.,Cressy M.,153,59.0,4.0,1.25,3.8,1.31,4.36,1.31
2022-02-08,Dallas Open,1st Round,Hard,Giron M.,Sandgren T.,70,163.0,1.53,2.5,1.61,2.45,1.61,2.7
2022-02-09,ABN AMRO World Tennis Tournament,1st Round,Hard,Kwon S.W.,Gaston H.,53,69.0,1.36,3.2,1.53,2.66,1.53,3.2
2022-02-09,ABN AMRO World Tennis Tournament,1st Round,Hard,Ivashka I.,Harris L.,48,35.0,2.1,1.72,2.2,1.74,2.24,1.8
2022-02-09,ABN AMRO World Tennis Tournament,1st Round,Hard,Auger-Aliassime F.,Gerasimov E.,9,126.0,1.22,4.33,1.26,4.22,1.28,4.33
2022-02-09,ABN AMRO World Tennis Tournament,1st Round,Hard,Murray A.,Bublik A.,95,31.0,1.66,2.2,1.68,2.29,1.78,2.35
2022-02-09,ABN AMRO World Tennis Tournament,2nd Round,Hard,De Minaur A.,Mcdonald M.,34,49.0,1.4,3.0,1.47,2.92,1.49,3.15
2022-02-09,ABN AMRO World Tennis Tournament,2nd Round,Hard,Musetti L.,Hurkacz H.,63,11.0,3.75,1.28,3.79,1.31,3.95,1.33
2022-02-09,ABN AMRO World Tennis Tournament,2nd Round,Hard,Norrie C.,Khachanov K.,13,28.0,1.9,1.9,2.06,1.85,2.08,1.96
2022-02-09,ABN AMRO World Tennis Tournament,1st Round,Hard,Fucsovics M.,Krajinovic F.,38,36.0,2.1,1.72,2.11,1.8,2.13,1.81
2022-02-09,Dallas Open,2nd Round,Hard,Thompson J.,Nakashima B.,83,82.0,3.4,1.33,3.89,1.3,3.89,1.36
2022-02-09,Argentina Open,2nd Round,Clay,Ruud C.,Carballes Baena R.,8,78.0,1.16,5.0,1.25,4.43,1.25,5.0
2022-02-09,Argentina Open,2nd Round,Clay,Coria F.,Lajovic D.,65,37.0,1.8,2.0,1.93,1.97,2.0,2.1
2022-02-09,Argentina Open,2nd Round,Clay,Verdasco F.,Monteiro T.,201,104.0,3.0,1.4,3.43,1.36,3.48,1.4
2022-02-09,Dallas Open,2nd Round,Hard,Giron M.,Broady L.,70,121.0,1.66,2.2,1.67,2.36,1.67,2.42
2022-02-09,Dallas Open,1st Round,Hard,Pospisil V.,Chakravarthi C.,150,,1.02,17.0,1.02,19.65,1.04,23.0
2022-02-09,Dallas Open,1st Round,Hard,Seppi A.,Altmaier D.,100,81.0,2.0,1.8,2.05,1.85,2.21,1.85
2022-02-09,Dallas Open,1st Round,Hard,Mannarino A.,Johnson S.,57,93.0,1.72,2.1,1.83,2.08,1.83,2.14
2022-02-09,Dallas Open,1st Round,Hard,Nishioka Y.,Krueger M.,108,166.0,1.57,2.37,1.61,2.44,1.67,2.44
2022-02-10,Dallas Open,2nd Round,Hard,Isner J.,Anderson K.,26,101.0,1.72,2.1,1.71,2.28,1.75,2.3
2022-02-10,ABN AMRO World Tennis Tournament,2nd Round,Hard,Fucsovics M.,Griekspoor T.,38,62.0,2.0,1.8,2.08,1.84,2.12,1.88
2022-02-10,ABN AMRO World Tennis Tournament,2nd Round,Hard,Auger-Aliassime F.,Murray A.,9,95.0,1.4,3.0,1.38,3.33,1.44,3.33
2022-02-10,ABN AMRO World Tennis Tournament,2nd Round,Hard,Tsitsipas S.,Ivashka I.,4,48.0,1.25,4.0,1.28,4.12,1.3,4.22
2022-02-10,ABN AMRO World Tennis Tournament,2nd Round,Hard,Rublev A.,Kwon S.W.,7,53.0,1.22,4.33,1.23,4.78,1.24,5.09
2022-02-10,ABN AMRO World Tennis Tournament,2nd Round,Hard,Lehecka J.,Van De Zandschulp B.,137,51.0,3.0,1.4,3.01,1.44,3.6,1.44
2022-02-10,Argentina Open,2nd Round,Clay,Sonego L.,Baez S.,22,74.0,1.9,1.9,1.9,2.0,1.93,2.5
2022-02-10,Argentina Open,2nd Round,Clay,Fognini F.,Martinez P.,40,61.0,2.62,1.5,2.53,1.59,2.84,1.59
2022-02-10,Argentina Open,2nd Round,Clay,Cerundolo F.,Kecmanovic M.,107,64.0,2.0,1.8,2.06,1.85,2.1,1.86
2022-02-10,Argentina Open,2nd Round,Clay,Delbonis F.,Andujar P.,42,73.0,2.0,1.8,2.09,1.83,2.34,1.86
2022-02-10,Dallas Open,2nd Round,Hard,Pospisil V.,Rodionov J.,150,153.0,1.4,3.0,1.42,3.14,1.42,3.2
2022-02-10,Dallas Open,2nd Round,Hard,Fritz T.,Sock J.,19,147.0,1.3,3.5,1.32,3.72,1.36,3.84
2022-02-10,Dallas Open,2nd Round,Hard,Brooksby J.,Seppi A.,54,100.0,1.2,4.5,1.21,4.99,1.21,5.58
2022-02-11,ABN AMRO World Tennis Tournament,Quarterfinals,Hard,Tsitsipas S.,De Minaur A.,4,34.0,1.28,3.75,1.27,4.16,1.31,4.16
2022-02-11,ABN AMRO World Tennis Tournament,Quarterfinals,Hard,Lehecka J.,Musetti L.,137,63.0,2.1,1.72,2.07,1.85,2.2,1.85
2022-02-11,Dallas Open,2nd Round,Hard,Opelka R.,Stebe C.M.,23,231.0,1.25,4.0,1.27,4.18,1.3,4.4
2022-02-11,Dallas Open,2nd Round,Hard,Mannarino A.,Nishioka Y.,57,108.0,1.53,2.5,1.55,2.63,1.58,2.86
2022-02-11,Dallas Open,Quarterfinals,Hard,Brooksby J.,Thompson J.,54,83.0,1.36,3.2,1.42,3.13,1.43,3.45
2022-02-11,Dallas Open,Quarterfinals,Hard,Giron M.,Fritz T.,70,19.0,4.33,1.22,5.08,1.21,5.1,1.27
2022-02-11,ABN AMRO World Tennis Tournament,Quarterfinals,Hard,Auger-Aliassime F.,Norrie C.,9,13.0,1.5,2.62,1.46,2.95,1.54,2.95
2022-02-11,ABN AMRO World Tennis Tournament,Quarterfinals,Hard,Rublev A.,Fucsovics M.,7,38.0,1.25,4.0,1.24,4.55,1.29,4.62
2022-02-11,Argentina Open,2nd Round,Clay,Schwartzman D.,Munar J.,15,90.0,1.3,3.5,1.34,3.62,1.35,3.68
2022-02-11,Argentina Open,Quarterfinals,Clay,Delbonis F.,Fognini F.,42,40.0,1.9,1.9,1.98,1.93,2.06,2.02
2022-02-11,Argentina Open,Quarterfinals,Clay,Ruud C.,Coria F.,8,65.0,1.2,4.5,1.25,4.51,1.27,5.0
2022-02-11,Argentina Open,Quarterfinals,Clay,Sonego L.,Verdasco F.,22,201.0,1.28,3.75,1.32,3.78,1.32,4.04
2022-02-12,ABN AMRO World Tennis Tournament,Semifinals,Hard,Auger-Aliassime F.,Rublev A.,9,7.0,2.1,1.72,2.27,1.71,2.28,1.75
2022-02-12,Dallas Open,Quarterfinals,Hard,Isner J.,Pospisil V.,26,150.0,1.61,2.3,1.67,2.35,1.68,2.43
2022-02-12,ABN AMRO World Tennis Tournament,Semifinals,Hard,Tsitsipas S.,Lehecka J.,4,137.0,1.12,6.0,1.14,6.75,1.14,8.0
2022-02-12,Argentina Open,Quarterfinals,Clay,Schwartzman D.,Cerundolo F.,15,107.0,1.3,3.5,1.33,3.69,1.34,4.0
2022-02-12,Argentina Open,Semifinals,Clay,Ruud C.,Delbonis F.,8,42.0,1.16,5.0,1.25,4.44,1.26,5.08
2022-02-12,Argentina Open,Semifinals,Clay,Schwartzman D.,Sonego L.,15,22.0,1.53,2.5,1.65,2.36,1.65,2.5
2022-02-12,Dallas Open,Semifinals,Hard,Opelka R.,Isner J.,23,26.0,1.66,2.2,1.71,2.28,1.74,2.35
2022-02-12,Dallas Open,Quarterfinals,Hard,Opelka R.,Mannarino A.,23,57.0,1.61,2.3,1.68,2.32,1.69,2.4
2022-02-13,ABN AMRO World Tennis Tournament,The Final,Hard,Auger-Aliassime F.,Tsitsipas S.,9,4.0,2.0,1.8,2.06,1.85,2.3,1.85
2022-02-13,Argentina Open,The Final,Clay,Ruud C.,Schwartzman D.,8,15.0,1.44,2.75,1.46,2.94,1.5,3.16
2022-02-13,Dallas Open,Semifinals,Hard,Brooksby J.,Giron M.,54,70.0,1.44,2.75,1.42,3.13,1.44,3.13
2022-02-13,Dallas Open,The Final,Hard,Opelka R.,Brooksby J.,23,54.0,1.8,2.0,1.9,2.01,1.91,2.16
2022-02-14,Qatar Exxon Mobil Open,1st Round,Hard,Kwon S.W.,Eubanks C.,55,167.0,1.4,3.0,1.48,2.84,1.48,3.4
2022-02-14,Rio Open,1st Round,Clay,Alcaraz C.,Munar J.,29,89.0,1.28,3.75,1.32,3.69,1.35,3.85
2022-02-14,Rio Open,1st Round,Clay,Andujar P.,Cuevas P.,74,104.0,1.44,2.75,1.48,2.82,1.48,2.9
2022-02-14,Rio Open,1st Round,Clay,Martinez P.,Shang J.,62,663.0,1.1,7.0,1.1,8.3,1.13,8.3
2022-02-14,Open 13,1st Round,Hard,Ivashka I.,Gombos N.,49,114.0,1.28,3.75,1.34,3.55,1.34,3.8
2022-02-14,Open 13,1st Round,Hard,Gasquet R.,Ymer M.,76,75.0,2.2,1.66,2.23,1.72,2.27,1.72
2022-02-14,Open 13,1st Round,Hard,Travaglia S.,Laaksonen H.,119,84.0,2.3,1.61,2.45,1.61,2.45,1.63
2022-02-14,Qatar Exxon Mobil Open,1st Round,Hard,Evans D.,Gerasimov E.,28,124.0,1.44,2.75,1.46,2.91,1.5,3.4
2022-02-14,Qatar Exxon Mobil Open,1st Round,Hard,Khachanov K.,Mcdonald M.,27,51.0,1.5,2.62,1.52,2.69,1.52,2.94
2022-02-14,Qatar Exxon Mobil Open,1st Round,Hard,Molcan A.,O Connell C.,73,148.0,2.2,1.66,2.18,1.75,2.34,1.76
2022-02-14,Qatar Exxon Mobil Open,1st Round,Hard,Van De Zandschulp B.,Fabbiano T.,50,192.0,1.16,5.0,1.19,5.38,1.22,5.43
2022-02-14,Delray Beach Open,1st Round,Hard,Nakashima B.,Kudla D.,81,105.0,1.25,4.0,1.26,4.21,1.28,4.33
2022-02-14,Delray Beach Open,1st Round,Hard,Seppi A.,Gojowczyk P.,123,96.0,1.53,2.5,1.59,2.49,1.64,2.6
2022-02-14,Delray Beach Open,1st Round,Hard,Millman J.,Cressy M.,91,59.0,2.62,1.5,2.67,1.53,2.75,1.56
2022-02-14,Delray Beach Open,1st Round,Hard,Otte O.,Nishioka Y.,85,108.0,2.0,1.8,2.07,1.83,2.1,1.85
2022-02-15,Open 13,1st Round,Hard,Safiullin R.,Popyrin A.,163,66.0,2.2,1.66,2.24,1.71,2.42,1.8
2022-02-15,Qatar Exxon Mobil Open,1st Round,Hard,Bublik A.,Kovalik J.,31,183.0,1.14,5.5,1.16,5.93,1.17,6.15
2022-02-15,Qatar Exxon Mobil Open,1st Round,Hard,Rinderknech A.,Vesely J.,61,121.0,1.5,2.62,1.54,2.63,1.54,2.79
2022-02-15,Qatar Exxon Mobil Open,1st Round,Hard,Davidovich Fokina A.,Jaziri M.,47,303.0,1.04,13.0,1.06,11.34,1.06,20.0
2022-02-15,Qatar Exxon Mobil Open,1st Round,Hard,Fucsovics M.,Harris L.,36,35.0,1.72,2.1,1.79,2.18,1.79,2.26
2022-02-15,Qatar Exxon Mobil Open,1st Round,Hard,Murray A.,Daniel T.,87,110.0,1.36,3.2,1.46,2.92,1.46,3.5
2022-02-15,Qatar Exxon Mobil Open,1st Round,Hard,Ruusuvuori E.,Goffin D.,71,48.0,1.28,3.75,1.29,3.94,1.35,4.0
2022-02-15,Open 13,1st Round,Hard,Gaston H.,Moutet C.,68,107.0,3.0,1.4,3.08,1.42,3.08,1.44
2022-02-15,Open 13,1st Round,Hard,Albot R.,Novak D.,97,128.0,1.66,2.2,1.74,2.21,1.8,2.25
2022-02-15,Open 13,1st Round,Hard,Tsonga J.W.,Simon G.,243,132.0,1.61,2.3,1.63,2.41,1.63,2.47
2022-02-15,Open 13,1st Round,Hard,Herbert P.H.,Kukushkin M.,109,168.0,1.5,2.62,1.48,2.83,1.58,2.83
2022-02-15,Open 13,1st Round,Hard,Machac T.,Dzumhur D.,115,140.0,1.53,2.5,1.54,2.62,2.05,2.63
2022-02-15,Open 13,1st Round,Hard,Rune H.,Bergs Z.,90,169.0,1.5,2.62,1.51,2.73,1.67,2.8
2022-02-15,Delray Beach Open,1st Round,Hard,Korda S.,Kokkinakis T.,43,94.0,1.53,2.5,1.57,2.55,1.57,2.58
2022-02-15,Qatar Exxon Mobil Open,1st Round,Hard,Ymer E.,Sousa J.,138,86.0,,,,,5.5,1.14
2022-02-15,Delray Beach Open,1st Round,Hard,Johnson S.,Anderson K.,99,93.0,2.3,1.61,2.24,1.72,2.33,1.75
2022-02-15,Delray Beach Open,1st Round,Hard,Krueger M.,Thompson J.,164,83.0,2.5,1.53,2.46,1.61,2.59,1.62
2022-02-15,Delray Beach Open,1st Round,Hard,Mannarino A.,Broady L.,53,116.0,1.53,2.5,1.51,2.7,1.57,2.7
2022-02-15,Delray Beach Open,1st Round,Hard,Giron M.,Sandgren T.,64,161.0,1.4,3.0,1.39,3.24,1.47,3.4
2022-02-15,Delray Beach Open,1st Round,Hard,Kozlov S.,Gomez E.,151,149.0,1.66,2.2,1.59,2.47,1.73,2.47
2022-02-15,Rio Open,1st Round,Clay,Kecmanovic M.,Meligeni Rodrigues F,70,224.0,1.2,4.5,1.23,4.63,1.29,5.25
2022-02-15,Rio Open,1st Round,Clay,Coria F.,Garin C.,63,19.0,2.5,1.53,2.57,1.56,2.63,1.64
2022-02-15,Rio Open,1st Round,Clay,Verdasco F.,Lajovic D.,172,39.0,2.2,1.66,2.34,1.66,2.34,1.74
2022-02-15,Rio Open,1st Round,Clay,Delbonis F.,Galan D.E.,37,112.0,1.66,2.2,1.75,2.18,1.75,2.36
2022-02-15,Delray Beach Open,1st Round,Hard,Istomin D.,Querrey S.,267,117.0,2.37,1.57,2.45,1.61,2.53,1.65
2022-02-15,Rio Open,1st Round,Clay,Ramos-Vinolas A.,Londero J.I.,33,144.0,1.61,2.3,1.84,2.05,1.84,2.4
2022-02-15,Rio Open,1st Round,Clay,Fognini F.,Bagnis F.,38,77.0,1.53,2.5,1.55,2.6,1.64,2.79
2022-02-15,Rio Open,1st Round,Clay,Monteiro T.,Baez S.,106,5.0,2.2,1.66,2.23,1.72,2.38,1.77
2022-02-15,Rio Open,1st Round,Clay,Sonego L.,Djere L.,21,56.0,1.53,2.5,1.62,2.42,1.66,2.55
2022-02-16,Rio Open,2nd Round,Clay,Fognini F.,Carreno Busta P.,38,18.0,3.0,1.4,2.87,1.48,3.0,1.56
2022-02-16,Rio Open,2nd Round,Clay,Andujar P.,Ramos-Vinolas A.,74,33.0,2.75,1.44,2.37,1.66,2.79,1.66
2022-02-16,Rio Open,2nd Round,Clay,Coria F.,Verdasco F.,63,172.0,1.44,2.75,1.5,2.8,1.54,2.8
2022-02-16,Open 13,2nd Round,Hard,Ivashka I.,Travaglia S.,49,119.0,1.33,3.4,1.36,3.48,1.38,3.5
2022-02-16,Open 13,1st Round,Hard,Pouille L.,Griekspoor T.,154,60.0,3.75,1.28,3.97,1.29,4.0,1.3
2022-02-16,Open 13,2nd Round,Hard,Karatsev A.,Rune H.,15,90.0,1.44,2.75,1.47,2.91,1.51,2.91
2022-02-16,Open 13,2nd Round,Hard,Rublev A.,Gasquet R.,7,76.0,1.12,6.0,1.16,6.05,1.16,6.65
2022-02-16,Rio Open,1st Round,Clay,Cerundolo F.,Paire B.,100,52.0,1.44,2.75,1.43,3.01,1.46,3.01
2022-02-16,Open 13,1st Round,Hard,Bonzi B.,Majchrzak K.,69,79.0,1.9,1.9,1.92,1.97,1.95,2.0
2022-02-16,Delray Beach Open,1st Round,Hard,Sock J.,Altmaier D.,141,82.0,1.72,2.1,1.74,2.2,1.75,2.25
2022-02-16,Qatar Exxon Mobil Open,2nd Round,Hard,Davidovich Fokina A.,Evans D.,47,28.0,2.37,1.57,2.34,1.68,2.56,1.68
2022-02-16,Qatar Exxon Mobil Open,2nd Round,Hard,Shapovalov D.,Molcan A.,12,73.0,1.22,4.33,1.25,4.44,1.27,4.44
2022-02-16,Delray Beach Open,2nd Round,Hard,Paul T.,Istomin D.,41,267.0,1.14,5.5,1.18,5.72,1.18,5.75
2022-02-16,Delray Beach Open,2nd Round,Hard,Kozlov S.,Johnson S.,151,99.0,2.37,1.57,2.41,1.64,2.55,1.64
2022-02-16,Qatar Exxon Mobil Open,2nd Round,Hard,Khachanov K.,Ruusuvuori E.,27,71.0,1.53,2.5,1.62,2.45,1.62,2.6
2022-02-16,Qatar Exxon Mobil Open,2nd Round,Hard,Bautista Agut R.,Murray A.,16,87.0,1.66,2.2,1.76,2.2,1.76,2.23
2022-02-16,Qatar Exxon Mobil Open,2nd Round,Hard,Rinderknech A.,Bublik A.,61,31.0,2.3,1.61,2.31,1.69,2.4,1.69
2022-02-16,Qatar Exxon Mobil Open,2nd Round,Hard,Basilashvili N.,Ymer E.,22,138.0,1.61,2.3,1.67,2.36,1.68,2.41
2022-02-16,Qatar Exxon Mobil Open,2nd Round,Hard,Cilic M.,Van De Zandschulp B.,24,50.0,1.66,2.2,1.77,2.18,1.77,2.32
2022-02-16,Qatar Exxon Mobil Open,2nd Round,Hard,Fucsovics M.,Kwon S.W.,36,55.0,1.61,2.3,1.56,2.6,1.63,2.6
2022-02-17,Rio Open,2nd Round,Clay,Cerundolo F.,Carballes Baena R.,100,78.0,,,,,,
2022-02-17,Rio Open,2nd Round,Clay,Schwartzman D.,Martinez P.,14,62.0,1.44,2.75,1.46,2.93,1.46,3.0
2022-02-17,Open 13,2nd Round,Hard,Pouille L.,Albot R.,154,97.0,2.0,1.8,2.08,1.84,2.17,1.84
2022-02-17,Delray Beach Open,2nd Round,Hard,Mannarino A.,Nakashima B.,53,81.0,2.37,1.57,2.32,1.68,2.41,1.71
2022-02-17,Delray Beach Open,2nd Round,Hard,Opelka R.,Sock J.,20,141.0,1.33,3.4,1.31,3.8,1.37,3.92
2022-02-17,Delray Beach Open,2nd Round,Hard,Millman J.,Giron M.,91,64.0,2.5,1.53,2.49,1.61,2.59,1.61
2022-02-17,Rio Open,2nd Round,Clay,Kecmanovic M.,Sonego L.,70,21.0,2.62,1.5,2.75,1.51,2.8,1.55
2022-02-17,Delray Beach Open,2nd Round,Hard,Norrie C.,Otte O.,13,85.0,1.25,4.0,1.3,3.95,1.3,4.3
2022-02-17,Delray Beach Open,2nd Round,Hard,Korda S.,Seppi A.,43,123.0,1.16,5.0,1.18,5.63,1.19,5.63
2022-02-17,Open 13,2nd Round,Hard,Auger-Aliassime F.,Tsonga J.W.,9,243.0,1.16,5.0,1.15,6.31,1.19,6.31
2022-02-17,Qatar Exxon Mobil Open,Quarterfinals,Hard,Khachanov K.,Cilic M.,27,24.0,1.66,2.2,1.71,2.28,1.71,2.55
2022-02-17,Qatar Exxon Mobil Open,Quarterfinals,Hard,Bautista Agut R.,Davidovich Fokina A.,16,47.0,1.36,3.2,1.39,3.27,1.42,3.55
2022-02-17,Qatar Exxon Mobil Open,Quarterfinals,Hard,Basilashvili N.,Fucsovics M.,22,36.0,2.3,1.61,2.36,1.67,2.37,1.7
2022-02-17,Open 13,2nd Round,Hard,Tsitsipas S.,Gaston H.,4,68.0,1.14,5.5,1.13,7.3,1.16,7.3
2022-02-17,Open 13,2nd Round,Hard,Bonzi B.,Herbert P.H.,69,109.0,1.8,2.0,1.81,2.12,1.85,2.25
2022-02-17,Open 13,2nd Round,Hard,Safiullin R.,Machac T.,163,115.0,2.3,1.61,2.63,1.55,2.63,1.62
2022-02-17,Qatar Exxon Mobil Open,Quarterfinals,Hard,Rinderknech A.,Shapovalov D.,61,12.0,3.4,1.33,3.58,1.34,3.8,1.37
2022-02-18,Rio Open,2nd Round,Clay,Alcaraz C.,Delbonis F.,29,37.0,1.22,4.33,1.25,4.41,1.31,4.5
2022-02-18,Open 13,Quarterfinals,Hard,Auger-Aliassime F.,Ivashka I.,9,49.0,1.25,4.0,1.3,3.91,1.3,4.45
2022-02-18,Open 13,Quarterfinals,Hard,Safiullin R.,Tsitsipas S.,163,4.0,6.0,1.12,6.45,1.15,6.75,1.15
2022-02-18,Delray Beach Open,Quarterfinals,Hard,Opelka R.,Mannarino A.,20,53.0,1.44,2.75,1.48,2.86,1.48,3.15
2022-02-18,Delray Beach Open,Quarterfinals,Hard,Norrie C.,Korda S.,13,43.0,1.9,1.9,1.98,1.93,2.15,1.95
2022-02-18,Delray Beach Open,Quarterfinals,Hard,Paul T.,Kozlov S.,41,151.0,1.36,3.2,1.36,3.46,1.36,3.52
2022-02-18,Delray Beach Open,2nd Round,Hard,Dimitrov G.,Krueger M.,26,164.0,1.33,3.4,1.41,3.19,1.41,3.4
2022-02-18,Open 13,Quarterfinals,Hard,Rublev A.,Pouille L.,7,154.0,1.12,6.0,1.13,7.18,1.17,7.18
2022-02-18,Open 13,Quarterfinals,Hard,Bonzi B.,Karatsev A.,69,15.0,2.37,1.57,2.39,1.65,2.59,1.66
2022-02-18,Qatar Exxon Mobil Open,Semifinals,Hard,Basilashvili N.,Rinderknech A.,22,61.0,2.0,1.8,2.11,1.81,2.12,1.88
2022-02-18,Rio Open,2nd Round,Clay,Berrettini M.,Monteiro T.,6,106.0,1.33,3.4,1.34,3.57,1.34,3.73
2022-02-18,Qatar Exxon Mobil Open,Semifinals,Hard,Bautista Agut R.,Khachanov K.,16,27.0,1.53,2.5,1.58,2.57,1.6,2.78
2022-02-19,Rio Open,Quarterfinals,Clay,Cerundolo F.,Kecmanovic M.,100,70.0,2.1,1.72,2.18,1.75,2.25,1.76
2022-02-19,Open 13,Semifinals,Hard,Rublev A.,Bonzi B.,7,69.0,1.3,3.5,1.36,3.43,1.36,3.75
2022-02-19,Delray Beach Open,Semifinals,Hard,Norrie C.,Paul T.,13,41.0,1.61,2.3,1.65,2.39,1.73,2.5
2022-02-19,Rio Open,Semifinals,Clay,Schwartzman D.,Cerundolo F.,14,100.0,1.44,2.75,1.46,2.92,1.47,3.08
2022-02-19,Rio Open,Quarterfinals,Clay,Alcaraz C.,Berrettini M.,29,6.0,1.61,2.3,1.61,2.47,1.68,2.47
2022-02-19,Open 13,Semifinals,Hard,Auger-Aliassime F.,Safiullin R.,9,163.0,1.16,5.0,1.18,5.6,1.18,5.95
2022-02-19,Qatar Exxon Mobil Open,The Final,Hard,Bautista Agut R.,Basilashvili N.,16,22.0,1.5,2.62,1.48,2.88,1.53,2.9
2022-02-19,Rio Open,Quarterfinals,Clay,Schwartzman D.,Andujar P.,14,74.0,1.2,4.5,1.23,4.74,1.23,4.74
2022-02-19,Delray Beach Open,Quarterfinals,Hard,Millman J.,Dimitrov G.,91,26.0,2.5,1.53,2.64,1.56,2.64,1.95
2022-02-19,Rio Open,Quarterfinals,Clay,Fognini F.,Coria F.,38,63.0,1.53,2.5,1.57,2.57,1.57,2.64
2022-02-20,Rio Open,Semifinals,Clay,Alcaraz C.,Fognini F.,29,38.0,1.28,3.75,1.33,3.64,1.33,4.0
2022-02-20,Rio Open,The Final,Clay,Alcaraz C.,Schwartzman D.,29,14.0,1.33,3.4,1.39,3.28,1.39,3.5
2022-02-20,Delray Beach Open,The Final,Hard,Norrie C.,Opelka R.,13,20.0,1.66,2.2,1.69,2.32,1.74,2.35
2022-02-20,Delray Beach Open,Semifinals,Hard,Opelka R.,Millman J.,20,91.0,1.44,2.75,1.45,2.99,1.48,2.99
2022-02-20,Open 13,The Final,Hard,Rublev A.,Auger-Aliassime F.,7,9.0,2.37,1.57,2.46,1.62,2.57,1.63
2022-02-21,Dubai Tennis Championships,1st Round,Hard,Djokovic N.,Musetti L.,1,58.0,1.06,10.0,1.06,12.04,1.07,15.0
2022-02-21,Dubai Tennis Championships,1st Round,Hard,Murray A.,O Connell C.,89,158.0,1.44,2.75,1.49,2.79,1.54,2.85
2022-02-21,Dubai Tennis Championships,1st Round,Hard,Daniel T.,Goffin D.,111,48.0,1.9,1.9,1.93,1.95,1.96,2.09
2022-02-21,Dubai Tennis Championships,1st Round,Hard,Krajinovic F.,Jaziri M.,44,297.0,1.05,11.0,1.06,12.25,1.06,16.0
2022-02-21,Dubai Tennis Championships,1st Round,Hard,Vesely J.,Cilic M.,123,24.0,3.75,1.28,3.68,1.32,4.0,1.33
2022-02-21,Chile Open,1st Round,Clay,Bagnis F.,Zapata Miralles B.,74,119.0,1.66,2.2,1.76,2.17,1.76,2.21
2022-02-21,Chile Open,1st Round,Clay,Seyboth Wild T.,Kicker N.,135,203.0,1.66,2.2,1.64,2.39,1.69,2.39
2022-02-21,Chile Open,1st Round,Clay,Londero J.I.,Etcheverry T.,139,120.0,1.57,2.37,1.65,2.36,1.65,2.66
2022-02-22,Abierto Mexicano,1st Round,Hard,Zverev A.,Brooksby J.,3,47.0,1.2,4.5,1.25,4.4,1.25,4.9
2022-02-22,Dubai Tennis Championships,1st Round,Hard,Hurkacz H.,Bublik A.,11,30.0,1.5,2.62,1.62,2.43,1.62,2.62
2022-02-22,Dubai Tennis Championships,1st Round,Hard,Berankis R.,Struff J.L.,99,56.0,2.2,1.66,2.13,1.79,2.3,1.8
2022-02-22,Dubai Tennis Championships,1st Round,Hard,Sinner J.,Davidovich Fokina A.,10,43.0,1.3,3.5,1.34,3.56,1.34,3.6
2022-02-22,Dubai Tennis Championships,1st Round,Hard,Kwon S.W.,Ivashka I.,60,45.0,2.3,1.61,2.39,1.63,2.43,1.64
2022-02-22,Dubai Tennis Championships,1st Round,Hard,Molcan A.,Harris L.,69,35.0,2.37,1.57,2.65,1.53,2.65,1.6
2022-02-22,Dubai Tennis Championships,1st Round,Hard,Mcdonald M.,Karatsev A.,61,22.0,2.2,1.66,2.25,1.71,2.31,1.73
2022-02-22,Dubai Tennis Championships,1st Round,Hard,Khachanov K.,De Minaur A.,26,32.0,1.66,2.2,1.75,2.18,1.75,2.3
2022-02-22,Abierto Mexicano,1st Round,Hard,Isner J.,Verdasco F.,23,152.0,1.3,3.5,1.3,3.89,1.36,3.89
2022-02-22,Abierto Mexicano,1st Round,Hard,Fritz T.,Mannarino A.,16,55.0,1.3,3.5,1.33,3.62,1.36,3.74
2022-02-22,Abierto Mexicano,1st Round,Hard,Gojowczyk P.,Nakashima B.,95,75.0,7.0,1.1,7.32,1.12,7.5,1.12
2022-02-22,Abierto Mexicano,1st Round,Hard,Lajovic D.,Korda S.,46,40.0,4.5,1.2,5.03,1.2,5.05,1.27
2022-02-22,Dubai Tennis Championships,1st Round,Hard,Bautista Agut R.,Rinderknech A.,15,53.0,1.44,2.75,1.41,3.14,1.46,3.14
2022-02-22,Dubai Tennis Championships,1st Round,Hard,Shapovalov D.,Fucsovics M.,14,36.0,1.57,2.37,1.63,2.41,1.73,2.52
2022-02-22,Dubai Tennis Championships,1st Round,Hard,Rublev A.,Evans D.,7,28.0,1.57,2.37,1.65,2.37,1.65,2.57
2022-02-22,Chile Open,1st Round,Clay,Monteiro T.,Jarry N.,107,143.0,1.8,2.0,1.87,2.02,2.01,2.02
2022-02-22,Chile Open,1st Round,Clay,Pucinelli de Almeida M.,Rune H.,264,88.0,3.0,1.4,3.06,1.42,3.44,1.43
2022-02-22,Chile Open,1st Round,Clay,Hanfmann Y.,Coria F.,115,62.0,2.2,1.66,1.97,1.92,2.32,1.92
2022-02-22,Chile Open,1st Round,Clay,Dellien H.,Lama G.,98,263.0,1.4,3.0,1.43,3.01,1.44,3.1
2022-02-22,Chile Open,1st Round,Clay,Taberner C.,Cerundolo J.M.,108,79.0,1.61,2.3,1.57,2.55,1.64,2.55
2022-02-22,Chile Open,1st Round,Clay,Munar J.,Galan D.E.,93,104.0,1.72,2.1,1.69,2.28,1.77,2.38
2022-02-22,Dubai Tennis Championships,1st Round,Hard,Popyrin A.,Basilashvili N.,66,19.0,2.1,1.72,2.2,1.74,2.22,1.8
2022-02-22,Abierto Mexicano,1st Round,Hard,Kozlov S.,Dimitrov G.,130,33.0,3.75,1.28,3.72,1.31,3.8,1.33
2022-02-22,Abierto Mexicano,1st Round,Hard,Carreno Busta P.,Otte O.,17,82.0,1.36,3.2,1.37,3.31,1.4,3.56
2022-02-22,Chile Open,1st Round,Clay,Kecmanovic M.,Cecchinato M.,63,90.0,1.2,4.5,1.22,4.79,1.25,4.79
2022-02-22,Chile Open,1st Round,Clay,Baez S.,Varillas J.P.,78,117.0,1.53,2.5,1.54,2.62,1.57,2.68
2022-02-23,Chile Open,1st Round,Clay,Tabilo A.,Olivo R.,113,179.0,1.2,4.5,1.2,5.17,1.21,5.5
2022-02-23,Dubai Tennis Championships,2nd Round,Hard,Djokovic N.,Khachanov K.,1,26.0,1.12,6.0,1.13,7.38,1.15,7.38
2022-02-23,Dubai Tennis Championships,2nd Round,Hard,Vesely J.,Bautista Agut R.,123,15.0,5.0,1.16,5.45,1.19,5.45,1.2
2022-02-23,Dubai Tennis Championships,2nd Round,Hard,Shapovalov D.,Daniel T.,14,111.0,1.28,3.75,1.26,4.33,1.3,4.41
2022-02-23,Dubai Tennis Championships,2nd Round,Hard,Hurkacz H.,Molcan A.,11,69.0,1.22,4.33,1.31,3.83,1.31,4.4
2022-02-23,Dubai Tennis Championships,2nd Round,Hard,Sinner J.,Murray A.,10,89.0,1.3,3.5,1.33,3.65,1.35,3.68
2022-02-23,Chile Open,2nd Round,Clay,Bagnis F.,Dellien H.,74,98.0,1.72,2.1,1.73,2.24,1.75,2.25
2022-02-23,Dubai Tennis Championships,2nd Round,Hard,Rublev A.,Kwon S.W.,7,60.0,1.2,4.5,1.26,4.34,1.26,5.0
2022-02-23,Dubai Tennis Championships,2nd Round,Hard,Berankis R.,Popyrin A.,99,66.0,2.5,1.53,2.64,1.55,2.66,1.57
2022-02-23,Chile Open,2nd Round,Clay,Monteiro T.,Delbonis F.,107,37.0,2.1,1.72,2.07,1.85,2.16,1.85
2022-02-23,Dubai Tennis Championships,2nd Round,Hard,Mcdonald M.,Krajinovic F.,61,44.0,1.53,2.5,1.58,2.54,1.68,2.63
2022-02-23,Chile Open,2nd Round,Clay,Baez S.,Londero J.I.,78,139.0,1.4,3.0,1.51,2.77,1.51,3.02
2022-02-23,Abierto Mexicano,1st Round,Hard,Andujar P.,Hernandez A.,68,566.0,1.12,6.0,1.17,5.73,1.17,7.0
2022-02-23,Abierto Mexicano,1st Round,Hard,Paul T.,Berrettini M.,39,6.0,3.4,1.33,3.23,1.39,3.44,1.39
2022-02-23,Abierto Mexicano,1st Round,Hard,Nishioka Y.,Lopez F.,103,114.0,1.3,3.5,1.27,4.09,1.34,4.15
2022-02-23,Abierto Mexicano,1st Round,Hard,Medvedev D.,Paire B.,2,49.0,1.06,10.0,1.06,12.12,1.07,12.75
2022-02-23,Abierto Mexicano,1st Round,Hard,Giron M.,Millman J.,59,80.0,1.8,2.0,1.88,2.02,1.93,2.17
2022-02-23,Abierto Mexicano,1st Round,Hard,Norrie C.,Altmaier D.,12,84.0,1.16,5.0,1.21,4.89,1.25,5.5
2022-02-23,Abierto Mexicano,1st Round,Hard,Nadal R.,Kudla D.,5,100.0,1.03,15.0,1.03,16.92,1.03,17.0
2022-02-23,Abierto Mexicano,1st Round,Hard,Wolf J.J.,Sonego L.,209,21.0,2.75,1.44,2.76,1.5,2.8,1.5
2022-02-23,Abierto Mexicano,1st Round,Hard,Tsitsipas S.,Djere L.,4,51.0,1.08,8.0,1.1,8.68,1.1,13.0
2022-02-24,Chile Open,2nd Round,Clay,Kecmanovic M.,Pucinelli de Almeida M.,63,264.0,1.2,4.5,1.23,4.74,1.26,4.96
2022-02-24,Chile Open,2nd Round,Clay,Hanfmann Y.,Seyboth Wild T.,115,135.0,1.44,2.75,1.42,3.1,1.48,3.1
2022-02-24,Chile Open,2nd Round,Clay,Martinez P.,Munar J.,72,93.0,2.3,1.61,2.23,1.74,2.38,1.74
2022-02-24,Chile Open,2nd Round,Clay,Ramos-Vinolas A.,Taberner C.,31,108.0,1.44,2.75,1.52,2.72,1.52,2.88
2022-02-24,Abierto Mexicano,2nd Round,Hard,Giron M.,Carreno Busta P.,59,17.0,3.4,1.33,3.81,1.31,4.3,1.36
2022-02-24,Abierto Mexicano,2nd Round,Hard,Norrie C.,Isner J.,12,23.0,1.4,3.0,1.46,2.95,1.46,3.06
2022-02-24,Abierto Mexicano,2nd Round,Hard,Paul T.,Lajovic D.,39,46.0,1.3,3.5,1.31,3.81,1.33,3.81
2022-02-24,Abierto Mexicano,2nd Round,Hard,Medvedev D.,Andujar P.,2,68.0,1.02,17.0,1.03,18.36,1.03,26.0
2022-02-24,Abierto Mexicano,2nd Round,Hard,Gojowczyk P.,Zverev A.,95,3.0,10.0,1.06,11.96,1.06,11.96,1.05
2022-02-24,Dubai Tennis Championships,Quarterfinals,Hard,Shapovalov D.,Berankis R.,14,99.0,1.2,4.5,1.22,5.36,1.23,5.36
2022-02-24,Dubai Tennis Championships,Quarterfinals,Hard,Vesely J.,Djokovic N.,123,1.0,11.0,1.05,14.05,1.05,15.16,1.06
2022-02-24,Dubai Tennis Championships,Quarterfinals,Hard,Hurkacz H.,Sinner J.,11,10.0,2.5,1.53,2.59,1.57,2.73,1.57
2022-02-24,Dubai Tennis Championships,Quarterfinals,Hard,Rublev A.,Mcdonald M.,7,61.0,1.28,3.75,1.29,3.98,1.32,4.12
2022-02-24,Abierto Mexicano,2nd Round,Hard,Nishioka Y.,Fritz T.,103,16.0,4.5,1.2,5.22,1.2,5.22,1.22
2022-02-24,Abierto Mexicano,2nd Round,Hard,Nadal R.,Kozlov S.,5,130.0,1.01,26.0,1.01,26.77,1.02,34.0
2022-02-24,Abierto Mexicano,2nd Round,Hard,Tsitsipas S.,Wolf J.J.,4,209.0,1.14,5.5,1.17,5.92,1.19,6.0
2022-02-24,Abierto Mexicano,Quarterfinals,Hard,Medvedev D.,Nishioka Y.,2,103.0,1.06,10.0,1.07,11.57,1.07,12.11
2022-02-25,Chile Open,2nd Round,Clay,Tabilo A.,Garin C.,113,27.0,1.61,2.3,1.6,2.51,1.71,2.56
2022-02-25,Abierto Mexicano,Quarterfinals,Hard,Norrie C.,Gojowczyk P.,12,95.0,1.1,7.0,1.13,7.29,1.13,7.5
2022-02-25,Abierto Mexicano,Quarterfinals,Hard,Nadal R.,Paul T.,5,39.0,1.1,7.0,1.11,8.13,1.11,8.13
2022-02-25,Abierto Mexicano,Quarterfinals,Hard,Tsitsipas S.,Giron M.,4,59.0,1.22,4.33,1.2,5.16,1.22,5.5
2022-02-25,Chile Open,Quarterfinals,Clay,Ramos-Vinolas A.,Bagnis F.,31,74.0,1.61,2.3,1.6,2.5,1.62,2.55
2022-02-25,Dubai Tennis Championships,Semifinals,Hard,Rublev A.,Hurkacz H.,7,11.0,2.0,1.8,2.0,1.9,2.06,1.9
2022-02-25,Dubai Tennis Championships,Semifinals,Hard,Vesely J.,Shapovalov D.,123,14.0,2.75,1.44,3.08,1.43,3.08,1.49
2022-02-25,Chile Open,Quarterfinals,Clay,Baez S.,Monteiro T.,78,107.0,1.57,2.37,1.63,2.42,1.64,2.44
2022-02-25,Chile Open,Quarterfinals,Clay,Martinez P.,Hanfmann Y.,72,115.0,1.72,2.1,1.93,1.97,1.93,2.19
2022-02-26,Chile Open,Quarterfinals,Clay,Tabilo A.,Kecmanovic M.,113,63.0,1.8,2.0,1.8,2.13,1.88,2.13
2022-02-26,Chile Open,Semifinals,Clay,Martinez P.,Tabilo A.,72,113.0,2.3,1.61,2.37,1.66,2.45,1.71
2022-02-26,Chile Open,Semifinals,Clay,Baez S.,Ramos-Vinolas A.,78,31.0,2.0,1.8,1.99,1.92,2.1,2.0
2022-02-26,Abierto Mexicano,Semifinals,Hard,Nadal R.,Medvedev D.,5,2.0,2.2,1.66,2.18,1.77,2.33,1.77
2022-02-26,Dubai Tennis Championships,The Final,Hard,Rublev A.,Vesely J.,7,123.0,1.33,3.4,1.36,3.44,1.39,3.52
2022-02-26,Abierto Mexicano,Semifinals,Hard,Norrie C.,Tsitsipas S.,12,4.0,2.62,1.5,2.65,1.55,2.74,1.6
2022-02-27,Chile Open,The Final,Clay,Martinez P.,Baez S.,72,78.0,2.2,1.66,2.3,1.69,2.42,1.72
2022-02-27,Abierto Mexicano,The Final,Hard,Nadal R.,Norrie C.,5,12.0,1.16,5.0,1.21,5.02,1.22,5.2
2022-03-10,BNP Paribas Open,1st Round,Hard,Musetti L.,Giron M.,56,55.0,2.3,1.61,2.36,1.67,2.47,1.67
2022-03-10,BNP Paribas Open,1st Round,Hard,Sock J.,Cerundolo J.M.,147,119.0,1.28,3.75,1.33,3.65,1.38,3.75
2022-03-10,BNP Paribas Open,1st Round,Hard,Brooksby J.,Carballes Baena R.,43,73.0,1.12,6.0,1.14,6.96,1.17,7.25
2022-03-10,BNP Paribas Open,1st Round,Hard,Coria F.,Cuevas P.,65,104.0,1.66,2.2,1.71,2.27,1.76,2.35
2022-03-10,BNP Paribas Open,1st Round,Hard,Davidovich Fokina A.,Coric B.,45,167.0,1.25,4.0,1.25,4.48,1.44,4.55
2022-03-10,BNP Paribas Open,1st Round,Hard,Eubanks C.,Cressy M.,157,72.0,2.5,1.53,2.5,1.6,2.5,1.63
2022-03-10,BNP Paribas Open,1st Round,Hard,Mcdonald M.,Fucsovics M.,59,48.0,1.72,2.1,1.79,2.14,2.1,2.15
2022-03-10,BNP Paribas Open,1st Round,Hard,Krajinovic F.,Lajovic D.,40,44.0,1.57,2.37,1.62,2.45,1.67,2.5
2022-03-10,BNP Paribas Open,1st Round,Hard,Fognini F.,Andujar P.,36,69.0,1.4,3.0,1.54,2.68,1.54,3.02
2022-03-10,BNP Paribas Open,1st Round,Hard,Bonzi B.,Rinderknech A.,62,57.0,2.1,1.72,2.02,1.89,2.12,1.9
2022-03-10,BNP Paribas Open,1st Round,Hard,Djere L.,Kwon S.W.,52,64.0,3.2,1.36,2.99,1.45,3.2,1.49
2022-03-11,BNP Paribas Open,1st Round,Hard,Paul T.,Kukushkin M.,39,154.0,1.22,4.33,1.25,4.41,1.25,4.5
2022-03-11,BNP Paribas Open,1st Round,Hard,Kecmanovic M.,Broady L.,61,124.0,1.44,2.75,1.49,2.83,1.5,2.86
2022-03-11,BNP Paribas Open,1st Round,Hard,Koepfer D.,Paire B.,51,53.0,1.9,1.9,2.11,1.81,2.11,1.95
2022-03-11,BNP Paribas Open,1st Round,Hard,Thompson J.,Goffin D.,78,71.0,2.37,1.57,2.49,1.6,2.5,1.6
2022-03-11,BNP Paribas Open,1st Round,Hard,Murray A.,Daniel T.,88,106.0,1.4,3.0,1.46,2.93,1.5,3.0
2022-03-11,BNP Paribas Open,1st Round,Hard,Ruusuvuori E.,Kohlschreiber P.,70,136.0,1.25,4.0,1.27,4.23,1.29,4.5
2022-03-11,BNP Paribas Open,1st Round,Hard,Munar J.,Shang J.,99,543.0,1.25,4.0,1.26,4.38,1.28,4.4
2022-03-11,BNP Paribas Open,1st Round,Hard,Korda S.,Kokkinakis T.,38,97.0,1.57,2.37,1.6,2.52,1.65,2.52
2022-03-11,BNP Paribas Open,1st Round,Hard,Martinez P.,Sousa J.,49,85.0,1.5,2.62,1.52,2.68,1.56,2.78
2022-03-11,BNP Paribas Open,1st Round,Hard,Kyrgios N.,Baez S.,132,7.0,1.44,2.75,1.46,2.94,1.5,3.2
2022-03-11,BNP Paribas Open,1st Round,Hard,Machac T.,Popyrin A.,158,89.0,1.66,2.2,1.68,2.3,1.8,2.3
2022-03-11,BNP Paribas Open,1st Round,Hard,Wolf J.J.,Gaston H.,209,68.0,1.5,2.62,1.58,2.51,1.58,2.65
2022-03-11,BNP Paribas Open,1st Round,Hard,Otte O.,Gasquet R.,76,81.0,2.2,1.66,2.35,1.67,2.38,1.76
2022-03-12,BNP Paribas Open,2nd Round,Hard,Bonzi B.,Sonego L.,62,21.0,1.9,1.9,1.99,1.92,2.1,2.0
2022-03-12,BNP Paribas Open,2nd Round,Hard,Shapovalov D.,Davidovich Fokina A.,13,45.0,1.4,3.0,1.45,2.97,1.45,3.05
2022-03-12,BNP Paribas Open,2nd Round,Hard,Monfils G.,Krajinovic F.,28,40.0,1.44,2.75,1.55,2.65,1.64,2.79
2022-03-12,BNP Paribas Open,2nd Round,Hard,Ruud C.,Eubanks C.,8,157.0,1.2,4.5,1.17,5.94,1.22,5.94
2022-03-12,BNP Paribas Open,2nd Round,Hard,Norrie C.,Martinez P.,12,49.0,1.2,4.5,1.2,5.23,1.24,5.23
2022-03-12,BNP Paribas Open,2nd Round,Hard,Opelka R.,Musetti L.,17,56.0,1.44,2.75,1.45,2.99,1.47,3.0
2022-03-12,BNP Paribas Open,2nd Round,Hard,Nadal R.,Korda S.,4,38.0,1.12,6.0,1.13,7.05,1.17,7.05
2022-03-12,BNP Paribas Open,2nd Round,Hard,Evans D.,Coria F.,29,65.0,1.14,5.5,1.18,5.65,1.18,6.1
2022-03-12,BNP Paribas Open,2nd Round,Hard,Medvedev D.,Machac T.,1,158.0,1.05,11.0,1.06,11.77,1.06,13.0
2022-03-12,BNP Paribas Open,2nd Round,Hard,Bautista Agut R.,Wolf J.J.,15,209.0,1.22,4.33,1.24,4.55,1.25,4.65
2022-03-12,BNP Paribas Open,1st Round,Hard,Nakashima B.,Mannarino A.,80,66.0,1.57,2.37,1.63,2.44,1.75,2.45
2022-03-12,BNP Paribas Open,1st Round,Hard,Querrey S.,Griekspoor T.,114,54.0,4.33,1.22,4.51,1.25,4.6,1.26
2022-03-12,BNP Paribas Open,1st Round,Hard,Van De Zandschulp B.,Sandgren T.,47,153.0,1.33,3.4,1.42,3.14,1.42,3.4
2022-03-12,BNP Paribas Open,1st Round,Hard,Majchrzak K.,Bedene A.,75,133.0,1.22,4.33,1.25,4.42,1.25,4.55
2022-03-12,BNP Paribas Open,1st Round,Hard,Johnson S.,Altmaier D.,115,79.0,1.9,1.9,1.9,2.0,2.0,2.1
2022-03-12,BNP Paribas Open,1st Round,Hard,Bagnis F.,Laaksonen H.,82,87.0,2.37,1.57,2.54,1.58,2.61,1.66
2022-03-12,BNP Paribas Open,1st Round,Hard,Millman J.,Struff J.L.,77,58.0,1.53,2.5,,,1.55,2.7
2022-03-12,BNP Paribas Open,1st Round,Hard,Rune H.,Humbert U.,86,42.0,2.0,1.8,2.06,1.86,2.06,1.93
2022-03-12,BNP Paribas Open,2nd Round,Hard,Alcaraz C.,Mcdonald M.,19,59.0,1.25,4.0,1.26,4.38,1.29,4.65
2022-03-13,BNP Paribas Open,2nd Round,Hard,Van De Zandschulp B.,Auger-Aliassime F.,47,9.0,3.75,1.28,4.42,1.25,4.42,1.3
2022-03-13,BNP Paribas Open,2nd Round,Hard,Fritz T.,Majchrzak K.,20,75.0,1.22,4.33,1.24,4.44,1.25,4.5
2022-03-13,BNP Paribas Open,2nd Round,Hard,Berrettini M.,Rune H.,6,86.0,1.3,3.5,1.33,3.59,1.37,3.85
2022-03-13,BNP Paribas Open,2nd Round,Hard,Schwartzman D.,Ruusuvuori E.,14,70.0,1.66,2.2,1.69,2.28,1.73,2.36
2022-03-13,BNP Paribas Open,2nd Round,Hard,Harris L.,Bagnis F.,32,82.0,1.61,2.3,1.64,2.38,1.72,2.45
2022-03-13,BNP Paribas Open,2nd Round,Hard,Bublik A.,Murray A.,33,88.0,2.3,1.61,2.43,1.62,2.45,1.7
2022-03-13,BNP Paribas Open,2nd Round,Hard,Hurkacz H.,Otte O.,11,76.0,1.22,4.33,1.24,4.55,1.27,4.6
2022-03-13,BNP Paribas Open,2nd Round,Hard,Rublev A.,Koepfer D.,7,51.0,1.07,9.0,1.07,10.18,1.08,10.18
2022-03-13,BNP Paribas Open,2nd Round,Hard,Kecmanovic M.,Cilic M.,61,24.0,2.37,1.57,2.43,1.62,2.43,1.66
2022-03-13,BNP Paribas Open,2nd Round,Hard,Isner J.,Querrey S.,23,114.0,1.36,3.2,1.36,3.4,1.42,3.4
2022-03-13,BNP Paribas Open,2nd Round,Hard,Kyrgios N.,Delbonis F.,132,34.0,1.16,5.0,1.2,5.17,1.21,5.37
2022-03-13,BNP Paribas Open,2nd Round,Hard,Brooksby J.,Khachanov K.,43,26.0,1.9,1.9,1.88,2.02,2.0,2.03
2022-03-13,BNP Paribas Open,2nd Round,Hard,Basilashvili N.,Fognini F.,18,36.0,1.8,2.0,1.98,1.93,1.98,2.0
2022-03-13,BNP Paribas Open,2nd Round,Hard,Tsitsipas S.,Sock J.,5,147.0,1.16,5.0,1.19,5.46,1.19,5.6
2022-03-13,BNP Paribas Open,2nd Round,Hard,Sinner J.,Djere L.,10,52.0,1.11,6.5,1.11,8.33,1.13,8.33
2022-03-13,BNP Paribas Open,2nd Round,Hard,Johnson S.,Karatsev A.,115,22.0,2.75,1.44,2.94,1.45,3.0,1.48
2022-03-14,BNP Paribas Open,3rd Round,Hard,Monfils G.,Medvedev D.,28,1.0,6.0,1.12,7.08,1.13,7.25,1.19
2022-03-14,BNP Paribas Open,3rd Round,Hard,Opelka R.,Shapovalov D.,17,13.0,2.0,1.8,2.03,1.88,2.05,1.95
2022-03-14,BNP Paribas Open,3rd Round,Hard,Nadal R.,Evans D.,4,29.0,1.12,6.0,1.11,8.3,1.16,8.3
2022-03-14,BNP Paribas Open,3rd Round,Hard,Alcaraz C.,Bautista Agut R.,19,15.0,1.44,2.75,1.46,2.93,1.46,3.05
2022-03-14,BNP Paribas Open,2nd Round,Hard,Tiafoe F.,Nakashima B.,30,80.0,2.5,1.53,2.59,1.56,2.6,1.6
2022-03-14,BNP Paribas Open,2nd Round,Hard,Munar J.,Carreno Busta P.,99,16.0,3.2,1.36,3.0,1.44,3.32,1.44
2022-03-14,BNP Paribas Open,2nd Round,Hard,Dimitrov G.,Thompson J.,35,78.0,1.3,3.5,1.36,3.4,1.36,3.5
2022-03-14,BNP Paribas Open,2nd Round,Hard,De Minaur A.,Millman J.,31,77.0,1.33,3.4,1.37,3.35,1.38,3.54
2022-03-14,BNP Paribas Open,2nd Round,Hard,Paul T.,Zverev A.,39,3.0,4.0,1.25,3.98,1.29,4.22,1.29
2022-03-15,BNP Paribas Open,3rd Round,Hard,Isner J.,Schwartzman D.,23,14.0,2.0,1.8,2.08,1.84,2.19,1.85
2022-03-15,BNP Paribas Open,3rd Round,Hard,De Minaur A.,Paul T.,31,39.0,2.0,1.8,2.18,1.77,2.18,1.92
2022-03-15,BNP Paribas Open,3rd Round,Hard,Fritz T.,Munar J.,20,99.0,1.2,4.5,1.18,5.76,1.2,5.85
2022-03-15,BNP Paribas Open,3rd Round,Hard,Berrettini M.,Harris L.,6,32.0,1.25,4.0,1.3,3.92,1.3,4.36
2022-03-15,BNP Paribas Open,3rd Round,Hard,Kecmanovic M.,Van De Zandschulp B.,61,47.0,2.3,1.61,2.31,1.69,2.45,1.69
2022-03-15,BNP Paribas Open,3rd Round,Hard,Kyrgios N.,Ruud C.,132,8.0,2.0,1.8,2.06,1.85,2.07,1.87
2022-03-15,BNP Paribas Open,3rd Round,Hard,Norrie C.,Basilashvili N.,12,18.0,1.22,4.33,1.24,4.54,1.24,4.8
2022-03-15,BNP Paribas Open,3rd Round,Hard,Brooksby J.,Tsitsipas S.,43,5.0,2.3,1.61,2.34,1.68,2.5,1.68
2022-03-15,BNP Paribas Open,3rd Round,Hard,Sinner J.,Bonzi B.,10,62.0,1.22,4.33,1.25,4.44,1.25,4.91
2022-03-16,BNP Paribas Open,4th Round,Hard,Rublev A.,Hurkacz H.,7,11.0,1.53,2.5,1.6,2.51,1.6,2.66
2022-03-16,BNP Paribas Open,4th Round,Hard,Dimitrov G.,Isner J.,35,23.0,1.9,1.9,2.09,1.83,2.09,1.94
2022-03-16,BNP Paribas Open,4th Round,Hard,Nadal R.,Opelka R.,4,17.0,1.22,4.33,1.27,4.2,1.27,5.5
2022-03-16,BNP Paribas Open,4th Round,Hard,Fritz T.,De Minaur A.,20,31.0,1.72,2.1,1.71,2.26,1.76,2.26
2022-03-16,BNP Paribas Open,4th Round,Hard,Kyrgios N.,Sinner J.,132,10.0,2.0,1.8,2.04,1.87,2.1,1.87
2022-03-16,BNP Paribas Open,3rd Round,Hard,Rublev A.,Tiafoe F.,7,30.0,1.36,3.2,1.43,3.06,1.46,3.3
2022-03-16,BNP Paribas Open,3rd Round,Hard,Dimitrov G.,Bublik A.,35,33.0,1.8,2.0,1.83,2.09,1.9,2.1
2022-03-16,BNP Paribas Open,3rd Round,Hard,Hurkacz H.,Johnson S.,11,115.0,1.28,3.75,1.32,3.76,1.35,3.94
2022-03-16,BNP Paribas Open,4th Round,Hard,Kecmanovic M.,Berrettini M.,61,6.0,3.0,1.4,3.01,1.44,3.08,1.45
2022-03-17,BNP Paribas Open,4th Round,Hard,Alcaraz C.,Monfils G.,19,28.0,1.3,3.5,1.41,3.19,1.41,3.58
2022-03-17,BNP Paribas Open,4th Round,Hard,Norrie C.,Brooksby J.,12,43.0,1.72,2.1,1.76,2.2,1.82,2.2
2022-03-17,BNP Paribas Open,Quarterfinals,Hard,Nadal R.,Kyrgios N.,4,132.0,1.4,3.0,1.41,3.14,1.45,3.25
2022-03-18,BNP Paribas Open,Quarterfinals,Hard,Fritz T.,Kecmanovic M.,20,61.0,1.57,2.37,1.61,2.49,1.65,2.55
2022-03-18,BNP Paribas Open,Quarterfinals,Hard,Alcaraz C.,Norrie C.,19,12.0,1.36,3.2,1.38,3.34,1.42,3.34
2022-03-18,BNP Paribas Open,Quarterfinals,Hard,Rublev A.,Dimitrov G.,7,35.0,1.33,3.4,1.34,3.56,1.38,3.56
2022-03-19,BNP Paribas Open,Semifinals,Hard,Fritz T.,Rublev A.,20,7.0,2.75,1.44,2.72,1.52,2.96,1.6
2022-03-19,BNP Paribas Open,Semifinals,Hard,Nadal R.,Alcaraz C.,4,19.0,1.61,2.3,1.66,2.37,1.76,2.53
2022-03-20,BNP Paribas Open,The Final,Hard,Fritz T.,Nadal R.,20,4.0,4.5,1.2,5.17,1.19,5.5,1.23
2022-03-23,Miami Open,1st Round,Hard,Coric B.,Verdasco F.,166,123.0,1.72,2.1,1.76,2.19,1.83,2.19
2022-03-23,Miami Open,1st Round,Hard,Daniel T.,Munar J.,106,89.0,2.1,1.72,2.07,1.84,2.2,1.84
2022-03-23,Miami Open,1st Round,Hard,Goffin D.,Carballes Baena R.,70,79.0,1.4,3.0,1.44,3.03,1.45,3.25
2022-03-23,Miami Open,1st Round,Hard,Otte O.,Krueger M.,74,160.0,1.66,2.2,1.79,2.15,1.81,2.24
2022-03-23,Miami Open,1st Round,Hard,Kudla D.,Shang J.,84,441.0,1.33,3.4,1.39,3.27,1.4,3.4
2022-03-23,Miami Open,1st Round,Hard,Galan D.E.,Millman J.,118,73.0,2.75,1.44,2.86,1.48,2.9,1.48
2022-03-23,Miami Open,1st Round,Hard,Draper J.,Simon G.,146,139.0,1.5,2.62,1.47,2.91,1.56,2.91
2022-03-23,Miami Open,1st Round,Hard,Mcdonald M.,Koepfer D.,54,64.0,1.36,3.2,1.39,3.26,1.44,3.3
2022-03-23,Miami Open,1st Round,Hard,Cerundolo J.M.,Lajovic D.,122,46.0,7.0,1.1,7.26,1.13,9.0,1.13
2022-03-23,Miami Open,1st Round,Hard,Nakashima B.,Kwon S.W.,80,63.0,1.57,2.37,1.56,2.61,1.63,2.65
2022-03-23,Miami Open,1st Round,Hard,Gaston H.,Nava E.,68,312.0,1.61,2.3,1.68,2.32,1.73,2.35
2022-03-23,Miami Open,1st Round,Hard,Cerundolo F.,Griekspoor T.,103,57.0,3.4,1.33,3.19,1.41,3.4,1.42
2022-03-23,Miami Open,1st Round,Hard,Laaksonen H.,Paire B.,86,49.0,1.9,1.9,1.98,1.93,2.0,2.04
2022-03-24,Miami Open,1st Round,Hard,Kecmanovic M.,Sock J.,48,144.0,1.72,2.1,1.73,2.24,1.83,2.26
2022-03-24,Miami Open,1st Round,Hard,Murray A.,Delbonis F.,85,36.0,1.16,5.0,1.19,5.47,1.19,5.76
2022-03-24,Miami Open,1st Round,Hard,Paul T.,Bonzi B.,37,59.0,1.5,2.62,1.56,2.61,1.62,2.76
2022-03-24,Miami Open,1st Round,Hard,Rinderknech A.,Djere L.,58,53.0,1.53,2.5,1.54,2.67,1.59,2.71
2022-03-24,Miami Open,1st Round,Hard,Kukushkin M.,Van De Zandschulp B.,159,42.0,3.75,1.28,3.8,1.31,4.05,1.35
2022-03-24,Miami Open,1st Round,Hard,Fucsovics M.,Giron M.,55,52.0,1.72,2.1,1.76,2.18,1.82,2.2
2022-03-24,Miami Open,1st Round,Hard,Majchrzak K.,Baez S.,75,66.0,1.72,2.1,1.69,2.3,1.77,2.31
2022-03-24,Miami Open,1st Round,Hard,Thompson J.,Tsonga J.W.,78,225.0,1.53,2.5,1.53,2.7,1.55,2.73
2022-03-24,Miami Open,1st Round,Hard,Popyrin A.,Musetti L.,92,76.0,2.37,1.57,2.46,1.62,2.55,1.66
2022-03-24,Miami Open,1st Round,Hard,Brooksby J.,Coria F.,39,60.0,1.04,13.0,1.04,15.07,1.06,15.3
2022-03-24,Miami Open,1st Round,Hard,Martinez P.,Struff J.L.,47,56.0,1.72,2.1,1.81,2.11,1.81,2.5
2022-03-24,Miami Open,1st Round,Hard,Korda S.,Davidovich Fokina A.,38,43.0,1.44,2.75,1.49,2.85,1.49,3.0
2022-03-24,Miami Open,1st Round,Hard,Harris L.,Bagnis F.,44,104.0,1.3,3.5,1.32,3.72,1.34,3.8
2022-03-24,Miami Open,1st Round,Hard,Nishioka Y.,Gomez E.,96,145.0,1.28,3.75,1.3,3.88,1.36,3.97
2022-03-24,Miami Open,1st Round,Hard,Humbert U.,Bedene A.,45,141.0,1.33,3.4,1.39,3.26,1.4,3.45
2022-03-24,Miami Open,1st Round,Hard,Kokkinakis T.,Gasquet R.,97,81.0,1.4,3.0,1.44,3.03,1.44,3.07
2022-03-24,Miami Open,1st Round,Hard,Kyrgios N.,Mannarino A.,102,61.0,1.2,4.5,1.26,4.37,1.28,4.5
2022-03-24,Miami Open,1st Round,Hard,Ruusuvuori E.,Cressy M.,71,72.0,1.57,2.37,1.66,2.37,1.66,2.44
2022-03-24,Miami Open,1st Round,Hard,Wolf J.J.,Altmaier D.,167,69.0,1.53,2.5,1.61,2.48,1.62,2.7
2022-03-25,Miami Open,2nd Round,Hard,Kyrgios N.,Rublev A.,102,7.0,2.2,1.66,2.23,1.74,2.4,1.74
2022-03-25,Miami Open,2nd Round,Hard,Mcdonald M.,Dimitrov G.,54,29.0,2.37,1.57,2.46,1.62,2.63,1.62
2022-03-25,Miami Open,2nd Round,Hard,Bublik A.,Galan D.E.,33,118.0,1.4,3.0,1.43,3.05,1.44,3.24
2022-03-25,Miami Open,2nd Round,Hard,Cerundolo F.,Opelka R.,103,18.0,5.0,1.16,6.45,1.15,6.45,1.19
2022-03-25,Miami Open,2nd Round,Hard,Kudla D.,Sonego L.,84,21.0,2.62,1.5,2.7,1.53,2.7,1.55
2022-03-25,Miami Open,2nd Round,Hard,Kokkinakis T.,Schwartzman D.,97,15.0,2.1,1.72,1.94,1.96,2.15,1.96
2022-03-25,Miami Open,2nd Round,Hard,Monfils G.,Otte O.,24,74.0,1.25,4.0,1.33,3.69,1.33,4.4
2022-03-25,Miami Open,2nd Round,Hard,Gaston H.,Isner J.,68,22.0,4.0,1.25,4.39,1.26,4.39,1.29
2022-03-25,Miami Open,2nd Round,Hard,Zverev A.,Coric B.,4,166.0,1.14,5.5,1.17,5.94,1.2,6.0
2022-03-25,Miami Open,2nd Round,Hard,Carreno Busta P.,Goffin D.,19,70.0,1.44,2.75,1.53,2.7,1.53,2.85
2022-03-25,Miami Open,2nd Round,Hard,Norrie C.,Draper J.,12,146.0,1.16,5.0,1.17,6.02,1.2,6.65
2022-03-25,Miami Open,2nd Round,Hard,Cerundolo J.M.,Anderson K.,122,91.0,,,,,6.0,1.29
2022-03-25,Miami Open,2nd Round,Hard,Sinner J.,Ruusuvuori E.,11,71.0,1.4,3.0,1.44,3.04,1.45,3.26
2022-03-25,Miami Open,2nd Round,Hard,Fognini F.,Daniel T.,34,106.0,2.37,1.57,2.51,1.6,2.6,1.63
2022-03-26,Miami Open,2nd Round,Hard,Tsitsipas S.,Wolf J.J.,5,167.0,1.2,4.5,1.24,4.62,1.25,4.85
2022-03-26,Miami Open,2nd Round,Hard,Brooksby J.,Basilashvili N.,39,20.0,1.36,3.2,1.42,3.12,1.42,3.45
2022-03-26,Miami Open,2nd Round,Hard,Korda S.,Ramos-Vinolas A.,38,35.0,1.14,5.5,1.14,6.77,1.17,6.85
2022-03-26,Miami Open,2nd Round,Hard,Fritz T.,Kukushkin M.,13,159.0,1.25,4.0,1.27,4.18,1.3,4.5
2022-03-26,Miami Open,2nd Round,Hard,Karatsev A.,Humbert U.,32,45.0,1.66,2.2,1.69,2.3,1.69,2.31
2022-03-26,Miami Open,2nd Round,Hard,Kecmanovic M.,Auger-Aliassime F.,48,9.0,3.0,1.4,2.98,1.45,3.22,1.45
2022-03-26,Miami Open,2nd Round,Hard,Nishioka Y.,Evans D.,96,27.0,2.5,1.53,2.48,1.61,2.7,1.61
2022-03-26,Miami Open,2nd Round,Hard,Harris L.,Shapovalov D.,44,14.0,2.75,1.44,2.96,1.46,2.96,1.5
2022-03-26,Miami Open,2nd Round,Hard,Martinez P.,Garin C.,47,30.0,1.44,2.75,1.5,2.79,1.5,2.92
2022-03-26,Miami Open,2nd Round,Hard,Medvedev D.,Murray A.,2,85.0,1.12,6.0,1.14,6.74,1.18,8.0
2022-03-26,Miami Open,2nd Round,Hard,Paul T.,Khachanov K.,37,25.0,2.0,1.8,1.98,1.92,2.09,1.93
2022-03-26,Miami Open,2nd Round,Hard,De Minaur A.,Thompson J.,28,78.0,1.25,4.0,1.22,4.83,1.26,4.83
2022-03-26,Miami Open,2nd Round,Hard,Bautista Agut R.,Majchrzak K.,17,75.0,1.22,4.33,1.25,4.48,1.26,4.7
2022-03-26,Miami Open,2nd Round,Hard,Tiafoe F.,Nakashima B.,31,80.0,2.0,1.8,2.07,1.85,2.07,1.92
2022-03-26,Miami Open,2nd Round,Hard,Ruud C.,Laaksonen H.,8,86.0,1.14,5.5,1.14,6.72,1.16,6.72
2022-03-26,Miami Open,2nd Round,Hard,Hurkacz H.,Rinderknech A.,10,58.0,1.33,3.4,1.31,3.8,1.36,3.84
2022-03-27,Miami Open,3rd Round,Hard,Sinner J.,Carreno Busta P.,11,19.0,1.53,2.5,1.59,2.53,1.59,2.6
2022-03-27,Miami Open,3rd Round,Hard,Kyrgios N.,Fognini F.,102,34.0,1.14,5.5,1.17,5.57,1.18,6.1
2022-03-27,Miami Open,3rd Round,Hard,Ruud C.,Bublik A.,8,33.0,1.3,3.5,1.31,3.81,1.33,4.0
2022-03-27,Miami Open,3rd Round,Hard,Tiafoe F.,Cerundolo J.M.,31,122.0,1.12,6.0,1.15,6.51,1.18,6.75
2022-03-27,Miami Open,2nd Round,Hard,Alcaraz C.,Fucsovics M.,16,55.0,1.14,5.5,1.19,5.42,1.2,5.6
2022-03-27,Miami Open,2nd Round,Hard,Cilic M.,Popyrin A.,23,92.0,1.44,2.75,1.49,2.82,1.57,2.86
2022-03-27,Miami Open,3rd Round,Hard,Norrie C.,Gaston H.,12,68.0,1.12,6.0,1.18,5.75,1.21,6.65
2022-03-28,Miami Open,3rd Round,Hard,Cerundolo F.,Monfils G.,103,24.0,5.0,1.16,5.71,1.18,5.71,1.19
2022-03-28,Miami Open,3rd Round,Hard,Kokkinakis T.,Kudla D.,97,84.0,1.33,3.4,1.34,3.62,1.35,3.75
2022-03-28,Miami Open,3rd Round,Hard,Zverev A.,Mcdonald M.,4,54.0,1.16,5.0,1.22,4.94,1.22,5.25
2022-03-28,Miami Open,3rd Round,Hard,Brooksby J.,Bautista Agut R.,39,17.0,1.66,2.2,1.75,2.21,1.75,2.38
2022-03-28,Miami Open,3rd Round,Hard,Medvedev D.,Martinez P.,2,47.0,1.05,11.0,1.04,15.79,1.07,15.79
2022-03-28,Miami Open,3rd Round,Hard,Hurkacz H.,Karatsev A.,10,32.0,1.4,3.0,1.36,3.44,1.45,3.44
2022-03-28,Miami Open,3rd Round,Hard,Harris L.,Nishioka Y.,44,96.0,1.5,2.62,1.57,2.58,1.57,2.8
2022-03-28,Miami Open,3rd Round,Hard,Alcaraz C.,Cilic M.,16,23.0,1.22,4.33,1.23,4.76,1.24,5.05
2022-03-28,Miami Open,3rd Round,Hard,Fritz T.,Paul T.,13,37.0,1.66,2.2,1.65,2.4,1.72,2.4
2022-03-28,Miami Open,3rd Round,Hard,Kecmanovic M.,Korda S.,48,38.0,1.72,2.1,1.89,2.02,1.9,2.1
2022-03-29,Miami Open,4th Round,Hard,Cerundolo F.,Tiafoe F.,103,31.0,3.2,1.36,3.16,1.41,3.2,1.44
2022-03-29,Miami Open,4th Round,Hard,Hurkacz H.,Harris L.,10,44.0,1.3,3.5,1.35,3.53,1.37,3.6
2022-03-29,Miami Open,4th Round,Hard,Medvedev D.,Brooksby J.,2,39.0,1.16,5.0,1.22,4.85,1.23,5.54
2022-03-29,Miami Open,3rd Round,Hard,Tsitsipas S.,De Minaur A.,5,28.0,1.36,3.2,1.41,3.18,1.42,3.21
2022-03-29,Miami Open,4th Round,Hard,Zverev A.,Kokkinakis T.,4,97.0,1.2,4.5,1.23,4.66,1.23,5.03
2022-03-29,Miami Open,4th Round,Hard,Ruud C.,Norrie C.,8,12.0,1.57,2.37,1.72,2.26,1.72,2.51
2022-03-29,Miami Open,4th Round,Hard,Sinner J.,Kyrgios N.,11,102.0,2.75,1.44,2.62,1.56,2.8,1.56
2022-03-30,Miami Open,4th Round,Hard,Alcaraz C.,Tsitsipas S.,16,5.0,1.5,2.62,1.53,2.71,1.61,2.71
2022-03-30,Miami Open,4th Round,Hard,Kecmanovic M.,Fritz T.,48,13.0,2.62,1.5,2.74,1.52,2.75,1.57
2022-03-30,Miami Open,Quarterfinals,Hard,Cerundolo F.,Sinner J.,103,11.0,5.5,1.14,6.24,1.16,6.24,1.19
2022-03-31,Miami Open,Quarterfinals,Hard,Ruud C.,Zverev A.,8,4.0,3.5,1.3,3.4,1.37,3.6,1.38
2022-03-31,Miami Open,Quarterfinals,Hard,Hurkacz H.,Medvedev D.,10,2.0,4.0,1.25,3.82,1.31,4.35,1.31
2022-04-01,Miami Open,Quarterfinals,Hard,Alcaraz C.,Kecmanovic M.,16,48.0,1.16,5.0,1.19,5.38,1.22,5.5
2022-04-01,Miami Open,Semifinals,Hard,Ruud C.,Cerundolo F.,8,103.0,1.14,5.5,1.17,6.02,1.19,6.1
2022-04-02,Miami Open,Semifinals,Hard,Alcaraz C.,Hurkacz H.,16,10.0,1.44,2.75,1.47,2.89,1.51,2.95
2022-04-03,Miami Open,The Final,Hard,Alcaraz C.,Ruud C.,16,8.0,1.33,3.4,1.37,3.38,1.41,3.58
2022-04-05,Grand Prix Hassan II,1st Round,Clay,Musetti L.,Ramos-Vinolas A.,82,33.0,2.2,1.66,2.32,1.67,2.55,1.7
2022-04-05,Grand Prix Hassan II,1st Round,Clay,Sousa J.,Delbonis F.,90,35.0,3.0,1.4,3.19,1.4,3.46,1.42
2022-04-05,Grand Prix Hassan II,1st Round,Clay,Van De Zandschulp B.,Dellien H.,43,93.0,1.72,2.1,1.68,2.3,1.8,2.32
2022-04-05,Grand Prix Hassan II,1st Round,Clay,Gasquet R.,Laaksonen H.,86,87.0,1.57,2.37,1.53,2.66,1.6,2.66
2022-04-05,Grand Prix Hassan II,1st Round,Clay,Auger-Aliassime F.,Benchetrit E.,9,436.0,1.04,13.0,1.05,12.44,1.05,15.33
2022-04-05,Grand Prix Hassan II,1st Round,Clay,Molcan A.,Travaglia S.,65,112.0,1.5,2.62,1.56,2.57,1.6,2.65
2022-04-05,Grand Prix Hassan II,1st Round,Clay,Jaziri M.,Vesely J.,329,69.0,7.0,1.1,6.93,1.13,7.0,1.22
2022-04-05,Grand Prix Hassan II,1st Round,Clay,Coria F.,Davidovich Fokina A.,60,45.0,2.75,1.44,2.59,1.56,2.75,1.56
2022-04-05,Grand Prix Hassan II,1st Round,Clay,Andujar P.,Evans D.,73,26.0,1.61,2.3,1.69,2.28,1.69,2.33
2022-04-05,Grand Prix Hassan II,1st Round,Clay,Carballes Baena R.,Cecchinato M.,79,97.0,1.36,3.2,1.4,3.19,1.4,3.21
2022-04-05,U.S. Men's Clay Court Championships,1st Round,Clay,Kyrgios N.,Mcdonald M.,94,52.0,1.44,2.75,1.5,2.72,1.57,2.75
2022-04-05,U.S. Men's Clay Court Championships,1st Round,Clay,Paul T.,Gojowczyk P.,34,101.0,1.14,5.5,1.16,5.93,1.2,6.3
2022-04-05,U.S. Men's Clay Court Championships,1st Round,Clay,Brouwer G.,Lopez F.,361,118.0,1.72,2.1,1.75,2.16,1.81,2.2
2022-04-05,U.S. Men's Clay Court Championships,1st Round,Clay,Johnson S.,Kudla D.,108,81.0,1.61,2.3,1.65,2.34,1.7,2.54
2022-04-05,U.S. Men's Clay Court Championships,1st Round,Clay,Krueger M.,Varillas J. P.,161,111.0,2.75,1.44,3.27,1.37,3.27,1.44
2022-04-05,U.S. Men's Clay Court Championships,1st Round,Clay,Wolf J.J.,Brooksby J.,157,36.0,3.75,1.28,3.72,1.31,4.05,1.33
2022-04-05,U.S. Men's Clay Court Championships,1st Round,Clay,Querrey S.,Galan D.E.,114,121.0,2.75,1.44,2.78,1.48,2.9,1.54
2022-04-05,U.S. Men's Clay Court Championships,1st Round,Clay,Thompson J.,Diez S.,83,292.0,1.5,2.62,1.5,2.73,1.5,2.88
2022-04-05,Grand Prix Hassan II,1st Round,Clay,Taberner C.,Hanfmann Y.,96,113.0,1.8,2.0,1.85,2.04,1.86,2.05
2022-04-05,Grand Prix Hassan II,1st Round,Clay,Djere L.,Lehecka J.,55,98.0,1.53,2.5,1.54,2.59,1.6,2.75
2022-04-06,Grand Prix Hassan II,1st Round,Clay,Kotov P.,Griekspoor T.,172,56.0,3.2,1.36,2.95,1.45,3.21,1.48
2022-04-06,Grand Prix Hassan II,1st Round,Clay,Basic M.,Majchrzak K.,215,76.0,4.33,1.22,3.99,1.28,4.5,1.28
2022-04-06,Grand Prix Hassan II,1st Round,Clay,Goffin D.,Dzumhur D.,74,145.0,1.5,2.62,1.57,2.55,1.57,2.78
2022-04-06,Grand Prix Hassan II,2nd Round,Clay,Musetti L.,Taberner C.,82,96.0,1.44,2.75,1.54,2.67,1.6,2.75
2022-04-06,Grand Prix Hassan II,1st Round,Clay,Kopriva V.,Zapata Miralles B.,165,123.0,2.1,1.72,2.05,1.85,2.25,1.85
2022-04-06,Grand Prix Hassan II,2nd Round,Clay,Djere L.,Jaziri M.,55,329.0,1.1,7.0,1.1,8.83,1.14,8.83
2022-04-06,U.S. Men's Clay Court Championships,1st Round,Clay,Cuevas P.,Purcell M.,105,164.0,1.44,2.75,1.52,2.65,1.6,2.75
2022-04-06,U.S. Men's Clay Court Championships,1st Round,Clay,Garin C.,Sock J.,29,138.0,1.9,1.9,2.0,1.88,2.1,1.92
2022-04-06,U.S. Men's Clay Court Championships,1st Round,Clay,Tabilo A.,Harrison C.,100,271.0,1.22,4.33,1.27,4.04,1.27,4.5
2022-04-06,U.S. Men's Clay Court Championships,1st Round,Clay,Tiafoe F.,Giron M.,30,53.0,1.53,2.5,1.54,2.61,1.54,2.8
2022-04-06,U.S. Men's Clay Court Championships,2nd Round,Clay,Mmoh M.,Querrey S.,226,114.0,2.5,1.53,2.86,1.48,2.88,1.67
2022-04-06,U.S. Men's Clay Court Championships,2nd Round,Clay,Kyrgios N.,Paul T.,94,34.0,1.61,2.3,1.68,2.33,1.68,2.4
2022-04-07,Grand Prix Hassan II,2nd Round,Clay,Molcan A.,Auger-Aliassime F.,65,9.0,3.75,1.28,3.92,1.3,4.4,1.33
2022-04-07,Grand Prix Hassan II,2nd Round,Clay,Van De Zandschulp B.,Kopriva V.,43,165.0,1.4,3.0,1.43,3.09,1.43,3.29
2022-04-07,Grand Prix Hassan II,2nd Round,Clay,Gasquet R.,Kotov P.,86,172.0,1.44,2.75,1.44,3.01,1.55,3.01
2022-04-07,Grand Prix Hassan II,2nd Round,Clay,Carballes Baena R.,Sousa J.,79,90.0,1.44,2.75,1.54,2.66,1.54,2.79
2022-04-07,Grand Prix Hassan II,2nd Round,Clay,Coria F.,Basic M.,60,215.0,1.28,3.75,1.29,3.98,1.33,4.03
2022-04-07,Grand Prix Hassan II,2nd Round,Clay,Goffin D.,Andujar P.,74,73.0,2.3,1.61,2.31,1.69,2.4,1.69
2022-04-07,U.S. Men's Clay Court Championships,2nd Round,Clay,Brouwer G.,Wolf J.J.,361,157.0,3.4,1.33,3.61,1.34,3.7,1.4
2022-04-07,U.S. Men's Clay Court Championships,2nd Round,Clay,Garin C.,Thompson J.,29,83.0,1.36,3.2,1.43,3.08,1.46,3.3
2022-04-07,U.S. Men's Clay Court Championships,2nd Round,Clay,Tiafoe F.,Cuevas P.,30,105.0,1.4,3.0,1.56,2.62,1.56,3.0
2022-04-07,U.S. Men's Clay Court Championships,2nd Round,Clay,Opelka R.,Krueger M.,18,161.0,1.36,3.2,1.39,3.28,1.41,3.43
2022-04-08,Grand Prix Hassan II,Quarterfinals,Clay,Molcan A.,Van De Zandschulp B.,65,43.0,1.9,1.9,2.04,1.87,2.04,2.1
2022-04-08,Grand Prix Hassan II,Quarterfinals,Clay,Djere L.,Musetti L.,55,82.0,2.1,1.72,2.1,1.82,2.21,1.82
2022-04-08,Grand Prix Hassan II,Quarterfinals,Clay,Coria F.,Gasquet R.,60,86.0,1.61,2.3,1.71,2.28,1.71,2.49
2022-04-08,Grand Prix Hassan II,Quarterfinals,Clay,Goffin D.,Carballes Baena R.,74,79.0,1.66,2.2,1.69,2.31,1.76,2.35
2022-04-08,U.S. Men's Clay Court Championships,Quarterfinals,Clay,Kyrgios N.,Mmoh M.,94,226.0,1.1,7.0,1.11,7.93,1.14,8.25
2022-04-08,U.S. Men's Clay Court Championships,Quarterfinals,Clay,Garin C.,Fritz T.,29,13.0,3.5,1.3,4.02,1.29,4.02,1.36
2022-04-08,U.S. Men's Clay Court Championships,Quarterfinals,Clay,Opelka R.,Brouwer G.,18,361.0,1.25,4.0,1.28,4.16,1.32,4.22
2022-04-08,U.S. Men's Clay Court Championships,2nd Round,Clay,Isner J.,Johnson S.,27,108.0,1.66,2.2,1.78,2.16,1.78,2.3
2022-04-08,U.S. Men's Clay Court Championships,2nd Round,Clay,Fritz T.,Tabilo A.,13,100.0,1.66,2.2,1.88,2.03,1.88,2.37
2022-04-09,U.S. Men's Clay Court Championships,Quarterfinals,Clay,Isner J.,Tiafoe F.,27,30.0,1.9,1.9,1.92,1.99,2.09,2.01
2022-04-09,U.S. Men's Clay Court Championships,Semifinals,Clay,Opelka R.,Kyrgios N.,18,94.0,2.5,1.53,2.68,1.53,2.81,1.59
2022-04-09,U.S. Men's Clay Court Championships,Semifinals,Clay,Isner J.,Garin C.,27,29.0,1.8,2.0,1.81,2.13,1.86,2.16
2022-04-09,Grand Prix Hassan II,Semifinals,Clay,Goffin D.,Coria F.,74,60.0,1.66,2.2,1.75,2.21,1.75,2.35
2022-04-09,Grand Prix Hassan II,Semifinals,Clay,Molcan A.,Djere L.,65,55.0,2.2,1.66,2.48,1.61,2.53,1.74
2022-04-10,Monte Carlo Masters,1st Round,Clay,Fucsovics M.,Harris L.,57,40.0,1.5,2.62,1.52,2.72,1.55,2.72
2022-04-10,Monte Carlo Masters,1st Round,Clay,Lajovic D.,Krajinovic F.,49,39.0,2.2,1.66,2.18,1.77,2.33,1.77
2022-04-10,Monte Carlo Masters,1st Round,Clay,Dimitrov G.,Basilashvili N.,29,20.0,1.44,2.75,1.51,2.78,1.52,3.1
2022-04-10,U.S. Men's Clay Court Championships,The Final,Clay,Opelka R.,Isner J.,18,27.0,1.61,2.3,1.61,2.47,1.68,2.53
2022-04-10,Grand Prix Hassan II,The Final,Clay,Goffin D.,Molcan A.,74,65.0,2.0,1.8,2.05,1.86,2.1,1.87
2022-04-10,Monte Carlo Masters,1st Round,Clay,Davidovich Fokina A.,Giron M.,46,54.0,1.44,2.75,1.53,2.69,1.53,2.9
2022-04-11,Monte Carlo Masters,1st Round,Clay,Bublik A.,Wawrinka S.,36,236.0,1.44,2.75,1.47,2.92,1.51,2.95
2022-04-11,Monte Carlo Masters,1st Round,Clay,Hurkacz H.,Dellien H.,14,92.0,1.4,3.0,1.43,2.93,1.63,3.16
2022-04-11,Monte Carlo Masters,1st Round,Clay,Carreno Busta P.,Baez S.,19,66.0,1.44,2.75,1.5,2.81,1.5,2.97
2022-04-11,Monte Carlo Masters,1st Round,Clay,Sinner J.,Coric B.,12,198.0,1.36,3.2,1.4,3.22,1.41,3.42
2022-04-11,Monte Carlo Masters,1st Round,Clay,De Minaur A.,Zapata Miralles B.,25,123.0,1.3,3.5,1.36,3.49,1.36,3.68
2022-04-11,Monte Carlo Masters,1st Round,Clay,Cilic M.,Tsonga J.W.,22,254.0,1.22,4.33,1.21,5.21,1.25,5.21
2022-04-11,Monte Carlo Masters,1st Round,Clay,Schwartzman D.,Khachanov K.,16,24.0,1.44,2.75,1.53,2.71,1.57,2.79
2022-04-11,Monte Carlo Masters,1st Round,Clay,Fognini F.,Rinderknech A.,32,59.0,1.44,2.75,1.49,2.84,1.53,2.88
2022-04-11,Monte Carlo Masters,1st Round,Clay,Ramos-Vinolas A.,Griekspoor T.,37,58.0,1.57,2.37,1.53,2.68,1.62,2.73
2022-04-11,Monte Carlo Masters,1st Round,Clay,Korda S.,Van De Zandschulp B.,42,41.0,1.66,2.2,1.62,2.45,1.69,2.45
2022-04-11,Monte Carlo Masters,1st Round,Clay,Delbonis F.,Munar J.,34,105.0,3.5,1.3,3.65,1.33,3.65,1.36
2022-04-12,Monte Carlo Masters,2nd Round,Clay,Dimitrov G.,Lajovic D.,29,49.0,1.5,2.62,1.56,2.61,1.6,2.65
2022-04-12,Monte Carlo Masters,2nd Round,Clay,Tsitsipas S.,Fognini F.,5,32.0,1.28,3.75,1.32,3.72,1.33,4.0
2022-04-12,Monte Carlo Masters,2nd Round,Clay,Davidovich Fokina A.,Djokovic N.,46,1.0,5.0,1.16,6.43,1.15,6.5,1.18
2022-04-12,Monte Carlo Masters,1st Round,Clay,Rune H.,Karatsev A.,79,30.0,1.66,2.2,1.75,2.21,1.82,2.21
2022-04-12,Monte Carlo Masters,1st Round,Clay,Goffin D.,Lehecka J.,47,99.0,1.66,2.2,1.66,2.37,1.7,2.37
2022-04-12,Monte Carlo Masters,1st Round,Clay,Musetti L.,Paire B.,83,61.0,1.4,3.0,1.42,3.11,1.47,3.11
2022-04-12,Monte Carlo Masters,1st Round,Clay,Djere L.,Cressy M.,62,69.0,1.28,3.75,1.3,3.89,1.34,3.92
2022-04-12,Monte Carlo Masters,1st Round,Clay,Martinez P.,Humbert U.,45,48.0,1.4,3.0,1.43,3.08,1.44,3.22
2022-04-12,Monte Carlo Masters,1st Round,Clay,Sonego L.,Ivashka I.,26,44.0,1.4,3.0,1.41,3.18,1.41,3.26
2022-04-12,Monte Carlo Masters,1st Round,Clay,Evans D.,Bonzi B.,27,63.0,1.8,2.0,1.88,2.03,1.92,2.12
2022-04-12,Monte Carlo Masters,1st Round,Clay,Ruusuvuori E.,Otte O.,81,72.0,1.66,2.2,1.66,2.38,1.75,2.38
2022-04-12,Monte Carlo Masters,1st Round,Clay,Fritz T.,Catarina L.,13,430.0,1.02,17.0,1.03,18.43,1.06,19.5
2022-04-13,Monte Carlo Masters,2nd Round,Clay,Carreno Busta P.,Bublik A.,19,36.0,1.22,4.33,1.3,3.89,1.3,4.74
2022-04-13,Monte Carlo Masters,2nd Round,Clay,Rublev A.,De Minaur A.,8,25.0,1.3,3.5,1.33,3.68,1.36,3.7
2022-04-13,Monte Carlo Masters,2nd Round,Clay,Musetti L.,Auger-Aliassime F.,83,9.0,2.37,1.57,2.51,1.6,2.52,1.65
2022-04-13,Monte Carlo Masters,2nd Round,Clay,Sinner J.,Ruusuvuori E.,12,81.0,1.3,3.5,1.36,3.46,1.36,3.65
2022-04-13,Monte Carlo Masters,2nd Round,Clay,Zverev A.,Delbonis F.,3,34.0,1.14,5.5,1.14,6.87,1.16,6.87
2022-04-13,Monte Carlo Masters,2nd Round,Clay,Ruud C.,Rune H.,7,79.0,1.16,5.0,1.18,5.74,1.2,5.74
2022-04-13,Monte Carlo Masters,2nd Round,Clay,Schwartzman D.,Fucsovics M.,16,57.0,1.3,3.5,1.35,3.5,1.38,3.6
2022-04-13,Monte Carlo Masters,2nd Round,Clay,Goffin D.,Evans D.,47,27.0,1.66,2.2,1.72,2.25,1.77,2.25
2022-04-13,Monte Carlo Masters,2nd Round,Clay,Hurkacz H.,Martinez P.,14,45.0,1.5,2.62,1.53,2.68,1.53,2.76
2022-04-13,Monte Carlo Masters,2nd Round,Clay,Djere L.,Sonego L.,62,26.0,2.2,1.66,2.28,1.71,2.4,1.71
2022-04-13,Monte Carlo Masters,2nd Round,Clay,Korda S.,Alcaraz C.,42,11.0,4.33,1.22,4.6,1.24,4.84,1.25
2022-04-13,Monte Carlo Masters,2nd Round,Clay,Ramos-Vinolas A.,Norrie C.,37,10.0,2.2,1.66,2.33,1.68,2.45,1.72
2022-04-13,Monte Carlo Masters,2nd Round,Clay,Fritz T.,Cilic M.,13,22.0,2.37,1.57,2.46,1.62,2.5,1.68
2022-04-14,Monte Carlo Masters,3rd Round,Clay,Hurkacz H.,Ramos-Vinolas A.,14,37.0,1.61,2.3,1.65,2.38,1.68,2.51
2022-04-14,Monte Carlo Masters,3rd Round,Clay,Zverev A.,Carreno Busta P.,3,19.0,1.3,3.5,1.33,3.69,1.33,3.77
2022-04-14,Monte Carlo Masters,3rd Round,Clay,Tsitsipas S.,Djere L.,5,62.0,1.12,6.0,1.14,6.8,1.15,6.8
2022-04-14,Monte Carlo Masters,3rd Round,Clay,Sinner J.,Rublev A.,12,8.0,1.9,1.9,1.86,2.05,1.95,2.05
2022-04-14,Monte Carlo Masters,3rd Round,Clay,Davidovich Fokina A.,Goffin D.,46,47.0,2.1,1.72,2.16,1.78,2.22,2.0
2022-04-14,Monte Carlo Masters,3rd Round,Clay,Dimitrov G.,Ruud C.,29,7.0,4.5,1.2,4.64,1.24,4.75,1.24
2022-04-14,Monte Carlo Masters,3rd Round,Clay,Fritz T.,Korda S.,13,42.0,2.2,1.66,2.14,1.8,2.23,1.82
2022-04-14,Monte Carlo Masters,3rd Round,Clay,Schwartzman D.,Musetti L.,16,83.0,1.57,2.37,1.61,2.47,1.61,2.52
2022-04-15,Monte Carlo Masters,Quarterfinals,Clay,Davidovich Fokina A.,Fritz T.,46,13.0,1.8,2.0,1.85,2.07,1.91,2.18
2022-04-15,Monte Carlo Masters,Quarterfinals,Clay,Dimitrov G.,Hurkacz H.,29,14.0,2.0,1.8,2.14,1.79,2.26,1.84
2022-04-15,Monte Carlo Masters,Quarterfinals,Clay,Zverev A.,Sinner J.,3,12.0,1.44,2.75,1.41,3.09,1.46,3.24
2022-04-15,Monte Carlo Masters,Quarterfinals,Clay,Tsitsipas S.,Schwartzman D.,5,16.0,1.33,3.4,1.34,3.56,1.39,3.7
2022-04-16,Monte Carlo Masters,Semifinals,Clay,Tsitsipas S.,Zverev A.,5,3.0,1.9,1.9,1.87,2.04,2.06,2.06
2022-04-16,Monte Carlo Masters,Semifinals,Clay,Davidovich Fokina A.,Dimitrov G.,46,29.0,1.72,2.1,1.84,2.08,1.86,2.15
2022-04-17,Monte Carlo Masters,The Final,Clay,Tsitsipas S.,Davidovich Fokina A.,5,46.0,1.22,4.33,1.2,5.2,1.3,5.25
2022-04-18,Serbia Open,1st Round,Clay,Kecmanovic M.,Gasquet R.,38,82.0,1.28,3.75,1.31,3.73,1.32,4.3
2022-04-18,Serbia Open,1st Round,Clay,Rune H.,Garin C.,72,31.0,1.72,2.1,1.76,2.17,1.83,2.17
2022-04-18,Serbia Open,1st Round,Clay,Bedene A.,Kukushkin M.,164,167.0,1.66,2.2,1.74,2.2,1.8,2.24
2022-04-18,Barcelona Open,1st Round,Clay,Zapata Miralles B.,Robredo T.,119,362.0,1.1,7.0,1.11,7.8,1.11,8.0
2022-04-18,Serbia Open,1st Round,Clay,Fognini F.,Cecchinato M.,62,108.0,1.4,3.0,1.37,3.34,1.41,3.34
2022-04-18,Barcelona Open,1st Round,Clay,Ymer E.,Cressy M.,135,69.0,1.44,2.75,1.5,2.76,1.52,2.92
2022-04-18,Barcelona Open,1st Round,Clay,Munar J.,Moroni G.M.,101,181.0,1.12,6.0,1.11,7.46,1.14,7.5
2022-04-18,Barcelona Open,1st Round,Clay,Nakashima B.,Alvarez Varona N.,81,285.0,1.33,3.4,1.39,3.22,1.4,3.4
2022-04-18,Barcelona Open,1st Round,Clay,Gerasimov E.,Mannarino A.,155,68.0,1.53,2.5,1.61,2.46,1.61,2.58
2022-04-18,Barcelona Open,1st Round,Clay,Mcdonald M.,Grenier H.,51,156.0,1.28,3.75,1.27,4.09,1.33,4.65
2022-04-18,Barcelona Open,1st Round,Clay,Kwon S.W.,Paire B.,71,60.0,2.1,1.72,2.18,1.76,2.19,1.89
2022-04-18,Barcelona Open,1st Round,Clay,Coria F.,Giron M.,52,55.0,1.4,3.0,1.44,3.01,1.44,3.27
2022-04-18,Barcelona Open,1st Round,Clay,Musetti L.,Baez S.,66,3.0,1.9,1.9,1.94,1.94,1.95,2.0
2022-04-19,Serbia Open,1st Round,Clay,Daniel T.,Lajovic D.,104,78.0,2.0,1.8,2.01,1.88,2.26,1.91
2022-04-19,Serbia Open,1st Round,Clay,Otte O.,Tabilo A.,70,91.0,2.3,1.61,2.37,1.65,2.83,1.65
2022-04-19,Serbia Open,1st Round,Clay,Krajinovic F.,Goffin D.,45,49.0,2.3,1.61,2.31,1.68,2.55,1.68
2022-04-19,Serbia Open,1st Round,Clay,Monteiro T.,Sousa J.,110,85.0,1.57,2.37,1.53,2.65,1.6,2.73
2022-04-19,Serbia Open,1st Round,Clay,Safiullin R.,Ymer M.,151,98.0,2.1,1.72,2.22,1.73,2.22,1.82
2022-04-19,Serbia Open,1st Round,Clay,Djere L.,Medjedovic H.,50,473.0,1.14,5.5,1.15,6.22,1.17,6.22
2022-04-19,Serbia Open,1st Round,Clay,Lehecka J.,Laaksonen H.,93,92.0,1.5,2.62,1.51,2.72,1.54,3.05
2022-04-19,Serbia Open,1st Round,Clay,Millman J.,Thiem D.,80,54.0,2.62,1.5,2.79,1.49,2.79,1.55
2022-04-19,Barcelona Open,2nd Round,Clay,Musetti L.,Evans D.,66,36.0,1.36,3.2,1.36,3.47,1.38,3.75
2022-04-19,Barcelona Open,1st Round,Clay,Harris L.,Carballes Baena R.,40,96.0,2.37,1.57,2.52,1.58,2.52,1.67
2022-04-19,Barcelona Open,1st Round,Clay,Taberner C.,Korda S.,94,37.0,3.5,1.3,3.29,1.36,3.7,1.36
2022-04-19,Barcelona Open,1st Round,Clay,Fucsovics M.,Thompson J.,53,86.0,1.25,4.0,1.28,4.04,1.3,4.05
2022-04-19,Barcelona Open,1st Round,Clay,Ruusuvuori E.,Lopez F.,73,120.0,1.16,5.0,1.2,5.18,1.23,5.18
2022-04-19,Barcelona Open,1st Round,Clay,Dellien H.,Guinard M.,89,152.0,1.4,3.0,1.41,3.12,1.45,3.5
2022-04-19,Barcelona Open,1st Round,Clay,Humbert U.,Andujar P.,46,79.0,2.75,1.44,2.71,1.52,3.0,1.52
2022-04-19,Barcelona Open,1st Round,Clay,Ivashka I.,Martinez P.,44,43.0,3.2,1.36,3.38,1.36,3.38,1.4
2022-04-19,Barcelona Open,2nd Round,Clay,Ruud C.,Nakashima B.,7,81.0,1.1,7.0,1.1,8.66,1.14,8.66
2022-04-19,Barcelona Open,2nd Round,Clay,Sonego L.,Ymer E.,28,135.0,1.5,2.62,1.53,2.71,1.55,3.0
2022-04-19,Barcelona Open,2nd Round,Clay,Schwartzman D.,Mcdonald M.,15,51.0,1.12,6.0,1.16,6.29,1.18,6.29
2022-04-19,Barcelona Open,2nd Round,Clay,Norrie C.,Gerasimov E.,10,155.0,1.12,6.0,1.13,7.24,1.14,7.5
2022-04-20,Barcelona Open,2nd Round,Clay,Fucsovics M.,Delbonis F.,53,34.0,1.66,2.2,1.71,2.27,1.72,2.3
2022-04-20,Serbia Open,2nd Round,Clay,Monteiro T.,Krajinovic F.,110,45.0,2.37,1.57,2.38,1.65,2.5,1.69
2022-04-20,Serbia Open,2nd Round,Clay,Khachanov K.,Safiullin R.,26,151.0,1.4,3.0,1.41,3.19,1.45,3.2
2022-04-20,Serbia Open,2nd Round,Clay,Kecmanovic M.,Millman J.,38,80.0,1.16,5.0,1.17,5.91,1.18,6.1
2022-04-20,Serbia Open,2nd Round,Clay,Djokovic N.,Djere L.,1,50.0,1.14,5.5,1.16,6.21,1.16,6.5
2022-04-20,Barcelona Open,2nd Round,Clay,Carreno Busta P.,Zapata Miralles B.,19,119.0,1.25,4.0,1.27,4.25,1.27,4.43
2022-04-20,Barcelona Open,2nd Round,Clay,De Minaur A.,Humbert U.,25,46.0,1.4,3.0,1.43,3.05,1.48,3.54
2022-04-20,Barcelona Open,2nd Round,Clay,Auger-Aliassime F.,Taberner C.,9,94.0,1.44,2.75,1.51,2.78,1.51,2.95
2022-04-20,Barcelona Open,2nd Round,Clay,Harris L.,Ramos-Vinolas A.,40,32.0,2.75,1.44,2.96,1.46,3.05,1.52
2022-04-20,Barcelona Open,2nd Round,Clay,Ruusuvuori E.,Bublik A.,73,33.0,1.44,2.75,1.47,2.91,1.49,3.05
2022-04-20,Barcelona Open,2nd Round,Clay,Tiafoe F.,Dellien H.,29,89.0,1.72,2.1,1.86,2.05,1.86,2.25
2022-04-20,Barcelona Open,2nd Round,Clay,Alcaraz C.,Kwon S.W.,11,71.0,1.06,10.0,1.06,12.1,1.1,13.4
2022-04-20,Barcelona Open,2nd Round,Clay,Munar J.,Basilashvili N.,101,20.0,1.25,4.0,1.26,4.31,1.28,4.31
2022-04-21,Serbia Open,2nd Round,Clay,Fognini F.,Bedene A.,62,164.0,1.33,3.4,1.32,3.75,1.35,3.75
2022-04-21,Serbia Open,2nd Round,Clay,Rublev A.,Lehecka J.,8,93.0,1.2,4.5,1.26,4.36,1.27,4.84
2022-04-21,Serbia Open,2nd Round,Clay,Daniel T.,Rune H.,104,72.0,3.2,1.36,3.28,1.39,3.52,1.39
2022-04-21,Serbia Open,Quarterfinals,Clay,Djokovic N.,Kecmanovic M.,1,38.0,1.53,2.5,1.6,2.5,1.63,2.72
2022-04-21,Serbia Open,Quarterfinals,Clay,Khachanov K.,Monteiro T.,26,110.0,1.66,2.2,1.72,2.26,1.72,2.44
2022-04-21,Barcelona Open,2nd Round,Clay,Tsitsipas S.,Ivashka I.,5,44.0,1.12,6.0,1.11,8.2,1.16,8.2
2022-04-21,Barcelona Open,2nd Round,Clay,Dimitrov G.,Coria F.,23,52.0,1.44,2.75,1.51,2.78,1.51,2.93
2022-04-21,Serbia Open,2nd Round,Clay,Otte O.,Karatsev A.,70,30.0,2.62,1.5,2.7,1.53,2.76,1.56
2022-04-22,Barcelona Open,3rd Round,Clay,Alcaraz C.,Munar J.,11,101.0,1.2,4.5,1.21,5.0,1.22,5.0
2022-04-22,Serbia Open,Quarterfinals,Clay,Rublev A.,Daniel T.,8,104.0,1.3,3.5,1.31,3.81,1.31,4.22
2022-04-22,Barcelona Open,3rd Round,Clay,De Minaur A.,Harris L.,25,40.0,1.53,2.5,1.52,2.74,1.57,2.74
2022-04-22,Serbia Open,Quarterfinals,Clay,Fognini F.,Otte O.,62,70.0,1.44,2.75,1.55,2.65,1.55,3.02
2022-04-22,Barcelona Open,3rd Round,Clay,Carreno Busta P.,Sonego L.,19,28.0,1.53,2.5,1.55,2.63,1.55,2.76
2022-04-22,Barcelona Open,3rd Round,Clay,Tsitsipas S.,Dimitrov G.,5,23.0,1.22,4.33,1.28,4.15,1.28,4.9
2022-04-22,Barcelona Open,Quarterfinals,Clay,Schwartzman D.,Auger-Aliassime F.,15,9.0,1.57,2.37,1.59,2.5,1.7,2.5
2022-04-22,Barcelona Open,Quarterfinals,Clay,Carreno Busta P.,Ruud C.,19,7.0,3.5,1.3,3.83,1.3,3.95,1.38
2022-04-22,Barcelona Open,Quarterfinals,Clay,Alcaraz C.,Tsitsipas S.,11,5.0,1.66,2.2,1.72,2.22,1.74,2.3
2022-04-22,Barcelona Open,Quarterfinals,Clay,De Minaur A.,Norrie C.,25,10.0,1.53,2.5,1.57,2.55,1.59,2.84
2022-04-22,Barcelona Open,3rd Round,Clay,Norrie C.,Fucsovics M.,10,53.0,1.66,2.2,1.69,2.31,1.72,2.33
2022-04-22,Barcelona Open,3rd Round,Clay,Auger-Aliassime F.,Tiafoe F.,9,29.0,1.44,2.75,1.49,2.84,1.5,2.84
2022-04-22,Barcelona Open,3rd Round,Clay,Schwartzman D.,Musetti L.,15,66.0,1.44,2.75,1.49,2.82,1.51,2.9
2022-04-22,Barcelona Open,3rd Round,Clay,Ruud C.,Ruusuvuori E.,7,73.0,1.16,5.0,1.18,5.63,1.21,5.63
2022-04-23,Serbia Open,Semifinals,Clay,Djokovic N.,Khachanov K.,1,26.0,1.25,4.0,1.24,4.62,1.28,4.62
2022-04-23,Serbia Open,Semifinals,Clay,Rublev A.,Fognini F.,8,62.0,1.33,3.4,1.33,3.7,1.38,3.7
2022-04-24,Barcelona Open,Semifinals,Clay,Alcaraz C.,De Minaur A.,11,25.0,1.08,8.0,1.09,9.13,1.17,6.2
2022-04-24,Barcelona Open,Semifinals,Clay,Carreno Busta P.,Schwartzman D.,19,15.0,2.1,1.72,2.32,1.69,2.19,1.76
2022-04-24,Serbia Open,The Final,Clay,Rublev A.,Djokovic N.,8,1.0,3.0,1.4,3.16,1.41,3.29,1.48
2022-04-24,Barcelona Open,The Final,Clay,Alcaraz C.,Carreno Busta P.,11,19.0,1.57,2.37,1.61,2.45,1.72,2.45
2022-04-25,BMW Open,1st Round,Clay,Rune H.,Lehecka J.,70,88.0,1.53,2.5,1.54,2.63,1.66,2.65
2022-04-25,BMW Open,1st Round,Clay,Altmaier D.,Kohlschreiber P.,67,132.0,1.72,2.1,1.81,2.1,1.81,2.15
2022-04-25,BMW Open,1st Round,Clay,Ruusuvuori E.,Nishioka Y.,63,86.0,1.5,2.62,1.58,2.51,1.58,2.84
2022-04-25,BMW Open,1st Round,Clay,Kecmanovic M.,Rehberg M.,38,1067.0,1.02,19.0,1.01,25.09,1.03,34.0
2022-04-25,Millennium Estoril Open,1st Round,Clay,Tiafoe F.,Lajovic D.,29,78.0,1.53,2.5,1.55,2.61,1.58,2.64
2022-04-25,BMW Open,1st Round,Clay,Molcan A.,Gombos N.,46,106.0,1.3,3.5,1.34,3.5,1.34,3.92
2022-04-25,Millennium Estoril Open,1st Round,Clay,Kwon S.W.,Paire B.,71,60.0,1.53,2.5,1.6,2.47,1.68,2.64
2022-04-25,Millennium Estoril Open,1st Round,Clay,Borges N.,Andujar P.,131,82.0,2.0,1.8,2.13,1.79,2.13,1.91
2022-04-25,Millennium Estoril Open,1st Round,Clay,Zapata Miralles B.,Coria F.,123,52.0,2.2,1.66,2.09,1.81,2.35,1.81
2022-04-26,Millennium Estoril Open,1st Round,Clay,Cuevas P.,Carballes Baena R.,107,100.0,2.0,1.8,2.06,1.83,2.06,1.86
2022-04-26,BMW Open,1st Round,Clay,Cressy M.,Evans D.,65,35.0,3.5,1.3,4.07,1.32,4.07,1.32
2022-04-26,BMW Open,1st Round,Clay,Ivashka I.,Mcdonald M.,44,51.0,1.53,2.5,1.58,2.51,1.58,2.63
2022-04-26,BMW Open,1st Round,Clay,Gaston H.,Giron M.,72,53.0,1.66,2.2,1.69,2.29,1.7,2.5
2022-04-26,BMW Open,1st Round,Clay,Otte O.,Topo M.,62,756.0,1.2,4.5,1.18,5.47,1.22,5.5
2022-04-26,Millennium Estoril Open,1st Round,Clay,Taberner C.,Harris L.,92,39.0,1.57,2.37,1.6,2.48,1.62,2.49
2022-04-26,Millennium Estoril Open,1st Round,Clay,Korda S.,Herbert P.H.,37,157.0,1.25,4.0,1.25,4.34,1.29,4.5
2022-04-26,Millennium Estoril Open,1st Round,Clay,Bonzi B.,Thiem D.,58,93.0,2.75,1.44,2.7,1.52,3.03,1.55
2022-04-26,Millennium Estoril Open,1st Round,Clay,Ramos-Vinolas A.,Thompson J.,31,87.0,1.22,4.33,1.23,4.57,1.25,4.57
2022-04-26,Millennium Estoril Open,1st Round,Clay,Baez S.,Sousa J.,59,83.0,1.33,3.4,1.29,3.94,1.38,3.94
2022-04-26,Millennium Estoril Open,1st Round,Clay,Dellien H.,Vesely J.,85,74.0,1.53,2.5,1.49,2.81,1.55,2.81
2022-04-26,Millennium Estoril Open,1st Round,Clay,Gasquet R.,Paul T.,80,34.0,2.75,1.44,2.72,1.51,3.5,1.53
2022-04-27,BMW Open,2nd Round,Clay,Ruusuvuori E.,Cressy M.,63,65.0,1.28,3.75,1.32,3.71,1.34,3.76
2022-04-27,BMW Open,1st Round,Clay,Tabilo A.,Garin C.,91,30.0,2.2,1.66,2.19,1.75,2.3,1.82
2022-04-27,BMW Open,1st Round,Clay,Gerasimov E.,Millman J.,150,79.0,1.66,2.2,1.76,2.17,1.76,2.3
2022-04-27,BMW Open,1st Round,Clay,Van De Zandschulp B.,Nakashima B.,40,76.0,1.57,2.37,1.58,2.53,1.62,2.58
2022-04-27,BMW Open,2nd Round,Clay,Basilashvili N.,Ivashka I.,20,44.0,2.62,1.5,2.64,1.55,2.75,1.55
2022-04-27,BMW Open,2nd Round,Clay,Rune H.,Zverev A.,70,3.0,5.5,1.14,5.21,1.2,5.54,1.21
2022-04-27,BMW Open,2nd Round,Clay,Kecmanovic M.,Altmaier D.,38,67.0,1.16,5.0,1.25,4.41,1.25,5.08
2022-04-27,Millennium Estoril Open,2nd Round,Clay,Tiafoe F.,Borges N.,29,131.0,1.61,2.3,1.68,2.34,1.68,2.54
2022-04-27,Millennium Estoril Open,2nd Round,Clay,Ramos-Vinolas A.,Kwon S.W.,31,71.0,1.44,2.75,1.44,3.02,1.46,3.57
2022-04-27,Millennium Estoril Open,2nd Round,Clay,Verdasco F.,Cuevas P.,118,107.0,2.1,1.72,2.33,1.68,2.34,1.75
2022-04-27,Millennium Estoril Open,2nd Round,Clay,Davidovich Fokina A.,Zapata Miralles B.,28,123.0,1.36,3.2,1.44,3.04,1.44,3.25
2022-04-28,BMW Open,2nd Round,Clay,Tabilo A.,Gaston H.,91,72.0,1.61,2.3,1.73,2.24,1.73,2.54
2022-04-28,BMW Open,2nd Round,Clay,Otte O.,Opelka R.,62,17.0,2.5,1.53,2.48,1.6,2.58,1.61
2022-04-28,BMW Open,2nd Round,Clay,Ruud C.,Molcan A.,7,46.0,1.2,4.5,1.24,4.61,1.25,5.1
2022-04-28,BMW Open,2nd Round,Clay,Van De Zandschulp B.,Gerasimov E.,40,150.0,1.44,2.75,1.52,2.73,1.55,2.8
2022-04-28,Millennium Estoril Open,2nd Round,Clay,Korda S.,Bonzi B.,37,58.0,1.36,3.2,1.37,3.4,1.39,3.4
2022-04-28,Millennium Estoril Open,2nd Round,Clay,Auger-Aliassime F.,Taberner C.,10,92.0,1.33,3.4,1.38,3.35,1.39,3.45
2022-04-28,Millennium Estoril Open,2nd Round,Clay,Baez S.,Cilic M.,59,23.0,1.72,2.1,1.83,2.09,1.83,2.36
2022-04-28,Millennium Estoril Open,2nd Round,Clay,Gasquet R.,Dellien H.,80,85.0,2.2,1.66,2.26,1.72,2.4,1.76
2022-04-29,BMW Open,Quarterfinals,Clay,Kecmanovic M.,Basilashvili N.,38,20.0,1.36,3.2,1.38,3.31,1.39,3.35
2022-04-29,BMW Open,Quarterfinals,Clay,Rune H.,Ruusuvuori E.,70,63.0,1.53,2.5,1.59,2.53,1.62,2.59
2022-04-29,BMW Open,Quarterfinals,Clay,Otte O.,Tabilo A.,62,91.0,1.72,2.1,1.81,2.13,1.81,2.32
2022-04-29,Millennium Estoril Open,Quarterfinals,Clay,Ramos-Vinolas A.,Verdasco F.,31,118.0,1.36,3.2,1.41,3.15,1.41,3.58
2022-04-29,Millennium Estoril Open,Quarterfinals,Clay,Baez S.,Gasquet R.,59,80.0,1.4,3.0,1.41,3.15,1.45,3.15
2022-04-29,Millennium Estoril Open,Quarterfinals,Clay,Tiafoe F.,Davidovich Fokina A.,29,28.0,2.75,1.44,2.81,1.5,2.92,1.5
2022-04-29,Millennium Estoril Open,Quarterfinals,Clay,Korda S.,Auger-Aliassime F.,37,10.0,2.0,1.8,2.12,1.81,2.19,1.83
2022-04-29,BMW Open,Quarterfinals,Clay,Van De Zandschulp B.,Ruud C.,40,7.0,3.75,1.28,3.71,1.32,3.76,1.35
2022-04-30,BMW Open,Semifinals,Clay,Van De Zandschulp B.,Kecmanovic M.,40,38.0,2.5,1.53,2.45,1.63,2.65,1.63
2022-04-30,Millennium Estoril Open,Semifinals,Clay,Tiafoe F.,Korda S.,29,37.0,3.2,1.36,3.17,1.41,3.49,1.42
2022-04-30,BMW Open,Semifinals,Clay,Rune H.,Otte O.,70,62.0,1.3,3.5,1.32,3.75,1.41,3.9
2022-04-30,Millennium Estoril Open,Semifinals,Clay,Baez S.,Ramos-Vinolas A.,59,31.0,1.61,2.3,1.66,2.37,1.75,2.37
2022-05-01,BMW Open,The Final,Clay,Rune H.,Van De Zandschulp B.,70,40.0,1.5,2.62,1.52,2.72,1.55,2.74
2022-05-01,Mutua Madrid Open,1st Round,Clay,Draper J.,Sonego L.,121,28.0,3.5,1.3,3.74,1.32,3.9,1.33
2022-05-01,Mutua Madrid Open,1st Round,Clay,Isner J.,Krajinovic F.,23,56.0,1.57,2.37,1.56,2.6,1.63,2.65
2022-05-01,Mutua Madrid Open,1st Round,Clay,Evans D.,Delbonis F.,36,37.0,2.1,1.72,1.96,1.94,2.13,1.94
2022-05-01,Millennium Estoril Open,The Final,Clay,Baez S.,Tiafoe F.,59,29.0,1.57,2.37,1.6,2.5,1.65,2.52
2022-05-02,Mutua Madrid Open,1st Round,Clay,Pouille L.,Khachanov K.,174,26.0,5.0,1.16,5.69,1.18,5.69,1.2
2022-05-02,Mutua Madrid Open,1st Round,Clay,Shapovalov D.,Humbert U.,16,46.0,1.66,2.2,1.71,2.27,1.73,2.4
2022-05-02,Mutua Madrid Open,1st Round,Clay,Murray A.,Thiem D.,78,91.0,2.2,1.66,2.18,1.77,2.4,1.77
2022-05-02,Mutua Madrid Open,1st Round,Clay,Dimitrov G.,Cressy M.,20,64.0,1.33,3.4,1.34,3.61,1.34,4.0
2022-05-02,Mutua Madrid Open,1st Round,Clay,Norrie C.,Kwon S.W.,11,73.0,1.3,3.5,1.36,3.46,1.36,3.76
2022-05-02,Mutua Madrid Open,1st Round,Clay,Goffin D.,Karatsev A.,60,34.0,1.66,2.2,1.68,2.32,1.68,2.58
2022-05-02,Mutua Madrid Open,1st Round,Clay,Schwartzman D.,Paire B.,15,62.0,1.2,4.5,1.22,4.9,1.22,4.98
2022-05-02,Mutua Madrid Open,1st Round,Clay,Basilashvili N.,Fognini F.,27,51.0,2.5,1.53,2.62,1.56,2.62,1.63
2022-05-02,Mutua Madrid Open,1st Round,Clay,Musetti L.,Ivashka I.,63,48.0,1.44,2.75,1.41,3.15,1.47,3.24
2022-05-02,Mutua Madrid Open,1st Round,Clay,Lajovic D.,Coric B.,77,264.0,1.8,2.0,1.83,2.09,1.92,2.17
2022-05-02,Mutua Madrid Open,1st Round,Clay,Sinner J.,Paul T.,12,35.0,1.25,4.0,1.26,4.31,1.28,4.5
2022-05-02,Mutua Madrid Open,1st Round,Clay,De Minaur A.,Martinez P.,22,44.0,1.5,2.62,1.53,2.8,1.53,2.86
2022-05-02,Mutua Madrid Open,1st Round,Clay,Davidovich Fokina A.,Harris L.,29,38.0,1.33,3.4,1.34,3.58,1.37,3.66
2022-05-02,Mutua Madrid Open,1st Round,Clay,Monfils G.,Gimeno Valero C.,21,369.0,1.25,4.0,1.25,4.48,1.29,4.54
2022-05-03,Mutua Madrid Open,2nd Round,Clay,Rublev A.,Draper J.,8,121.0,1.14,5.5,1.15,6.36,1.17,6.8
2022-05-03,Mutua Madrid Open,2nd Round,Clay,Alcaraz C.,Basilashvili N.,9,27.0,1.08,8.0,1.11,8.11,1.12,8.5
2022-05-03,Mutua Madrid Open,2nd Round,Clay,Murray A.,Shapovalov D.,78,16.0,2.62,1.5,2.87,1.48,2.9,1.54
2022-05-03,Mutua Madrid Open,2nd Round,Clay,Djokovic N.,Monfils G.,1,21.0,1.2,4.5,1.21,5.01,1.23,5.03
2022-05-03,Mutua Madrid Open,1st Round,Clay,Korda S.,Opelka R.,30,17.0,1.66,2.2,1.69,2.31,1.75,2.42
2022-05-03,Mutua Madrid Open,1st Round,Clay,Bautista Agut R.,Brooksby J.,19,42.0,1.72,2.1,1.75,2.21,1.78,2.37
2022-05-03,Mutua Madrid Open,1st Round,Clay,Garin C.,Tiafoe F.,39,25.0,2.1,1.72,2.19,1.76,2.3,1.76
2022-05-03,Mutua Madrid Open,1st Round,Clay,Hurkacz H.,Dellien H.,14,81.0,1.3,3.5,1.37,3.39,1.38,3.92
2022-05-03,Mutua Madrid Open,1st Round,Clay,Cilic M.,Ramos-Vinolas A.,24,43.0,1.72,2.1,1.78,2.17,1.78,2.29
2022-05-03,Mutua Madrid Open,1st Round,Clay,Van De Zandschulp B.,Carreno Busta P.,31,18.0,3.2,1.36,3.15,1.41,3.24,1.41
2022-05-03,Mutua Madrid Open,1st Round,Clay,Kecmanovic M.,Bublik A.,32,33.0,1.33,3.4,1.35,3.53,1.38,3.7
2022-05-04,Mutua Madrid Open,2nd Round,Clay,Tsitsipas S.,Pouille L.,5,174.0,1.06,10.0,1.07,11.28,1.07,15.0
2022-05-04,Mutua Madrid Open,2nd Round,Clay,Auger-Aliassime F.,Garin C.,10,39.0,1.5,2.62,1.55,2.65,1.55,2.96
2022-05-04,Mutua Madrid Open,2nd Round,Clay,Sinner J.,De Minaur A.,12,22.0,1.44,2.75,1.49,2.83,1.5,2.92
2022-05-04,Mutua Madrid Open,2nd Round,Clay,Musetti L.,Korda S.,63,30.0,2.62,1.5,2.55,1.58,2.96,1.58
2022-05-04,Mutua Madrid Open,2nd Round,Clay,Goffin D.,Van De Zandschulp B.,60,31.0,2.1,1.72,2.09,1.83,2.2,1.88
2022-05-04,Mutua Madrid Open,2nd Round,Clay,Dimitrov G.,Schwartzman D.,20,15.0,2.5,1.53,2.4,1.61,2.5,1.65
2022-05-04,Mutua Madrid Open,2nd Round,Clay,Nadal R.,Kecmanovic M.,4,32.0,1.33,3.4,1.33,3.64,1.35,3.75
2022-05-04,Mutua Madrid Open,2nd Round,Clay,Norrie C.,Isner J.,11,23.0,1.66,2.2,1.73,2.24,1.8,2.28
2022-05-04,Mutua Madrid Open,2nd Round,Clay,Zverev A.,Cilic M.,3,24.0,1.16,5.0,1.2,5.17,1.27,5.5
2022-05-04,Mutua Madrid Open,2nd Round,Clay,Lajovic D.,Ruud C.,77,7.0,6.0,1.12,6.04,1.16,6.5,1.17
2022-05-04,Mutua Madrid Open,2nd Round,Clay,Evans D.,Bautista Agut R.,36,19.0,3.5,1.3,3.58,1.34,3.77,1.35
2022-05-04,Mutua Madrid Open,2nd Round,Clay,Hurkacz H.,Davidovich Fokina A.,14,29.0,2.1,1.72,2.26,1.72,2.26,1.8
2022-05-05,Mutua Madrid Open,3rd Round,Clay,Alcaraz C.,Norrie C.,9,11.0,1.16,5.0,1.14,6.66,1.22,6.69
2022-05-05,Mutua Madrid Open,3rd Round,Clay,Tsitsipas S.,Dimitrov G.,5,20.0,1.3,3.5,1.33,3.64,1.34,3.64
2022-05-05,Mutua Madrid Open,3rd Round,Clay,Auger-Aliassime F.,Sinner J.,10,12.0,2.37,1.57,2.4,1.65,2.54,1.65
2022-05-05,Mutua Madrid Open,3rd Round,Clay,Nadal R.,Goffin D.,4,60.0,1.12,6.0,1.11,7.95,1.15,7.95
2022-05-05,Mutua Madrid Open,3rd Round,Clay,Zverev A.,Musetti L.,3,63.0,1.28,3.75,1.29,3.97,1.3,4.02
2022-05-05,Mutua Madrid Open,3rd Round,Clay,Rublev A.,Evans D.,8,36.0,1.22,4.33,1.21,5.05,1.25,5.05
2022-05-05,Mutua Madrid Open,3rd Round,Clay,Djokovic N.,Murray A.,1,78.0,1.12,6.0,1.16,6.26,1.17,6.4
2022-05-05,Mutua Madrid Open,3rd Round,Clay,Hurkacz H.,Lajovic D.,14,77.0,1.28,3.75,1.32,3.77,1.32,4.0
2022-05-06,Mutua Madrid Open,Quarterfinals,Clay,Djokovic N.,Hurkacz H.,1,14.0,1.3,3.5,1.3,3.96,1.32,3.96
2022-05-06,Mutua Madrid Open,Quarterfinals,Clay,Alcaraz C.,Nadal R.,9,4.0,1.8,2.0,1.84,2.08,1.95,2.08
2022-05-06,Mutua Madrid Open,Quarterfinals,Clay,Tsitsipas S.,Rublev A.,5,8.0,1.4,3.0,1.4,3.22,1.42,3.44
2022-05-06,Mutua Madrid Open,Quarterfinals,Clay,Zverev A.,Auger-Aliassime F.,3,10.0,1.5,2.62,1.49,2.85,1.54,2.85
2022-05-07,Mutua Madrid Open,Semifinals,Clay,Alcaraz C.,Djokovic N.,9,1.0,2.1,1.72,2.13,1.8,2.28,1.85
2022-05-07,Mutua Madrid Open,Semifinals,Clay,Zverev A.,Tsitsipas S.,3,5.0,2.3,1.61,2.36,1.64,2.53,1.67
2022-05-08,Internazionali BNL d'Italia,1st Round,Clay,Cilic M.,Arnaldi M.,23,275.0,1.16,5.0,1.18,5.64,1.21,6.0
2022-05-08,Internazionali BNL d'Italia,1st Round,Clay,Karatsev A.,Harris L.,35,36.0,1.66,2.2,1.74,2.22,1.74,2.4
2022-05-08,Mutua Madrid Open,The Final,Clay,Alcaraz C.,Zverev A.,9,3.0,1.53,2.5,1.65,2.39,1.66,2.75
2022-05-08,Internazionali BNL d'Italia,1st Round,Clay,Krajinovic F.,Tiafoe F.,54,26.0,2.3,1.61,2.26,1.71,2.3,1.73
2022-05-08,Internazionali BNL d'Italia,1st Round,Clay,Garin C.,Passaro F.,45,368.0,1.3,3.5,1.35,3.52,1.35,3.6
2022-05-09,Internazionali BNL d'Italia,1st Round,Clay,Giron M.,Bublik A.,59,41.0,2.1,1.72,2.25,1.72,2.25,1.76
2022-05-09,Internazionali BNL d'Italia,1st Round,Clay,Carreno Busta P.,Delbonis F.,18,39.0,1.22,4.33,1.23,4.76,1.23,4.76
2022-05-09,Internazionali BNL d'Italia,1st Round,Clay,De Minaur A.,Lajovic D.,22,64.0,1.66,2.2,1.68,2.32,1.68,2.38
2022-05-09,Internazionali BNL d'Italia,1st Round,Clay,Fognini F.,Thiem D.,56,162.0,1.57,2.37,1.6,2.52,1.63,2.52
2022-05-09,Internazionali BNL d'Italia,1st Round,Clay,Paul T.,Ramos-Vinolas A.,34,43.0,2.2,1.66,2.31,1.69,2.35,1.73
2022-05-09,Internazionali BNL d'Italia,1st Round,Clay,Van De Zandschulp B.,Korda S.,32,30.0,2.3,1.61,2.46,1.62,2.63,1.63
2022-05-09,Internazionali BNL d'Italia,1st Round,Clay,Basilashvili N.,Evans D.,25,33.0,2.1,1.72,2.17,1.77,2.25,1.77
2022-05-09,Internazionali BNL d'Italia,1st Round,Clay,Shapovalov D.,Sonego L.,16,28.0,1.9,1.9,1.97,1.93,2.0,1.95
2022-05-09,Internazionali BNL d'Italia,1st Round,Clay,Djere L.,Coric B.,58,262.0,1.5,2.62,1.55,2.65,1.55,2.92
2022-05-09,Internazionali BNL d'Italia,1st Round,Clay,Brooksby J.,Cobolli F.,38,150.0,1.53,2.5,1.56,2.62,1.57,2.65
2022-05-09,Internazionali BNL d'Italia,1st Round,Clay,Davidovich Fokina A.,Ivashka I.,29,50.0,1.33,3.4,1.36,3.46,1.36,3.76
2022-05-09,Internazionali BNL d'Italia,1st Round,Clay,Wawrinka S.,Opelka R.,361,17.0,3.4,1.33,3.45,1.36,3.66,1.36
2022-05-09,Internazionali BNL d'Italia,1st Round,Clay,Khachanov K.,Zeppieri G.,24,227.0,1.28,3.75,1.3,3.91,1.3,3.95
2022-05-10,Internazionali BNL d'Italia,2nd Round,Clay,Auger-Aliassime F.,Davidovich Fokina A.,9,29.0,1.72,2.1,1.72,2.25,1.8,2.3
2022-05-10,Internazionali BNL d'Italia,2nd Round,Clay,Ruud C.,Van De Zandschulp B.,10,32.0,1.44,2.75,1.41,3.17,1.73,3.17
2022-05-10,Internazionali BNL d'Italia,2nd Round,Clay,Krajinovic F.,Rublev A.,54,7.0,5.0,1.16,5.52,1.19,5.52,1.22
2022-05-10,Internazionali BNL d'Italia,2nd Round,Clay,Shapovalov D.,Basilashvili N.,16,25.0,1.57,2.37,1.68,2.33,1.68,2.45
2022-05-10,Internazionali BNL d'Italia,2nd Round,Clay,Djokovic N.,Karatsev A.,1,35.0,1.08,8.0,1.08,9.84,1.11,10.0
2022-05-10,Internazionali BNL d'Italia,2nd Round,Clay,Garin C.,Ruusuvuori E.,45,61.0,2.0,1.8,2.2,1.75,2.24,1.85
2022-05-10,Internazionali BNL d'Italia,1st Round,Clay,Goffin D.,Hurkacz H.,48,12.0,2.2,1.66,2.23,1.74,2.27,1.74
2022-05-10,Internazionali BNL d'Italia,1st Round,Clay,Isner J.,Cerundolo F.,27,49.0,1.8,2.0,1.99,1.92,1.99,2.03
2022-05-10,Internazionali BNL d'Italia,1st Round,Clay,Norrie C.,Nardi L.,11,201.0,1.14,5.5,1.15,6.49,1.16,6.6
2022-05-10,Internazionali BNL d'Italia,1st Round,Clay,Schwartzman D.,Kecmanovic M.,15,31.0,1.61,2.3,1.66,2.37,1.68,2.45
2022-05-10,Internazionali BNL d'Italia,1st Round,Clay,Baez S.,Griekspoor T.,37,67.0,1.36,3.2,1.36,3.44,1.46,3.44
2022-05-10,Internazionali BNL d'Italia,1st Round,Clay,Dimitrov G.,Nakashima B.,20,76.0,1.28,3.75,1.3,3.91,1.31,4.25
2022-05-10,Internazionali BNL d'Italia,1st Round,Clay,Sinner J.,Martinez P.,13,40.0,1.16,5.0,1.19,5.42,1.21,5.5
2022-05-11,Internazionali BNL d'Italia,2nd Round,Clay,Cilic M.,Norrie C.,23,11.0,2.3,1.61,2.44,1.63,2.47,1.66
2022-05-11,Internazionali BNL d'Italia,2nd Round,Clay,Sinner J.,Fognini F.,13,56.0,1.3,3.5,1.31,3.82,1.34,3.92
2022-05-11,Internazionali BNL d'Italia,2nd Round,Clay,Wawrinka S.,Djere L.,361,58.0,3.2,1.36,3.47,1.36,3.47,1.43
2022-05-11,Internazionali BNL d'Italia,2nd Round,Clay,Brooksby J.,Goffin D.,38,48.0,3.2,1.36,3.22,1.4,3.52,1.42
2022-05-11,Internazionali BNL d'Italia,2nd Round,Clay,Giron M.,Schwartzman D.,59,15.0,6.0,1.12,6.78,1.14,6.78,1.16
2022-05-11,Internazionali BNL d'Italia,2nd Round,Clay,De Minaur A.,Paul T.,22,34.0,1.66,2.2,1.66,2.36,1.73,2.42
2022-05-11,Internazionali BNL d'Italia,2nd Round,Clay,Nadal R.,Isner J.,4,27.0,1.1,7.0,1.08,10.22,1.12,10.44
2022-05-11,Internazionali BNL d'Italia,2nd Round,Clay,Khachanov K.,Carreno Busta P.,24,18.0,2.62,1.5,2.86,1.48,2.86,1.5
2022-05-11,Internazionali BNL d'Italia,2nd Round,Clay,Zverev A.,Baez S.,3,37.0,1.2,4.5,1.25,4.46,1.25,4.6
2022-05-11,Internazionali BNL d'Italia,2nd Round,Clay,Tsitsipas S.,Dimitrov G.,5,20.0,1.22,4.33,1.25,4.51,1.27,4.57
2022-05-12,Internazionali BNL d'Italia,3rd Round,Clay,Djokovic N.,Wawrinka S.,1,361.0,1.07,9.0,1.06,12.75,1.07,12.75
2022-05-12,Internazionali BNL d'Italia,3rd Round,Clay,Shapovalov D.,Nadal R.,16,4.0,5.0,1.16,6.15,1.16,6.4,1.18
2022-05-12,Internazionali BNL d'Italia,3rd Round,Clay,Ruud C.,Brooksby J.,10,38.0,1.22,4.33,1.26,4.39,1.29,4.5
2022-05-12,Internazionali BNL d'Italia,3rd Round,Clay,Garin C.,Cilic M.,45,23.0,2.37,1.57,2.59,1.56,2.68,1.57
2022-05-12,Internazionali BNL d'Italia,3rd Round,Clay,Sinner J.,Krajinovic F.,13,54.0,1.25,4.0,1.24,4.57,1.28,4.57
2022-05-12,Internazionali BNL d'Italia,3rd Round,Clay,Auger-Aliassime F.,Giron M.,9,59.0,1.16,5.0,1.2,5.14,1.22,5.88
2022-05-12,Internazionali BNL d'Italia,3rd Round,Clay,Tsitsipas S.,Khachanov K.,5,24.0,1.2,4.5,1.22,4.91,1.26,4.91
2022-05-12,Internazionali BNL d'Italia,3rd Round,Clay,Zverev A.,De Minaur A.,3,22.0,1.22,4.33,1.25,4.43,1.27,4.88
2022-05-13,Internazionali BNL d'Italia,Quarterfinals,Clay,Zverev A.,Garin C.,3,45.0,1.14,5.5,1.13,7.35,1.22,7.35
2022-05-13,Internazionali BNL d'Italia,Quarterfinals,Clay,Tsitsipas S.,Sinner J.,5,13.0,1.44,2.75,1.52,2.73,1.52,2.87
2022-05-13,Internazionali BNL d'Italia,Quarterfinals,Clay,Ruud C.,Shapovalov D.,10,16.0,1.4,3.0,1.44,3.02,1.45,3.2
2022-05-13,Internazionali BNL d'Italia,Quarterfinals,Clay,Djokovic N.,Auger-Aliassime F.,1,9.0,1.16,5.0,1.18,5.59,1.21,6.1
2022-05-14,Internazionali BNL d'Italia,Semifinals,Clay,Tsitsipas S.,Zverev A.,5,3.0,1.61,2.3,1.68,2.34,1.68,2.49
2022-05-14,Internazionali BNL d'Italia,Semifinals,Clay,Djokovic N.,Ruud C.,1,10.0,1.2,4.5,1.28,4.1,1.28,5.06
2022-05-15,Lyon Open,1st Round,Clay,Rune H.,Rinderknech A.,40,65.0,1.25,4.0,1.27,4.16,1.31,4.16
2022-05-15,Geneva Open,1st Round,Clay,Majchrzak K.,Bublik A.,81,41.0,1.61,2.3,1.71,2.25,1.71,2.38
2022-05-15,Internazionali BNL d'Italia,The Final,Clay,Djokovic N.,Tsitsipas S.,1,5.0,1.44,2.75,1.51,2.77,1.53,3.55
2022-05-15,Lyon Open,1st Round,Clay,Cerundolo F.,Duckworth J.,44,70.0,1.12,6.0,1.11,7.56,1.15,8.25
2022-05-15,Lyon Open,1st Round,Clay,Mannarino A.,Karatsev A.,73,39.0,3.75,1.28,3.92,1.29,3.94,1.31
2022-05-15,Geneva Open,1st Round,Clay,Griekspoor T.,Paul T.,64,33.0,2.2,1.66,2.3,1.68,2.37,1.7
2022-05-16,Lyon Open,1st Round,Clay,Humbert U.,Barrere G.,45,209.0,1.5,2.62,1.51,2.74,1.52,3.02
2022-05-16,Lyon Open,1st Round,Clay,Kwon S.W.,Bedene A.,71,175.0,1.44,2.75,1.46,2.92,1.48,3.0
2022-05-16,Lyon Open,1st Round,Clay,Otte O.,Pouille L.,60,163.0,1.5,2.62,1.55,2.61,1.55,2.88
2022-05-16,Lyon Open,1st Round,Clay,Watanuki Y.,Martinez P.,263,43.0,6.0,1.12,6.6,1.14,6.6,1.18
2022-05-16,Lyon Open,1st Round,Clay,Molcan A.,Tsonga J.W.,47,267.0,1.2,4.5,1.21,4.95,1.22,4.95
2022-05-16,Lyon Open,1st Round,Clay,Baez S.,Etcheverry T.,38,90.0,1.2,4.5,1.28,4.07,1.33,4.56
2022-05-16,Lyon Open,1st Round,Clay,Khachanov K.,Simon G.,24,159.0,1.12,6.0,1.12,7.44,1.16,7.44
2022-05-16,Geneva Open,1st Round,Clay,Ivashka I.,Giron M.,50,49.0,1.5,2.62,1.52,2.7,1.59,2.88
2022-05-16,Geneva Open,1st Round,Clay,Paire B.,Ruusuvuori E.,67,61.0,3.0,1.4,2.97,1.44,3.1,1.46
2022-05-16,Geneva Open,1st Round,Clay,Cecchinato M.,Thiem D.,134,194.0,3.0,1.4,3.14,1.41,3.18,1.5
2022-05-16,Geneva Open,1st Round,Clay,Gasquet R.,Millman J.,75,93.0,1.57,2.37,1.63,2.41,1.63,2.45
2022-05-16,Geneva Open,1st Round,Clay,Delbonis F.,Berankis R.,62,101.0,1.28,3.75,1.29,3.9,1.3,4.0
2022-05-17,Lyon Open,2nd Round,Clay,Watanuki Y.,Kwon S.W.,263,71.0,3.0,1.4,3.11,1.42,3.15,1.42
2022-05-17,Lyon Open,2nd Round,Clay,Baez S.,Otte O.,38,60.0,1.4,3.0,1.41,3.17,1.44,3.5
2022-05-17,Lyon Open,2nd Round,Clay,Norrie C.,Cerundolo F.,11,44.0,1.4,3.0,1.43,3.05,1.44,3.68
2022-05-17,Lyon Open,1st Round,Clay,Guinard M.,Gaston H.,158,68.0,2.1,1.72,2.2,1.74,2.3,1.75
2022-05-17,Lyon Open,1st Round,Clay,Coria F.,Altmaier D.,59,54.0,2.1,1.72,2.11,1.81,2.24,1.82
2022-05-17,Lyon Open,2nd Round,Clay,De Minaur A.,Humbert U.,21,45.0,1.36,3.2,1.49,2.85,1.49,3.2
2022-05-17,Geneva Open,1st Round,Clay,Basilashvili N.,Bagnis F.,25,98.0,1.61,2.3,1.69,2.27,1.69,2.51
2022-05-17,Geneva Open,1st Round,Clay,Sousa J.,Andujar P.,79,83.0,2.3,1.61,2.54,1.57,2.54,1.64
2022-05-17,Geneva Open,1st Round,Clay,O Connell C.,Ramos-Vinolas A.,124,42.0,2.37,1.57,2.23,1.72,2.63,1.72
2022-05-17,Geneva Open,1st Round,Clay,Kokkinakis T.,Fognini F.,85,52.0,2.2,1.66,2.34,1.66,2.65,1.66
2022-05-17,Geneva Open,1st Round,Clay,Nikles J.,Riedi L.,317,301.0,2.2,1.66,2.34,1.66,2.34,1.86
2022-05-17,Geneva Open,2nd Round,Clay,Gasquet R.,Medvedev D.,75,2.0,3.0,1.4,3.22,1.4,3.23,1.41
2022-05-17,Geneva Open,2nd Round,Clay,Majchrzak K.,Cecchinato M.,81,134.0,1.61,2.3,1.7,2.28,1.74,2.4
2022-05-18,Geneva Open,2nd Round,Clay,Sousa J.,Basilashvili N.,79,25.0,2.75,1.44,2.58,1.57,2.79,1.57
2022-05-18,Geneva Open,2nd Round,Clay,Opelka R.,O Connell C.,18,124.0,1.8,2.0,1.74,2.22,1.82,2.22
2022-05-18,Lyon Open,2nd Round,Clay,Coria F.,Carreno Busta P.,59,17.0,4.33,1.22,4.41,1.25,4.6,1.25
2022-05-18,Geneva Open,2nd Round,Clay,Griekspoor T.,Nikles J.,64,317.0,1.22,4.33,1.21,5.05,1.25,5.08
2022-05-18,Geneva Open,2nd Round,Clay,Ruud C.,Paire B.,8,67.0,1.12,6.0,1.14,6.94,1.14,6.94
2022-05-18,Geneva Open,2nd Round,Clay,Ivashka I.,Shapovalov D.,50,15.0,2.75,1.44,2.74,1.52,3.0,1.54
2022-05-18,Lyon Open,2nd Round,Clay,Molcan A.,Khachanov K.,47,24.0,2.5,1.53,2.59,1.56,2.61,1.58
2022-05-18,Lyon Open,2nd Round,Clay,Rune H.,Mannarino A.,40,73.0,1.1,7.0,1.11,7.84,1.13,9.0
2022-05-18,Geneva Open,2nd Round,Clay,Kokkinakis T.,Delbonis F.,85,62.0,1.61,2.3,1.61,2.47,1.63,2.55
2022-05-19,Lyon Open,Quarterfinals,Clay,De Minaur A.,Watanuki Y.,21,263.0,1.16,5.0,1.17,5.8,1.19,6.0
2022-05-19,Lyon Open,Quarterfinals,Clay,Norrie C.,Baez S.,11,38.0,2.1,1.72,2.21,1.75,2.28,1.78
2022-05-19,Lyon Open,Quarterfinals,Clay,Rune H.,Guinard M.,40,158.0,1.14,5.5,1.15,6.15,1.19,6.15
2022-05-19,Lyon Open,2nd Round,Clay,Molcan A.,Coria F.,47,59.0,1.66,2.2,1.65,2.39,1.69,2.46
2022-05-19,Lyon Open,Quarterfinals,Clay,Guinard M.,Mmoh M.,158,179.0,1.57,2.37,1.6,2.51,1.61,2.51
2022-05-19,Geneva Open,Quarterfinals,Clay,Opelka R.,Griekspoor T.,18,64.0,1.61,2.3,1.54,2.67,1.63,2.78
2022-05-19,Geneva Open,Quarterfinals,Clay,Sousa J.,Ivashka I.,79,50.0,3.0,1.4,3.12,1.42,3.12,1.45
2022-05-19,Geneva Open,Quarterfinals,Clay,Gasquet R.,Majchrzak K.,75,81.0,1.72,2.1,1.77,2.18,1.77,2.29
2022-05-19,Geneva Open,Quarterfinals,Clay,Ruud C.,Kokkinakis T.,8,85.0,1.2,4.5,1.19,5.36,1.24,5.5
2022-05-20,Geneva Open,Semifinals,Clay,Sousa J.,Gasquet R.,79,75.0,2.75,1.44,3.03,1.44,3.03,1.45
2022-05-20,Geneva Open,Semifinals,Clay,Ruud C.,Opelka R.,8,18.0,1.25,4.0,1.31,3.83,1.31,4.2
2022-05-20,Lyon Open,Semifinals,Clay,Molcan A.,De Minaur A.,47,21.0,2.2,1.66,2.2,1.75,2.3,1.76
2022-05-20,Lyon Open,Semifinals,Clay,Norrie C.,Rune H.,11,40.0,1.57,2.37,1.63,2.37,1.63,2.53
2022-05-21,Geneva Open,The Final,Clay,Ruud C.,Sousa J.,8,79.0,1.12,6.0,1.15,6.53,1.18,7.0
2022-05-21,Lyon Open,The Final,Clay,Norrie C.,Molcan A.,11,47.0,1.61,2.3,1.68,2.33,1.69,2.38
2022-05-22,French Open,1st Round,Clay,Fognini F.,Popyrin A.,51,102.0,1.5,2.62,1.65,2.4,1.66,2.64
2022-05-22,French Open,1st Round,Clay,Khachanov K.,Borges N.,25,135.0,1.28,3.75,1.25,4.49,1.31,4.51
2022-05-22,French Open,1st Round,Clay,Ramos-Vinolas A.,Kokkinakis T.,44,86.0,2.0,1.8,2.07,1.85,2.14,1.95
2022-05-22,French Open,1st Round,Clay,Ugo Carabelli C.,Karatsev A.,155,41.0,2.2,1.66,2.43,1.63,2.43,1.72
2022-05-22,French Open,1st Round,Clay,Alcaraz C.,Londero J.I.,6,142.0,1.02,19.0,1.005,34.86,1.02,34.86
2022-05-22,French Open,1st Round,Clay,Kubler J.,Kudla D.,160,81.0,1.5,2.62,1.54,2.66,1.56,2.75
2022-05-22,French Open,1st Round,Clay,Zapata Miralles B.,Mmoh M.,131,176.0,1.25,4.0,1.29,4.01,1.31,4.25
2022-05-22,French Open,1st Round,Clay,Griekspoor T.,Davidovich Fokina A.,58,28.0,4.0,1.25,4.03,1.29,4.35,1.29
2022-05-22,French Open,1st Round,Clay,Zverev A.,Ofner S.,3,219.0,1.05,11.0,1.04,15.9,1.05,16.0
2022-05-22,French Open,1st Round,Clay,Cuevas P.,Brooksby J.,149,34.0,3.0,1.4,3.19,1.41,3.38,1.41
2022-05-22,French Open,1st Round,Clay,Auger-Aliassime F.,Varillas J. P.,9,122.0,1.16,5.0,1.15,6.39,1.2,7.4
2022-05-22,French Open,1st Round,Clay,Isner J.,Halys Q.,26,84.0,1.5,2.62,1.55,2.64,1.64,2.64
2022-05-22,French Open,1st Round,Clay,Munar J.,Altmaier D.,87,53.0,1.4,3.0,1.4,3.21,1.45,3.21
2022-05-22,French Open,1st Round,Clay,Coric B.,Taberner C.,279,85.0,1.9,1.9,1.83,2.1,2.03,2.1
2022-05-22,French Open,1st Round,Clay,Dimitrov G.,Giron M.,21,49.0,1.14,5.5,1.15,6.39,1.17,6.39
2022-05-22,French Open,1st Round,Clay,Dellien H.,Thiem D.,90,190.0,1.8,2.0,1.95,1.95,2.05,2.0
2022-05-22,French Open,1st Round,Clay,Schwartzman D.,Kuznetsov An.,16,228.0,1.07,9.0,1.1,8.96,1.13,11.0
2022-05-22,French Open,1st Round,Clay,Barrere G.,Daniel T.,210,115.0,3.5,1.3,3.92,1.3,4.55,1.33
2022-05-22,French Open,1st Round,Clay,Van De Zandschulp B.,Kotov P.,29,141.0,1.28,3.75,1.27,3.79,1.32,4.33
2022-05-22,French Open,1st Round,Clay,Bedene A.,O Connell C.,195,117.0,3.75,1.28,4.13,1.28,4.13,1.32
2022-05-23,French Open,1st Round,Clay,Mcdonald M.,Agamenone F.,60,156.0,1.61,2.3,1.64,2.41,1.68,2.5
2022-05-23,French Open,1st Round,Clay,Djokovic N.,Nishioka Y.,1,99.0,1.01,26.0,1.01,33.62,1.01,34.0
2022-05-23,French Open,1st Round,Clay,Cilic M.,Balazs A.,23,262.0,1.06,10.0,1.04,15.77,1.06,15.77
2022-05-23,French Open,1st Round,Clay,Ymer M.,Duckworth J.,95,72.0,1.33,3.4,1.34,3.6,1.36,3.66
2022-05-23,French Open,1st Round,Clay,Fucsovics M.,Blancaneaux G.,57,191.0,1.33,3.4,1.37,3.39,1.38,3.52
2022-05-23,French Open,1st Round,Clay,Cachin P.,Gombos N.,153,112.0,1.44,2.75,1.53,2.68,1.62,2.79
2022-05-23,French Open,1st Round,Clay,Kecmanovic M.,Etcheverry T.,31,88.0,1.11,6.5,1.1,8.39,1.14,8.49
2022-05-23,French Open,1st Round,Clay,Nadal R.,Thompson J.,5,82.0,1.01,23.0,1.02,21.59,1.02,34.0
2022-05-23,French Open,1st Round,Clay,Gojo B.,Giannessi A.,223,173.0,1.72,2.1,1.79,2.15,1.83,2.34
2022-05-23,French Open,1st Round,Clay,Moutet C.,Wawrinka S.,139,264.0,2.3,1.61,2.26,1.71,2.57,1.74
2022-05-23,French Open,1st Round,Clay,Norrie C.,Guinard M.,11,146.0,1.08,8.0,1.12,7.63,1.12,11.42
2022-05-23,French Open,1st Round,Clay,Basilashvili N.,Cressy M.,24,62.0,1.3,3.5,1.34,3.57,1.38,3.92
2022-05-23,French Open,1st Round,Clay,Nakashima B.,Majchrzak K.,75,79.0,2.0,1.8,2.0,1.91,2.19,1.91
2022-05-23,French Open,1st Round,Clay,Baez S.,Lajovic D.,36,64.0,1.33,3.4,1.33,3.64,1.41,3.74
2022-05-23,French Open,1st Round,Clay,Fritz T.,Rodriguez Taverna S.,14,201.0,1.12,6.0,1.17,5.82,1.17,7.0
2022-05-23,French Open,1st Round,Clay,Krajinovic F.,Opelka R.,55,17.0,2.2,1.66,2.17,1.78,2.3,1.78
2022-05-23,French Open,1st Round,Clay,Evans D.,Cerundolo F.,32,45.0,2.0,1.8,2.12,1.81,2.12,2.0
2022-05-24,French Open,1st Round,Clay,Sonego L.,Gojowczyk P.,35,94.0,1.08,8.0,1.07,10.74,1.1,10.74
2022-05-24,French Open,1st Round,Clay,Delbonis F.,Mannarino A.,65,69.0,1.36,3.2,1.38,3.32,1.4,3.35
2022-05-24,French Open,1st Round,Clay,Tiafoe F.,Bonzi B.,27,52.0,1.53,2.5,1.59,2.53,1.67,2.53
2022-05-24,French Open,1st Round,Clay,Gaston H.,De Minaur A.,74,20.0,4.5,1.2,4.94,1.22,5.1,1.22
2022-05-24,French Open,1st Round,Clay,Simon G.,Carreno Busta P.,158,18.0,13.0,1.04,13.88,1.05,20.16,1.05
2022-05-24,French Open,1st Round,Clay,Kolar Z.,Pouille L.,134,162.0,1.9,1.9,1.81,2.11,1.91,2.2
2022-05-24,French Open,1st Round,Clay,Hurkacz H.,Zeppieri G.,13,216.0,1.12,6.0,1.19,5.43,1.19,6.75
2022-05-24,French Open,1st Round,Clay,Sinner J.,Fratangelo B.,12,186.0,1.06,10.0,1.06,12.84,1.08,14.0
2022-05-24,French Open,1st Round,Clay,Johnson S.,Vesely J.,92,73.0,2.3,1.61,2.31,1.69,2.35,1.69
2022-05-24,French Open,1st Round,Clay,Tsitsipas S.,Musetti L.,4,66.0,1.1,7.0,1.09,9.54,1.11,9.67
2022-05-24,French Open,1st Round,Clay,Rublev A.,Kwon S.W.,7,71.0,1.08,8.0,1.07,11.06,1.09,11.06
2022-05-24,French Open,1st Round,Clay,Cecchinato M.,Andujar P.,132,98.0,1.9,1.9,2.07,1.85,2.1,1.91
2022-05-24,French Open,1st Round,Clay,Laaksonen H.,Martinez P.,96,43.0,4.0,1.25,4.37,1.26,2.31,1.75
2022-05-24,French Open,1st Round,Clay,Carballes Baena R.,Otte O.,89,59.0,2.2,1.66,2.24,1.73,2.45,1.73
2022-05-24,French Open,1st Round,Clay,Ruud C.,Tsonga J.W.,8,297.0,1.03,15.0,1.03,18.72,1.05,21.0
2022-05-24,French Open,1st Round,Clay,Ivashka I.,Paire B.,50,78.0,1.5,2.62,1.49,2.83,1.54,2.83
2022-05-24,French Open,1st Round,Clay,Sousa J.,Tseng C. H.,63,109.0,1.8,2.0,1.9,2.01,1.95,2.21
2022-05-24,French Open,1st Round,Clay,Ruusuvuori E.,Humbert U.,61,46.0,1.66,2.2,1.75,2.2,1.76,2.26
2022-05-24,French Open,1st Round,Clay,Medvedev D.,Bagnis F.,2,103.0,1.1,7.0,1.16,6.26,1.16,8.0
2022-05-24,French Open,1st Round,Clay,Djere L.,Berankis R.,56,101.0,1.12,6.0,1.1,8.63,1.16,8.63
2022-05-24,French Open,1st Round,Clay,Rune H.,Shapovalov D.,40,15.0,2.0,1.8,2.16,1.78,2.3,1.85
2022-05-24,French Open,1st Round,Clay,Bublik A.,Rinderknech A.,42,68.0,2.5,1.53,2.78,1.51,2.8,1.57
2022-05-24,French Open,1st Round,Clay,Molcan A.,Coria F.,38,54.0,1.44,2.75,1.49,2.85,1.51,2.85
2022-05-24,French Open,1st Round,Clay,Gasquet R.,Harris L.,70,39.0,1.5,2.62,1.56,2.57,1.62,2.78
2022-05-24,French Open,1st Round,Clay,Garin C.,Paul T.,37,33.0,1.61,2.3,1.67,2.35,1.68,2.49
2022-05-24,French Open,1st Round,Clay,Goffin D.,Lehecka J.,48,77.0,1.36,3.2,1.42,3.13,1.44,3.6
2022-05-24,French Open,1st Round,Clay,Korda S.,Millman J.,30,91.0,1.14,5.5,1.13,7.12,1.15,7.8
2022-05-25,French Open,2nd Round,Clay,Alcaraz C.,Ramos-Vinolas A.,6,44.0,1.03,15.0,1.04,16.69,1.05,21.0
2022-05-25,French Open,2nd Round,Clay,Nadal R.,Moutet C.,5,139.0,1.03,15.0,1.04,15.03,1.05,34.0
2022-05-25,French Open,2nd Round,Clay,Korda S.,Gasquet R.,30,70.0,1.4,3.0,1.47,2.92,1.47,3.1
2022-05-25,French Open,2nd Round,Clay,Dimitrov G.,Coric B.,21,279.0,1.25,4.0,1.29,4.05,1.32,4.15
2022-05-25,French Open,2nd Round,Clay,Van De Zandschulp B.,Fognini F.,29,51.0,1.57,2.37,1.61,2.49,1.64,2.6
2022-05-25,French Open,2nd Round,Clay,Nakashima B.,Griekspoor T.,75,58.0,2.62,1.5,2.56,1.57,2.78,1.59
2022-05-25,French Open,2nd Round,Clay,Djokovic N.,Molcan A.,1,38.0,1.03,15.0,1.03,18.33,1.05,19.0
2022-05-25,French Open,2nd Round,Clay,Schwartzman D.,Munar J.,16,87.0,1.33,3.4,1.4,3.23,1.41,3.41
2022-05-25,French Open,2nd Round,Clay,Zapata Miralles B.,Fritz T.,131,14.0,2.75,1.44,2.76,1.51,3.0,1.51
2022-05-25,French Open,2nd Round,Clay,Krajinovic F.,Gojo B.,55,223.0,1.16,5.0,1.19,5.42,1.21,5.8
2022-05-25,French Open,2nd Round,Clay,Norrie C.,Kubler J.,11,160.0,1.08,8.0,1.09,9.46,1.1,14.75
2022-05-25,French Open,2nd Round,Clay,Bedene A.,Cuevas P.,195,149.0,2.5,1.53,2.64,1.55,2.86,1.62
2022-05-25,French Open,2nd Round,Clay,Isner J.,Barrere G.,26,210.0,1.25,4.0,1.27,4.23,1.3,4.23
2022-05-25,French Open,2nd Round,Clay,Auger-Aliassime F.,Ugo Carabelli C.,9,155.0,1.1,7.0,1.12,7.74,1.13,8.5
2022-05-25,French Open,2nd Round,Clay,Khachanov K.,Dellien H.,25,90.0,1.44,2.75,1.48,2.88,1.5,2.9
2022-05-25,French Open,2nd Round,Clay,Zverev A.,Baez S.,3,36.0,1.14,5.5,1.2,5.3,1.2,6.5
2022-05-26,French Open,2nd Round,Clay,Rublev A.,Delbonis F.,7,65.0,1.12,6.0,1.14,6.88,1.14,7.6
2022-05-26,French Open,2nd Round,Clay,Sinner J.,Carballes Baena R.,12,89.0,1.07,9.0,1.06,11.73,1.11,11.73
2022-05-26,French Open,2nd Round,Clay,Tsitsipas S.,Kolar Z.,4,134.0,1.02,17.0,0.972,35.02,1.04,35.02
2022-05-26,French Open,2nd Round,Clay,Simon G.,Johnson S.,158,92.0,2.62,1.5,2.86,1.48,2.86,1.55
2022-05-26,French Open,2nd Round,Clay,Ymer M.,Evans D.,95,32.0,2.75,1.44,2.68,1.53,3.0,1.56
2022-05-26,French Open,2nd Round,Clay,Garin C.,Ivashka I.,37,50.0,1.5,2.62,1.55,2.65,1.59,2.8
2022-05-26,French Open,2nd Round,Clay,Hurkacz H.,Cecchinato M.,13,132.0,1.14,5.5,1.15,6.57,1.17,6.9
2022-05-26,French Open,2nd Round,Clay,Mcdonald M.,Basilashvili N.,60,24.0,2.5,1.53,2.71,1.52,2.78,1.55
2022-05-26,French Open,2nd Round,Clay,Cilic M.,Fucsovics M.,23,57.0,1.44,2.75,1.51,2.76,1.51,2.9
2022-05-26,French Open,2nd Round,Clay,Gaston H.,Cachin P.,74,153.0,1.9,1.9,2.14,1.79,2.14,2.03
2022-05-26,French Open,2nd Round,Clay,Goffin D.,Tiafoe F.,48,27.0,1.66,2.2,1.66,2.36,1.71,2.36
2022-05-26,French Open,2nd Round,Clay,Kecmanovic M.,Bublik A.,31,42.0,1.2,4.5,1.2,5.28,1.22,5.5
2022-05-26,French Open,2nd Round,Clay,Medvedev D.,Djere L.,2,56.0,1.36,3.2,1.41,3.17,1.43,3.21
2022-05-26,French Open,2nd Round,Clay,Rune H.,Laaksonen H.,40,96.0,1.12,6.0,1.13,7.01,1.16,7.01
2022-05-26,French Open,2nd Round,Clay,Ruud C.,Ruusuvuori E.,8,61.0,1.12,6.0,1.12,7.38,1.15,7.75
2022-05-26,French Open,2nd Round,Clay,Sonego L.,Sousa J.,35,63.0,1.4,3.0,1.4,3.21,1.47,3.21
2022-05-27,French Open,3rd Round,Clay,Alcaraz C.,Korda S.,6,30.0,1.16,5.0,1.19,5.34,1.2,5.5
2022-05-27,French Open,3rd Round,Clay,Khachanov K.,Norrie C.,25,11.0,2.5,1.53,2.63,1.55,2.78,1.62
2022-05-27,French Open,3rd Round,Clay,Zverev A.,Nakashima B.,3,75.0,1.08,8.0,1.1,8.66,1.12,9.25
2022-05-27,French Open,3rd Round,Clay,Zapata Miralles B.,Isner J.,131,26.0,2.37,1.57,2.37,1.66,2.51,1.71
2022-05-27,French Open,3rd Round,Clay,Djokovic N.,Bedene A.,1,195.0,1.01,21.0,1.01,28.96,1.03,34.0
2022-05-27,French Open,3rd Round,Clay,Auger-Aliassime F.,Krajinovic F.,9,55.0,1.3,3.5,1.29,4.01,1.35,4.03
2022-05-27,French Open,3rd Round,Clay,Schwartzman D.,Dimitrov G.,16,21.0,2.37,1.57,2.46,1.62,2.6,1.63
2022-05-27,French Open,3rd Round,Clay,Nadal R.,Van De Zandschulp B.,5,29.0,1.05,11.0,1.08,10.61,1.09,11.25
2022-05-28,French Open,3rd Round,Clay,Tsitsipas S.,Ymer M.,4,95.0,1.05,11.0,1.04,15.04,1.06,16.0
2022-05-28,French Open,3rd Round,Clay,Ruud C.,Sonego L.,8,35.0,1.16,5.0,1.16,6.18,1.18,6.75
2022-05-28,French Open,3rd Round,Clay,Rune H.,Gaston H.,40,74.0,1.3,3.5,1.34,3.56,1.36,3.6
2022-05-28,French Open,3rd Round,Clay,Hurkacz H.,Goffin D.,13,48.0,1.66,2.2,1.72,2.25,1.76,2.4
2022-05-28,French Open,3rd Round,Clay,Rublev A.,Garin C.,7,37.0,1.25,4.0,1.27,4.23,1.3,4.6
2022-05-28,French Open,3rd Round,Clay,Medvedev D.,Kecmanovic M.,2,31.0,1.66,2.2,1.66,2.37,1.7,2.4
2022-05-28,French Open,3rd Round,Clay,Sinner J.,Mcdonald M.,12,60.0,1.07,9.0,1.08,9.97,1.1,11.5
2022-05-28,French Open,3rd Round,Clay,Cilic M.,Simon G.,23,158.0,1.22,4.33,1.24,4.57,1.27,5.5
2022-05-29,French Open,4th Round,Clay,Djokovic N.,Schwartzman D.,1,16.0,1.07,9.0,1.09,9.64,1.1,12.75
2022-05-29,French Open,4th Round,Clay,Zverev A.,Zapata Miralles B.,3,131.0,1.06,10.0,1.06,12.16,1.08,13.75
2022-05-29,French Open,4th Round,Clay,Nadal R.,Auger-Aliassime F.,5,9.0,1.14,5.5,1.15,6.54,1.19,6.88
2022-05-29,French Open,4th Round,Clay,Alcaraz C.,Khachanov K.,6,25.0,1.1,7.0,1.11,8.06,1.12,9.25
2022-05-30,French Open,4th Round,Clay,Ruud C.,Hurkacz H.,8,13.0,1.57,2.37,1.62,2.45,1.66,3.03
2022-05-30,French Open,4th Round,Clay,Rune H.,Tsitsipas S.,40,4.0,4.5,1.2,4.45,1.25,4.8,1.27
2022-05-30,French Open,4th Round,Clay,Rublev A.,Sinner J.,7,12.0,1.8,2.0,1.88,2.04,1.91,2.1
2022-05-30,French Open,4th Round,Clay,Cilic M.,Medvedev D.,23,2.0,3.75,1.28,3.94,1.3,4.1,1.33
2022-05-31,French Open,Quarterfinals,Clay,Nadal R.,Djokovic N.,5,1.0,2.75,1.44,2.9,1.47,3.1,1.5
2022-05-31,French Open,Quarterfinals,Clay,Zverev A.,Alcaraz C.,3,6.0,4.33,1.22,3.93,1.3,4.36,1.3
2022-06-01,French Open,Quarterfinals,Clay,Ruud C.,Rune H.,8,40.0,1.44,2.75,1.43,3.05,1.5,3.12
2022-06-01,French Open,Quarterfinals,Clay,Cilic M.,Rublev A.,23,7.0,2.1,1.72,2.14,1.79,2.31,1.8
2022-06-03,French Open,Semifinals,Clay,Nadal R.,Zverev A.,5,3.0,1.33,3.4,1.38,3.32,1.41,3.5
2022-06-03,French Open,Semifinals,Clay,Ruud C.,Cilic M.,8,23.0,1.44,2.75,1.45,2.97,1.5,3.08
2022-06-05,French Open,The Final,Clay,Nadal R.,Ruud C.,5,8.0,1.16,5.5,1.19,5.53,1.22,6.0
2022-06-06,Mercedes Cup,1st Round,Grass,Sonego L.,Paire B.,32,80.0,1.36,3.2,1.36,3.42,1.38,4.25
2022-06-06,Mercedes Cup,1st Round,Grass,Albot R.,Sousa J.,121,63.0,2.1,1.72,1.96,1.9,2.13,1.97
2022-06-06,Mercedes Cup,1st Round,Grass,Struff J.L.,Giron M.,103,53.0,2.5,1.53,2.73,1.51,2.79,1.56
2022-06-06,Mercedes Cup,1st Round,Grass,Otte O.,Altmaier D.,61,59.0,1.33,3.4,1.38,3.27,1.5,3.46
2022-06-06,Mercedes Cup,1st Round,Grass,Bonzi B.,Lopez F.,58,113.0,1.3,3.5,1.37,3.31,1.37,3.54
2022-06-06,Rosmalen Grass Court Championships,1st Round,Grass,Gaston H.,Kwon S.W.,66,75.0,3.75,1.28,3.92,1.29,4.36,1.32
2022-06-07,Mercedes Cup,1st Round,Grass,Bublik A.,Kudla D.,42,77.0,1.66,2.2,1.77,2.16,1.8,2.23
2022-06-07,Mercedes Cup,1st Round,Grass,Kyrgios N.,Lehecka J.,78,79.0,1.22,4.33,1.24,4.52,1.25,4.65
2022-06-07,Mercedes Cup,1st Round,Grass,Murray A.,O Connell C.,68,116.0,1.4,3.0,1.44,2.98,1.47,3.26
2022-06-07,Mercedes Cup,1st Round,Grass,Rinderknech A.,Humbert U.,60,48.0,3.0,1.4,3.31,1.38,3.31,1.42
2022-06-07,Mercedes Cup,1st Round,Grass,Fucsovics M.,Rodionov J.,55,129.0,1.36,3.2,1.34,3.5,1.38,3.62
2022-06-07,Mercedes Cup,1st Round,Grass,Stricker D.,Cressy M.,200,67.0,2.3,1.61,2.41,1.63,2.6,1.71
2022-06-07,Rosmalen Grass Court Championships,1st Round,Grass,Nakashima B.,Paul T.,64,39.0,1.5,2.62,1.55,2.6,1.56,2.86
2022-06-07,Rosmalen Grass Court Championships,1st Round,Grass,Griekspoor T.,Bedene A.,56,161.0,1.8,2.0,1.83,2.08,1.87,2.22
2022-06-07,Rosmalen Grass Court Championships,1st Round,Grass,Ruusuvuori E.,Van De Zandschulp B.,62,29.0,2.2,1.66,2.27,1.7,2.57,1.72
2022-06-07,Rosmalen Grass Court Championships,1st Round,Grass,Brooksby J.,De Jong J.,34,171.0,1.16,5.0,1.18,5.58,1.18,5.75
2022-06-07,Rosmalen Grass Court Championships,1st Round,Grass,Khachanov K.,Tabilo A.,23,82.0,1.14,5.5,1.13,6.88,1.16,8.2
2022-06-07,Rosmalen Grass Court Championships,1st Round,Grass,Majchrzak K.,Koepfer D.,81,96.0,1.44,2.75,1.51,2.72,1.51,2.95
2022-06-07,Rosmalen Grass Court Championships,1st Round,Grass,Ivashka I.,Mcdonald M.,49,51.0,1.72,2.1,1.88,2.01,1.88,2.12
2022-06-07,Rosmalen Grass Court Championships,1st Round,Grass,Querrey S.,Haase R.,107,256.0,1.4,3.0,1.5,2.74,1.58,3.0
2022-06-07,Rosmalen Grass Court Championships,1st Round,Grass,Mannarino A.,Seppi A.,70,141.0,1.4,3.0,1.46,2.88,1.54,3.09
2022-06-07,Rosmalen Grass Court Championships,1st Round,Grass,Van Rijthoven T.,Ebden M.,205,432.0,2.5,1.53,2.81,1.47,2.81,1.72
2022-06-08,Mercedes Cup,2nd Round,Grass,Berrettini M.,Albot R.,10,121.0,1.28,3.75,1.29,4.02,1.32,4.02
2022-06-08,Mercedes Cup,2nd Round,Grass,Bonzi B.,Rinderknech A.,58,60.0,1.72,2.1,1.65,2.39,1.75,2.39
2022-06-08,Mercedes Cup,1st Round,Grass,Basilashvili N.,Musetti L.,26,57.0,1.61,2.3,1.65,2.37,1.65,2.5
2022-06-09,Mercedes Cup,2nd Round,Grass,Kyrgios N.,Basilashvili N.,78,26.0,1.28,3.75,1.32,3.77,1.37,3.77
2022-06-09,Mercedes Cup,2nd Round,Grass,Tsitsipas S.,Stricker D.,5,200.0,1.28,3.75,1.27,4.2,1.33,4.2
2022-06-09,Mercedes Cup,2nd Round,Grass,Fucsovics M.,Hurkacz H.,55,13.0,3.0,1.4,3.02,1.44,3.22,1.44
2022-06-09,Mercedes Cup,2nd Round,Grass,Murray A.,Bublik A.,68,42.0,1.66,2.2,1.72,2.25,1.78,2.3
2022-06-09,Mercedes Cup,2nd Round,Grass,Sonego L.,Struff J.L.,32,103.0,1.5,2.62,1.49,2.84,1.52,2.84
2022-06-09,Mercedes Cup,2nd Round,Grass,Otte O.,Shapovalov D.,61,16.0,3.0,1.4,3.23,1.4,3.33,1.43
2022-06-09,Rosmalen Grass Court Championships,2nd Round,Grass,Mannarino A.,De Minaur A.,70,22.0,3.2,1.36,3.06,1.43,3.21,1.43
2022-06-09,Rosmalen Grass Court Championships,2nd Round,Grass,Ivashka I.,Ruusuvuori E.,49,62.0,1.61,2.3,1.61,2.47,1.7,2.52
2022-06-09,Rosmalen Grass Court Championships,2nd Round,Grass,Gaston H.,Brooksby J.,66,34.0,4.0,1.25,3.6,1.34,4.2,1.34
2022-06-09,Rosmalen Grass Court Championships,2nd Round,Grass,Medvedev D.,Simon G.,2,134.0,1.06,10.0,1.09,9.04,1.09,10.0
2022-06-09,Rosmalen Grass Court Championships,1st Round,Grass,Simon G.,Duckworth J.,134,71.0,2.1,1.72,2.27,1.69,2.27,1.74
2022-06-09,Rosmalen Grass Court Championships,2nd Round,Grass,Khachanov K.,Majchrzak K.,23,81.0,1.36,3.2,1.4,3.2,1.41,3.74
2022-06-09,Rosmalen Grass Court Championships,2nd Round,Grass,Nakashima B.,Querrey S.,64,107.0,1.53,2.5,1.51,2.76,1.53,2.86
2022-06-09,Rosmalen Grass Court Championships,2nd Round,Grass,Auger-Aliassime F.,Griekspoor T.,9,56.0,1.2,4.5,1.21,5.03,1.22,5.03
2022-06-09,Rosmalen Grass Court Championships,2nd Round,Grass,Van Rijthoven T.,Fritz T.,205,14.0,4.5,1.2,4.96,1.22,5.25,1.22
2022-06-10,Mercedes Cup,Quarterfinals,Grass,Kyrgios N.,Fucsovics M.,78,55.0,1.44,2.75,1.44,3.01,1.47,3.13
2022-06-10,Mercedes Cup,Quarterfinals,Grass,Murray A.,Tsitsipas S.,68,5.0,2.3,1.61,2.46,1.62,2.56,1.7
2022-06-10,Mercedes Cup,Quarterfinals,Grass,Berrettini M.,Sonego L.,10,32.0,1.44,2.75,1.44,3.04,1.47,3.15
2022-06-10,Rosmalen Grass Court Championships,Quarterfinals,Grass,Van Rijthoven T.,Gaston H.,205,66.0,2.0,1.8,1.98,1.92,2.15,1.92
2022-06-10,Mercedes Cup,Quarterfinals,Grass,Otte O.,Bonzi B.,61,58.0,1.72,2.1,1.79,2.15,1.8,2.19
2022-06-10,Rosmalen Grass Court Championships,Quarterfinals,Grass,Auger-Aliassime F.,Khachanov K.,9,23.0,1.33,3.4,1.4,3.24,1.4,3.4
2022-06-10,Rosmalen Grass Court Championships,Quarterfinals,Grass,Medvedev D.,Ivashka I.,2,49.0,1.2,4.5,1.21,5.08,1.23,5.08
2022-06-10,Rosmalen Grass Court Championships,Quarterfinals,Grass,Mannarino A.,Nakashima B.,70,64.0,2.0,1.8,2.05,1.86,2.06,1.88
2022-06-11,Rosmalen Grass Court Championships,Semifinals,Grass,Van Rijthoven T.,Auger-Aliassime F.,205,9.0,5.5,1.14,6.09,1.16,6.09,1.17
2022-06-11,Rosmalen Grass Court Championships,Semifinals,Grass,Medvedev D.,Mannarino A.,2,70.0,1.22,4.33,1.25,4.4,1.26,4.57
2022-06-11,Mercedes Cup,Semifinals,Grass,Berrettini M.,Otte O.,10,61.0,1.4,3.0,1.39,3.28,1.44,3.28
2022-06-11,Mercedes Cup,Semifinals,Grass,Murray A.,Kyrgios N.,68,78.0,2.2,1.66,2.32,1.68,2.32,1.75
2022-06-12,Mercedes Cup,The Final,Grass,Berrettini M.,Murray A.,10,68.0,1.9,1.9,1.97,1.93,1.97,2.0
2022-06-12,Rosmalen Grass Court Championships,The Final,Grass,Van Rijthoven T.,Medvedev D.,205,2.0,5.5,1.14,6.07,1.16,6.19,1.18
2022-06-13,Queen's Club Championships,1st Round,Grass,Draper J.,Fritz T.,99,14.0,2.75,1.44,2.72,1.51,2.95,1.51
2022-06-13,Queen's Club Championships,1st Round,Grass,Davidovich Fokina A.,Ramos-Vinolas A.,44,40.0,1.36,3.2,1.41,3.15,1.41,3.26
2022-06-13,Queen's Club Championships,1st Round,Grass,Cilic M.,Broady L.,17,137.0,1.22,4.33,1.2,5.1,1.25,5.1
2022-06-13,Queen's Club Championships,1st Round,Grass,Dimitrov G.,Norrie C.,22,11.0,2.2,1.66,2.26,1.7,2.47,1.88
2022-06-13,Queen's Club Championships,1st Round,Grass,De Minaur A.,Opelka R.,21,18.0,1.72,2.1,1.74,2.2,1.75,2.21
2022-06-13,Queen's Club Championships,1st Round,Grass,Bublik A.,Musetti L.,37,74.0,1.44,2.75,1.4,3.19,1.46,3.26
2022-06-13,Halle Open,1st Round,Grass,Ivashka I.,Struff J.L.,42,149.0,1.36,3.2,1.38,3.28,1.4,3.53
2022-06-13,Halle Open,1st Round,Grass,Carreno Busta P.,Rune H.,19,28.0,2.1,1.72,2.14,1.78,2.24,1.85
2022-06-13,Halle Open,1st Round,Grass,Basilashvili N.,Rublev A.,25,8.0,4.0,1.25,3.72,1.31,4.26,1.32
2022-06-13,Halle Open,1st Round,Grass,Humbert U.,Albot R.,50,116.0,1.36,3.2,1.38,3.26,1.44,3.44
2022-06-13,Halle Open,1st Round,Grass,Djere L.,Squire H.,62,291.0,1.44,2.75,1.53,2.67,1.53,2.9
2022-06-13,Halle Open,1st Round,Grass,Mcdonald M.,Huesler M.A.,53,114.0,1.57,2.37,1.61,2.46,1.64,2.61
2022-06-14,Halle Open,1st Round,Grass,Korda S.,Garin C.,41,43.0,1.28,3.75,1.31,3.73,1.33,4.05
2022-06-14,Queen's Club Championships,1st Round,Grass,Wawrinka S.,Tiafoe F.,290,27.0,2.62,1.5,2.88,1.47,2.94,1.5
2022-06-14,Queen's Club Championships,1st Round,Grass,Kudla D.,Sonego L.,82,32.0,2.3,1.61,2.29,1.69,2.4,1.71
2022-06-14,Queen's Club Championships,1st Round,Grass,Berrettini M.,Evans D.,10,31.0,1.44,2.75,1.51,2.72,1.51,2.85
2022-06-14,Queen's Club Championships,1st Round,Grass,Krajinovic F.,Brooksby J.,48,33.0,2.75,1.44,3.04,1.43,3.04,1.45
2022-06-14,Queen's Club Championships,1st Round,Grass,Cerundolo F.,Martinez P.,46,49.0,2.1,1.72,2.26,1.7,2.38,1.72
2022-06-14,Queen's Club Championships,1st Round,Grass,Peniston R.,Ruud C.,180,5.0,3.5,1.3,3.53,1.34,3.58,1.4
2022-06-14,Queen's Club Championships,1st Round,Grass,Van De Zandschulp B.,Jubb P.,29,227.0,1.57,2.37,1.62,2.44,1.67,2.78
2022-06-14,Queen's Club Championships,1st Round,Grass,Ruusuvuori E.,Halys Q.,56,86.0,1.57,2.37,1.72,2.23,1.75,2.45
2022-06-14,Queen's Club Championships,1st Round,Grass,Querrey S.,Schwartzman D.,121,16.0,1.8,2.0,1.84,2.06,1.95,2.1
2022-06-14,Halle Open,1st Round,Grass,Griekspoor T.,Molcan A.,61,45.0,1.5,2.62,1.52,2.7,1.57,3.0
2022-06-14,Halle Open,1st Round,Grass,Tsitsipas S.,Bonzi B.,6,52.0,1.3,3.5,1.3,3.88,1.33,4.0
2022-06-14,Halle Open,1st Round,Grass,Khachanov K.,Karatsev A.,23,38.0,1.25,4.0,1.27,4.13,1.29,4.25
2022-06-14,Halle Open,1st Round,Grass,Otte O.,Kecmanovic M.,51,30.0,2.0,1.8,2.08,1.83,2.08,1.92
2022-06-14,Halle Open,1st Round,Grass,Bautista Agut R.,Fucsovics M.,20,58.0,2.1,1.72,2.15,1.78,2.25,1.78
2022-06-14,Halle Open,1st Round,Grass,Kyrgios N.,Altmaier D.,65,66.0,1.16,5.0,1.18,5.6,1.22,5.6
2022-06-14,Halle Open,1st Round,Grass,Hurkacz H.,Cressy M.,12,63.0,1.4,3.0,1.4,3.17,1.42,3.42
2022-06-14,Halle Open,1st Round,Grass,Auger-Aliassime F.,Giron M.,9,60.0,1.14,5.5,1.15,6.31,1.18,6.8
2022-06-15,Queen's Club Championships,2nd Round,Grass,Ruusuvuori E.,Draper J.,56,99.0,2.37,1.57,2.51,1.6,2.52,1.65
2022-06-15,Queen's Club Championships,2nd Round,Grass,Van De Zandschulp B.,Dimitrov G.,29,22.0,3.5,1.3,3.74,1.32,4.2,1.36
2022-06-15,Queen's Club Championships,2nd Round,Grass,Davidovich Fokina A.,De Minaur A.,44,21.0,2.75,1.44,3.15,1.41,3.15,1.48
2022-06-15,Halle Open,2nd Round,Grass,Auger-Aliassime F.,Mcdonald M.,9,53.0,1.2,4.5,1.22,4.94,1.22,5.0
2022-06-15,Halle Open,2nd Round,Grass,Carreno Busta P.,Korda S.,19,41.0,3.2,1.36,3.2,1.4,3.21,1.42
2022-06-15,Queen's Club Championships,1st Round,Grass,Paul T.,Shapovalov D.,35,15.0,2.75,1.44,2.75,1.5,2.8,1.54
2022-06-15,Halle Open,2nd Round,Grass,Hurkacz H.,Humbert U.,12,50.0,1.44,2.75,1.49,2.83,1.49,3.04
2022-06-15,Halle Open,1st Round,Grass,Medvedev D.,Goffin D.,1,39.0,1.2,4.5,1.25,4.43,1.28,5.0
2022-06-15,Queen's Club Championships,2nd Round,Grass,Cilic M.,Bublik A.,17,37.0,1.44,2.75,1.56,2.62,1.56,2.8
2022-06-15,Halle Open,2nd Round,Grass,Kyrgios N.,Tsitsipas S.,65,6.0,1.61,2.3,1.66,2.36,1.69,2.4
2022-06-16,Queen's Club Championships,2nd Round,Grass,Paul T.,Wawrinka S.,35,290.0,1.61,2.3,1.72,2.25,1.73,2.33
2022-06-16,Halle Open,2nd Round,Grass,Otte O.,Basilashvili N.,51,25.0,1.9,1.9,1.93,1.96,1.97,2.03
2022-06-16,Queen's Club Championships,2nd Round,Grass,Berrettini M.,Kudla D.,10,82.0,1.16,5.0,1.21,5.08,1.21,5.55
2022-06-16,Queen's Club Championships,2nd Round,Grass,Peniston R.,Cerundolo F.,180,46.0,1.53,2.5,1.55,2.63,1.65,2.8
2022-06-16,Queen's Club Championships,2nd Round,Grass,Krajinovic F.,Querrey S.,48,121.0,2.75,1.44,2.77,1.51,2.8,1.54
2022-06-16,Halle Open,2nd Round,Grass,Medvedev D.,Ivashka I.,1,42.0,1.16,5.0,1.22,4.82,1.22,5.54
2022-06-16,Halle Open,2nd Round,Grass,Khachanov K.,Djere L.,23,62.0,1.14,5.5,1.16,6.16,1.17,6.29
2022-06-16,Halle Open,2nd Round,Grass,Bautista Agut R.,Griekspoor T.,20,61.0,1.57,2.37,1.65,2.38,1.68,2.42
2022-06-17,Queen's Club Championships,Quarterfinals,Grass,Krajinovic F.,Peniston R.,48,180.0,1.5,2.62,1.56,2.61,1.6,2.77
2022-06-17,Halle Open,Quarterfinals,Grass,Hurkacz H.,Auger-Aliassime F.,12,9.0,2.5,1.53,2.58,1.57,2.88,1.59
2022-06-17,Halle Open,Quarterfinals,Grass,Kyrgios N.,Carreno Busta P.,65,19.0,1.25,4.0,1.29,4.05,1.32,4.15
2022-06-17,Halle Open,Quarterfinals,Grass,Medvedev D.,Bautista Agut R.,1,20.0,1.33,3.4,1.33,3.7,1.38,3.78
2022-06-17,Halle Open,Quarterfinals,Grass,Otte O.,Khachanov K.,51,23.0,2.3,1.61,2.43,1.63,2.43,1.71
2022-06-17,Queen's Club Championships,Quarterfinals,Grass,Van De Zandschulp B.,Davidovich Fokina A.,29,44.0,1.66,2.2,1.68,2.34,1.73,2.4
2022-06-17,Queen's Club Championships,Quarterfinals,Grass,Berrettini M.,Paul T.,10,35.0,1.36,3.2,1.4,3.2,1.41,3.3
2022-06-17,Queen's Club Championships,Quarterfinals,Grass,Cilic M.,Ruusuvuori E.,17,56.0,1.36,3.2,1.42,3.13,1.43,3.21
2022-06-18,Halle Open,Semifinals,Grass,Hurkacz H.,Kyrgios N.,12,65.0,2.37,1.57,2.49,1.61,2.59,1.63
2022-06-18,Halle Open,Semifinals,Grass,Medvedev D.,Otte O.,1,51.0,1.14,5.5,1.16,6.27,1.17,6.36
2022-06-18,Queen's Club Championships,Semifinals,Grass,Berrettini M.,Van De Zandschulp B.,10,29.0,1.28,3.75,1.32,3.73,1.35,3.82
2022-06-18,Queen's Club Championships,Semifinals,Grass,Krajinovic F.,Cilic M.,48,17.0,4.5,1.2,4.75,1.23,4.9,1.25
2022-06-19,Mallorca Championships,1st Round,Grass,Karatsev A.,Munar J.,43,72.0,1.8,2.0,2.0,1.89,2.0,2.1
2022-06-19,Mallorca Championships,1st Round,Grass,Molcan A.,Kecmanovic M.,50,30.0,2.75,1.44,2.97,1.44,2.97,1.52
2022-06-19,Mallorca Championships,1st Round,Grass,Mcdonald M.,Sousa J.,52,59.0,1.5,2.62,1.47,2.89,1.52,3.0
2022-06-19,Halle Open,The Final,Grass,Hurkacz H.,Medvedev D.,12,1.0,3.0,1.4,2.69,1.53,3.0,1.53
2022-06-19,Queen's Club Championships,The Final,Grass,Berrettini M.,Krajinovic F.,10,48.0,1.16,5.0,1.19,5.33,1.2,5.76
2022-06-20,Mallorca Championships,1st Round,Grass,Bellier A.,Delbonis F.,303,85.0,1.57,2.37,1.62,2.43,1.68,2.63
2022-06-20,Mallorca Championships,1st Round,Grass,Griekspoor T.,Lopez F.,53,214.0,1.3,3.5,1.3,3.82,1.32,3.92
2022-06-20,Mallorca Championships,1st Round,Grass,Bonzi B.,Tabilo A.,56,80.0,1.4,3.0,1.41,3.13,1.44,3.46
2022-06-20,Mallorca Championships,1st Round,Grass,Ivashka I.,Ruusuvuori E.,40,48.0,1.57,2.37,1.63,2.41,1.65,2.63
2022-06-20,Mallorca Championships,1st Round,Grass,Bautista Agut R.,Daniel T.,20,123.0,1.2,4.5,1.16,5.92,1.22,6.1
2022-06-20,Eastbourne International,1st Round,Grass,Bublik A.,Tiafoe F.,39,28.0,1.9,1.9,1.88,2.02,1.92,2.02
2022-06-20,Eastbourne International,1st Round,Grass,De Minaur A.,Garin C.,24,44.0,1.16,5.0,1.21,4.88,1.21,6.0
2022-06-20,Eastbourne International,1st Round,Grass,Cressy M.,Opelka R.,60,18.0,2.1,1.72,2.08,1.83,2.13,1.86
2022-06-20,Eastbourne International,1st Round,Grass,Millman J.,Korda S.,86,46.0,3.75,1.28,3.78,1.31,4.0,1.31
2022-06-20,Eastbourne International,1st Round,Grass,Nakashima B.,Clarke J.,54,159.0,1.14,5.5,1.11,7.57,1.16,8.0
2022-06-20,Eastbourne International,1st Round,Grass,Draper J.,Brooksby J.,108,34.0,1.8,2.0,1.89,2.0,1.92,2.05
2022-06-21,Eastbourne International,1st Round,Grass,Paul T.,Cerundolo F.,35,42.0,1.28,3.75,1.31,3.72,1.31,3.8
2022-06-21,Mallorca Championships,1st Round,Grass,Baez S.,Thompson J.,36,68.0,3.75,1.28,4.11,1.27,4.2,1.33
2022-06-21,Eastbourne International,1st Round,Grass,Monteiro T.,Humbert U.,94,103.0,3.75,1.28,4.18,1.27,4.18,1.3
2022-06-21,Mallorca Championships,1st Round,Grass,Altmaier D.,Lajovic D.,64,63.0,1.53,2.5,1.62,2.43,1.62,2.6
2022-06-21,Mallorca Championships,1st Round,Grass,Giron M.,Van De Zandschulp B.,67,26.0,2.75,1.44,2.88,1.47,3.02,1.48
2022-06-21,Eastbourne International,1st Round,Grass,Peniston R.,Rune H.,147,29.0,2.5,1.53,2.62,1.54,2.7,1.59
2022-06-21,Eastbourne International,1st Round,Grass,Sonego L.,Duckworth J.,32,77.0,1.33,3.4,1.32,3.67,1.37,3.92
2022-06-21,Mallorca Championships,1st Round,Grass,Kyrgios N.,Djere L.,45,55.0,1.1,7.0,1.12,7.2,1.13,7.3
2022-06-21,Eastbourne International,1st Round,Grass,Martinez P.,Davidovich Fokina A.,49,38.0,4.0,1.25,4.74,1.22,4.74,1.28
2022-06-21,Eastbourne International,1st Round,Grass,Evans D.,Mannarino A.,33,73.0,1.5,2.62,1.52,2.7,1.53,2.89
2022-06-22,Mallorca Championships,2nd Round,Grass,Altmaier D.,Baez S.,64,36.0,2.2,1.66,2.49,1.61,2.5,1.75
2022-06-22,Mallorca Championships,2nd Round,Grass,Bellier A.,Carreno Busta P.,303,19.0,5.0,1.16,5.11,1.21,5.45,1.22
2022-06-22,Mallorca Championships,2nd Round,Grass,Griekspoor T.,Molcan A.,53,50.0,1.61,2.3,1.74,2.22,1.75,2.42
2022-06-22,Eastbourne International,2nd Round,Grass,De Minaur A.,Sonego L.,24,32.0,1.44,2.75,1.45,3.0,1.47,3.0
2022-06-22,Eastbourne International,2nd Round,Grass,Norrie C.,Nakashima B.,12,54.0,1.66,2.2,1.64,2.41,1.69,2.52
2022-06-22,Mallorca Championships,2nd Round,Grass,Bonzi B.,Shapovalov D.,56,16.0,2.3,1.61,2.38,1.65,2.45,1.73
2022-06-22,Eastbourne International,2nd Round,Grass,Fritz T.,Monteiro T.,14,94.0,1.28,3.75,1.35,3.52,1.36,3.8
2022-06-22,Mallorca Championships,2nd Round,Grass,Giron M.,Mcdonald M.,67,52.0,2.3,1.61,2.2,1.75,2.33,1.75
2022-06-22,Eastbourne International,2nd Round,Grass,Cressy M.,Evans D.,60,33.0,2.37,1.57,2.53,1.59,2.53,1.7
2022-06-22,Eastbourne International,2nd Round,Grass,Bublik A.,Millman J.,39,86.0,1.44,2.75,1.51,2.75,1.57,2.79
2022-06-22,Eastbourne International,2nd Round,Grass,Draper J.,Schwartzman D.,108,15.0,1.4,3.0,1.45,2.97,1.54,3.02
2022-06-22,Mallorca Championships,2nd Round,Grass,Medvedev D.,Karatsev A.,1,43.0,1.12,6.0,1.17,5.91,1.21,6.5
2022-06-22,Mallorca Championships,2nd Round,Grass,Bautista Agut R.,Kyrgios N.,20,45.0,2.3,1.61,2.13,1.8,2.3,1.8
2022-06-22,Eastbourne International,2nd Round,Grass,Paul T.,Sinner J.,35,13.0,2.3,1.61,2.24,1.73,2.34,1.73
2022-06-22,Mallorca Championships,2nd Round,Grass,Tsitsipas S.,Ivashka I.,6,40.0,1.5,2.62,1.6,2.5,1.61,2.76
2022-06-23,Mallorca Championships,Quarterfinals,Grass,Bonzi B.,Altmaier D.,56,64.0,1.3,3.5,1.32,3.74,1.35,3.76
2022-06-23,Mallorca Championships,Quarterfinals,Grass,Tsitsipas S.,Giron M.,6,67.0,1.22,4.33,1.21,5.05,1.26,5.54
2022-06-23,Mallorca Championships,Quarterfinals,Grass,Bautista Agut R.,Medvedev D.,20,1.0,3.4,1.33,3.44,1.36,3.6,1.37
2022-06-23,Mallorca Championships,Quarterfinals,Grass,Bellier A.,Griekspoor T.,303,53.0,3.4,1.33,3.43,1.36,4.0,1.36
2022-06-23,Eastbourne International,Quarterfinals,Grass,Draper J.,Peniston R.,108,147.0,1.4,3.0,1.39,3.22,1.47,3.22
2022-06-23,Eastbourne International,2nd Round,Grass,Peniston R.,Martinez P.,147,49.0,1.4,3.0,1.42,3.11,1.47,3.11
2022-06-23,Eastbourne International,Quarterfinals,Grass,Cressy M.,Norrie C.,60,12.0,2.75,1.44,2.75,1.49,2.97,1.53
2022-06-23,Eastbourne International,Quarterfinals,Grass,De Minaur A.,Paul T.,24,35.0,1.4,3.0,1.41,3.18,1.43,3.36
2022-06-23,Eastbourne International,Quarterfinals,Grass,Fritz T.,Bublik A.,14,39.0,2.1,1.72,2.13,1.8,2.24,1.86
2022-06-24,Eastbourne International,Semifinals,Grass,Fritz T.,De Minaur A.,14,24.0,2.1,1.72,2.17,1.78,2.31,1.78
2022-06-24,Eastbourne International,Semifinals,Grass,Cressy M.,Draper J.,60,108.0,1.66,2.2,1.76,2.19,1.8,2.25
2022-06-24,Mallorca Championships,Semifinals,Grass,Tsitsipas S.,Bonzi B.,6,56.0,1.44,2.75,1.53,2.7,1.54,2.92
2022-06-24,Mallorca Championships,Semifinals,Grass,Bautista Agut R.,Bellier A.,20,303.0,1.14,5.5,1.17,5.98,1.18,6.5
2022-06-25,Eastbourne International,The Final,Grass,Fritz T.,Cressy M.,14,60.0,1.53,2.5,1.64,2.42,1.64,2.64
2022-06-25,Mallorca Championships,The Final,Grass,Tsitsipas S.,Bautista Agut R.,6,20.0,1.66,2.2,1.74,2.22,1.76,2.32
2022-06-27,Wimbledon,1st Round,Grass,Alcaraz C.,Struff J.L.,7,155.0,1.25,4.0,1.26,4.32,1.28,4.45
2022-06-27,Wimbledon,1st Round,Grass,Tabilo A.,Djere L.,78,57.0,2.62,1.5,2.68,1.53,3.0,1.53
2022-06-27,Wimbledon,1st Round,Grass,Vesely J.,Coria F.,68,67.0,1.05,11.0,1.09,9.72,1.09,12.72
2022-06-27,Wimbledon,1st Round,Grass,Van Rijthoven T.,Delbonis F.,104,84.0,1.12,6.0,1.13,7.13,1.14,7.75
2022-06-27,Wimbledon,1st Round,Grass,Sinner J.,Wawrinka S.,13,267.0,1.33,3.4,1.33,3.65,1.35,3.65
2022-06-27,Wimbledon,1st Round,Grass,Otte O.,Gojowczyk P.,36,92.0,1.14,5.5,1.16,6.3,1.16,7.0
2022-06-27,Wimbledon,1st Round,Grass,Lajovic D.,Carreno Busta P.,64,20.0,3.4,1.33,4.0,1.29,4.13,1.33
2022-06-27,Wimbledon,1st Round,Grass,Griekspoor T.,Fognini F.,53,63.0,1.36,3.2,1.36,3.47,1.38,3.5
2022-06-27,Wimbledon,1st Round,Grass,Murray A.,Duckworth J.,52,74.0,1.16,5.0,1.16,6.22,1.18,6.7
2022-06-27,Wimbledon,1st Round,Grass,Bublik A.,Fucsovics M.,38,59.0,1.57,2.37,1.56,2.61,1.6,2.66
2022-06-27,Wimbledon,1st Round,Grass,Kecmanovic M.,Millman J.,30,85.0,1.44,2.75,1.42,3.11,1.46,3.13
2022-06-27,Wimbledon,1st Round,Grass,Kokkinakis T.,Majchrzak K.,79,91.0,2.1,1.72,2.17,1.78,2.17,1.83
2022-06-27,Wimbledon,1st Round,Grass,Halys Q.,Paire B.,82,73.0,1.36,3.2,1.37,3.41,1.41,3.65
2022-06-27,Wimbledon,1st Round,Grass,Djokovic N.,Kwon S.W.,3,81.0,1.005,34.0,1.01,31.88,1.01,34.22
2022-06-27,Wimbledon,1st Round,Grass,Basilashvili N.,Rosol L.,26,280.0,1.3,3.5,1.33,3.69,1.35,3.75
2022-06-27,Wimbledon,1st Round,Grass,Isner J.,Couacaud E.,24,206.0,1.16,5.0,1.24,4.64,1.24,5.0
2022-06-27,Wimbledon,1st Round,Grass,Ruud C.,Ramos-Vinolas A.,6,39.0,1.2,4.5,1.19,5.39,1.27,6.1
2022-06-27,Wimbledon,1st Round,Grass,Marterer M.,Bedene A.,172,200.0,2.1,1.72,2.04,1.87,2.13,1.93
2022-06-27,Wimbledon,1st Round,Grass,Norrie C.,Andujar P.,12,100.0,1.02,17.0,1.02,20.54,1.05,24.0
2022-06-27,Wimbledon,1st Round,Grass,Humbert U.,Etcheverry T.,112,77.0,1.11,6.5,1.16,6.17,1.16,6.65
2022-06-27,Wimbledon,1st Round,Grass,Davidovich Fokina A.,Hurkacz H.,37,10.0,5.5,1.14,7.06,1.13,7.66,1.18
2022-06-27,Wimbledon,1st Round,Grass,Mannarino A.,Purcell M.,86,209.0,1.28,3.75,1.32,3.75,1.32,3.9
2022-06-27,Wimbledon,1st Round,Grass,Paul T.,Verdasco F.,32,115.0,1.14,5.5,1.22,4.86,1.22,5.75
2022-06-27,Wimbledon,1st Round,Grass,Tiafoe F.,Vavassori A.,28,256.0,1.11,6.5,1.12,7.64,1.14,8.2
2022-06-27,Wimbledon,1st Round,Grass,Munar J.,Monteiro T.,71,89.0,2.3,1.61,2.33,1.68,2.4,1.68
2022-06-28,Wimbledon,1st Round,Grass,Ruusuvuori E.,Nishioka Y.,49,101.0,1.14,5.5,1.15,6.37,1.16,6.5
2022-06-28,Wimbledon,1st Round,Grass,Krajinovic F.,Lehecka J.,31,72.0,1.36,3.2,1.38,3.34,1.39,3.75
2022-06-28,Wimbledon,1st Round,Grass,Draper J.,Bergs Z.,94,146.0,1.33,3.4,1.35,3.52,1.37,3.84
2022-06-28,Wimbledon,1st Round,Grass,Nadal R.,Cerundolo F.,4,41.0,1.04,13.0,1.03,18.32,1.04,21.0
2022-06-28,Wimbledon,1st Round,Grass,Thompson J.,Carballes Baena R.,76,87.0,1.08,8.0,1.07,10.85,1.08,10.85
2022-06-28,Wimbledon,1st Round,Grass,Cressy M.,Auger-Aliassime F.,45,9.0,3.5,1.3,3.81,1.31,3.81,1.38
2022-06-28,Wimbledon,1st Round,Grass,Van De Zandschulp B.,Lopez F.,25,240.0,1.2,4.5,1.2,5.23,1.21,5.5
2022-06-28,Wimbledon,1st Round,Grass,Gray A.,Tseng C.H.,288,95.0,2.2,1.66,2.36,1.67,2.4,1.7
2022-06-28,Wimbledon,1st Round,Grass,Bautista Agut R.,Balazs A.,19,331.0,1.02,19.0,1.04,16.46,1.04,20.0
2022-06-28,Wimbledon,1st Round,Grass,Shapovalov D.,Rinderknech A.,16,62.0,1.36,3.2,1.36,3.47,1.44,3.47
2022-06-28,Wimbledon,1st Round,Grass,Broady L.,Klein L.,132,243.0,1.66,2.2,1.75,2.21,1.76,2.28
2022-06-28,Wimbledon,1st Round,Grass,Tsitsipas S.,Ritschard A.,5,188.0,1.05,11.0,1.03,17.64,1.05,18.0
2022-06-28,Wimbledon,1st Round,Grass,Galan D.E.,Koepfer D.,109,117.0,2.37,1.57,2.36,1.67,2.45,1.74
2022-06-28,Wimbledon,1st Round,Grass,Sonego L.,Kudla D.,54,75.0,1.9,1.9,1.98,1.93,2.0,2.1
2022-06-28,Wimbledon,1st Round,Grass,Novak D.,Bagnis F.,153,102.0,1.2,4.5,1.18,5.74,1.22,5.75
2022-06-28,Wimbledon,1st Round,Grass,Kubler J.,Evans D.,99,33.0,4.0,1.25,4.75,1.23,4.8,1.25
2022-06-28,Wimbledon,1st Round,Grass,Fritz T.,Musetti L.,14,70.0,1.16,5.0,1.16,6.2,1.18,7.25
2022-06-28,Wimbledon,1st Round,Grass,Schwartzman D.,Kozlov S.,15,107.0,1.2,4.5,1.25,4.45,1.25,5.5
2022-06-28,Wimbledon,1st Round,Grass,Giron M.,Rune H.,65,29.0,1.72,2.1,1.7,2.29,1.78,2.29
2022-06-28,Wimbledon,1st Round,Grass,Nakashima B.,Kuhn N.,56,261.0,1.08,8.0,1.07,11.63,1.11,11.63
2022-06-28,Wimbledon,1st Round,Grass,Sock J.,Zapata Miralles B.,103,90.0,1.33,3.4,1.37,3.39,1.37,3.6
2022-06-28,Wimbledon,1st Round,Grass,Peniston R.,Laaksonen H.,135,96.0,1.2,4.5,1.21,5.11,1.29,5.25
2022-06-28,Wimbledon,1st Round,Grass,Grenier H.,Huesler M.A.,141,105.0,2.37,1.57,2.6,1.56,2.63,1.58
2022-06-28,Wimbledon,1st Round,Grass,Goffin D.,Albot R.,58,113.0,1.5,2.62,1.54,2.67,1.6,2.72
2022-06-28,Wimbledon,1st Round,Grass,Baez S.,Daniel T.,35,118.0,1.9,1.9,1.87,2.04,1.92,2.1
2022-06-28,Wimbledon,1st Round,Grass,Johnson S.,Dimitrov G.,93,21.0,4.5,1.2,4.97,1.22,5.06,1.24
2022-06-28,Wimbledon,1st Round,Grass,Opelka R.,Taberner C.,18,98.0,1.16,5.0,1.15,6.41,1.16,6.41
2022-06-28,Wimbledon,1st Round,Grass,Kyrgios N.,Jubb P.,40,219.0,1.07,9.0,1.11,8.16,1.11,9.7
2022-06-28,Wimbledon,1st Round,Grass,Molcan A.,Martinez P.,51,50.0,1.44,2.75,1.5,2.8,1.5,3.1
2022-06-28,Wimbledon,1st Round,Grass,Gasquet R.,Sousa J.,69,60.0,1.5,2.62,1.49,2.84,1.55,2.85
2022-06-28,Wimbledon,1st Round,Grass,Gaston H.,Popyrin A.,66,83.0,2.5,1.53,2.86,1.48,2.88,1.59
2022-06-28,Wimbledon,1st Round,Grass,Ymer M.,Altmaier D.,88,61.0,1.9,1.9,1.89,2.02,1.91,2.05
2022-06-28,Wimbledon,1st Round,Grass,Garin C.,Ymer E.,43,137.0,1.53,2.5,1.52,2.71,1.59,2.71
2022-06-28,Wimbledon,1st Round,Grass,Bonzi B.,Kolar Z.,47,119.0,1.1,7.0,1.08,10.08,1.13,10.08
2022-06-28,Wimbledon,1st Round,Grass,Harrison C.,Clarke J.,251,156.0,1.72,2.1,1.71,2.27,1.78,2.27
2022-06-28,Wimbledon,1st Round,Grass,Mcdonald M.,Borges N.,55,123.0,1.33,3.4,1.34,3.58,1.35,3.95
2022-06-28,Wimbledon,1st Round,Grass,Brooksby J.,Kukushkin M.,34,164.0,1.4,3.0,1.49,2.83,1.51,3.1
2022-06-28,Wimbledon,1st Round,Grass,De Minaur A.,Dellien H.,27,80.0,1.03,15.0,1.04,15.53,1.05,18.0
2022-06-28,Wimbledon,1st Round,Grass,Berankis R.,Querrey S.,106,157.0,4.0,1.25,4.88,1.22,4.88,1.26
2022-06-29,Wimbledon,2nd Round,Grass,Norrie C.,Munar J.,12,71.0,1.11,6.5,1.16,6.22,1.18,7.0
2022-06-29,Wimbledon,2nd Round,Grass,Isner J.,Murray A.,24,52.0,3.2,1.36,3.45,1.36,3.45,1.43
2022-06-29,Wimbledon,2nd Round,Grass,Van Rijthoven T.,Opelka R.,104,18.0,1.8,2.0,1.68,2.33,1.83,2.33
2022-06-29,Wimbledon,2nd Round,Grass,Paul T.,Mannarino A.,32,86.0,1.61,2.3,1.74,2.23,1.74,2.5
2022-06-29,Wimbledon,2nd Round,Grass,Vesely J.,Davidovich Fokina A.,68,37.0,2.3,1.61,2.48,1.61,2.51,1.67
2022-06-29,Wimbledon,2nd Round,Grass,Sinner J.,Ymer M.,13,88.0,1.2,4.5,1.21,5.02,1.23,5.27
2022-06-29,Wimbledon,2nd Round,Grass,Basilashvili N.,Halys Q.,26,82.0,1.66,2.2,1.7,2.29,1.77,2.3
2022-06-29,Wimbledon,2nd Round,Grass,Alcaraz C.,Griekspoor T.,7,53.0,1.33,3.4,1.29,4.0,1.33,4.0
2022-06-29,Wimbledon,2nd Round,Grass,Bublik A.,Lajovic D.,38,64.0,1.2,4.5,1.21,5.07,1.28,5.07
2022-06-29,Wimbledon,2nd Round,Grass,Djokovic N.,Kokkinakis T.,3,79.0,1.02,17.0,1.03,19.67,1.06,21.0
2022-06-29,Wimbledon,2nd Round,Grass,Tiafoe F.,Marterer M.,28,172.0,1.2,4.5,1.22,4.87,1.25,5.0
2022-06-29,Wimbledon,2nd Round,Grass,Humbert U.,Ruud C.,112,6.0,2.37,1.57,2.41,1.64,2.5,1.64
2022-06-29,Wimbledon,2nd Round,Grass,Kecmanovic M.,Tabilo A.,30,78.0,1.22,4.33,1.25,4.85,1.3,4.85
2022-06-29,Wimbledon,2nd Round,Grass,Johnson S.,Peniston R.,93,135.0,2.2,1.66,2.12,1.81,2.23,1.84
2022-06-29,Wimbledon,2nd Round,Grass,Goffin D.,Baez S.,58,35.0,1.57,2.37,1.52,2.73,1.62,2.75
2022-06-29,Wimbledon,2nd Round,Grass,Otte O.,Harrison C.,36,251.0,1.16,5.0,1.15,6.39,1.2,6.5
2022-06-30,Wimbledon,2nd Round,Grass,De Minaur A.,Draper J.,27,94.0,1.57,2.37,1.53,2.71,1.57,2.71
2022-06-30,Wimbledon,2nd Round,Grass,Brooksby J.,Bonzi B.,34,47.0,2.2,1.66,2.43,1.63,2.52,1.72
2022-06-30,Wimbledon,2nd Round,Grass,Nadal R.,Berankis R.,4,106.0,1.03,15.0,1.07,11.41,1.07,15.0
2022-06-30,Wimbledon,2nd Round,Grass,Nakashima B.,Shapovalov D.,56,16.0,2.3,1.61,2.36,1.67,2.4,1.68
2022-06-30,Wimbledon,2nd Round,Grass,Galan D.E.,Bautista Agut R.,109,19.0,7.0,1.1,9.98,1.08,10.5,1.11
2022-06-30,Wimbledon,2nd Round,Grass,Garin C.,Grenier H.,43,141.0,1.4,3.0,1.51,2.78,1.51,3.25
2022-06-30,Wimbledon,2nd Round,Grass,Tsitsipas S.,Thompson J.,5,76.0,1.2,4.5,1.24,4.63,1.24,5.25
2022-06-30,Wimbledon,2nd Round,Grass,Sonego L.,Gaston H.,54,66.0,1.25,4.0,1.23,4.7,1.27,4.74
2022-06-30,Wimbledon,2nd Round,Grass,Kyrgios N.,Krajinovic F.,40,31.0,1.28,3.75,1.29,4.02,1.33,4.02
2022-06-30,Wimbledon,2nd Round,Grass,Fritz T.,Gray A.,14,288.0,1.05,11.0,1.05,14.65,1.06,16.0
2022-06-30,Wimbledon,2nd Round,Grass,Van De Zandschulp B.,Ruusuvuori E.,25,49.0,1.72,2.1,1.79,2.15,1.83,2.2
2022-06-30,Wimbledon,2nd Round,Grass,Molcan A.,Giron M.,51,65.0,2.3,1.61,2.66,1.54,2.75,1.63
2022-06-30,Wimbledon,2nd Round,Grass,Gasquet R.,Mcdonald M.,69,55.0,2.2,1.66,2.43,1.63,2.49,1.69
2022-06-30,Wimbledon,2nd Round,Grass,Broady L.,Schwartzman D.,132,15.0,3.4,1.33,3.38,1.37,3.5,1.37
2022-07-01,Wimbledon,3rd Round,Grass,Djokovic N.,Kecmanovic M.,3,30.0,1.02,17.0,1.03,20.34,1.04,21.0
2022-07-01,Wimbledon,3rd Round,Grass,Norrie C.,Johnson S.,12,93.0,1.28,3.75,1.32,3.71,1.33,3.76
2022-07-01,Wimbledon,3rd Round,Grass,Alcaraz C.,Otte O.,7,36.0,1.33,3.4,1.3,3.89,1.33,4.2
2022-07-01,Wimbledon,3rd Round,Grass,Sinner J.,Isner J.,13,24.0,1.57,2.37,1.65,2.3,1.66,2.46
2022-07-01,Wimbledon,3rd Round,Grass,Paul T.,Vesely J.,32,68.0,1.44,2.75,1.51,2.76,1.55,3.0
2022-07-01,Wimbledon,2nd Round,Grass,Sock J.,Cressy M.,103,45.0,2.75,1.44,2.93,1.46,2.95,1.5
2022-07-01,Wimbledon,3rd Round,Grass,Van Rijthoven T.,Basilashvili N.,104,26.0,1.4,3.0,1.44,3.03,1.47,3.1
2022-07-01,Wimbledon,3rd Round,Grass,Tiafoe F.,Bublik A.,28,38.0,2.0,1.8,2.12,1.81,2.13,1.84
2022-07-01,Wimbledon,2nd Round,Grass,Kubler J.,Novak D.,99,153.0,1.53,2.5,1.5,2.79,1.53,2.93
2022-07-01,Wimbledon,3rd Round,Grass,Goffin D.,Humbert U.,58,112.0,1.66,2.2,1.69,2.31,1.76,2.42
2022-07-02,Wimbledon,3rd Round,Grass,Nadal R.,Sonego L.,4,54.0,1.16,5.0,1.18,5.76,1.21,5.76
2022-07-02,Wimbledon,3rd Round,Grass,Fritz T.,Molcan A.,14,51.0,1.2,4.5,1.22,4.82,1.25,5.0
2022-07-02,Wimbledon,3rd Round,Grass,Nakashima B.,Galan D.E.,56,109.0,1.1,7.0,1.14,6.74,1.15,7.75
2022-07-02,Wimbledon,3rd Round,Grass,Kyrgios N.,Tsitsipas S.,40,5.0,1.72,2.1,1.82,2.1,1.85,2.2
2022-07-02,Wimbledon,3rd Round,Grass,Van De Zandschulp B.,Gasquet R.,25,69.0,1.36,3.2,1.41,3.15,1.42,3.44
2022-07-02,Wimbledon,3rd Round,Grass,Kubler J.,Sock J.,99,103.0,2.37,1.57,2.5,1.6,2.55,1.61
2022-07-02,Wimbledon,3rd Round,Grass,Garin C.,Brooksby J.,43,34.0,3.0,1.4,3.27,1.39,3.35,1.42
2022-07-02,Wimbledon,3rd Round,Grass,De Minaur A.,Broady L.,27,132.0,1.12,6.0,1.13,7.01,1.16,7.5
2022-07-03,Wimbledon,4th Round,Grass,Goffin D.,Tiafoe F.,58,28.0,1.8,2.0,1.79,2.14,1.88,2.2
2022-07-03,Wimbledon,4th Round,Grass,Norrie C.,Paul T.,12,32.0,1.53,2.5,1.55,2.63,1.62,2.65
2022-07-03,Wimbledon,4th Round,Grass,Sinner J.,Alcaraz C.,13,7.0,3.2,1.36,3.41,1.37,3.41,1.42
2022-07-03,Wimbledon,4th Round,Grass,Djokovic N.,Van Rijthoven T.,3,104.0,1.05,11.0,1.07,11.47,1.07,17.0
2022-07-04,Wimbledon,4th Round,Grass,Nadal R.,Van De Zandschulp B.,4,25.0,1.16,5.0,1.17,5.88,1.18,6.0
2022-07-04,Wimbledon,4th Round,Grass,Garin C.,De Minaur A.,43,27.0,5.5,1.14,6.43,1.15,6.43,1.21
2022-07-04,Wimbledon,4th Round,Grass,Kyrgios N.,Nakashima B.,40,56.0,1.3,3.5,1.33,3.64,1.36,4.1
2022-07-04,Wimbledon,4th Round,Grass,Fritz T.,Kubler J.,14,99.0,1.22,4.33,1.18,5.63,1.23,5.63
2022-07-05,Wimbledon,Quarterfinals,Grass,Norrie C.,Goffin D.,12,58.0,1.44,2.75,1.44,3.04,1.48,3.06
2022-07-05,Wimbledon,Quarterfinals,Grass,Djokovic N.,Sinner J.,3,13.0,1.11,6.5,1.11,7.94,1.13,7.94
2022-07-06,Wimbledon,Quarterfinals,Grass,Nadal R.,Fritz T.,4,14.0,1.44,2.75,1.47,2.89,1.5,3.0
2022-07-06,Wimbledon,Quarterfinals,Grass,Kyrgios N.,Garin C.,40,43.0,1.22,4.33,1.22,4.95,1.25,4.95
2022-07-08,Wimbledon,Semifinals,Grass,Djokovic N.,Norrie C.,3,12.0,1.06,10.0,1.05,13.1,1.11,13.1
2022-07-08,Wimbledon,Semifinals,Grass,Kyrgios N.,Nadal R.,40,4.0,1.61,2.3,1.63,2.41,1.7,2.5
2022-07-10,Wimbledon,The Final,Grass,Djokovic N.,Kyrgios N.,3,40.0,1.28,3.75,1.28,4.11,1.33,4.25
2022-07-11,Hall of Fame Championships,1st Round,Grass,Johnson S.,Kozlov S.,95,104.0,1.4,3.0,1.43,3.04,1.48,3.17
2022-07-11,Hall of Fame Championships,1st Round,Grass,Sock J.,Albot R.,100,110.0,1.33,3.4,1.33,3.58,1.38,3.88
2022-07-11,Hall of Fame Championships,1st Round,Grass,Kubler J.,Thompson J.,102,79.0,1.9,1.9,2.1,1.81,2.1,1.96
2022-07-11,Hall of Fame Championships,1st Round,Grass,Gojowczyk P.,Humbert U.,91,129.0,4.5,1.2,5.02,1.2,5.1,1.22
2022-07-11,Nordea Open,1st Round,Clay,Djere L.,Musetti L.,53,67.0,1.8,2.0,1.85,2.05,1.92,2.05
2022-07-11,Nordea Open,1st Round,Clay,Carreno Busta P.,Wawrinka S.,18,290.0,1.53,2.5,1.49,2.79,1.53,2.79
2022-07-11,Nordea Open,1st Round,Clay,Ymer E.,Altmaier D.,134,62.0,2.1,1.72,2.12,1.79,2.24,1.83
2022-07-12,Hall of Fame Championships,1st Round,Grass,Purcell M.,Mannarino A.,202,82.0,3.0,1.4,2.94,1.45,3.0,1.49
2022-07-12,Hall of Fame Championships,1st Round,Grass,Duckworth J.,Broady L.,74,140.0,2.1,1.72,2.15,1.78,2.31,1.8
2022-07-12,Hall of Fame Championships,1st Round,Grass,Vesely J.,Lopez F.,69,252.0,1.28,3.75,1.37,3.36,1.37,4.0
2022-07-12,Hall of Fame Championships,1st Round,Grass,Bonzi B.,Blumberg W.,48,773.0,1.16,5.0,1.17,5.83,1.18,5.83
2022-07-12,Hall of Fame Championships,1st Round,Grass,Eubanks C.,Koepfer D.,163,136.0,1.66,2.2,1.69,2.29,1.7,2.3
2022-07-12,Hall of Fame Championships,1st Round,Grass,Murray A.,Querrey S.,52,281.0,1.33,3.4,1.38,3.3,1.38,3.5
2022-07-12,Hall of Fame Championships,1st Round,Grass,Krueger M.,Van Rijthoven T.,146,103.0,6.5,1.11,6.57,1.14,7.5,1.14
2022-07-12,Hall of Fame Championships,1st Round,Grass,Halys Q.,Popyrin A.,86,85.0,2.0,1.8,1.88,2.01,2.03,2.06
2022-07-12,Nordea Open,1st Round,Clay,Gaston H.,Basilashvili N.,58,25.0,1.8,2.0,1.88,2.02,1.98,2.05
2022-07-12,Nordea Open,1st Round,Clay,Cerundolo F.,Sousa P.,39,430.0,1.3,3.5,1.32,3.67,1.32,3.8
2022-07-12,Nordea Open,1st Round,Clay,Davidovich Fokina A.,Sousa J.,36,60.0,1.28,3.75,1.28,4.0,1.31,4.0
2022-07-12,Nordea Open,1st Round,Clay,Karatsev A.,Sonego L.,40,63.0,2.75,1.44,2.79,1.49,2.79,1.55
2022-07-12,Nordea Open,1st Round,Clay,Thiem D.,Ruusuvuori E.,339,43.0,2.37,1.57,2.37,1.65,2.55,1.65
2022-07-12,Nordea Open,1st Round,Clay,Huesler M.A.,Rune H.,108,28.0,3.5,1.3,4.26,1.26,4.26,1.35
2022-07-12,Nordea Open,1st Round,Clay,Baez S.,Fognini F.,34,64.0,1.4,3.0,1.35,3.44,1.42,3.45
2022-07-12,Nordea Open,1st Round,Clay,Coria F.,Delbonis F.,65,84.0,1.72,2.1,1.75,2.1,1.81,2.26
2022-07-12,Nordea Open,1st Round,Clay,Ramos-Vinolas A.,Etcheverry T.,38,78.0,1.57,2.37,1.63,2.41,1.66,2.5
2022-07-13,Hall of Fame Championships,2nd Round,Grass,Duckworth J.,Halys Q.,74,86.0,2.2,1.66,2.21,1.75,2.25,1.75
2022-07-13,Hall of Fame Championships,2nd Round,Grass,Cressy M.,Krueger M.,41,146.0,1.25,4.0,1.25,4.51,1.27,4.6
2022-07-13,Hall of Fame Championships,2nd Round,Grass,Murray A.,Purcell M.,52,202.0,1.16,5.0,1.17,5.91,1.18,5.91
2022-07-13,Nordea Open,2nd Round,Clay,Schwartzman D.,Ymer E.,14,134.0,1.25,4.0,1.32,3.74,1.32,4.16
2022-07-13,Nordea Open,2nd Round,Clay,Cerundolo F.,Ruud C.,39,5.0,5.0,1.16,5.28,1.2,5.4,1.2
2022-07-13,Nordea Open,2nd Round,Clay,Carreno Busta P.,Ramos-Vinolas A.,18,38.0,1.4,3.0,1.44,3.01,1.52,3.02
2022-07-13,Hall of Fame Championships,2nd Round,Grass,Bonzi B.,Eubanks C.,48,163.0,1.36,3.2,1.42,3.12,1.45,3.2
2022-07-13,Hall of Fame Championships,2nd Round,Grass,Isner J.,Gojowczyk P.,22,91.0,1.2,4.5,1.27,4.25,1.27,4.51
2022-07-13,Nordea Open,2nd Round,Clay,Karatsev A.,Gaston H.,40,58.0,1.66,2.2,1.7,2.29,1.74,2.29
2022-07-13,Hall of Fame Championships,2nd Round,Grass,Johnson S.,Vesely J.,95,69.0,2.0,1.8,2.0,1.91,2.03,1.91
2022-07-13,Hall of Fame Championships,2nd Round,Grass,Bublik A.,Sock J.,42,100.0,2.0,1.8,2.0,1.91,2.05,2.03
2022-07-14,Hall of Fame Championships,2nd Round,Grass,Kubler J.,Auger-Aliassime F.,102,9.0,3.75,1.28,3.75,1.31,3.75,1.33
2022-07-14,Hall of Fame Championships,Quarterfinals,Grass,Cressy M.,Johnson S.,41,95.0,1.44,2.75,1.51,2.75,1.51,2.89
2022-07-14,Hall of Fame Championships,Quarterfinals,Grass,Isner J.,Bonzi B.,22,48.0,1.66,2.2,1.71,2.27,1.74,2.33
2022-07-14,Nordea Open,2nd Round,Clay,Djere L.,Huesler M.A.,53,108.0,1.44,2.75,1.49,2.82,1.5,2.95
2022-07-14,Nordea Open,2nd Round,Clay,Baez S.,Davidovich Fokina A.,34,36.0,1.72,2.1,1.74,2.23,1.75,2.23
2022-07-14,Nordea Open,2nd Round,Clay,Thiem D.,Bautista Agut R.,339,20.0,2.75,1.44,2.77,1.51,2.84,1.53
2022-07-14,Nordea Open,2nd Round,Clay,Rublev A.,Coria F.,8,65.0,1.28,3.75,1.3,3.95,1.33,4.06
2022-07-15,Nordea Open,Quarterfinals,Clay,Rublev A.,Djere L.,8,53.0,1.44,2.75,1.49,2.85,1.53,2.96
2022-07-15,Nordea Open,Quarterfinals,Clay,Baez S.,Thiem D.,34,339.0,1.4,3.0,1.41,3.17,1.5,3.2
2022-07-15,Nordea Open,Quarterfinals,Clay,Carreno Busta P.,Schwartzman D.,18,14.0,1.9,1.9,1.93,1.97,2.0,1.97
2022-07-15,Nordea Open,Quarterfinals,Clay,Cerundolo F.,Karatsev A.,39,40.0,1.66,2.2,1.71,2.27,1.79,2.35
2022-07-15,Hall of Fame Championships,Quarterfinals,Grass,Kubler J.,Duckworth J.,102,74.0,1.5,2.62,1.61,2.48,1.61,2.93
2022-07-15,Hall of Fame Championships,Quarterfinals,Grass,Bublik A.,Murray A.,42,52.0,2.37,1.57,2.33,1.68,2.54,1.68
2022-07-16,Hall of Fame Championships,Semifinals,Grass,Cressy M.,Isner J.,41,22.0,1.72,2.1,1.85,2.06,1.9,2.13
2022-07-16,Hall of Fame Championships,Semifinals,Grass,Bublik A.,Kubler J.,42,102.0,1.57,2.37,1.57,2.59,1.62,2.59
2022-07-16,Nordea Open,Semifinals,Clay,Baez S.,Rublev A.,34,8.0,2.1,1.72,2.12,1.81,2.26,1.83
2022-07-16,Nordea Open,Semifinals,Clay,Cerundolo F.,Carreno Busta P.,39,18.0,3.0,1.4,2.7,1.52,3.02,1.52
2022-07-17,Nordea Open,The Final,Clay,Cerundolo F.,Baez S.,39,34.0,2.75,1.44,3.13,1.42,3.13,1.53
2022-07-17,Hall of Fame Championships,The Final,Grass,Cressy M.,Bublik A.,41,42.0,2.2,1.66,2.05,1.87,2.25,1.87
2022-07-18,European Open,1st Round,Clay,Davidovich Fokina A.,Van De Zandschulp B.,35,25.0,1.8,2.0,1.83,2.07,1.91,2.1
2022-07-18,European Open,1st Round,Clay,Molcan A.,Topo M.,48,585.0,1.12,6.0,1.13,6.99,1.15,7.0
2022-07-18,European Open,1st Round,Clay,Musetti L.,Lajovic D.,62,75.0,1.57,2.37,1.67,2.33,1.7,2.4
2022-07-18,European Open,1st Round,Clay,Kovalik J.,Rehberg M.,186,830.0,1.14,5.5,1.13,6.81,1.21,8.0
2022-07-18,European Open,1st Round,Clay,Khachanov K.,Struff J.L.,26,122.0,1.72,2.1,1.79,2.13,1.84,2.15
2022-07-18,Suisse Open Gstaad,1st Round,Clay,Ritschard A.,Sousa J.,190,58.0,2.37,1.57,2.3,1.68,2.58,1.68
2022-07-18,Suisse Open Gstaad,1st Round,Clay,Lehecka J.,Etcheverry T.,65,76.0,2.0,1.8,2.06,1.84,2.19,1.87
2022-07-18,Suisse Open Gstaad,1st Round,Clay,Delbonis F.,Ymer M.,125,91.0,1.8,2.0,1.9,1.99,1.92,2.05
2022-07-18,Suisse Open Gstaad,1st Round,Clay,Martinez P.,Taberner C.,52,106.0,1.57,2.37,1.71,2.24,1.71,2.37
2022-07-19,European Open,1st Round,Clay,Ruusuvuori E.,Schwartzman D.,42,14.0,3.2,1.36,3.15,1.4,3.27,1.42
2022-07-19,European Open,1st Round,Clay,Galan D.E.,Coria F.,113,78.0,1.9,1.9,2.05,1.85,2.1,1.92
2022-07-19,European Open,1st Round,Clay,Fognini F.,Bedene A.,61,285.0,1.36,3.2,1.43,3.01,1.44,3.26
2022-07-19,European Open,1st Round,Clay,Alcaraz C.,Kuhn N.,6,259.0,1.04,13.0,1.03,17.56,1.05,18.0
2022-07-19,European Open,1st Round,Clay,Krajinovic F.,Baez S.,43,32.0,2.75,1.44,2.66,1.53,2.85,1.59
2022-07-19,European Open,1st Round,Clay,Karatsev A.,Basilashvili N.,37,28.0,1.72,2.1,1.83,2.07,1.83,2.2
2022-07-19,European Open,1st Round,Clay,Griekspoor T.,Rune H.,47,27.0,2.37,1.57,2.28,1.69,2.41,1.73
2022-07-19,European Open,1st Round,Clay,Cerundolo F.,Altmaier D.,30,56.0,1.44,2.75,1.44,3.0,1.5,3.17
2022-07-19,European Open,1st Round,Clay,Carreno Busta P.,Nardi L.,23,169.0,1.16,5.0,1.19,5.22,1.21,5.34
2022-07-19,Suisse Open Gstaad,1st Round,Clay,Stricker D.,Huesler M.A.,180,99.0,2.75,1.44,2.72,1.51,2.79,1.51
2022-07-19,Suisse Open Gstaad,1st Round,Clay,Munar J.,Zapata Miralles B.,63,81.0,1.66,2.2,1.59,2.5,1.69,2.6
2022-07-19,Suisse Open Gstaad,1st Round,Clay,Gasquet R.,Carballes Baena R.,64,88.0,1.8,2.0,1.71,2.25,1.82,2.25
2022-07-19,European Open,1st Round,Clay,Coric B.,Djere L.,183,69.0,2.37,1.57,2.65,1.53,2.76,1.62
2022-07-19,Suisse Open Gstaad,1st Round,Clay,Varillas J.P.,Sonego L.,115,60.0,2.37,1.57,2.57,1.56,2.85,1.58
2022-07-19,Suisse Open Gstaad,1st Round,Clay,Ymer E.,Paire B.,131,92.0,1.53,2.5,1.56,2.57,1.56,2.73
2022-07-19,Suisse Open Gstaad,1st Round,Clay,Hanfmann Y.,Garin C.,152,70.0,3.4,1.33,3.5,1.34,3.8,1.37
2022-07-19,Suisse Open Gstaad,1st Round,Clay,Thiem D.,Gaston H.,274,59.0,1.44,2.75,1.47,2.88,1.5,3.0
2022-07-19,Suisse Open Gstaad,1st Round,Clay,Jarry N.,Monteiro T.,118,72.0,2.0,1.8,2.01,1.88,2.12,1.88
2022-07-20,European Open,2nd Round,Clay,Molcan A.,Carreno Busta P.,48,23.0,2.62,1.5,2.8,1.5,2.8,1.56
2022-07-20,Suisse Open Gstaad,2nd Round,Clay,Munar J.,Ritschard A.,63,190.0,1.28,3.75,1.3,3.91,1.33,3.91
2022-07-20,European Open,1st Round,Clay,Rublev A.,Berankis R.,8,107.0,1.08,8.0,1.08,9.89,1.09,9.89
2022-07-20,European Open,2nd Round,Clay,Coric B.,Griekspoor T.,183,47.0,2.1,1.72,2.27,1.71,2.35,1.75
2022-07-20,European Open,2nd Round,Clay,Davidovich Fokina A.,Kovalik J.,35,186.0,1.16,5.0,1.17,5.8,1.22,5.8
2022-07-20,European Open,2nd Round,Clay,Musetti L.,Ruusuvuori E.,62,42.0,1.53,2.5,1.58,2.55,1.69,2.55
2022-07-21,European Open,2nd Round,Clay,Alcaraz C.,Krajinovic F.,6,43.0,1.2,4.5,1.22,4.9,1.22,5.16
2022-07-21,European Open,2nd Round,Clay,Khachanov K.,Fognini F.,26,61.0,1.5,2.62,1.47,2.92,1.56,2.92
2022-07-21,European Open,2nd Round,Clay,Karatsev A.,Galan D.E.,37,113.0,1.57,2.37,1.56,2.6,1.6,2.6
2022-07-21,European Open,2nd Round,Clay,Cerundolo F.,Rublev A.,30,8.0,3.0,1.4,2.93,1.43,3.24,1.45
2022-07-21,Suisse Open Gstaad,2nd Round,Clay,Berrettini M.,Gasquet R.,15,64.0,1.25,4.0,1.3,3.89,1.31,4.25
2022-07-21,Suisse Open Gstaad,2nd Round,Clay,Martinez P.,Ymer E.,52,131.0,1.61,2.3,1.7,2.28,1.72,2.33
2022-07-21,Suisse Open Gstaad,2nd Round,Clay,Thiem D.,Delbonis F.,274,125.0,1.44,2.75,1.5,2.81,1.5,3.1
2022-07-21,Suisse Open Gstaad,2nd Round,Clay,Varillas J.P.,Bautista Agut R.,115,19.0,3.0,1.4,3.13,1.42,3.33,1.42
2022-07-21,Suisse Open Gstaad,2nd Round,Clay,Ruud C.,Lehecka J.,5,65.0,1.2,4.5,1.23,4.79,1.25,5.0
2022-07-21,Suisse Open Gstaad,2nd Round,Clay,Jarry N.,Hanfmann Y.,118,152.0,1.57,2.37,1.59,2.53,1.62,2.72
2022-07-21,Suisse Open Gstaad,2nd Round,Clay,Ramos-Vinolas A.,Stricker D.,40,180.0,1.4,3.0,1.41,3.18,1.44,3.26
2022-07-22,European Open,Quarterfinals,Clay,Cerundolo F.,Karatsev A.,30,37.0,1.44,2.75,1.53,2.71,1.53,3.04
2022-07-22,European Open,Quarterfinals,Clay,Musetti L.,Davidovich Fokina A.,62,35.0,2.2,1.66,2.24,1.73,2.39,1.73
2022-07-22,Suisse Open Gstaad,Quarterfinals,Clay,Thiem D.,Varillas J.P.,274,115.0,1.5,2.62,1.51,2.75,1.56,2.88
2022-07-22,Suisse Open Gstaad,Quarterfinals,Clay,Berrettini M.,Martinez P.,15,52.0,1.16,5.0,1.19,5.41,1.33,5.41
2022-07-22,Suisse Open Gstaad,Quarterfinals,Clay,Ruud C.,Munar J.,5,63.0,1.25,4.0,1.24,4.64,1.27,4.84
2022-07-22,Suisse Open Gstaad,Quarterfinals,Clay,Ramos-Vinolas A.,Jarry N.,40,118.0,1.8,2.0,1.88,2.03,1.93,2.05
2022-07-22,European Open,Quarterfinals,Clay,Molcan A.,Coric B.,48,183.0,1.8,2.0,1.87,2.04,1.95,2.04
2022-07-22,European Open,Quarterfinals,Clay,Alcaraz C.,Khachanov K.,6,26.0,1.16,5.0,1.16,6.12,1.22,6.12
2022-07-23,European Open,Semifinals,Clay,Musetti L.,Cerundolo F.,62,30.0,1.72,2.1,1.79,2.15,1.82,2.2
2022-07-23,European Open,Semifinals,Clay,Alcaraz C.,Molcan A.,6,48.0,1.11,6.5,1.1,8.73,1.12,8.73
2022-07-23,Suisse Open Gstaad,Semifinals,Clay,Ruud C.,Ramos-Vinolas A.,5,40.0,1.2,4.5,1.2,5.62,1.23,5.76
2022-07-23,Suisse Open Gstaad,Semifinals,Clay,Berrettini M.,Thiem D.,15,274.0,1.57,2.37,1.53,2.68,1.6,2.68
2022-07-24,European Open,The Final,Clay,Musetti L.,Alcaraz C.,62,6.0,5.5,1.14,7.37,1.13,7.37,1.17
2022-07-24,Suisse Open Gstaad,The Final,Clay,Ruud C.,Berrettini M.,5,15.0,1.8,2.0,1.9,2.0,1.94,2.05
2022-07-25,Generali Open,1st Round,Clay,Lajovic D.,Sachko V.,80,265.0,1.16,5.0,1.21,4.86,1.21,5.1
2022-07-25,Generali Open,1st Round,Clay,Lehecka J.,Monteiro T.,68,67.0,2.2,1.66,2.24,1.7,2.34,1.76
2022-07-25,Generali Open,1st Round,Clay,Misolic F.,Dutra Da Silva D.,205,215.0,1.4,3.0,1.51,2.73,1.51,3.17
2022-07-25,Generali Open,1st Round,Clay,Varillas J. P.,Taberner C.,109,111.0,1.33,3.4,1.41,3.13,1.42,3.41
2022-07-25,Generali Open,1st Round,Clay,Sousa J.,Kopriva V.,61,159.0,2.0,1.8,2.01,1.88,2.11,1.88
2022-07-25,Croatia Open,1st Round,Clay,Zeppieri G.,Cachin P.,168,90.0,2.5,1.53,2.46,1.61,2.58,1.61
2022-07-25,Croatia Open,1st Round,Clay,Carballes Baena R.,Laaksonen H.,86,110.0,1.44,2.75,1.51,2.73,1.52,2.85
2022-07-25,Croatia Open,1st Round,Clay,Galan D.E.,Fognini F.,99,54.0,2.1,1.72,2.23,1.72,2.3,1.73
2022-07-25,Croatia Open,1st Round,Clay,Munar J.,Ymer M.,59,108.0,1.3,3.5,1.36,3.38,1.36,3.66
2022-07-25,Croatia Open,1st Round,Clay,Cecchinato M.,Poljicak M.,151,537.0,1.3,3.5,1.28,4.04,1.33,4.33
2022-07-25,Generali Open,1st Round,Clay,Coria F.,Garin C.,73,71.0,2.37,1.57,2.34,1.66,2.45,1.66
2022-07-25,Generali Open,1st Round,Clay,Rodionov J.,Casanova H.,145,321.0,1.4,3.0,1.44,2.97,1.44,3.12
2022-07-25,Atlanta Open,1st Round,Hard,Kwon S.W.,Giron M.,76,55.0,2.1,1.72,2.14,1.78,2.38,1.78
2022-07-25,Atlanta Open,1st Round,Hard,Daniel T.,Korda S.,101,57.0,2.62,1.5,2.59,1.56,2.62,1.61
2022-07-25,Atlanta Open,1st Round,Hard,Nakashima B.,Thompson J.,56,95.0,1.22,4.33,1.21,4.92,1.34,4.92
2022-07-25,Atlanta Open,1st Round,Hard,Millman J.,Popyrin A.,81,84.0,1.9,1.9,1.97,1.92,2.0,1.95
2022-07-26,Generali Open,1st Round,Clay,Andujar P.,Sonego L.,98,58.0,2.75,1.44,3.08,1.42,3.15,1.48
2022-07-26,Generali Open,1st Round,Clay,Martinez P.,Jarry N.,49,112.0,1.8,2.0,1.93,1.96,1.93,2.18
2022-07-26,Atlanta Open,1st Round,Hard,Brooksby J.,Paire B.,43,94.0,1.12,6.0,1.13,6.81,1.16,8.1
2022-07-26,Atlanta Open,1st Round,Hard,Ivashka I.,Halys Q.,53,74.0,1.57,2.37,1.58,2.52,1.64,2.55
2022-07-26,Generali Open,1st Round,Clay,Thiem D.,Shevchenko A.,199,157.0,1.16,5.0,1.15,6.28,1.2,6.28
2022-07-26,Generali Open,1st Round,Clay,Ofner S.,Gasquet R.,235,79.0,2.37,1.57,2.46,1.61,2.77,1.62
2022-07-26,Atlanta Open,1st Round,Hard,Shelton B.,Ramanathan R.,281,229.0,1.57,2.37,1.62,2.43,1.68,2.62
2022-07-26,Croatia Open,1st Round,Clay,Bagnis F.,Etcheverry T.,120,72.0,2.0,1.8,1.95,1.93,2.03,1.95
2022-07-26,Croatia Open,1st Round,Clay,Zapata Miralles B.,Prizmic D.,82,815.0,1.08,8.0,1.09,8.89,1.1,8.89
2022-07-26,Croatia Open,1st Round,Clay,Moutet C.,Altmaier D.,116,65.0,1.66,2.2,1.64,2.38,1.69,2.4
2022-07-26,Croatia Open,1st Round,Clay,Molcan A.,Ajdukovic D.,38,276.0,1.14,5.5,1.15,6.22,1.18,7.2
2022-07-26,Croatia Open,1st Round,Clay,Gombos N.,Delbonis F.,117,123.0,2.5,1.53,2.43,1.61,2.7,1.64
2022-07-26,Croatia Open,1st Round,Clay,Agamenone F.,Djere L.,136,77.0,4.33,1.22,4.92,1.21,5.15,1.23
2022-07-26,Croatia Open,1st Round,Clay,Musetti L.,Bedene A.,31,283.0,1.33,3.4,1.35,3.5,1.36,3.5
2022-07-26,Generali Open,1st Round,Clay,Hanfmann Y.,Melzer G.,140,188.0,1.53,2.5,1.53,2.66,1.57,2.66
2022-07-26,Atlanta Open,1st Round,Hard,Mcdonald M.,Kudla D.,51,83.0,1.44,2.75,1.45,2.94,1.45,3.15
2022-07-26,Atlanta Open,1st Round,Hard,Paul T.,Sock J.,36,106.0,1.61,2.3,1.61,2.46,1.67,2.6
2022-07-27,Generali Open,2nd Round,Clay,Lehecka J.,Sousa J.,68,61.0,1.61,2.3,1.65,2.39,1.68,2.39
2022-07-27,Croatia Open,2nd Round,Clay,Zapata Miralles B.,Rune H.,82,27.0,2.62,1.5,2.73,1.52,2.78,1.54
2022-07-27,Generali Open,2nd Round,Clay,Lajovic D.,Karatsev A.,80,37.0,2.1,1.72,2.16,1.78,2.34,1.79
2022-07-27,Croatia Open,2nd Round,Clay,Zeppieri G.,Galan D.E.,168,99.0,2.37,1.57,2.37,1.65,2.41,1.67
2022-07-27,Croatia Open,2nd Round,Clay,Carballes Baena R.,Molcan A.,86,38.0,2.62,1.5,2.68,1.53,2.9,1.53
2022-07-27,Croatia Open,2nd Round,Clay,Sinner J.,Munar J.,10,59.0,1.4,3.0,1.43,3.06,1.45,3.38
2022-07-27,Generali Open,2nd Round,Clay,Misolic F.,Andujar P.,205,98.0,2.2,1.66,2.25,1.72,2.49,1.8
2022-07-27,Generali Open,2nd Round,Clay,Thiem D.,Ofner S.,199,235.0,1.25,4.0,1.24,4.56,1.27,4.65
2022-07-27,Generali Open,2nd Round,Clay,Hanfmann Y.,Gakhov I.,140,315.0,,,,,1.32,4.33
2022-07-27,Atlanta Open,2nd Round,Hard,Nakashima B.,Millman J.,56,81.0,1.33,3.4,1.3,3.89,1.33,3.89
2022-07-27,Generali Open,2nd Round,Clay,Ramos-Vinolas A.,Varillas J. P.,52,109.0,1.66,2.2,1.85,2.07,1.85,2.42
2022-07-27,Generali Open,2nd Round,Clay,Martinez P.,Coria F.,49,73.0,1.61,2.3,1.74,2.23,1.74,2.51
2022-07-27,Atlanta Open,2nd Round,Hard,Tiafoe F.,Daniel T.,29,101.0,1.57,2.37,1.56,2.62,1.6,2.66
2022-07-27,Generali Open,2nd Round,Clay,Bautista Agut R.,Rodionov J.,20,145.0,1.3,3.5,1.3,3.91,1.32,4.12
2022-07-27,Atlanta Open,2nd Round,Hard,Paul T.,Kwon S.W.,36,76.0,1.36,3.2,1.36,3.48,1.4,3.77
2022-07-27,Atlanta Open,1st Round,Hard,Mannarino A.,Gojowczyk P.,78,88.0,,,,,,
2022-07-27,Atlanta Open,1st Round,Hard,Duckworth J.,Koepfer D.,62,141.0,1.72,2.1,1.66,2.34,1.78,2.34
2022-07-27,Atlanta Open,1st Round,Hard,Martin A.,Kokkinakis T.,203,69.0,6.0,1.12,5.88,1.16,6.5,1.2
2022-07-28,Atlanta Open,2nd Round,Hard,Brooksby J.,Mcdonald M.,43,51.0,1.5,2.62,1.57,2.59,1.57,2.8
2022-07-28,Croatia Open,2nd Round,Clay,Cecchinato M.,Musetti L.,151,31.0,3.75,1.28,4.15,1.28,4.22,1.3
2022-07-28,Croatia Open,2nd Round,Clay,Bagnis F.,Moutet C.,120,116.0,2.37,1.57,2.56,1.58,2.56,1.63
2022-07-28,Croatia Open,2nd Round,Clay,Agamenone F.,Baez S.,136,32.0,5.0,1.16,5.78,1.17,6.0,1.2
2022-07-28,Croatia Open,2nd Round,Clay,Alcaraz C.,Gombos N.,5,117.0,1.05,11.0,1.05,14.05,1.06,14.05
2022-07-28,Generali Open,Quarterfinals,Clay,Hanfmann Y.,Thiem D.,140,199.0,3.75,1.28,3.79,1.31,4.2,1.32
2022-07-28,Generali Open,Quarterfinals,Clay,Bautista Agut R.,Lehecka J.,20,68.0,1.36,3.2,1.4,3.23,1.42,3.56
2022-07-28,Generali Open,Quarterfinals,Clay,Ramos-Vinolas A.,Martinez P.,52,49.0,2.1,1.72,1.95,1.95,2.1,1.95
2022-07-28,Atlanta Open,2nd Round,Hard,Mannarino A.,Martin A.,78,203.0,1.3,3.5,1.29,3.99,1.32,3.99
2022-07-28,Atlanta Open,2nd Round,Hard,Ivashka I.,Johnson S.,53,91.0,1.33,3.4,1.37,3.33,1.4,3.4
2022-07-29,Croatia Open,Quarterfinals,Clay,Agamenone F.,Cecchinato M.,136,151.0,2.37,1.57,2.32,1.68,2.4,1.68
2022-07-29,Croatia Open,Quarterfinals,Clay,Sinner J.,Carballes Baena R.,10,86.0,1.16,5.0,1.14,6.64,1.19,6.65
2022-07-29,Croatia Open,Quarterfinals,Clay,Zeppieri G.,Zapata Miralles B.,168,82.0,2.37,1.57,2.64,1.55,2.89,1.6
2022-07-29,Atlanta Open,2nd Round,Hard,De Minaur A.,Duckworth J.,30,62.0,1.3,3.5,1.35,3.52,1.35,3.68
2022-07-29,Atlanta Open,2nd Round,Hard,Isner J.,Shelton B.,25,281.0,1.36,3.2,1.37,3.41,1.4,3.41
2022-07-29,Atlanta Open,Quarterfinals,Hard,Ivashka I.,Paul T.,53,36.0,2.62,1.5,2.72,1.52,2.79,1.53
2022-07-29,Atlanta Open,Quarterfinals,Hard,De Minaur A.,Mannarino A.,30,78.0,1.25,4.0,1.32,3.76,1.32,4.11
2022-07-29,Atlanta Open,Quarterfinals,Hard,Tiafoe F.,Nakashima B.,29,56.0,1.8,2.0,1.81,2.11,2.0,2.11
2022-07-29,Generali Open,Semifinals,Clay,Bautista Agut R.,Ramos-Vinolas A.,20,52.0,1.8,2.0,1.94,1.96,1.94,2.11
2022-07-29,Generali Open,Quarterfinals,Clay,Misolic F.,Lajovic D.,205,80.0,3.0,1.4,3.11,1.42,4.0,1.43
2022-07-29,Croatia Open,Quarterfinals,Clay,Alcaraz C.,Bagnis F.,5,120.0,1.07,9.0,1.06,11.87,1.07,13.0
2022-07-30,Atlanta Open,Quarterfinals,Hard,Brooksby J.,Isner J.,43,25.0,1.57,2.37,1.54,2.68,1.67,2.68
2022-07-30,Atlanta Open,Semifinals,Hard,De Minaur A.,Ivashka I.,30,53.0,1.53,2.5,1.63,2.44,1.63,2.58
2022-07-30,Generali Open,The Final,Clay,Bautista Agut R.,Misolic F.,20,205.0,1.3,3.5,1.36,3.37,1.4,4.0
2022-07-30,Generali Open,Semifinals,Clay,Misolic F.,Hanfmann Y.,205,140.0,2.62,1.5,2.8,1.49,2.8,1.55
2022-07-30,Croatia Open,Semifinals,Clay,Sinner J.,Agamenone F.,10,136.0,1.1,7.0,1.1,8.6,1.15,8.6
2022-07-30,Croatia Open,Semifinals,Clay,Alcaraz C.,Zeppieri G.,5,168.0,1.07,9.0,1.06,13.89,1.09,13.89
2022-07-31,Croatia Open,The Final,Clay,Sinner J.,Alcaraz C.,10,5.0,2.3,1.61,2.51,1.6,2.51,1.67
2022-07-31,Atlanta Open,The Final,Hard,De Minaur A.,Brooksby J.,30,43.0,2.1,1.72,2.14,1.79,2.21,1.86
2022-07-31,Atlanta Open,Semifinals,Hard,Brooksby J.,Tiafoe F.,43,29.0,1.72,2.1,2.02,1.88,2.18,2.1
2022-08-01,Citi Open,1st Round,Hard,Wolf J.J.,Daniel T.,99,94.0,2.75,1.44,2.94,1.45,3.06,1.52
2022-08-01,Citi Open,1st Round,Hard,Gojo B.,Duckworth J.,198,59.0,2.37,1.57,2.54,1.57,2.76,1.6
2022-08-01,Citi Open,1st Round,Hard,Kudla D.,Mmoh M.,82,162.0,1.66,2.2,1.66,2.35,1.69,2.42
2022-08-01,Citi Open,1st Round,Hard,Koepfer D.,Kwon S.W.,145,77.0,2.1,1.72,2.19,1.74,2.4,1.75
2022-08-01,Citi Open,1st Round,Hard,Edmund K.,Watanuki Y.,639,239.0,2.2,1.66,2.29,1.67,2.38,1.72
2022-08-01,Citi Open,1st Round,Hard,Draper J.,Kozlov S.,81,111.0,1.2,4.5,1.25,4.38,1.25,4.56
2022-08-01,Citi Open,1st Round,Hard,Mannarino A.,Klahn B.,67,808.0,1.16,5.0,1.14,6.45,1.18,6.75
2022-08-01,Citi Open,1st Round,Hard,Popyrin A.,Wu T.L.,83,182.0,1.53,2.5,1.54,2.63,1.56,2.7
2022-08-01,Citi Open,1st Round,Hard,Ymer M.,Murray A.,115,50.0,3.5,1.3,3.5,1.34,3.94,1.34
2022-08-02,Citi Open,1st Round,Hard,Korda S.,Ivashka I.,54,49.0,1.9,1.9,1.95,1.93,1.95,2.12
2022-08-02,Los Cabos Open,1st Round,Hard,Berankis R.,Halys Q.,98,73.0,2.3,1.61,2.24,1.71,2.36,1.71
2022-08-02,Los Cabos Open,1st Round,Hard,Hijikata R.,Pacheco Mendez R.,224,1545.0,1.06,10.0,1.06,11.56,1.06,11.56
2022-08-02,Los Cabos Open,1st Round,Hard,Tseng C. H.,Chappell N.,84,500.0,1.16,5.0,1.18,5.44,1.22,5.75
2022-08-02,Los Cabos Open,1st Round,Hard,Purcell M.,Laaksonen H.,234,103.0,1.44,2.75,1.46,2.92,1.5,2.92
2022-08-02,Citi Open,2nd Round,Hard,Rublev A.,Draper J.,8,81.0,1.36,3.2,1.37,3.42,1.4,3.42
2022-08-02,Citi Open,2nd Round,Hard,Evans D.,Edmund K.,40,639.0,1.44,2.75,1.43,3.08,1.5,3.08
2022-08-02,Citi Open,1st Round,Hard,Paire B.,Gojowczyk P.,112,110.0,2.3,1.61,2.39,1.64,2.48,1.65
2022-08-02,Citi Open,1st Round,Hard,Sock J.,Goffin D.,105,60.0,2.37,1.57,2.44,1.61,2.5,1.62
2022-08-02,Citi Open,1st Round,Hard,Eubanks C.,Bonzi B.,156,51.0,2.37,1.57,2.5,1.59,2.5,1.59
2022-08-02,Citi Open,1st Round,Hard,Nishioka Y.,Brooksby J.,96,37.0,3.4,1.33,3.39,1.36,3.54,1.38
2022-08-02,Citi Open,1st Round,Hard,Ruusuvuori E.,Mcdonald M.,46,48.0,1.66,2.2,1.64,2.39,1.73,2.39
2022-08-03,Citi Open,2nd Round,Hard,Cressy M.,Sock J.,32,105.0,1.57,2.37,1.63,2.44,1.67,2.59
2022-08-03,Citi Open,2nd Round,Hard,Dimitrov G.,Mannarino A.,19,67.0,1.57,2.37,1.61,2.48,1.62,2.5
2022-08-03,Citi Open,2nd Round,Hard,Wolf J.J.,Shapovalov D.,99,22.0,2.62,1.5,2.88,1.48,3.0,1.53
2022-08-03,Citi Open,1st Round,Hard,Kyrgios N.,Giron M.,63,53.0,1.25,4.0,1.28,4.03,1.29,4.2
2022-08-03,Citi Open,2nd Round,Hard,Van De Zandschulp B.,Gojo B.,26,198.0,1.3,3.5,1.28,4.11,1.32,4.33
2022-08-03,Citi Open,2nd Round,Hard,Khachanov K.,Koepfer D.,24,145.0,1.36,3.2,1.35,3.55,1.37,3.55
2022-08-03,Citi Open,2nd Round,Hard,Rune H.,Paire B.,28,112.0,1.33,3.4,1.44,3.02,1.44,3.4
2022-08-03,Citi Open,2nd Round,Hard,Ruusuvuori E.,Hurkacz H.,46,11.0,2.62,1.5,2.8,1.5,3.15,1.5
2022-08-03,Citi Open,2nd Round,Hard,Ymer M.,Karatsev A.,115,36.0,2.1,1.72,2.12,1.81,2.26,1.81
2022-08-03,Citi Open,2nd Round,Hard,Nishioka Y.,De Minaur A.,96,21.0,3.2,1.36,3.15,1.41,3.21,1.42
2022-08-03,Citi Open,2nd Round,Hard,Korda S.,Baez S.,54,4.0,1.36,3.2,1.34,3.57,1.4,3.43
2022-08-03,Citi Open,2nd Round,Hard,Fritz T.,Popyrin A.,13,83.0,1.16,5.0,1.18,5.68,1.18,5.68
2022-08-03,Los Cabos Open,1st Round,Hard,Johnson S.,Villanueva G.,92,279.0,1.12,6.0,1.12,7.24,1.13,7.24
2022-08-03,Los Cabos Open,1st Round,Hard,Bagnis F.,Escobedo E.,113,166.0,2.1,1.72,2.1,1.81,2.12,1.83
2022-08-03,Los Cabos Open,1st Round,Hard,Nakashima B.,Uchida K.,61,175.0,1.08,8.0,1.08,9.34,1.08,9.5
2022-08-03,Los Cabos Open,1st Round,Hard,Kubler J.,Etcheverry T.,122,88.0,1.3,3.5,1.35,3.49,1.41,3.8
2022-08-03,Los Cabos Open,1st Round,Hard,Hernandez A.,Barrientos N.,521,354.0,,,,,,
2022-08-03,Los Cabos Open,1st Round,Hard,Albot R.,Lopez F.,118,329.0,1.25,4.0,1.29,3.9,1.29,4.0
2022-08-03,Los Cabos Open,1st Round,Hard,Thompson J.,Hanfmann Y.,114,139.0,1.57,2.37,1.54,2.62,1.57,2.62
2022-08-03,Los Cabos Open,1st Round,Hard,Kokkinakis T.,Verdasco F.,75,125.0,1.4,3.0,1.42,3.09,1.47,3.09
2022-08-04,Citi Open,2nd Round,Hard,Tiafoe F.,Eubanks C.,27,156.0,1.4,3.0,1.38,3.33,1.41,3.43
2022-08-04,Citi Open,3rd Round,Hard,Nishioka Y.,Khachanov K.,96,24.0,2.75,1.44,2.93,1.47,3.32,1.48
2022-08-04,Citi Open,3rd Round,Hard,Ymer M.,Ruusuvuori E.,115,46.0,3.0,1.4,3.17,1.41,3.17,1.44
2022-08-04,Los Cabos Open,2nd Round,Hard,Kecmanovic M.,Thompson J.,38,114.0,1.44,2.75,1.44,3.02,1.46,3.02
2022-08-04,Los Cabos Open,2nd Round,Hard,Nakashima B.,Purcell M.,61,234.0,1.25,4.0,1.26,4.36,1.26,4.4
2022-08-04,Los Cabos Open,2nd Round,Hard,Auger-Aliassime F.,Hernandez A.,9,521.0,1.02,19.0,1.02,24.52,1.03,28.0
2022-08-04,Los Cabos Open,2nd Round,Hard,Albot R.,Kubler J.,118,122.0,2.75,1.44,2.87,1.48,2.87,1.48
2022-08-04,Los Cabos Open,2nd Round,Hard,Berankis R.,Bagnis F.,98,113.0,1.5,2.62,1.47,2.93,1.55,2.93
2022-08-04,Los Cabos Open,2nd Round,Hard,Johnson S.,Kokkinakis T.,92,75.0,2.37,1.57,2.54,1.58,2.55,1.61
2022-08-04,Los Cabos Open,2nd Round,Hard,Medvedev D.,Hijikata R.,1,224.0,1.05,11.0,1.05,14.14,1.05,17.0
2022-08-04,Los Cabos Open,2nd Round,Hard,Norrie C.,Tseng C. H.,12,84.0,1.1,7.0,1.11,8.09,1.13,8.09
2022-08-04,Citi Open,3rd Round,Hard,Evans D.,Fritz T.,40,13.0,3.5,1.3,3.81,1.31,3.81,1.36
2022-08-04,Citi Open,2nd Round,Hard,Opelka R.,Kudla D.,17,82.0,1.44,2.75,1.46,2.94,1.51,2.94
2022-08-04,Citi Open,2nd Round,Hard,Kyrgios N.,Paul T.,63,34.0,1.4,3.0,1.41,3.15,1.44,3.22
2022-08-05,Citi Open,3rd Round,Hard,Wolf J.J.,Rune H.,99,28.0,1.9,1.9,1.87,2.04,1.92,2.05
2022-08-05,Citi Open,3rd Round,Hard,Rublev A.,Cressy M.,8,32.0,1.44,2.75,1.44,3.04,1.51,3.04
2022-08-05,Citi Open,3rd Round,Hard,Tiafoe F.,Van De Zandschulp B.,27,26.0,1.66,2.2,1.66,2.37,1.68,2.37
2022-08-05,Citi Open,3rd Round,Hard,Korda S.,Dimitrov G.,54,19.0,1.53,2.5,1.62,2.46,1.65,2.55
2022-08-05,Citi Open,Quarterfinals,Hard,Nishioka Y.,Evans D.,96,40.0,2.0,1.8,2.14,1.79,2.15,1.88
2022-08-05,Citi Open,3rd Round,Hard,Kyrgios N.,Opelka R.,63,17.0,1.33,3.4,1.37,3.41,1.4,3.5
2022-08-05,Los Cabos Open,Quarterfinals,Hard,Kecmanovic M.,Nakashima B.,38,61.0,2.0,1.8,2.09,1.83,2.15,1.91
2022-08-05,Los Cabos Open,Quarterfinals,Hard,Medvedev D.,Berankis R.,1,98.0,1.08,8.0,1.11,8.23,1.11,9.52
2022-08-05,Los Cabos Open,Quarterfinals,Hard,Auger-Aliassime F.,Johnson S.,9,92.0,1.25,4.0,1.27,4.18,1.27,4.65
2022-08-05,Los Cabos Open,Quarterfinals,Hard,Norrie C.,Albot R.,12,118.0,1.11,6.5,1.12,7.69,1.12,7.69
2022-08-06,Citi Open,Quarterfinals,Hard,Kyrgios N.,Tiafoe F.,63,27.0,1.36,3.2,1.37,3.35,1.45,3.4
2022-08-06,Citi Open,Quarterfinals,Hard,Ymer M.,Korda S.,115,54.0,3.2,1.36,3.34,1.37,3.5,1.42
2022-08-06,Los Cabos Open,Semifinals,Hard,Norrie C.,Auger-Aliassime F.,12,9.0,2.0,1.8,2.03,1.88,2.14,1.88
2022-08-06,Citi Open,Quarterfinals,Hard,Rublev A.,Wolf J.J.,8,99.0,1.16,5.0,1.19,5.39,1.21,5.39
2022-08-06,Los Cabos Open,Semifinals,Hard,Medvedev D.,Kecmanovic M.,1,38.0,1.2,4.5,1.29,4.04,1.29,4.9
2022-08-07,Citi Open,Semifinals,Hard,Kyrgios N.,Ymer M.,63,115.0,1.16,5.0,1.2,5.17,1.23,5.2
2022-08-07,Citi Open,Semifinals,Hard,Nishioka Y.,Rublev A.,96,8.0,4.5,1.2,5.73,1.18,5.76,1.24
2022-08-07,Citi Open,The Final,Hard,Kyrgios N.,Nishioka Y.,63,96.0,1.16,5.0,1.23,4.8,1.24,5.24
2022-08-07,Los Cabos Open,The Final,Hard,Medvedev D.,Norrie C.,1,12.0,1.33,3.4,1.4,3.2,1.4,3.74
2022-08-08,Canadian Open,1st Round,Hard,Brooksby J.,Bublik A.,46,41.0,1.57,2.37,1.59,2.53,1.62,2.53
2022-08-08,Canadian Open,1st Round,Hard,Khachanov K.,Cerundolo F.,28,27.0,1.44,2.75,1.47,2.9,1.52,2.9
2022-08-08,Canadian Open,1st Round,Hard,Molcan A.,Mcdonald M.,42,72.0,2.2,1.66,2.14,1.79,2.2,1.79
2022-08-08,Canadian Open,1st Round,Hard,Ruusuvuori E.,Wawrinka S.,44,322.0,1.3,3.5,1.31,3.84,1.33,3.85
2022-08-09,Canadian Open,1st Round,Hard,Rune H.,Fognini F.,26,60.0,1.72,2.1,1.68,2.32,1.75,2.38
2022-08-09,Canadian Open,1st Round,Hard,Tiafoe F.,Bonzi B.,24,49.0,1.44,2.75,1.43,3.06,1.5,3.15
2022-08-09,Canadian Open,1st Round,Hard,Bautista Agut R.,Giron M.,18,57.0,1.3,3.5,1.37,3.41,1.03,16.0
2022-08-09,Canadian Open,1st Round,Hard,Evans D.,Krajinovic F.,39,47.0,1.66,2.2,1.68,2.32,1.68,2.32
2022-08-09,Canadian Open,1st Round,Hard,Nishioka Y.,Paire B.,54,104.0,1.57,2.37,1.57,2.57,1.67,2.57
2022-08-09,Canadian Open,1st Round,Hard,Kyrgios N.,Baez S.,37,32.0,1.16,5.0,1.2,5.18,1.2,5.35
2022-08-09,Canadian Open,1st Round,Hard,Norrie C.,Nakashima B.,11,63.0,1.5,2.62,1.58,2.55,1.62,2.84
2022-08-09,Canadian Open,1st Round,Hard,De Minaur A.,Shapovalov D.,21,22.0,1.66,2.2,1.65,2.4,1.67,2.45
2022-08-09,Canadian Open,1st Round,Hard,Monfils G.,Martinez P.,20,53.0,1.57,2.37,1.67,2.35,1.67,2.59
2022-08-09,Canadian Open,1st Round,Hard,Mannarino A.,Rinderknech A.,70,67.0,1.66,2.2,1.75,2.21,1.75,2.25
2022-08-09,Canadian Open,1st Round,Hard,Dimitrov G.,Galarneau A.,19,237.0,1.14,5.5,1.16,6.2,1.16,7.9
2022-08-09,Canadian Open,1st Round,Hard,Cilic M.,Coric B.,16,157.0,1.5,2.62,1.49,2.83,1.54,2.83
2022-08-09,Canadian Open,1st Round,Hard,Cressy M.,Karatsev A.,31,38.0,1.57,2.37,1.65,2.4,1.65,2.53
2022-08-09,Canadian Open,1st Round,Hard,Paul T.,Pospisil V.,34,147.0,1.25,4.0,1.27,4.28,1.27,4.55
2022-08-09,Canadian Open,1st Round,Hard,Carreno Busta P.,Berrettini M.,23,14.0,3.2,1.36,3.38,1.37,3.76,1.41
2022-08-09,Canadian Open,1st Round,Hard,Draper J.,Gaston H.,82,76.0,1.33,3.4,1.34,3.63,1.34,3.63
2022-08-10,Canadian Open,2nd Round,Hard,Cilic M.,Khachanov K.,16,28.0,2.0,1.8,2.16,1.83,2.16,1.87
2022-08-10,Canadian Open,2nd Round,Hard,De Minaur A.,Dimitrov G.,21,19.0,1.5,2.62,1.55,2.64,1.55,2.65
2022-08-10,Canadian Open,2nd Round,Hard,Monfils G.,Cressy M.,20,31.0,2.1,1.72,2.15,1.79,2.26,1.79
2022-08-10,Canadian Open,2nd Round,Hard,Norrie C.,Van De Zandschulp B.,11,25.0,1.4,3.0,1.46,2.93,1.45,3.05
2022-08-10,Canadian Open,2nd Round,Hard,Ramos-Vinolas A.,Schwartzman D.,43,15.0,3.0,1.4,3.02,1.44,3.16,1.59
2022-08-10,Canadian Open,2nd Round,Hard,Kyrgios N.,Medvedev D.,37,1.0,2.62,1.5,2.92,1.47,3.22,1.53
2022-08-10,Canadian Open,2nd Round,Hard,Fritz T.,Tiafoe F.,13,24.0,1.44,2.75,1.51,2.75,1.51,2.93
2022-08-10,Canadian Open,2nd Round,Hard,Sinner J.,Mannarino A.,12,70.0,1.12,6.0,1.15,6.55,1.15,6.55
2022-08-10,Canadian Open,1st Round,Hard,Fritz T.,Murray A.,13,48.0,1.4,3.0,1.43,3.06,1.45,3.2
2022-08-10,Canadian Open,2nd Round,Hard,Bautista Agut R.,Brooksby J.,18,46.0,1.72,2.1,1.85,2.07,1.85,2.2
2022-08-10,Canadian Open,1st Round,Hard,Van De Zandschulp B.,Kecmanovic M.,25,35.0,2.2,1.66,2.29,1.7,2.3,1.73
2022-08-10,Canadian Open,1st Round,Hard,Schwartzman D.,Davidovich Fokina A.,15,36.0,1.8,2.0,1.78,2.16,1.9,2.16
2022-08-10,Canadian Open,1st Round,Hard,Ramos-Vinolas A.,Goffin D.,43,61.0,3.0,1.4,3.18,1.41,3.2,1.41
2022-08-10,Canadian Open,2nd Round,Hard,Carreno Busta P.,Rune H.,23,26.0,1.44,2.75,1.47,2.86,1.5,2.95
2022-08-10,Canadian Open,2nd Round,Hard,Paul T.,Alcaraz C.,34,4.0,4.5,1.2,4.49,1.25,4.57,1.24
2022-08-10,Canadian Open,2nd Round,Hard,Ruud C.,Molcan A.,7,42.0,1.33,3.4,1.36,3.47,1.36,3.6
2022-08-10,Canadian Open,2nd Round,Hard,Hurkacz H.,Ruusuvuori E.,10,44.0,1.53,2.5,1.63,2.44,1.63,2.53
2022-08-11,Canadian Open,3rd Round,Hard,Kyrgios N.,De Minaur A.,37,21.0,1.4,3.0,1.43,3.06,1.44,3.43
2022-08-11,Canadian Open,3rd Round,Hard,Auger-Aliassime F.,Norrie C.,9,11.0,1.72,2.1,1.83,2.1,1.83,2.11
2022-08-11,Canadian Open,3rd Round,Hard,Ruud C.,Bautista Agut R.,7,18.0,1.72,2.1,1.78,2.16,1.87,2.16
2022-08-11,Canadian Open,3rd Round,Hard,Evans D.,Fritz T.,39,13.0,2.75,1.44,2.87,1.48,2.96,1.5
2022-08-11,Canadian Open,2nd Round,Hard,Auger-Aliassime F.,Nishioka Y.,9,54.0,1.33,3.4,1.37,3.42,1.37,3.53
2022-08-11,Canadian Open,2nd Round,Hard,Evans D.,Rublev A.,39,8.0,3.4,1.33,3.4,1.37,3.76,1.39
2022-08-11,Canadian Open,2nd Round,Hard,Draper J.,Tsitsipas S.,82,5.0,3.75,1.28,4.03,1.29,4.03,1.33
2022-08-11,Canadian Open,3rd Round,Hard,Hurkacz H.,Ramos-Vinolas A.,10,43.0,1.16,5.0,1.18,5.69,1.2,5.8
2022-08-12,Canadian Open,3rd Round,Hard,Draper J.,Monfils G.,82,20.0,2.1,1.72,2.25,1.72,2.25,1.8
2022-08-12,Canadian Open,3rd Round,Hard,Paul T.,Cilic M.,34,16.0,2.2,1.66,2.26,1.72,2.28,1.74
2022-08-12,Canadian Open,3rd Round,Hard,Carreno Busta P.,Sinner J.,23,12.0,2.62,1.5,2.59,1.56,2.75,1.58
2022-08-12,Canadian Open,Quarterfinals,Hard,Hurkacz H.,Kyrgios N.,10,37.0,3.5,1.3,3.23,1.39,3.6,1.39
2022-08-12,Canadian Open,Quarterfinals,Hard,Ruud C.,Auger-Aliassime F.,7,9.0,2.5,1.53,2.51,1.6,2.6,1.6
2022-08-12,Canadian Open,Quarterfinals,Hard,Evans D.,Paul T.,39,34.0,2.37,1.57,2.32,1.68,2.49,1.68
2022-08-13,Canadian Open,Semifinals,Hard,Hurkacz H.,Ruud C.,10,7.0,1.9,1.9,2.03,1.88,2.05,2.0
2022-08-13,Canadian Open,Quarterfinals,Hard,Carreno Busta P.,Draper J.,23,82.0,1.4,3.0,1.41,3.18,1.44,3.24
2022-08-14,Western & Southern Financial Group Masters,1st Round,Hard,Van De Zandschulp B.,Cressy M.,24,32.0,1.72,2.1,1.99,1.92,2.0,2.12
2022-08-14,Canadian Open,The Final,Hard,Carreno Busta P.,Hurkacz H.,23,10.0,2.37,1.57,2.27,1.71,2.46,1.71
2022-08-14,Canadian Open,Semifinals,Hard,Carreno Busta P.,Evans D.,23,39.0,1.44,2.75,1.51,2.77,1.51,2.95
2022-08-15,Western & Southern Financial Group Masters,1st Round,Hard,Mcdonald M.,Basilashvili N.,72,34.0,1.36,3.2,1.42,3.13,1.42,3.25
2022-08-15,Western & Southern Financial Group Masters,1st Round,Hard,Schwartzman D.,Molcan A.,16,39.0,1.66,2.2,1.67,2.34,1.75,2.34
2022-08-15,Western & Southern Financial Group Masters,1st Round,Hard,Karatsev A.,Nakashima B.,38,66.0,2.75,1.44,2.99,1.45,2.99,1.46
2022-08-15,Western & Southern Financial Group Masters,1st Round,Hard,Bautista Agut R.,Cerundolo F.,19,27.0,1.36,3.2,1.38,3.36,1.4,3.38
2022-08-15,Western & Southern Financial Group Masters,1st Round,Hard,Ruusuvuori E.,Wolf J.J.,44,83.0,1.53,2.5,1.6,2.51,1.6,2.6
2022-08-15,Western & Southern Financial Group Masters,1st Round,Hard,Isner J.,Bonzi B.,50,48.0,1.61,2.3,1.67,2.35,1.67,2.36
2022-08-15,Western & Southern Financial Group Masters,1st Round,Hard,Norrie C.,Rune H.,11,29.0,1.25,4.0,1.27,4.2,1.29,4.45
2022-08-15,Western & Southern Financial Group Masters,1st Round,Hard,Murray A.,Wawrinka S.,47,306.0,1.5,2.62,1.52,2.72,1.57,2.84
2022-08-15,Western & Southern Financial Group Masters,1st Round,Hard,Cilic M.,Munar J.,17,57.0,1.4,3.0,1.42,3.13,1.42,3.26
2022-08-15,Western & Southern Financial Group Masters,1st Round,Hard,Giron M.,Goffin D.,54,62.0,2.2,1.66,2.13,1.81,2.3,1.81
2022-08-16,Western & Southern Financial Group Masters,1st Round,Hard,Tiafoe F.,Berrettini M.,25,15.0,2.37,1.57,2.46,1.62,2.58,1.62
2022-08-16,Western & Southern Financial Group Masters,1st Round,Hard,Kyrgios N.,Davidovich Fokina A.,28,37.0,1.2,4.5,1.25,4.4,1.27,4.6
2022-08-16,Western & Southern Financial Group Masters,1st Round,Hard,Kecmanovic M.,Carreno Busta P.,36,14.0,2.1,1.72,2.23,1.74,2.23,1.75
2022-08-16,Western & Southern Financial Group Masters,1st Round,Hard,Fognini F.,Ramos-Vinolas A.,61,40.0,2.1,1.72,1.98,1.93,2.12,1.93
2022-08-16,Western & Southern Financial Group Masters,1st Round,Hard,De Minaur A.,Laaksonen H.,20,102.0,1.07,9.0,1.11,7.94,1.13,9.0
2022-08-16,Western & Southern Financial Group Masters,1st Round,Hard,Korda S.,Khachanov K.,52,30.0,1.72,2.1,1.76,2.19,1.82,2.31
2022-08-16,Western & Southern Financial Group Masters,1st Round,Hard,Sinner J.,Kokkinakis T.,12,75.0,1.2,4.5,1.23,4.8,1.23,5.16
2022-08-16,Western & Southern Financial Group Masters,1st Round,Hard,Coric B.,Musetti L.,152,33.0,2.37,1.57,2.5,1.6,2.55,1.63
2022-08-16,Western & Southern Financial Group Masters,1st Round,Hard,Shapovalov D.,Dimitrov G.,21,18.0,2.1,1.72,2.2,1.76,2.2,1.8
2022-08-16,Western & Southern Financial Group Masters,1st Round,Hard,Fritz T.,Baez S.,13,35.0,1.16,5.0,1.17,5.86,1.22,5.86
2022-08-16,Western & Southern Financial Group Masters,1st Round,Hard,Paul T.,Brooksby J.,31,43.0,1.72,2.1,1.74,2.23,1.75,2.25
2022-08-16,Western & Southern Financial Group Masters,1st Round,Hard,Shelton B.,Sonego L.,229,56.0,2.37,1.57,2.34,1.67,2.43,1.67
2022-08-17,Western & Southern Financial Group Masters,2nd Round,Hard,Shapovalov D.,Paul T.,21,31.0,2.5,1.53,2.67,1.54,2.67,2.0
2022-08-17,Western & Southern Financial Group Masters,2nd Round,Hard,Sinner J.,Kecmanovic M.,12,36.0,1.36,3.2,1.39,3.28,1.41,3.28
2022-08-17,Western & Southern Financial Group Masters,2nd Round,Hard,Isner J.,Hurkacz H.,50,10.0,2.62,1.5,2.75,1.51,2.88,1.51
2022-08-17,Western & Southern Financial Group Masters,2nd Round,Hard,Tsitsipas S.,Krajinovic F.,7,46.0,1.25,4.0,1.31,3.82,1.31,4.01
2022-08-17,Western & Southern Financial Group Masters,2nd Round,Hard,Bautista Agut R.,Giron M.,19,54.0,1.4,3.0,1.37,3.38,1.45,3.45
2022-08-17,Western & Southern Financial Group Masters,2nd Round,Hard,Shelton B.,Ruud C.,229,5.0,4.5,1.2,4.89,1.22,5.1,1.22
2022-08-17,Western & Southern Financial Group Masters,2nd Round,Hard,Rublev A.,Fognini F.,8,61.0,1.2,4.5,1.19,5.38,1.21,5.5
2022-08-17,Western & Southern Financial Group Masters,2nd Round,Hard,Fritz T.,Kyrgios N.,13,28.0,2.1,1.72,2.12,1.81,2.25,1.81
2022-08-17,Western & Southern Financial Group Masters,2nd Round,Hard,Auger-Aliassime F.,De Minaur A.,9,20.0,1.72,2.1,1.75,2.2,1.78,2.26
2022-08-17,Western & Southern Financial Group Masters,2nd Round,Hard,Schwartzman D.,Karatsev A.,16,38.0,1.9,1.9,1.92,1.99,2.12,1.99
2022-08-17,Western & Southern Financial Group Masters,2nd Round,Hard,Medvedev D.,Van De Zandschulp B.,1,24.0,1.14,5.5,1.14,6.79,1.17,7.3
2022-08-17,Western & Southern Financial Group Masters,2nd Round,Hard,Cilic M.,Ruusuvuori E.,17,44.0,1.57,2.37,1.61,2.49,1.63,2.59
2022-08-17,Western & Southern Financial Group Masters,2nd Round,Hard,Norrie C.,Murray A.,11,47.0,1.36,3.2,1.35,3.57,1.4,3.57
2022-08-17,Western & Southern Financial Group Masters,2nd Round,Hard,Alcaraz C.,Mcdonald M.,4,72.0,1.12,6.0,1.13,7.38,1.16,7.38
2022-08-17,Western & Southern Financial Group Masters,1st Round,Hard,Krajinovic F.,Evans D.,46,23.0,2.37,1.57,2.67,1.54,2.67,1.62
2022-08-18,Western & Southern Financial Group Masters,3rd Round,Hard,Isner J.,Korda S.,50,52.0,2.37,1.57,2.75,1.51,2.75,1.62
2022-08-18,Western & Southern Financial Group Masters,3rd Round,Hard,Coric B.,Bautista Agut R.,152,19.0,2.75,1.44,2.74,1.52,2.85,1.55
2022-08-18,Western & Southern Financial Group Masters,3rd Round,Hard,Medvedev D.,Shapovalov D.,1,21.0,1.22,4.33,1.24,4.58,1.25,5.08
2022-08-18,Western & Southern Financial Group Masters,3rd Round,Hard,Tsitsipas S.,Schwartzman D.,7,16.0,1.28,3.75,1.28,4.11,1.3,4.44
2022-08-18,Western & Southern Financial Group Masters,2nd Round,Hard,Korda S.,Tiafoe F.,52,25.0,2.1,1.72,2.22,1.74,2.22,1.8
2022-08-18,Western & Southern Financial Group Masters,2nd Round,Hard,Coric B.,Nadal R.,152,3.0,5.5,1.14,5.19,1.2,5.55,1.2
2022-08-18,Western & Southern Financial Group Masters,3rd Round,Hard,Fritz T.,Rublev A.,13,8.0,1.44,2.75,1.51,2.76,1.53,2.8
2022-08-19,Western & Southern Financial Group Masters,3rd Round,Hard,Auger-Aliassime F.,Sinner J.,9,12.0,2.0,1.8,1.9,2.01,2.02,2.1
2022-08-19,Western & Southern Financial Group Masters,3rd Round,Hard,Alcaraz C.,Cilic M.,4,17.0,1.25,4.0,1.28,4.13,1.28,4.13
2022-08-19,Western & Southern Financial Group Masters,3rd Round,Hard,Norrie C.,Shelton B.,11,229.0,1.4,3.0,1.37,3.37,1.49,3.6
2022-08-19,Western & Southern Financial Group Masters,Quarterfinals,Hard,Medvedev D.,Fritz T.,1,13.0,1.44,2.75,1.45,2.97,1.5,3.06
2022-08-19,Western & Southern Financial Group Masters,Quarterfinals,Hard,Tsitsipas S.,Isner J.,7,50.0,1.36,3.2,1.32,3.77,1.36,3.77
2022-08-20,Western & Southern Financial Group Masters,Quarterfinals,Hard,Coric B.,Auger-Aliassime F.,152,9.0,2.62,1.5,2.57,1.57,3.0,1.61
2022-08-20,Western & Southern Financial Group Masters,Quarterfinals,Hard,Norrie C.,Alcaraz C.,11,4.0,3.5,1.3,3.69,1.33,3.74,1.35
2022-08-21,Winston-Salem Open at Wake Forest University,1st Round,Hard,Kwon S.W.,Altmaier D.,81,93.0,1.57,2.37,1.59,2.5,1.59,2.6
2022-08-21,Winston-Salem Open at Wake Forest University,1st Round,Hard,Monteiro T.,Kudla D.,67,97.0,2.1,1.72,2.04,1.85,2.12,1.85
2022-08-21,Winston-Salem Open at Wake Forest University,1st Round,Hard,Gasquet R.,Majchrzak K.,91,90.0,1.36,3.2,1.42,3.09,1.5,3.45
2022-08-21,Western & Southern Financial Group Masters,Semifinals,Hard,Coric B.,Norrie C.,152,11.0,2.2,1.66,2.35,1.67,2.36,1.77
2022-08-21,Western & Southern Financial Group Masters,Semifinals,Hard,Tsitsipas S.,Medvedev D.,7,1.0,3.4,1.33,3.49,1.36,3.6,1.38
2022-08-21,Western & Southern Financial Group Masters,The Final,Hard,Coric B.,Tsitsipas S.,152,7.0,2.37,1.57,2.39,1.65,2.52,1.67
2022-08-22,Winston-Salem Open at Wake Forest University,1st Round,Hard,Ymer M.,Coria F.,74,78.0,1.2,4.5,1.17,5.81,1.22,5.92
2022-08-22,Winston-Salem Open at Wake Forest University,1st Round,Hard,Johnson S.,Nava E.,115,200.0,1.5,2.62,1.56,2.57,1.57,2.7
2022-08-22,Winston-Salem Open at Wake Forest University,1st Round,Hard,Tseng C.H.,Fucsovics M.,85,96.0,2.0,1.8,2.21,1.75,2.21,1.81
2022-08-22,Winston-Salem Open at Wake Forest University,1st Round,Hard,Tabilo A.,Mochizuki S.,72,368.0,1.4,3.0,1.39,3.24,1.4,3.25
2022-08-22,Winston-Salem Open at Wake Forest University,1st Round,Hard,Mannarino A.,O Connell C.,65,121.0,1.9,1.9,1.88,2.01,1.93,2.18
2022-08-22,Winston-Salem Open at Wake Forest University,1st Round,Hard,Gojowczyk P.,Lehecka J.,111,60.0,3.0,1.4,2.85,1.47,3.01,1.47
2022-08-22,Winston-Salem Open at Wake Forest University,1st Round,Hard,Griekspoor T.,Daniel T.,46,95.0,,,,,2.45,1.53
2022-08-22,Winston-Salem Open at Wake Forest University,1st Round,Hard,Millman J.,Gaston H.,104,71.0,1.53,2.5,1.56,2.57,1.63,2.57
2022-08-22,Winston-Salem Open at Wake Forest University,1st Round,Hard,Djere L.,Goffin D.,89,62.0,3.4,1.33,3.5,1.35,3.74,1.35
2022-08-22,Winston-Salem Open at Wake Forest University,1st Round,Hard,Duckworth J.,Kokkinakis T.,84,70.0,3.2,1.36,3.14,1.41,3.38,1.41
2022-08-23,Winston-Salem Open at Wake Forest University,2nd Round,Hard,Ramos-Vinolas A.,Millman J.,42,104.0,2.3,1.61,2.41,1.64,2.56,1.67
2022-08-23,Winston-Salem Open at Wake Forest University,2nd Round,Hard,Bonzi B.,Edmund K.,50,665.0,1.28,3.75,1.36,3.45,1.36,3.75
2022-08-23,Winston-Salem Open at Wake Forest University,2nd Round,Hard,Johnson S.,Martinez P.,115,54.0,1.61,2.3,1.57,2.57,1.62,2.57
2022-08-23,Winston-Salem Open at Wake Forest University,2nd Round,Hard,Mannarino A.,Ruusuvuori E.,65,44.0,2.75,1.44,3.11,1.42,3.16,1.45
2022-08-23,Winston-Salem Open at Wake Forest University,2nd Round,Hard,Cressy M.,Duckworth J.,34,84.0,1.44,2.75,1.5,2.81,1.5,2.9
2022-08-23,Winston-Salem Open at Wake Forest University,2nd Round,Hard,Kubler J.,Kwon S.W.,116,81.0,1.72,2.1,1.81,2.11,1.81,2.3
2022-08-23,Winston-Salem Open at Wake Forest University,2nd Round,Hard,Ivashka I.,Gojowczyk P.,51,111.0,1.2,4.5,1.22,5.31,1.22,5.31
2022-08-23,Winston-Salem Open at Wake Forest University,2nd Round,Hard,Gasquet R.,Musetti L.,91,30.0,2.37,1.57,2.3,1.7,2.52,1.7
2022-08-23,Winston-Salem Open at Wake Forest University,2nd Round,Hard,Monteiro T.,Basilashvili N.,67,35.0,1.44,2.75,1.57,2.58,1.57,2.75
2022-08-23,Winston-Salem Open at Wake Forest University,1st Round,Hard,Fognini F.,Lajovic D.,61,88.0,1.57,2.37,1.58,2.52,1.6,2.52
2022-08-23,Winston-Salem Open at Wake Forest University,1st Round,Hard,Edmund K.,Pervolarakis M.,665,377.0,1.2,4.5,,,1.2,5.5
2022-08-23,Winston-Salem Open at Wake Forest University,1st Round,Hard,Thiem D.,Wolf J.J.,231,87.0,1.8,2.0,1.84,2.06,1.91,2.13
2022-08-23,Winston-Salem Open at Wake Forest University,2nd Round,Hard,Djere L.,Sousa J.,89,59.0,1.61,2.3,1.66,2.37,1.69,2.4
2022-08-24,Winston-Salem Open at Wake Forest University,3rd Round,Hard,Van De Zandschulp B.,Munar J.,23,57.0,1.57,2.37,1.56,2.61,1.6,2.78
2022-08-24,Winston-Salem Open at Wake Forest University,3rd Round,Hard,Cressy M.,Sonego L.,34,63.0,1.57,2.37,1.64,2.41,1.64,2.56
2022-08-24,Winston-Salem Open at Wake Forest University,3rd Round,Hard,Djere L.,Kubler J.,89,116.0,2.5,1.53,2.75,1.51,2.83,1.58
2022-08-24,Winston-Salem Open at Wake Forest University,3rd Round,Hard,Mannarino A.,Ramos-Vinolas A.,65,42.0,1.72,2.1,1.83,2.09,1.83,2.26
2022-08-24,Winston-Salem Open at Wake Forest University,3rd Round,Hard,Gasquet R.,Johnson S.,91,115.0,1.9,1.9,1.98,1.93,2.05,1.93
2022-08-24,Winston-Salem Open at Wake Forest University,2nd Round,Hard,Van De Zandschulp B.,Griekspoor T.,23,46.0,1.53,2.5,1.55,2.63,1.62,2.81
2022-08-24,Winston-Salem Open at Wake Forest University,2nd Round,Hard,Munar J.,Tseng C.H.,57,85.0,1.53,2.5,1.52,2.74,1.57,2.74
2022-08-24,Winston-Salem Open at Wake Forest University,2nd Round,Hard,Huesler M.A.,Ymer M.,102,74.0,3.2,1.36,3.15,1.41,3.2,1.44
2022-08-24,Winston-Salem Open at Wake Forest University,2nd Round,Hard,Draper J.,Fognini F.,55,61.0,1.44,2.75,1.56,2.62,1.56,2.85
2022-08-24,Winston-Salem Open at Wake Forest University,2nd Round,Hard,Thiem D.,Dimitrov G.,231,19.0,2.3,1.61,2.44,1.63,2.49,1.67
2022-08-24,Winston-Salem Open at Wake Forest University,2nd Round,Hard,Sonego L.,Tabilo A.,63,72.0,1.33,3.4,1.35,3.55,1.37,3.55
2022-08-25,Winston-Salem Open at Wake Forest University,Quarterfinals,Hard,Van De Zandschulp B.,Bonzi B.,23,50.0,1.5,2.62,1.52,2.73,1.52,2.78
2022-08-25,Winston-Salem Open at Wake Forest University,3rd Round,Hard,Huesler M.A.,Ivashka I.,102,51.0,3.75,1.28,3.49,1.35,3.75,1.35
2022-08-25,Winston-Salem Open at Wake Forest University,Quarterfinals,Hard,Mannarino A.,Cressy M.,65,34.0,2.37,1.57,2.55,1.58,2.55,1.62
2022-08-25,Winston-Salem Open at Wake Forest University,3rd Round,Hard,Bonzi B.,Monteiro T.,50,67.0,1.53,2.5,1.56,2.62,1.6,2.68
2022-08-25,Winston-Salem Open at Wake Forest University,3rd Round,Hard,Draper J.,Thiem D.,55,231.0,1.5,2.62,1.52,2.74,1.53,2.74
2022-08-26,Winston-Salem Open at Wake Forest University,Quarterfinals,Hard,Djere L.,Gasquet R.,89,91.0,2.1,1.72,2.11,1.82,2.15,1.82
2022-08-26,Winston-Salem Open at Wake Forest University,Quarterfinals,Hard,Huesler M.A.,Draper J.,102,55.0,3.2,1.36,3.23,1.4,3.26,1.38
2022-08-27,Winston-Salem Open at Wake Forest University,Semifinals,Hard,Mannarino A.,Van De Zandschulp B.,65,23.0,2.62,1.5,2.69,1.53,2.7,1.55
2022-08-27,Winston-Salem Open at Wake Forest University,Semifinals,Hard,Djere L.,Huesler M.A.,89,102.0,2.2,1.66,2.21,1.75,2.26,1.83
2022-08-27,Winston-Salem Open at Wake Forest University,The Final,Hard,Mannarino A.,Djere L.,65,89.0,1.44,2.75,1.5,2.8,1.55,2.86
2022-08-29,US Open,1st Round,Hard,Auger-Aliassime F.,Ritschard A.,8,186.0,1.04,13.0,1.04,15.07,1.05,15.07
2022-08-29,US Open,1st Round,Hard,Borges N.,Shelton B.,104,165.0,3.0,1.4,3.15,1.41,3.15,1.44
2022-08-29,US Open,1st Round,Hard,Khachanov K.,Kudla D.,31,96.0,1.16,5.0,1.16,6.2,1.19,6.35
2022-08-29,US Open,1st Round,Hard,Carreno Busta P.,Thiem D.,15,211.0,1.22,4.33,1.25,4.43,1.27,4.7
2022-08-29,US Open,1st Round,Hard,De Minaur A.,Krajinovic F.,20,44.0,1.25,4.0,1.29,3.99,1.29,4.01
2022-08-29,US Open,1st Round,Hard,Garin C.,Lehecka J.,82,61.0,2.0,1.8,2.11,1.81,2.11,1.92
2022-08-29,US Open,1st Round,Hard,Moutet C.,Wawrinka S.,112,295.0,1.8,2.0,1.88,2.02,1.95,2.12
2022-08-29,US Open,1st Round,Hard,Van De Zandschulp B.,Machac T.,22,126.0,1.4,3.0,1.51,2.77,1.51,3.1
2022-08-29,US Open,1st Round,Hard,Bublik A.,Gaston H.,47,72.0,1.36,3.2,1.38,3.32,1.38,3.35
2022-08-29,US Open,1st Round,Hard,Thompson J.,Sonego L.,102,63.0,2.62,1.5,2.73,1.52,2.75,1.57
2022-08-29,US Open,1st Round,Hard,Draper J.,Ruusuvuori E.,53,49.0,2.0,1.8,2.21,1.75,2.3,1.83
2022-08-29,US Open,1st Round,Hard,Holt B.,Fritz T.,303,12.0,13.0,1.04,15.34,1.04,16.0,1.06
2022-08-29,US Open,1st Round,Hard,Monteiro T.,Molcan A.,67,40.0,2.5,1.53,2.5,1.6,2.59,1.6
2022-08-29,US Open,1st Round,Hard,Grenier H.,Etcheverry T.,119,86.0,1.44,2.75,,,1.44,3.0
2022-08-29,US Open,1st Round,Hard,Rinderknech A.,Halys Q.,58,76.0,1.44,2.75,1.52,2.74,1.54,2.89
2022-08-29,US Open,1st Round,Hard,Ruud C.,Edmund K.,7,601.0,1.07,9.0,1.06,12.06,1.07,14.0
2022-08-29,US Open,1st Round,Hard,Wu Y.,Basilashvili N.,174,35.0,1.22,4.33,1.29,4.02,1.32,4.33
2022-08-29,US Open,1st Round,Hard,Korda S.,Bagnis F.,52,105.0,1.12,6.0,1.11,8.0,1.14,8.0
2022-08-29,US Open,1st Round,Hard,Van Rijthoven T.,Zhang Zh.,117,137.0,2.3,1.61,2.91,1.47,2.91,1.63
2022-08-29,US Open,1st Round,Hard,Wolf J.J.,Bautista Agut R.,87,18.0,4.0,1.25,4.58,1.24,4.65,1.29
2022-08-29,US Open,1st Round,Hard,Nava E.,Millman J.,203,103.0,3.4,1.33,3.31,1.38,3.6,1.38
2022-08-29,US Open,1st Round,Hard,Davidovich Fokina A.,Nishioka Y.,39,55.0,1.66,2.2,1.72,2.26,1.77,2.35
2022-08-29,US Open,1st Round,Hard,Paul T.,Zapata Miralles B.,34,79.0,1.12,6.0,1.12,7.41,1.14,7.41
2022-08-29,US Open,1st Round,Hard,Tabilo A.,Majchrzak K.,71,90.0,1.72,2.1,1.68,2.33,1.82,2.4
2022-08-29,US Open,1st Round,Hard,Murray A.,Cerundolo F.,51,27.0,1.66,2.2,1.73,2.24,1.8,2.24
2022-08-29,US Open,1st Round,Hard,Medvedev D.,Kozlov S.,1,111.0,1.005,29.0,1.005,35.59,1.03,35.59
2022-08-29,US Open,1st Round,Hard,Fucsovics M.,Cressy M.,98,32.0,3.2,1.36,3.89,1.31,3.89,1.4
2022-08-29,US Open,1st Round,Hard,Berrettini M.,Jarry N.,14,123.0,1.14,5.5,1.15,6.32,1.16,6.5
2022-08-30,US Open,1st Round,Hard,Ramos-Vinolas A.,Gombos N.,42,114.0,1.66,2.2,1.7,2.28,1.71,2.35
2022-08-30,US Open,1st Round,Hard,Eubanks C.,Martinez P.,145,54.0,1.72,2.1,1.88,2.02,1.88,2.19
2022-08-30,US Open,1st Round,Hard,Coric B.,Couacaud E.,29,193.0,1.12,6.0,1.14,6.67,1.16,6.67
2022-08-30,US Open,1st Round,Hard,Musetti L.,Goffin D.,30,62.0,2.0,1.8,2.05,1.86,2.15,1.93
2022-08-30,US Open,1st Round,Hard,Cilic M.,Marterer M.,17,156.0,1.12,6.0,1.11,7.98,1.13,8.25
2022-08-30,US Open,1st Round,Hard,Brooksby J.,Lajovic D.,43,88.0,1.14,5.5,1.16,6.1,1.19,6.1
2022-08-30,US Open,1st Round,Hard,Tiafoe F.,Giron M.,26,56.0,1.36,3.2,1.38,3.33,1.42,3.39
2022-08-30,US Open,1st Round,Hard,Ivashka I.,Querrey S.,73,287.0,1.1,7.0,1.12,7.76,1.13,8.5
2022-08-30,US Open,1st Round,Hard,Hurkacz H.,Otte O.,10,41.0,1.14,5.5,1.18,5.63,1.18,6.1
2022-08-30,US Open,1st Round,Hard,Fognini F.,Karatsev A.,60,38.0,2.1,1.72,2.22,1.74,2.25,1.75
2022-08-30,US Open,1st Round,Hard,Popyrin A.,Tseng C.H.,84,89.0,2.1,1.72,2.09,1.83,2.19,1.83
2022-08-30,US Open,1st Round,Hard,Coria F.,Griekspoor T.,78,46.0,7.0,1.1,8.17,1.11,9.0,1.13
2022-08-30,US Open,1st Round,Hard,Shapovalov D.,Huesler M.A.,21,85.0,1.25,4.0,1.29,4.05,1.29,4.51
2022-08-30,US Open,1st Round,Hard,Brouwer G.,Mannarino A.,181,45.0,3.75,1.28,4.06,1.28,4.06,1.33
2022-08-30,US Open,1st Round,Hard,Kecmanovic M.,Tien L.,36,1042.0,1.01,23.0,1.01,30.12,1.03,30.12
2022-08-30,US Open,1st Round,Hard,Sinner J.,Altmaier D.,13,93.0,1.03,15.0,1.03,17.68,1.04,21.0
2022-08-30,US Open,1st Round,Hard,Rune H.,Gojowczyk P.,33,108.0,1.28,3.75,1.31,3.83,1.35,4.15
2022-08-30,US Open,1st Round,Hard,Rublev A.,Djere L.,11,64.0,1.11,6.5,1.16,6.27,1.16,8.0
2022-08-30,US Open,1st Round,Hard,Cachin P.,Bedene A.,66,347.0,1.61,2.3,1.71,2.27,1.73,2.31
2022-08-30,US Open,1st Round,Hard,Galan D.E.,Tsitsipas S.,94,5.0,13.0,1.04,13.41,1.05,18.0,1.06
2022-08-30,US Open,1st Round,Hard,Bonzi B.,Humbert U.,50,138.0,1.72,2.1,1.73,2.24,1.77,2.3
2022-08-30,US Open,1st Round,Hard,Gasquet R.,Daniel T.,91,95.0,1.66,2.2,1.73,2.24,1.73,2.34
2022-08-30,US Open,1st Round,Hard,Nakashima B.,Kotov P.,69,113.0,1.28,3.75,1.32,3.78,1.32,4.0
2022-08-30,US Open,1st Round,Hard,Dimitrov G.,Johnson S.,19,110.0,1.5,2.62,1.49,2.83,1.54,2.83
2022-08-30,US Open,1st Round,Hard,Kyrgios N.,Kokkinakis T.,25,70.0,1.16,5.0,1.22,4.87,1.22,5.5
2022-08-30,US Open,1st Round,Hard,Sousa J.,Mcdonald M.,59,77.0,3.0,1.4,3.1,1.43,3.55,1.43
2022-08-30,US Open,1st Round,Hard,Alcaraz C.,Baez S.,4,37.0,1.03,15.0,1.02,23.16,1.03,23.16
2022-08-30,US Open,1st Round,Hard,Isner J.,Delbonis F.,48,134.0,1.11,6.5,1.12,7.64,1.16,7.64
2022-08-30,US Open,1st Round,Hard,Evans D.,Vesely J.,23,68.0,1.36,3.2,1.36,3.45,1.37,3.55
2022-08-30,US Open,1st Round,Hard,Duckworth J.,O Connell C.,83,118.0,2.37,1.57,2.54,1.58,2.55,1.6
2022-08-30,US Open,1st Round,Hard,Kwon S.W.,Verdasco F.,81,122.0,1.36,3.2,1.38,3.32,1.47,3.32
2022-08-30,US Open,1st Round,Hard,Norrie C.,Paire B.,9,173.0,1.05,11.0,1.06,12.51,1.06,17.75
2022-08-31,US Open,2nd Round,Hard,Wolf J.J.,Tabilo A.,87,71.0,1.33,3.4,1.38,3.35,1.39,3.4
2022-08-31,US Open,2nd Round,Hard,Wu Y.,Borges N.,174,104.0,1.33,3.4,1.29,4.05,1.36,4.05
2022-08-31,US Open,2nd Round,Hard,Kyrgios N.,Bonzi B.,25,50.0,1.12,6.0,1.15,6.38,1.15,7.24
2022-08-31,US Open,2nd Round,Hard,Paul T.,Korda S.,34,52.0,2.0,1.8,2.16,1.78,2.16,1.85
2022-08-31,US Open,2nd Round,Hard,Davidovich Fokina A.,Fucsovics M.,39,98.0,1.44,2.75,1.41,3.18,1.47,3.18
2022-08-31,US Open,2nd Round,Hard,Ruud C.,Van Rijthoven T.,7,117.0,1.12,6.0,1.15,6.61,1.15,7.25
2022-08-31,US Open,2nd Round,Hard,Galan D.E.,Thompson J.,94,102.0,1.72,2.1,1.76,2.18,1.77,2.3
2022-08-31,US Open,2nd Round,Hard,Berrettini M.,Grenier H.,14,119.0,1.12,6.0,1.12,7.58,1.14,8.0
2022-08-31,US Open,1st Round,Hard,Kubler J.,Ymer M.,109,99.0,2.2,1.66,2.25,1.72,2.34,1.74
2022-08-31,US Open,2nd Round,Hard,De Minaur A.,Garin C.,20,82.0,1.12,6.0,1.15,6.31,1.18,6.5
2022-08-31,US Open,2nd Round,Hard,Cachin P.,Holt B.,66,303.0,2.5,1.53,2.59,1.58,2.62,1.6
2022-08-31,US Open,2nd Round,Hard,Moutet C.,Van De Zandschulp B.,112,22.0,2.75,1.44,2.66,1.54,2.9,1.54
2022-08-31,US Open,2nd Round,Hard,Carreno Busta P.,Bublik A.,15,47.0,1.28,3.75,1.29,3.94,1.32,4.15
2022-08-31,US Open,1st Round,Hard,Carballes Baena R.,Munar J.,80,57.0,4.5,1.2,4.47,1.25,4.9,1.25
2022-08-31,US Open,1st Round,Hard,Schwartzman D.,Sock J.,16,107.0,1.44,2.75,1.47,2.91,1.48,2.91
2022-08-31,US Open,1st Round,Hard,Nadal R.,Hijikata R.,3,198.0,1.01,26.0,1.01,29.41,1.02,41.0
2022-08-31,US Open,2nd Round,Hard,Murray A.,Nava E.,51,203.0,1.2,4.5,1.2,5.27,1.22,5.27
2022-09-01,US Open,2nd Round,Hard,Norrie C.,Sousa J.,9,59.0,1.05,11.0,1.08,10.01,1.1,13.0
2022-09-01,US Open,2nd Round,Hard,Shapovalov D.,Carballes Baena R.,21,80.0,1.16,5.0,1.23,4.8,1.25,5.0
2022-09-01,US Open,2nd Round,Hard,Schwartzman D.,Popyrin A.,16,84.0,1.28,3.75,1.31,3.85,1.34,3.9
2022-09-01,US Open,2nd Round,Hard,Nakashima B.,Dimitrov G.,69,19.0,2.2,1.66,2.18,1.77,2.31,1.77
2022-09-01,US Open,2nd Round,Hard,Rublev A.,Kwon S.W.,11,81.0,1.16,5.0,1.23,4.8,1.23,5.05
2022-09-01,US Open,2nd Round,Hard,Musetti L.,Brouwer G.,30,181.0,1.44,2.75,1.52,2.73,1.52,2.78
2022-09-01,US Open,2nd Round,Hard,Alcaraz C.,Coria F.,4,78.0,1.02,19.0,1.03,19.86,1.03,26.0
2022-09-01,US Open,2nd Round,Hard,Gasquet R.,Kecmanovic M.,91,36.0,3.0,1.4,3.37,1.37,3.4,1.4
2022-09-01,US Open,2nd Round,Hard,Brooksby J.,Coric B.,43,29.0,1.9,1.9,1.99,1.92,2.02,1.97
2022-09-01,US Open,2nd Round,Hard,Evans D.,Duckworth J.,23,83.0,1.25,4.0,1.24,4.54,1.28,4.6
2022-09-01,US Open,2nd Round,Hard,Cilic M.,Ramos-Vinolas A.,17,42.0,1.2,4.5,1.18,5.65,1.24,5.75
2022-09-01,US Open,2nd Round,Hard,Rune H.,Isner J.,33,48.0,,,,,,
2022-09-01,US Open,2nd Round,Hard,Medvedev D.,Rinderknech A.,1,58.0,1.01,21.0,1.04,16.54,1.05,21.0
2022-09-01,US Open,2nd Round,Hard,Draper J.,Auger-Aliassime F.,53,8.0,3.0,1.4,2.86,1.48,3.1,1.48
2022-09-01,US Open,2nd Round,Hard,Sinner J.,Eubanks C.,13,145.0,1.08,8.0,1.13,7.16,1.15,8.5
2022-09-01,US Open,2nd Round,Hard,Khachanov K.,Monteiro T.,31,67.0,1.25,4.0,1.24,4.65,1.27,4.8
2022-09-02,US Open,3rd Round,Hard,Moutet C.,Cachin P.,112,66.0,1.33,3.4,1.35,3.55,1.37,3.58
2022-09-02,US Open,3rd Round,Hard,Khachanov K.,Draper J.,31,53.0,2.2,1.66,2.28,1.7,2.3,1.72
2022-09-02,US Open,3rd Round,Hard,Ruud C.,Paul T.,7,34.0,1.57,2.37,1.55,2.64,1.6,2.66
2022-09-02,US Open,3rd Round,Hard,Berrettini M.,Murray A.,14,51.0,1.44,2.75,1.51,2.77,1.57,2.97
2022-09-02,US Open,3rd Round,Hard,Carreno Busta P.,De Minaur A.,15,20.0,1.72,2.1,1.63,2.45,1.75,2.45
2022-09-02,US Open,2nd Round,Hard,Nadal R.,Fognini F.,3,60.0,1.08,8.0,1.12,7.68,1.14,8.7
2022-09-02,US Open,2nd Round,Hard,Tiafoe F.,Kubler J.,26,109.0,1.33,3.4,1.39,3.29,1.4,3.4
2022-09-02,US Open,2nd Round,Hard,Ivashka I.,Hurkacz H.,73,10.0,3.5,1.3,3.49,1.35,3.9,1.35
2022-09-02,US Open,3rd Round,Hard,Davidovich Fokina A.,Galan D.E.,39,94.0,1.4,3.0,1.41,3.19,1.42,3.3
2022-09-03,US Open,3rd Round,Hard,Cilic M.,Evans D.,17,23.0,1.57,2.37,1.63,2.43,1.65,2.5
2022-09-03,US Open,3rd Round,Hard,Tiafoe F.,Schwartzman D.,26,16.0,1.44,2.75,1.48,2.87,1.48,3.0
2022-09-03,US Open,3rd Round,Hard,Alcaraz C.,Brooksby J.,4,43.0,1.25,4.0,1.23,4.63,1.27,4.75
2022-09-03,US Open,3rd Round,Hard,Ivashka I.,Musetti L.,73,30.0,1.5,2.62,1.51,2.77,1.52,2.9
2022-09-03,US Open,3rd Round,Hard,Norrie C.,Rune H.,9,33.0,1.28,3.75,1.25,4.45,1.3,4.45
2022-09-03,US Open,3rd Round,Hard,Medvedev D.,Wu Y.,1,174.0,1.04,13.0,1.04,15.5,1.05,16.5
2022-09-03,US Open,3rd Round,Hard,Kyrgios N.,Wolf J.J.,25,87.0,1.12,6.0,1.16,6.13,1.17,7.0
2022-09-03,US Open,3rd Round,Hard,Rublev A.,Shapovalov D.,11,21.0,1.53,2.5,1.55,2.64,1.58,2.7
2022-09-04,US Open,3rd Round,Hard,Nadal R.,Gasquet R.,3,91.0,1.06,10.0,1.04,16.23,1.08,17.0
2022-09-04,US Open,3rd Round,Hard,Sinner J.,Nakashima B.,13,69.0,1.36,3.2,1.33,3.7,1.36,3.75
2022-09-04,US Open,4th Round,Hard,Berrettini M.,Davidovich Fokina A.,14,39.0,1.33,3.4,1.31,3.82,1.36,3.95
2022-09-04,US Open,4th Round,Hard,Ruud C.,Moutet C.,7,112.0,1.16,5.0,1.18,5.72,1.2,6.5
2022-09-04,US Open,4th Round,Hard,Khachanov K.,Carreno Busta P.,31,15.0,2.75,1.44,2.71,1.51,2.9,1.52
2022-09-05,US Open,4th Round,Hard,Tiafoe F.,Nadal R.,26,3.0,4.5,1.2,4.38,1.26,5.0,1.26
2022-09-05,US Open,4th Round,Hard,Kyrgios N.,Medvedev D.,25,1.0,2.5,1.53,2.6,1.56,2.8,1.6
2022-09-05,US Open,4th Round,Hard,Rublev A.,Norrie C.,11,9.0,2.3,1.61,2.27,1.71,2.3,1.74
2022-09-06,US Open,4th Round,Hard,Alcaraz C.,Cilic M.,4,17.0,1.2,4.5,1.2,5.22,1.22,5.45
2022-09-06,US Open,Quarterfinals,Hard,Ruud C.,Berrettini M.,7,14.0,2.0,1.8,2.02,1.88,2.1,1.91
2022-09-06,US Open,4th Round,Hard,Sinner J.,Ivashka I.,13,73.0,1.22,4.33,1.21,5.01,1.28,5.05
2022-09-07,US Open,Quarterfinals,Hard,Khachanov K.,Kyrgios N.,31,25.0,4.5,1.2,4.18,1.27,4.54,1.3
2022-09-07,US Open,Quarterfinals,Hard,Tiafoe F.,Rublev A.,26,11.0,2.0,1.8,1.98,1.93,2.16,1.93
2022-09-08,US Open,Quarterfinals,Hard,Alcaraz C.,Sinner J.,4,13.0,1.61,2.3,1.56,2.65,1.63,2.65
2022-09-09,US Open,Semifinals,Hard,Ruud C.,Khachanov K.,7,31.0,1.44,2.75,1.48,2.86,1.5,3.05
2022-09-10,US Open,Semifinals,Hard,Alcaraz C.,Tiafoe F.,4,26.0,1.5,2.62,1.47,2.9,1.56,3.12
2022-09-11,US Open,The Final,Hard,Alcaraz C.,Ruud C.,4,7.0,1.45,2.8,1.48,2.86,1.53,3.02
2022-09-19,San Diego Open,1st Round,Hard,Etcheverry T.,Mena F.,89,151.0,1.72,2.1,1.73,2.22,1.75,2.4
2022-09-19,Open de Moselle,1st Round,Hard,Korda S.,Gaston H.,49,79.0,1.28,3.75,1.27,4.13,1.3,4.13
2022-09-19,Open de Moselle,1st Round,Hard,Sonego L.,Karatsev A.,65,39.0,2.1,1.72,2.11,1.8,2.16,1.8
2022-09-19,San Diego Open,1st Round,Hard,Duckworth J.,Popyrin A.,83,90.0,1.8,2.0,1.81,2.09,1.85,2.09
2022-09-20,San Diego Open,1st Round,Hard,Lestienne C.,Holt B.,76,215.0,1.61,2.3,1.69,2.28,1.71,2.38
2022-09-20,San Diego Open,1st Round,Hard,Krueger M.,Eubanks C.,228,135.0,3.4,1.33,3.43,1.36,3.63,1.37
2022-09-20,San Diego Open,1st Round,Hard,Daniel T.,Nava E.,95,173.0,1.66,2.2,1.73,2.22,1.77,2.24
2022-09-20,San Diego Open,1st Round,Hard,Wolf J.J.,Kozlov S.,73,108.0,1.16,5.0,1.23,4.65,1.23,5.8
2022-09-20,Open de Moselle,1st Round,Hard,Ruusuvuori E.,Lehecka J.,51,63.0,1.36,3.2,1.36,3.4,1.44,3.45
2022-09-20,Open de Moselle,1st Round,Hard,Basilashvili N.,Bergs Z.,36,134.0,2.75,1.44,2.58,1.56,2.75,1.62
2022-09-20,Open de Moselle,1st Round,Hard,Rinderknech A.,Munar J.,60,56.0,1.53,2.5,1.51,2.74,1.58,2.74
2022-09-20,Open de Moselle,1st Round,Hard,Simon G.,Goffin D.,175,62.0,3.75,1.28,4.11,1.27,4.22,1.3
2022-09-21,Open de Moselle,1st Round,Hard,Bublik A.,Furness E.,44,208.0,1.16,5.0,1.15,6.18,1.18,6.18
2022-09-21,San Diego Open,1st Round,Hard,Kudla D.,Verdasco F.,104,115.0,1.53,2.5,1.64,2.39,1.64,2.56
2022-09-21,San Diego Open,1st Round,Hard,Nakashima B.,Svajda Z.,69,411.0,1.12,6.0,1.13,7.08,1.14,7.08
2022-09-21,San Diego Open,1st Round,Hard,Galan D.E.,Huesler M.A.,75,87.0,1.9,1.9,1.91,1.97,1.91,2.05
2022-09-21,San Diego Open,1st Round,Hard,Mcdonald M.,Laaksonen H.,84,125.0,1.2,4.5,1.27,4.16,1.27,4.54
2022-09-21,San Diego Open,1st Round,Hard,O Connell C.,Kubler J.,130,99.0,2.1,1.72,2.13,1.79,2.24,1.79
2022-09-21,Open de Moselle,1st Round,Hard,Thiem D.,Gasquet R.,182,85.0,2.0,1.8,2.09,1.82,2.1,1.82
2022-09-21,Open de Moselle,2nd Round,Hard,Korda S.,Musetti L.,49,30.0,1.5,2.62,1.5,2.82,1.52,2.82
2022-09-21,Open de Moselle,1st Round,Hard,Ymer M.,Mannarino A.,100,47.0,2.3,1.61,2.39,1.64,2.39,1.68
2022-09-21,Open de Moselle,1st Round,Hard,Barrere G.,Otte O.,167,52.0,1.9,1.9,1.9,1.99,1.9,2.25
2022-09-21,Open de Moselle,1st Round,Hard,Bonzi B.,Humbert U.,61,110.0,1.9,1.9,2.09,1.81,2.1,1.91
2022-09-21,Open de Moselle,1st Round,Hard,Wawrinka S.,Sousa J.,284,55.0,1.57,2.37,1.6,2.48,1.67,2.48
2022-09-22,San Diego Open,2nd Round,Hard,Duckworth J.,Krueger M.,83,228.0,1.4,3.0,1.44,3.05,1.5,3.1
2022-09-22,San Diego Open,2nd Round,Hard,Giron M.,Etcheverry T.,58,89.0,1.3,3.5,1.28,4.14,1.3,4.14
2022-09-22,San Diego Open,2nd Round,Hard,Galan D.E.,Martinez P.,75,68.0,1.44,2.75,1.5,2.79,1.5,2.96
2022-09-22,San Diego Open,2nd Round,Hard,Lestienne C.,Tabilo A.,76,70.0,2.2,1.66,2.3,1.69,2.3,2.01
2022-09-22,San Diego Open,2nd Round,Hard,Brooksby J.,Mcdonald M.,50,84.0,1.4,3.0,1.43,3.1,1.44,3.27
2022-09-22,San Diego Open,1st Round,Hard,Tabilo A.,Johnson S.,70,116.0,2.3,1.61,2.36,1.65,2.4,1.65
2022-09-22,San Diego Open,2nd Round,Hard,O Connell C.,Wolf J.J.,130,73.0,2.5,1.53,2.44,1.63,2.75,1.65
2022-09-22,Open de Moselle,2nd Round,Hard,Hurkacz H.,Thiem D.,10,182.0,1.4,3.0,1.43,3.07,1.43,3.2
2022-09-22,Open de Moselle,2nd Round,Hard,Rinderknech A.,Basilashvili N.,60,36.0,1.36,3.2,1.43,3.1,1.43,3.27
2022-09-22,Open de Moselle,2nd Round,Hard,Bublik A.,Ruusuvuori E.,44,51.0,2.2,1.66,2.15,1.79,2.25,1.79
2022-09-22,Open de Moselle,2nd Round,Hard,Sonego L.,Simon G.,65,175.0,1.4,3.0,1.43,3.09,1.47,3.09
2022-09-22,Open de Moselle,2nd Round,Hard,Rune H.,Bonzi B.,31,61.0,2.37,1.57,2.55,1.58,2.55,1.63
2022-09-22,Open de Moselle,2nd Round,Hard,Wawrinka S.,Medvedev D.,284,4.0,6.0,1.12,7.02,1.14,7.02,1.15
2022-09-22,Open de Moselle,2nd Round,Hard,Ymer M.,Barrere G.,100,167.0,1.44,2.75,1.52,2.72,1.52,2.96
2022-09-23,San Diego Open,2nd Round,Hard,Nakashima B.,Kudla D.,69,104.0,1.28,3.75,1.28,4.11,1.32,4.3
2022-09-23,San Diego Open,2nd Round,Hard,Evans D.,Daniel T.,25,95.0,1.4,3.0,1.47,2.93,1.47,3.01
2022-09-23,San Diego Open,Quarterfinals,Hard,Evans D.,Lestienne C.,25,76.0,1.4,3.0,1.37,3.39,1.4,3.53
2022-09-23,Open de Moselle,Quarterfinals,Hard,Sonego L.,Korda S.,65,49.0,2.75,1.44,2.85,1.48,3.17,1.48
2022-09-23,Open de Moselle,Quarterfinals,Hard,Hurkacz H.,Rinderknech A.,10,60.0,1.22,4.33,1.26,4.37,1.29,4.4
2022-09-23,Open de Moselle,Quarterfinals,Hard,Wawrinka S.,Ymer M.,284,100.0,2.0,1.8,2.11,1.81,2.17,1.91
2022-09-23,Open de Moselle,Quarterfinals,Hard,Bublik A.,Rune H.,44,31.0,1.9,1.9,1.89,2.02,1.9,2.1
2022-09-23,San Diego Open,Quarterfinals,Hard,Giron M.,Duckworth J.,58,83.0,1.53,2.5,1.63,2.43,1.63,2.51
2022-09-24,San Diego Open,Quarterfinals,Hard,O Connell C.,Brooksby J.,130,50.0,3.5,1.3,3.59,1.34,3.6,1.36
2022-09-24,San Diego Open,Quarterfinals,Hard,Nakashima B.,Galan D.E.,69,75.0,1.3,3.5,1.32,3.77,1.32,4.0
2022-09-24,Open de Moselle,Semifinals,Hard,Bublik A.,Wawrinka S.,44,284.0,1.66,2.2,1.67,2.35,1.7,2.35
2022-09-24,San Diego Open,Semifinals,Hard,Giron M.,Evans D.,58,25.0,2.62,1.5,2.95,1.46,3.01,1.5
2022-09-24,Open de Moselle,Semifinals,Hard,Sonego L.,Hurkacz H.,65,10.0,3.5,1.3,3.24,1.4,3.6,1.4
2022-09-25,San Diego Open,Semifinals,Hard,Nakashima B.,O Connell C.,69,130.0,1.36,3.2,1.38,3.31,1.4,3.31
2022-09-25,Open de Moselle,The Final,Hard,Sonego L.,Bublik A.,65,44.0,1.9,1.9,2.0,1.9,2.0,2.04
2022-09-26,San Diego Open,The Final,Hard,Nakashima B.,Giron M.,69,58.0,1.4,2.75,1.47,2.91,1.5,2.91
2022-09-26,Korea Open,1st Round,Hard,Munar J.,Watanuki Y.,59,227.0,1.44,2.75,1.58,2.51,1.58,2.77
2022-09-26,Korea Open,1st Round,Hard,Kovacevic A.,Kecmanovic M.,222,32.0,6.0,1.12,6.06,1.16,6.55,1.16
2022-09-26,Korea Open,1st Round,Hard,Albot R.,Moriya H.,91,261.0,,,,,1.24,5.4
2022-09-26,Korea Open,1st Round,Hard,Uchida K.,Hong S.,163,471.0,1.61,2.3,1.65,2.37,1.67,2.4
2022-09-26,Tel Aviv Open,1st Round,Hard,Thiem D.,Djere L.,173,72.0,1.44,2.75,1.49,2.78,1.51,2.85
2022-09-26,Sofia Open,1st Round,Hard,Ivashka I.,Ymer M.,71,94.0,1.72,2.1,1.78,2.14,1.8,2.15
2022-09-26,Sofia Open,1st Round,Hard,Lazarov A.,Lehecka J.,334,74.0,3.75,1.28,3.53,1.34,4.03,1.34
2022-09-26,Sofia Open,1st Round,Hard,Majchrzak K.,Berankis R.,119,120.0,2.2,1.66,2.11,1.8,2.32,1.8
2022-09-26,Tel Aviv Open,1st Round,Hard,Safiullin R.,Grenier H.,104,97.0,2.0,1.8,1.89,2.0,2.05,2.0
2022-09-27,Tel Aviv Open,1st Round,Hard,Korda S.,Ilkel C.,44,382.0,1.14,5.5,1.11,8.18,1.14,8.18
2022-09-27,Tel Aviv Open,1st Round,Hard,Ruusuvuori E.,Wolf J.J.,54,75.0,1.5,2.62,1.52,2.71,1.52,2.88
2022-09-27,Tel Aviv Open,1st Round,Hard,Rinderknech A.,Copil M.,58,350.0,1.33,3.4,1.41,3.12,1.42,3.4
2022-09-27,Sofia Open,1st Round,Hard,Rune H.,Van Rijthoven T.,31,109.0,1.44,2.75,1.53,2.66,1.53,2.81
2022-09-27,Sofia Open,1st Round,Hard,Otte O.,Madaras D.,55,314.0,,,1.1,8.36,1.14,8.36
2022-09-27,Sofia Open,1st Round,Hard,Borges N.,Basic M.,93,292.0,1.33,3.4,1.31,3.75,1.35,3.75
2022-09-27,Tel Aviv Open,1st Round,Hard,Pospisil V.,Griekspoor T.,149,52.0,2.75,1.44,2.72,1.51,3.0,1.51
2022-09-27,Tel Aviv Open,1st Round,Hard,Etcheverry T.,Karatsev A.,87,39.0,3.5,1.3,3.73,1.31,3.85,1.31
2022-09-27,Tel Aviv Open,1st Round,Hard,Leshem E.,Oliel Y.,446,383.0,1.72,2.1,1.74,2.2,1.83,2.2
2022-09-27,Korea Open,1st Round,Hard,Johnson S.,Nam J.S.,117,590.0,1.16,5.0,1.25,4.42,1.25,5.05
2022-09-27,Tel Aviv Open,1st Round,Hard,Van De Zandschulp B.,Sousa J.,35,61.0,1.3,3.5,1.29,3.98,1.31,4.0
2022-09-27,Tel Aviv Open,1st Round,Hard,Broady L.,Medjedovic H.,174,255.0,1.33,3.4,1.35,3.49,1.35,3.5
2022-09-27,Korea Open,1st Round,Hard,Kwon S.W.,Chung Y.,121,426.0,1.16,5.0,1.18,5.52,1.2,5.52
2022-09-27,Korea Open,1st Round,Hard,Nishioka Y.,Evans D.,56,25.0,2.0,1.8,2.09,1.82,2.15,1.83
2022-09-27,Korea Open,1st Round,Hard,Tseng C. H.,O Connell C.,88,105.0,2.5,1.53,2.39,1.64,2.51,1.64
2022-09-27,Korea Open,1st Round,Hard,Brooksby J.,Wu T.L.,46,212.0,1.14,5.5,1.21,4.98,1.23,5.6
2022-09-27,Korea Open,1st Round,Hard,Mcdonald M.,Martinez P.,82,67.0,1.44,2.75,1.47,2.89,1.47,2.89
2022-09-27,Sofia Open,1st Round,Hard,Humbert U.,Kuzmanov D.,110,158.0,1.25,4.0,1.24,4.47,1.26,4.5
2022-09-27,Korea Open,1st Round,Hard,Jarry N.,Peniston R.,111,140.0,1.5,2.62,1.51,2.74,1.51,2.75
2022-09-27,Sofia Open,1st Round,Hard,Vukic A.,Fognini F.,144,57.0,2.62,1.5,2.66,1.53,2.76,1.53
2022-09-28,Sofia Open,1st Round,Hard,Sonego L.,Zapata Miralles B.,45,78.0,1.33,3.4,1.39,3.28,1.39,3.4
2022-09-28,Sofia Open,1st Round,Hard,Struff J.L.,Lajovic D.,132,86.0,1.44,2.75,1.49,2.79,1.54,2.8
2022-09-28,Sofia Open,1st Round,Hard,Verdasco F.,Basilashvili N.,116,37.0,2.2,1.66,2.33,1.67,2.33,1.7
2022-09-28,Sofia Open,2nd Round,Hard,Ivashka I.,Dimitrov G.,71,23.0,2.0,1.8,1.96,1.94,2.06,1.95
2022-09-28,Sofia Open,2nd Round,Hard,Musetti L.,Lazarov A.,30,334.0,1.25,4.0,1.27,4.27,1.28,4.27
2022-09-28,Sofia Open,1st Round,Hard,Huesler M.A.,Blancaneaux G.,95,139.0,1.5,2.62,1.49,2.81,1.53,2.85
2022-09-28,Korea Open,1st Round,Hard,Daniel T.,Gomez E.,92,102.0,1.28,3.75,1.39,3.23,1.39,3.75
2022-09-28,Tel Aviv Open,1st Round,Hard,Lestienne C.,Mannarino A.,68,51.0,2.37,1.57,2.53,1.57,2.53,1.62
2022-09-28,Tel Aviv Open,2nd Round,Hard,Safiullin R.,Etcheverry T.,104,87.0,1.33,3.4,1.34,3.56,1.36,3.56
2022-09-28,Tel Aviv Open,2nd Round,Hard,Cressy M.,Korda S.,34,44.0,2.5,1.53,2.71,1.53,2.71,1.54
2022-09-28,Tel Aviv Open,2nd Round,Hard,Cilic M.,Thiem D.,16,173.0,1.53,2.5,1.6,2.51,1.6,2.61
2022-09-28,Korea Open,2nd Round,Hard,Albot R.,Johnson S.,91,117.0,1.66,2.2,1.76,2.19,1.76,2.25
2022-09-28,Korea Open,2nd Round,Hard,Shapovalov D.,Munar J.,24,59.0,1.3,3.5,1.43,3.09,1.43,3.5
2022-09-28,Tel Aviv Open,1st Round,Hard,Andujar P.,Monteiro T.,115,62.0,2.75,1.44,2.76,1.5,3.0,1.5
2022-09-29,Tel Aviv Open,2nd Round,Hard,Lestienne C.,Ruusuvuori E.,68,54.0,3.0,1.4,3.02,1.44,3.13,1.44
2022-09-29,Tel Aviv Open,2nd Round,Hard,Broady L.,Van De Zandschulp B.,174,35.0,4.33,1.22,4.95,1.22,4.95,1.23
2022-09-29,Tel Aviv Open,2nd Round,Hard,Djokovic N.,Andujar P.,7,115.0,1.03,15.0,1.04,18.79,1.04,18.79
2022-09-29,Tel Aviv Open,2nd Round,Hard,Pospisil V.,Leshem E.,149,446.0,1.33,3.4,1.38,3.35,1.38,3.5
2022-09-29,Tel Aviv Open,2nd Round,Hard,Rinderknech A.,Schwartzman D.,58,17.0,2.1,1.72,2.14,1.79,2.15,1.8
2022-09-29,Korea Open,2nd Round,Hard,Norrie C.,Uchida K.,8,163.0,1.08,8.0,1.1,8.84,1.13,9.33
2022-09-29,Korea Open,2nd Round,Hard,Brooksby J.,Kwon S.W.,46,121.0,1.5,2.62,1.59,2.53,1.59,2.63
2022-09-29,Korea Open,2nd Round,Hard,Kovacevic A.,Tseng C. H.,222,88.0,2.3,1.61,2.19,1.76,2.3,1.76
2022-09-29,Korea Open,2nd Round,Hard,Mcdonald M.,Mochizuki S.,82,417.0,1.07,9.0,,,1.12,9.0
2022-09-29,Sofia Open,2nd Round,Hard,Sinner J.,Borges N.,10,93.0,1.07,9.0,1.08,10.23,1.08,11.0
2022-09-29,Sofia Open,2nd Round,Hard,Huesler M.A.,Carreno Busta P.,95,14.0,3.75,1.28,3.91,1.3,4.05,1.3
2022-09-29,Sofia Open,2nd Round,Hard,Rune H.,Sonego L.,31,45.0,2.1,1.72,2.13,1.81,2.28,1.81
2022-09-29,Sofia Open,2nd Round,Hard,Majchrzak K.,Otte O.,119,55.0,2.37,1.57,2.37,1.66,2.4,1.68
2022-09-29,Sofia Open,2nd Round,Hard,Struff J.L.,Humbert U.,132,110.0,2.3,1.61,2.24,1.74,2.31,1.74
2022-09-29,Korea Open,2nd Round,Hard,Nishioka Y.,Daniel T.,56,92.0,1.61,2.3,1.69,2.32,1.69,2.6
2022-09-29,Sofia Open,2nd Round,Hard,Vukic A.,Verdasco F.,144,116.0,1.61,2.3,1.68,2.33,1.7,2.52
2022-09-29,Korea Open,2nd Round,Hard,Ruud C.,Jarry N.,2,111.0,1.16,5.0,1.19,5.39,1.19,5.39
2022-09-30,Sofia Open,Quarterfinals,Hard,Huesler M.A.,Majchrzak K.,95,119.0,1.66,2.2,1.58,2.56,1.68,2.56
2022-09-30,Korea Open,Quarterfinals,Hard,Shapovalov D.,Albot R.,24,91.0,1.28,3.75,1.34,3.62,1.34,3.8
2022-09-30,Tel Aviv Open,Quarterfinals,Hard,Djokovic N.,Pospisil V.,7,149.0,1.06,10.0,1.06,12.74,1.06,13.0
2022-09-30,Korea Open,Quarterfinals,Hard,Nishioka Y.,Ruud C.,56,2.0,4.33,1.22,3.7,1.33,4.33,1.33
2022-09-30,Korea Open,Quarterfinals,Hard,Kovacevic A.,Mcdonald M.,222,82.0,3.75,1.28,3.64,1.33,3.75,1.39
2022-09-30,Tel Aviv Open,Quarterfinals,Hard,Safiullin R.,Rinderknech A.,104,58.0,1.9,1.9,1.94,1.96,2.03,1.96
2022-09-30,Tel Aviv Open,Quarterfinals,Hard,Cilic M.,Broady L.,16,174.0,1.16,5.0,1.2,5.28,1.22,5.3
2022-09-30,Tel Aviv Open,Quarterfinals,Hard,Lestienne C.,Cressy M.,68,34.0,2.5,1.53,2.54,1.58,2.6,1.69
2022-09-30,Sofia Open,Quarterfinals,Hard,Rune H.,Ivashka I.,31,71.0,2.1,1.72,2.07,1.85,2.15,1.85
2022-09-30,Sofia Open,Quarterfinals,Hard,Sinner J.,Vukic A.,10,144.0,1.12,6.0,1.12,7.51,1.14,7.51
2022-09-30,Sofia Open,Quarterfinals,Hard,Musetti L.,Struff J.L.,30,132.0,2.2,1.66,2.26,1.72,2.4,1.75
2022-09-30,Korea Open,Quarterfinals,Hard,Brooksby J.,Norrie C.,46,8.0,2.75,1.44,2.73,1.52,2.75,1.54
2022-10-01,Tel Aviv Open,Semifinals,Hard,Cilic M.,Lestienne C.,16,68.0,1.28,3.75,1.29,3.96,1.32,3.96
2022-10-01,Tel Aviv Open,Semifinals,Hard,Djokovic N.,Safiullin R.,7,104.0,1.06,10.0,1.08,10.13,1.1,10.13
2022-10-01,Sofia Open,Semifinals,Hard,Rune H.,Sinner J.,31,10.0,3.75,1.28,3.75,1.32,4.0,1.32
2022-10-01,Sofia Open,Semifinals,Hard,Huesler M.A.,Musetti L.,95,30.0,2.37,1.57,2.52,1.65,2.52,1.65
2022-10-01,Korea Open,Semifinals,Hard,Nishioka Y.,Kovacevic A.,56,222.0,1.25,4.0,1.27,3.9,1.3,4.59
2022-10-01,Korea Open,Semifinals,Hard,Shapovalov D.,Brooksby J.,24,46.0,1.66,2.2,1.67,2.35,1.73,2.35
2022-10-02,Tel Aviv Open,The Final,Hard,Djokovic N.,Cilic M.,7,16.0,1.25,4.0,1.2,5.23,1.27,5.23
2022-10-02,Sofia Open,The Final,Hard,Huesler M.A.,Rune H.,95,31.0,2.62,1.5,2.68,1.53,2.81,1.54
2022-10-02,Korea Open,The Final,Hard,Nishioka Y.,Shapovalov D.,56,24.0,2.5,1.53,2.47,1.61,2.52,1.63
2022-10-03,Rakuten Japan Open Tennis Championships,1st Round,Hard,Zapata Miralles B.,Daniel T.,80,95.0,2.5,1.53,2.54,1.57,2.88,1.57
2022-10-03,Rakuten Japan Open Tennis Championships,1st Round,Hard,Tiafoe F.,Uchiyama Y.,19,314.0,1.1,7.0,1.1,8.83,1.13,8.83
2022-10-03,Rakuten Japan Open Tennis Championships,1st Round,Hard,Nakashima B.,Mochizuki S.,47,401.0,1.11,6.5,1.09,9.01,1.12,9.01
2022-10-03,Astana Open,1st Round,Hard,Rublev A.,Djere L.,9,76.0,1.28,3.75,1.3,3.85,1.3,3.85
2022-10-03,Rakuten Japan Open Tennis Championships,1st Round,Hard,Martinez P.,Popyrin A.,68,93.0,2.1,1.72,2.16,1.77,2.16,1.95
2022-10-03,Astana Open,1st Round,Hard,Hurkacz H.,Cerundolo F.,10,29.0,1.22,4.33,1.23,4.65,1.25,4.65
2022-10-03,Astana Open,1st Round,Hard,Zhang Zh.,Karatsev A.,126,39.0,2.0,1.8,2.09,1.81,2.09,1.95
2022-10-03,Astana Open,1st Round,Hard,Mannarino A.,Wawrinka S.,51,191.0,2.1,1.72,2.05,1.85,2.14,1.9
2022-10-03,Astana Open,1st Round,Hard,Van De Zandschulp B.,Zhukayev B.,34,327.0,1.08,8.0,1.1,8.8,1.12,9.0
2022-10-03,Astana Open,1st Round,Hard,Bautista Agut R.,Auger-Aliassime F.,21,13.0,2.75,1.44,2.94,1.44,3.03,1.53
2022-10-04,Rakuten Japan Open Tennis Championships,1st Round,Hard,Majchrzak K.,Shimabukuro S.,121,353.0,1.44,2.75,1.44,2.97,1.44,3.28
2022-10-04,Rakuten Japan Open Tennis Championships,1st Round,Hard,Kyrgios N.,Tseng C. H.,20,87.0,1.08,8.0,1.1,8.64,1.1,8.67
2022-10-04,Rakuten Japan Open Tennis Championships,1st Round,Hard,Munar J.,Ruud C.,58,3.0,4.5,1.2,5.77,1.17,5.77,1.2
2022-10-04,Rakuten Japan Open Tennis Championships,1st Round,Hard,Evans D.,Albot R.,25,86.0,1.3,3.5,1.34,3.53,1.34,3.75
2022-10-04,Rakuten Japan Open Tennis Championships,1st Round,Hard,Coric B.,Kokkinakis T.,28,91.0,1.44,2.75,1.46,2.91,1.53,3.1
2022-10-04,Rakuten Japan Open Tennis Championships,1st Round,Hard,Kwon S.W.,De Minaur A.,120,23.0,4.33,1.22,4.24,1.26,4.34,1.29
2022-10-04,Rakuten Japan Open Tennis Championships,1st Round,Hard,Mcdonald M.,Uchida K.,78,155.0,1.16,5.0,1.2,5.04,1.2,5.2
2022-10-04,Rakuten Japan Open Tennis Championships,1st Round,Hard,Noguchi R.,Ramanathan R.,291,297.0,1.9,1.9,1.94,1.94,1.95,1.95
2022-10-04,Rakuten Japan Open Tennis Championships,1st Round,Hard,Moriya H.,Shimizu Y.,253,451.0,2.2,1.66,2.19,1.73,2.3,1.73
2022-10-04,Astana Open,1st Round,Hard,Khachanov K.,Cressy M.,18,32.0,1.66,2.2,1.73,2.22,1.73,2.32
2022-10-04,Astana Open,1st Round,Hard,Tsitsipas S.,Kukushkin M.,6,221.0,1.1,7.0,1.09,8.94,1.11,8.94
2022-10-04,Astana Open,1st Round,Hard,Nardi L.,Shevchenko A.,152,146.0,1.57,2.37,1.65,2.36,1.67,2.42
2022-10-04,Astana Open,1st Round,Hard,Goffin D.,Alcaraz C.,66,1.0,6.0,1.12,7.15,1.13,7.15,1.16
2022-10-04,Astana Open,1st Round,Hard,Bublik A.,Griekspoor T.,43,54.0,1.4,3.0,1.45,2.94,1.47,3.1
2022-10-04,Astana Open,1st Round,Hard,Medvedev D.,Ramos-Vinolas A.,4,40.0,1.06,10.0,1.08,10.1,1.08,11.0
2022-10-04,Astana Open,1st Round,Hard,Kotov P.,Davidovich Fokina A.,103,31.0,3.4,1.33,3.18,1.4,3.4,1.4
2022-10-05,Astana Open,1st Round,Hard,Cilic M.,Otte O.,14,55.0,1.3,3.5,1.29,3.93,1.34,3.93
2022-10-05,Astana Open,1st Round,Hard,Ruusuvuori E.,Huesler M.A.,53,64.0,1.53,2.5,1.58,2.52,1.58,2.7
2022-10-05,Astana Open,1st Round,Hard,Djokovic N.,Garin C.,7,81.0,1.05,11.0,1.05,14.79,1.07,14.79
2022-10-05,Astana Open,2nd Round,Hard,Rublev A.,Zhang Zh.,9,126.0,1.16,5.0,1.16,6.08,1.2,6.08
2022-10-05,Astana Open,2nd Round,Hard,Mannarino A.,Goffin D.,51,66.0,2.2,1.66,2.25,1.72,2.46,1.78
2022-10-05,Astana Open,2nd Round,Hard,Tsitsipas S.,Nardi L.,6,152.0,1.16,5.0,1.18,5.66,1.19,5.66
2022-10-05,Rakuten Japan Open Tennis Championships,1st Round,Hard,Fritz T.,Duckworth J.,11,109.0,1.25,4.0,1.29,3.94,1.33,4.8
2022-10-05,Rakuten Japan Open Tennis Championships,2nd Round,Hard,Kwon S.W.,Mcdonald M.,120,78.0,1.61,2.3,1.72,2.26,1.73,2.36
2022-10-05,Rakuten Japan Open Tennis Championships,2nd Round,Hard,Martinez P.,Munar J.,68,58.0,2.75,1.44,2.46,1.62,2.8,1.62
2022-10-05,Astana Open,2nd Round,Hard,Bautista Agut R.,Kotov P.,21,103.0,1.22,4.33,1.25,4.49,1.27,4.72
2022-10-05,Rakuten Japan Open Tennis Championships,1st Round,Hard,Shapovalov D.,Johnson S.,22,112.0,1.22,4.33,1.25,4.34,1.27,4.85
2022-10-05,Rakuten Japan Open Tennis Championships,1st Round,Hard,Kecmanovic M.,Nishioka Y.,33,41.0,2.1,1.72,2.03,1.87,2.3,1.87
2022-10-06,Rakuten Japan Open Tennis Championships,2nd Round,Hard,Tiafoe F.,Zapata Miralles B.,19,80.0,1.25,4.0,1.26,4.29,1.29,4.4
2022-10-06,Rakuten Japan Open Tennis Championships,2nd Round,Hard,Kecmanovic M.,Evans D.,33,25.0,2.0,1.8,2.11,1.81,2.11,1.89
2022-10-06,Rakuten Japan Open Tennis Championships,2nd Round,Hard,Kyrgios N.,Majchrzak K.,20,121.0,1.07,9.0,1.09,9.39,1.11,9.39
2022-10-06,Rakuten Japan Open Tennis Championships,2nd Round,Hard,Coric B.,Nakashima B.,28,47.0,1.9,1.9,1.93,1.97,1.93,2.0
2022-10-06,Rakuten Japan Open Tennis Championships,2nd Round,Hard,Fritz T.,Moriya H.,11,253.0,1.07,9.0,1.09,9.58,1.1,9.58
2022-10-06,Rakuten Japan Open Tennis Championships,2nd Round,Hard,Shapovalov D.,Noguchi R.,22,291.0,1.08,8.0,1.08,11.09,1.08,10.0
2022-10-06,Astana Open,2nd Round,Hard,Khachanov K.,Cilic M.,18,14.0,1.8,2.0,1.84,2.08,1.85,2.24
2022-10-06,Astana Open,2nd Round,Hard,Hurkacz H.,Bublik A.,10,43.0,1.57,2.37,1.6,2.52,1.6,2.52
2022-10-06,Astana Open,2nd Round,Hard,Medvedev D.,Ruusuvuori E.,4,53.0,1.16,5.0,1.25,4.41,1.25,5.0
2022-10-06,Astana Open,2nd Round,Hard,Djokovic N.,Van De Zandschulp B.,7,34.0,1.08,8.0,1.11,8.17,1.13,8.5
2022-10-07,Astana Open,Quarterfinals,Hard,Djokovic N.,Khachanov K.,7,18.0,1.12,6.0,1.14,6.79,1.15,7.0
2022-10-07,Astana Open,Quarterfinals,Hard,Tsitsipas S.,Hurkacz H.,6,10.0,1.72,2.1,1.8,2.13,1.83,2.31
2022-10-07,Astana Open,Quarterfinals,Hard,Rublev A.,Mannarino A.,9,51.0,1.22,4.33,1.28,4.1,1.29,4.8
2022-10-07,Rakuten Japan Open Tennis Championships,Quarterfinals,Hard,Tiafoe F.,Kecmanovic M.,19,33.0,1.5,2.62,1.59,2.52,1.59,2.65
2022-10-07,Rakuten Japan Open Tennis Championships,Quarterfinals,Hard,Kwon S.W.,Martinez P.,120,68.0,1.4,3.0,1.45,2.97,1.48,3.05
2022-10-07,Rakuten Japan Open Tennis Championships,Quarterfinals,Hard,Fritz T.,Kyrgios N.,11,20.0,2.62,1.5,2.67,1.54,2.75,1.55
2022-10-07,Rakuten Japan Open Tennis Championships,Quarterfinals,Hard,Shapovalov D.,Coric B.,22,28.0,2.2,1.66,2.32,1.68,2.34,1.73
2022-10-07,Astana Open,Quarterfinals,Hard,Medvedev D.,Bautista Agut R.,4,21.0,1.4,3.0,1.42,3.11,1.43,3.11
2022-10-08,Astana Open,Semifinals,Hard,Tsitsipas S.,Rublev A.,6,9.0,1.8,2.0,1.89,2.02,1.9,2.13
2022-10-08,Rakuten Japan Open Tennis Championships,Semifinals,Hard,Tiafoe F.,Kwon S.W.,19,120.0,1.3,3.5,1.37,3.39,1.4,3.7
2022-10-08,Astana Open,Semifinals,Hard,Djokovic N.,Medvedev D.,7,4.0,1.5,2.62,1.54,2.68,1.57,2.68
2022-10-08,Rakuten Japan Open Tennis Championships,Semifinals,Hard,Fritz T.,Shapovalov D.,11,22.0,2.1,1.72,2.1,1.82,2.25,1.82
2022-10-09,Rakuten Japan Open Tennis Championships,The Final,Hard,Fritz T.,Tiafoe F.,11,19.0,1.72,2.1,1.74,2.22,1.76,2.27
2022-10-09,Astana Open,The Final,Hard,Djokovic N.,Tsitsipas S.,7,6.0,1.25,4.0,1.26,4.33,1.29,4.33
2022-10-10,Gijon Open,1st Round,Hard,Rinderknech A.,Taberner C.,56,130.0,1.25,4.0,1.28,4.05,1.29,4.25
2022-10-10,Gijon Open,1st Round,Hard,Thiem D.,Sousa J.,165,64.0,1.25,4.0,1.27,4.15,1.28,4.25
2022-10-10,Gijon Open,1st Round,Hard,Paul T.,Landaluce M.,30,,1.05,11.0,1.06,12.01,1.08,12.01
2022-10-10,Gijon Open,1st Round,Hard,Lestienne C.,Baez S.,63,35.0,1.53,2.5,1.63,2.42,1.73,2.65
2022-10-10,Firenze Open,1st Round,Hard,Moutet C.,Cobolli F.,69,164.0,1.44,2.75,1.43,3.01,1.52,3.01
2022-10-10,Gijon Open,1st Round,Hard,Monteiro T.,Bonzi B.,65,67.0,3.2,1.36,3.53,1.34,3.85,1.36
2022-10-10,Firenze Open,1st Round,Hard,Karatsev A.,Griekspoor T.,39,54.0,2.37,1.57,2.35,1.66,2.4,1.72
2022-10-10,Firenze Open,1st Round,Hard,Carballes Baena R.,Galan D.E.,80,71.0,2.3,1.61,2.55,1.57,2.55,1.65
2022-10-10,Firenze Open,1st Round,Hard,Wolf J.J.,Maestrelli F.,75,186.0,1.36,3.2,1.39,3.23,1.4,3.23
2022-10-10,Firenze Open,1st Round,Hard,Celikbilek A.,Zeppieri G.,230,170.0,1.72,2.1,1.7,2.27,1.73,2.27
2022-10-11,Gijon Open,1st Round,Hard,Guinard M.,Fognini F.,153,59.0,2.75,1.44,2.87,1.47,2.95,1.5
2022-10-11,Gijon Open,1st Round,Hard,Alvarez Varona N.,Trungelliti M.,231,241.0,2.3,1.61,2.3,1.68,2.43,1.68
2022-10-11,Gijon Open,1st Round,Hard,Giron M.,Ramos-Vinolas A.,62,40.0,1.53,2.5,1.58,2.52,1.58,2.7
2022-10-11,Gijon Open,1st Round,Hard,Murray A.,Davidovich Fokina A.,48,31.0,1.72,2.1,1.73,2.22,1.81,2.22
2022-10-11,Gijon Open,1st Round,Hard,Ivashka I.,Lopez F.,70,415.0,1.11,6.5,1.12,7.69,1.12,7.69
2022-10-11,Firenze Open,1st Round,Hard,Ymer M.,Van Rijthoven T.,99,116.0,1.72,2.1,1.7,2.27,1.83,2.27
2022-10-11,Firenze Open,1st Round,Hard,Passaro F.,Zhang Zh.,126,110.0,2.5,1.53,2.87,1.47,2.9,1.58
2022-10-11,Firenze Open,1st Round,Hard,Nakashima B.,Gasquet R.,46,83.0,1.44,2.75,1.51,2.72,1.51,2.8
2022-10-11,Firenze Open,1st Round,Hard,Zapata Miralles B.,Sonego L.,74,51.0,3.75,1.28,4.3,1.26,4.3,1.3
2022-10-11,Firenze Open,1st Round,Hard,Otte O.,Fucsovics M.,55,91.0,1.72,2.1,1.81,2.12,1.81,2.16
2022-10-11,Firenze Open,1st Round,Hard,Bublik A.,Garin C.,43,81.0,1.25,4.0,1.29,3.94,1.31,4.0
2022-10-12,Gijon Open,1st Round,Hard,Cachin P.,Vatutin A.,61,279.0,1.53,2.5,1.7,2.26,1.71,2.5
2022-10-12,Gijon Open,2nd Round,Hard,Paul T.,Alvarez Varona N.,30,231.0,1.08,8.0,1.1,8.89,1.1,9.5
2022-10-12,Gijon Open,2nd Round,Hard,Carreno Busta P.,Monteiro T.,15,65.0,1.12,6.0,1.19,5.18,1.21,6.0
2022-10-12,Gijon Open,2nd Round,Hard,Thiem D.,Giron M.,165,62.0,1.4,3.0,1.53,2.7,1.53,3.0
2022-10-12,Gijon Open,2nd Round,Hard,Rinderknech A.,Lestienne C.,56,63.0,1.8,2.0,1.97,1.93,2.0,2.02
2022-10-12,Gijon Open,1st Round,Hard,Korda S.,Munar J.,47,57.0,1.44,2.75,1.42,3.06,1.46,3.06
2022-10-12,Firenze Open,2nd Round,Hard,Carballes Baena R.,Berrettini M.,80,16.0,8.0,1.08,8.46,1.11,8.01,1.14
2022-10-12,Firenze Open,2nd Round,Hard,Bublik A.,Moutet C.,43,69.0,1.4,3.0,1.44,3.02,1.5,3.02
2022-10-12,Firenze Open,1st Round,Hard,Mcdonald M.,Brooksby J.,79,42.0,2.75,1.44,3.0,1.44,3.0,1.47
2022-10-12,Firenze Open,2nd Round,Hard,Ymer M.,Karatsev A.,99,39.0,1.53,2.5,1.55,2.64,1.6,2.75
2022-10-12,Firenze Open,2nd Round,Hard,Wolf J.J.,Cressy M.,75,33.0,2.3,1.61,2.3,1.69,2.43,1.69
2022-10-13,Gijon Open,2nd Round,Hard,Korda S.,Bautista Agut R.,47,22.0,2.0,1.8,2.02,1.9,2.05,1.91
2022-10-13,Gijon Open,2nd Round,Hard,Rublev A.,Ivashka I.,9,70.0,1.3,3.5,1.33,3.65,1.36,3.65
2022-10-13,Gijon Open,2nd Round,Hard,Murray A.,Cachin P.,48,61.0,1.22,4.33,1.23,4.78,1.24,5.2
2022-10-13,Gijon Open,2nd Round,Hard,Cerundolo F.,Guinard M.,29,153.0,1.44,2.75,1.48,2.87,1.5,3.2
2022-10-13,Firenze Open,2nd Round,Hard,Mcdonald M.,Passaro F.,79,126.0,1.3,3.5,1.32,3.72,1.37,3.72
2022-10-13,Firenze Open,2nd Round,Hard,Nakashima B.,Celikbilek A.,46,230.0,1.14,5.5,1.14,6.78,1.18,6.78
2022-10-13,Firenze Open,2nd Round,Hard,Musetti L.,Zapata Miralles B.,28,74.0,1.44,2.75,1.53,2.71,1.53,2.88
2022-10-13,Firenze Open,2nd Round,Hard,Auger-Aliassime F.,Otte O.,13,55.0,1.2,4.5,1.23,4.79,1.25,5.15
2022-10-14,Gijon Open,Quarterfinals,Hard,Rublev A.,Paul T.,9,30.0,1.44,2.75,1.42,3.11,1.5,3.57
2022-10-14,Gijon Open,Quarterfinals,Hard,Korda S.,Murray A.,47,48.0,1.53,2.5,1.55,2.63,1.57,2.73
2022-10-14,Firenze Open,Quarterfinals,Hard,Ymer M.,Carballes Baena R.,99,80.0,1.5,2.62,1.45,2.94,1.5,2.97
2022-10-14,Firenze Open,Quarterfinals,Hard,Wolf J.J.,Bublik A.,75,43.0,2.62,1.5,2.69,1.53,2.75,1.57
2022-10-14,Firenze Open,Quarterfinals,Hard,Musetti L.,Mcdonald M.,28,79.0,1.44,2.75,1.52,2.72,1.55,2.93
2022-10-14,Firenze Open,Quarterfinals,Hard,Auger-Aliassime F.,Nakashima B.,13,46.0,1.53,2.5,1.63,2.44,1.63,2.6
2022-10-14,Gijon Open,Quarterfinals,Hard,Thiem D.,Cerundolo F.,165,29.0,1.4,3.0,1.41,3.18,1.44,3.21
2022-10-14,Gijon Open,Quarterfinals,Hard,Rinderknech A.,Carreno Busta P.,56,15.0,3.4,1.33,3.48,1.36,3.6,1.36
2022-10-15,Gijon Open,Semifinals,Hard,Korda S.,Rinderknech A.,47,56.0,1.4,3.0,1.45,2.98,1.47,3.08
2022-10-15,Gijon Open,Semifinals,Hard,Rublev A.,Thiem D.,9,165.0,1.3,3.5,1.32,3.73,1.4,3.73
2022-10-15,Firenze Open,Semifinals,Hard,Auger-Aliassime F.,Musetti L.,13,28.0,1.44,2.75,1.52,2.74,1.52,2.88
2022-10-15,Firenze Open,Semifinals,Hard,Wolf J.J.,Ymer M.,75,99.0,2.37,1.57,2.33,1.63,2.49,1.63
2022-10-16,Gijon Open,The Final,Hard,Rublev A.,Korda S.,9,47.0,1.4,3.0,1.46,2.94,1.48,3.15
2022-10-16,Firenze Open,The Final,Hard,Auger-Aliassime F.,Wolf J.J.,13,75.0,1.2,4.5,1.25,4.43,1.26,4.54
2022-10-17,Stockholm Open,1st Round,Hard,Rune H.,Monteiro T.,27,61.0,1.28,3.75,1.23,4.62,1.3,4.9
2022-10-17,European Open,1st Round,Hard,Draper J.,Brooksby J.,48,41.0,2.0,1.8,2.16,1.77,2.2,1.88
2022-10-17,European Open,1st Round,Hard,Evans D.,Griekspoor T.,26,68.0,1.36,3.2,1.33,3.61,1.38,3.64
2022-10-17,European Open,1st Round,Hard,Gasquet R.,Wawrinka S.,82,193.0,2.5,1.53,2.59,1.56,2.83,1.61
2022-10-17,Stockholm Open,1st Round,Hard,Garin C.,Kubler J.,89,102.0,2.37,1.57,2.37,1.65,2.58,1.71
2022-10-17,Stockholm Open,1st Round,Hard,Karatsev A.,Rosol L.,45,226.0,1.44,2.75,1.53,2.67,1.56,2.79
2022-10-17,Stockholm Open,1st Round,Hard,Cressy M.,Ivashka I.,33,70.0,2.5,1.53,2.43,1.62,2.61,1.62
2022-10-18,Stockholm Open,1st Round,Hard,Ruusuvuori E.,Sousa J.,52,67.0,1.2,4.5,1.24,4.48,1.25,4.66
2022-10-18,Napoli Cup,1st Round,Hard,Galan D.E.,Zapata Miralles B.,72,75.0,2.0,1.8,2.13,1.79,2.13,1.85
2022-10-18,Napoli Cup,1st Round,Hard,Kecmanovic M.,Cobolli F.,30,167.0,1.25,4.0,1.22,4.77,1.3,4.77
2022-10-18,Napoli Cup,1st Round,Hard,Borges N.,Ramos-Vinolas A.,94,40.0,2.0,1.8,1.93,1.96,2.17,1.97
2022-10-18,Napoli Cup,1st Round,Hard,Cachin P.,Mannarino A.,57,42.0,3.0,1.4,3.03,1.43,3.16,1.44
2022-10-18,Stockholm Open,1st Round,Hard,Paul T.,Borg L.,31,577.0,1.005,29.0,1.02,28.25,1.02,41.0
2022-10-18,Stockholm Open,1st Round,Hard,Lehecka J.,Dimitrov G.,77,32.0,3.75,1.28,3.94,1.29,3.95,1.31
2022-10-18,Stockholm Open,1st Round,Hard,De Minaur A.,Bonzi B.,23,63.0,1.36,3.2,1.4,3.18,1.46,3.32
2022-10-18,Napoli Cup,1st Round,Hard,Daniel T.,Martinez P.,95,59.0,1.72,2.1,1.74,2.21,1.75,2.21
2022-10-18,Stockholm Open,1st Round,Hard,Ymer M.,Halys Q.,79,66.0,1.36,3.2,1.42,3.09,1.42,3.2
2022-10-18,European Open,1st Round,Hard,Goffin D.,Bailly G.,58,1185.0,1.05,11.0,1.06,12.38,1.1,13.0
2022-10-18,European Open,1st Round,Hard,Cerundolo F.,Huesler M.A.,28,62.0,2.2,1.66,2.29,1.69,2.3,1.72
2022-10-18,European Open,1st Round,Hard,Stricker D.,Van De Zandschulp B.,136,34.0,3.5,1.3,3.68,1.32,3.75,1.33
2022-10-18,European Open,1st Round,Hard,Nishioka Y.,Van Assche L.,39,241.0,1.2,4.5,1.22,4.82,1.22,4.82
2022-10-18,European Open,1st Round,Hard,Munar J.,Van Rijthoven T.,55,113.0,2.2,1.66,2.28,1.69,2.34,1.7
2022-10-18,European Open,1st Round,Hard,Lestienne C.,De Jong J.,69,225.0,1.4,3.0,1.43,3.01,1.44,3.13
2022-10-18,Stockholm Open,1st Round,Hard,Bellier A.,Shevchenko A.,192,149.0,2.37,1.57,2.5,1.59,2.55,1.6
2022-10-19,Napoli Cup,1st Round,Hard,Moutet C.,Nardi L.,65,130.0,1.72,2.1,1.91,1.98,1.97,2.15
2022-10-19,Napoli Cup,1st Round,Hard,Baez S.,Sonego L.,37,50.0,3.5,1.3,3.86,1.32,3.86,1.33
2022-10-19,Napoli Cup,1st Round,Hard,Carballes Baena R.,Jarry N.,76,118.0,1.8,2.0,1.95,1.93,2.0,2.02
2022-10-19,Stockholm Open,2nd Round,Hard,Rune H.,Garin C.,27,89.0,1.33,3.4,1.29,3.98,1.33,3.98
2022-10-19,European Open,1st Round,Hard,Guinard M.,Blancaneaux G.,148,147.0,1.9,1.9,1.68,2.3,1.91,2.3
2022-10-19,Stockholm Open,1st Round,Hard,Ymer E.,Otte O.,129,54.0,2.5,1.53,2.46,1.61,2.51,1.61
2022-10-19,Stockholm Open,2nd Round,Hard,Norrie C.,Karatsev A.,14,45.0,1.36,3.2,1.46,2.93,1.46,3.38
2022-10-19,Stockholm Open,2nd Round,Hard,Shapovalov D.,Bellier A.,20,192.0,1.11,6.5,1.15,6.76,1.16,6.76
2022-10-19,Stockholm Open,2nd Round,Hard,Tsitsipas S.,Cressy M.,5,33.0,1.28,3.75,1.28,4.07,1.28,4.15
2022-10-19,European Open,2nd Round,Hard,Hurkacz H.,Draper J.,11,48.0,1.66,2.2,1.78,2.17,1.78,2.22
2022-10-19,European Open,2nd Round,Hard,Nishioka Y.,Munar J.,39,55.0,1.57,2.37,1.56,2.6,1.66,2.6
2022-10-19,European Open,2nd Round,Hard,Gasquet R.,Stricker D.,82,136.0,1.9,1.9,2.0,1.91,2.0,1.95
2022-10-19,European Open,2nd Round,Hard,Evans D.,Lestienne C.,26,69.0,1.36,3.2,1.36,3.46,1.38,3.46
2022-10-19,European Open,1st Round,Hard,Thiem D.,Geerts M.,132,268.0,1.12,6.0,1.11,8.23,1.13,8.23
2022-10-19,European Open,1st Round,Hard,Korda S.,Giron M.,36,60.0,1.44,2.75,1.52,2.69,1.52,2.77
2022-10-19,Stockholm Open,1st Round,Hard,Wolf J.J.,Molcan A.,56,47.0,1.61,2.3,1.54,2.64,1.62,2.64
2022-10-20,Napoli Cup,2nd Round,Hard,Kecmanovic M.,Moutet C.,30,65.0,1.36,3.2,1.38,3.31,1.38,3.31
2022-10-20,Stockholm Open,2nd Round,Hard,De Minaur A.,Wolf J.J.,23,56.0,1.4,3.0,1.49,2.85,1.49,3.04
2022-10-20,Stockholm Open,2nd Round,Hard,Ruusuvuori E.,Lehecka J.,52,77.0,1.33,3.4,1.39,3.29,1.39,3.4
2022-10-20,Stockholm Open,2nd Round,Hard,Ymer M.,Paul T.,79,31.0,2.0,1.8,1.94,1.96,2.09,1.96
2022-10-20,Stockholm Open,2nd Round,Hard,Tiafoe F.,Ymer E.,17,129.0,1.22,4.33,1.2,5.28,1.23,5.34
2022-10-20,Napoli Cup,2nd Round,Hard,Musetti L.,Djere L.,24,78.0,1.5,2.62,1.51,2.74,1.54,2.74
2022-10-20,Napoli Cup,2nd Round,Hard,Berrettini M.,Carballes Baena R.,16,76.0,1.14,5.5,1.19,5.5,1.21,5.55
2022-10-20,European Open,2nd Round,Hard,Auger-Aliassime F.,Guinard M.,10,148.0,1.11,6.5,1.09,9.65,1.11,9.65
2022-10-20,Napoli Cup,1st Round,Hard,Mcdonald M.,Passaro F.,74,124.0,1.3,3.5,1.35,3.46,1.36,3.6
2022-10-20,Napoli Cup,2nd Round,Hard,Galan D.E.,Borges N.,72,94.0,2.0,1.8,2.05,1.86,2.15,1.86
2022-10-20,European Open,2nd Round,Hard,Korda S.,Khachanov K.,36,18.0,2.1,1.72,2.14,1.79,2.2,1.79
2022-10-20,European Open,2nd Round,Hard,Thiem D.,Cerundolo F.,132,28.0,1.36,3.2,1.37,3.42,1.38,3.42
2022-10-20,European Open,2nd Round,Hard,Goffin D.,Schwartzman D.,58,19.0,1.9,1.9,1.91,2.0,1.98,2.0
2022-10-20,Napoli Cup,2nd Round,Hard,Mcdonald M.,Bautista Agut R.,74,22.0,3.0,1.4,3.24,1.39,3.24,1.46
2022-10-20,Napoli Cup,1st Round,Hard,Zhang Zh.,Fucsovics M.,109,91.0,2.0,1.8,1.96,1.93,2.08,1.95
2022-10-20,Napoli Cup,2nd Round,Hard,Zhang Zh.,Baez S.,109,37.0,2.1,1.72,2.1,1.81,2.15,1.85
2022-10-20,Napoli Cup,2nd Round,Hard,Daniel T.,Cachin P.,95,57.0,1.66,2.2,1.79,2.14,1.86,2.25
2022-10-20,Napoli Cup,1st Round,Hard,Djere L.,Gojo B.,78,184.0,1.66,2.2,1.78,2.14,1.81,2.25
2022-10-20,Napoli Cup,1st Round,Hard,Fognini F.,Grenier H.,64,116.0,1.9,1.9,1.98,1.91,1.98,1.92
2022-10-21,European Open,Quarterfinals,Hard,Korda S.,Nishioka Y.,36,39.0,1.44,2.75,1.44,3.02,1.51,3.06
2022-10-21,Napoli Cup,2nd Round,Hard,Carreno Busta P.,Fognini F.,15,64.0,1.3,3.5,1.25,4.35,1.08,8.1
2022-10-21,Stockholm Open,Quarterfinals,Hard,De Minaur A.,Shapovalov D.,23,20.0,1.9,1.9,1.93,1.97,2.0,2.03
2022-10-21,Stockholm Open,Quarterfinals,Hard,Rune H.,Norrie C.,27,14.0,2.2,1.66,2.28,1.7,2.42,1.77
2022-10-21,Stockholm Open,Quarterfinals,Hard,Tsitsipas S.,Ymer M.,5,79.0,1.25,4.0,1.26,4.3,1.27,4.7
2022-10-21,European Open,Quarterfinals,Hard,Thiem D.,Hurkacz H.,132,11.0,2.75,1.44,2.88,1.45,3.24,1.47
2022-10-21,European Open,Quarterfinals,Hard,Gasquet R.,Goffin D.,82,58.0,2.37,1.57,2.42,1.64,2.81,1.64
2022-10-21,Stockholm Open,Quarterfinals,Hard,Ruusuvuori E.,Tiafoe F.,52,17.0,2.0,1.8,2.06,1.85,2.16,1.86
2022-10-21,Napoli Cup,Quarterfinals,Hard,Musetti L.,Galan D.E.,24,72.0,1.3,3.5,1.29,4.02,1.34,4.02
2022-10-21,Napoli Cup,Quarterfinals,Hard,Berrettini M.,Daniel T.,16,95.0,1.12,6.0,1.14,6.91,1.15,6.91
2022-10-21,Napoli Cup,Quarterfinals,Hard,Mcdonald M.,Zhang Zh.,74,109.0,1.53,2.5,1.56,2.62,1.57,2.62
2022-10-21,Napoli Cup,Quarterfinals,Hard,Kecmanovic M.,Carreno Busta P.,30,15.0,2.37,1.57,2.48,1.6,2.6,1.63
2022-10-21,European Open,Quarterfinals,Hard,Auger-Aliassime F.,Evans D.,10,26.0,1.36,3.2,1.4,3.24,1.42,3.5
2022-10-22,Napoli Cup,Semifinals,Hard,Berrettini M.,Mcdonald M.,16,74.0,1.16,5.0,1.2,5.23,1.2,5.23
2022-10-22,European Open,Semifinals,Hard,Auger-Aliassime F.,Gasquet R.,10,82.0,1.16,5.0,1.2,5.29,1.2,6.0
2022-10-22,Stockholm Open,Semifinals,Hard,Rune H.,De Minaur A.,27,23.0,2.2,1.66,2.42,1.64,2.42,1.67
2022-10-22,Stockholm Open,Semifinals,Hard,Tsitsipas S.,Ruusuvuori E.,5,52.0,1.36,3.2,1.39,3.3,1.4,3.43
2022-10-22,Napoli Cup,Semifinals,Hard,Musetti L.,Kecmanovic M.,24,30.0,1.8,2.0,1.91,2.0,1.95,2.05
2022-10-22,European Open,Semifinals,Hard,Korda S.,Thiem D.,36,132.0,1.61,2.3,1.53,2.69,1.72,2.45
2022-10-23,Napoli Cup,The Final,Hard,Musetti L.,Berrettini M.,24,16.0,1.9,1.9,1.79,2.15,2.0,2.15
2022-10-23,European Open,The Final,Hard,Auger-Aliassime F.,Korda S.,10,36.0,1.53,2.5,1.56,2.61,1.57,2.65
2022-10-23,Stockholm Open,The Final,Hard,Rune H.,Tsitsipas S.,27,5.0,3.2,1.36,3.35,1.38,3.38,1.4
2022-10-24,Vienna Open,1st Round,Hard,Rublev A.,Schwartzman D.,8,21.0,1.12,6.0,1.12,7.56,1.16,7.56
2022-10-24,Vienna Open,1st Round,Hard,Fritz T.,Nishioka Y.,10,37.0,1.33,3.4,1.35,3.44,1.46,3.45
2022-10-24,Vienna Open,1st Round,Hard,Cerundolo F.,Misolic F.,29,150.0,1.36,3.2,1.41,3.12,1.41,3.74
2022-10-24,Vienna Open,1st Round,Hard,Khachanov K.,Wolf J.J.,18,56.0,1.44,2.75,1.51,2.73,1.51,2.9
2022-10-24,Vienna Open,1st Round,Hard,Coric B.,Halys Q.,27,69.0,1.44,2.75,1.4,3.16,1.47,3.16
2022-10-24,Swiss Indoors,1st Round,Hard,Nakashima B.,Goffin D.,44,53.0,1.5,2.62,1.49,2.8,1.54,2.83
2022-10-24,Swiss Indoors,1st Round,Hard,Alcaraz C.,Draper J.,1,45.0,1.4,3.0,1.34,3.55,1.42,3.55
2022-10-24,Swiss Indoors,1st Round,Hard,Bublik A.,Karatsev A.,38,60.0,1.44,2.75,1.47,2.87,1.47,3.16
2022-10-24,Swiss Indoors,1st Round,Hard,Rinderknech A.,Cilic M.,51,16.0,3.4,1.33,3.56,1.34,3.56,1.36
2022-10-25,Swiss Indoors,1st Round,Hard,Carreno Busta P.,Baez S.,15,39.0,1.2,4.5,1.23,4.59,1.23,4.59
2022-10-25,Vienna Open,1st Round,Hard,Evans D.,Otte O.,26,54.0,1.44,2.75,1.45,2.93,1.47,2.93
2022-10-25,Vienna Open,1st Round,Hard,Dimitrov G.,Monteiro T.,32,66.0,1.36,3.2,1.4,3.15,1.4,3.5
2022-10-25,Vienna Open,1st Round,Hard,Ruusuvuori E.,Sonego L.,43,48.0,1.61,2.3,1.65,2.37,1.65,2.4
2022-10-25,Vienna Open,1st Round,Hard,Shapovalov D.,Rodionov J.,19,130.0,1.22,4.33,1.23,4.65,1.23,4.8
2022-10-25,Vienna Open,1st Round,Hard,Thiem D.,Paul T.,113,30.0,1.57,2.37,1.59,2.5,1.7,2.58
2022-10-25,Vienna Open,1st Round,Hard,Norrie C.,Cachin P.,13,55.0,1.14,5.5,1.18,5.47,1.19,5.8
2022-10-25,Vienna Open,1st Round,Hard,Hurkacz H.,Tiafoe F.,11,17.0,1.57,2.37,1.63,2.41,1.63,2.5
2022-10-25,Swiss Indoors,1st Round,Hard,Van De Zandschulp B.,Mannarino A.,35,42.0,1.57,2.37,1.71,2.24,1.76,2.4
2022-10-25,Swiss Indoors,1st Round,Hard,Kecmanovic M.,Davidovich Fokina A.,28,31.0,1.53,2.5,1.53,2.67,1.57,2.79
2022-10-25,Swiss Indoors,1st Round,Hard,Bautista Agut R.,Djere L.,22,75.0,1.33,3.4,1.32,3.7,1.33,3.8
2022-10-25,Swiss Indoors,1st Round,Hard,Wawrinka S.,Ruud C.,194,3.0,2.75,1.44,2.71,1.54,2.8,1.54
2022-10-25,Swiss Indoors,1st Round,Hard,Stricker D.,Cressy M.,129,34.0,2.37,1.57,2.42,1.62,2.52,1.62
2022-10-25,Swiss Indoors,1st Round,Hard,Murray A.,Safiullin R.,49,93.0,1.66,2.2,1.82,2.09,1.82,2.35
2022-10-25,Swiss Indoors,1st Round,Hard,Molcan A.,Mcdonald M.,46,65.0,2.3,1.61,2.18,1.74,2.32,1.74
2022-10-26,Vienna Open,1st Round,Hard,Tsitsipas S.,Novak D.,5,155.0,1.08,8.0,1.09,9.33,1.1,9.33
2022-10-26,Vienna Open,1st Round,Hard,Medvedev D.,Basilashvili N.,4,94.0,1.03,15.0,1.04,15.98,1.06,16.0
2022-10-26,Vienna Open,2nd Round,Hard,Evans D.,Khachanov K.,26,18.0,2.1,1.72,2.17,1.78,2.2,1.78
2022-10-26,Vienna Open,1st Round,Hard,Sinner J.,Garin C.,12,86.0,1.12,6.0,1.14,6.28,1.14,6.55
2022-10-26,Vienna Open,1st Round,Hard,Giron M.,Griekspoor T.,58,71.0,1.57,2.37,1.64,2.38,1.64,2.4
2022-10-26,Vienna Open,2nd Round,Hard,Shapovalov D.,Fritz T.,19,10.0,2.2,1.66,2.29,1.7,2.3,1.71
2022-10-26,Swiss Indoors,1st Round,Hard,Ramos-Vinolas A.,Musetti L.,40,23.0,4.33,1.22,4.93,1.21,4.93,1.25
2022-10-26,Swiss Indoors,1st Round,Hard,Humbert U.,Brooksby J.,103,50.0,1.8,2.0,1.91,1.98,1.95,2.1
2022-10-26,Swiss Indoors,1st Round,Hard,Rune H.,De Minaur A.,25,24.0,2.2,1.66,2.19,1.75,2.32,1.78
2022-10-26,Swiss Indoors,1st Round,Hard,Auger-Aliassime F.,Huesler M.A.,9,62.0,1.2,4.5,1.2,4.97,1.24,5.3
2022-10-26,Swiss Indoors,2nd Round,Hard,Rinderknech A.,Molcan A.,51,46.0,1.57,2.37,1.6,2.5,1.63,2.5
2022-10-26,Swiss Indoors,2nd Round,Hard,Alcaraz C.,Van De Zandschulp B.,1,35.0,1.2,4.5,1.21,5.03,1.22,5.16
2022-10-26,Swiss Indoors,2nd Round,Hard,Carreno Busta P.,Stricker D.,15,129.0,1.3,3.5,1.32,3.79,1.35,3.79
2022-10-27,Vienna Open,2nd Round,Hard,Hurkacz H.,Ruusuvuori E.,11,43.0,1.53,2.5,1.53,2.69,1.58,2.69
2022-10-27,Vienna Open,2nd Round,Hard,Medvedev D.,Thiem D.,4,113.0,1.28,3.75,1.31,3.83,1.33,4.03
2022-10-27,Vienna Open,2nd Round,Hard,Giron M.,Norrie C.,58,13.0,3.0,1.4,3.04,1.44,3.04,1.45
2022-10-27,Swiss Indoors,2nd Round,Hard,Bublik A.,Ramos-Vinolas A.,38,40.0,1.25,4.0,1.3,3.89,1.3,4.25
2022-10-27,Swiss Indoors,2nd Round,Hard,Auger-Aliassime F.,Kecmanovic M.,9,28.0,1.36,3.2,1.36,3.47,1.42,3.47
2022-10-27,Swiss Indoors,2nd Round,Hard,Wawrinka S.,Nakashima B.,194,44.0,2.1,1.72,2.08,1.84,2.26,1.86
2022-10-27,Swiss Indoors,2nd Round,Hard,Rune H.,Humbert U.,25,103.0,1.44,2.75,1.45,2.97,1.47,3.01
2022-10-27,Vienna Open,2nd Round,Hard,Sinner J.,Cerundolo F.,12,29.0,1.14,5.5,1.14,7.03,1.15,7.03
2022-10-27,Vienna Open,2nd Round,Hard,Coric B.,Tsitsipas S.,27,5.0,2.75,1.44,2.76,1.51,2.85,1.51
2022-10-27,Swiss Indoors,2nd Round,Hard,Bautista Agut R.,Murray A.,22,49.0,1.53,2.5,1.62,2.46,1.74,2.66
2022-10-27,Vienna Open,2nd Round,Hard,Dimitrov G.,Rublev A.,32,8.0,4.5,1.2,4.38,1.26,4.7,1.26
2022-10-28,Vienna Open,Quarterfinals,Hard,Dimitrov G.,Giron M.,32,58.0,1.4,3.0,1.46,2.93,1.46,3.2
2022-10-28,Vienna Open,Quarterfinals,Hard,Coric B.,Hurkacz H.,27,11.0,2.3,1.61,2.33,1.68,2.33,1.73
2022-10-28,Vienna Open,Quarterfinals,Hard,Shapovalov D.,Evans D.,19,26.0,1.72,2.1,1.8,2.13,1.88,2.15
2022-10-28,Vienna Open,Quarterfinals,Hard,Medvedev D.,Sinner J.,4,12.0,1.4,3.0,1.4,3.25,1.45,3.44
2022-10-28,Swiss Indoors,Quarterfinals,Hard,Auger-Aliassime F.,Bublik A.,9,38.0,1.25,4.0,1.28,4.09,1.3,4.11
2022-10-28,Swiss Indoors,Quarterfinals,Hard,Alcaraz C.,Carreno Busta P.,1,15.0,1.25,4.0,1.31,3.87,1.32,4.05
2022-10-28,Swiss Indoors,Quarterfinals,Hard,Bautista Agut R.,Wawrinka S.,22,194.0,1.61,2.3,1.7,2.3,1.7,2.38
2022-10-28,Swiss Indoors,Quarterfinals,Hard,Rune H.,Rinderknech A.,25,51.0,1.3,3.5,1.35,3.51,1.35,3.85
2022-10-29,Vienna Open,Semifinals,Hard,Medvedev D.,Dimitrov G.,4,32.0,1.16,5.0,1.17,5.88,1.2,6.0
2022-10-29,Swiss Indoors,Semifinals,Hard,Auger-Aliassime F.,Alcaraz C.,9,1.0,2.1,1.72,1.94,1.96,2.28,1.96
2022-10-29,Swiss Indoors,Semifinals,Hard,Rune H.,Bautista Agut R.,25,22.0,1.53,2.5,1.62,2.46,1.62,2.56
2022-10-29,Vienna Open,Semifinals,Hard,Shapovalov D.,Coric B.,19,27.0,1.72,2.1,1.68,2.32,1.83,2.32
2022-10-30,Vienna Open,The Final,Hard,Medvedev D.,Shapovalov D.,4,19.0,1.22,4.33,1.27,4.18,1.3,4.57
2022-10-30,Swiss Indoors,The Final,Hard,Auger-Aliassime F.,Rune H.,9,25.0,1.33,3.4,1.34,3.58,1.4,3.58
2022-10-31,BNP Paribas Masters,1st Round,Hard,Isner J.,Otte O.,47,57.0,2.0,1.8,2.28,1.69,2.28,1.87
2022-10-31,BNP Paribas Masters,1st Round,Hard,De Minaur A.,Korda S.,25,33.0,2.2,1.66,2.13,1.79,2.25,1.79
2022-10-31,BNP Paribas Masters,1st Round,Hard,Simon G.,Murray A.,188,48.0,4.0,1.25,4.2,1.26,4.75,1.29
2022-10-31,BNP Paribas Masters,1st Round,Hard,Ymer M.,Bublik A.,74,36.0,2.1,1.72,2.16,1.76,2.33,1.78
2022-10-31,BNP Paribas Masters,1st Round,Hard,Huesler M.A.,Sinner J.,61,12.0,4.5,1.2,4.91,1.21,5.16,1.22
2022-10-31,BNP Paribas Masters,1st Round,Hard,Cressy M.,Schwartzman D.,34,24.0,1.61,2.3,1.72,2.23,1.75,2.32
2022-10-31,BNP Paribas Masters,1st Round,Hard,Gasquet R.,Molcan A.,76,44.0,1.5,2.62,1.54,2.63,1.58,2.67
2022-10-31,BNP Paribas Masters,1st Round,Hard,Tiafoe F.,Sonego L.,21,51.0,1.44,2.75,1.48,2.83,1.56,2.88
2022-10-31,BNP Paribas Masters,1st Round,Hard,Khachanov K.,Baez S.,19,40.0,1.12,6.0,1.17,5.84,1.19,6.0
2022-10-31,BNP Paribas Masters,1st Round,Hard,Basilashvili N.,Halys Q.,106,69.0,4.33,1.22,3.98,1.28,4.33,1.3
2022-10-31,BNP Paribas Masters,1st Round,Hard,Fritz T.,Davidovich Fokina A.,11,32.0,1.22,4.33,1.23,4.64,1.27,5.0
2022-10-31,BNP Paribas Masters,1st Round,Hard,Nishioka Y.,Karatsev A.,38,58.0,1.4,3.0,1.49,2.81,1.49,3.2
2022-10-31,BNP Paribas Masters,1st Round,Hard,Norrie C.,Kecmanovic M.,13,29.0,1.61,2.3,1.62,2.44,1.63,2.71
2022-10-31,BNP Paribas Masters,1st Round,Hard,Musetti L.,Cilic M.,23,17.0,2.5,1.53,2.57,1.55,2.66,1.58
2022-11-01,BNP Paribas Masters,1st Round,Hard,Shapovalov D.,Cerundolo F.,16,30.0,1.22,4.33,1.22,4.71,1.25,4.71
2022-11-01,BNP Paribas Masters,2nd Round,Hard,Ruud C.,Gasquet R.,4,76.0,1.5,2.62,1.52,2.72,1.57,2.72
2022-11-01,BNP Paribas Masters,2nd Round,Hard,Djokovic N.,Cressy M.,7,34.0,1.06,10.0,1.07,11.57,1.08,11.57
2022-11-01,BNP Paribas Masters,2nd Round,Hard,Rublev A.,Isner J.,9,47.0,1.33,3.4,1.35,3.52,1.4,3.65
2022-11-01,BNP Paribas Masters,1st Round,Hard,Rune H.,Wawrinka S.,18,153.0,1.44,2.75,1.52,2.69,1.52,2.85
2022-11-01,BNP Paribas Masters,2nd Round,Hard,Khachanov K.,Huesler M.A.,19,61.0,1.5,2.62,1.56,2.6,1.58,2.75
2022-11-01,BNP Paribas Masters,1st Round,Hard,Dimitrov G.,Van De Zandschulp B.,28,35.0,1.61,2.3,1.58,2.53,1.64,2.53
2022-11-01,BNP Paribas Masters,1st Round,Hard,Fognini F.,Fils A.,59,308.0,1.72,2.1,1.74,2.2,1.74,2.25
2022-11-01,BNP Paribas Masters,1st Round,Hard,Hurkacz H.,Mannarino A.,10,43.0,1.22,4.33,1.25,4.4,1.26,4.7
2022-11-01,BNP Paribas Masters,1st Round,Hard,Carreno Busta P.,Ramos-Vinolas A.,14,39.0,1.2,4.5,1.24,4.5,1.24,5.15
2022-11-01,BNP Paribas Masters,1st Round,Hard,Draper J.,Rinderknech A.,45,42.0,1.57,2.37,1.55,2.6,1.61,2.65
2022-11-01,BNP Paribas Masters,1st Round,Hard,Moutet C.,Coric B.,64,26.0,3.0,1.4,3.28,1.38,3.6,1.44
2022-11-01,BNP Paribas Masters,1st Round,Hard,Evans D.,Nakashima B.,27,50.0,1.8,2.0,1.89,2.0,1.95,2.02
2022-11-01,BNP Paribas Masters,1st Round,Hard,Paul T.,Bautista Agut R.,31,20.0,2.2,1.66,2.41,1.63,2.5,1.66
2022-11-02,BNP Paribas Masters,2nd Round,Hard,Moutet C.,Norrie C.,64,13.0,3.0,1.4,3.34,1.38,3.38,1.43
2022-11-02,BNP Paribas Masters,2nd Round,Hard,Paul T.,Nadal R.,31,2.0,2.75,1.44,2.71,1.53,2.9,1.53
2022-11-02,BNP Paribas Masters,2nd Round,Hard,Carreno Busta P.,Shapovalov D.,14,16.0,2.0,1.8,2.11,1.82,2.11,1.92
2022-11-02,BNP Paribas Masters,2nd Round,Hard,Rune H.,Hurkacz H.,18,10.0,2.5,1.53,2.62,1.56,2.62,1.62
2022-11-02,BNP Paribas Masters,2nd Round,Hard,Simon G.,Fritz T.,188,11.0,6.0,1.12,8.82,1.11,8.82,1.14
2022-11-02,BNP Paribas Masters,2nd Round,Hard,Dimitrov G.,Fognini F.,28,59.0,1.22,4.33,1.25,4.45,1.25,4.65
2022-11-02,BNP Paribas Masters,2nd Round,Hard,Auger-Aliassime F.,Ymer M.,8,74.0,1.2,4.5,1.21,5.08,1.26,5.34
2022-11-02,BNP Paribas Masters,2nd Round,Hard,De Minaur A.,Medvedev D.,25,3.0,4.5,1.2,5.33,1.2,6.15,1.21
2022-11-02,BNP Paribas Masters,2nd Round,Hard,Tiafoe F.,Draper J.,21,45.0,1.9,1.9,2.1,1.82,2.1,2.05
2022-11-02,BNP Paribas Masters,2nd Round,Hard,Tsitsipas S.,Evans D.,5,27.0,1.3,3.5,1.33,3.7,1.33,4.05
2022-11-02,BNP Paribas Masters,2nd Round,Hard,Musetti L.,Basilashvili N.,23,106.0,1.2,4.5,1.26,4.39,1.28,4.75
2022-11-02,BNP Paribas Masters,2nd Round,Hard,Alcaraz C.,Nishioka Y.,1,38.0,1.2,4.5,1.24,4.61,1.24,4.75
2022-11-03,BNP Paribas Masters,3rd Round,Hard,Paul T.,Carreno Busta P.,31,14.0,2.1,1.72,2.27,1.71,2.27,1.8
2022-11-03,BNP Paribas Masters,3rd Round,Hard,Tsitsipas S.,Moutet C.,5,64.0,1.16,5.0,1.19,5.36,1.21,5.75
2022-11-03,BNP Paribas Masters,3rd Round,Hard,Auger-Aliassime F.,Simon G.,8,188.0,1.1,7.0,1.12,7.89,1.15,7.89
2022-11-03,BNP Paribas Masters,3rd Round,Hard,Djokovic N.,Khachanov K.,7,19.0,1.08,8.0,1.11,8.37,1.13,8.5
2022-11-03,BNP Paribas Masters,3rd Round,Hard,Alcaraz C.,Dimitrov G.,1,28.0,1.3,3.5,1.32,3.73,1.36,3.73
2022-11-03,BNP Paribas Masters,3rd Round,Hard,Tiafoe F.,De Minaur A.,21,25.0,2.1,1.72,2.22,1.75,2.25,1.85
2022-11-03,BNP Paribas Masters,3rd Round,Hard,Musetti L.,Ruud C.,23,4.0,2.2,1.66,2.37,1.66,2.38,1.68
2022-11-03,BNP Paribas Masters,3rd Round,Hard,Rune H.,Rublev A.,18,9.0,2.3,1.61,2.72,1.52,2.72,1.68
2022-11-04,BNP Paribas Masters,Quarterfinals,Hard,Auger-Aliassime F.,Tiafoe F.,8,21.0,1.44,2.75,1.41,3.15,1.5,3.15
2022-11-04,BNP Paribas Masters,Quarterfinals,Hard,Rune H.,Alcaraz C.,18,1.0,2.75,1.44,3.24,1.4,3.24,1.48
2022-11-04,BNP Paribas Masters,Quarterfinals,Hard,Djokovic N.,Musetti L.,7,23.0,1.11,6.5,1.14,6.95,1.16,7.66
2022-11-04,BNP Paribas Masters,Quarterfinals,Hard,Tsitsipas S.,Paul T.,5,31.0,1.4,3.0,1.45,2.97,1.45,3.32
2022-11-05,BNP Paribas Masters,Semifinals,Hard,Rune H.,Auger-Aliassime F.,18,8.0,2.75,1.44,2.81,1.5,2.93,1.52
2022-11-05,BNP Paribas Masters,Semifinals,Hard,Djokovic N.,Tsitsipas S.,7,5.0,1.2,4.5,1.24,4.62,1.26,5.0
2022-11-06,BNP Paribas Masters,The Final,Hard,Rune H.,Djokovic N.,18,7.0,4.0,1.25,4.3,1.26,4.5,1.28
2022-11-13,Masters Cup,Round Robin,Hard,Fritz T.,Nadal R.,9,2.0,2.37,1.57,2.46,1.62,2.52,1.65
2022-11-13,Masters Cup,Round Robin,Hard,Ruud C.,Auger-Aliassime F.,4,6.0,3.2,1.36,3.12,1.42,3.32,1.42
2022-11-14,Masters Cup,Round Robin,Hard,Rublev A.,Medvedev D.,7,5.0,3.4,1.33,3.55,1.35,3.55,1.35
2022-11-14,Masters Cup,Round Robin,Hard,Djokovic N.,Tsitsipas S.,8,3.0,1.33,3.4,1.35,3.54,1.36,3.74
2022-11-15,Masters Cup,Round Robin,Hard,Auger-Aliassime F.,Nadal R.,6,2.0,1.61,2.3,1.6,2.52,1.68,2.57
2022-11-15,Masters Cup,Round Robin,Hard,Ruud C.,Fritz T.,4,9.0,2.0,1.8,2.11,1.81,2.12,1.91
2022-11-16,Masters Cup,Round Robin,Hard,Djokovic N.,Rublev A.,8,7.0,1.3,3.5,1.37,3.41,1.37,3.6
2022-11-16,Masters Cup,Round Robin,Hard,Tsitsipas S.,Medvedev D.,3,5.0,2.62,1.5,2.51,1.6,2.65,1.61
2022-11-17,Masters Cup,Round Robin,Hard,Nadal R.,Ruud C.,2,4.0,2.5,1.53,2.41,1.64,2.6,1.66
2022-11-17,Masters Cup,Round Robin,Hard,Fritz T.,Auger-Aliassime F.,9,6.0,2.5,1.53,2.52,1.6,2.58,1.66
2022-11-18,Masters Cup,Round Robin,Hard,Djokovic N.,Medvedev D.,8,5.0,1.33,3.4,1.37,3.36,1.39,3.55
2022-11-18,Masters Cup,Round Robin,Hard,Rublev A.,Tsitsipas S.,7,3.0,2.37,1.57,2.63,1.55,2.63,1.63
2022-11-19,Masters Cup,Semifinals,Hard,Ruud C.,Rublev A.,4,7.0,2.2,1.66,2.35,1.67,2.35,1.75
2022-11-19,Masters Cup,Semifinals,Hard,Djokovic N.,Fritz T.,8,9.0,1.22,4.33,1.24,4.53,1.28,4.75
2022-11-20,Masters Cup,The Final,Hard,Djokovic N.,Ruud C.,8,4.0,1.22,4.33,1.22,4.9,1.29,4.9
