date,tournament,round,surface,winner,loser,wrank,lrank,odds_winner,odds_loser,pin_winner,pin_loser,max_winner,max_loser
2023-12-31,Brisbane International,1st Round,Hard,Popyrin A.,O Connell C.,40,68.0,1.62,2.3,1.72,2.23,1.77,2.32
2023-12-31,Brisbane International,1st Round,Hard,Shevchenko A.,Van Assche L.,48,90.0,1.62,2.3,1.78,2.14,1.78,2.32
2024-01-01,Hong Kong Tennis Open,1st Round,Hard,Ruusuvuori E.,Bonzi B.,69,73.0,1.62,2.3,1.58,2.53,1.6,2.6
2024-01-01,Hong Kong Tennis Open,1st Round,Hard,Van De Zandschulp B.,Mochizuki S.,50,137.0,1.3,3.5,1.28,4.06,1.33,4.06
2024-01-01,Hong Kong Tennis Open,1st Round,Hard,Kotov P.,Borges N.,67,66.0,2.0,1.8,2.01,1.88,2.03,1.85
2024-01-01,Hong Kong Tennis Open,1st Round,Hard,Shang J.,Djere L.,183,33.0,2.3,1.62,2.07,1.83,2.3,1.83
2024-01-01,Brisbane International,1st Round,Hard,Safiullin R.,Shelton B.,39,17.0,2.3,1.62,2.31,1.68,2.32,1.68
2024-01-01,Brisbane International,1st Round,Hard,Rune H.,Purcell M.,8,45.0,1.25,4.0,1.32,3.68,1.32,4.01
2024-01-01,Brisbane International,1st Round,Hard,Dimitrov G.,Murray A.,14,42.0,1.33,3.4,1.35,3.47,1.36,3.5
2024-01-02,Brisbane International,1st Round,Hard,Klein L.,Baez S.,170,28.0,2.0,1.8,2.02,1.88,2.22,1.88
2024-01-02,Hong Kong Tennis Open,1st Round,Hard,Kecmanovic M.,Daniel T.,54,75.0,1.57,2.38,1.56,2.57,1.67,2.57
2024-01-02,Hong Kong Tennis Open,1st Round,Hard,Broady L.,Cachin P.,108,70.0,1.36,3.2,1.42,3.06,1.42,3.2
2024-01-02,Hong Kong Tennis Open,1st Round,Hard,Ofner S.,Mcdonald M.,43,41.0,2.75,1.44,2.72,1.51,2.78,1.51
2024-01-02,Hong Kong Tennis Open,1st Round,Hard,Struff J.L.,Cilic M.,25,674.0,1.53,2.5,1.6,2.47,1.9,2.6
2024-01-02,Hong Kong Tennis Open,1st Round,Hard,Bautista Agut R.,Marozsan F.,57,64.0,1.62,2.3,1.64,2.39,1.7,2.39
2024-01-02,Hong Kong Tennis Open,1st Round,Hard,Huesler M.A.,Sachko V.,194,169.0,1.53,2.5,1.53,2.67,1.55,2.67
2024-01-02,Hong Kong Tennis Open,1st Round,Hard,Fils A.,Gojo B.,36,72.0,1.53,2.5,1.6,2.47,1.6,2.51
2024-01-02,Hong Kong Tennis Open,1st Round,Hard,Musetti L.,Wong C.,27,253.0,1.2,4.5,1.24,4.45,1.24,4.65
2024-01-02,Brisbane International,1st Round,Hard,Nadal R.,Thiem D.,672,98.0,1.62,2.3,1.6,2.48,1.63,2.48
2024-01-02,Brisbane International,1st Round,Hard,Arnaldi M.,Fucsovics M.,44,59.0,1.91,1.91,2.05,1.85,2.05,2.1
2024-01-02,Brisbane International,1st Round,Hard,Kubler J.,Karatsev A.,102,35.0,2.75,1.44,2.6,1.55,2.75,1.55
2024-01-02,Brisbane International,1st Round,Hard,Thompson J.,Vukic A.,55,62.0,1.57,2.38,1.56,2.58,1.57,2.63
2024-01-02,Brisbane International,1st Round,Hard,Machac T.,Etcheverry T.,78,30.0,1.36,3.2,1.4,3.17,1.41,3.2
2024-01-02,Brisbane International,1st Round,Hard,Altmaier D.,Tu L.,56,225.0,1.57,2.38,1.64,2.39,1.64,2.4
2024-01-02,Brisbane International,1st Round,Hard,Duckworth J.,Wolf J.J.,116,53.0,2.38,1.57,2.21,1.74,2.4,1.74
2024-01-02,Brisbane International,1st Round,Hard,Hanfmann Y.,Korda S.,51,24.0,4.5,1.2,4.54,1.25,4.54,1.25
2024-01-02,Brisbane International,1st Round,Hard,Hijikata R.,Kokkinakis T.,71,65.0,2.63,1.5,2.71,1.52,2.75,1.55
2024-01-03,Hong Kong Tennis Open,2nd Round,Hard,Shang J.,Van De Zandschulp B.,183,50.0,2.3,1.62,2.6,1.55,2.6,1.65
2024-01-03,Hong Kong Tennis Open,2nd Round,Hard,Tiafoe F.,Kecmanovic M.,16,54.0,1.8,2.0,1.82,2.08,1.91,2.1
2024-01-03,Hong Kong Tennis Open,2nd Round,Hard,Kotov P.,Musetti L.,67,27.0,2.1,1.73,2.37,1.65,2.37,1.75
2024-01-03,Brisbane International,1st Round,Hard,Humbert U.,Michelsen A.,20,97.0,1.4,3.0,1.44,2.97,1.44,3.1
2024-01-03,Brisbane International,2nd Round,Hard,Duckworth J.,Hanfmann Y.,116,51.0,1.91,1.91,1.93,1.98,1.96,1.98
2024-01-03,Brisbane International,2nd Round,Hard,Arnaldi M.,Klein L.,44,170.0,1.53,2.5,1.61,2.49,1.65,2.6
2024-01-03,Brisbane International,2nd Round,Hard,Safiullin R.,Popyrin A.,39,40.0,1.53,2.5,1.53,2.68,1.55,2.68
2024-01-03,Brisbane International,2nd Round,Hard,Rune H.,Shevchenko A.,8,48.0,1.29,3.75,1.33,3.68,1.33,3.75
2024-01-03,Hong Kong Tennis Open,2nd Round,Hard,Ruusuvuori E.,Khachanov K.,69,15.0,2.2,1.67,2.32,1.68,2.32,1.68
2024-01-04,Hong Kong Tennis Open,2nd Round,Hard,Ofner S.,Struff J.L.,43,25.0,2.2,1.67,2.14,1.79,2.25,1.82
2024-01-04,Brisbane International,2nd Round,Hard,Hijikata R.,Machac T.,71,78.0,2.3,1.62,2.66,1.54,2.66,1.62
2024-01-04,Brisbane International,2nd Round,Hard,Thompson J.,Humbert U.,55,20.0,2.5,1.53,2.59,1.56,2.6,1.56
2024-01-04,Brisbane International,2nd Round,Hard,Dimitrov G.,Altmaier D.,14,56.0,1.14,5.5,1.13,7.16,1.15,7.16
2024-01-04,Hong Kong Tennis Open,2nd Round,Hard,Rublev A.,Broady L.,5,108.0,1.08,8.0,1.11,7.85,1.11,8.01
2024-01-04,Hong Kong Tennis Open,2nd Round,Hard,Fils A.,Huesler M.A.,36,194.0,1.4,3.0,1.44,3.02,1.46,3.05
2024-01-04,Hong Kong Tennis Open,2nd Round,Hard,Bautista Agut R.,Cerundolo F.,57,21.0,1.4,3.0,1.47,2.9,1.47,3.2
2024-01-04,Brisbane International,2nd Round,Hard,Nadal R.,Kubler J.,672,102.0,1.14,5.5,1.17,5.93,1.18,5.93
2024-01-05,Hong Kong Tennis Open,Quarterfinals,Hard,Rublev A.,Fils A.,5,36.0,1.3,3.5,1.32,3.71,1.32,3.83
2024-01-05,Hong Kong Tennis Open,Quarterfinals,Hard,Ofner S.,Bautista Agut R.,43,57.0,3.2,1.36,2.85,1.48,3.2,1.48
2024-01-05,Hong Kong Tennis Open,Quarterfinals,Hard,Ruusuvuori E.,Kotov P.,69,67.0,1.57,2.38,1.64,2.42,1.7,2.42
2024-01-05,Hong Kong Tennis Open,Quarterfinals,Hard,Shang J.,Tiafoe F.,183,16.0,3.75,1.29,3.7,1.33,3.85,1.33
2024-01-05,Brisbane International,Quarterfinals,Hard,Thompson J.,Nadal R.,55,672.0,6.0,1.13,6.62,1.18,6.62,1.18
2024-01-05,Brisbane International,Quarterfinals,Hard,Dimitrov G.,Hijikata R.,14,71.0,1.13,6.0,1.13,7.11,1.14,7.13
2024-01-05,Brisbane International,Quarterfinals,Hard,Rune H.,Duckworth J.,8,116.0,1.17,5.0,1.18,5.7,1.22,5.7
2024-01-05,Brisbane International,Quarterfinals,Hard,Safiullin R.,Arnaldi M.,39,44.0,1.36,3.2,1.42,3.13,1.44,3.2
2024-01-06,Brisbane International,Semifinals,Hard,Dimitrov G.,Thompson J.,14,55.0,1.22,4.33,1.26,4.34,1.26,4.34
2024-01-06,Hong Kong Tennis Open,Semifinals,Hard,Ruusuvuori E.,Ofner S.,69,43.0,1.57,2.38,1.67,2.35,1.67,2.4
2024-01-06,Hong Kong Tennis Open,Semifinals,Hard,Rublev A.,Shang J.,5,183.0,1.14,5.5,1.18,5.78,1.18,5.78
2024-01-06,Brisbane International,Semifinals,Hard,Rune H.,Safiullin R.,8,39.0,1.57,2.38,1.63,2.43,1.63,2.63
2024-01-07,Brisbane International,The Final,Hard,Dimitrov G.,Rune H.,14,8.0,1.91,1.91,2.03,1.88,2.03,2.03
2024-01-07,Hong Kong Tennis Open,The Final,Hard,Rublev A.,Ruusuvuori E.,5,69.0,1.25,4.0,1.34,3.56,1.34,4.01
2024-01-07,ASB Classic,1st Round,Hard,Daniel T.,Vukic A.,74,63.0,1.73,2.1,1.74,2.21,1.84,2.6
2024-01-07,ASB Classic,1st Round,Hard,Altmaier D.,Giron M.,57,60.0,2.63,1.5,2.46,1.61,2.63,1.61
2024-01-08,ASB Classic,1st Round,Hard,Van Assche L.,Wolf J.J.,87,54.0,2.3,1.62,2.21,1.74,2.3,1.74
2024-01-08,ASB Classic,1st Round,Hard,Borges N.,Michelsen A.,66,92.0,2.75,1.44,2.74,1.51,2.8,1.51
2024-01-08,ASB Classic,1st Round,Hard,Marozsan F.,Monfils G.,65,75.0,2.5,1.53,2.59,1.56,2.65,1.56
2024-01-08,ASB Classic,1st Round,Hard,Carballes Baena R.,Bautista Agut R.,67,51.0,6.0,1.13,6.1,1.16,6.1,1.17
2024-01-08,ASB Classic,1st Round,Hard,Tabilo A.,Gojo B.,82,91.0,2.63,1.5,2.52,1.58,2.63,1.58
2024-01-08,ASB Classic,1st Round,Hard,Van De Zandschulp B.,Eubanks C.,59,34.0,1.44,2.75,1.44,2.98,1.46,3.1
2024-01-08,ASB Classic,1st Round,Hard,Muller A.,Bonzi B.,79,110.0,2.0,1.8,2.02,1.88,2.1,1.88
2024-01-08,Adelaide International,1st Round,Hard,Draper J.,Baez S.,62,26.0,1.17,5.0,1.2,5.07,1.22,5.07
2024-01-08,Adelaide International,1st Round,Hard,Shevchenko A.,Etcheverry T.,48,30.0,1.73,2.1,1.75,2.19,1.75,2.25
2024-01-08,Adelaide International,1st Round,Hard,Kecmanovic M.,Mcdonald M.,55,42.0,1.5,2.63,1.57,2.53,1.57,2.63
2024-01-08,Adelaide International,1st Round,Hard,Lajovic D.,Kokkinakis T.,52,68.0,2.75,1.44,2.69,1.52,2.75,1.54
2024-01-08,Adelaide International,1st Round,Hard,Arnaldi M.,Zapata Miralles B.,41,77.0,1.13,6.0,1.17,5.65,1.17,6.0
2024-01-09,Adelaide International,1st Round,Hard,Lehecka J.,Walton A.,32,176.0,1.3,3.5,1.35,3.43,1.35,3.75
2024-01-09,Adelaide International,1st Round,Hard,O Connell C.,Rinderknech A.,71,97.0,2.1,1.73,2.1,1.81,2.1,1.81
2024-01-09,ASB Classic,1st Round,Hard,Ofner S.,Shapovalov D.,37,116.0,1.8,2.0,1.94,1.94,1.94,2.36
2024-01-09,ASB Classic,1st Round,Hard,Purcell M.,Pannu K.,45,716.0,1.04,13.0,1.06,12.27,1.07,13.0
2024-01-09,ASB Classic,1st Round,Hard,Fils A.,Gasquet R.,35,76.0,1.33,3.4,1.35,3.48,1.4,3.5
2024-01-09,Adelaide International,1st Round,Hard,Sonego L.,Hanfmann Y.,46,49.0,1.62,2.3,1.5,2.75,1.63,2.75
2024-01-09,ASB Classic,2nd Round,Hard,Muller A.,Cerundolo F.,79,22.0,2.38,1.57,2.24,1.74,2.4,1.75
2024-01-09,ASB Classic,2nd Round,Hard,Altmaier D.,Auger-Aliassime F.,57,27.0,3.0,1.4,3.2,1.41,3.2,1.42
2024-01-09,Adelaide International,1st Round,Hard,Thompson J.,Diaz Acosta F.,47,93.0,1.2,4.5,1.22,4.76,1.28,4.76
2024-01-09,Adelaide International,1st Round,Hard,Bublik A.,Mccabe J.,31,278.0,1.3,3.5,1.29,3.97,1.35,4.07
2024-01-09,Adelaide International,1st Round,Hard,Bolt A.,Seyboth Wild T.,325,78.0,1.73,2.1,1.93,1.96,1.93,2.1
2024-01-09,Adelaide International,1st Round,Hard,Evans D.,Hijikata R.,40,70.0,1.8,2.0,1.83,2.07,1.83,2.07
2024-01-10,ASB Classic,2nd Round,Hard,Daniel T.,Purcell M.,74,45.0,2.2,1.67,2.22,1.74,2.25,1.74
2024-01-10,ASB Classic,2nd Round,Hard,Shelton B.,Marozsan F.,16,65.0,1.44,2.75,1.5,2.79,1.53,2.88
2024-01-10,ASB Classic,2nd Round,Hard,Carballes Baena R.,Ofner S.,67,37.0,3.5,1.3,3.35,1.38,3.6,1.38
2024-01-10,ASB Classic,2nd Round,Hard,Fils A.,Borges N.,35,66.0,1.25,4.0,1.27,4.23,1.3,4.23
2024-01-10,ASB Classic,2nd Round,Hard,Tabilo A.,Van De Zandschulp B.,82,59.0,2.75,1.44,2.8,1.5,2.8,1.5
2024-01-10,ASB Classic,2nd Round,Hard,Norrie C.,Van Assche L.,19,87.0,1.4,3.0,1.41,3.15,1.44,3.15
2024-01-10,ASB Classic,Quarterfinals,Hard,Daniel T.,Muller A.,74,79.0,1.91,1.91,1.91,2.0,2.03,2.04
2024-01-10,Adelaide International,2nd Round,Hard,Musetti L.,Thompson J.,25,47.0,2.38,1.57,2.49,1.61,2.49,1.63
2024-01-10,Adelaide International,2nd Round,Hard,Bublik A.,Evans D.,31,40.0,1.8,2.0,1.95,1.95,1.95,2.1
2024-01-10,Adelaide International,2nd Round,Hard,Lehecka J.,Lajovic D.,32,52.0,1.4,3.0,1.47,2.9,1.49,3.0
2024-01-10,Adelaide International,2nd Round,Hard,Paul T.,Bolt A.,14,325.0,1.25,4.0,1.3,3.94,1.3,4.25
2024-01-10,Adelaide International,2nd Round,Hard,Korda S.,Sonego L.,29,46.0,1.57,2.38,1.6,2.5,1.63,2.5
2024-01-10,Adelaide International,2nd Round,Hard,Draper J.,Kecmanovic M.,62,55.0,1.44,2.75,1.48,2.86,1.5,2.86
2024-01-10,Adelaide International,2nd Round,Hard,Jarry N.,Arnaldi M.,18,41.0,1.73,2.1,1.81,2.13,1.84,2.13
2024-01-10,Adelaide International,2nd Round,Hard,O Connell C.,Shevchenko A.,71,48.0,2.3,1.62,2.13,1.8,2.32,1.8
2024-01-11,Adelaide International,Quarterfinals,Hard,Draper J.,Paul T.,62,14.0,2.2,1.67,2.09,1.83,2.26,1.83
2024-01-11,Adelaide International,Quarterfinals,Hard,Bublik A.,Musetti L.,31,25.0,1.91,1.91,1.99,1.92,1.99,2.0
2024-01-11,Adelaide International,Quarterfinals,Hard,Lehecka J.,Jarry N.,32,18.0,2.0,1.8,2.05,1.87,2.2,1.87
2024-01-11,Adelaide International,Quarterfinals,Hard,Korda S.,O Connell C.,29,71.0,1.4,3.0,1.47,2.92,1.47,3.2
2024-01-11,ASB Classic,Quarterfinals,Hard,Shelton B.,Carballes Baena R.,16,67.0,1.17,5.0,1.18,5.69,1.21,5.69
2024-01-11,ASB Classic,Quarterfinals,Hard,Fils A.,Altmaier D.,35,57.0,1.29,3.75,1.31,3.83,1.31,3.85
2024-01-11,ASB Classic,Quarterfinals,Hard,Tabilo A.,Norrie C.,82,19.0,3.4,1.33,3.27,1.39,3.5,1.39
2024-01-12,ASB Classic,Semifinals,Hard,Daniel T.,Shelton B.,74,16.0,4.33,1.22,4.39,1.26,4.46,1.28
2024-01-12,ASB Classic,Semifinals,Hard,Tabilo A.,Fils A.,82,35.0,4.0,1.25,4.22,1.27,4.22,1.32
2024-01-12,Adelaide International,Semifinals,Hard,Lehecka J.,Korda S.,32,29.0,2.5,1.53,2.48,1.61,2.5,1.61
2024-01-12,Adelaide International,Semifinals,Hard,Draper J.,Bublik A.,62,31.0,1.44,2.75,1.46,2.96,1.48,2.99
2024-01-13,Adelaide International,The Final,Hard,Lehecka J.,Draper J.,32,62.0,2.3,1.62,2.45,1.63,2.45,1.63
2024-01-13,ASB Classic,The Final,Hard,Tabilo A.,Daniel T.,82,74.0,2.1,1.73,2.08,1.84,2.15,1.84
2024-01-14,Australian Open,1st Round,Hard,Tiafoe F.,Coric B.,17,40.0,1.53,2.5,1.56,2.6,1.59,2.6
2024-01-14,Australian Open,1st Round,Hard,Djokovic N.,Prizmic D.,1,187.0,1.01,34.0,1.02,31.46,1.03,34.0
2024-01-14,Australian Open,1st Round,Hard,Galan D.E.,Kubler J.,87,113.0,2.5,1.53,2.49,1.61,2.65,1.61
2024-01-14,Australian Open,1st Round,Hard,Fritz T.,Diaz Acosta F.,12,90.0,1.03,15.0,1.04,17.97,1.05,32.26
2024-01-14,Australian Open,1st Round,Hard,Baez S.,Wolf J.J.,29,57.0,2.38,1.57,2.45,1.62,2.46,1.62
2024-01-14,Australian Open,1st Round,Hard,De Jong J.,Cachin P.,161,74.0,1.36,3.2,1.35,3.55,1.43,3.55
2024-01-14,Australian Open,1st Round,Hard,O Connell C.,Garin C.,68,86.0,1.44,2.75,1.43,3.08,1.48,3.16
2024-01-14,Australian Open,1st Round,Hard,Halys Q.,Harris L.,110,167.0,3.2,1.36,3.59,1.34,3.59,1.4
2024-01-14,Australian Open,1st Round,Hard,Rublev A.,Seyboth Wild T.,5,77.0,1.03,17.0,1.03,25.21,1.04,25.34
2024-01-14,Australian Open,1st Round,Hard,Marozsan F.,Cilic M.,67,,1.73,2.1,1.76,2.19,1.78,2.22
2024-01-14,Australian Open,1st Round,Hard,Cerundolo F.,Sweeny D.,21,257.0,1.36,3.2,1.4,3.21,1.4,3.46
2024-01-14,Australian Open,1st Round,Hard,Kotov P.,Rinderknech A.,65,94.0,1.62,2.3,1.69,2.3,1.72,2.37
2024-01-14,Australian Open,1st Round,Hard,Sinner J.,Van De Zandschulp B.,4,59.0,1.06,10.0,1.06,13.9,1.08,15.96
2024-01-14,Australian Open,1st Round,Hard,Munar J.,Shevchenko A.,82,48.0,3.2,1.36,3.06,1.43,3.51,1.48
2024-01-14,Australian Open,1st Round,Hard,Arnaldi M.,Walton A.,41,174.0,1.2,4.5,1.22,4.84,1.23,4.84
2024-01-14,Australian Open,1st Round,Hard,Machac T.,Mochizuki S.,75,136.0,1.25,4.0,1.3,3.92,1.31,4.0
2024-01-15,Australian Open,1st Round,Hard,Zhang Zh.,Coria F.,54,84.0,1.05,11.0,1.08,10.71,1.08,12.72
2024-01-15,Australian Open,1st Round,Hard,Eubanks C.,Daniel T.,35,58.0,2.2,1.67,2.53,1.59,2.6,1.68
2024-01-15,Australian Open,1st Round,Hard,Struff J.L.,Hijikata R.,25,71.0,1.62,2.3,1.68,2.34,1.7,2.44
2024-01-15,Australian Open,1st Round,Hard,Etcheverry T.,Murray A.,32,44.0,2.2,1.67,2.42,1.64,2.42,1.68
2024-01-15,Australian Open,1st Round,Hard,Monfils G.,Hanfmann Y.,76,52.0,1.53,2.5,1.53,2.7,1.54,2.75
2024-01-15,Australian Open,1st Round,Hard,Humbert U.,Goffin D.,20,112.0,1.36,3.2,1.42,3.12,1.46,3.2
2024-01-15,Australian Open,1st Round,Hard,Hurkacz H.,Jasika O.,9,343.0,1.02,19.0,1.03,20.95,1.03,21.63
2024-01-15,Australian Open,1st Round,Hard,Grenier H.,Muller A.,178,73.0,3.2,1.36,3.19,1.41,3.32,1.41
2024-01-15,Australian Open,1st Round,Hard,De Minaur A.,Raonic M.,10,319.0,1.11,6.5,1.1,8.66,1.12,8.66
2024-01-15,Australian Open,1st Round,Hard,Kecmanovic M.,Watanuki Y.,60,102.0,1.3,3.5,1.33,3.67,1.33,3.67
2024-01-15,Australian Open,1st Round,Hard,Auger-Aliassime F.,Thiem D.,30,92.0,1.44,2.75,1.45,2.97,1.5,3.01
2024-01-15,Australian Open,1st Round,Hard,Kovacevic A.,Tabilo A.,101,49.0,2.2,1.67,2.5,1.6,2.5,1.7
2024-01-15,Australian Open,1st Round,Hard,Borges N.,Marterer M.,69,96.0,2.0,1.8,2.24,1.73,2.24,1.82
2024-01-15,Australian Open,1st Round,Hard,Thompson J.,Vukic A.,47,64.0,1.4,3.0,1.35,3.54,1.4,3.56
2024-01-15,Australian Open,1st Round,Hard,Mannarino A.,Wawrinka S.,19,56.0,1.4,3.0,1.49,2.84,1.49,3.01
2024-01-15,Australian Open,1st Round,Hard,Mensik J.,Shapovalov D.,142,114.0,1.62,2.3,1.74,2.22,1.74,2.32
2024-01-15,Australian Open,1st Round,Hard,Khachanov K.,Altmaier D.,15,50.0,1.22,4.33,1.22,4.95,1.25,4.95
2024-01-15,Australian Open,1st Round,Hard,Ruusuvuori E.,Kypson P.,53,183.0,1.1,7.0,1.12,7.85,1.14,8.17
2024-01-15,Australian Open,1st Round,Hard,Musetti L.,Bonzi B.,28,106.0,1.36,3.2,1.32,3.73,1.4,3.73
2024-01-15,Australian Open,1st Round,Hard,Cobolli F.,Jarry N.,100,18.0,4.5,1.2,4.46,1.25,4.73,1.26
2024-01-15,Australian Open,1st Round,Hard,Gaston H.,Carballes Baena R.,97,63.0,2.2,1.67,2.41,1.64,2.41,1.7
2024-01-15,Australian Open,1st Round,Hard,Korda S.,Kopriva V.,26,132.0,1.08,8.0,1.08,10.76,1.11,10.76
2024-01-15,Australian Open,1st Round,Hard,Shelton B.,Bautista Agut R.,16,72.0,1.33,3.4,1.45,2.98,1.5,3.4
2024-01-15,Australian Open,1st Round,Hard,Davidovich Fokina A.,Lestienne C.,24,99.0,1.17,5.0,1.25,4.46,1.25,5.5
2024-01-15,Australian Open,1st Round,Hard,Popyrin A.,Polmans M.,43,154.0,1.17,5.0,1.2,5.18,1.21,5.5
2024-01-15,Australian Open,1st Round,Hard,Van Assche L.,Duckworth J.,79,95.0,1.73,2.1,1.93,1.98,1.93,2.12
2024-01-15,Australian Open,1st Round,Hard,Tsitsipas S.,Bergs Z.,7,129.0,1.1,7.0,1.12,7.79,1.12,8.9
2024-01-15,Australian Open,1st Round,Hard,Medvedev D.,Atmane T.,3,144.0,1.01,23.0,1.02,29.45,1.03,29.45
2024-01-16,Australian Open,1st Round,Hard,Draper J.,Giron M.,55,66.0,1.25,4.0,1.25,4.51,1.3,4.51
2024-01-16,Australian Open,1st Round,Hard,Alcaraz C.,Gasquet R.,2,131.0,1.02,19.0,1.01,40.62,1.05,40.62
2024-01-16,Australian Open,1st Round,Hard,Zverev A.,Koepfer D.,6,62.0,1.06,10.0,1.07,11.89,1.09,11.89
2024-01-16,Australian Open,1st Round,Hard,Sonego L.,Evans D.,46,38.0,1.8,2.0,1.85,2.07,1.88,2.07
2024-01-16,Australian Open,1st Round,Hard,Kokkinakis T.,Ofner S.,80,37.0,2.0,1.8,2.04,1.87,2.08,1.87
2024-01-16,Australian Open,1st Round,Hard,Paul T.,Barrere G.,14,83.0,1.11,6.5,1.16,6.31,1.16,7.0
2024-01-16,Australian Open,1st Round,Hard,Shang J.,Mcdonald M.,140,42.0,1.67,2.2,1.77,2.18,1.77,2.29
2024-01-16,Australian Open,1st Round,Hard,Nagal S.,Bublik A.,137,27.0,5.0,1.17,5.18,1.2,5.18,1.2
2024-01-16,Australian Open,1st Round,Hard,Rune H.,Nishioka Y.,8,61.0,1.11,6.5,1.14,7.03,1.14,7.03
2024-01-16,Australian Open,1st Round,Hard,Klein L.,Kwon S.W.,163,697.0,1.33,3.4,1.36,3.45,1.38,3.67
2024-01-16,Australian Open,1st Round,Hard,Michelsen A.,Mccabe J.,91,269.0,1.17,5.0,1.19,5.48,1.21,5.48
2024-01-16,Australian Open,1st Round,Hard,Dimitrov G.,Fucsovics M.,13,70.0,1.17,5.0,1.15,6.57,1.18,6.57
2024-01-16,Australian Open,1st Round,Hard,Lehecka J.,Zapata Miralles B.,23,78.0,1.07,9.0,1.06,13.84,1.08,13.84
2024-01-16,Australian Open,1st Round,Hard,Norrie C.,Varillas J. P.,22,81.0,1.1,7.0,1.13,7.18,1.17,7.18
2024-01-16,Australian Open,1st Round,Hard,Cazaux A.,Djere L.,122,33.0,2.1,1.73,2.0,1.91,2.21,1.91
2024-01-16,Australian Open,1st Round,Hard,Purcell M.,Valkusz M.,45,214.0,1.29,3.75,1.35,3.51,1.36,3.77
2024-01-16,Australian Open,1st Round,Hard,Griekspoor T.,Safiullin R.,31,36.0,2.63,1.5,2.73,1.52,2.75,1.58
2024-01-16,Australian Open,1st Round,Hard,Zeppieri G.,Lajovic D.,133,51.0,2.0,1.8,1.98,1.93,2.1,1.93
2024-01-16,Australian Open,1st Round,Hard,Ruud C.,Ramos-Vinolas A.,11,85.0,1.02,19.0,1.05,16.05,1.05,28.0
2024-01-16,Australian Open,1st Round,Hard,Fils A.,Vesely J.,34,293.0,1.08,8.0,1.11,8.44,1.13,9.19
2024-01-17,Australian Open,2nd Round,Hard,Djokovic N.,Popyrin A.,1,43.0,1.02,19.0,1.04,19.56,1.05,19.56
2024-01-17,Australian Open,2nd Round,Hard,Rublev A.,Eubanks C.,5,35.0,1.07,9.0,1.09,9.56,1.1,9.56
2024-01-17,Australian Open,2nd Round,Hard,Korda S.,Halys Q.,26,110.0,1.25,4.0,1.31,3.85,1.31,4.01
2024-01-17,Australian Open,2nd Round,Hard,Tsitsipas S.,Thompson J.,7,47.0,1.2,4.5,1.25,4.4,1.25,4.54
2024-01-17,Australian Open,2nd Round,Hard,Etcheverry T.,Monfils G.,32,76.0,2.38,1.57,2.64,1.55,2.64,1.6
2024-01-17,Australian Open,2nd Round,Hard,Machac T.,Tiafoe F.,75,17.0,2.75,1.44,2.78,1.51,2.86,1.51
2024-01-17,Australian Open,2nd Round,Hard,Shelton B.,O Connell C.,16,68.0,1.25,4.0,1.28,4.16,1.29,4.6
2024-01-17,Australian Open,2nd Round,Hard,Mannarino A.,Munar J.,19,82.0,1.33,3.4,1.34,3.56,1.38,3.56
2024-01-17,Australian Open,2nd Round,Hard,Fritz T.,Gaston H.,12,97.0,1.11,6.5,1.14,6.86,1.15,6.86
2024-01-17,Australian Open,2nd Round,Hard,Khachanov K.,Kovacevic A.,15,101.0,1.14,5.5,1.17,6.02,1.18,6.25
2024-01-17,Australian Open,2nd Round,Hard,Van Assche L.,Musetti L.,79,28.0,2.75,1.44,2.75,1.51,2.9,1.51
2024-01-17,Australian Open,2nd Round,Hard,Cobolli F.,Kotov P.,100,65.0,2.5,1.53,2.52,1.6,2.55,1.6
2024-01-17,Australian Open,2nd Round,Hard,Baez S.,Galan D.E.,29,87.0,1.4,3.0,1.44,2.97,1.44,3.06
2024-01-17,Australian Open,2nd Round,Hard,De Minaur A.,Arnaldi M.,10,41.0,1.17,5.0,1.2,5.24,1.23,5.24
2024-01-17,Australian Open,2nd Round,Hard,Sinner J.,De Jong J.,4,161.0,1.02,21.0,1.02,27.16,1.03,28.0
2024-01-17,Australian Open,2nd Round,Hard,Marozsan F.,Cerundolo F.,67,21.0,1.57,2.38,1.54,2.66,1.6,2.66
2024-01-18,Australian Open,2nd Round,Hard,Shang J.,Nagal S.,140,137.0,1.4,3.0,1.48,2.86,1.5,3.19
2024-01-18,Australian Open,2nd Round,Hard,Hurkacz H.,Mensik J.,9,142.0,1.25,4.0,1.26,4.38,1.26,4.5
2024-01-18,Australian Open,2nd Round,Hard,Medvedev D.,Ruusuvuori E.,3,53.0,1.1,7.0,1.13,7.3,1.18,8.0
2024-01-18,Australian Open,2nd Round,Hard,Cazaux A.,Rune H.,122,8.0,5.5,1.14,5.66,1.18,5.92,1.18
2024-01-18,Australian Open,2nd Round,Hard,Humbert U.,Zhang Zh.,20,54.0,1.4,3.0,1.41,3.15,1.44,3.16
2024-01-18,Australian Open,2nd Round,Hard,Griekspoor T.,Fils A.,31,34.0,2.38,1.57,2.4,1.65,2.45,1.7
2024-01-18,Australian Open,2nd Round,Hard,Borges N.,Davidovich Fokina A.,69,24.0,4.5,1.2,4.48,1.25,4.75,1.25
2024-01-18,Australian Open,2nd Round,Hard,Auger-Aliassime F.,Grenier H.,30,178.0,1.13,6.0,1.11,8.12,1.15,8.12
2024-01-18,Australian Open,2nd Round,Hard,Kecmanovic M.,Struff J.L.,60,25.0,1.5,2.63,1.55,2.64,1.57,2.64
2024-01-18,Australian Open,2nd Round,Hard,Alcaraz C.,Sonego L.,2,46.0,1.04,13.0,1.05,15.2,1.05,28.0
2024-01-18,Australian Open,2nd Round,Hard,Norrie C.,Zeppieri G.,22,133.0,1.3,3.5,1.41,3.19,1.41,3.53
2024-01-18,Australian Open,2nd Round,Hard,Michelsen A.,Lehecka J.,91,23.0,4.33,1.22,4.11,1.28,4.34,1.3
2024-01-18,Australian Open,2nd Round,Hard,Dimitrov G.,Kokkinakis T.,13,80.0,1.13,6.0,1.15,6.58,1.16,6.58
2024-01-18,Australian Open,2nd Round,Hard,Ruud C.,Purcell M.,11,45.0,1.17,5.0,1.18,5.62,1.19,5.62
2024-01-18,Australian Open,2nd Round,Hard,Zverev A.,Klein L.,6,163.0,1.06,10.0,1.07,12.1,1.07,12.1
2024-01-18,Australian Open,2nd Round,Hard,Paul T.,Draper J.,14,55.0,1.91,1.91,2.04,1.87,2.04,2.03
2024-01-19,Australian Open,3rd Round,Hard,Khachanov K.,Machac T.,15,75.0,1.62,2.3,1.68,2.34,1.68,2.43
2024-01-19,Australian Open,3rd Round,Hard,Sinner J.,Baez S.,4,29.0,1.03,17.0,1.02,27.15,1.03,30.0
2024-01-19,Australian Open,3rd Round,Hard,Fritz T.,Marozsan F.,12,67.0,1.3,3.5,1.32,3.68,1.35,3.68
2024-01-19,Australian Open,3rd Round,Hard,Tsitsipas S.,Van Assche L.,7,79.0,1.2,4.5,1.21,5.03,1.25,5.03
2024-01-19,Australian Open,3rd Round,Hard,Mannarino A.,Shelton B.,19,16.0,3.2,1.36,3.23,1.4,4.12,1.4
2024-01-19,Australian Open,3rd Round,Hard,Djokovic N.,Etcheverry T.,1,32.0,1.05,11.0,1.06,13.85,1.09,13.85
2024-01-19,Australian Open,3rd Round,Hard,De Minaur A.,Cobolli F.,10,100.0,1.07,9.0,1.06,13.01,1.08,13.01
2024-01-19,Australian Open,3rd Round,Hard,Rublev A.,Korda S.,5,26.0,1.36,3.2,1.39,3.26,1.42,3.4
2024-01-20,Australian Open,3rd Round,Hard,Medvedev D.,Auger-Aliassime F.,3,30.0,1.17,5.0,1.22,4.86,1.24,5.05
2024-01-20,Australian Open,3rd Round,Hard,Zverev A.,Michelsen A.,6,91.0,1.17,5.0,1.18,5.96,1.21,5.96
2024-01-20,Australian Open,3rd Round,Hard,Borges N.,Dimitrov G.,69,13.0,10.0,1.06,9.79,1.09,10.0,1.09
2024-01-20,Australian Open,3rd Round,Hard,Norrie C.,Ruud C.,22,11.0,3.2,1.36,3.05,1.43,3.2,1.43
2024-01-20,Australian Open,3rd Round,Hard,Alcaraz C.,Shang J.,2,140.0,1.03,15.0,1.03,20.85,1.03,20.85
2024-01-20,Australian Open,3rd Round,Hard,Hurkacz H.,Humbert U.,9,20.0,1.57,2.38,1.68,2.34,1.68,2.45
2024-01-20,Australian Open,3rd Round,Hard,Kecmanovic M.,Paul T.,60,14.0,3.2,1.36,3.38,1.37,3.38,1.4
2024-01-20,Australian Open,3rd Round,Hard,Cazaux A.,Griekspoor T.,122,31.0,2.3,1.62,2.22,1.74,2.39,1.75
2024-01-21,Australian Open,4th Round,Hard,Djokovic N.,Mannarino A.,1,19.0,1.02,19.0,1.05,15.74,1.05,19.0
2024-01-21,Australian Open,4th Round,Hard,Fritz T.,Tsitsipas S.,12,7.0,2.2,1.67,2.22,1.74,2.4,1.74
2024-01-21,Australian Open,4th Round,Hard,Sinner J.,Khachanov K.,4,15.0,1.08,8.0,1.13,7.23,1.13,8.2
2024-01-21,Australian Open,4th Round,Hard,Rublev A.,De Minaur A.,5,10.0,1.73,2.1,1.85,2.06,1.85,2.23
2024-01-22,Australian Open,4th Round,Hard,Alcaraz C.,Kecmanovic M.,2,60.0,1.05,11.0,1.06,13.28,1.08,13.28
2024-01-22,Australian Open,4th Round,Hard,Zverev A.,Norrie C.,6,22.0,1.25,4.0,1.25,4.46,1.31,4.46
2024-01-22,Australian Open,4th Round,Hard,Medvedev D.,Borges N.,3,69.0,1.04,13.0,1.07,10.92,1.07,13.0
2024-01-22,Australian Open,4th Round,Hard,Hurkacz H.,Cazaux A.,9,122.0,1.33,3.4,1.41,3.17,1.44,3.4
2024-01-23,Australian Open,Quarterfinals,Hard,Djokovic N.,Fritz T.,1,12.0,1.1,7.0,1.11,8.55,1.11,8.55
2024-01-23,Australian Open,Quarterfinals,Hard,Sinner J.,Rublev A.,4,5.0,1.2,4.5,1.22,4.85,1.24,4.85
2024-01-24,Australian Open,Quarterfinals,Hard,Medvedev D.,Hurkacz H.,3,9.0,1.4,3.0,1.42,3.14,1.44,3.14
2024-01-24,Australian Open,Quarterfinals,Hard,Zverev A.,Alcaraz C.,6,2.0,4.5,1.2,4.35,1.26,4.85,1.26
2024-01-26,Australian Open,Semifinals,Hard,Sinner J.,Djokovic N.,4,1.0,2.63,1.5,2.66,1.54,2.75,1.54
2024-01-26,Australian Open,Semifinals,Hard,Medvedev D.,Zverev A.,3,6.0,1.73,2.1,1.75,2.21,1.79,2.25
2024-01-28,Australian Open,The Final,Hard,Sinner J.,Medvedev D.,4,3.0,1.36,3.25,1.33,3.67,1.4,3.75
2024-01-29,Open Sud de France,1st Round,Hard,Martinez P.,Munar J.,99,75.0,1.91,1.91,1.94,1.94,1.95,2.0
2024-01-29,Open Sud de France,1st Round,Hard,Paire B.,Murray A.,112,49.0,3.75,1.29,3.05,1.43,3.8,1.43
2024-01-29,Open Sud de France,1st Round,Hard,Mmoh M.,Bonzi B.,133,126.0,2.3,1.62,2.2,1.74,2.32,1.74
2024-01-30,Open Sud de France,1st Round,Hard,Muller A.,Escoffier A.,71,172.0,1.44,2.75,1.49,2.79,1.49,2.8
2024-01-30,Open Sud de France,1st Round,Hard,Barrere G.,Blanchet U.,104,214.0,1.53,2.5,1.63,2.41,1.63,2.88
2024-01-30,Open Sud de France,1st Round,Hard,Mayot H.,Pouille L.,144,315.0,1.91,1.91,1.99,1.89,1.99,2.1
2024-01-30,Open Sud de France,1st Round,Hard,Shapovalov D.,Gaston H.,137,88.0,1.8,2.0,1.92,1.97,1.92,2.12
2024-01-30,Open Sud de France,1st Round,Hard,Cazaux A.,Marterer M.,83,92.0,1.4,3.0,1.4,3.18,1.41,3.2
2024-01-30,Open Sud de France,1st Round,Hard,Llamas Ruiz P.,Gasquet R.,156,130.0,2.63,1.5,2.44,1.61,2.95,1.61
2024-01-31,Open Sud de France,1st Round,Hard,Shevchenko A.,Svrcina D.,59,194.0,1.36,3.2,1.43,3.02,1.43,3.25
2024-01-31,Open Sud de France,1st Round,Hard,Lestienne C.,Zapata Miralles B.,106,80.0,1.25,4.0,1.33,3.6,1.33,4.05
2024-01-31,Open Sud de France,1st Round,Hard,Cobolli F.,Monfils G.,76,70.0,3.4,1.33,3.6,1.33,3.6,1.35
2024-01-31,Open Sud de France,2nd Round,Hard,Mmoh M.,Muller A.,133,71.0,2.1,1.73,2.19,1.76,2.19,1.8
2024-01-31,Open Sud de France,2nd Round,Hard,Mayot H.,Paire B.,144,112.0,1.53,2.5,1.5,2.78,1.58,2.78
2024-01-31,Open Sud de France,2nd Round,Hard,Bublik A.,Shapovalov D.,27,137.0,1.73,2.1,1.8,2.13,1.8,2.13
2024-02-01,Open Sud de France,2nd Round,Hard,Rune H.,Llamas Ruiz P.,7,156.0,1.14,5.5,1.16,6.15,1.16,6.25
2024-02-01,Open Sud de France,2nd Round,Hard,Auger-Aliassime F.,Cazaux A.,30,83.0,2.0,1.8,2.1,1.83,2.1,1.83
2024-02-01,Open Sud de France,2nd Round,Hard,Shevchenko A.,Barrere G.,59,104.0,1.8,2.0,1.93,1.98,1.93,2.14
2024-02-01,Open Sud de France,2nd Round,Hard,Coric B.,Martinez P.,37,99.0,1.36,3.2,1.43,3.07,1.43,3.2
2024-02-01,Open Sud de France,2nd Round,Hard,Cobolli F.,Lestienne C.,76,106.0,1.53,2.5,1.69,2.3,1.69,2.67
2024-02-02,Open Sud de France,Quarterfinals,Hard,Bublik A.,Shevchenko A.,27,59.0,1.5,2.63,1.52,2.72,1.52,2.75
2024-02-02,Open Sud de France,Quarterfinals,Hard,Auger-Aliassime F.,Mayot H.,30,144.0,1.29,3.75,1.26,4.29,1.32,4.29
2024-02-02,Open Sud de France,Quarterfinals,Hard,Rune H.,Mmoh M.,7,133.0,1.2,4.5,1.24,4.59,1.24,5.24
2024-02-02,Open Sud de France,Quarterfinals,Hard,Coric B.,Cobolli F.,37,76.0,1.44,2.75,1.49,2.85,1.52,2.85
2024-02-03,Open Sud de France,Semifinals,Hard,Bublik A.,Auger-Aliassime F.,27,30.0,2.63,1.5,2.62,1.56,2.75,1.56
2024-02-03,Open Sud de France,Semifinals,Hard,Coric B.,Rune H.,37,7.0,2.75,1.44,2.75,1.52,2.86,1.52
2024-02-04,Open Sud de France,The Final,Hard,Bublik A.,Coric B.,27,37.0,2.0,1.8,2.06,1.85,2.06,1.91
2024-02-05,Dallas Open,1st Round,Hard,Daniel T.,Lestienne C.,62,104.0,1.53,2.5,1.6,2.47,1.64,2.52
2024-02-05,Open 13,1st Round,Hard,Shevchenko A.,Bonzi B.,56,126.0,1.73,2.1,1.83,2.07,1.83,2.12
2024-02-05,Open 13,1st Round,Hard,Bautista Agut R.,Gasquet R.,102,131.0,1.5,2.63,1.52,2.69,1.55,2.75
2024-02-05,Open 13,1st Round,Hard,Musetti L.,Marterer M.,27,99.0,1.53,2.5,1.58,2.51,1.58,2.51
2024-02-05,Cordoba Open,1st Round,Clay,Munar J.,Galan D.E.,74,78.0,1.73,2.1,1.74,2.21,1.79,2.21
2024-02-05,Cordoba Open,1st Round,Clay,Bagnis F.,Cerundolo J.M.,207,148.0,1.67,2.2,1.74,2.2,1.78,2.2
2024-02-05,Cordoba Open,1st Round,Clay,Dellien H.,Seyboth Wild T.,112,81.0,2.75,1.44,2.64,1.54,2.78,1.54
2024-02-05,Cordoba Open,1st Round,Clay,Ramos-Vinolas A.,Cachin P.,84,73.0,2.1,1.73,2.22,1.73,2.22,1.77
2024-02-06,Cordoba Open,1st Round,Clay,Diaz Acosta F.,Gomez F.,95,365.0,1.25,4.0,1.3,3.87,1.3,4.0
2024-02-06,Open 13,1st Round,Hard,Gaston H.,Shapovalov D.,86,127.0,2.75,1.44,2.87,1.47,2.87,1.47
2024-02-06,Dallas Open,1st Round,Hard,Purcell M.,Krueger M.,43,244.0,1.36,3.2,1.41,3.1,1.44,3.2
2024-02-06,Dallas Open,1st Round,Hard,Michelsen A.,Sandgren T.,75,281.0,1.4,3.0,1.46,2.92,1.46,3.0
2024-02-06,Dallas Open,1st Round,Hard,Duckworth J.,Svajda Z.,106,145.0,1.73,2.1,1.86,2.03,1.86,2.15
2024-02-06,Dallas Open,1st Round,Hard,Giron M.,Moreno De Alboran N.,67,154.0,1.33,3.4,1.32,3.7,1.33,3.7
2024-02-06,Dallas Open,1st Round,Hard,Mmoh M.,Nava E.,115,149.0,1.67,2.2,1.71,2.25,1.71,2.25
2024-02-06,Dallas Open,1st Round,Hard,Nishioka Y.,Atmane T.,83,144.0,1.67,2.2,1.71,2.25,1.8,1.95
2024-02-06,Open 13,1st Round,Hard,Rinderknech A.,Cressy M.,94,128.0,2.0,1.8,1.89,2.0,2.0,2.0
2024-02-06,Open 13,1st Round,Hard,Machac T.,Murray A.,66,49.0,1.44,2.75,1.5,2.77,1.53,2.82
2024-02-06,Open 13,1st Round,Hard,Zhang Zh.,Zeppieri G.,50,111.0,,,,,,
2024-02-06,Open 13,1st Round,Hard,Davidovich Fokina A.,Barrere G.,24,105.0,1.53,2.5,1.58,2.53,1.58,2.53
2024-02-06,Dallas Open,1st Round,Hard,Eubanks C.,Johnson S.,33,246.0,1.5,2.63,1.51,2.71,1.52,2.71
2024-02-06,Open 13,1st Round,Hard,Lehecka J.,Goffin D.,32,134.0,1.53,2.5,1.53,2.68,1.54,2.68
2024-02-06,Open 13,1st Round,Hard,Korda S.,Grenier H.,34,155.0,1.2,4.5,1.21,4.99,1.23,4.99
2024-02-06,Cordoba Open,1st Round,Clay,Coria F.,Altmaier D.,93,52.0,2.5,1.53,2.7,1.52,2.75,1.54
2024-02-06,Cordoba Open,1st Round,Clay,Darderi L.,Barrios M.,136,108.0,1.44,2.75,1.43,3.05,1.46,3.05
2024-02-06,Cordoba Open,1st Round,Clay,Carballes Baena R.,Navone M.,65,118.0,1.8,2.0,1.91,1.98,1.91,2.1
2024-02-06,Cordoba Open,1st Round,Clay,Zapata Miralles B.,Garin C.,79,87.0,2.2,1.67,2.13,1.79,2.25,1.79
2024-02-06,Cordoba Open,1st Round,Clay,Burruchaga R.,Schwartzman D.,170,117.0,1.91,1.91,1.97,1.92,2.0,1.92
2024-02-06,Cordoba Open,1st Round,Clay,Hanfmann Y.,Varillas J.P.,59,85.0,1.44,2.75,1.54,2.64,1.55,2.78
2024-02-07,Open 13,1st Round,Hard,Ruusuvuori E.,Van Assche L.,55,68.0,1.36,3.2,1.41,3.11,1.41,3.3
2024-02-07,Dallas Open,2nd Round,Hard,Duckworth J.,Eubanks C.,106,33.0,2.38,1.57,2.41,1.64,2.41,1.64
2024-02-07,Dallas Open,2nd Round,Hard,Giron M.,Purcell M.,67,43.0,1.53,2.5,1.54,2.66,1.57,2.66
2024-02-07,Dallas Open,1st Round,Hard,Hijikata R.,Quinn E.,88,288.0,1.67,2.2,1.7,2.27,1.7,2.38
2024-02-07,Dallas Open,1st Round,Hard,Kudla D.,Albot R.,174,137.0,1.73,2.1,1.79,2.12,1.79,2.17
2024-02-07,Dallas Open,1st Round,Hard,Koepfer D.,Kovacevic A.,60,100.0,1.36,3.2,1.43,3.05,1.43,3.25
2024-02-07,Dallas Open,1st Round,Hard,Thompson J.,Neff A.,44,829.0,1.03,15.0,1.03,24.17,1.03,24.17
2024-02-07,Cordoba Open,2nd Round,Clay,Coria F.,Ramos-Vinolas A.,93,84.0,1.67,2.2,1.82,2.11,1.82,2.25
2024-02-07,Cordoba Open,2nd Round,Clay,Bagnis F.,Carballes Baena R.,207,65.0,2.2,1.67,2.21,1.75,2.22,1.75
2024-02-07,Cordoba Open,2nd Round,Clay,Munar J.,Cerundolo F.,74,22.0,2.3,1.62,2.29,1.7,2.3,1.71
2024-02-07,Open 13,2nd Round,Hard,Humbert U.,Gaston H.,21,86.0,1.22,4.33,1.23,4.67,1.25,4.67
2024-02-07,Open 13,2nd Round,Hard,Khachanov K.,Bautista Agut R.,18,102.0,1.44,2.75,1.48,2.86,1.5,2.86
2024-02-07,Open 13,2nd Round,Hard,Machac T.,Musetti L.,66,27.0,1.62,2.3,1.64,2.41,1.64,2.5
2024-02-07,Open 13,1st Round,Hard,Auger-Aliassime F.,Halys Q.,28,101.0,1.25,4.0,1.26,4.23,1.26,4.25
2024-02-07,Cordoba Open,1st Round,Clay,Tirante T.A.,Comesana F.,109,120.0,2.0,1.8,2.14,1.78,2.14,1.85
2024-02-08,Open 13,2nd Round,Hard,Hurkacz H.,Shevchenko A.,8,56.0,1.25,4.0,1.3,3.95,1.3,4.25
2024-02-08,Open 13,2nd Round,Hard,Dimitrov G.,Korda S.,13,34.0,1.44,2.75,1.49,2.84,1.49,2.84
2024-02-08,Open 13,2nd Round,Hard,Zhang Zh.,Auger-Aliassime F.,50,28.0,4.0,1.25,4.37,1.27,4.37,1.28
2024-02-08,Open 13,2nd Round,Hard,Davidovich Fokina A.,Ruusuvuori E.,24,55.0,2.5,1.53,2.58,1.57,2.6,1.57
2024-02-08,Open 13,2nd Round,Hard,Rinderknech A.,Lehecka J.,94,32.0,2.75,1.44,2.82,1.51,2.82,1.52
2024-02-08,Dallas Open,2nd Round,Hard,Shelton B.,Mmoh M.,16,115.0,1.3,3.5,1.36,3.49,1.36,3.53
2024-02-08,Cordoba Open,2nd Round,Clay,Etcheverry T.,Zapata Miralles B.,29,79.0,1.29,3.75,1.32,3.73,1.33,3.75
2024-02-08,Dallas Open,2nd Round,Hard,Paul T.,Daniel T.,15,62.0,1.25,4.0,1.27,4.18,1.3,4.18
2024-02-08,Dallas Open,2nd Round,Hard,Koepfer D.,Hijikata R.,60,88.0,1.44,2.75,1.46,2.95,1.5,2.95
2024-02-08,Dallas Open,2nd Round,Hard,Thompson J.,Kudla D.,44,174.0,1.29,3.75,1.29,4.0,1.3,4.0
2024-02-08,Cordoba Open,2nd Round,Clay,Darderi L.,Ofner S.,136,38.0,2.1,1.73,2.06,1.85,2.21,1.85
2024-02-09,Dallas Open,2nd Round,Hard,Mannarino A.,Nishioka Y.,17,83.0,1.44,2.75,1.61,2.49,1.61,2.75
2024-02-09,Cordoba Open,2nd Round,Clay,Baez S.,Dellien H.,26,112.0,1.17,5.0,1.2,5.19,1.2,5.19
2024-02-09,Cordoba Open,2nd Round,Clay,Diaz Acosta F.,Tirante T.A.,95,109.0,1.62,2.3,1.61,2.47,1.67,2.47
2024-02-09,Cordoba Open,Quarterfinals,Clay,Bagnis F.,Munar J.,207,74.0,2.5,1.53,2.42,1.63,2.5,1.63
2024-02-09,Cordoba Open,Quarterfinals,Clay,Darderi L.,Hanfmann Y.,136,59.0,1.8,2.0,1.75,2.18,1.85,2.18
2024-02-09,Cordoba Open,Quarterfinals,Clay,Baez S.,Diaz Acosta F.,26,95.0,1.3,3.5,1.35,3.45,1.36,3.51
2024-02-09,Dallas Open,Quarterfinals,Hard,Paul T.,Koepfer D.,15,60.0,1.36,3.2,1.41,3.18,1.45,3.2
2024-02-09,Dallas Open,Quarterfinals,Hard,Shelton B.,Thompson J.,16,44.0,1.44,2.75,1.46,2.94,1.47,2.94
2024-02-09,Open 13,Quarterfinals,Hard,Hurkacz H.,Machac T.,8,66.0,1.36,3.2,1.38,3.34,1.4,3.4
2024-02-09,Cordoba Open,2nd Round,Clay,Hanfmann Y.,Burruchaga R.,59,170.0,1.5,2.63,1.52,2.74,1.56,2.74
2024-02-09,Open 13,Quarterfinals,Hard,Dimitrov G.,Rinderknech A.,13,94.0,1.2,4.5,1.21,5.05,1.21,5.05
2024-02-09,Open 13,Quarterfinals,Hard,Khachanov K.,Zhang Zh.,18,50.0,1.36,3.2,1.37,3.38,1.37,3.38
2024-02-09,Dallas Open,2nd Round,Hard,Tiafoe F.,Michelsen A.,14,75.0,1.53,2.5,1.62,2.46,1.62,2.63
2024-02-09,Open 13,Quarterfinals,Hard,Humbert U.,Davidovich Fokina A.,21,24.0,1.57,2.38,1.59,2.54,1.62,2.54
2024-02-09,Cordoba Open,Quarterfinals,Clay,Coria F.,Etcheverry T.,93,29.0,3.0,1.4,3.28,1.39,3.28,1.44
2024-02-10,Open 13,Semifinals,Hard,Humbert U.,Hurkacz H.,21,8.0,2.63,1.5,2.64,1.55,2.75,1.55
2024-02-10,Open 13,Semifinals,Hard,Dimitrov G.,Khachanov K.,13,18.0,1.5,2.63,1.52,2.74,1.52,2.75
2024-02-10,Dallas Open,Quarterfinals,Hard,Giron M.,Tiafoe F.,67,14.0,2.3,1.62,2.22,1.74,2.3,1.74
2024-02-10,Cordoba Open,Semifinals,Clay,Bagnis F.,Coria F.,207,93.0,2.38,1.57,2.33,1.68,2.38,1.68
2024-02-10,Cordoba Open,Semifinals,Clay,Darderi L.,Baez S.,136,26.0,3.0,1.4,2.93,1.47,3.0,1.5
2024-02-10,Dallas Open,Semifinals,Hard,Giron M.,Mannarino A.,67,17.0,1.91,1.91,1.91,2.0,1.91,2.0
2024-02-10,Dallas Open,Semifinals,Hard,Paul T.,Shelton B.,15,16.0,2.0,1.8,2.0,1.91,2.03,1.91
2024-02-10,Dallas Open,Quarterfinals,Hard,Mannarino A.,Duckworth J.,17,106.0,1.44,2.75,1.51,2.77,1.51,2.8
2024-02-11,Cordoba Open,The Final,Clay,Darderi L.,Bagnis F.,136,207.0,1.53,2.5,1.6,2.52,1.61,2.52
2024-02-11,Dallas Open,The Final,Hard,Paul T.,Giron M.,15,67.0,1.53,2.5,1.57,2.58,1.57,2.65
2024-02-11,Open 13,The Final,Hard,Humbert U.,Dimitrov G.,21,13.0,2.38,1.57,2.41,1.65,2.51,1.65
2024-02-12,ABN AMRO World Tennis Tournament,1st Round,Hard,Griekspoor T.,Musetti L.,29,26.0,1.44,2.75,1.44,2.81,1.5,2.81
2024-02-12,ABN AMRO World Tennis Tournament,1st Round,Hard,Auger-Aliassime F.,Cressy M.,28,170.0,1.29,3.75,1.29,3.9,1.33,3.9
2024-02-12,Delray Beach Open,1st Round,Hard,Borges N.,Diallo G.,46,136.0,1.73,2.1,1.83,2.06,1.83,2.12
2024-02-12,Delray Beach Open,1st Round,Hard,Arnaldi M.,Nishioka Y.,43,77.0,1.67,2.2,1.72,2.22,1.73,2.22
2024-02-12,Delray Beach Open,1st Round,Hard,Lestienne C.,Vukic A.,104,69.0,2.1,1.73,2.25,1.71,2.25,1.75
2024-02-12,ABN AMRO World Tennis Tournament,1st Round,Hard,Raonic M.,De Jong J.,309,141.0,1.67,2.2,1.68,2.31,1.75,2.31
2024-02-12,ABN AMRO World Tennis Tournament,1st Round,Hard,Goffin D.,Prizmic D.,133,171.0,1.67,2.2,1.74,2.21,1.74,2.31
2024-02-12,Argentina Open,1st Round,Clay,Diaz Acosta F.,Altmaier D.,87,53.0,2.2,1.67,2.18,1.75,2.31,1.75
2024-02-12,Argentina Open,1st Round,Clay,Djere L.,Cilic M.,35,1044.0,1.44,2.75,1.46,2.9,1.46,2.9
2024-02-12,Argentina Open,1st Round,Clay,Wawrinka S.,Cachin P.,60,74.0,1.62,2.3,1.68,2.3,1.68,2.3
2024-02-13,Argentina Open,1st Round,Clay,Ugo Carabelli C.,Varillas J.P.,134,85.0,1.62,2.3,1.68,2.3,1.68,2.32
2024-02-13,Argentina Open,1st Round,Clay,Vavassori A.,Seyboth Wild T.,152,83.0,1.91,1.91,1.88,2.02,1.92,2.02
2024-02-13,Delray Beach Open,1st Round,Hard,Hijikata R.,Broady L.,84,121.0,1.57,2.38,1.59,2.5,1.62,2.6
2024-02-13,Delray Beach Open,1st Round,Hard,Thompson J.,Evans D.,42,44.0,1.57,2.38,1.62,2.43,1.65,2.43
2024-02-13,Delray Beach Open,1st Round,Hard,Svajda Z.,Purcell M.,146,41.0,1.91,1.91,1.9,1.99,1.95,1.99
2024-02-13,Delray Beach Open,1st Round,Hard,Moreno De Alboran N.,Kovacevic A.,149,102.0,2.1,1.73,2.13,1.79,2.2,1.79
2024-02-13,Delray Beach Open,1st Round,Hard,Cobolli F.,Daniel T.,72,63.0,1.8,2.0,1.93,1.93,1.95,2.1
2024-02-13,Delray Beach Open,1st Round,Hard,Albot R.,Shang J.,137,139.0,2.1,1.73,2.08,1.83,2.11,1.83
2024-02-13,ABN AMRO World Tennis Tournament,1st Round,Hard,Hurkacz H.,Lehecka J.,8,32.0,1.36,3.2,1.37,3.35,1.38,3.35
2024-02-13,ABN AMRO World Tennis Tournament,1st Round,Hard,Rublev A.,Bergs Z.,5,132.0,1.17,5.0,1.18,5.48,1.18,5.48
2024-02-13,ABN AMRO World Tennis Tournament,1st Round,Hard,Struff J.L.,Davidovich Fokina A.,25,24.0,2.3,1.62,2.33,1.67,2.33,1.72
2024-02-13,ABN AMRO World Tennis Tournament,1st Round,Hard,De Minaur A.,Korda S.,11,33.0,1.53,2.5,1.51,2.72,1.53,2.75
2024-02-13,ABN AMRO World Tennis Tournament,1st Round,Hard,Fucsovics M.,Marozsan F.,86,61.0,1.67,2.2,1.68,2.31,1.68,2.31
2024-02-13,ABN AMRO World Tennis Tournament,1st Round,Hard,Shevchenko A.,Zhang Zh.,57,47.0,1.91,1.91,1.95,1.93,1.96,1.93
2024-02-13,ABN AMRO World Tennis Tournament,1st Round,Hard,Bublik A.,Coric B.,23,31.0,1.91,1.91,1.96,1.93,1.96,2.05
2024-02-13,Delray Beach Open,1st Round,Hard,Giron M.,Nava E.,52,144.0,1.33,3.4,1.33,3.58,1.35,3.58
2024-02-13,Argentina Open,1st Round,Clay,Etcheverry T.,Carballes Baena R.,27,64.0,1.33,3.4,1.36,3.4,1.4,3.4
2024-02-13,Delray Beach Open,1st Round,Hard,Kypson P.,Kecmanovic M.,155,40.0,3.5,1.3,3.61,1.33,3.61,1.37
2024-02-13,Argentina Open,1st Round,Clay,Galan D.E.,Schwartzman D.,80,116.0,2.0,1.8,1.91,1.98,2.0,1.98
2024-02-13,Argentina Open,1st Round,Clay,Darderi L.,Navone M.,76,117.0,1.8,2.0,1.8,2.11,1.96,2.11
2024-02-13,Argentina Open,1st Round,Clay,Lajovic D.,Fils A.,58,36.0,2.75,1.44,2.82,1.37,2.82,1.5
2024-02-13,Argentina Open,1st Round,Clay,Coria F.,Ofner S.,106,38.0,1.8,2.0,1.88,2.02,1.88,2.1
2024-02-13,Argentina Open,1st Round,Clay,Tabilo A.,Hanfmann Y.,54,56.0,2.0,1.8,1.99,1.9,2.1,1.9
2024-02-14,ABN AMRO World Tennis Tournament,1st Round,Hard,Dimitrov G.,Sonego L.,13,48.0,1.22,4.33,1.22,4.77,1.23,4.77
2024-02-14,Argentina Open,2nd Round,Clay,Etcheverry T.,Galan D.E.,27,80.0,1.3,3.5,1.34,3.58,1.34,3.58
2024-02-14,Argentina Open,2nd Round,Clay,Lajovic D.,Tabilo A.,58,54.0,2.1,1.73,2.25,1.72,2.25,1.74
2024-02-14,Argentina Open,2nd Round,Clay,Diaz Acosta F.,Cerundolo F.,87,22.0,2.3,1.62,2.34,1.68,2.34,1.68
2024-02-14,Argentina Open,2nd Round,Clay,Jarry N.,Wawrinka S.,21,60.0,1.57,2.38,1.6,2.5,1.6,2.5
2024-02-14,ABN AMRO World Tennis Tournament,1st Round,Hard,Ruusuvuori E.,Humbert U.,55,18.0,2.2,1.67,2.37,1.65,2.37,1.79
2024-02-14,ABN AMRO World Tennis Tournament,1st Round,Hard,Monfils G.,Shapovalov D.,70,127.0,2.3,1.62,2.44,1.62,2.44,1.62
2024-02-14,Delray Beach Open,2nd Round,Hard,Giron M.,Mannarino A.,52,19.0,1.67,2.2,1.76,2.19,1.76,2.22
2024-02-14,Delray Beach Open,2nd Round,Hard,Kypson P.,Lestienne C.,155,104.0,1.67,2.2,1.68,2.32,1.73,2.32
2024-02-14,Delray Beach Open,1st Round,Hard,Michelsen A.,Kokkinakis T.,75,79.0,2.0,1.8,1.96,1.93,2.03,1.93
2024-02-14,ABN AMRO World Tennis Tournament,2nd Round,Hard,Rublev A.,Auger-Aliassime F.,5,28.0,1.44,2.75,1.48,2.86,1.49,3.08
2024-02-14,ABN AMRO World Tennis Tournament,2nd Round,Hard,De Minaur A.,Goffin D.,11,133.0,1.2,4.5,1.2,5.21,1.2,5.25
2024-02-14,ABN AMRO World Tennis Tournament,2nd Round,Hard,Raonic M.,Bublik A.,309,23.0,2.5,1.53,2.59,1.56,2.63,1.56
2024-02-14,ABN AMRO World Tennis Tournament,1st Round,Hard,Sinner J.,Van De Zandschulp B.,4,66.0,1.1,7.0,1.12,7.56,1.12,7.56
2024-02-14,ABN AMRO World Tennis Tournament,1st Round,Hard,Rune H.,Safiullin R.,7,39.0,1.8,2.0,1.81,2.09,1.82,2.11
2024-02-14,Delray Beach Open,2nd Round,Hard,Hijikata R.,Arnaldi M.,84,43.0,2.75,1.44,2.72,1.52,2.75,1.57
2024-02-14,Argentina Open,1st Round,Clay,Baez S.,Zapata Miralles B.,30,78.0,1.2,4.5,1.27,4.11,1.3,4.57
2024-02-15,ABN AMRO World Tennis Tournament,2nd Round,Hard,Sinner J.,Monfils G.,4,70.0,1.07,9.0,1.1,9.2,1.1,9.2
2024-02-15,ABN AMRO World Tennis Tournament,2nd Round,Hard,Ruusuvuori E.,Struff J.L.,55,25.0,1.53,2.5,1.58,2.54,1.58,2.55
2024-02-15,ABN AMRO World Tennis Tournament,2nd Round,Hard,Griekspoor T.,Hurkacz H.,29,8.0,2.75,1.44,3.09,1.43,3.09,1.48
2024-02-15,ABN AMRO World Tennis Tournament,2nd Round,Hard,Shevchenko A.,Rune H.,57,7.0,3.4,1.33,3.38,1.37,3.53,1.37
2024-02-15,ABN AMRO World Tennis Tournament,2nd Round,Hard,Dimitrov G.,Fucsovics M.,13,86.0,1.3,3.5,1.28,4.11,1.31,4.11
2024-02-15,Delray Beach Open,2nd Round,Hard,Cobolli F.,Svajda Z.,72,146.0,1.8,2.0,1.94,1.96,1.94,2.05
2024-02-15,Argentina Open,2nd Round,Clay,Vavassori A.,Djere L.,152,35.0,2.3,1.62,2.26,1.72,2.41,1.72
2024-02-15,Argentina Open,2nd Round,Clay,Coria F.,Norrie C.,106,20.0,2.75,1.44,2.6,1.56,2.83,1.56
2024-02-15,Argentina Open,2nd Round,Clay,Alcaraz C.,Ugo Carabelli C.,2,134.0,1.07,9.0,1.08,10.39,1.09,10.39
2024-02-15,Argentina Open,2nd Round,Clay,Baez S.,Darderi L.,30,76.0,1.53,2.5,1.62,2.47,1.62,2.5
2024-02-15,Delray Beach Open,2nd Round,Hard,Paul T.,Michelsen A.,14,75.0,1.36,3.2,1.39,3.26,1.39,3.5
2024-02-15,Delray Beach Open,2nd Round,Hard,Thompson J.,Moreno De Alboran N.,42,149.0,1.2,4.5,1.25,4.44,1.25,4.55
2024-02-15,Delray Beach Open,2nd Round,Hard,Fritz T.,Borges N.,9,46.0,1.17,5.0,1.23,4.7,1.23,5.0
2024-02-16,Argentina Open,Quarterfinals,Clay,Coria F.,Baez S.,106,30.0,3.4,1.33,3.73,1.32,3.73,1.33
2024-02-16,ABN AMRO World Tennis Tournament,Quarterfinals,Hard,De Minaur A.,Rublev A.,11,5.0,2.1,1.73,2.27,1.71,2.27,1.73
2024-02-16,ABN AMRO World Tennis Tournament,Quarterfinals,Hard,Dimitrov G.,Shevchenko A.,13,57.0,1.17,5.0,1.19,5.48,1.2,5.48
2024-02-16,Argentina Open,Quarterfinals,Clay,Diaz Acosta F.,Lajovic D.,87,58.0,2.0,1.8,2.07,1.85,2.07,1.87
2024-02-16,Argentina Open,Quarterfinals,Clay,Alcaraz C.,Vavassori A.,2,152.0,1.05,11.0,1.07,12.31,1.07,12.31
2024-02-16,Argentina Open,Quarterfinals,Clay,Jarry N.,Etcheverry T.,21,27.0,2.1,1.73,2.25,1.72,2.25,1.75
2024-02-16,ABN AMRO World Tennis Tournament,Quarterfinals,Hard,Sinner J.,Raonic M.,4,309.0,1.1,7.0,1.12,7.84,1.13,7.84
2024-02-16,ABN AMRO World Tennis Tournament,Quarterfinals,Hard,Griekspoor T.,Ruusuvuori E.,29,55.0,1.91,1.91,2.04,1.87,2.04,2.05
2024-02-16,Delray Beach Open,2nd Round,Hard,Tiafoe F.,Albot R.,15,137.0,1.29,3.75,1.3,3.93,1.3,3.93
2024-02-16,Delray Beach Open,Quarterfinals,Hard,Paul T.,Thompson J.,14,42.0,1.57,2.38,1.65,2.39,1.65,2.45
2024-02-16,Delray Beach Open,Quarterfinals,Hard,Tiafoe F.,Cobolli F.,15,72.0,1.36,3.2,1.4,3.21,1.4,3.21
2024-02-16,Delray Beach Open,Quarterfinals,Hard,Giron M.,Kypson P.,52,155.0,1.3,3.5,1.29,3.97,1.33,4.0
2024-02-17,ABN AMRO World Tennis Tournament,Semifinals,Hard,Sinner J.,Griekspoor T.,4,29.0,1.13,6.0,1.14,6.88,1.14,7.0
2024-02-17,ABN AMRO World Tennis Tournament,Semifinals,Hard,De Minaur A.,Dimitrov G.,11,13.0,1.73,2.1,1.84,2.08,1.85,2.12
2024-02-17,Delray Beach Open,Quarterfinals,Hard,Fritz T.,Hijikata R.,9,84.0,1.14,5.5,1.15,6.36,1.17,6.36
2024-02-17,Delray Beach Open,Semifinals,Hard,Paul T.,Tiafoe F.,14,15.0,1.62,2.3,1.57,2.57,1.62,2.57
2024-02-17,Argentina Open,Semifinals,Clay,Diaz Acosta F.,Coria F.,87,106.0,1.8,2.0,1.86,2.05,1.95,2.05
2024-02-17,Argentina Open,Semifinals,Clay,Jarry N.,Alcaraz C.,21,2.0,5.0,1.17,6.39,1.15,6.39,1.18
2024-02-18,ABN AMRO World Tennis Tournament,The Final,Hard,Sinner J.,De Minaur A.,4,11.0,1.22,4.33,1.28,4.15,1.29,4.33
2024-02-18,Delray Beach Open,Semifinals,Hard,Fritz T.,Giron M.,9,52.0,1.36,3.2,1.43,3.08,1.43,3.2
2024-02-18,Argentina Open,The Final,Clay,Diaz Acosta F.,Jarry N.,87,21.0,2.75,1.44,2.94,1.46,2.94,1.47
2024-02-19,Rio Open,1st Round,Clay,Ramos-Vinolas A.,Varillas J.P.,96,108.0,2.2,1.67,2.3,1.68,2.3,1.73
2024-02-19,Los Cabos Open,1st Round,Hard,Michelsen A.,Lestienne C.,74,104.0,1.33,3.4,1.36,3.41,1.42,3.41
2024-02-19,Los Cabos Open,1st Round,Hard,Evans D.,Safiullin R.,42,38.0,2.75,1.44,3.02,1.43,3.02,1.46
2024-02-19,Rio Open,1st Round,Clay,Barrios M.,Heide G.,120,236.0,1.73,2.1,1.77,2.16,1.8,2.16
2024-02-19,Rio Open,1st Round,Clay,Cerundolo F.,Comesana F.,22,119.0,1.73,2.1,1.67,2.33,1.73,2.33
2024-02-19,Rio Open,1st Round,Clay,Norrie C.,Dellien H.,23,135.0,1.33,3.4,1.36,3.43,1.36,3.5
2024-02-19,Qatar Exxon Mobil Open,1st Round,Hard,Popyrin A.,Shelbayh A.,46,230.0,1.5,2.63,1.47,2.86,1.5,3.13
2024-02-19,Qatar Exxon Mobil Open,1st Round,Hard,Kotov P.,Sonego L.,64,49.0,2.2,1.67,2.22,1.73,2.31,1.73
2024-02-19,Qatar Exxon Mobil Open,1st Round,Hard,Zhang Zh.,Musetti L.,48,26.0,2.2,1.67,2.23,1.72,2.25,1.72
2024-02-19,Qatar Exxon Mobil Open,1st Round,Hard,Fucsovics M.,Bautista Agut R.,80,97.0,1.73,2.1,1.81,2.1,1.81,2.12
2024-02-19,Qatar Exxon Mobil Open,1st Round,Hard,Marozsan F.,Kopriva V.,60,118.0,1.44,2.75,1.55,2.61,1.55,2.75
2024-02-19,Delray Beach Open,The Final,Hard,Fritz T.,Paul T.,9,14.0,1.67,2.2,1.62,2.45,1.76,2.45
2024-02-20,Qatar Exxon Mobil Open,1st Round,Hard,Mensik J.,Davidovich Fokina A.,116,24.0,2.5,1.53,2.68,1.52,2.75,1.53
2024-02-20,Los Cabos Open,1st Round,Hard,Thompson J.,Escobedo E.,40,494.0,1.14,5.5,1.15,6.26,1.17,6.26
2024-02-20,Los Cabos Open,1st Round,Hard,Hijikata R.,Kecmanovic M.,79,54.0,3.0,1.4,3.02,1.43,3.02,1.44
2024-02-20,Los Cabos Open,1st Round,Hard,Borges N.,Koepfer D.,47,57.0,2.0,1.8,2.09,1.81,2.09,1.88
2024-02-20,Los Cabos Open,1st Round,Hard,Kokkinakis T.,Draper J.,103,53.0,3.75,1.29,4.0,1.28,4.0,1.3
2024-02-20,Los Cabos Open,1st Round,Hard,Kovacevic A.,Holt B.,100,295.0,1.67,2.2,1.67,2.32,1.73,2.32
2024-02-20,Los Cabos Open,1st Round,Hard,Purcell M.,Arnaldi M.,51,41.0,2.38,1.57,2.58,1.56,2.58,1.6
2024-02-20,Rio Open,1st Round,Clay,Seyboth Wild T.,Tabilo A.,82,52.0,2.2,1.67,2.17,1.76,2.31,1.76
2024-02-20,Rio Open,1st Round,Clay,Djere L.,Zapata Miralles B.,35,93.0,1.44,2.75,1.48,2.83,1.48,2.83
2024-02-20,Qatar Exxon Mobil Open,1st Round,Hard,Ruusuvuori E.,Zeppieri G.,43,133.0,1.33,3.4,1.41,3.12,1.41,3.51
2024-02-20,Rio Open,1st Round,Clay,Munar J.,Ofner S.,73,37.0,1.67,2.2,1.81,2.1,1.81,2.22
2024-02-20,Rio Open,1st Round,Clay,Baez S.,Moutet C.,30,147.0,1.3,3.5,1.3,3.88,1.32,3.88
2024-02-20,Rio Open,1st Round,Clay,Meligeni Alves F.,Cachin P.,153,76.0,1.67,2.2,1.62,2.44,1.73,2.44
2024-02-20,Rio Open,1st Round,Clay,Diaz Acosta F.,Wawrinka S.,59,67.0,2.2,1.67,2.17,1.76,2.3,1.76
2024-02-20,Qatar Exxon Mobil Open,1st Round,Hard,Monfils G.,Van De Zandschulp B.,68,70.0,1.67,2.2,1.7,2.27,1.73,2.27
2024-02-20,Qatar Exxon Mobil Open,1st Round,Hard,Murray A.,Muller A.,50,75.0,1.91,1.91,1.89,2.0,1.92,2.0
2024-02-20,Qatar Exxon Mobil Open,1st Round,Hard,Grenier H.,Marterer M.,151,99.0,2.0,1.8,1.94,1.91,2.01,1.92
2024-02-20,Qatar Exxon Mobil Open,1st Round,Hard,Gasquet R.,Shevchenko A.,126,45.0,3.2,1.36,2.81,1.49,3.2,1.5
2024-02-20,Qatar Exxon Mobil Open,1st Round,Hard,O Connell C.,Struff J.L.,65,25.0,2.38,1.57,2.43,1.62,2.43,1.62
2024-02-20,Rio Open,1st Round,Clay,Lajovic D.,Galan D.E.,58,78.0,1.57,2.38,1.6,2.48,1.6,2.5
2024-02-21,Rio Open,2nd Round,Clay,Cerundolo F.,Ramos-Vinolas A.,22,96.0,1.4,3.0,1.4,3.2,1.4,3.2
2024-02-21,Rio Open,1st Round,Clay,Hanfmann Y.,Jarry N.,56,19.0,2.5,1.53,2.69,1.52,2.75,1.54
2024-02-21,Rio Open,1st Round,Clay,Monteiro T.,Alcaraz C.,117,2.0,10.0,1.06,10.81,1.07,10.81,1.07
2024-02-21,Rio Open,1st Round,Clay,Navone M.,Coria F.,113,85.0,1.67,2.2,1.75,2.18,1.75,2.3
2024-02-21,Rio Open,1st Round,Clay,Fonseca J.,Fils A.,655,36.0,4.0,1.25,4.47,1.24,4.47,1.26
2024-02-21,Los Cabos Open,2nd Round,Hard,Michelsen A.,De Minaur A.,74,9.0,4.33,1.22,3.84,1.31,4.34,1.31
2024-02-21,Los Cabos Open,2nd Round,Hard,Kovacevic A.,Hijikata R.,100,79.0,1.91,1.91,1.97,1.93,2.0,1.93
2024-02-21,Rio Open,1st Round,Clay,Garin C.,Carballes Baena R.,88,66.0,2.2,1.67,2.25,1.71,2.25,1.75
2024-02-21,Los Cabos Open,1st Round,Hard,Giron M.,Daniel T.,44,62.0,1.4,3.0,1.45,2.94,1.45,3.0
2024-02-21,Los Cabos Open,1st Round,Hard,Vukic A.,Pacheco Mendez R.,72,692.0,1.22,4.33,1.25,4.31,1.25,4.34
2024-02-21,Qatar Exxon Mobil Open,2nd Round,Hard,Ruusuvuori E.,O Connell C.,43,65.0,1.3,3.5,1.37,3.4,1.38,3.5
2024-02-21,Qatar Exxon Mobil Open,2nd Round,Hard,Khachanov K.,Marozsan F.,17,60.0,1.29,3.75,1.32,3.72,1.33,3.8
2024-02-21,Qatar Exxon Mobil Open,2nd Round,Hard,Bublik A.,Fucsovics M.,21,80.0,2.1,1.73,2.16,1.78,2.16,1.8
2024-02-21,Qatar Exxon Mobil Open,2nd Round,Hard,Popyrin A.,Grenier H.,46,151.0,1.44,2.75,1.44,3.01,1.47,3.01
2024-02-21,Qatar Exxon Mobil Open,2nd Round,Hard,Humbert U.,Kotov P.,18,64.0,1.3,3.5,1.32,3.73,1.33,3.73
2024-02-21,Qatar Exxon Mobil Open,2nd Round,Hard,Rublev A.,Gasquet R.,5,126.0,1.1,7.0,1.11,8.54,1.11,8.54
2024-02-21,Qatar Exxon Mobil Open,2nd Round,Hard,Monfils G.,Zhang Zh.,68,48.0,1.67,2.2,1.79,2.15,1.79,2.3
2024-02-21,Los Cabos Open,1st Round,Hard,Nishioka Y.,Cobolli F.,84,69.0,1.8,2.0,1.93,1.96,1.93,2.01
2024-02-21,Qatar Exxon Mobil Open,2nd Round,Hard,Mensik J.,Murray A.,116,50.0,1.67,2.2,1.81,2.12,1.81,2.22
2024-02-21,Los Cabos Open,1st Round,Hard,Nava E.,Schwartzman D.,146,115.0,1.8,2.0,1.85,2.05,1.87,2.05
2024-02-22,Rio Open,2nd Round,Clay,Lajovic D.,Djere L.,58,35.0,2.3,1.62,2.3,1.69,2.3,1.69
2024-02-22,Rio Open,2nd Round,Clay,Baez S.,Diaz Acosta F.,30,59.0,1.53,2.5,1.53,2.58,1.57,2.63
2024-02-22,Los Cabos Open,2nd Round,Hard,Thompson J.,Nava E.,40,146.0,1.3,3.5,1.28,4.13,1.32,4.13
2024-02-22,Los Cabos Open,2nd Round,Hard,Borges N.,Purcell M.,47,51.0,1.57,2.38,1.63,2.44,1.65,2.44
2024-02-22,Los Cabos Open,2nd Round,Hard,Tsitsipas S.,Vukic A.,11,72.0,1.13,6.0,1.13,7.13,1.14,7.13
2024-02-22,Rio Open,2nd Round,Clay,Monteiro T.,Meligeni Alves F.,117,153.0,1.73,2.1,1.76,2.19,1.76,2.2
2024-02-22,Los Cabos Open,2nd Round,Hard,Ruud C.,Giron M.,12,44.0,1.67,2.2,1.74,2.23,1.75,2.3
2024-02-22,Los Cabos Open,2nd Round,Hard,Kokkinakis T.,Evans D.,103,42.0,2.0,1.8,2.09,1.83,2.09,1.83
2024-02-22,Los Cabos Open,2nd Round,Hard,Zverev A.,Nishioka Y.,6,84.0,1.17,5.0,1.2,5.27,1.2,5.27
2024-02-22,Los Cabos Open,Quarterfinals,Hard,Ruud C.,Borges N.,12,47.0,1.36,3.2,1.38,3.31,1.4,3.31
2024-02-22,Qatar Exxon Mobil Open,Quarterfinals,Hard,Popyrin A.,Bublik A.,46,21.0,2.2,1.67,2.23,1.74,2.31,1.74
2024-02-22,Qatar Exxon Mobil Open,Quarterfinals,Hard,Khachanov K.,Ruusuvuori E.,17,43.0,1.62,2.3,1.68,2.32,1.68,2.32
2024-02-22,Qatar Exxon Mobil Open,Quarterfinals,Hard,Mensik J.,Rublev A.,116,5.0,6.0,1.13,6.68,1.14,6.68,1.14
2024-02-22,Qatar Exxon Mobil Open,Quarterfinals,Hard,Monfils G.,Humbert U.,68,18.0,3.2,1.36,3.61,1.34,3.61,1.4
2024-02-22,Rio Open,2nd Round,Clay,Navone M.,Hanfmann Y.,113,56.0,2.2,1.67,2.2,1.75,2.22,1.75
2024-02-22,Los Cabos Open,Quarterfinals,Hard,Thompson J.,Michelsen A.,40,74.0,1.8,2.0,1.7,2.29,1.82,2.29
2024-02-22,Rio Open,2nd Round,Clay,Norrie C.,Barrios M.,23,120.0,1.14,5.5,1.19,5.51,1.19,5.51
2024-02-22,Rio Open,2nd Round,Clay,Seyboth Wild T.,Munar J.,82,73.0,2.1,1.73,2.25,1.72,2.25,1.75
2024-02-23,Rio Open,2nd Round,Clay,Fonseca J.,Garin C.,655,88.0,2.0,1.8,2.07,1.85,2.14,1.86
2024-02-23,Rio Open,Quarterfinals,Clay,Cerundolo F.,Lajovic D.,22,58.0,1.62,2.3,1.67,2.35,1.73,2.4
2024-02-23,Rio Open,Quarterfinals,Clay,Baez S.,Monteiro T.,30,117.0,1.4,3.0,1.4,3.23,1.4,3.23
2024-02-23,Rio Open,Quarterfinals,Clay,Norrie C.,Seyboth Wild T.,23,82.0,1.36,3.2,1.38,3.31,1.38,3.31
2024-02-23,Los Cabos Open,Quarterfinals,Hard,Zverev A.,Kokkinakis T.,6,103.0,1.17,5.0,1.17,5.88,1.19,5.88
2024-02-23,Qatar Exxon Mobil Open,Semifinals,Hard,Khachanov K.,Popyrin A.,17,46.0,1.36,3.2,1.45,2.97,1.45,3.2
2024-02-23,Qatar Exxon Mobil Open,Semifinals,Hard,Mensik J.,Monfils G.,116,68.0,2.2,1.67,2.31,1.69,2.31,1.7
2024-02-23,Los Cabos Open,Quarterfinals,Hard,Tsitsipas S.,Kovacevic A.,11,100.0,1.14,5.5,1.14,6.95,1.17,6.95
2024-02-24,Rio Open,Semifinals,Clay,Navone M.,Norrie C.,113,23.0,3.5,1.3,3.5,1.36,3.53,1.36
2024-02-24,Los Cabos Open,Semifinals,Hard,Ruud C.,Tsitsipas S.,12,11.0,1.91,1.91,1.93,1.97,1.96,1.97
2024-02-24,Qatar Exxon Mobil Open,The Final,Hard,Khachanov K.,Mensik J.,17,116.0,1.36,3.2,1.44,3.04,1.44,3.2
2024-02-24,Los Cabos Open,Semifinals,Hard,Thompson J.,Zverev A.,40,6.0,4.5,1.2,4.67,1.23,4.67,1.25
2024-02-24,Rio Open,Quarterfinals,Clay,Navone M.,Fonseca J.,113,655.0,2.0,1.8,2.02,1.89,2.02,2.1
2024-02-24,Rio Open,Semifinals,Clay,Baez S.,Cerundolo F.,30,22.0,1.53,2.5,1.62,2.46,1.62,2.67
2024-02-25,Los Cabos Open,The Final,Hard,Thompson J.,Ruud C.,40,12.0,3.5,1.3,3.29,1.37,3.53,1.44
2024-02-25,Rio Open,The Final,Clay,Baez S.,Navone M.,30,113.0,1.36,3.2,1.42,3.14,1.45,3.2
2024-02-26,Dubai Tennis Championships,1st Round,Hard,Murray A.,Shapovalov D.,67,120.0,2.1,1.73,2.11,1.81,2.11,1.81
2024-02-26,Dubai Tennis Championships,1st Round,Hard,Bublik A.,Machac T.,23,65.0,2.1,1.73,2.28,1.69,2.28,1.73
2024-02-26,Dubai Tennis Championships,1st Round,Hard,Griekspoor T.,Shelbayh A.,28,228.0,1.25,4.0,1.3,3.88,1.31,4.05
2024-02-26,Chile Open,1st Round,Clay,Coria F.,Molcan A.,88,135.0,2.2,1.67,2.13,1.79,2.24,1.8
2024-02-26,Dubai Tennis Championships,1st Round,Hard,Hurkacz H.,Struff J.L.,8,25.0,1.17,5.0,1.23,4.64,1.23,5.0
2024-02-26,Chile Open,1st Round,Clay,Diaz Acosta F.,Cachin P.,52,78.0,1.44,2.75,1.46,2.9,1.47,2.9
2024-02-26,Dubai Tennis Championships,1st Round,Hard,Korda S.,Kotov P.,33,63.0,1.36,3.2,1.43,3.01,1.44,3.2
2024-02-26,Dubai Tennis Championships,1st Round,Hard,Rublev A.,Zhang Zh.,5,46.0,1.17,5.0,1.19,5.33,1.2,5.33
2024-02-26,Dubai Tennis Championships,1st Round,Hard,Van De Zandschulp B.,Mannarino A.,75,19.0,1.91,1.91,1.92,1.97,2.03,1.97
2024-02-26,Chile Open,1st Round,Clay,Martinez P.,Passaro F.,101,224.0,1.5,2.63,1.45,2.95,1.5,3.03
2024-02-27,Abierto Mexicano,1st Round,Hard,Nishioka Y.,Borges N.,82,56.0,2.38,1.57,2.41,1.63,2.41,1.67
2024-02-27,Abierto Mexicano,1st Round,Hard,Cobolli F.,Auger-Aliassime F.,69,30.0,3.0,1.4,3.32,1.37,3.5,1.4
2024-02-27,Abierto Mexicano,1st Round,Hard,De Minaur A.,Daniel T.,9,64.0,1.13,6.0,1.12,7.6,1.13,7.6
2024-02-27,Abierto Mexicano,1st Round,Hard,Ofner S.,Escobedo E.,37,493.0,1.33,3.4,1.36,3.43,1.36,3.55
2024-02-27,Abierto Mexicano,1st Round,Hard,Draper J.,Paul T.,50,14.0,2.1,1.73,2.15,1.78,2.15,1.8
2024-02-27,Abierto Mexicano,1st Round,Hard,Kecmanovic M.,Schwartzman D.,53,117.0,1.4,3.0,1.44,2.98,1.45,3.0
2024-02-27,Dubai Tennis Championships,1st Round,Hard,Lehecka J.,Fucsovics M.,36,77.0,1.62,2.3,1.74,2.2,1.74,2.32
2024-02-27,Dubai Tennis Championships,1st Round,Hard,Davidovich Fokina A.,Marozsan F.,24,59.0,1.53,2.5,1.63,2.4,1.63,2.51
2024-02-27,Chile Open,1st Round,Clay,Seyboth Wild T.,Burruchaga R.,73,159.0,1.53,2.5,1.61,2.44,1.61,2.5
2024-02-27,Dubai Tennis Championships,1st Round,Hard,Humbert U.,Monfils G.,18,54.0,1.53,2.5,1.51,2.72,1.58,2.72
2024-02-27,Dubai Tennis Championships,1st Round,Hard,O Connell C.,Marterer M.,68,96.0,1.67,2.2,1.67,2.33,1.85,2.33
2024-02-27,Dubai Tennis Championships,1st Round,Hard,Khachanov K.,Van Assche L.,15,72.0,1.2,4.5,1.2,5.05,1.23,5.05
2024-02-27,Dubai Tennis Championships,1st Round,Hard,Mensik J.,Coric B.,87,31.0,2.1,1.73,1.99,1.9,2.12,1.9
2024-02-27,Dubai Tennis Championships,1st Round,Hard,Medvedev D.,Shevchenko A.,4,47.0,1.1,7.0,1.14,6.71,1.14,7.03
2024-02-27,Dubai Tennis Championships,1st Round,Hard,Sonego L.,Nagal S.,48,97.0,1.53,2.5,1.52,2.67,1.54,2.75
2024-02-27,Chile Open,1st Round,Clay,Moutet C.,Carballes Baena R.,140,66.0,2.0,1.8,2.06,1.84,2.06,1.84
2024-02-27,Abierto Mexicano,1st Round,Hard,Shelton B.,Evans D.,17,41.0,1.36,3.2,1.39,3.22,1.4,3.4
2024-02-27,Dubai Tennis Championships,1st Round,Hard,Cazaux A.,Musetti L.,86,26.0,1.44,2.75,1.5,2.78,1.5,2.9
2024-02-27,Chile Open,1st Round,Clay,Cerundolo J.M.,Hanfmann Y.,161,49.0,2.38,1.57,2.44,1.62,2.44,1.62
2024-02-27,Abierto Mexicano,1st Round,Hard,Arnaldi M.,Fritz T.,42,10.0,5.0,1.17,5.28,1.19,5.28,1.2
2024-02-27,Chile Open,1st Round,Clay,Ramos-Vinolas A.,Dellien H.,104,157.0,2.1,1.73,2.14,1.78,2.14,1.78
2024-02-27,Chile Open,1st Round,Clay,Tirante T.A.,Fonseca J.,100,343.0,2.2,1.67,2.25,1.71,2.25,1.73
2024-02-27,Chile Open,1st Round,Clay,Varillas J.P.,Comesana F.,119,114.0,1.73,2.1,1.8,2.11,1.86,2.12
2024-02-27,Chile Open,1st Round,Clay,Barrios M.,Garin C.,111,83.0,3.0,1.4,3.04,1.43,3.04,1.45
2024-02-27,Chile Open,1st Round,Clay,Munar J.,Zapata Miralles B.,70,143.0,1.44,2.75,1.49,2.78,1.53,2.82
2024-02-28,Abierto Mexicano,1st Round,Hard,Rune H.,Mmoh M.,7,122.0,1.33,3.4,1.35,3.5,1.35,3.6
2024-02-28,Abierto Mexicano,1st Round,Hard,Ruud C.,Eubanks C.,11,34.0,1.17,5.0,1.2,5.1,1.22,5.1
2024-02-28,Dubai Tennis Championships,2nd Round,Hard,Hurkacz H.,O Connell C.,8,68.0,1.13,6.0,1.19,5.36,1.19,6.25
2024-02-28,Dubai Tennis Championships,2nd Round,Hard,Davidovich Fokina A.,Mensik J.,24,87.0,1.67,2.2,1.75,2.21,1.75,2.23
2024-02-28,Dubai Tennis Championships,2nd Round,Hard,Korda S.,Van De Zandschulp B.,33,75.0,1.53,2.5,1.55,2.64,1.55,2.75
2024-02-28,Dubai Tennis Championships,2nd Round,Hard,Medvedev D.,Sonego L.,4,48.0,1.1,7.0,1.12,7.77,1.12,7.77
2024-02-28,Dubai Tennis Championships,2nd Round,Hard,Lehecka J.,Khachanov K.,36,15.0,2.75,1.44,3.03,1.44,3.03,1.45
2024-02-28,Dubai Tennis Championships,2nd Round,Hard,Humbert U.,Murray A.,18,67.0,1.36,3.2,1.37,3.42,1.38,3.42
2024-02-28,Dubai Tennis Championships,2nd Round,Hard,Rublev A.,Cazaux A.,5,86.0,1.29,3.75,1.33,3.64,1.36,3.75
2024-02-28,Dubai Tennis Championships,2nd Round,Hard,Bublik A.,Griekspoor T.,23,28.0,1.91,1.91,1.99,1.92,1.99,1.99
2024-02-28,Abierto Mexicano,1st Round,Hard,Kovacevic A.,Thompson J.,93,32.0,2.5,1.53,2.55,1.57,2.55,1.57
2024-02-28,Abierto Mexicano,1st Round,Hard,Lajovic D.,Pacheco Mendez R.,55,700.0,1.2,4.5,1.25,4.39,1.25,4.54
2024-02-28,Chile Open,2nd Round,Clay,Jarry N.,Coria F.,22,88.0,1.3,3.5,1.34,3.58,1.34,3.6
2024-02-28,Chile Open,2nd Round,Clay,Fils A.,Seyboth Wild T.,44,73.0,1.73,2.1,1.78,2.16,1.85,2.16
2024-02-28,Chile Open,2nd Round,Clay,Moutet C.,Tirante T.A.,140,100.0,1.73,2.1,1.61,2.49,1.74,2.49
2024-02-28,Chile Open,2nd Round,Clay,Martinez P.,Diaz Acosta F.,101,52.0,2.38,1.57,2.44,1.63,2.44,1.63
2024-02-28,Chile Open,1st Round,Clay,Darderi L.,Bagnis F.,80,148.0,1.53,2.5,1.54,2.62,1.54,2.65
2024-02-28,Abierto Mexicano,1st Round,Hard,Koepfer D.,Atmane T.,58,146.0,1.44,2.75,1.51,2.74,1.53,2.78
2024-02-28,Abierto Mexicano,1st Round,Hard,Tiafoe F.,Purcell M.,16,62.0,1.36,3.2,1.39,3.22,1.4,3.22
2024-02-28,Abierto Mexicano,1st Round,Hard,Altmaier D.,Zverev A.,57,6.0,10.0,1.06,8.37,1.1,10.0,1.1
2024-02-28,Abierto Mexicano,1st Round,Hard,Tsitsipas S.,Safiullin R.,12,39.0,1.4,3.0,1.4,3.18,1.45,3.18
2024-02-29,Chile Open,2nd Round,Clay,Baez S.,Varillas J.P.,21,119.0,1.29,3.75,1.28,4.07,1.3,4.1
2024-02-29,Chile Open,2nd Round,Clay,Munar J.,Ramos-Vinolas A.,70,104.0,1.36,3.2,1.4,3.22,1.4,3.22
2024-02-29,Chile Open,2nd Round,Clay,Darderi L.,Cerundolo J.M.,80,161.0,1.44,2.75,1.46,2.94,1.5,2.94
2024-02-29,Chile Open,2nd Round,Clay,Tabilo A.,Barrios M.,51,111.0,1.44,2.75,1.47,2.91,1.47,2.91
2024-02-29,Dubai Tennis Championships,Quarterfinals,Hard,Humbert U.,Hurkacz H.,18,8.0,2.1,1.73,2.23,1.74,2.25,1.74
2024-02-29,Abierto Mexicano,2nd Round,Hard,Tsitsipas S.,Cobolli F.,12,69.0,1.14,5.5,1.18,5.67,1.18,5.7
2024-02-29,Abierto Mexicano,2nd Round,Hard,De Minaur A.,Ofner S.,9,37.0,1.08,8.0,1.12,7.88,1.12,8.01
2024-02-29,Dubai Tennis Championships,Quarterfinals,Hard,Medvedev D.,Davidovich Fokina A.,4,24.0,1.2,4.5,1.22,4.93,1.22,4.93
2024-02-29,Dubai Tennis Championships,Quarterfinals,Hard,Rublev A.,Korda S.,5,33.0,1.4,3.0,1.43,3.08,1.44,3.19
2024-02-29,Dubai Tennis Championships,Quarterfinals,Hard,Bublik A.,Lehecka J.,23,36.0,2.0,1.8,2.17,1.78,2.17,1.85
2024-02-29,Abierto Mexicano,2nd Round,Hard,Draper J.,Nishioka Y.,50,82.0,1.2,4.5,1.25,4.45,1.25,4.5
2024-02-29,Abierto Mexicano,2nd Round,Hard,Koepfer D.,Tiafoe F.,58,16.0,2.63,1.5,2.58,1.57,2.79,1.62
2024-02-29,Abierto Mexicano,2nd Round,Hard,Kecmanovic M.,Altmaier D.,53,57.0,1.57,2.38,1.64,2.41,1.64,2.5
2024-02-29,Abierto Mexicano,2nd Round,Hard,Shelton B.,Arnaldi M.,17,42.0,1.4,3.0,1.51,2.78,1.51,3.0
2024-02-29,Abierto Mexicano,2nd Round,Hard,Rune H.,Kovacevic A.,7,93.0,1.17,5.0,1.22,4.9,1.23,5.05
2024-02-29,Abierto Mexicano,2nd Round,Hard,Ruud C.,Lajovic D.,11,55.0,1.2,4.5,1.24,4.65,1.25,4.65
2024-03-01,Chile Open,Quarterfinals,Clay,Martinez P.,Fils A.,101,44.0,2.75,1.44,2.68,1.54,2.75,1.54
2024-03-01,Abierto Mexicano,Quarterfinals,Hard,De Minaur A.,Tsitsipas S.,9,12.0,2.0,1.8,1.93,1.98,2.1,1.98
2024-03-01,Dubai Tennis Championships,Semifinals,Hard,Humbert U.,Medvedev D.,18,4.0,3.0,1.4,3.05,1.43,3.1,1.43
2024-03-01,Abierto Mexicano,Quarterfinals,Hard,Rune H.,Koepfer D.,7,58.0,1.33,3.4,1.39,3.3,1.39,3.5
2024-03-01,Abierto Mexicano,Quarterfinals,Hard,Ruud C.,Shelton B.,11,17.0,1.73,2.1,1.71,2.28,1.8,2.28
2024-03-01,Chile Open,Quarterfinals,Clay,Tabilo A.,Darderi L.,51,80.0,1.62,2.3,1.75,2.22,1.75,2.35
2024-03-01,Chile Open,Quarterfinals,Clay,Moutet C.,Jarry N.,140,22.0,4.33,1.22,4.78,1.23,4.78,1.23
2024-03-01,Dubai Tennis Championships,Semifinals,Hard,Bublik A.,Rublev A.,23,5.0,3.75,1.29,4.09,1.3,4.09,1.31
2024-03-01,Abierto Mexicano,Quarterfinals,Hard,Draper J.,Kecmanovic M.,50,53.0,1.33,3.4,1.38,3.35,1.38,3.5
2024-03-01,Chile Open,Quarterfinals,Clay,Baez S.,Munar J.,21,70.0,1.5,2.63,1.54,2.67,1.54,2.67
2024-03-02,Chile Open,Semifinals,Clay,Tabilo A.,Moutet C.,51,140.0,1.5,2.63,1.57,2.58,1.58,2.63
2024-03-02,Dubai Tennis Championships,The Final,Hard,Humbert U.,Bublik A.,18,23.0,1.4,3.0,1.43,3.08,1.44,3.08
2024-03-02,Abierto Mexicano,Semifinals,Hard,De Minaur A.,Draper J.,9,50.0,1.62,2.3,1.68,2.33,1.68,2.33
2024-03-02,Abierto Mexicano,Semifinals,Hard,Ruud C.,Rune H.,11,7.0,1.73,2.1,1.66,2.37,1.73,2.37
2024-03-03,Abierto Mexicano,The Final,Hard,De Minaur A.,Ruud C.,9,11.0,1.57,2.38,1.6,2.5,1.6,2.5
2024-03-03,Chile Open,Semifinals,Clay,Baez S.,Martinez P.,21,101.0,1.33,3.4,1.43,3.07,1.44,3.4
2024-03-03,Chile Open,The Final,Clay,Baez S.,Tabilo A.,21,51.0,1.5,2.63,1.57,2.59,1.57,2.63
2024-03-06,BNP Paribas Open,1st Round,Hard,Daniel T.,Galan D.E.,76,84.0,1.44,2.75,1.46,2.9,1.53,2.9
2024-03-06,BNP Paribas Open,1st Round,Hard,Murray A.,Goffin D.,61,112.0,1.67,2.2,1.71,2.25,1.74,2.25
2024-03-06,BNP Paribas Open,1st Round,Hard,Marozsan F.,Rodionov J.,58,96.0,1.57,2.38,1.47,2.81,1.74,2.81
2024-03-06,BNP Paribas Open,1st Round,Hard,Arnaldi M.,Van Assche L.,40,86.0,1.5,2.63,1.56,2.56,1.57,2.63
2024-03-06,BNP Paribas Open,1st Round,Hard,O Connell C.,Draper J.,66,37.0,4.33,1.22,4.78,1.22,4.78,1.25
2024-03-06,BNP Paribas Open,1st Round,Hard,Shevchenko A.,Koepfer D.,51,49.0,2.2,1.67,2.31,1.68,2.31,1.76
2024-03-06,BNP Paribas Open,1st Round,Hard,Hanfmann Y.,Cachin P.,57,79.0,1.4,3.0,1.43,3.01,1.45,3.15
2024-03-06,BNP Paribas Open,1st Round,Hard,Kokkinakis T.,Giron M.,99,48.0,2.63,1.5,2.84,1.48,2.84,1.53
2024-03-06,BNP Paribas Open,1st Round,Hard,Nakashima B.,Eubanks C.,93,34.0,1.5,2.63,1.48,2.82,1.53,2.82
2024-03-07,BNP Paribas Open,1st Round,Hard,Seyboth Wild T.,Wolf J.J.,65,94.0,1.57,2.38,1.64,2.39,1.65,2.43
2024-03-07,BNP Paribas Open,1st Round,Hard,Michelsen A.,Munar J.,80,75.0,1.36,3.2,1.41,3.1,1.44,3.2
2024-03-07,BNP Paribas Open,1st Round,Hard,Coric B.,Ofner S.,35,38.0,1.3,3.5,1.36,3.42,1.37,3.5
2024-03-07,BNP Paribas Open,1st Round,Hard,Monfils G.,Purcell M.,54,71.0,1.29,3.75,1.34,3.51,1.34,3.75
2024-03-07,BNP Paribas Open,1st Round,Hard,Safiullin R.,Evans D.,42,45.0,1.67,2.2,1.74,2.2,1.74,2.3
2024-03-07,BNP Paribas Open,1st Round,Hard,Mensik J.,Hong S.,81,227.0,1.2,4.5,1.25,4.38,1.25,4.5
2024-03-07,BNP Paribas Open,1st Round,Hard,Pouille L.,Altmaier D.,273,53.0,2.0,1.8,2.17,1.76,2.17,1.84
2024-03-07,BNP Paribas Open,1st Round,Hard,Lestienne C.,Kudla D.,100,179.0,1.73,2.1,1.87,2.02,1.87,2.1
2024-03-07,BNP Paribas Open,1st Round,Hard,Sonego L.,Kecmanovic M.,55,47.0,2.1,1.73,2.31,1.68,2.31,1.8
2024-03-07,BNP Paribas Open,1st Round,Hard,Machac T.,Wawrinka S.,63,70.0,1.5,2.63,1.55,2.6,1.55,2.63
2024-03-07,BNP Paribas Open,1st Round,Hard,Vukic A.,Mochizuki S.,69,149.0,1.91,1.91,2.0,1.89,2.0,1.95
2024-03-07,BNP Paribas Open,1st Round,Hard,Lajovic D.,Ruusuvuori E.,56,46.0,2.75,1.44,2.76,1.5,2.9,1.45
2024-03-08,BNP Paribas Open,2nd Round,Hard,De Minaur A.,Daniel T.,10,76.0,1.07,9.0,1.09,9.35,1.11,9.35
2024-03-08,BNP Paribas Open,2nd Round,Hard,Tsitsipas S.,Pouille L.,11,273.0,1.14,5.5,1.16,5.92,1.17,5.92
2024-03-08,BNP Paribas Open,2nd Round,Hard,Marozsan F.,Jarry N.,58,24.0,2.2,1.67,2.23,1.72,2.23,1.72
2024-03-08,BNP Paribas Open,2nd Round,Hard,Rublev A.,Murray A.,5,61.0,1.2,4.5,1.18,5.66,1.2,5.66
2024-03-08,BNP Paribas Open,2nd Round,Hard,Zverev A.,O Connell C.,6,66.0,1.14,5.5,1.19,5.44,1.19,5.55
2024-03-08,BNP Paribas Open,2nd Round,Hard,Auger-Aliassime F.,Lestienne C.,31,100.0,1.25,4.0,1.24,4.45,1.26,4.45
2024-03-08,BNP Paribas Open,2nd Round,Hard,Cerundolo F.,Shevchenko A.,22,51.0,2.1,1.73,2.35,1.66,2.35,1.74
2024-03-08,BNP Paribas Open,2nd Round,Hard,Sinner J.,Kokkinakis T.,3,99.0,1.08,8.0,1.07,11.05,1.1,11.05
2024-03-08,BNP Paribas Open,1st Round,Hard,Klein L.,Moreno De Alboran N.,141,166.0,1.57,2.38,1.57,2.54,1.59,2.54
2024-03-08,BNP Paribas Open,1st Round,Hard,Fils A.,Borges N.,43,60.0,1.73,2.1,1.77,2.16,1.77,2.16
2024-03-08,BNP Paribas Open,1st Round,Hard,Shapovalov D.,Van De Zandschulp B.,131,82.0,1.62,2.3,1.68,2.3,1.7,2.3
2024-03-08,BNP Paribas Open,1st Round,Hard,Tabilo A.,Kotov P.,39,67.0,1.62,2.3,1.66,2.34,1.7,2.34
2024-03-08,BNP Paribas Open,1st Round,Hard,Muller A.,Grenier H.,88,146.0,1.8,2.0,1.89,2.0,1.89,2.02
2024-03-08,BNP Paribas Open,1st Round,Hard,Zhang Zh.,Kovacevic A.,50,92.0,1.62,2.3,1.61,2.46,1.65,2.46
2024-03-08,BNP Paribas Open,1st Round,Hard,Raonic M.,Nagal S.,224,101.0,1.4,3.0,1.39,3.25,1.43,3.25
2024-03-08,BNP Paribas Open,1st Round,Hard,Kypson P.,Quinn E.,151,284.0,1.67,2.2,1.68,2.31,1.68,2.31
2024-03-08,BNP Paribas Open,1st Round,Hard,Fognini F.,Zapata Miralles B.,108,144.0,1.53,2.5,1.56,2.59,1.56,2.63
2024-03-08,BNP Paribas Open,1st Round,Hard,Shang J.,Thompson J.,139,33.0,2.75,1.44,2.8,1.49,2.8,1.5
2024-03-08,BNP Paribas Open,1st Round,Hard,Carballes Baena R.,Cobolli F.,64,62.0,3.2,1.36,3.1,1.41,3.2,1.41
2024-03-09,BNP Paribas Open,2nd Round,Hard,Humbert U.,Kypson P.,14,151.0,1.2,4.5,1.19,5.41,1.21,5.43
2024-03-09,BNP Paribas Open,2nd Round,Hard,Fils A.,Davidovich Fokina A.,43,23.0,2.1,1.73,2.22,1.73,2.24,1.75
2024-03-09,BNP Paribas Open,2nd Round,Hard,Dimitrov G.,Muller A.,13,88.0,1.14,5.5,1.16,5.75,1.18,5.75
2024-03-09,BNP Paribas Open,2nd Round,Hard,Djokovic N.,Vukic A.,1,69.0,1.02,21.0,1.02,26.38,1.02,26.38
2024-03-09,BNP Paribas Open,2nd Round,Hard,Baez S.,Fognini F.,19,108.0,1.33,3.4,1.38,3.26,1.4,3.5
2024-03-09,BNP Paribas Open,2nd Round,Hard,Musetti L.,Shapovalov D.,26,131.0,2.5,1.53,2.64,1.53,2.64,1.56
2024-03-09,BNP Paribas Open,2nd Round,Hard,Mannarino A.,Machac T.,21,63.0,2.63,1.5,2.66,1.53,2.75,1.54
2024-03-09,BNP Paribas Open,2nd Round,Hard,Fritz T.,Tabilo A.,12,39.0,1.17,5.0,1.2,5.04,1.2,5.3
2024-03-09,BNP Paribas Open,2nd Round,Hard,Norrie C.,Sonego L.,28,55.0,1.67,2.2,1.66,2.35,1.7,2.35
2024-03-09,BNP Paribas Open,2nd Round,Hard,Nardi L.,Zhang Zh.,123,50.0,3.0,1.4,3.14,1.4,3.15,1.45
2024-03-09,BNP Paribas Open,2nd Round,Hard,Tiafoe F.,Lajovic D.,18,56.0,1.5,2.63,1.54,2.64,1.54,2.75
2024-03-09,BNP Paribas Open,2nd Round,Hard,Seyboth Wild T.,Khachanov K.,65,15.0,3.75,1.29,3.97,1.29,3.98,1.32
2024-03-09,BNP Paribas Open,2nd Round,Hard,Struff J.L.,Coric B.,25,35.0,2.3,1.62,2.28,1.69,2.33,1.69
2024-03-09,BNP Paribas Open,2nd Round,Hard,Bublik A.,Shang J.,20,139.0,1.62,2.3,1.68,2.31,1.68,2.31
2024-03-09,BNP Paribas Open,2nd Round,Hard,Alcaraz C.,Arnaldi M.,2,40.0,1.1,7.0,1.14,6.75,1.14,7.03
2024-03-09,BNP Paribas Open,2nd Round,Hard,Lehecka J.,Nakashima B.,32,93.0,1.8,2.0,1.87,2.03,1.9,2.03
2024-03-09,BNP Paribas Open,2nd Round,Hard,Griekspoor T.,Hanfmann Y.,27,57.0,1.4,3.0,1.45,2.96,1.45,3.15
2024-03-09,BNP Paribas Open,2nd Round,Hard,Shelton B.,Mensik J.,16,81.0,1.5,2.63,1.5,2.77,1.5,2.77
2024-03-09,BNP Paribas Open,2nd Round,Hard,Rune H.,Raonic M.,7,224.0,1.44,2.75,1.42,3.06,1.5,3.06
2024-03-10,BNP Paribas Open,3rd Round,Hard,Lehecka J.,Rublev A.,32,5.0,4.0,1.25,4.21,1.27,4.21,1.29
2024-03-10,BNP Paribas Open,3rd Round,Hard,Sinner J.,Struff J.L.,3,25.0,1.06,10.0,1.07,12.24,1.07,12.29
2024-03-10,BNP Paribas Open,3rd Round,Hard,Alcaraz C.,Auger-Aliassime F.,2,31.0,1.2,4.5,1.22,4.96,1.22,5.0
2024-03-10,BNP Paribas Open,3rd Round,Hard,De Minaur A.,Bublik A.,10,20.0,1.25,4.0,1.25,4.46,1.29,4.46
2024-03-10,BNP Paribas Open,3rd Round,Hard,Tsitsipas S.,Tiafoe F.,11,18.0,1.4,3.0,1.43,3.1,1.44,3.3
2024-03-10,BNP Paribas Open,2nd Round,Hard,Paul T.,Michelsen A.,17,80.0,1.44,2.75,1.49,2.81,1.5,2.81
2024-03-10,BNP Paribas Open,2nd Round,Hard,Medvedev D.,Carballes Baena R.,4,64.0,1.03,15.0,1.03,15.84,1.04,18.0
2024-03-10,BNP Paribas Open,2nd Round,Hard,Monfils G.,Hurkacz H.,54,8.0,2.63,1.5,2.68,1.52,2.68,1.57
2024-03-10,BNP Paribas Open,2nd Round,Hard,Ruud C.,Klein L.,9,141.0,1.2,4.5,1.23,4.54,1.25,4.54
2024-03-10,BNP Paribas Open,2nd Round,Hard,Korda S.,Safiullin R.,29,42.0,1.57,2.38,1.67,2.33,1.78,2.45
2024-03-10,BNP Paribas Open,3rd Round,Hard,Marozsan F.,Seyboth Wild T.,58,65.0,2.2,1.67,2.25,1.72,2.25,1.77
2024-03-11,BNP Paribas Open,3rd Round,Hard,Ruud C.,Fils A.,9,43.0,1.4,3.0,1.44,3.01,1.45,3.05
2024-03-11,BNP Paribas Open,3rd Round,Hard,Dimitrov G.,Mannarino A.,13,21.0,1.22,4.33,1.26,4.38,1.27,4.38
2024-03-11,BNP Paribas Open,3rd Round,Hard,Fritz T.,Baez S.,12,19.0,1.17,5.0,1.17,5.87,1.18,5.87
2024-03-11,BNP Paribas Open,3rd Round,Hard,Paul T.,Humbert U.,17,14.0,1.91,1.91,1.95,1.95,2.02,1.95
2024-03-11,BNP Paribas Open,3rd Round,Hard,Monfils G.,Norrie C.,54,28.0,1.8,2.0,1.85,2.05,1.85,2.1
2024-03-11,BNP Paribas Open,3rd Round,Hard,Rune H.,Musetti L.,7,26.0,1.33,3.4,1.36,3.46,1.36,3.5
2024-03-11,BNP Paribas Open,3rd Round,Hard,Shelton B.,Cerundolo F.,16,22.0,1.25,4.0,1.31,3.8,1.31,4.08
2024-03-11,BNP Paribas Open,3rd Round,Hard,Zverev A.,Griekspoor T.,6,27.0,1.29,3.75,1.32,3.77,1.32,3.77
2024-03-12,BNP Paribas Open,3rd Round,Hard,Nardi L.,Djokovic N.,123,1.0,17.0,1.03,25.37,1.02,25.37,1.04
2024-03-12,BNP Paribas Open,3rd Round,Hard,Medvedev D.,Korda S.,4,29.0,1.33,3.4,1.42,3.07,1.42,3.4
2024-03-12,BNP Paribas Open,4th Round,Hard,Lehecka J.,Tsitsipas S.,32,11.0,2.75,1.44,2.67,1.54,2.88,1.55
2024-03-12,BNP Paribas Open,4th Round,Hard,Alcaraz C.,Marozsan F.,2,58.0,1.08,8.0,1.11,8.25,1.11,8.26
2024-03-12,BNP Paribas Open,4th Round,Hard,Zverev A.,De Minaur A.,6,10.0,2.0,1.8,2.02,1.89,2.14,1.89
2024-03-13,BNP Paribas Open,4th Round,Hard,Sinner J.,Shelton B.,3,16.0,1.14,5.5,1.16,6.18,1.17,6.26
2024-03-13,BNP Paribas Open,4th Round,Hard,Ruud C.,Monfils G.,9,54.0,1.4,3.0,1.4,3.22,1.44,3.22
2024-03-13,BNP Paribas Open,4th Round,Hard,Paul T.,Nardi L.,17,123.0,1.13,6.0,1.2,5.24,1.21,6.06
2024-03-13,BNP Paribas Open,4th Round,Hard,Medvedev D.,Dimitrov G.,4,13.0,1.57,2.38,1.61,2.48,1.61,2.56
2024-03-14,BNP Paribas Open,Quarterfinals,Hard,Alcaraz C.,Zverev A.,2,6.0,1.36,3.2,1.4,3.18,1.4,3.2
2024-03-14,BNP Paribas Open,Quarterfinals,Hard,Paul T.,Ruud C.,17,9.0,2.0,1.8,1.95,1.95,2.14,1.95
2024-03-14,BNP Paribas Open,4th Round,Hard,Rune H.,Fritz T.,7,12.0,2.5,1.53,2.51,1.6,2.62,1.6
2024-03-14,BNP Paribas Open,Quarterfinals,Hard,Sinner J.,Lehecka J.,3,32.0,1.13,6.0,1.16,5.8,1.16,6.5
2024-03-15,BNP Paribas Open,Quarterfinals,Hard,Medvedev D.,Rune H.,4,7.0,1.44,2.75,1.45,3.0,1.48,3.12
2024-03-16,BNP Paribas Open,Semifinals,Hard,Alcaraz C.,Sinner J.,2,3.0,2.1,1.73,2.13,1.8,2.13,1.8
2024-03-17,BNP Paribas Open,Semifinals,Hard,Medvedev D.,Paul T.,4,17.0,1.33,3.4,1.38,3.33,1.4,3.61
2024-03-17,BNP Paribas Open,The Final,Hard,Alcaraz C.,Medvedev D.,2,4.0,1.36,3.2,1.38,3.31,1.4,3.31
2024-03-20,Miami Open,1st Round,Hard,Vavassori A.,Cachin P.,148,79.0,1.5,2.63,1.5,2.75,1.55,2.75
2024-03-20,Miami Open,1st Round,Hard,Arnaldi M.,Fils A.,38,37.0,2.1,1.73,2.11,1.8,2.15,1.8
2024-03-20,Miami Open,1st Round,Hard,Damm M.,Zhang Zh.,204,49.0,3.75,1.29,3.7,1.32,3.75,1.34
2024-03-20,Miami Open,1st Round,Hard,Seyboth Wild T.,Borges N.,76,61.0,1.91,1.91,2.0,1.89,2.0,1.91
2024-03-20,Miami Open,1st Round,Hard,Murray A.,Berrettini M.,62,142.0,2.1,1.73,2.1,1.81,2.13,1.82
2024-03-20,Miami Open,1st Round,Hard,Fucsovics M.,Purcell M.,86,68.0,1.44,2.75,1.45,2.94,1.46,2.94
2024-03-20,Miami Open,1st Round,Hard,Shang J.,Kecmanovic M.,124,46.0,2.2,1.67,2.27,1.7,2.3,1.71
2024-03-20,Miami Open,1st Round,Hard,Cobolli F.,Nishioka Y.,63,71.0,2.1,1.73,2.36,1.65,2.36,1.73
2024-03-20,Miami Open,1st Round,Hard,O Connell C.,Kopriva V.,66,116.0,1.29,3.75,1.34,3.54,1.35,3.75
2024-03-20,Miami Open,1st Round,Hard,Draper J.,Daniel T.,42,78.0,1.17,5.0,1.19,5.36,1.2,5.5
2024-03-20,Miami Open,1st Round,Hard,Shapovalov D.,Darderi L.,126,75.0,1.25,4.0,1.25,4.37,1.3,4.37
2024-03-20,Miami Open,1st Round,Hard,Van De Zandschulp B.,Hijikata R.,77,81.0,1.67,2.2,1.65,2.37,1.68,2.41
2024-03-20,Miami Open,1st Round,Hard,Van Assche L.,Kotov P.,80,67.0,1.73,2.1,1.67,2.31,1.75,2.36
2024-03-20,Miami Open,1st Round,Hard,Machac T.,Blanch D.,60,652.0,1.01,23.0,1.02,25.36,1.02,26.09
2024-03-21,Miami Open,1st Round,Hard,Monfils G.,Lajovic D.,47,52.0,1.33,3.4,1.34,3.51,1.36,3.51
2024-03-21,Miami Open,1st Round,Hard,Shevchenko A.,Galan D.E.,58,84.0,1.53,2.5,1.5,2.72,1.53,2.75
2024-03-21,Miami Open,1st Round,Hard,Popyrin A.,Diaz Acosta F.,45,55.0,1.5,2.63,1.57,2.5,1.58,2.63
2024-03-21,Miami Open,1st Round,Hard,Bautista Agut R.,Nava E.,100,132.0,1.73,2.1,1.75,2.18,1.75,2.23
2024-03-21,Miami Open,1st Round,Hard,Carballes Baena R.,Vukic A.,64,65.0,3.5,1.3,3.5,1.35,3.5,1.36
2024-03-21,Miami Open,1st Round,Hard,Landaluce M.,Munar J.,360,72.0,2.63,1.5,2.84,1.48,2.84,1.53
2024-03-21,Miami Open,1st Round,Hard,Marozsan F.,Kovacevic A.,57,98.0,1.67,2.2,1.67,2.33,1.68,2.33
2024-03-21,Miami Open,1st Round,Hard,Kwon S.W.,Muller A.,863,85.0,2.75,1.44,2.7,1.52,2.8,1.53
2024-03-21,Miami Open,1st Round,Hard,Hanfmann Y.,Ruusuvuori E.,56,48.0,4.0,1.25,3.99,1.28,4.0,1.3
2024-03-21,Miami Open,1st Round,Hard,Tabilo A.,Nakashima B.,44,92.0,2.38,1.57,2.48,1.6,2.5,1.6
2024-03-21,Miami Open,1st Round,Hard,Ofner S.,Nishikori K.,40,351.0,1.8,2.0,1.87,2.03,1.87,2.1
2024-03-21,Miami Open,1st Round,Hard,Auger-Aliassime F.,Walton A.,36,150.0,1.22,4.33,1.25,4.32,1.25,4.34
2024-03-21,Miami Open,1st Round,Hard,Djere L.,Wong C.,35,212.0,1.5,2.63,1.62,2.43,1.62,2.74
2024-03-21,Miami Open,1st Round,Hard,Altmaier D.,Mayot H.,54,141.0,1.73,2.1,1.81,2.1,1.82,2.12
2024-03-21,Miami Open,1st Round,Hard,Koepfer D.,Giron M.,50,51.0,2.3,1.62,2.43,1.62,2.43,1.65
2024-03-21,Miami Open,1st Round,Hard,Michelsen A.,Klein L.,73,128.0,1.73,2.1,1.76,2.17,1.77,2.21
2024-03-21,Miami Open,1st Round,Hard,Evans D.,Sonego L.,43,53.0,2.2,1.67,2.34,1.66,2.34,1.73
2024-03-22,Miami Open,2nd Round,Hard,Machac T.,Rublev A.,60,6.0,4.0,1.25,4.12,1.27,4.38,1.29
2024-03-22,Miami Open,2nd Round,Hard,Humbert U.,Van De Zandschulp B.,15,77.0,1.25,4.0,1.24,4.5,1.29,4.5
2024-03-22,Miami Open,1st Round,Hard,Safiullin R.,Schwartzman D.,39,122.0,1.33,3.4,1.4,3.19,1.4,3.4
2024-03-23,Miami Open,2nd Round,Hard,Ruud C.,Van Assche L.,8,80.0,1.22,4.33,1.22,4.85,1.23,4.85
2024-03-23,Miami Open,2nd Round,Hard,Alcaraz C.,Carballes Baena R.,2,64.0,1.02,21.0,1.01,21.29,1.02,26.0
2024-03-23,Miami Open,2nd Round,Hard,Eubanks C.,Evans D.,32,43.0,2.2,1.67,2.31,1.68,2.31,1.71
2024-03-23,Miami Open,2nd Round,Hard,Zverev A.,Auger-Aliassime F.,5,36.0,1.4,3.0,1.42,3.07,1.44,3.1
2024-03-23,Miami Open,2nd Round,Hard,Hurkacz H.,Shevchenko A.,9,58.0,1.17,5.0,1.17,5.43,1.22,5.73
2024-03-23,Miami Open,2nd Round,Hard,Norrie C.,Cobolli F.,31,63.0,1.29,3.75,1.32,3.82,1.32,4.0
2024-03-23,Miami Open,2nd Round,Hard,Medvedev D.,Fucsovics M.,4,86.0,1.14,5.5,1.16,6.03,1.18,6.19
2024-03-23,Miami Open,2nd Round,Hard,Arnaldi M.,Bublik A.,38,18.0,2.1,1.73,2.06,1.83,2.13,1.83
2024-03-23,Miami Open,2nd Round,Hard,Sinner J.,Vavassori A.,3,148.0,1.04,13.0,1.03,21.25,1.04,22.06
2024-03-23,Miami Open,2nd Round,Hard,Korda S.,Bautista Agut R.,29,100.0,1.3,3.5,1.3,3.87,1.33,4.0
2024-03-23,Miami Open,2nd Round,Hard,Davidovich Fokina A.,Shang J.,28,124.0,1.53,2.5,1.61,2.45,1.61,2.5
2024-03-23,Miami Open,2nd Round,Hard,Murray A.,Etcheverry T.,62,30.0,1.57,2.38,1.59,2.49,1.59,2.57
2024-03-23,Miami Open,2nd Round,Hard,O Connell C.,Tiafoe F.,66,22.0,2.63,1.5,2.7,1.52,2.75,1.53
2024-03-23,Miami Open,2nd Round,Hard,Jarry N.,Draper J.,23,42.0,3.0,1.4,3.18,1.4,3.3,1.4
2024-03-23,Miami Open,2nd Round,Hard,Damm M.,Paul T.,204,14.0,7.0,1.1,8.79,1.1,8.79,1.11
2024-03-23,Miami Open,2nd Round,Hard,Koepfer D.,Baez S.,50,19.0,1.62,2.3,1.65,2.35,1.65,2.38
2024-03-23,Miami Open,2nd Round,Hard,Seyboth Wild T.,Fritz T.,76,13.0,5.0,1.17,5.61,1.18,5.61,1.18
2024-03-23,Miami Open,2nd Round,Hard,Shapovalov D.,Tsitsipas S.,126,11.0,3.0,1.4,2.93,1.45,3.0,1.5
2024-03-23,Miami Open,2nd Round,Hard,Griekspoor T.,Michelsen A.,26,73.0,1.8,2.0,1.88,2.01,1.88,2.1
2024-03-24,Miami Open,3rd Round,Hard,Ruud C.,Davidovich Fokina A.,8,28.0,1.5,2.63,1.56,2.61,1.56,2.8
2024-03-24,Miami Open,2nd Round,Hard,De Minaur A.,Kwon S.W.,10,863.0,1.07,9.0,1.06,11.94,1.08,11.94
2024-03-24,Miami Open,3rd Round,Hard,Jarry N.,Seyboth Wild T.,23,76.0,1.91,1.91,1.89,2.02,1.91,2.02
2024-03-24,Miami Open,3rd Round,Hard,O Connell C.,Damm M.,66,204.0,1.4,3.0,1.43,3.08,1.44,3.1
2024-03-24,Miami Open,3rd Round,Hard,Arnaldi M.,Shapovalov D.,38,126.0,2.0,1.8,2.09,1.83,2.1,1.83
2024-03-24,Miami Open,3rd Round,Hard,Machac T.,Murray A.,60,62.0,1.53,2.5,1.6,2.51,1.62,2.51
2024-03-24,Miami Open,3rd Round,Hard,Sinner J.,Griekspoor T.,3,26.0,1.07,9.0,1.08,11.06,1.09,11.06
2024-03-24,Miami Open,2nd Round,Hard,Dimitrov G.,Tabilo A.,12,44.0,1.2,4.5,1.2,5.09,1.23,5.1
2024-03-24,Miami Open,2nd Round,Hard,Marozsan F.,Rune H.,57,7.0,3.2,1.36,3.3,1.38,3.4,1.38
2024-03-24,Miami Open,2nd Round,Hard,Musetti L.,Safiullin R.,24,39.0,2.63,1.5,2.63,1.54,2.63,1.58
2024-03-24,Miami Open,2nd Round,Hard,Shelton B.,Landaluce M.,17,360.0,1.11,6.5,1.14,6.79,1.14,6.79
2024-03-24,Miami Open,2nd Round,Hard,Struff J.L.,Altmaier D.,25,54.0,1.57,2.38,1.65,2.37,1.65,2.38
2024-03-24,Miami Open,2nd Round,Hard,Hanfmann Y.,Mannarino A.,56,20.0,2.63,1.5,2.68,1.53,2.75,1.53
2024-03-24,Miami Open,2nd Round,Hard,Monfils G.,Thompson J.,47,34.0,1.5,2.63,1.58,2.52,1.58,2.69
2024-03-24,Miami Open,2nd Round,Hard,Khachanov K.,Djere L.,16,35.0,1.2,4.5,1.21,4.94,1.22,4.94
2024-03-24,Miami Open,2nd Round,Hard,Cerundolo F.,Ofner S.,21,40.0,1.62,2.3,1.74,2.2,1.74,2.3
2024-03-24,Miami Open,2nd Round,Hard,Popyrin A.,Lehecka J.,45,27.0,2.63,1.5,2.74,1.51,2.81,1.51
2024-03-25,Miami Open,3rd Round,Hard,Musetti L.,Shelton B.,24,17.0,3.5,1.3,3.39,1.37,3.5,1.41
2024-03-25,Miami Open,3rd Round,Hard,Dimitrov G.,Hanfmann Y.,12,56.0,1.1,7.0,1.15,6.51,1.15,7.0
2024-03-25,Miami Open,3rd Round,Hard,Alcaraz C.,Monfils G.,2,47.0,1.08,8.0,1.09,9.62,1.1,9.63
2024-03-25,Miami Open,3rd Round,Hard,Hurkacz H.,Korda S.,9,29.0,1.53,2.5,1.6,2.51,1.6,2.51
2024-03-25,Miami Open,3rd Round,Hard,De Minaur A.,Struff J.L.,10,25.0,1.2,4.5,1.23,4.91,1.23,4.91
2024-03-25,Miami Open,3rd Round,Hard,Marozsan F.,Popyrin A.,57,45.0,1.67,2.2,1.75,2.22,1.75,2.22
2024-03-25,Miami Open,3rd Round,Hard,Khachanov K.,Cerundolo F.,16,21.0,1.29,3.75,1.3,3.96,1.31,4.0
2024-03-25,Miami Open,3rd Round,Hard,Medvedev D.,Norrie C.,4,31.0,1.17,5.0,1.19,5.35,1.19,6.0
2024-03-25,Miami Open,3rd Round,Hard,Koepfer D.,Humbert U.,50,15.0,3.4,1.33,3.51,1.35,3.53,1.35
2024-03-25,Miami Open,3rd Round,Hard,Zverev A.,Eubanks C.,5,32.0,1.07,9.0,1.11,8.13,1.11,9.0
2024-03-26,Miami Open,4th Round,Hard,Alcaraz C.,Musetti L.,2,24.0,1.07,9.0,1.07,11.88,1.07,11.88
2024-03-26,Miami Open,4th Round,Hard,Dimitrov G.,Hurkacz H.,12,9.0,1.62,2.3,1.69,2.3,1.72,2.3
2024-03-26,Miami Open,4th Round,Hard,Sinner J.,O Connell C.,3,66.0,1.05,11.0,1.06,13.39,1.06,13.39
2024-03-26,Miami Open,4th Round,Hard,Medvedev D.,Koepfer D.,4,50.0,1.1,7.0,1.13,7.57,1.14,7.57
2024-03-26,Miami Open,4th Round,Hard,Machac T.,Arnaldi M.,60,38.0,1.8,2.0,1.75,2.21,1.92,2.21
2024-03-26,Miami Open,4th Round,Hard,Jarry N.,Ruud C.,23,8.0,2.75,1.44,2.77,1.51,2.78,1.52
2024-03-27,Miami Open,4th Round,Hard,Marozsan F.,De Minaur A.,57,10.0,3.4,1.33,3.63,1.34,3.63,1.36
2024-03-27,Miami Open,4th Round,Hard,Zverev A.,Khachanov K.,5,16.0,1.4,3.0,1.46,2.96,1.46,3.0
2024-03-27,Miami Open,Quarterfinals,Hard,Sinner J.,Machac T.,3,60.0,1.08,8.0,1.09,9.34,1.1,9.34
2024-03-28,Miami Open,Quarterfinals,Hard,Medvedev D.,Jarry N.,4,23.0,1.14,5.5,1.18,5.69,1.18,5.69
2024-03-28,Miami Open,Quarterfinals,Hard,Zverev A.,Marozsan F.,5,57.0,1.29,3.75,1.28,4.1,1.29,4.25
2024-03-28,Miami Open,Quarterfinals,Hard,Dimitrov G.,Alcaraz C.,12,2.0,5.5,1.14,5.3,1.2,5.5,1.2
2024-03-29,Miami Open,Semifinals,Hard,Sinner J.,Medvedev D.,3,4.0,1.5,2.63,1.56,2.6,1.56,2.65
2024-03-29,Miami Open,Semifinals,Hard,Dimitrov G.,Zverev A.,12,5.0,2.3,1.62,2.36,1.65,2.36,1.7
2024-03-31,Miami Open,The Final,Hard,Sinner J.,Dimitrov G.,3,12.0,1.22,4.33,1.25,4.5,1.25,4.5
2024-04-01,Grand Prix Hassan II,1st Round,Clay,Munar J.,Van Assche L.,73,94.0,2.0,1.8,2.04,1.83,2.04,1.83
2024-04-01,Grand Prix Hassan II,1st Round,Clay,Kotov P.,Benchetrit E.,68,661.0,1.25,4.0,1.26,4.24,1.29,4.24
2024-04-01,Grand Prix Hassan II,1st Round,Clay,Navone M.,Dougaz A.,60,235.0,1.29,3.75,1.26,4.25,1.29,4.25
2024-04-01,U.S. Men's Clay Court Championships,1st Round,Clay,Nakashima B.,Ajdukovic D.,92,115.0,1.4,3.0,1.47,2.89,1.47,3.0
2024-04-01,Estoril Open,1st Round,Clay,Bautista Agut R.,Kecmanovic M.,93,50.0,2.3,1.62,2.44,1.61,2.44,1.65
2024-04-01,Estoril Open,1st Round,Clay,Borges N.,Pouille L.,62,241.0,1.5,2.63,1.45,2.93,1.53,2.93
2024-04-01,Estoril Open,1st Round,Clay,Thiem D.,Marterer M.,91,97.0,1.62,2.3,1.69,2.26,1.69,2.32
2024-04-01,U.S. Men's Clay Court Championships,1st Round,Clay,Bergs Z.,Kypson P.,111,133.0,1.91,1.91,1.96,1.93,1.96,2.05
2024-04-02,U.S. Men's Clay Court Championships,1st Round,Clay,Hijikata R.,Eubanks C.,80,41.0,2.2,1.67,2.32,1.68,2.33,1.71
2024-04-02,U.S. Men's Clay Court Championships,1st Round,Clay,Wolf J.J.,Ritschard A.,96,194.0,1.73,2.1,1.79,2.13,1.85,2.13
2024-04-02,U.S. Men's Clay Court Championships,1st Round,Clay,Darderi L.,Kudla D.,72,160.0,1.33,3.4,1.33,3.57,1.4,3.57
2024-04-02,U.S. Men's Clay Court Championships,1st Round,Clay,Galan D.E.,Paire B.,83,142.0,1.5,2.63,1.49,2.8,1.5,2.85
2024-04-02,U.S. Men's Clay Court Championships,1st Round,Clay,Purcell M.,Michelsen A.,79,70.0,3.0,1.4,3.35,1.37,3.5,1.4
2024-04-02,U.S. Men's Clay Court Championships,1st Round,Clay,Mmoh M.,Varillas J.P.,123,101.0,2.5,1.53,2.63,1.54,2.63,1.54
2024-04-02,U.S. Men's Clay Court Championships,1st Round,Clay,Kovacevic A.,Kokkinakis T.,98,104.0,2.63,1.5,2.76,1.5,2.76,1.5
2024-04-02,Grand Prix Hassan II,1st Round,Clay,Carballes Baena R.,Gigante M.,64,145.0,1.44,2.75,1.44,2.97,1.46,2.97
2024-04-02,Grand Prix Hassan II,1st Round,Clay,Vukic A.,Muller A.,67,86.0,2.38,1.57,2.36,1.65,2.4,1.65
2024-04-02,Grand Prix Hassan II,1st Round,Clay,Nagal S.,Moutet C.,95,99.0,2.38,1.57,2.33,1.67,2.5,1.68
2024-04-02,Grand Prix Hassan II,1st Round,Clay,Cobolli F.,Shelbayh A.,63,230.0,1.33,3.4,1.33,3.63,1.35,3.63
2024-04-02,Grand Prix Hassan II,1st Round,Clay,Berrettini M.,Shevchenko A.,135,56.0,1.62,2.3,1.61,2.46,1.62,2.6
2024-04-02,Grand Prix Hassan II,1st Round,Clay,Fognini F.,Gaston H.,100,89.0,1.73,2.1,1.8,2.11,1.82,2.12
2024-04-02,Grand Prix Hassan II,1st Round,Clay,Wawrinka S.,Ramos-Vinolas A.,82,103.0,1.44,2.75,1.43,3.05,1.47,3.05
2024-04-02,Grand Prix Hassan II,1st Round,Clay,Goffin D.,Rinderknech A.,102,81.0,1.73,2.1,1.76,2.18,1.76,2.25
2024-04-02,Grand Prix Hassan II,1st Round,Clay,Moreno De Alboran N.,Diaz Acosta F.,157,55.0,3.0,1.4,2.86,1.47,3.0,1.48
2024-04-02,U.S. Men's Clay Court Championships,1st Round,Clay,Duckworth J.,Brouwer G.,105,199.0,2.5,1.53,2.7,1.52,2.7,1.55
2024-04-03,Estoril Open,1st Round,Clay,Choinski J.,Fonseca J.,188,288.0,2.1,1.73,2.2,1.74,2.2,1.75
2024-04-03,Estoril Open,1st Round,Clay,Van De Zandschulp B.,Coria F.,87,88.0,2.0,1.8,2.06,1.83,2.1,1.84
2024-04-03,Estoril Open,1st Round,Clay,Monfils G.,Rocha H.,45,197.0,1.36,3.2,1.4,3.2,1.4,3.3
2024-04-03,Estoril Open,1st Round,Clay,Fils A.,Sousa J.,37,272.0,1.25,4.0,1.26,4.28,1.29,4.28
2024-04-03,U.S. Men's Clay Court Championships,2nd Round,Clay,Nakashima B.,Hijikata R.,92,80.0,1.33,3.4,1.33,3.64,1.35,3.64
2024-04-03,U.S. Men's Clay Court Championships,2nd Round,Clay,Darderi L.,Cerundolo F.,72,23.0,2.5,1.53,2.49,1.61,2.51,1.61
2024-04-03,U.S. Men's Clay Court Championships,1st Round,Clay,Thompson J.,Wu Y.,33,298.0,1.73,2.1,1.88,1.97,1.88,2.17
2024-04-03,U.S. Men's Clay Court Championships,1st Round,Clay,Giron M.,Shapovalov D.,51,121.0,2.2,1.67,2.28,1.69,2.28,1.73
2024-04-03,Estoril Open,1st Round,Clay,Jorda Sanchis D.,Faria J.,329,262.0,3.0,1.4,3.01,1.43,3.01,1.44
2024-04-03,Estoril Open,1st Round,Clay,Garin C.,Rodionov J.,112,119.0,1.4,3.0,1.43,3.05,1.44,3.07
2024-04-03,Estoril Open,1st Round,Clay,Martinez P.,Altmaier D.,77,54.0,1.73,2.1,1.72,2.23,1.75,2.23
2024-04-03,Estoril Open,1st Round,Clay,Fucsovics M.,Cachin P.,85,78.0,1.44,2.75,1.46,2.92,1.49,2.92
2024-04-03,Grand Prix Hassan II,2nd Round,Clay,Sonego L.,Nagal S.,61,95.0,1.53,2.5,1.58,2.5,1.58,2.6
2024-04-03,Grand Prix Hassan II,2nd Round,Clay,Kotov P.,Cobolli F.,68,63.0,2.63,1.5,2.66,1.52,2.75,1.53
2024-04-03,Grand Prix Hassan II,2nd Round,Clay,Berrettini M.,Munar J.,135,73.0,1.4,3.0,1.46,2.86,1.46,3.0
2024-04-03,Grand Prix Hassan II,2nd Round,Clay,Fognini F.,Djere L.,100,34.0,2.5,1.53,2.66,1.52,2.66,1.54
2024-04-03,Estoril Open,1st Round,Clay,Llamas Ruiz P.,Koepfer D.,152,52.0,2.75,1.44,2.61,1.55,2.9,1.55
2024-04-04,Grand Prix Hassan II,2nd Round,Clay,Vukic A.,Ofner S.,67,47.0,2.2,1.67,2.27,1.7,2.27,1.7
2024-04-04,Estoril Open,2nd Round,Clay,Llamas Ruiz P.,Jorda Sanchis D.,152,329.0,1.17,5.0,1.19,5.5,1.21,5.5
2024-04-04,Grand Prix Hassan II,2nd Round,Clay,Carballes Baena R.,Evans D.,64,42.0,1.53,2.5,1.49,2.79,1.57,2.82
2024-04-04,Estoril Open,2nd Round,Clay,Gasquet R.,Thiem D.,122,91.0,2.3,1.62,2.46,1.62,2.46,1.67
2024-04-04,Estoril Open,2nd Round,Clay,Hurkacz H.,Choinski J.,10,188.0,1.14,5.5,1.15,6.51,1.15,6.51
2024-04-04,Grand Prix Hassan II,2nd Round,Clay,Moreno De Alboran N.,Goffin D.,157,102.0,2.38,1.57,2.62,1.54,2.75,1.6
2024-04-04,Grand Prix Hassan II,2nd Round,Clay,Navone M.,Wawrinka S.,60,82.0,2.1,1.73,1.99,1.89,2.12,1.89
2024-04-04,Estoril Open,2nd Round,Clay,Borges N.,Musetti L.,62,24.0,2.75,1.44,2.58,1.57,2.78,1.57
2024-04-04,Estoril Open,2nd Round,Clay,Fucsovics M.,Monfils G.,85,45.0,2.1,1.73,2.09,1.83,2.14,1.83
2024-04-04,Estoril Open,2nd Round,Clay,Ruud C.,Van De Zandschulp B.,8,87.0,1.2,4.5,1.23,4.72,1.23,4.72
2024-04-04,U.S. Men's Clay Court Championships,2nd Round,Clay,Etcheverry T.,Galan D.E.,30,83.0,1.3,3.5,1.32,3.71,1.33,3.71
2024-04-04,U.S. Men's Clay Court Championships,2nd Round,Clay,Mmoh M.,Purcell M.,123,79.0,1.67,2.2,1.7,2.29,1.73,2.29
2024-04-04,U.S. Men's Clay Court Championships,2nd Round,Clay,Giron M.,Wolf J.J.,51,96.0,1.36,3.2,1.35,3.49,1.4,3.49
2024-04-04,U.S. Men's Clay Court Championships,2nd Round,Clay,Shelton B.,Bergs Z.,16,111.0,1.4,3.0,1.46,2.96,1.48,3.0
2024-04-04,Estoril Open,2nd Round,Clay,Martinez P.,Bautista Agut R.,77,93.0,1.73,2.1,1.71,2.23,1.75,2.25
2024-04-04,Estoril Open,2nd Round,Clay,Garin C.,Fils A.,112,37.0,2.3,1.62,2.4,1.65,2.6,1.67
2024-04-05,Estoril Open,Quarterfinals,Clay,Ruud C.,Fucsovics M.,8,85.0,1.2,4.5,1.24,4.66,1.24,4.75
2024-04-05,Estoril Open,Quarterfinals,Clay,Martinez P.,Gasquet R.,77,122.0,1.4,3.0,1.42,3.14,1.5,3.14
2024-04-05,Estoril Open,Quarterfinals,Clay,Garin C.,Borges N.,112,62.0,2.63,1.5,2.77,1.51,2.77,1.53
2024-04-05,Estoril Open,Quarterfinals,Clay,Hurkacz H.,Llamas Ruiz P.,10,152.0,1.3,3.5,1.33,3.69,1.33,3.71
2024-04-05,U.S. Men's Clay Court Championships,Quarterfinals,Clay,Darderi L.,Giron M.,72,51.0,2.0,1.8,2.15,1.79,2.15,1.8
2024-04-05,U.S. Men's Clay Court Championships,2nd Round,Clay,Tiafoe F.,Duckworth J.,21,105.0,1.25,4.0,1.27,4.22,1.27,4.25
2024-04-05,U.S. Men's Clay Court Championships,2nd Round,Clay,Thompson J.,Kovacevic A.,33,98.0,1.57,2.38,1.63,2.45,1.65,2.45
2024-04-05,Grand Prix Hassan II,Quarterfinals,Clay,Carballes Baena R.,Moreno De Alboran N.,64,157.0,1.5,2.63,1.58,2.56,1.58,2.63
2024-04-05,Grand Prix Hassan II,Quarterfinals,Clay,Kotov P.,Fognini F.,68,100.0,1.73,2.1,1.77,2.18,1.78,2.18
2024-04-05,Grand Prix Hassan II,Quarterfinals,Clay,Berrettini M.,Sonego L.,135,61.0,1.5,2.63,1.51,2.75,1.54,2.75
2024-04-05,Grand Prix Hassan II,Quarterfinals,Clay,Navone M.,Vukic A.,60,67.0,1.44,2.75,1.48,2.88,1.5,2.88
2024-04-05,U.S. Men's Clay Court Championships,Quarterfinals,Clay,Etcheverry T.,Mmoh M.,30,123.0,1.36,3.2,1.35,3.5,1.4,3.5
2024-04-05,U.S. Men's Clay Court Championships,Quarterfinals,Clay,Shelton B.,Nakashima B.,16,92.0,1.8,2.0,1.83,2.1,1.83,2.15
2024-04-06,Grand Prix Hassan II,Semifinals,Clay,Carballes Baena R.,Kotov P.,64,68.0,1.8,2.0,1.83,2.09,1.83,2.09
2024-04-06,Grand Prix Hassan II,Semifinals,Clay,Berrettini M.,Navone M.,135,60.0,1.4,3.0,1.42,3.11,1.45,3.11
2024-04-06,Estoril Open,Semifinals,Clay,Martinez P.,Ruud C.,77,8.0,5.0,1.17,5.99,1.18,5.99,1.18
2024-04-06,Estoril Open,Semifinals,Clay,Hurkacz H.,Garin C.,10,112.0,1.5,2.63,1.44,3.03,1.5,3.03
2024-04-06,U.S. Men's Clay Court Championships,Semifinals,Clay,Tiafoe F.,Darderi L.,21,72.0,1.91,1.91,2.0,1.91,2.0,1.99
2024-04-06,U.S. Men's Clay Court Championships,Semifinals,Clay,Shelton B.,Etcheverry T.,16,30.0,2.1,1.73,2.34,1.68,2.34,1.75
2024-04-06,U.S. Men's Clay Court Championships,Quarterfinals,Clay,Tiafoe F.,Thompson J.,21,33.0,1.44,2.75,1.46,2.95,1.47,2.95
2024-04-07,Monte Carlo Masters,1st Round,Clay,Musetti L.,Fritz T.,24,13.0,1.91,1.91,1.9,1.99,1.94,1.99
2024-04-07,Monte Carlo Masters,1st Round,Clay,Coric B.,Bublik A.,33,18.0,1.53,2.5,1.59,2.5,1.59,3.1
2024-04-07,Monte Carlo Masters,1st Round,Clay,Griekspoor T.,Koepfer D.,26,54.0,1.67,2.2,1.77,2.15,1.78,2.25
2024-04-07,U.S. Men's Clay Court Championships,The Final,Clay,Shelton B.,Tiafoe F.,16,21.0,1.8,2.0,1.85,2.07,1.91,2.1
2024-04-07,Grand Prix Hassan II,The Final,Clay,Berrettini M.,Carballes Baena R.,135,64.0,1.4,3.0,1.38,3.35,1.4,3.35
2024-04-07,Estoril Open,The Final,Clay,Hurkacz H.,Martinez P.,10,77.0,1.53,2.5,1.54,2.66,1.59,2.66
2024-04-07,Monte Carlo Masters,1st Round,Clay,Struff J.L.,Baez S.,25,19.0,2.75,1.44,2.9,1.46,2.9,1.5
2024-04-08,Monte Carlo Masters,1st Round,Clay,Humbert U.,Coria F.,15,89.0,1.36,3.2,1.45,2.95,1.45,3.2
2024-04-08,Monte Carlo Masters,1st Round,Clay,Safiullin R.,Munar J.,41,72.0,2.3,1.62,2.43,1.62,2.43,1.67
2024-04-08,Monte Carlo Masters,1st Round,Clay,Khachanov K.,Norrie C.,17,30.0,1.67,2.2,1.7,2.26,1.74,2.26
2024-04-08,Monte Carlo Masters,1st Round,Clay,Fils A.,Hanfmann Y.,36,61.0,1.4,3.0,1.44,2.93,1.44,11.13
2024-04-08,Monte Carlo Masters,1st Round,Clay,Tabilo A.,O Connell C.,45,62.0,1.57,2.38,1.58,2.52,1.6,2.75
2024-04-08,Monte Carlo Masters,1st Round,Clay,Tsitsipas S.,Djere L.,12,34.0,1.29,3.75,1.34,3.5,1.34,3.75
2024-04-08,Monte Carlo Masters,1st Round,Clay,Cerundolo F.,Altmaier D.,22,52.0,1.57,2.38,1.68,2.3,1.73,2.4
2024-04-08,Monte Carlo Masters,1st Round,Clay,Nagal S.,Arnaldi M.,93,38.0,2.75,1.44,2.97,1.44,2.97,1.46
2024-04-08,Monte Carlo Masters,1st Round,Clay,Auger-Aliassime F.,Nardi L.,35,76.0,1.67,2.2,1.68,2.31,1.68,2.33
2024-04-08,Monte Carlo Masters,1st Round,Clay,Ofner S.,Evans D.,44,50.0,1.8,2.0,1.81,2.1,1.83,2.1
2024-04-08,Monte Carlo Masters,1st Round,Clay,Dimitrov G.,Vacherot V.,9,138.0,1.08,8.0,1.08,10.26,1.09,10.26
2024-04-08,Monte Carlo Masters,1st Round,Clay,Popyrin A.,Moutet C.,46,101.0,2.1,1.73,2.09,1.81,2.15,1.81
2024-04-09,Monte Carlo Masters,1st Round,Clay,Monfils G.,Vukic A.,40,65.0,1.1,7.0,1.11,8.31,1.33,3.9
2024-04-09,Monte Carlo Masters,2nd Round,Clay,Musetti L.,Fils A.,24,36.0,1.5,2.63,1.45,2.97,1.5,2.97
2024-04-09,Monte Carlo Masters,2nd Round,Clay,Struff J.L.,Coric B.,25,33.0,1.91,1.91,1.95,1.95,1.95,1.96
2024-04-09,Monte Carlo Masters,2nd Round,Clay,Zverev A.,Ofner S.,5,44.0,1.1,7.0,1.11,8.31,1.12,8.31
2024-04-09,Monte Carlo Masters,2nd Round,Clay,Djokovic N.,Safiullin R.,1,41.0,1.14,5.5,1.17,5.81,1.17,5.81
2024-04-09,Monte Carlo Masters,1st Round,Clay,Etcheverry T.,Jarry N.,31,21.0,2.38,1.57,2.33,1.67,2.45,1.67
2024-04-09,Monte Carlo Masters,1st Round,Clay,Hurkacz H.,Draper J.,8,39.0,1.67,2.2,1.66,2.34,1.67,2.46
2024-04-09,Monte Carlo Masters,1st Round,Clay,Zhang Zh.,Giron M.,49,48.0,1.73,2.1,1.72,2.23,1.75,2.23
2024-04-09,Monte Carlo Masters,1st Round,Clay,De Minaur A.,Wawrinka S.,11,79.0,1.4,3.0,1.44,2.99,1.44,3.1
2024-04-09,Monte Carlo Masters,1st Round,Clay,Kecmanovic M.,Berrettini M.,66,84.0,3.0,1.4,3.25,1.39,3.25,1.4
2024-04-09,Monte Carlo Masters,1st Round,Clay,Korda S.,Davidovich Fokina A.,27,29.0,2.0,1.8,2.09,1.82,2.3,1.84
2024-04-09,Monte Carlo Masters,1st Round,Clay,Bautista Agut R.,Diaz Acosta F.,90,53.0,1.8,2.0,1.91,1.98,1.91,2.1
2024-04-10,Monte Carlo Masters,2nd Round,Clay,Popyrin A.,Rublev A.,46,6.0,4.0,1.25,4.18,1.27,4.2,1.3
2024-04-10,Monte Carlo Masters,2nd Round,Clay,Sonego L.,Auger-Aliassime F.,57,35.0,2.63,1.5,2.7,1.53,2.7,1.53
2024-04-10,Monte Carlo Masters,2nd Round,Clay,De Minaur A.,Griekspoor T.,11,26.0,1.44,2.75,1.51,2.75,1.53,2.89
2024-04-10,Monte Carlo Masters,2nd Round,Clay,Khachanov K.,Cerundolo F.,17,22.0,1.67,2.2,1.69,2.31,1.73,2.35
2024-04-10,Monte Carlo Masters,2nd Round,Clay,Sinner J.,Korda S.,2,27.0,1.13,6.0,1.14,6.71,1.15,6.71
2024-04-10,Monte Carlo Masters,2nd Round,Clay,Humbert U.,Zhang Zh.,15,49.0,1.4,3.0,1.5,2.79,1.5,3.0
2024-04-10,Monte Carlo Masters,2nd Round,Clay,Tsitsipas S.,Etcheverry T.,12,31.0,1.36,3.2,1.4,3.2,1.4,3.2
2024-04-10,Monte Carlo Masters,2nd Round,Clay,Hurkacz H.,Bautista Agut R.,8,90.0,1.44,2.75,1.49,2.84,1.49,2.84
2024-04-10,Monte Carlo Masters,2nd Round,Clay,Medvedev D.,Monfils G.,4,40.0,1.33,3.4,1.36,3.48,1.38,3.48
2024-04-10,Monte Carlo Masters,2nd Round,Clay,Ruud C.,Tabilo A.,10,45.0,1.25,4.0,1.27,4.22,1.29,4.23
2024-04-11,Monte Carlo Masters,3rd Round,Clay,Humbert U.,Sonego L.,15,57.0,1.5,2.63,1.52,2.53,1.58,2.73
2024-04-11,Monte Carlo Masters,3rd Round,Clay,Ruud C.,Hurkacz H.,10,8.0,1.44,2.75,1.48,2.88,1.48,2.88
2024-04-11,Monte Carlo Masters,3rd Round,Clay,Sinner J.,Struff J.L.,2,25.0,1.07,9.0,1.07,11.34,1.09,11.34
2024-04-11,Monte Carlo Masters,3rd Round,Clay,Rune H.,Dimitrov G.,7,9.0,2.2,1.67,2.36,1.65,2.36,1.71
2024-04-11,Monte Carlo Masters,3rd Round,Clay,Djokovic N.,Musetti L.,1,24.0,1.2,4.5,1.22,4.88,1.22,4.88
2024-04-11,Monte Carlo Masters,3rd Round,Clay,Khachanov K.,Medvedev D.,17,4.0,3.0,1.4,3.08,1.43,3.08,1.43
2024-04-11,Monte Carlo Masters,3rd Round,Clay,De Minaur A.,Popyrin A.,11,46.0,1.44,2.75,1.55,2.65,1.55,2.78
2024-04-11,Monte Carlo Masters,2nd Round,Clay,Rune H.,Nagal S.,7,93.0,1.25,4.0,1.26,4.3,1.27,4.6
2024-04-11,Monte Carlo Masters,2nd Round,Clay,Dimitrov G.,Kecmanovic M.,9,66.0,1.33,3.4,1.3,3.95,1.34,3.95
2024-04-11,Monte Carlo Masters,3rd Round,Clay,Tsitsipas S.,Zverev A.,12,5.0,2.0,1.8,2.2,1.76,2.2,1.85
2024-04-12,Monte Carlo Masters,Quarterfinals,Clay,Tsitsipas S.,Khachanov K.,12,17.0,1.4,3.0,1.45,2.97,1.45,3.0
2024-04-12,Monte Carlo Masters,Quarterfinals,Clay,Sinner J.,Rune H.,2,7.0,1.11,6.5,1.15,6.48,1.16,6.75
2024-04-12,Monte Carlo Masters,Quarterfinals,Clay,Djokovic N.,De Minaur A.,1,11.0,1.22,4.33,1.27,4.2,1.29,4.34
2024-04-12,Monte Carlo Masters,Quarterfinals,Clay,Ruud C.,Humbert U.,10,15.0,1.3,3.5,1.33,3.64,1.33,3.64
2024-04-13,Monte Carlo Masters,Semifinals,Clay,Ruud C.,Djokovic N.,10,1.0,3.0,1.4,3.1,1.43,3.19,1.44
2024-04-13,Monte Carlo Masters,Semifinals,Clay,Tsitsipas S.,Sinner J.,12,2.0,3.75,1.29,3.99,1.29,3.99,1.31
2024-04-14,Monte Carlo Masters,The Final,Clay,Tsitsipas S.,Ruud C.,12,10.0,1.67,2.2,1.76,2.2,1.78,2.25
2024-04-15,Tiriac Open,1st Round,Clay,Coria F.,Bonzi B.,83,182.0,1.5,2.63,1.43,2.98,1.52,3.0
2024-04-15,BMW Open,1st Round,Clay,Michelsen A.,Rehberg M.,70,473.0,1.36,3.2,1.43,3.03,1.43,3.2
2024-04-15,BMW Open,1st Round,Clay,Draper J.,Kopriva V.,46,119.0,1.17,5.0,1.22,4.72,1.22,5.0
2024-04-15,BMW Open,1st Round,Clay,Moro Canas A.,Thiem D.,240,105.0,2.5,1.53,2.63,1.54,2.63,1.56
2024-04-15,BMW Open,1st Round,Clay,Molleker R.,Passaro F.,179,235.0,2.1,1.73,2.1,1.81,2.12,1.81
2024-04-15,Tiriac Open,1st Round,Clay,Rinderknech A.,Gaston H.,79,96.0,1.67,2.2,1.65,2.37,1.68,2.5
2024-04-15,Barcelona Open,1st Round,Clay,Muller A.,Ramos-Vinolas A.,110,108.0,1.73,2.1,1.65,2.37,1.75,2.37
2024-04-15,Barcelona Open,1st Round,Clay,Hardt N.,Landaluce M.,229,328.0,1.8,2.0,1.87,2.02,1.9,2.07
2024-04-15,Barcelona Open,1st Round,Clay,Mayot H.,Cachin P.,116,88.0,1.67,2.2,1.66,2.34,1.68,2.38
2024-04-15,Tiriac Open,1st Round,Clay,Navone M.,Darderi L.,52,64.0,2.0,1.8,2.14,1.78,2.14,1.8
2024-04-15,Barcelona Open,1st Round,Clay,Nakashima B.,Evans D.,87,49.0,1.5,2.63,1.51,2.75,1.53,2.8
2024-04-15,Barcelona Open,1st Round,Clay,Diaz Acosta F.,Rincon D.,53,216.0,1.29,3.75,1.35,3.49,1.35,3.9
2024-04-15,Barcelona Open,1st Round,Clay,Bautista Agut R.,Safiullin R.,84,38.0,1.67,2.2,1.76,2.17,1.76,2.3
2024-04-15,Barcelona Open,1st Round,Clay,Arnaldi M.,Cazaux A.,40,75.0,1.33,3.4,1.34,3.54,1.36,3.68
2024-04-15,Barcelona Open,1st Round,Clay,Trungelliti M.,Ajdukovic D.,197,123.0,1.73,2.1,1.87,2.02,1.91,2.1
2024-04-15,Barcelona Open,1st Round,Clay,Ofner S.,Kotov P.,43,69.0,2.0,1.8,2.02,1.87,2.05,1.89
2024-04-15,Tiriac Open,1st Round,Clay,Seyboth Wild T.,Nardi L.,67,81.0,1.67,2.2,1.65,2.35,1.74,2.4
2024-04-16,Barcelona Open,2nd Round,Clay,Nakashima B.,Rublev A.,87,8.0,3.75,1.29,3.94,1.29,3.94,1.3
2024-04-16,Barcelona Open,1st Round,Clay,Van Assche L.,Zhang Zh.,99,47.0,1.91,1.91,1.93,1.96,2.03,1.96
2024-04-16,Barcelona Open,1st Round,Clay,Lajovic D.,Schwartzman D.,59,142.0,1.8,2.0,1.78,2.14,1.82,2.14
2024-04-16,Tiriac Open,1st Round,Clay,Fonseca J.,Sonego L.,276,51.0,3.4,1.33,3.06,1.42,3.4,1.42
2024-04-16,Tiriac Open,1st Round,Clay,Fucsovics M.,Vacherot V.,82,136.0,1.3,3.5,1.32,3.67,1.32,3.67
2024-04-16,Tiriac Open,1st Round,Clay,Albot R.,Kovacevic A.,139,97.0,1.62,2.3,1.6,2.49,1.65,2.49
2024-04-16,Tiriac Open,1st Round,Clay,Moutet C.,Shapovalov D.,92,121.0,1.8,2.0,1.85,2.05,1.9,2.05
2024-04-16,Tiriac Open,1st Round,Clay,Martinez P.,Taberner C.,57,352.0,1.22,4.33,1.26,4.21,1.26,4.4
2024-04-16,Tiriac Open,1st Round,Clay,Borges N.,Wawrinka S.,55,86.0,1.62,2.3,1.58,2.53,1.62,2.53
2024-04-16,Tiriac Open,1st Round,Clay,Kecmanovic M.,Goffin D.,60,100.0,1.53,2.5,1.58,2.52,1.58,2.55
2024-04-16,Barcelona Open,1st Round,Clay,Carballes Baena R.,Grenier H.,72,159.0,1.17,5.5,1.18,5.43,1.2,5.6
2024-04-16,Barcelona Open,1st Round,Clay,Munar J.,Nishioka Y.,73,71.0,1.25,4.0,1.3,3.85,1.3,4.05
2024-04-16,Barcelona Open,2nd Round,Clay,Diaz Acosta F.,Coric B.,53,32.0,2.1,1.73,2.18,1.76,2.3,1.83
2024-04-16,Barcelona Open,1st Round,Clay,Machac T.,Shang J.,50,114.0,1.57,2.38,1.65,2.36,1.65,2.4
2024-04-16,BMW Open,1st Round,Clay,Rodionov J.,Vukic A.,118,65.0,2.2,1.67,2.23,1.72,2.25,1.72
2024-04-16,BMW Open,1st Round,Clay,Daniel T.,O Connell C.,85,58.0,2.5,1.53,2.59,1.55,2.59,1.55
2024-04-16,Barcelona Open,1st Round,Clay,Nadal R.,Cobolli F.,644,62.0,1.22,4.33,1.26,4.24,1.26,4.53
2024-04-16,BMW Open,1st Round,Clay,Galan D.E.,Ugo Carabelli C.,93,109.0,2.0,1.8,2.0,1.89,2.05,1.9
2024-04-16,BMW Open,1st Round,Clay,Auger-Aliassime F.,Marterer M.,34,101.0,1.2,4.5,1.23,4.59,1.25,4.59
2024-04-16,BMW Open,1st Round,Clay,Van De Zandschulp B.,Gakhov I.,89,280.0,1.25,4.0,1.31,3.79,1.31,4.0
2024-04-16,BMW Open,1st Round,Clay,Hanfmann Y.,Shevchenko A.,61,63.0,1.67,2.2,1.73,2.22,1.75,2.22
2024-04-16,BMW Open,1st Round,Clay,Huesler M.A.,Topo M.,223,320.0,1.33,3.4,1.36,3.37,1.38,3.4
2024-04-16,Barcelona Open,2nd Round,Clay,Norrie C.,Mayot H.,31,116.0,1.22,4.33,1.24,4.47,1.25,4.5
2024-04-16,Barcelona Open,2nd Round,Clay,Etcheverry T.,Hardt N.,30,229.0,1.17,5.0,1.19,5.39,1.22,5.39
2024-04-16,Barcelona Open,2nd Round,Clay,Arnaldi M.,Baez S.,40,19.0,2.3,1.62,2.29,1.69,2.5,1.69
2024-04-16,Barcelona Open,1st Round,Clay,Altmaier D.,Popyrin A.,66,44.0,2.5,1.53,2.48,1.6,2.5,1.62
2024-04-16,BMW Open,1st Round,Clay,Garin C.,Koepfer D.,106,54.0,1.91,1.91,2.04,1.85,2.04,2.0
2024-04-17,Tiriac Open,2nd Round,Clay,Tabilo A.,Rinderknech A.,41,79.0,1.53,2.5,1.56,2.62,1.57,2.62
2024-04-17,Tiriac Open,1st Round,Clay,Barrere G.,Kokkinakis T.,128,94.0,1.91,1.91,1.89,2.0,1.91,2.0
2024-04-17,BMW Open,2nd Round,Clay,Draper J.,Molleker R.,46,179.0,1.22,4.33,1.25,4.46,1.25,4.46
2024-04-17,BMW Open,2nd Round,Clay,Zverev A.,Rodionov J.,5,118.0,1.08,8.0,1.08,10.41,1.09,10.41
2024-04-17,Barcelona Open,2nd Round,Clay,Ruud C.,Muller A.,6,110.0,1.1,7.0,1.12,7.37,1.12,7.69
2024-04-17,Barcelona Open,2nd Round,Clay,Fils A.,Altmaier D.,36,66.0,1.67,2.2,1.68,2.3,1.68,2.3
2024-04-17,Barcelona Open,2nd Round,Clay,Tsitsipas S.,Ofner S.,7,43.0,1.07,9.0,1.09,9.31,1.09,9.33
2024-04-17,Barcelona Open,2nd Round,Clay,Davidovich Fokina A.,Machac T.,27,50.0,1.67,2.2,1.72,2.23,1.75,2.23
2024-04-17,Barcelona Open,2nd Round,Clay,Bautista Agut R.,Vavassori A.,84,156.0,1.36,3.2,1.41,3.13,1.45,3.2
2024-04-17,Barcelona Open,2nd Round,Clay,Trungelliti M.,Jarry N.,197,22.0,4.33,1.22,4.39,1.25,4.39,1.25
2024-04-17,Barcelona Open,2nd Round,Clay,Thompson J.,Munar J.,33,73.0,3.5,1.3,3.66,1.32,3.75,1.33
2024-04-17,Barcelona Open,2nd Round,Clay,Carballes Baena R.,Musetti L.,72,24.0,3.2,1.36,3.31,1.37,3.31,1.37
2024-04-17,Barcelona Open,2nd Round,Clay,Lajovic D.,Humbert U.,59,13.0,2.75,1.44,2.68,1.53,2.78,1.53
2024-04-17,Barcelona Open,2nd Round,Clay,De Minaur A.,Nadal R.,11,644.0,2.0,1.8,2.04,1.86,2.1,1.86
2024-04-17,Barcelona Open,2nd Round,Clay,Marozsan F.,Van Assche L.,39,99.0,1.62,2.3,1.68,2.3,1.68,2.32
2024-04-18,Barcelona Open,3rd Round,Clay,Norrie C.,Bautista Agut R.,31,84.0,1.67,2.2,1.75,2.21,1.75,2.22
2024-04-18,BMW Open,2nd Round,Clay,Auger-Aliassime F.,Daniel T.,34,85.0,1.33,3.4,1.32,3.72,1.33,3.73
2024-04-18,BMW Open,2nd Round,Clay,Garin C.,Michelsen A.,106,70.0,1.33,3.4,1.37,3.39,1.37,3.4
2024-04-18,BMW Open,2nd Round,Clay,Fritz T.,Moro Canas A.,15,240.0,1.2,4.5,1.22,4.93,1.22,4.93
2024-04-18,BMW Open,2nd Round,Clay,Rune H.,Galan D.E.,12,93.0,1.14,5.5,1.15,6.41,1.16,6.41
2024-04-18,Barcelona Open,3rd Round,Clay,Etcheverry T.,Nakashima B.,30,87.0,1.67,2.2,1.71,2.27,1.76,2.29
2024-04-18,BMW Open,2nd Round,Clay,Huesler M.A.,Hanfmann Y.,223,61.0,2.2,1.67,2.26,1.72,2.26,1.73
2024-04-18,BMW Open,2nd Round,Clay,Struff J.L.,Van De Zandschulp B.,28,89.0,1.44,2.75,1.53,2.69,1.53,2.78
2024-04-18,Barcelona Open,3rd Round,Clay,Lajovic D.,Davidovich Fokina A.,59,27.0,2.2,1.67,2.38,1.65,2.38,1.73
2024-04-18,Barcelona Open,3rd Round,Clay,Fils A.,De Minaur A.,36,11.0,3.75,1.29,3.64,1.33,3.75,1.33
2024-04-18,Barcelona Open,3rd Round,Clay,Tsitsipas S.,Carballes Baena R.,7,72.0,1.14,5.5,1.17,5.91,1.17,5.95
2024-04-18,Barcelona Open,3rd Round,Clay,Diaz Acosta F.,Marozsan F.,53,39.0,2.38,1.57,2.38,1.66,2.4,1.66
2024-04-18,Tiriac Open,2nd Round,Clay,Fucsovics M.,Griekspoor T.,82,25.0,2.0,1.8,2.21,1.75,2.21,1.8
2024-04-18,Tiriac Open,2nd Round,Clay,Moutet C.,Borges N.,92,55.0,1.8,2.0,1.92,1.99,1.92,2.02
2024-04-18,Tiriac Open,2nd Round,Clay,Fonseca J.,Albot R.,276,139.0,1.67,2.2,1.69,2.29,1.69,2.29
2024-04-18,Barcelona Open,3rd Round,Clay,Ruud C.,Thompson J.,6,33.0,1.1,7.0,1.12,7.5,1.13,7.5
2024-04-18,Barcelona Open,3rd Round,Clay,Arnaldi M.,Trungelliti M.,40,197.0,1.25,4.0,1.27,4.2,1.29,4.2
2024-04-19,Barcelona Open,Quarterfinals,Clay,Lajovic D.,Fils A.,59,36.0,2.38,1.57,2.35,1.67,2.38,1.7
2024-04-19,Barcelona Open,Quarterfinals,Clay,Tsitsipas S.,Diaz Acosta F.,7,53.0,1.14,5.5,1.18,5.69,1.18,6.15
2024-04-19,BMW Open,Quarterfinals,Clay,Fritz T.,Draper J.,15,46.0,1.67,2.2,1.72,2.26,1.74,2.26
2024-04-19,Barcelona Open,Quarterfinals,Clay,Ruud C.,Arnaldi M.,6,40.0,1.29,3.75,1.28,4.06,1.31,4.06
2024-04-19,Barcelona Open,Quarterfinals,Clay,Etcheverry T.,Norrie C.,30,31.0,2.1,1.73,2.11,1.82,2.12,1.82
2024-04-19,Tiriac Open,Quarterfinals,Clay,Fucsovics M.,Moutet C.,82,92.0,1.8,2.0,1.81,2.12,1.9,2.12
2024-04-19,Tiriac Open,2nd Round,Clay,Barrere G.,Korda S.,128,26.0,4.5,1.2,4.55,1.25,4.55,1.25
2024-04-19,Tiriac Open,2nd Round,Clay,Martinez P.,Kecmanovic M.,57,60.0,1.8,2.0,1.89,2.02,1.89,2.1
2024-04-19,BMW Open,Quarterfinals,Clay,Garin C.,Zverev A.,106,5.0,5.0,1.17,5.44,1.19,5.44,1.2
2024-04-19,BMW Open,Quarterfinals,Clay,Rune H.,Huesler M.A.,12,223.0,1.2,4.5,1.21,5.08,1.22,5.08
2024-04-19,Tiriac Open,2nd Round,Clay,Navone M.,Seyboth Wild T.,52,67.0,1.73,2.1,1.79,2.14,1.8,2.14
2024-04-19,Tiriac Open,Quarterfinals,Clay,Tabilo A.,Fonseca J.,41,276.0,1.5,2.63,1.53,2.69,1.53,2.75
2024-04-19,Tiriac Open,Quarterfinals,Clay,Barrere G.,Martinez P.,128,57.0,2.75,1.44,2.7,1.52,2.8,1.55
2024-04-19,Tiriac Open,2nd Round,Clay,Cerundolo F.,Coria F.,21,83.0,1.5,2.63,1.58,2.54,1.58,2.63
2024-04-20,BMW Open,Quarterfinals,Clay,Struff J.L.,Auger-Aliassime F.,28,34.0,1.91,1.91,2.05,1.86,2.05,1.95
2024-04-20,BMW Open,Semifinals,Clay,Struff J.L.,Rune H.,28,12.0,2.63,1.5,2.68,1.53,2.68,1.53
2024-04-20,BMW Open,Semifinals,Clay,Fritz T.,Garin C.,15,106.0,1.53,2.5,1.56,2.62,1.57,2.62
2024-04-20,Barcelona Open,Semifinals,Clay,Tsitsipas S.,Lajovic D.,7,59.0,1.2,4.5,1.23,4.69,1.23,4.69
2024-04-20,Tiriac Open,Semifinals,Clay,Navone M.,Barrere G.,52,128.0,1.5,2.63,1.55,2.6,1.55,2.78
2024-04-20,Tiriac Open,Semifinals,Clay,Fucsovics M.,Tabilo A.,82,41.0,1.73,2.1,1.83,2.09,1.83,2.19
2024-04-20,Tiriac Open,Quarterfinals,Clay,Navone M.,Cerundolo F.,52,21.0,2.2,1.67,2.4,1.63,2.4,1.67
2024-04-20,Barcelona Open,Semifinals,Clay,Ruud C.,Etcheverry T.,6,30.0,1.25,4.0,1.25,4.41,1.26,4.41
2024-04-21,Barcelona Open,The Final,Clay,Ruud C.,Tsitsipas S.,6,7.0,1.73,2.1,1.79,2.14,1.83,2.15
2024-04-21,Tiriac Open,The Final,Clay,Fucsovics M.,Navone M.,82,52.0,1.67,2.2,1.68,2.32,1.73,2.32
2024-04-21,BMW Open,The Final,Clay,Struff J.L.,Fritz T.,28,15.0,2.1,1.73,2.14,1.79,2.21,1.79
2024-04-24,Mutua Madrid Open,1st Round,Clay,Shang J.,Moutet C.,111,88.0,2.38,1.57,2.42,1.63,2.55,1.63
2024-04-24,Mutua Madrid Open,1st Round,Clay,Klein L.,Llamas Ruiz P.,120,146.0,1.91,1.91,1.93,1.96,1.96,1.96
2024-04-24,Mutua Madrid Open,1st Round,Clay,Van De Zandschulp B.,Eubanks C.,115,44.0,1.33,3.4,1.34,3.56,1.37,3.56
2024-04-24,Mutua Madrid Open,1st Round,Clay,Bagnis F.,Nakashima B.,136,81.0,3.0,1.4,2.87,1.47,3.0,1.48
2024-04-24,Mutua Madrid Open,1st Round,Clay,Draper J.,Kokkinakis T.,43,93.0,1.53,2.5,1.56,2.59,1.58,2.64
2024-04-24,Mutua Madrid Open,1st Round,Clay,Coric B.,Hassan B.,34,159.0,1.3,3.5,1.32,3.66,1.35,3.66
2024-04-24,Mutua Madrid Open,1st Round,Clay,Marozsan F.,Karatsev A.,37,48.0,1.14,5.5,1.22,4.84,1.25,5.5
2024-04-24,Mutua Madrid Open,1st Round,Clay,Shapovalov D.,Diaz Acosta F.,132,47.0,2.38,1.57,2.35,1.65,2.4,1.65
2024-04-24,Mutua Madrid Open,1st Round,Clay,Van Assche L.,Bergs Z.,99,103.0,1.67,2.2,1.71,2.25,1.79,2.25
2024-04-24,Mutua Madrid Open,1st Round,Clay,Shevchenko A.,Rinderknech A.,59,77.0,2.0,1.8,2.04,1.85,2.04,1.86
2024-04-24,Mutua Madrid Open,1st Round,Clay,Altmaier D.,Landaluce M.,61,322.0,1.33,3.4,1.36,3.41,1.36,3.5
2024-04-24,Mutua Madrid Open,1st Round,Clay,Seyboth Wild T.,Safiullin R.,63,42.0,1.73,2.1,1.85,2.05,1.85,2.1
2024-04-24,Mutua Madrid Open,1st Round,Clay,Daniel T.,Vukic A.,85,62.0,1.91,1.91,1.97,1.92,2.03,2.0
2024-04-24,Mutua Madrid Open,1st Round,Clay,Navone M.,Popyrin A.,41,46.0,2.1,1.73,2.2,1.74,2.2,1.75
2024-04-24,Mutua Madrid Open,1st Round,Clay,Munar J.,Borges N.,73,56.0,1.67,2.2,1.71,2.24,1.75,2.28
2024-04-24,Mutua Madrid Open,1st Round,Clay,Darderi L.,Monfils G.,60,40.0,2.3,1.62,2.24,1.72,2.38,1.72
2024-04-25,Mutua Madrid Open,1st Round,Clay,Carballes Baena R.,Koepfer D.,68,54.0,1.53,2.5,1.63,2.4,1.65,2.54
2024-04-25,Mutua Madrid Open,1st Round,Clay,Fonseca J.,Michelsen A.,242,70.0,1.57,2.38,1.57,2.56,1.62,2.6
2024-04-25,Mutua Madrid Open,1st Round,Clay,Nadal R.,Blanch D.,512,622.0,1.04,13.0,1.05,15.34,1.09,15.34
2024-04-25,Mutua Madrid Open,1st Round,Clay,Medjedovic H.,Kovacevic A.,130,97.0,1.44,2.75,1.5,2.76,1.52,3.0
2024-04-25,Mutua Madrid Open,1st Round,Clay,Kotov P.,Ramos-Vinolas A.,72,105.0,1.62,2.3,1.69,2.29,1.69,2.35
2024-04-25,Mutua Madrid Open,1st Round,Clay,Kecmanovic M.,Zhang Zh.,66,49.0,1.67,2.2,1.74,2.2,1.78,2.22
2024-04-25,Mutua Madrid Open,1st Round,Clay,Mensik J.,Hanfmann Y.,74,58.0,1.73,2.1,1.81,2.1,1.81,2.25
2024-04-25,Mutua Madrid Open,1st Round,Clay,Bautista Agut R.,Galan D.E.,86,89.0,1.4,3.0,1.4,3.16,1.44,3.16
2024-04-25,Mutua Madrid Open,1st Round,Clay,Arnaldi M.,O Connell C.,36,67.0,1.33,3.4,1.35,3.46,1.4,3.5
2024-04-25,Mutua Madrid Open,1st Round,Clay,Sonego L.,Gasquet R.,52,116.0,1.44,2.75,1.49,2.81,1.5,2.81
2024-04-25,Mutua Madrid Open,1st Round,Clay,Purcell M.,Giron M.,80,51.0,3.75,1.29,3.73,1.31,3.8,1.39
2024-04-25,Mutua Madrid Open,1st Round,Clay,Machac T.,Ruusuvuori E.,50,71.0,1.5,2.63,1.53,2.65,1.54,2.75
2024-04-25,Mutua Madrid Open,1st Round,Clay,Auger-Aliassime F.,Nishioka Y.,35,78.0,1.22,4.33,1.25,4.32,1.27,4.6
2024-04-25,Mutua Madrid Open,1st Round,Clay,Cobolli F.,Tabilo A.,64,38.0,2.38,1.57,2.33,1.67,2.5,1.67
2024-04-25,Mutua Madrid Open,1st Round,Clay,Cachin P.,Ofner S.,91,45.0,2.75,1.44,2.65,1.53,2.75,1.54
2024-04-25,Mutua Madrid Open,1st Round,Clay,Monteiro T.,Lajovic D.,118,65.0,2.5,1.53,2.55,1.57,2.8,1.57
2024-04-26,Mutua Madrid Open,2nd Round,Clay,Alcaraz C.,Shevchenko A.,3,59.0,1.05,11.0,1.05,14.46,1.07,15.0
2024-04-26,Mutua Madrid Open,2nd Round,Clay,Griekspoor T.,Daniel T.,25,85.0,1.4,3.0,1.42,3.1,1.43,3.1
2024-04-26,Mutua Madrid Open,2nd Round,Clay,Struff J.L.,Munar J.,24,73.0,1.5,2.63,1.53,2.71,1.53,2.75
2024-04-26,Mutua Madrid Open,2nd Round,Clay,Rune H.,Navone M.,12,41.0,1.4,3.0,1.39,3.28,1.41,3.3
2024-04-26,Mutua Madrid Open,2nd Round,Clay,Humbert U.,Van De Zandschulp B.,14,115.0,1.4,3.0,1.43,3.09,1.44,3.13
2024-04-26,Mutua Madrid Open,2nd Round,Clay,Fritz T.,Darderi L.,13,60.0,1.44,2.75,1.45,3.0,1.5,3.0
2024-04-26,Mutua Madrid Open,2nd Round,Clay,Zverev A.,Coric B.,5,34.0,1.2,4.5,1.22,4.93,1.25,4.97
2024-04-26,Mutua Madrid Open,2nd Round,Clay,Hurkacz H.,Draper J.,9,43.0,1.67,2.2,1.75,2.21,1.75,2.45
2024-04-26,Mutua Madrid Open,2nd Round,Clay,Shapovalov D.,Etcheverry T.,132,27.0,2.5,1.53,2.51,1.6,2.62,1.62
2024-04-26,Mutua Madrid Open,2nd Round,Clay,Davidovich Fokina A.,Shang J.,28,111.0,1.44,2.75,1.49,2.85,1.5,2.85
2024-04-26,Mutua Madrid Open,2nd Round,Clay,Altmaier D.,Fils A.,61,32.0,2.38,1.57,2.38,1.65,2.4,1.65
2024-04-26,Mutua Madrid Open,2nd Round,Clay,Rublev A.,Bagnis F.,8,136.0,1.2,4.5,1.23,4.66,1.26,6.0
2024-04-26,Mutua Madrid Open,2nd Round,Clay,Cerundolo F.,Marozsan F.,22,37.0,2.2,1.67,2.24,1.73,2.24,1.85
2024-04-26,Mutua Madrid Open,2nd Round,Clay,Seyboth Wild T.,Musetti L.,63,29.0,2.3,1.62,2.43,1.63,2.43,1.67
2024-04-26,Mutua Madrid Open,2nd Round,Clay,Paul T.,Klein L.,16,120.0,1.62,2.3,1.76,2.19,1.76,2.45
2024-04-26,Mutua Madrid Open,2nd Round,Clay,Baez S.,Van Assche L.,19,99.0,1.4,3.0,1.46,2.95,1.46,3.13
2024-04-27,Mutua Madrid Open,2nd Round,Clay,Ruud C.,Kecmanovic M.,6,66.0,1.17,5.0,1.17,5.91,1.18,5.91
2024-04-27,Mutua Madrid Open,2nd Round,Clay,Norrie C.,Fonseca J.,30,242.0,1.5,2.63,1.56,2.6,1.63,2.63
2024-04-27,Mutua Madrid Open,2nd Round,Clay,Cobolli F.,Jarry N.,64,23.0,2.5,1.53,2.64,1.55,2.64,1.59
2024-04-27,Mutua Madrid Open,2nd Round,Clay,Auger-Aliassime F.,Mannarino A.,35,20.0,1.11,6.5,1.15,6.42,1.18,6.5
2024-04-27,Mutua Madrid Open,2nd Round,Clay,Khachanov K.,Bautista Agut R.,17,86.0,1.44,2.75,1.47,2.91,1.48,2.95
2024-04-27,Mutua Madrid Open,2nd Round,Clay,Mensik J.,Dimitrov G.,74,10.0,3.4,1.33,3.43,1.36,3.53,1.36
2024-04-27,Mutua Madrid Open,2nd Round,Clay,Bublik A.,Carballes Baena R.,18,68.0,3.0,1.4,3.08,1.43,3.19,1.46
2024-04-27,Mutua Madrid Open,2nd Round,Clay,Shelton B.,Machac T.,15,50.0,1.73,2.1,1.73,2.24,1.73,2.24
2024-04-27,Mutua Madrid Open,2nd Round,Clay,Nadal R.,De Minaur A.,512,11.0,2.2,1.67,2.42,1.63,2.52,1.7
2024-04-27,Mutua Madrid Open,2nd Round,Clay,Kotov P.,Thompson J.,72,33.0,1.67,2.2,1.74,2.23,1.74,2.25
2024-04-27,Mutua Madrid Open,2nd Round,Clay,Cachin P.,Tiafoe F.,91,21.0,2.5,1.53,2.68,1.54,2.7,1.58
2024-04-27,Mutua Madrid Open,2nd Round,Clay,Sinner J.,Sonego L.,2,52.0,1.04,13.0,1.05,15.37,1.05,15.37
2024-04-27,Mutua Madrid Open,2nd Round,Clay,Lehecka J.,Medjedovic H.,31,130.0,1.73,2.1,1.77,2.18,1.85,2.18
2024-04-27,Mutua Madrid Open,2nd Round,Clay,Korda S.,Purcell M.,26,80.0,1.13,6.0,1.17,5.98,1.19,6.0
2024-04-27,Mutua Madrid Open,2nd Round,Clay,Monteiro T.,Tsitsipas S.,118,7.0,6.0,1.13,6.33,1.16,6.33,1.16
2024-04-27,Mutua Madrid Open,2nd Round,Clay,Medvedev D.,Arnaldi M.,4,36.0,1.5,2.63,1.51,2.78,1.53,2.78
2024-04-28,Mutua Madrid Open,3rd Round,Clay,Zverev A.,Shapovalov D.,5,132.0,1.17,5.0,1.19,5.53,1.24,5.53
2024-04-28,Mutua Madrid Open,3rd Round,Clay,Cerundolo F.,Paul T.,22,16.0,1.67,2.2,1.75,2.21,1.75,2.25
2024-04-28,Mutua Madrid Open,3rd Round,Clay,Alcaraz C.,Seyboth Wild T.,3,63.0,1.07,9.0,1.1,9.04,1.11,9.04
2024-04-28,Mutua Madrid Open,3rd Round,Clay,Fritz T.,Baez S.,13,19.0,1.57,2.38,1.54,2.67,1.57,2.67
2024-04-28,Mutua Madrid Open,3rd Round,Clay,Rublev A.,Davidovich Fokina A.,8,28.0,1.44,2.75,1.51,2.75,1.51,2.77
2024-04-28,Mutua Madrid Open,3rd Round,Clay,Griekspoor T.,Rune H.,25,12.0,2.75,1.44,2.96,1.46,2.96,1.49
2024-04-28,Mutua Madrid Open,3rd Round,Clay,Struff J.L.,Humbert U.,24,14.0,1.67,2.2,1.64,2.42,1.68,2.5
2024-04-28,Mutua Madrid Open,3rd Round,Clay,Hurkacz H.,Altmaier D.,9,61.0,1.3,3.5,1.32,3.74,1.36,3.74
2024-04-29,Mutua Madrid Open,3rd Round,Clay,Bublik A.,Shelton B.,18,15.0,3.2,1.36,3.28,1.39,3.37,1.4
2024-04-29,Mutua Madrid Open,3rd Round,Clay,Lehecka J.,Monteiro T.,31,118.0,1.53,2.5,1.6,2.52,1.63,2.52
2024-04-29,Mutua Madrid Open,3rd Round,Clay,Medvedev D.,Korda S.,4,26.0,1.5,2.63,1.54,2.67,1.54,2.74
2024-04-29,Mutua Madrid Open,3rd Round,Clay,Nadal R.,Cachin P.,512,91.0,1.14,5.5,1.16,6.24,1.21,6.24
2024-04-29,Mutua Madrid Open,3rd Round,Clay,Auger-Aliassime F.,Mensik J.,35,74.0,1.91,1.91,1.96,1.94,1.99,1.98
2024-04-29,Mutua Madrid Open,3rd Round,Clay,Ruud C.,Norrie C.,6,30.0,1.2,4.5,1.2,5.16,1.22,5.16
2024-04-29,Mutua Madrid Open,3rd Round,Clay,Sinner J.,Kotov P.,2,72.0,1.03,17.0,1.02,28.31,1.03,28.31
2024-04-29,Mutua Madrid Open,3rd Round,Clay,Khachanov K.,Cobolli F.,17,64.0,1.36,3.2,1.35,3.52,1.4,3.52
2024-04-30,Mutua Madrid Open,4th Round,Clay,Sinner J.,Khachanov K.,2,17.0,1.22,4.33,1.29,4.01,1.29,4.5
2024-04-30,Mutua Madrid Open,4th Round,Clay,Lehecka J.,Nadal R.,31,512.0,1.91,1.91,1.91,2.0,2.0,2.0
2024-04-30,Mutua Madrid Open,4th Round,Clay,Alcaraz C.,Struff J.L.,3,24.0,1.17,5.0,1.19,5.59,1.21,5.59
2024-04-30,Mutua Madrid Open,4th Round,Clay,Auger-Aliassime F.,Ruud C.,35,6.0,4.0,1.25,4.1,1.28,4.1,1.29
2024-04-30,Mutua Madrid Open,4th Round,Clay,Fritz T.,Hurkacz H.,13,9.0,1.8,2.0,1.95,1.95,1.95,2.02
2024-04-30,Mutua Madrid Open,4th Round,Clay,Rublev A.,Griekspoor T.,8,25.0,1.44,2.75,1.47,2.92,1.5,2.92
2024-04-30,Mutua Madrid Open,4th Round,Clay,Medvedev D.,Bublik A.,4,18.0,1.2,4.5,1.2,5.34,1.21,5.34
2024-04-30,Mutua Madrid Open,4th Round,Clay,Cerundolo F.,Zverev A.,22,5.0,4.5,1.2,4.96,1.22,4.96,1.24
2024-05-01,Mutua Madrid Open,Quarterfinals,Clay,Rublev A.,Alcaraz C.,8,3.0,4.0,1.25,4.48,1.25,4.48,1.28
2024-05-01,Mutua Madrid Open,Quarterfinals,Clay,Fritz T.,Cerundolo F.,13,22.0,1.5,2.63,1.55,2.64,1.55,2.79
2024-05-02,Mutua Madrid Open,Quarterfinals,Clay,Auger-Aliassime F.,Sinner J.,35,2.0,3.4,1.33,3.54,1.35,3.54,1.4
2024-05-02,Mutua Madrid Open,Quarterfinals,Clay,Lehecka J.,Medvedev D.,31,4.0,2.38,1.57,2.53,1.59,2.62,1.59
2024-05-03,Mutua Madrid Open,Semifinals,Clay,Rublev A.,Fritz T.,8,22.0,1.62,2.3,1.7,2.28,1.7,2.6
2024-05-03,Mutua Madrid Open,Semifinals,Clay,Auger-Aliassime F.,Lehecka J.,35,31.0,2.1,1.73,2.17,1.78,2.3,1.78
2024-05-05,Mutua Madrid Open,The Final,Clay,Rublev A.,Auger-Aliassime F.,8,35.0,1.33,3.4,1.35,3.52,1.36,3.53
2024-05-08,Internazionali BNL d'Italia,1st Round,Clay,Vukic A.,Schwartzman D.,70,142.0,2.38,1.57,2.52,1.58,2.6,1.59
2024-05-08,Internazionali BNL d'Italia,1st Round,Clay,Atmane T.,Eubanks C.,137,43.0,1.5,2.63,1.55,2.6,1.56,2.63
2024-05-08,Internazionali BNL d'Italia,1st Round,Clay,Shevchenko A.,Marozsan F.,60,36.0,2.75,1.44,2.84,1.48,2.84,1.48
2024-05-08,Internazionali BNL d'Italia,1st Round,Clay,Monteiro T.,Monfils G.,106,38.0,1.67,2.2,1.73,2.21,1.75,2.36
2024-05-08,Internazionali BNL d'Italia,1st Round,Clay,Cobolli F.,Marterer M.,57,98.0,1.4,3.0,1.43,3.01,1.44,3.01
2024-05-08,Internazionali BNL d'Italia,1st Round,Clay,Darderi L.,Shapovalov D.,54,126.0,1.67,2.2,1.69,2.28,1.69,2.28
2024-05-08,Internazionali BNL d'Italia,1st Round,Clay,Borges N.,Martinez P.,53,51.0,1.91,1.91,1.97,1.92,1.97,1.92
2024-05-08,Internazionali BNL d'Italia,1st Round,Clay,Nishioka Y.,Ofner S.,80,46.0,2.1,1.73,2.29,1.69,2.33,1.75
2024-05-08,Internazionali BNL d'Italia,1st Round,Clay,Hanfmann Y.,Mensik J.,59,65.0,2.3,1.62,2.45,1.61,2.45,1.67
2024-05-08,Internazionali BNL d'Italia,1st Round,Clay,Zhang Zh.,Galan D.E.,56,90.0,1.91,1.91,1.79,2.12,1.91,2.12
2024-05-08,Internazionali BNL d'Italia,1st Round,Clay,Kotov P.,Michelsen A.,63,69.0,1.44,2.75,1.46,2.92,1.5,2.92
2024-05-09,Internazionali BNL d'Italia,1st Round,Clay,Carballes Baena R.,O Connell C.,62,66.0,1.44,2.75,1.43,3.01,1.46,3.01
2024-05-09,Internazionali BNL d'Italia,1st Round,Clay,Lajovic D.,Sonego L.,64,47.0,2.0,1.8,2.1,1.81,2.1,1.87
2024-05-09,Internazionali BNL d'Italia,1st Round,Clay,Karatsev A.,Mcdonald M.,86,76.0,1.25,4.0,1.29,3.9,1.3,4.0
2024-05-09,Internazionali BNL d'Italia,1st Round,Clay,Nardi L.,Altmaier D.,81,78.0,2.2,1.67,2.25,1.71,2.33,1.71
2024-05-09,Internazionali BNL d'Italia,1st Round,Clay,Muller A.,Fucsovics M.,109,50.0,2.5,1.53,2.48,1.6,2.63,1.6
2024-05-09,Internazionali BNL d'Italia,1st Round,Clay,Fognini F.,Evans D.,92,67.0,1.53,2.5,1.64,2.38,1.64,2.68
2024-05-09,Internazionali BNL d'Italia,1st Round,Clay,Van De Zandschulp B.,Moreno De Alboran N.,112,136.0,1.44,2.75,1.53,2.67,1.53,2.75
2024-05-09,Internazionali BNL d'Italia,1st Round,Clay,Struff J.L.,Cachin P.,41,99.0,1.22,4.33,1.24,4.44,1.25,4.44
2024-05-09,Internazionali BNL d'Italia,1st Round,Clay,Giron M.,Ruusuvuori E.,49,71.0,2.1,1.73,2.24,1.72,2.24,1.8
2024-05-09,Internazionali BNL d'Italia,1st Round,Clay,Draper J.,Coric B.,40,55.0,1.67,2.2,1.81,2.1,1.81,2.38
2024-05-09,Internazionali BNL d'Italia,1st Round,Clay,Seyboth Wild T.,Barrere G.,61,115.0,1.4,3.0,1.47,2.89,1.47,3.0
2024-05-09,Internazionali BNL d'Italia,1st Round,Clay,Kecmanovic M.,Nakashima B.,58,72.0,1.73,2.1,1.81,2.09,1.82,2.13
2024-05-09,Internazionali BNL d'Italia,1st Round,Clay,Arnaldi M.,Mayot H.,37,130.0,1.17,5.0,1.19,5.25,1.19,5.25
2024-05-09,Internazionali BNL d'Italia,1st Round,Clay,Munar J.,Hijikata R.,68,79.0,1.08,8.0,1.11,7.89,1.12,8.0
2024-05-09,Internazionali BNL d'Italia,1st Round,Clay,Medjedovic H.,Popyrin A.,121,42.0,1.8,2.0,1.83,2.02,1.95,2.06
2024-05-09,Internazionali BNL d'Italia,1st Round,Clay,Passaro F.,Rinderknech A.,240,73.0,2.2,1.67,2.33,1.67,2.36,1.67
2024-05-09,Internazionali BNL d'Italia,1st Round,Clay,Koepfer D.,Vavassori A.,52,168.0,1.67,2.2,1.75,2.2,1.75,2.33
2024-05-09,Internazionali BNL d'Italia,1st Round,Clay,Napolitano S.,Wolf J.J.,125,101.0,1.44,2.75,1.48,2.83,1.52,2.83
2024-05-09,Internazionali BNL d'Italia,1st Round,Clay,Gigante M.,Zeppieri G.,139,144.0,2.38,1.57,2.43,1.61,2.43,1.63
2024-05-09,Internazionali BNL d'Italia,1st Round,Clay,Moutet C.,Safiullin R.,83,39.0,1.73,2.1,1.81,2.1,1.81,2.1
2024-05-09,Internazionali BNL d'Italia,1st Round,Clay,Nadal R.,Bergs Z.,305,108.0,1.14,5.5,1.17,5.85,1.17,6.5
2024-05-10,Internazionali BNL d'Italia,2nd Round,Clay,Djokovic N.,Moutet C.,1,83.0,1.08,8.0,1.11,8.9,1.11,8.9
2024-05-10,Internazionali BNL d'Italia,2nd Round,Clay,Cerundolo F.,Gigante M.,22,139.0,1.29,3.75,1.29,3.99,1.3,3.99
2024-05-10,Internazionali BNL d'Italia,2nd Round,Clay,Kecmanovic M.,Ruud C.,58,7.0,5.0,1.17,5.11,1.21,5.12,1.21
2024-05-10,Internazionali BNL d'Italia,2nd Round,Clay,Fritz T.,Fognini F.,13,92.0,1.2,4.5,1.22,4.82,1.22,4.98
2024-05-10,Internazionali BNL d'Italia,2nd Round,Clay,Tabilo A.,Hanfmann Y.,32,59.0,1.53,2.5,1.54,2.66,1.64,2.66
2024-05-10,Internazionali BNL d'Italia,2nd Round,Clay,Khachanov K.,Shevchenko A.,18,60.0,1.29,3.75,1.35,3.52,1.4,3.94
2024-05-10,Internazionali BNL d'Italia,2nd Round,Clay,Zverev A.,Vukic A.,5,70.0,1.05,11.0,1.06,12.76,1.08,12.76
2024-05-10,Internazionali BNL d'Italia,2nd Round,Clay,Passaro F.,Griekspoor T.,240,26.0,3.2,1.36,3.56,1.34,3.56,1.4
2024-05-10,Internazionali BNL d'Italia,2nd Round,Clay,Monteiro T.,Thompson J.,106,35.0,1.4,3.0,1.41,3.19,1.41,3.22
2024-05-10,Internazionali BNL d'Italia,2nd Round,Clay,Zhang Zh.,Mannarino A.,56,21.0,1.14,5.5,1.19,5.42,1.21,5.55
2024-05-10,Internazionali BNL d'Italia,2nd Round,Clay,Shelton B.,Kotov P.,14,63.0,1.5,2.63,1.58,2.56,1.62,2.74
2024-05-10,Internazionali BNL d'Italia,2nd Round,Clay,Darderi L.,Navone M.,54,31.0,2.2,1.67,2.29,1.7,2.52,1.7
2024-05-10,Internazionali BNL d'Italia,2nd Round,Clay,Dimitrov G.,Nishioka Y.,10,80.0,1.11,6.5,1.16,6.06,1.17,6.5
2024-05-10,Internazionali BNL d'Italia,2nd Round,Clay,Atmane T.,Musetti L.,137,29.0,5.5,1.14,5.67,1.19,6.0,1.2
2024-05-10,Internazionali BNL d'Italia,2nd Round,Clay,Borges N.,Bublik A.,53,17.0,1.73,2.1,1.71,2.28,1.8,2.28
2024-05-10,Internazionali BNL d'Italia,2nd Round,Clay,Korda S.,Cobolli F.,27,57.0,1.57,2.38,1.65,2.4,1.68,2.6
2024-05-11,Internazionali BNL d'Italia,2nd Round,Clay,Rublev A.,Giron M.,6,49.0,1.11,6.5,1.12,7.98,1.12,7.98
2024-05-11,Internazionali BNL d'Italia,2nd Round,Clay,Rune H.,Nardi L.,12,81.0,1.33,3.4,1.36,3.49,1.36,3.87
2024-05-11,Internazionali BNL d'Italia,2nd Round,Clay,Auger-Aliassime F.,Van De Zandschulp B.,20,112.0,1.4,3.0,1.44,3.03,1.44,3.06
2024-05-11,Internazionali BNL d'Italia,2nd Round,Clay,Tsitsipas S.,Struff J.L.,8,41.0,1.53,2.5,1.58,2.55,1.58,2.6
2024-05-11,Internazionali BNL d'Italia,2nd Round,Clay,Norrie C.,Munar J.,30,68.0,1.57,2.38,1.68,2.33,1.68,2.45
2024-05-11,Internazionali BNL d'Italia,2nd Round,Clay,Baez S.,Lajovic D.,19,64.0,1.57,2.38,1.69,2.3,1.69,2.42
2024-05-11,Internazionali BNL d'Italia,2nd Round,Clay,Muller A.,Fils A.,109,34.0,2.2,1.67,2.3,1.69,2.38,1.74
2024-05-11,Internazionali BNL d'Italia,2nd Round,Clay,Medvedev D.,Draper J.,4,40.0,1.67,2.2,1.75,2.21,1.75,2.28
2024-05-11,Internazionali BNL d'Italia,2nd Round,Clay,Koepfer D.,Tiafoe F.,52,25.0,1.91,1.91,1.89,2.01,1.94,2.01
2024-05-11,Internazionali BNL d'Italia,2nd Round,Clay,Napolitano S.,Shang J.,125,105.0,2.0,1.8,2.03,1.88,2.03,1.88
2024-05-11,Internazionali BNL d'Italia,2nd Round,Clay,Paul T.,Karatsev A.,16,86.0,1.44,2.75,1.5,2.59,1.57,3.13
2024-05-11,Internazionali BNL d'Italia,2nd Round,Clay,Hurkacz H.,Nadal R.,9,305.0,2.3,1.62,2.4,1.65,2.4,1.84
2024-05-11,Internazionali BNL d'Italia,2nd Round,Clay,Jarry N.,Arnaldi M.,24,37.0,2.1,1.73,2.23,1.74,2.23,1.76
2024-05-11,Internazionali BNL d'Italia,2nd Round,Clay,Medjedovic H.,Davidovich Fokina A.,121,33.0,2.3,1.62,2.2,1.76,2.32,1.8
2024-05-11,Internazionali BNL d'Italia,2nd Round,Clay,Etcheverry T.,Seyboth Wild T.,28,61.0,1.73,2.1,1.87,2.04,1.89,2.12
2024-05-11,Internazionali BNL d'Italia,2nd Round,Clay,De Minaur A.,Carballes Baena R.,11,62.0,1.33,3.4,1.39,3.27,1.4,3.4
2024-05-12,Internazionali BNL d'Italia,3rd Round,Clay,Zhang Zh.,Shelton B.,56,14.0,2.5,1.53,2.54,1.58,2.62,1.58
2024-05-12,Internazionali BNL d'Italia,3rd Round,Clay,Zverev A.,Darderi L.,5,54.0,1.2,4.5,1.25,4.51,1.25,4.6
2024-05-12,Internazionali BNL d'Italia,3rd Round,Clay,Fritz T.,Korda S.,13,27.0,1.53,2.5,1.55,2.65,1.57,2.65
2024-05-12,Internazionali BNL d'Italia,3rd Round,Clay,Tabilo A.,Djokovic N.,32,1.0,9.0,1.07,8.97,1.1,9.0,1.11
2024-05-12,Internazionali BNL d'Italia,3rd Round,Clay,Borges N.,Passaro F.,53,240.0,1.5,2.63,1.54,2.67,1.54,2.67
2024-05-12,Internazionali BNL d'Italia,3rd Round,Clay,Khachanov K.,Cerundolo F.,18,22.0,1.8,2.0,1.78,2.16,1.84,2.16
2024-05-12,Internazionali BNL d'Italia,3rd Round,Clay,Monteiro T.,Kecmanovic M.,106,58.0,2.0,1.8,2.02,1.88,2.1,1.88
2024-05-12,Internazionali BNL d'Italia,3rd Round,Clay,Dimitrov G.,Atmane T.,10,137.0,1.13,6.0,1.15,6.41,1.16,6.41
2024-05-13,Internazionali BNL d'Italia,3rd Round,Clay,Medvedev D.,Medjedovic H.,4,121.0,1.4,3.0,1.45,2.98,1.45,3.1
2024-05-13,Internazionali BNL d'Italia,3rd Round,Clay,Baez S.,Rune H.,19,12.0,2.5,1.53,2.59,1.57,2.68,1.57
2024-05-13,Internazionali BNL d'Italia,3rd Round,Clay,Hurkacz H.,Etcheverry T.,9,28.0,1.5,2.63,1.56,2.6,1.56,2.74
2024-05-13,Internazionali BNL d'Italia,3rd Round,Clay,Jarry N.,Napolitano S.,24,125.0,1.36,3.2,1.38,3.31,1.38,3.4
2024-05-13,Internazionali BNL d'Italia,3rd Round,Clay,Muller A.,Rublev A.,109,6.0,5.0,1.17,4.95,1.22,5.0,1.22
2024-05-13,Internazionali BNL d'Italia,3rd Round,Clay,Tsitsipas S.,Norrie C.,8,30.0,1.2,4.5,1.26,4.29,1.35,4.5
2024-05-13,Internazionali BNL d'Italia,3rd Round,Clay,De Minaur A.,Auger-Aliassime F.,11,20.0,1.57,2.38,1.66,2.37,1.66,2.4
2024-05-13,Internazionali BNL d'Italia,3rd Round,Clay,Paul T.,Koepfer D.,16,52.0,1.67,2.2,1.69,2.31,1.7,2.38
2024-05-14,Internazionali BNL d'Italia,4th Round,Clay,Hurkacz H.,Baez S.,9,19.0,1.44,2.75,1.52,2.73,1.52,2.77
2024-05-14,Internazionali BNL d'Italia,4th Round,Clay,Tsitsipas S.,De Minaur A.,8,11.0,1.36,3.2,1.36,3.47,1.36,3.5
2024-05-14,Internazionali BNL d'Italia,4th Round,Clay,Paul T.,Medvedev D.,16,4.0,2.63,1.5,2.88,1.48,2.88,1.51
2024-05-14,Internazionali BNL d'Italia,4th Round,Clay,Jarry N.,Muller A.,24,109.0,1.5,2.63,1.52,2.73,1.53,2.73
2024-05-14,Internazionali BNL d'Italia,4th Round,Clay,Zhang Zh.,Monteiro T.,56,106.0,2.1,1.73,2.12,1.81,2.13,1.81
2024-05-14,Internazionali BNL d'Italia,4th Round,Clay,Fritz T.,Dimitrov G.,13,10.0,1.62,2.3,1.72,2.26,1.77,2.3
2024-05-14,Internazionali BNL d'Italia,4th Round,Clay,Tabilo A.,Khachanov K.,32,18.0,3.0,1.4,3.03,1.44,3.04,1.48
2024-05-14,Internazionali BNL d'Italia,4th Round,Clay,Zverev A.,Borges N.,5,53.0,1.13,6.0,1.15,6.63,1.16,6.63
2024-05-15,Internazionali BNL d'Italia,Quarterfinals,Clay,Tabilo A.,Zhang Zh.,32,56.0,1.57,2.38,1.68,2.33,1.75,2.4
2024-05-15,Internazionali BNL d'Italia,Quarterfinals,Clay,Zverev A.,Fritz T.,5,13.0,1.5,2.63,1.52,2.73,1.53,2.8
2024-05-16,Internazionali BNL d'Italia,Quarterfinals,Clay,Paul T.,Hurkacz H.,16,9.0,2.3,1.62,2.36,1.67,2.37,1.7
2024-05-16,Internazionali BNL d'Italia,Quarterfinals,Clay,Jarry N.,Tsitsipas S.,24,8.0,4.0,1.25,4.2,1.27,4.33,1.29
2024-05-17,Internazionali BNL d'Italia,Semifinals,Clay,Zverev A.,Tabilo A.,5,32.0,1.22,4.33,1.26,4.31,1.89,4.33
2024-05-17,Internazionali BNL d'Italia,Semifinals,Clay,Jarry N.,Paul T.,24,16.0,2.1,1.73,2.15,1.79,2.15,1.8
2024-05-19,Lyon Open,1st Round,Clay,Muller A.,Gasquet R.,90,124.0,1.4,3.0,1.44,2.9,1.46,3.0
2024-05-19,Geneva Open,1st Round,Clay,Carballes Baena R.,Altmaier D.,62,83.0,1.91,1.91,1.98,1.88,2.0,1.95
2024-05-19,Internazionali BNL d'Italia,The Final,Clay,Zverev A.,Jarry N.,5,24.0,1.33,3.4,1.35,3.5,1.36,3.5
2024-05-19,Lyon Open,1st Round,Clay,Vukic A.,Mcdonald M.,93,74.0,1.67,2.2,1.65,2.31,1.68,2.31
2024-05-19,Geneva Open,1st Round,Clay,Baez S.,Nagal S.,20,94.0,1.2,4.5,1.23,4.43,1.25,4.54
2024-05-20,Lyon Open,1st Round,Clay,Etcheverry T.,Sanchez Izquierdo N.,29,260.0,1.07,9.0,1.1,8.73,1.1,9.0
2024-05-20,Lyon Open,1st Round,Clay,Kotov P.,Cachin P.,57,106.0,1.57,2.38,1.67,2.3,1.67,2.4
2024-05-20,Lyon Open,1st Round,Clay,Rinderknech A.,Evans D.,73,60.0,1.67,2.2,1.68,2.3,1.73,2.3
2024-05-20,Lyon Open,1st Round,Clay,Koepfer D.,Barranco Cosano J.,67,254.0,1.22,4.33,1.28,3.99,1.29,4.34
2024-05-20,Geneva Open,1st Round,Clay,Shevchenko A.,Marozsan F.,61,41.0,2.2,1.67,2.33,1.67,2.36,1.73
2024-05-20,Geneva Open,1st Round,Clay,Cobolli F.,Karatsev A.,56,82.0,1.5,2.63,1.57,2.55,1.57,2.63
2024-05-20,Geneva Open,1st Round,Clay,Ruusuvuori E.,Giron M.,66,48.0,1.73,2.1,1.69,2.29,1.73,2.29
2024-05-20,Geneva Open,1st Round,Clay,Ofner S.,Hijikata R.,45,78.0,1.29,3.75,1.27,4.12,1.29,4.12
2024-05-21,Lyon Open,1st Round,Clay,Tiafoe F.,Munar J.,26,63.0,2.63,1.5,2.66,1.53,3.15,1.53
2024-05-21,Lyon Open,1st Round,Clay,Nishioka Y.,Fanselow S.,72,316.0,1.3,3.5,1.34,3.51,1.34,4.0
2024-05-21,Lyon Open,1st Round,Clay,Mpetshi G.,Sonego L.,117,50.0,2.3,1.62,2.62,1.54,2.63,1.62
2024-05-21,Lyon Open,1st Round,Clay,Seyboth Wild T.,Martinez P.,58,49.0,1.91,1.91,1.83,2.08,1.94,2.08
2024-05-21,Lyon Open,2nd Round,Clay,Kotov P.,Muller A.,57,90.0,2.0,1.8,2.01,1.89,2.1,1.89
2024-05-21,Lyon Open,1st Round,Clay,Darderi L.,Daniel T.,47,81.0,1.4,3.0,1.5,2.76,1.5,3.0
2024-05-21,Lyon Open,1st Round,Clay,Gaston H.,Galan D.E.,104,105.0,1.91,1.91,1.88,2.0,1.91,2.02
2024-05-21,Lyon Open,2nd Round,Clay,Bublik A.,Vukic A.,19,93.0,1.8,2.0,1.86,2.05,1.86,2.17
2024-05-21,Geneva Open,1st Round,Clay,Shapovalov D.,Coria F.,123,69.0,1.62,2.3,1.61,2.44,1.66,2.53
2024-05-21,Geneva Open,1st Round,Clay,Hanfmann Y.,Murray A.,85,75.0,1.62,2.3,1.7,2.26,1.72,2.41
2024-05-21,Geneva Open,1st Round,Clay,Griekspoor T.,Eubanks C.,27,43.0,1.17,5.0,1.2,5.04,1.21,5.04
2024-05-21,Geneva Open,1st Round,Clay,Machac T.,Draper J.,44,35.0,2.63,1.5,2.69,1.52,2.69,1.54
2024-05-21,Geneva Open,2nd Round,Clay,Cobolli F.,Shelton B.,56,15.0,2.2,1.67,2.18,1.77,2.36,1.78
2024-05-21,Geneva Open,2nd Round,Clay,Shevchenko A.,Ruusuvuori E.,61,66.0,2.1,1.73,2.25,1.72,2.25,1.75
2024-05-21,Geneva Open,1st Round,Clay,Moreno De Alboran N.,Goffin D.,140,115.0,2.5,1.53,2.5,1.59,2.51,1.6
2024-05-21,Geneva Open,1st Round,Clay,Michelsen A.,Kovacevic A.,65,88.0,2.0,1.8,2.26,1.71,2.26,1.82
2024-05-22,Geneva Open,2nd Round,Clay,Ruud C.,Ofner S.,7,45.0,1.13,6.0,1.13,7.26,1.14,7.26
2024-05-22,Lyon Open,2nd Round,Clay,Darderi L.,Mannarino A.,47,22.0,1.1,7.0,1.15,6.64,1.15,7.0
2024-05-22,Geneva Open,2nd Round,Clay,Machac T.,Moreno De Alboran N.,44,140.0,1.53,2.5,1.63,2.44,1.63,2.51
2024-05-22,Geneva Open,2nd Round,Clay,Baez S.,Carballes Baena R.,20,62.0,1.36,3.2,1.38,3.33,1.4,3.39
2024-05-22,Lyon Open,2nd Round,Clay,Etcheverry T.,Seyboth Wild T.,29,58.0,1.67,2.2,1.7,2.28,1.73,2.28
2024-05-22,Lyon Open,2nd Round,Clay,Koepfer D.,Humbert U.,67,17.0,2.38,1.57,2.57,1.57,2.57,1.58
2024-05-22,Lyon Open,2nd Round,Clay,Mpetshi G.,Nishioka Y.,117,72.0,1.73,2.1,1.83,2.09,1.84,2.15
2024-05-22,Lyon Open,2nd Round,Clay,Rinderknech A.,Tiafoe F.,73,26.0,2.3,1.62,2.28,1.7,2.35,1.72
2024-05-22,Lyon Open,2nd Round,Clay,Gaston H.,Cerundolo F.,104,23.0,3.2,1.36,3.32,1.38,3.32,1.4
2024-05-22,Geneva Open,2nd Round,Clay,Djokovic N.,Hanfmann Y.,1,85.0,1.08,8.0,1.12,7.9,1.14,8.01
2024-05-22,Geneva Open,2nd Round,Clay,Michelsen A.,Fritz T.,65,12.0,6.0,1.13,7.5,1.12,7.57,1.15
2024-05-23,Lyon Open,Quarterfinals,Clay,Bublik A.,Kotov P.,19,57.0,2.2,1.67,2.22,1.74,2.22,1.76
2024-05-23,Geneva Open,Quarterfinals,Clay,Machac T.,Michelsen A.,44,65.0,1.44,2.75,1.46,2.95,1.48,2.95
2024-05-23,Lyon Open,Quarterfinals,Clay,Mpetshi G.,Gaston H.,117,104.0,1.67,2.2,1.76,2.19,1.8,2.2
2024-05-23,Geneva Open,2nd Round,Clay,Griekspoor T.,Shapovalov D.,27,123.0,1.73,2.1,1.76,2.19,1.8,2.19
2024-05-23,Geneva Open,Quarterfinals,Clay,Ruud C.,Baez S.,7,20.0,1.33,3.4,1.31,3.81,1.33,3.86
2024-05-23,Geneva Open,Quarterfinals,Clay,Cobolli F.,Shevchenko A.,56,61.0,1.62,2.3,1.61,2.49,1.62,2.49
2024-05-23,Geneva Open,Quarterfinals,Clay,Djokovic N.,Griekspoor T.,1,27.0,1.14,5.5,1.18,5.62,1.18,6.25
2024-05-23,Lyon Open,Quarterfinals,Clay,Darderi L.,Rinderknech A.,47,73.0,1.62,2.3,1.61,2.49,1.92,2.49
2024-05-23,Lyon Open,Quarterfinals,Clay,Etcheverry T.,Koepfer D.,29,67.0,1.44,2.75,1.52,2.73,1.54,2.75
2024-05-24,Lyon Open,Semifinals,Clay,Etcheverry T.,Darderi L.,29,47.0,1.67,2.2,1.71,2.27,1.71,2.27
2024-05-24,Lyon Open,Semifinals,Clay,Mpetshi G.,Bublik A.,117,19.0,2.3,1.62,2.41,1.64,2.53,1.65
2024-05-24,Geneva Open,Semifinals,Clay,Machac T.,Djokovic N.,44,1.0,5.5,1.14,5.65,1.18,6.19,1.18
2024-05-25,Geneva Open,The Final,Clay,Ruud C.,Machac T.,7,44.0,1.57,2.38,1.57,2.56,1.61,2.57
2024-05-25,Geneva Open,Semifinals,Clay,Ruud C.,Cobolli F.,7,56.0,1.2,4.5,1.26,4.3,1.28,4.75
2024-05-25,Lyon Open,The Final,Clay,Mpetshi G.,Etcheverry T.,117,29.0,3.2,1.36,3.31,1.38,3.31,1.44
2024-05-26,French Open,1st Round,Clay,Wawrinka S.,Murray A.,98,75.0,1.53,2.5,1.58,2.54,1.62,2.54
2024-05-26,French Open,1st Round,Clay,Ofner S.,Atmane T.,45,121.0,1.57,2.38,1.56,2.62,1.59,2.62
2024-05-26,French Open,1st Round,Clay,Moutet C.,Jarry N.,79,19.0,2.75,1.44,2.88,1.48,2.95,1.5
2024-05-26,French Open,1st Round,Clay,Altmaier D.,Djere L.,83,52.0,1.53,2.5,1.61,2.49,1.61,2.55
2024-05-26,French Open,1st Round,Clay,Korda S.,Mayot H.,28,122.0,1.17,5.0,1.21,4.99,1.22,5.05
2024-05-26,French Open,1st Round,Clay,Marozsan F.,Kukushkin M.,43,136.0,1.25,4.0,1.27,4.26,1.33,4.26
2024-05-26,French Open,1st Round,Clay,Bergs Z.,Tabilo A.,104,24.0,3.2,1.36,3.3,1.39,3.3,1.4
2024-05-26,French Open,1st Round,Clay,Muller A.,Nardi L.,90,72.0,1.53,2.5,1.6,2.52,1.62,2.54
2024-05-26,French Open,1st Round,Clay,Gasquet R.,Coric B.,124,73.0,3.2,1.36,3.23,1.4,3.25,1.41
2024-05-26,French Open,1st Round,Clay,Nishikori K.,Diallo G.,350,166.0,2.75,1.44,2.54,1.58,2.8,1.58
2024-05-26,French Open,1st Round,Clay,Marterer M.,Thompson J.,101,36.0,2.3,1.62,2.51,1.6,2.71,1.63
2024-05-26,French Open,1st Round,Clay,Dimitrov G.,Kovacevic A.,10,87.0,1.08,8.0,1.1,8.78,1.12,8.85
2024-05-26,French Open,1st Round,Clay,Hurkacz H.,Mochizuki S.,8,162.0,1.03,15.0,1.05,15.11,1.09,15.11
2024-05-26,French Open,1st Round,Clay,De Jong J.,Draper J.,176,39.0,4.5,1.2,4.22,1.27,4.54,1.29
2024-05-26,French Open,1st Round,Clay,Zhang Zh.,Vukic A.,44,89.0,1.36,3.2,1.39,3.3,1.39,3.43
2024-05-26,French Open,1st Round,Clay,Sonego L.,Humbert U.,49,16.0,2.5,1.53,2.75,1.52,2.75,1.57
2024-05-26,French Open,1st Round,Clay,Martinez P.,Tirante T.A.,48,109.0,1.29,3.75,1.31,3.91,1.35,3.91
2024-05-26,French Open,1st Round,Clay,Rublev A.,Daniel T.,6,80.0,1.04,13.0,1.06,14.08,1.08,14.08
2024-05-26,French Open,1st Round,Clay,Nakashima B.,Moreno De Alboran N.,84,130.0,1.57,2.38,1.54,2.66,1.59,2.66
2024-05-26,French Open,1st Round,Clay,Alcaraz C.,Wolf J.J.,3,107.0,1.01,26.0,1.01,41.77,1.03,41.77
2024-05-27,French Open,1st Round,Clay,Misolic F.,Virtanen O.,243,156.0,1.5,2.63,1.59,2.54,1.59,2.63
2024-05-27,French Open,1st Round,Clay,Tiafoe F.,Bellucci M.,26,173.0,1.29,3.75,1.31,3.8,1.35,3.8
2024-05-27,French Open,1st Round,Clay,Musetti L.,Galan D.E.,30,106.0,1.13,6.0,1.16,6.07,1.22,6.25
2024-05-27,French Open,1st Round,Clay,Paul T.,Cachin P.,14,108.0,1.1,7.0,1.12,7.82,1.13,8.3
2024-05-27,French Open,1st Round,Clay,Shapovalov D.,Van Assche L.,118,103.0,1.67,2.2,1.63,2.45,1.68,2.56
2024-05-27,French Open,1st Round,Clay,Fognini F.,Van De Zandschulp B.,93,102.0,2.75,1.44,2.72,1.52,2.75,1.54
2024-05-27,French Open,1st Round,Clay,Cerundolo F.,Hanfmann Y.,27,85.0,1.3,3.5,1.34,3.56,1.34,4.11
2024-05-27,French Open,1st Round,Clay,Lajovic D.,Safiullin R.,61,42.0,1.62,2.3,1.67,2.35,1.68,2.35
2024-05-27,French Open,1st Round,Clay,Monfils G.,Seyboth Wild T.,37,58.0,2.3,1.62,2.34,1.68,2.36,1.68
2024-05-27,French Open,1st Round,Clay,Medvedev D.,Koepfer D.,5,65.0,1.2,4.5,1.22,4.9,1.22,5.19
2024-05-27,French Open,1st Round,Clay,Kecmanovic M.,Monteiro T.,57,86.0,1.8,2.0,1.88,2.03,1.89,2.03
2024-05-27,French Open,1st Round,Clay,Kotov P.,Norrie C.,56,33.0,2.75,1.44,2.99,1.45,3.06,1.49
2024-05-27,French Open,1st Round,Clay,Squire H.,Purcell M.,221,94.0,1.44,2.75,1.51,2.75,1.56,2.78
2024-05-27,French Open,1st Round,Clay,Khachanov K.,Nagal S.,18,95.0,1.11,6.5,1.15,6.53,1.15,6.69
2024-05-27,French Open,1st Round,Clay,Zverev A.,Nadal R.,4,275.0,1.3,3.5,1.31,3.81,1.34,3.81
2024-05-27,French Open,1st Round,Clay,Shevchenko A.,Karatsev A.,59,82.0,1.57,2.38,1.62,2.47,1.63,2.5
2024-05-27,French Open,1st Round,Clay,Sinner J.,Eubanks C.,2,46.0,1.02,19.0,1.02,27.95,1.04,27.95
2024-05-27,French Open,1st Round,Clay,Shelton B.,Gaston H.,15,88.0,1.4,3.0,1.41,3.19,1.44,3.19
2024-05-27,French Open,1st Round,Clay,Kwon S.W.,Ruusuvuori E.,494,67.0,6.0,1.13,6.2,1.16,6.85,1.17
2024-05-27,French Open,1st Round,Clay,Baez S.,Heide G.,20,174.0,1.17,5.0,1.17,5.84,1.22,5.84
2024-05-27,French Open,1st Round,Clay,Arnaldi M.,Fils A.,35,38.0,2.2,1.67,2.04,1.87,2.27,1.87
2024-05-27,French Open,1st Round,Clay,Tsitsipas S.,Fucsovics M.,9,54.0,1.1,7.0,1.12,7.63,1.14,7.63
2024-05-27,French Open,1st Round,Clay,Kovalik J.,Giron M.,145,50.0,2.0,1.8,2.12,1.81,2.2,1.82
2024-05-27,French Open,1st Round,Clay,Auger-Aliassime F.,Nishioka Y.,21,70.0,1.2,4.5,1.2,5.32,1.22,5.36
2024-05-28,French Open,1st Round,Clay,Struff J.L.,Burruchaga R.,41,144.0,1.14,5.5,1.13,7.41,1.22,7.41
2024-05-28,French Open,1st Round,Clay,Bublik A.,Barrere G.,17,112.0,1.91,1.91,2.08,1.84,2.08,2.03
2024-05-28,French Open,1st Round,Clay,Djokovic N.,Herbert P.H.,1,142.0,1.02,21.0,1.02,28.68,1.03,28.68
2024-05-28,French Open,1st Round,Clay,Griekspoor T.,Mcdonald M.,25,74.0,1.1,7.0,1.13,7.48,1.16,7.48
2024-05-28,French Open,1st Round,Clay,Carballes Baena R.,Lestienne C.,63,91.0,1.14,5.5,1.17,6.01,1.18,6.01
2024-05-28,French Open,1st Round,Clay,Kokkinakis T.,Popyrin A.,100,51.0,2.0,1.8,2.04,1.87,2.05,1.88
2024-05-28,French Open,1st Round,Clay,Darderi L.,Hijikata R.,40,78.0,1.06,10.0,1.1,9.24,1.12,10.0
2024-05-28,French Open,1st Round,Clay,Rune H.,Evans D.,13,62.0,1.08,8.0,1.09,9.41,1.14,9.41
2024-05-28,French Open,1st Round,Clay,Cobolli F.,Medjedovic H.,53,135.0,2.5,1.53,2.64,1.55,2.64,1.56
2024-05-28,French Open,1st Round,Clay,Zeppieri G.,Mannarino A.,148,22.0,1.22,4.33,1.23,4.71,1.27,4.71
2024-05-28,French Open,1st Round,Clay,Fritz T.,Coria F.,12,71.0,1.14,5.5,1.14,6.86,1.15,7.0
2024-05-28,French Open,1st Round,Clay,Rinderknech A.,Walton A.,69,96.0,1.14,5.5,1.19,5.48,1.19,5.5
2024-05-28,French Open,1st Round,Clay,Navone M.,Carreno Busta P.,31,1049.0,1.13,6.0,1.19,5.43,1.19,6.0
2024-05-28,French Open,1st Round,Clay,De Minaur A.,Michelsen A.,11,60.0,1.08,8.0,1.11,8.0,1.14,8.0
2024-05-28,French Open,1st Round,Clay,Munar J.,Bautista Agut R.,64,81.0,1.67,2.2,1.69,2.3,1.8,2.3
2024-05-28,French Open,1st Round,Clay,Davidovich Fokina A.,Vacherot V.,32,116.0,1.2,4.5,1.25,4.41,1.26,4.54
2024-05-28,French Open,1st Round,Clay,Machac T.,Borges N.,34,47.0,1.62,2.3,1.63,2.43,1.63,2.46
2024-05-28,French Open,1st Round,Clay,Ruud C.,Meligeni Alves F.,7,137.0,1.06,10.0,1.06,13.63,1.07,13.63
2024-05-28,French Open,1st Round,Clay,Etcheverry T.,Cazaux A.,29,77.0,1.2,4.5,1.22,4.85,1.23,4.85
2024-05-28,French Open,1st Round,Clay,Goffin D.,Mpetshi G.,115,66.0,2.3,1.62,2.23,1.74,2.39,1.74
2024-05-29,French Open,2nd Round,Clay,Sinner J.,Gasquet R.,2,124.0,1.02,19.0,1.03,23.35,1.09,23.35
2024-05-29,French Open,2nd Round,Clay,Rublev A.,Martinez P.,6,48.0,1.13,6.0,1.13,7.12,1.14,7.24
2024-05-29,French Open,2nd Round,Clay,Kotov P.,Wawrinka S.,56,98.0,1.62,2.3,1.56,2.61,1.63,2.61
2024-05-29,French Open,2nd Round,Clay,Tsitsipas S.,Altmaier D.,9,83.0,1.05,11.0,1.07,12.24,1.08,12.24
2024-05-29,French Open,2nd Round,Clay,Alcaraz C.,De Jong J.,3,176.0,1.01,26.0,1.01,43.94,1.03,43.94
2024-05-30,French Open,2nd Round,Clay,Shelton B.,Nishikori K.,15,350.0,1.14,5.5,1.17,6.01,1.18,6.01
2024-05-30,French Open,2nd Round,Clay,Etcheverry T.,Rinderknech A.,29,69.0,1.3,3.5,1.28,4.07,1.39,4.07
2024-05-30,French Open,2nd Round,Clay,Musetti L.,Monfils G.,30,37.0,1.44,2.75,1.44,3.01,1.52,3.01
2024-05-30,French Open,2nd Round,Clay,Fritz T.,Lajovic D.,12,61.0,1.17,5.0,1.21,5.06,1.22,5.24
2024-05-30,French Open,2nd Round,Clay,Ruud C.,Davidovich Fokina A.,7,32.0,1.17,5.0,1.18,5.71,1.24,5.71
2024-05-30,French Open,2nd Round,Clay,Cerundolo F.,Misolic F.,27,243.0,1.11,6.5,1.14,7.27,1.19,7.27
2024-05-30,French Open,2nd Round,Clay,Struff J.L.,Bublik A.,41,17.0,1.29,3.75,1.29,4.05,1.36,4.09
2024-05-30,French Open,2nd Round,Clay,Kovalik J.,Khachanov K.,145,18.0,8.0,1.08,10.78,1.08,10.78,1.16
2024-05-30,French Open,2nd Round,Clay,Kokkinakis T.,Zeppieri G.,100,148.0,1.67,2.2,1.69,2.3,1.71,2.3
2024-05-30,French Open,2nd Round,Clay,Machac T.,Navone M.,34,31.0,1.67,2.2,1.73,2.24,1.73,2.31
2024-05-30,French Open,2nd Round,Clay,Rune H.,Cobolli F.,13,53.0,1.44,2.75,1.48,2.86,1.5,2.86
2024-05-30,French Open,2nd Round,Clay,Paul T.,Fognini F.,14,93.0,1.17,5.0,1.2,5.15,1.26,5.3
2024-05-30,French Open,2nd Round,Clay,De Minaur A.,Munar J.,11,64.0,1.3,3.5,1.32,3.76,1.32,3.82
2024-05-30,French Open,2nd Round,Clay,Hurkacz H.,Nakashima B.,8,84.0,1.3,3.5,1.35,3.55,1.36,3.55
2024-05-30,French Open,2nd Round,Clay,Djokovic N.,Carballes Baena R.,1,63.0,1.03,17.0,1.04,16.93,1.05,18.0
2024-05-30,French Open,2nd Round,Clay,Arnaldi M.,Muller A.,35,90.0,1.57,2.38,1.56,2.61,1.58,2.61
2024-05-30,French Open,2nd Round,Clay,Shapovalov D.,Tiafoe F.,118,26.0,1.53,2.5,1.55,2.63,1.57,2.63
2024-05-30,French Open,2nd Round,Clay,Ofner S.,Baez S.,45,20.0,4.5,1.2,4.54,1.24,4.59,1.25
2024-05-30,French Open,2nd Round,Clay,Bergs Z.,Marterer M.,104,101.0,1.4,3.0,1.45,2.98,1.45,3.11
2024-05-30,French Open,2nd Round,Clay,Moutet C.,Shevchenko A.,79,59.0,1.44,2.75,1.5,2.81,1.5,2.85
2024-05-30,French Open,2nd Round,Clay,Korda S.,Kwon S.W.,28,494.0,1.14,5.5,1.18,5.74,1.18,5.8
2024-05-30,French Open,2nd Round,Clay,Medvedev D.,Kecmanovic M.,5,57.0,1.25,4.0,1.29,3.99,1.3,4.18
2024-05-30,French Open,2nd Round,Clay,Auger-Aliassime F.,Squire H.,21,221.0,1.06,10.0,1.09,9.62,1.09,10.0
2024-05-30,French Open,2nd Round,Clay,Griekspoor T.,Darderi L.,25,40.0,2.2,1.67,2.34,1.68,2.34,1.73
2024-05-30,French Open,2nd Round,Clay,Zhang Zh.,Sonego L.,44,49.0,1.91,1.91,1.97,1.93,2.0,1.9
2024-05-30,French Open,2nd Round,Clay,Zverev A.,Goffin D.,4,115.0,1.03,15.0,1.05,15.36,1.06,15.36
2024-05-30,French Open,2nd Round,Clay,Dimitrov G.,Marozsan F.,10,43.0,1.3,3.5,1.37,3.41,1.37,3.53
2024-05-31,French Open,3rd Round,Clay,Arnaldi M.,Rublev A.,35,6.0,5.0,1.17,4.79,1.23,5.05,1.23
2024-05-31,French Open,3rd Round,Clay,Sinner J.,Kotov P.,2,56.0,1.03,17.0,1.04,18.76,1.06,18.76
2024-05-31,French Open,3rd Round,Clay,Tsitsipas S.,Zhang Zh.,9,44.0,1.1,7.0,1.1,8.79,1.14,8.79
2024-05-31,French Open,3rd Round,Clay,Moutet C.,Ofner S.,79,45.0,1.36,3.2,1.38,3.35,1.39,3.35
2024-05-31,French Open,3rd Round,Clay,Alcaraz C.,Korda S.,3,28.0,1.1,7.0,1.11,8.29,1.13,8.29
2024-06-01,French Open,3rd Round,Clay,Fritz T.,Kokkinakis T.,12,100.0,1.14,5.5,1.14,6.59,1.17,7.53
2024-06-01,French Open,3rd Round,Clay,Djokovic N.,Musetti L.,1,30.0,1.2,4.5,1.22,4.86,1.25,4.89
2024-06-01,French Open,3rd Round,Clay,Ruud C.,Etcheverry T.,7,29.0,1.22,4.33,1.23,4.65,1.26,4.65
2024-06-01,French Open,3rd Round,Clay,Dimitrov G.,Bergs Z.,10,104.0,1.2,4.5,1.2,5.28,1.23,5.28
2024-06-01,French Open,3rd Round,Clay,Cerundolo F.,Paul T.,27,14.0,2.3,1.62,2.36,1.67,2.4,1.7
2024-06-01,French Open,3rd Round,Clay,Auger-Aliassime F.,Shelton B.,21,15.0,1.57,2.38,1.57,2.58,1.67,2.58
2024-06-01,French Open,3rd Round,Clay,Hurkacz H.,Shapovalov D.,8,118.0,1.4,3.0,1.43,3.05,1.46,3.05
2024-06-01,French Open,3rd Round,Clay,Zverev A.,Griekspoor T.,4,25.0,1.1,7.0,1.12,7.89,1.13,7.89
2024-06-01,French Open,3rd Round,Clay,Medvedev D.,Machac T.,5,34.0,1.3,3.5,1.36,3.44,1.36,3.6
2024-06-01,French Open,3rd Round,Clay,De Minaur A.,Struff J.L.,11,41.0,1.8,2.0,1.92,1.99,1.92,2.0
2024-06-01,French Open,3rd Round,Clay,Rune H.,Kovalik J.,13,145.0,1.11,6.5,1.13,7.19,1.15,7.19
2024-06-02,French Open,4th Round,Clay,Tsitsipas S.,Arnaldi M.,9,35.0,1.17,5.0,1.22,4.97,1.28,5.05
2024-06-02,French Open,4th Round,Clay,Alcaraz C.,Auger-Aliassime F.,3,21.0,1.11,6.5,1.12,7.55,1.16,7.55
2024-06-02,French Open,4th Round,Clay,Dimitrov G.,Hurkacz H.,10,8.0,1.62,2.3,1.59,2.53,1.65,2.53
2024-06-02,French Open,4th Round,Clay,Sinner J.,Moutet C.,2,79.0,1.05,11.0,1.05,14.36,1.08,14.36
2024-06-03,French Open,4th Round,Clay,De Minaur A.,Medvedev D.,11,5.0,2.38,1.57,2.39,1.65,2.5,1.65
2024-06-03,French Open,4th Round,Clay,Djokovic N.,Cerundolo F.,1,27.0,1.14,5.5,1.19,5.55,1.19,5.75
2024-06-03,French Open,4th Round,Clay,Ruud C.,Fritz T.,7,12.0,1.36,3.2,1.33,3.69,1.4,3.69
2024-06-03,French Open,4th Round,Clay,Zverev A.,Rune H.,4,13.0,1.36,3.2,1.38,3.35,1.42,3.4
2024-06-04,French Open,Quarterfinals,Clay,Alcaraz C.,Tsitsipas S.,3,9.0,1.2,4.5,1.25,4.4,1.26,4.5
2024-06-04,French Open,Quarterfinals,Clay,Sinner J.,Dimitrov G.,2,10.0,1.2,4.5,1.21,5.08,1.23,5.08
2024-06-05,French Open,Quarterfinals,Clay,Zverev A.,De Minaur A.,4,11.0,1.36,3.2,1.4,3.23,1.46,3.4
2024-06-05,French Open,Quarterfinals,Clay,Ruud C.,Djokovic N.,7,1.0,1.8,2.0,1.74,2.18,1.82,2.2
2024-06-07,French Open,Semifinals,Clay,Alcaraz C.,Sinner J.,3,2.0,1.62,2.3,1.68,2.28,1.73,2.3
2024-06-07,French Open,Semifinals,Clay,Zverev A.,Ruud C.,4,7.0,1.8,2.0,1.81,2.08,1.82,2.13
2024-06-09,French Open,The Final,Clay,Alcaraz C.,Zverev A.,3,4.0,1.33,3.4,1.36,3.32,1.39,3.4
2024-06-10,Stuttgart Open,1st Round,Grass,Draper J.,Ofner S.,40,52.0,1.25,4.0,1.26,4.08,1.27,4.17
2024-06-10,Stuttgart Open,1st Round,Grass,Koepfer D.,Zhang Zh.,65,44.0,1.8,2.0,1.79,2.08,1.81,2.12
2024-06-10,Stuttgart Open,1st Round,Grass,Hanfmann Y.,Squire H.,91,178.0,1.67,2.2,1.71,2.21,1.81,2.3
2024-06-10,Stuttgart Open,1st Round,Grass,Medjedovic H.,Marozsan F.,131,42.0,1.57,2.38,1.65,2.31,1.68,2.38
2024-06-10,Rosmalen Grass Court Championships,1st Round,Grass,Nardi L.,Goffin D.,73,109.0,2.75,1.44,2.82,1.47,2.88,1.5
2024-06-11,Rosmalen Grass Court Championships,1st Round,Grass,Korda S.,Schoolkate T.,26,185.0,1.25,4.0,1.26,4.14,1.27,4.14
2024-06-11,Rosmalen Grass Court Championships,1st Round,Grass,Popyrin A.,Hijikata R.,49,80.0,1.67,2.2,1.63,2.4,1.67,2.4
2024-06-11,Rosmalen Grass Court Championships,1st Round,Grass,Bautista Agut R.,Huesler M.A.,85,201.0,1.67,2.2,1.72,2.18,1.73,2.28
2024-06-11,Rosmalen Grass Court Championships,1st Round,Grass,Fils A.,Cazaux A.,38,75.0,1.62,2.3,1.72,2.19,1.74,2.32
2024-06-11,Rosmalen Grass Court Championships,1st Round,Grass,Brouwer G.,Mensik J.,232,79.0,1.67,2.2,1.68,2.25,1.72,2.29
2024-06-11,Rosmalen Grass Court Championships,1st Round,Grass,Mcdonald M.,Van De Zandschulp B.,74,99.0,2.0,1.8,1.96,1.89,2.02,1.89
2024-06-11,Rosmalen Grass Court Championships,1st Round,Grass,Bergs Z.,Van Rijthoven T.,81,,1.4,3.0,1.43,2.94,1.44,3.15
2024-06-11,Rosmalen Grass Court Championships,1st Round,Grass,Raonic M.,Thompson J.,197,37.0,2.38,1.57,2.53,1.56,2.54,1.62
2024-06-11,Rosmalen Grass Court Championships,1st Round,Grass,Mannarino A.,Napolitano S.,21,125.0,1.3,3.5,1.35,3.4,1.35,3.53
2024-06-11,Rosmalen Grass Court Championships,1st Round,Grass,Vukic A.,Purcell M.,87,100.0,1.62,2.3,1.65,2.32,1.7,2.34
2024-06-11,Rosmalen Grass Court Championships,1st Round,Grass,Griekspoor T.,Kecmanovic M.,23,53.0,1.33,3.4,1.35,3.37,1.4,3.4
2024-06-11,Stuttgart Open,1st Round,Grass,Struff J.L.,Cobolli F.,35,50.0,1.14,5.5,1.18,5.35,1.2,5.5
2024-06-11,Stuttgart Open,1st Round,Grass,Musetti L.,Mpetshi G.,30,66.0,1.67,2.2,1.78,2.09,1.78,2.22
2024-06-11,Stuttgart Open,1st Round,Grass,Duckworth J.,Herbert P.H.,101,139.0,1.8,2.0,1.82,2.05,1.83,2.1
2024-06-11,Stuttgart Open,1st Round,Grass,Nakashima B.,Eubanks C.,70,45.0,1.57,2.38,1.62,2.38,1.69,2.42
2024-06-11,Stuttgart Open,1st Round,Grass,Berrettini M.,Safiullin R.,95,43.0,1.57,2.38,1.57,2.5,1.59,2.62
2024-06-11,Stuttgart Open,1st Round,Grass,Rinderknech A.,Michelsen A.,67,61.0,2.5,1.53,2.52,1.56,2.54,1.62
2024-06-11,Stuttgart Open,1st Round,Grass,Shapovalov D.,Martineau M.,117,179.0,1.2,4.5,1.22,4.68,1.25,4.72
2024-06-11,Stuttgart Open,1st Round,Grass,Giron M.,Murray A.,54,97.0,2.38,1.57,2.37,1.66,2.4,1.68
2024-06-12,Stuttgart Open,2nd Round,Grass,Bublik A.,Medjedovic H.,17,131.0,1.57,2.38,1.6,2.45,1.62,2.51
2024-06-12,Stuttgart Open,2nd Round,Grass,Draper J.,Giron M.,40,54.0,1.3,3.5,1.3,3.77,1.34,3.82
2024-06-12,Stuttgart Open,2nd Round,Grass,Tiafoe F.,Hanfmann Y.,28,91.0,1.5,2.63,1.49,2.76,1.51,2.8
2024-06-12,Rosmalen Grass Court Championships,2nd Round,Grass,Brouwer G.,Mannarino A.,232,21.0,2.5,1.53,2.68,1.51,2.8,1.58
2024-06-12,Rosmalen Grass Court Championships,2nd Round,Grass,Griekspoor T.,Mcdonald M.,23,74.0,1.4,3.0,1.39,3.2,1.4,3.2
2024-06-12,Rosmalen Grass Court Championships,2nd Round,Grass,Humbert U.,Fils A.,16,38.0,1.67,2.2,1.68,2.28,1.69,2.31
2024-06-12,Stuttgart Open,2nd Round,Grass,Musetti L.,Koepfer D.,30,65.0,1.57,2.38,1.64,2.35,1.66,2.5
2024-06-13,Rosmalen Grass Court Championships,2nd Round,Grass,Korda S.,Nardi L.,26,73.0,1.22,4.33,1.23,4.72,1.26,4.72
2024-06-13,Rosmalen Grass Court Championships,2nd Round,Grass,Paul T.,Popyrin A.,13,49.0,1.4,3.0,1.41,3.19,1.41,3.19
2024-06-13,Rosmalen Grass Court Championships,2nd Round,Grass,Vukic A.,Khachanov K.,87,22.0,3.0,1.4,3.23,1.38,3.3,1.4
2024-06-13,Rosmalen Grass Court Championships,2nd Round,Grass,De Minaur A.,Bergs Z.,9,81.0,1.14,5.5,1.16,6.17,1.18,6.36
2024-06-13,Rosmalen Grass Court Championships,2nd Round,Grass,Raonic M.,Bautista Agut R.,197,85.0,1.57,2.38,1.61,2.48,1.62,2.51
2024-06-13,Stuttgart Open,2nd Round,Grass,Struff J.L.,Rinderknech A.,35,67.0,1.22,4.33,1.27,4.24,1.27,4.42
2024-06-13,Stuttgart Open,2nd Round,Grass,Duckworth J.,Shelton B.,101,14.0,3.0,1.4,3.0,1.45,3.02,1.45
2024-06-13,Stuttgart Open,2nd Round,Grass,Berrettini M.,Shapovalov D.,95,117.0,1.62,2.3,1.62,2.45,1.63,2.45
2024-06-13,Stuttgart Open,2nd Round,Grass,Nakashima B.,Gasquet R.,70,116.0,1.3,3.5,1.34,3.6,1.36,3.67
2024-06-14,Stuttgart Open,Quarterfinals,Grass,Musetti L.,Bublik A.,30,17.0,2.75,1.44,3.05,1.43,3.05,1.5
2024-06-14,Stuttgart Open,Quarterfinals,Grass,Berrettini M.,Duckworth J.,95,101.0,1.2,4.5,1.26,4.39,1.26,4.5
2024-06-14,Stuttgart Open,Quarterfinals,Grass,Nakashima B.,Struff J.L.,70,35.0,2.75,1.44,2.8,1.5,2.8,1.5
2024-06-14,Stuttgart Open,Quarterfinals,Grass,Draper J.,Tiafoe F.,40,28.0,1.44,2.75,1.53,2.65,1.55,2.81
2024-06-14,Rosmalen Grass Court Championships,Quarterfinals,Grass,De Minaur A.,Raonic M.,9,197.0,1.36,3.2,1.32,3.73,1.39,3.73
2024-06-14,Rosmalen Grass Court Championships,Quarterfinals,Grass,Korda S.,Paul T.,26,13.0,2.2,1.67,2.32,1.68,2.32,1.73
2024-06-14,Rosmalen Grass Court Championships,Quarterfinals,Grass,Griekspoor T.,Vukic A.,23,87.0,1.3,3.5,1.32,3.77,1.34,3.82
2024-06-15,Rosmalen Grass Court Championships,Semifinals,Grass,Korda S.,Griekspoor T.,26,23.0,1.67,2.2,1.68,2.33,1.68,2.33
2024-06-15,Rosmalen Grass Court Championships,Quarterfinals,Grass,Humbert U.,Brouwer G.,16,232.0,1.29,3.75,1.29,3.95,1.33,3.95
2024-06-15,Stuttgart Open,Semifinals,Grass,Berrettini M.,Musetti L.,95,30.0,1.36,3.2,1.44,3.04,1.44,3.2
2024-06-15,Rosmalen Grass Court Championships,Semifinals,Grass,De Minaur A.,Humbert U.,9,16.0,1.36,3.2,1.35,3.44,1.38,3.57
2024-06-15,Stuttgart Open,Semifinals,Grass,Draper J.,Nakashima B.,40,70.0,1.44,2.75,1.55,2.64,1.55,2.89
2024-06-16,Stuttgart Open,The Final,Grass,Draper J.,Berrettini M.,40,95.0,2.2,1.67,2.25,1.72,2.3,1.73
2024-06-16,Rosmalen Grass Court Championships,The Final,Grass,De Minaur A.,Korda S.,9,26.0,1.5,2.63,1.52,2.74,1.56,2.74
2024-06-17,Queen's Club Championships,1st Round,Grass,Raonic M.,Norrie C.,186,39.0,1.57,2.38,1.63,2.42,1.67,2.45
2024-06-17,Queen's Club Championships,1st Round,Grass,Dimitrov G.,Mannarino A.,10,21.0,1.17,5.0,1.21,4.93,1.21,5.25
2024-06-17,Queen's Club Championships,1st Round,Grass,Thompson J.,Rune H.,43,15.0,2.75,1.44,2.78,1.5,2.89,1.5
2024-06-17,Halle Open,1st Round,Grass,Hurkacz H.,Cobolli F.,9,49.0,1.13,6.0,1.16,6.09,1.18,6.1
2024-06-17,Queen's Club Championships,1st Round,Grass,Hijikata R.,Tiafoe F.,98,28.0,3.4,1.33,3.24,1.39,3.65,1.39
2024-06-17,Halle Open,1st Round,Grass,Marozsan F.,Safiullin R.,45,40.0,2.5,1.53,2.71,1.52,2.73,1.54
2024-06-17,Halle Open,1st Round,Grass,Medvedev D.,Borges N.,5,51.0,1.08,8.0,1.14,6.66,1.15,8.0
2024-06-17,Halle Open,1st Round,Grass,Koepfer D.,Auger-Aliassime F.,70,18.0,3.2,1.36,3.19,1.4,3.2,1.4
2024-06-17,Halle Open,1st Round,Grass,Sonego L.,Kecmanovic M.,57,54.0,2.0,1.8,2.05,1.85,2.1,1.9
2024-06-17,Halle Open,1st Round,Grass,Zhang Zh.,Ofner S.,42,52.0,1.91,1.91,1.97,1.92,2.03,1.95
2024-06-18,Queen's Club Championships,1st Round,Grass,Draper J.,Navone M.,31,29.0,1.06,10.0,1.09,9.38,1.09,10.0
2024-06-18,Queen's Club Championships,1st Round,Grass,Murray A.,Popyrin A.,129,48.0,2.0,1.8,2.0,1.89,2.14,1.89
2024-06-18,Queen's Club Championships,1st Round,Grass,Mpetshi G.,Shelton B.,67,14.0,2.38,1.57,2.75,1.5,2.75,1.59
2024-06-18,Queen's Club Championships,1st Round,Grass,Harris B.,Etcheverry T.,162,32.0,1.91,1.91,1.88,2.01,2.1,2.01
2024-06-18,Queen's Club Championships,1st Round,Grass,Alcaraz C.,Cerundolo F.,2,26.0,1.1,7.0,1.11,7.87,1.12,7.87
2024-06-18,Queen's Club Championships,1st Round,Grass,Paul T.,Baez S.,13,19.0,1.14,5.5,1.16,6.06,1.19,6.09
2024-06-18,Queen's Club Championships,1st Round,Grass,Tabilo A.,Davidovich Fokina A.,24,33.0,2.5,1.53,2.48,1.6,2.5,1.6
2024-06-18,Queen's Club Championships,1st Round,Grass,Korda S.,Khachanov K.,23,22.0,1.67,2.2,1.72,2.23,1.73,2.25
2024-06-18,Queen's Club Championships,1st Round,Grass,Arnaldi M.,Humbert U.,35,16.0,3.2,1.36,3.46,1.35,3.46,1.41
2024-06-18,Queen's Club Championships,1st Round,Grass,Musetti L.,De Minaur A.,30,7.0,5.0,1.17,5.13,1.2,5.13,1.23
2024-06-18,Queen's Club Championships,1st Round,Grass,Fritz T.,Daniel T.,12,85.0,1.14,5.5,1.16,5.9,1.18,5.9
2024-06-18,Queen's Club Championships,1st Round,Grass,Nakashima B.,Evans D.,63,59.0,1.53,2.5,1.61,2.45,1.63,2.5
2024-06-18,Halle Open,1st Round,Grass,Giron M.,Rublev A.,53,6.0,4.0,1.25,4.05,1.28,4.1,1.31
2024-06-18,Halle Open,1st Round,Grass,Bublik A.,Purcell M.,17,101.0,1.4,3.0,1.45,2.96,1.46,3.0
2024-06-18,Halle Open,1st Round,Grass,Sinner J.,Griekspoor T.,1,27.0,1.11,6.5,1.14,6.61,1.14,6.66
2024-06-18,Halle Open,1st Round,Grass,Zverev A.,Otte O.,4,474.0,1.14,5.5,1.15,6.32,1.16,6.93
2024-06-18,Halle Open,1st Round,Grass,Tsitsipas S.,Squire H.,11,181.0,1.14,5.5,1.21,4.94,1.24,5.55
2024-06-18,Halle Open,1st Round,Grass,Fils A.,Machac T.,37,36.0,2.0,1.8,1.99,1.89,2.05,1.89
2024-06-18,Halle Open,1st Round,Grass,Duckworth J.,Fonseca J.,88,217.0,1.44,2.75,1.46,2.92,1.48,2.92
2024-06-18,Halle Open,1st Round,Grass,Eubanks C.,Martinez P.,44,46.0,1.4,3.0,1.42,3.09,1.43,3.09
2024-06-19,Halle Open,1st Round,Grass,Berrettini M.,Michelsen A.,65,61.0,1.25,4.0,1.28,4.03,1.29,4.04
2024-06-19,Halle Open,1st Round,Grass,Struff J.L.,Darderi L.,41,34.0,1.17,5.0,1.21,5.04,1.22,5.05
2024-06-19,Halle Open,2nd Round,Grass,Fils A.,Koepfer D.,37,70.0,1.62,2.3,1.74,2.23,1.75,2.32
2024-06-19,Halle Open,2nd Round,Grass,Eubanks C.,Bublik A.,44,17.0,2.75,1.44,3.03,1.44,3.03,1.46
2024-06-19,Halle Open,2nd Round,Grass,Zhang Zh.,Medvedev D.,42,5.0,5.5,1.14,5.87,1.17,5.87,1.17
2024-06-19,Queen's Club Championships,2nd Round,Grass,Hijikata R.,Arnaldi M.,98,35.0,2.3,1.62,2.21,1.75,2.3,1.75
2024-06-19,Queen's Club Championships,2nd Round,Grass,Korda S.,Dimitrov G.,23,10.0,2.5,1.53,2.72,1.52,2.75,1.57
2024-06-19,Queen's Club Championships,2nd Round,Grass,Thompson J.,Murray A.,43,129.0,1.67,2.2,1.61,2.49,1.68,2.49
2024-06-19,Queen's Club Championships,2nd Round,Grass,Fritz T.,Raonic M.,12,186.0,1.57,2.38,1.67,2.36,1.67,2.5
2024-06-19,Halle Open,2nd Round,Grass,Zverev A.,Sonego L.,4,57.0,1.2,4.5,1.2,5.31,1.26,5.31
2024-06-20,Queen's Club Championships,2nd Round,Grass,Paul T.,Tabilo A.,13,24.0,1.3,3.5,1.32,3.73,1.37,3.73
2024-06-20,Halle Open,2nd Round,Grass,Sinner J.,Marozsan F.,1,45.0,1.05,11.0,1.06,12.52,1.08,12.52
2024-06-20,Queen's Club Championships,2nd Round,Grass,Harris B.,Mpetshi G.,162,67.0,2.3,1.62,2.23,1.74,2.4,1.74
2024-06-20,Queen's Club Championships,2nd Round,Grass,Musetti L.,Nakashima B.,30,63.0,1.91,1.91,2.05,1.86,2.05,1.99
2024-06-20,Halle Open,2nd Round,Grass,Giron M.,Berrettini M.,53,65.0,3.5,1.3,3.61,1.34,4.0,1.34
2024-06-20,Queen's Club Championships,2nd Round,Grass,Draper J.,Alcaraz C.,31,2.0,3.4,1.33,3.61,1.34,3.61,1.37
2024-06-20,Halle Open,2nd Round,Grass,Hurkacz H.,Duckworth J.,9,88.0,1.2,4.5,1.23,4.78,1.23,5.0
2024-06-20,Halle Open,2nd Round,Grass,Struff J.L.,Tsitsipas S.,41,11.0,1.91,1.91,2.0,1.91,2.1,1.91
2024-06-21,Halle Open,Quarterfinals,Grass,Zhang Zh.,Eubanks C.,42,44.0,1.8,2.0,1.9,2.0,1.9,2.14
2024-06-21,Halle Open,Quarterfinals,Grass,Sinner J.,Struff J.L.,1,41.0,1.25,4.0,1.3,3.89,1.3,4.11
2024-06-21,Halle Open,Quarterfinals,Grass,Zverev A.,Fils A.,4,37.0,1.29,3.75,1.25,4.5,1.29,4.5
2024-06-21,Halle Open,Quarterfinals,Grass,Hurkacz H.,Giron M.,9,53.0,1.29,3.75,1.33,3.69,1.34,3.75
2024-06-21,Queen's Club Championships,Quarterfinals,Grass,Thompson J.,Fritz T.,43,12.0,3.0,1.4,2.83,1.49,3.0,1.49
2024-06-21,Queen's Club Championships,Quarterfinals,Grass,Musetti L.,Harris B.,30,162.0,1.5,2.63,1.49,2.82,1.54,2.82
2024-06-21,Queen's Club Championships,Quarterfinals,Grass,Paul T.,Draper J.,13,31.0,2.63,1.5,2.53,1.59,2.74,1.59
2024-06-21,Queen's Club Championships,Quarterfinals,Grass,Korda S.,Hijikata R.,23,98.0,1.17,5.0,1.18,5.67,1.22,5.67
2024-06-22,Halle Open,Semifinals,Grass,Sinner J.,Zhang Zh.,1,42.0,1.08,8.0,1.1,9.08,1.12,9.08
2024-06-22,Halle Open,Semifinals,Grass,Hurkacz H.,Zverev A.,9,4.0,2.3,1.62,2.34,1.68,2.38,1.68
2024-06-22,Queen's Club Championships,Semifinals,Grass,Musetti L.,Thompson J.,30,43.0,2.0,1.8,2.1,1.82,2.24,1.85
2024-06-22,Queen's Club Championships,Semifinals,Grass,Paul T.,Korda S.,13,23.0,1.8,2.0,1.85,2.07,1.93,2.11
2024-06-23,Mallorca Championships,1st Round,Grass,Carballes Baena R.,Carreno Busta P.,65,796.0,2.0,1.8,2.17,1.76,2.17,1.82
2024-06-23,Mallorca Championships,1st Round,Grass,Bautista Agut R.,Daniel T.,122,83.0,1.4,3.0,1.42,3.06,1.46,3.06
2024-06-23,Mallorca Championships,1st Round,Grass,Michelsen A.,Borges N.,62,51.0,1.67,2.2,1.81,2.1,1.81,2.29
2024-06-23,Queen's Club Championships,The Final,Grass,Paul T.,Musetti L.,13,30.0,1.36,3.2,1.39,3.27,1.39,3.29
2024-06-23,Halle Open,The Final,Grass,Sinner J.,Hurkacz H.,1,9.0,1.33,3.4,1.39,3.26,1.4,3.45
2024-06-24,Eastbourne International,1st Round,Grass,Vukic A.,Marozsan F.,81,45.0,2.2,1.67,2.35,1.65,2.38,2.16
2024-06-24,Mallorca Championships,1st Round,Grass,Hijikata R.,Nardi L.,75,73.0,1.8,2.0,1.78,2.15,1.8,2.31
2024-06-24,Mallorca Championships,1st Round,Grass,Fognini F.,Brouwer G.,97,190.0,2.75,1.44,2.98,1.44,3.1,1.46
2024-06-24,Mallorca Championships,1st Round,Grass,Shevchenko A.,Lestienne C.,58,90.0,2.1,1.73,2.16,1.77,2.23,1.77
2024-06-24,Mallorca Championships,1st Round,Grass,Darderi L.,Martinez P.,37,48.0,1.53,2.5,1.54,2.62,1.55,2.77
2024-06-24,Mallorca Championships,1st Round,Grass,Ofner S.,Munar J.,54,63.0,1.44,2.75,1.5,2.76,1.54,2.78
2024-06-24,Mallorca Championships,1st Round,Grass,Monfils G.,Thiem D.,40,134.0,1.4,3.0,1.38,3.26,1.4,3.26
2024-06-24,Eastbourne International,1st Round,Grass,Purcell M.,Djere L.,94,52.0,1.53,2.5,1.59,2.5,1.59,2.75
2024-06-24,Eastbourne International,1st Round,Grass,Giron M.,Cerundolo F.,46,27.0,1.73,2.1,1.76,2.17,1.76,2.25
2024-06-24,Eastbourne International,1st Round,Grass,Shang J.,Etcheverry T.,104,31.0,1.73,2.1,1.65,2.36,1.74,2.36
2024-06-24,Eastbourne International,1st Round,Grass,Harris B.,Fearnley J.,139,271.0,2.2,1.67,2.23,1.72,2.36,1.73
2024-06-25,Mallorca Championships,1st Round,Grass,Jubb P.,Marterer M.,289,87.0,1.8,2.0,1.93,1.95,1.93,2.12
2024-06-25,Mallorca Championships,1st Round,Grass,Mensik J.,Eubanks C.,85,42.0,2.5,1.53,2.55,1.57,2.77,1.57
2024-06-25,Mallorca Championships,2nd Round,Grass,Michelsen A.,Mannarino A.,62,22.0,1.57,2.38,1.7,2.3,1.7,2.4
2024-06-25,Mallorca Championships,2nd Round,Grass,Bautista Agut R.,Humbert U.,122,16.0,2.3,1.62,2.43,1.63,2.43,1.69
2024-06-25,Mallorca Championships,2nd Round,Grass,Ofner S.,Darderi L.,54,37.0,1.73,2.1,1.85,2.07,1.91,2.25
2024-06-25,Mallorca Championships,2nd Round,Grass,Monfils G.,Carballes Baena R.,40,65.0,1.36,3.2,1.36,3.48,1.36,3.54
2024-06-25,Mallorca Championships,1st Round,Grass,Walton A.,Hanfmann Y.,107,95.0,2.3,1.62,2.21,1.74,2.41,1.74
2024-06-25,Eastbourne International,1st Round,Grass,Ruusuvuori E.,Norrie C.,88,44.0,2.75,1.44,2.82,1.48,2.85,1.5
2024-06-25,Eastbourne International,1st Round,Grass,Seyboth Wild T.,Mccabe J.,74,342.0,1.53,2.5,1.63,2.42,1.63,2.51
2024-06-25,Eastbourne International,1st Round,Grass,Nishioka Y.,Broady L.,102,146.0,1.4,3.0,1.52,2.69,1.52,3.0
2024-06-25,Eastbourne International,1st Round,Grass,Kecmanovic M.,Zhang Zh.,53,33.0,2.0,1.8,1.95,1.93,2.1,1.96
2024-06-25,Eastbourne International,1st Round,Grass,Hussey G.,Navone M.,359,32.0,2.38,1.57,2.3,1.67,2.63,1.67
2024-06-25,Eastbourne International,1st Round,Grass,Cobolli F.,Rinderknech A.,49,68.0,2.2,1.67,2.25,1.71,2.26,1.75
2024-06-25,Eastbourne International,1st Round,Grass,Sonego L.,Searle H.,57,568.0,1.33,3.4,1.36,3.34,1.38,3.5
2024-06-26,Eastbourne International,2nd Round,Grass,Kecmanovic M.,Baez S.,53,18.0,1.44,2.75,1.56,2.6,1.56,3.0
2024-06-26,Mallorca Championships,2nd Round,Grass,Jubb P.,Walton A.,289,107.0,1.73,2.1,1.74,2.22,1.81,2.22
2024-06-26,Eastbourne International,2nd Round,Grass,Harris B.,Broom C.,139,245.0,1.5,2.63,1.65,2.4,1.65,2.63
2024-06-26,Eastbourne International,2nd Round,Grass,Nishioka Y.,Giron M.,102,46.0,2.75,1.44,2.96,1.46,2.96,1.46
2024-06-26,Mallorca Championships,2nd Round,Grass,Tabilo A.,Shevchenko A.,24,58.0,1.5,2.63,1.58,2.56,1.58,2.63
2024-06-26,Mallorca Championships,2nd Round,Grass,Mensik J.,Fognini F.,85,97.0,1.4,3.0,1.47,2.92,1.47,3.05
2024-06-26,Eastbourne International,2nd Round,Grass,Purcell M.,Sonego L.,94,57.0,2.38,1.53,2.38,1.65,2.5,1.65
2024-06-26,Eastbourne International,2nd Round,Grass,Cobolli F.,Hussey G.,49,359.0,1.25,4.0,1.3,3.89,1.31,4.25
2024-06-26,Eastbourne International,2nd Round,Grass,Vukic A.,Bublik A.,81,23.0,2.38,1.57,2.46,1.62,2.52,1.68
2024-06-26,Eastbourne International,2nd Round,Grass,Fritz T.,Seyboth Wild T.,13,74.0,1.14,5.5,1.17,5.88,1.18,5.88
2024-06-26,Mallorca Championships,2nd Round,Grass,Shelton B.,Hijikata R.,14,75.0,1.5,2.63,1.54,2.66,1.58,2.75
2024-06-26,Eastbourne International,2nd Round,Grass,Shang J.,Ruusuvuori E.,104,88.0,2.2,1.67,2.38,1.66,2.4,1.68
2024-06-27,Mallorca Championships,Quarterfinals,Grass,Tabilo A.,Mensik J.,24,85.0,1.57,2.38,1.66,2.36,1.7,2.4
2024-06-27,Mallorca Championships,Quarterfinals,Grass,Monfils G.,Bautista Agut R.,40,122.0,1.91,1.91,2.0,1.91,2.02,1.98
2024-06-27,Mallorca Championships,Quarterfinals,Grass,Ofner S.,Michelsen A.,54,62.0,2.2,1.67,2.23,1.74,2.25,1.74
2024-06-27,Mallorca Championships,Quarterfinals,Grass,Jubb P.,Shelton B.,289,14.0,3.0,1.4,3.27,1.39,3.27,1.45
2024-06-27,Eastbourne International,Quarterfinals,Grass,Vukic A.,Nishioka Y.,81,102.0,1.73,2.1,1.87,2.04,1.89,2.1
2024-06-27,Eastbourne International,Quarterfinals,Grass,Purcell M.,Kecmanovic M.,94,53.0,2.2,1.67,2.4,1.65,2.58,1.68
2024-06-27,Eastbourne International,Quarterfinals,Grass,Harris B.,Cobolli F.,139,49.0,2.0,1.8,1.91,1.99,2.1,1.99
2024-06-27,Eastbourne International,Quarterfinals,Grass,Fritz T.,Shang J.,13,104.0,1.25,4.0,1.22,4.83,1.26,4.83
2024-06-28,Eastbourne International,Semifinals,Grass,Fritz T.,Vukic A.,13,81.0,1.22,4.33,1.23,4.81,1.26,4.81
2024-06-28,Eastbourne International,Semifinals,Grass,Purcell M.,Harris B.,94,139.0,1.67,2.2,1.76,2.19,1.78,2.3
2024-06-28,Mallorca Championships,Semifinals,Grass,Tabilo A.,Monfils G.,24,40.0,1.91,1.91,1.93,1.97,1.94,1.99
2024-06-28,Mallorca Championships,Semifinals,Grass,Ofner S.,Jubb P.,54,289.0,1.73,2.1,1.73,2.24,1.75,2.27
2024-06-29,Eastbourne International,The Final,Grass,Fritz T.,Purcell M.,13,94.0,1.22,4.33,1.22,4.97,1.23,4.97
2024-06-29,Mallorca Championships,The Final,Grass,Tabilo A.,Ofner S.,24,54.0,1.67,2.2,1.75,2.21,1.8,2.24
2024-07-01,Wimbledon,1st Round,Grass,Harris L.,Michelsen A.,118,55.0,1.73,2.1,1.82,2.11,1.85,2.11
2024-07-01,Wimbledon,1st Round,Grass,Cazaux A.,Bergs Z.,98,82.0,3.2,1.36,2.98,1.45,3.2,1.45
2024-07-01,Wimbledon,1st Round,Grass,Humbert U.,Shevchenko A.,16,57.0,1.14,5.5,1.13,7.37,1.14,7.58
2024-07-01,Wimbledon,1st Round,Grass,Vukic A.,Ofner S.,69,45.0,1.67,2.2,1.79,2.14,1.79,2.25
2024-07-01,Wimbledon,1st Round,Grass,Bublik A.,Mensik J.,23,78.0,1.44,2.75,1.44,3.03,1.47,3.03
2024-07-01,Wimbledon,1st Round,Grass,Van De Zandschulp B.,Broady L.,97,156.0,1.62,2.3,1.64,2.47,1.64,2.47
2024-07-01,Wimbledon,1st Round,Grass,Sinner J.,Hanfmann Y.,1,110.0,1.01,26.0,1.01,43.93,1.02,43.93
2024-07-01,Wimbledon,1st Round,Grass,Sonego L.,Navone M.,54,32.0,1.07,9.0,1.09,9.33,1.09,9.95
2024-07-01,Wimbledon,1st Round,Grass,Griekspoor T.,Galan D.E.,27,103.0,1.13,6.0,1.13,7.19,1.14,7.27
2024-07-01,Wimbledon,1st Round,Grass,Altmaier D.,Fery A.,80,247.0,1.91,1.91,2.06,1.86,2.06,1.94
2024-07-01,Wimbledon,1st Round,Grass,Virtanen O.,Purcell M.,147,68.0,2.38,1.57,2.33,1.68,2.4,1.69
2024-07-01,Wimbledon,1st Round,Grass,Paul T.,Martinez P.,13,49.0,1.02,19.0,1.05,15.23,1.05,19.0
2024-07-01,Wimbledon,1st Round,Grass,Kecmanovic M.,Nagal S.,52,73.0,1.07,9.0,1.12,7.73,1.12,9.0
2024-07-01,Wimbledon,1st Round,Grass,Bautista Agut R.,Marterer M.,112,85.0,1.29,3.75,1.28,4.22,1.29,4.22
2024-07-01,Wimbledon,1st Round,Grass,Muller A.,Gaston H.,102,71.0,2.38,1.57,2.31,1.69,2.43,1.69
2024-07-01,Wimbledon,1st Round,Grass,Alcaraz C.,Lajal M.,3,269.0,1.01,26.0,1.01,43.46,1.02,43.46
2024-07-01,Wimbledon,1st Round,Grass,Medvedev D.,Kovacevic A.,5,88.0,1.01,23.0,1.04,19.96,1.04,23.0
2024-07-01,Wimbledon,1st Round,Grass,Fognini F.,Van Assche L.,94,104.0,2.0,1.8,2.2,1.75,2.2,1.82
2024-07-01,Wimbledon,1st Round,Grass,Wawrinka S.,Broom C.,95,248.0,1.62,2.3,1.67,2.35,1.67,2.35
2024-07-01,Wimbledon,1st Round,Grass,Ruud C.,Bolt A.,8,234.0,1.4,3.0,1.45,3.0,1.45,3.2
2024-07-01,Wimbledon,1st Round,Grass,Coric B.,Meligeni Alves F.,89,145.0,1.62,2.3,1.61,2.49,1.66,2.49
2024-07-01,Wimbledon,1st Round,Grass,Struff J.L.,Marozsan F.,41,43.0,1.25,4.0,1.23,4.8,1.26,4.8
2024-07-01,Wimbledon,1st Round,Grass,Shapovalov D.,Jarry N.,121,20.0,1.57,2.38,1.58,2.56,1.63,2.56
2024-07-01,Wimbledon,1st Round,Grass,Shang J.,Garin C.,91,106.0,1.8,2.0,1.9,2.01,1.91,2.1
2024-07-01,Wimbledon,1st Round,Grass,Thompson J.,Kotov P.,40,53.0,1.22,4.33,1.24,4.62,1.29,4.62
2024-07-01,Wimbledon,1st Round,Grass,Tiafoe F.,Arnaldi M.,29,35.0,1.62,2.3,1.76,2.19,1.79,2.32
2024-07-01,Wimbledon,1st Round,Grass,Monfils G.,Mannarino A.,33,24.0,1.53,2.5,1.6,2.51,1.6,2.62
2024-07-01,Wimbledon,1st Round,Grass,Nakashima B.,Baez S.,65,18.0,1.14,5.5,1.17,5.92,1.18,6.0
2024-07-01,Wimbledon,1st Round,Grass,Dimitrov G.,Lajovic D.,10,56.0,1.03,15.0,1.05,14.72,1.05,21.59
2024-07-01,Wimbledon,1st Round,Grass,Zhang Zh.,Janvier M.,38,225.0,1.2,4.5,1.22,4.82,1.22,5.0
2024-07-01,Wimbledon,1st Round,Grass,Berrettini M.,Fucsovics M.,59,70.0,1.17,5.0,1.21,5.11,1.21,5.32
2024-07-02,Wimbledon,1st Round,Grass,Fritz T.,O Connell C.,12,79.0,1.05,11.0,1.07,12.2,1.1,12.2
2024-07-02,Wimbledon,1st Round,Grass,Norrie C.,Diaz Acosta F.,42,67.0,1.04,13.0,1.08,11.01,1.08,13.0
2024-07-02,Wimbledon,1st Round,Grass,Cobolli F.,Hijikata R.,48,77.0,2.1,1.73,2.25,1.72,2.25,1.74
2024-07-02,Wimbledon,1st Round,Grass,Fearnley J.,Moro Canas A.,277,188.0,1.5,2.63,1.49,2.84,1.55,2.84
2024-07-02,Wimbledon,1st Round,Grass,Giron M.,Searle H.,46,539.0,1.17,5.0,1.19,5.52,1.19,5.52
2024-07-02,Wimbledon,1st Round,Grass,Rune H.,Kwon S.W.,15,367.0,1.1,7.0,1.15,6.49,1.15,7.03
2024-07-02,Wimbledon,1st Round,Grass,Tsitsipas S.,Daniel T.,11,84.0,1.05,11.0,1.07,12.14,1.11,12.14
2024-07-02,Wimbledon,1st Round,Grass,Fils A.,Stricker D.,34,149.0,1.44,2.75,1.43,3.1,1.46,3.1
2024-07-02,Wimbledon,1st Round,Grass,Djokovic N.,Kopriva V.,2,123.0,1.02,21.0,1.03,22.53,1.04,22.53
2024-07-02,Wimbledon,1st Round,Grass,Zverev A.,Carballes Baena R.,4,64.0,1.01,29.0,1.03,25.24,1.04,29.0
2024-07-02,Wimbledon,1st Round,Grass,Walton A.,Coria F.,101,72.0,1.25,4.0,1.26,4.29,1.31,4.29
2024-07-02,Wimbledon,1st Round,Grass,Draper J.,Ymer E.,28,205.0,1.03,15.0,1.04,17.24,1.05,17.24
2024-07-02,Wimbledon,1st Round,Grass,Shelton B.,Bellucci M.,14,148.0,1.33,3.4,1.34,3.63,1.37,3.71
2024-07-02,Wimbledon,1st Round,Grass,Etcheverry T.,Nardi L.,31,75.0,1.57,2.38,1.6,2.5,1.65,2.5
2024-07-02,Wimbledon,1st Round,Grass,Nishioka Y.,Borges N.,90,50.0,1.8,2.0,1.84,2.08,1.88,2.15
2024-07-02,Wimbledon,1st Round,Grass,Seyboth Wild T.,Jubb P.,74,201.0,2.2,1.67,2.3,1.7,2.35,1.7
2024-07-02,Wimbledon,1st Round,Grass,Mpetshi G.,Korda S.,58,21.0,4.33,1.22,4.78,1.23,4.84,1.25
2024-07-02,Wimbledon,1st Round,Grass,Musetti L.,Lestienne C.,25,92.0,1.1,7.0,1.11,8.12,1.14,8.12
2024-07-02,Wimbledon,1st Round,Grass,Comesana F.,Rublev A.,122,6.0,17.0,1.03,24.44,1.03,24.44,1.04
2024-07-02,Wimbledon,1st Round,Grass,Hurkacz H.,Albot R.,7,144.0,1.04,13.0,1.05,14.36,1.06,14.36
2024-07-02,Wimbledon,1st Round,Grass,De Minaur A.,Duckworth J.,9,81.0,1.05,11.0,1.06,13.99,1.08,13.99
2024-07-02,Wimbledon,1st Round,Grass,Munar J.,Harris B.,63,116.0,2.38,1.57,2.45,1.63,2.61,1.63
2024-07-02,Wimbledon,1st Round,Grass,Popyrin A.,Monteiro T.,47,86.0,1.33,3.4,1.33,3.65,1.34,3.66
2024-07-02,Wimbledon,1st Round,Grass,Darderi L.,Choinski J.,37,174.0,1.36,3.2,1.38,3.31,1.39,3.48
2024-07-03,Wimbledon,2nd Round,Grass,Humbert U.,Van De Zandschulp B.,16,97.0,1.25,4.0,1.27,4.24,1.29,4.35
2024-07-03,Wimbledon,2nd Round,Grass,Sinner J.,Berrettini M.,1,59.0,1.2,4.5,1.18,5.63,1.2,5.63
2024-07-03,Wimbledon,2nd Round,Grass,Struff J.L.,Zhang Zh.,41,38.0,1.25,4.0,1.25,4.45,1.32,4.48
2024-07-03,Wimbledon,2nd Round,Grass,Kecmanovic M.,Griekspoor T.,52,27.0,2.5,1.53,2.42,1.64,2.6,1.64
2024-07-03,Wimbledon,2nd Round,Grass,Paul T.,Virtanen O.,13,147.0,1.1,7.0,1.1,9.25,1.12,9.25
2024-07-03,Wimbledon,2nd Round,Grass,Bublik A.,Cazaux A.,23,98.0,1.33,3.4,1.37,3.39,1.37,3.5
2024-07-03,Wimbledon,2nd Round,Grass,Bautista Agut R.,Sonego L.,112,54.0,1.62,2.3,1.6,2.52,1.66,2.52
2024-07-03,Wimbledon,2nd Round,Grass,Alcaraz C.,Vukic A.,3,69.0,1.03,17.0,1.03,25.77,1.03,25.81
2024-07-03,Wimbledon,2nd Round,Grass,Medvedev D.,Muller A.,5,102.0,1.02,21.0,1.03,20.98,1.05,21.0
2024-07-03,Wimbledon,2nd Round,Grass,Nakashima B.,Thompson J.,65,40.0,1.67,2.2,1.74,2.22,1.74,2.3
2024-07-03,Wimbledon,2nd Round,Grass,Fognini F.,Ruud C.,94,8.0,4.5,1.2,5.15,1.21,5.25,1.22
2024-07-03,Wimbledon,1st Round,Grass,Halys Q.,Eubanks C.,220,62.0,1.8,2.0,1.87,2.05,1.88,2.05
2024-07-03,Wimbledon,1st Round,Grass,Kokkinakis T.,Auger-Aliassime F.,93,17.0,3.2,1.36,3.29,1.39,3.29,1.4
2024-07-03,Wimbledon,1st Round,Grass,Tabilo A.,Evans D.,19,60.0,1.44,2.75,1.39,3.26,1.48,3.26
2024-07-03,Wimbledon,1st Round,Grass,Machac T.,Goffin D.,39,83.0,1.62,2.3,1.74,2.22,1.74,2.38
2024-07-03,Wimbledon,1st Round,Grass,Rinderknech A.,Nishikori K.,76,401.0,1.36,3.2,1.39,3.26,1.41,3.26
2024-07-03,Wimbledon,1st Round,Grass,Pouille L.,Djere L.,212,51.0,1.5,2.63,1.55,2.59,1.57,2.65
2024-07-03,Wimbledon,1st Round,Grass,Ruusuvuori E.,Mcdonald M.,87,96.0,1.67,2.2,1.63,2.45,1.68,2.45
2024-07-03,Wimbledon,1st Round,Grass,Safiullin R.,Cerundolo F.,44,30.0,1.73,2.1,1.76,2.19,1.78,2.19
2024-07-03,Wimbledon,1st Round,Grass,Khachanov K.,Karatsev A.,22,99.0,1.17,5.0,1.18,5.74,1.19,5.74
2024-07-03,Wimbledon,2nd Round,Grass,Tiafoe F.,Coric B.,29,89.0,1.44,2.75,1.49,2.84,1.52,2.84
2024-07-04,Wimbledon,2nd Round,Grass,Halys Q.,Khachanov K.,220,22.0,2.63,1.5,2.8,1.5,2.8,1.56
2024-07-04,Wimbledon,2nd Round,Grass,Rune H.,Seyboth Wild T.,15,74.0,1.11,6.5,1.13,7.4,1.14,7.4
2024-07-04,Wimbledon,2nd Round,Grass,Fritz T.,Rinderknech A.,12,76.0,1.07,9.0,1.08,10.68,1.1,10.74
2024-07-04,Wimbledon,2nd Round,Grass,Zverev A.,Giron M.,4,46.0,1.11,6.5,1.11,8.05,1.14,8.05
2024-07-04,Wimbledon,2nd Round,Grass,Monfils G.,Wawrinka S.,33,95.0,1.36,3.2,1.4,3.22,1.4,3.22
2024-07-04,Wimbledon,2nd Round,Grass,Norrie C.,Draper J.,42,28.0,3.4,1.33,3.47,1.36,3.65,1.36
2024-07-04,Wimbledon,2nd Round,Grass,Ruusuvuori E.,Tsitsipas S.,87,11.0,4.33,1.22,4.56,1.24,4.58,1.26
2024-07-04,Wimbledon,2nd Round,Grass,Mpetshi G.,Nishioka Y.,58,90.0,1.53,2.5,1.61,2.47,1.61,2.51
2024-07-04,Wimbledon,2nd Round,Grass,Pouille L.,Kokkinakis T.,212,93.0,2.63,1.5,2.68,1.53,2.75,1.54
2024-07-04,Wimbledon,2nd Round,Grass,Tabilo A.,Cobolli F.,19,48.0,1.36,3.2,1.34,3.6,1.36,3.6
2024-07-04,Wimbledon,2nd Round,Grass,Dimitrov G.,Shang J.,10,91.0,1.14,5.5,1.15,6.52,1.16,6.52
2024-07-04,Wimbledon,2nd Round,Grass,Safiullin R.,Machac T.,44,39.0,1.73,2.1,1.72,2.26,1.74,2.29
2024-07-04,Wimbledon,2nd Round,Grass,Musetti L.,Darderi L.,25,37.0,1.25,4.0,1.25,4.44,1.26,4.44
2024-07-04,Wimbledon,2nd Round,Grass,Popyrin A.,Etcheverry T.,47,31.0,1.67,2.2,1.69,2.31,1.7,2.31
2024-07-04,Wimbledon,2nd Round,Grass,Shapovalov D.,Altmaier D.,121,80.0,1.13,6.0,1.15,6.36,1.16,6.36
2024-07-04,Wimbledon,2nd Round,Grass,Shelton B.,Harris L.,14,118.0,1.67,2.2,1.74,2.22,1.75,2.23
2024-07-04,Wimbledon,2nd Round,Grass,Comesana F.,Walton A.,122,101.0,2.75,1.44,2.93,1.47,2.93,1.5
2024-07-04,Wimbledon,2nd Round,Grass,Fils A.,Hurkacz H.,34,7.0,3.75,1.29,4.37,1.26,4.78,1.29
2024-07-04,Wimbledon,2nd Round,Grass,De Minaur A.,Munar J.,9,63.0,1.02,19.0,1.05,15.58,1.05,19.0
2024-07-04,Wimbledon,2nd Round,Grass,Djokovic N.,Fearnley J.,2,277.0,1.02,19.0,1.02,31.64,1.03,31.64
2024-07-05,Wimbledon,3rd Round,Grass,Sinner J.,Kecmanovic M.,1,52.0,1.03,15.0,1.03,21.6,1.04,21.6
2024-07-05,Wimbledon,3rd Round,Grass,Dimitrov G.,Monfils G.,10,33.0,1.3,3.5,1.32,3.76,1.33,4.01
2024-07-05,Wimbledon,3rd Round,Grass,Paul T.,Bublik A.,13,23.0,1.5,2.63,1.51,2.78,1.51,2.79
2024-07-05,Wimbledon,3rd Round,Grass,Alcaraz C.,Tiafoe F.,3,29.0,1.06,10.0,1.05,14.26,1.07,14.26
2024-07-06,Wimbledon,3rd Round,Grass,Musetti L.,Comesana F.,25,122.0,1.17,5.0,1.17,5.8,1.18,5.8
2024-07-06,Wimbledon,3rd Round,Grass,Djokovic N.,Popyrin A.,2,47.0,1.13,6.0,1.13,7.14,1.17,7.14
2024-07-06,Wimbledon,3rd Round,Grass,Fritz T.,Tabilo A.,12,19.0,1.17,5.0,1.19,5.42,1.21,5.47
2024-07-06,Wimbledon,3rd Round,Grass,Medvedev D.,Struff J.L.,5,41.0,1.53,2.5,1.5,2.79,1.54,2.79
2024-07-06,Wimbledon,3rd Round,Grass,Rune H.,Halys Q.,15,220.0,1.29,3.75,1.33,3.68,1.33,3.75
2024-07-06,Wimbledon,3rd Round,Grass,Bautista Agut R.,Fognini F.,112,94.0,1.44,2.75,1.43,3.05,1.49,3.05
2024-07-06,Wimbledon,3rd Round,Grass,Shelton B.,Shapovalov D.,14,121.0,1.8,2.0,1.95,1.95,1.95,2.1
2024-07-06,Wimbledon,3rd Round,Grass,Fils A.,Safiullin R.,34,44.0,1.73,2.1,1.85,2.07,1.85,2.21
2024-07-06,Wimbledon,3rd Round,Grass,Zverev A.,Norrie C.,4,42.0,1.11,6.5,1.14,6.71,1.14,6.75
2024-07-06,Wimbledon,3rd Round,Grass,Humbert U.,Nakashima B.,16,65.0,1.73,2.1,1.78,2.17,1.78,2.17
2024-07-06,Wimbledon,3rd Round,Grass,De Minaur A.,Pouille L.,9,212.0,1.05,11.0,1.05,14.27,1.06,14.27
2024-07-06,Wimbledon,3rd Round,Grass,Mpetshi G.,Ruusuvuori E.,58,87.0,1.73,2.1,1.81,2.12,1.83,2.15
2024-07-07,Wimbledon,4th Round,Grass,Paul T.,Bautista Agut R.,13,112.0,1.13,6.0,1.16,6.13,1.18,6.27
2024-07-07,Wimbledon,4th Round,Grass,Alcaraz C.,Humbert U.,3,16.0,1.1,7.0,1.13,7.12,1.13,7.64
2024-07-07,Wimbledon,4th Round,Grass,Sinner J.,Shelton B.,1,14.0,1.05,11.0,1.06,14.32,1.07,14.98
2024-07-07,Wimbledon,4th Round,Grass,Medvedev D.,Dimitrov G.,5,10.0,1.67,2.2,1.74,2.23,1.74,2.31
2024-07-08,Wimbledon,4th Round,Grass,Fritz T.,Zverev A.,12,4.0,2.38,1.57,2.35,1.67,2.55,1.68
2024-07-08,Wimbledon,4th Round,Grass,Djokovic N.,Rune H.,2,15.0,1.3,3.5,1.33,3.66,1.36,3.66
2024-07-08,Wimbledon,4th Round,Grass,Musetti L.,Mpetshi G.,25,58.0,1.91,1.91,1.88,2.02,1.95,2.03
2024-07-08,Wimbledon,4th Round,Grass,De Minaur A.,Fils A.,9,34.0,1.2,4.5,1.18,5.63,1.26,5.63
2024-07-09,Wimbledon,Quarterfinals,Grass,Medvedev D.,Sinner J.,5,1.0,4.33,1.22,4.78,1.23,4.78,1.25
2024-07-09,Wimbledon,Quarterfinals,Grass,Alcaraz C.,Paul T.,3,13.0,1.25,4.0,1.3,3.97,1.31,4.01
2024-07-10,Wimbledon,Quarterfinals,Grass,Djokovic N.,De Minaur A.,2,9.0,1.25,4.0,1.31,3.85,1.34,4.0
2024-07-10,Wimbledon,Quarterfinals,Grass,Musetti L.,Fritz T.,25,12.0,4.5,1.2,4.69,1.23,4.7,1.25
2024-07-12,Wimbledon,Semifinals,Grass,Alcaraz C.,Medvedev D.,3,5.0,1.29,3.75,1.3,3.9,1.31,3.9
2024-07-12,Wimbledon,Semifinals,Grass,Djokovic N.,Musetti L.,2,25.0,1.11,6.5,1.14,6.75,1.15,6.75
2024-07-14,Wimbledon,The Final,Grass,Alcaraz C.,Djokovic N.,3,2.0,1.8,2.1,1.81,2.12,1.82,2.2
2024-07-15,Suisse Open Gstaad,1st Round,Clay,Fognini F.,Droguet T.,80,141.0,1.73,2.1,1.76,2.17,1.8,2.17
2024-07-15,Suisse Open Gstaad,1st Round,Clay,Struff J.L.,Ramos-Vinolas A.,37,97.0,1.17,5.0,1.16,5.96,1.18,5.96
2024-07-15,Suisse Open Gstaad,1st Round,Clay,Riedi L.,Barrere G.,134,131.0,1.67,2.2,1.66,2.34,1.68,2.34
2024-07-15,European Open,1st Round,Clay,Martinez P.,Arnaldi M.,49,39.0,3.2,1.36,3.42,1.36,3.42,1.4
2024-07-15,Hall of Fame Championships,1st Round,Grass,Opelka R.,Lestienne C.,1187,94.0,2.1,1.73,2.01,1.88,2.2,1.88
2024-07-15,Hall of Fame Championships,1st Round,Grass,Vukic A.,Wong C.,65,179.0,1.14,5.5,1.19,5.3,1.19,5.7
2024-07-15,Hall of Fame Championships,1st Round,Grass,Cressy M.,Albot R.,180,149.0,1.53,2.5,1.59,2.49,1.59,2.57
2024-07-15,Hall of Fame Championships,1st Round,Grass,Kovacevic A.,Mayot H.,91,124.0,2.38,1.57,2.51,1.58,2.51,1.62
2024-07-15,Suisse Open Gstaad,1st Round,Clay,Varillas J.P.,Thiem D.,162,133.0,1.57,2.38,1.62,2.43,1.66,2.5
2024-07-15,Suisse Open Gstaad,1st Round,Clay,Galan D.E.,Kopriva V.,142,112.0,1.73,2.1,1.78,2.15,1.78,2.15
2024-07-15,Nordea Open,1st Round,Clay,Kotov P.,Garin C.,60,106.0,1.8,2.0,1.85,2.05,1.85,2.1
2024-07-15,Nordea Open,1st Round,Clay,Norrie C.,Kovalik J.,42,102.0,1.57,2.38,1.59,2.51,1.61,2.51
2024-07-15,European Open,1st Round,Clay,Cerundolo F.,Comesana F.,33,100.0,1.25,4.0,,,1.27,4.0
2024-07-15,European Open,1st Round,Clay,Shevchenko A.,Molleker R.,56,197.0,1.53,2.5,1.58,2.53,1.61,2.67
2024-07-15,European Open,1st Round,Clay,Cobolli F.,Altmaier D.,48,71.0,1.67,2.2,1.71,2.24,1.75,2.25
2024-07-15,European Open,1st Round,Clay,Blanchet U.,Popyrin A.,161,43.0,3.4,1.33,3.46,1.35,3.5,1.39
2024-07-15,European Open,1st Round,Clay,Marterer M.,Kwon S.W.,108,349.0,1.62,2.3,1.66,2.35,1.69,2.4
2024-07-15,European Open,1st Round,Clay,Djere L.,Bergs Z.,57,73.0,2.0,1.8,1.89,2.0,2.0,2.0
2024-07-16,European Open,1st Round,Clay,Zhang Zh.,Seyboth Wild T.,34,72.0,1.67,2.2,1.75,2.18,1.75,2.27
2024-07-16,Suisse Open Gstaad,1st Round,Clay,Hanfmann Y.,Moreno De Alboran N.,111,143.0,,,,,1.35,3.38
2024-07-16,Suisse Open Gstaad,1st Round,Clay,Halys Q.,Gasquet R.,192,132.0,1.53,2.5,1.64,2.39,1.64,2.51
2024-07-16,Suisse Open Gstaad,1st Round,Clay,Medjedovic H.,Huesler M.A.,122,226.0,1.4,3.0,1.48,2.84,1.48,3.0
2024-07-16,Suisse Open Gstaad,1st Round,Clay,Van De Zandschulp B.,Stricker D.,87,175.0,1.62,2.3,1.63,2.41,1.67,2.5
2024-07-16,Suisse Open Gstaad,1st Round,Clay,Berrettini M.,Cachin P.,82,110.0,1.17,5.0,1.18,5.62,1.21,5.62
2024-07-16,European Open,1st Round,Clay,Lajovic D.,Meligeni Alves F.,55,144.0,1.73,2.1,1.74,2.2,1.76,2.2
2024-07-16,Suisse Open Gstaad,1st Round,Clay,Klein L.,Wawrinka S.,118,105.0,2.1,1.73,2.24,1.71,2.24,1.8
2024-07-16,European Open,1st Round,Clay,Gaston H.,Diaz Acosta F.,81,77.0,2.2,1.67,2.4,1.64,2.23,1.66
2024-07-16,European Open,1st Round,Clay,Rune H.,Marozsan F.,17,45.0,1.4,3.0,1.37,3.33,1.4,3.4
2024-07-16,European Open,1st Round,Clay,Baez S.,Koepfer D.,19,62.0,1.44,2.75,1.47,2.87,1.47,2.92
2024-07-16,European Open,1st Round,Clay,Fils A.,Munar J.,28,59.0,1.53,2.5,1.66,2.35,1.66,2.62
2024-07-16,Suisse Open Gstaad,1st Round,Clay,Heide G.,Napolitano S.,178,125.0,1.73,2.1,1.91,1.98,1.93,2.15
2024-07-16,European Open,1st Round,Clay,Trungelliti M.,Ofner S.,151,50.0,2.38,1.57,2.32,1.68,2.5,1.73
2024-07-16,Hall of Fame Championships,1st Round,Grass,Rinderknech A.,Mochizuki S.,66,156.0,1.4,3.0,1.46,2.91,1.53,3.0
2024-07-16,Hall of Fame Championships,1st Round,Grass,Harris B.,Diallo G.,116,165.0,1.57,2.38,1.68,2.29,1.68,2.38
2024-07-16,Nordea Open,1st Round,Clay,Carballes Baena R.,Safiullin R.,54,67.0,1.62,2.3,1.61,2.46,1.65,2.46
2024-07-16,Nordea Open,1st Round,Clay,Tirante T.A.,Faria J.,121,170.0,2.0,1.8,2.11,1.81,2.11,1.85
2024-07-16,Nordea Open,1st Round,Clay,Monteiro T.,Coria F.,85,69.0,1.73,2.1,1.79,2.13,1.79,2.27
2024-07-16,Nordea Open,1st Round,Clay,Skatov T.,Daniel T.,223,90.0,1.67,2.2,1.68,2.29,1.68,2.35
2024-07-16,Nordea Open,1st Round,Clay,Yevseyev D.,Muller A.,160,103.0,5.5,1.14,5.58,1.18,5.58,1.18
2024-07-16,Nordea Open,1st Round,Clay,Ajdukovic D.,Van Assche L.,130,104.0,2.1,1.73,2.13,1.79,2.16,1.79
2024-07-16,Nordea Open,1st Round,Clay,Nagal S.,Ymer E.,68,202.0,1.53,2.5,1.62,2.42,1.65,2.51
2024-07-16,Nordea Open,1st Round,Clay,Rocha H.,Ugo Carabelli C.,182,96.0,2.38,1.57,2.38,1.64,2.43,1.65
2024-07-16,Nordea Open,1st Round,Clay,Nadal R.,Borg L.,261,461.0,1.01,26.0,1.02,29.16,1.02,29.16
2024-07-16,Nordea Open,1st Round,Clay,Borges N.,Pellegrino A.,51,153.0,1.29,3.75,1.3,3.82,1.33,3.82
2024-07-16,Hall of Fame Championships,1st Round,Grass,Mcdonald M.,Hijikata R.,99,74.0,1.67,2.2,1.73,2.22,1.79,2.22
2024-07-16,European Open,1st Round,Clay,Darderi L.,Hardt N.,35,191.0,,,,,,
2024-07-16,Hall of Fame Championships,1st Round,Grass,Nakashima B.,Nava E.,53,148.0,1.14,5.5,1.18,5.49,1.2,5.5
2024-07-16,Hall of Fame Championships,1st Round,Grass,Spizzirri E.,Tu L.,393,208.0,2.5,1.53,2.73,1.51,2.73,1.62
2024-07-16,Hall of Fame Championships,1st Round,Grass,Bolt A.,Mensik J.,210,79.0,2.3,1.62,2.25,1.71,2.4,1.71
2024-07-16,Hall of Fame Championships,1st Round,Grass,Quinn E.,Polmans M.,254,217.0,2.1,1.73,2.18,1.75,2.18,1.83
2024-07-16,Hall of Fame Championships,1st Round,Grass,Paire B.,Svajda Z.,227,113.0,5.5,1.14,5.51,1.18,5.51,1.18
2024-07-17,European Open,1st Round,Clay,Zverev A.,De Jong J.,4,114.0,1.08,8.0,1.11,8.08,1.11,8.08
2024-07-17,European Open,2nd Round,Clay,Martinez P.,Blanchet U.,49,161.0,1.33,3.4,1.37,3.37,1.38,3.45
2024-07-17,Hall of Fame Championships,2nd Round,Grass,Vukic A.,Spizzirri E.,65,393.0,1.33,3.4,1.38,3.36,1.38,3.4
2024-07-17,Hall of Fame Championships,2nd Round,Grass,Bolt A.,Nakashima B.,210,53.0,3.75,1.29,3.76,1.32,3.76,1.35
2024-07-17,European Open,2nd Round,Clay,Baez S.,Lajovic D.,19,55.0,1.4,3.0,1.38,3.31,1.4,3.31
2024-07-17,Hall of Fame Championships,2nd Round,Grass,Mcdonald M.,Harris B.,99,116.0,1.57,2.38,1.64,2.42,1.64,2.42
2024-07-17,Hall of Fame Championships,2nd Round,Grass,Opelka R.,Mannarino A.,1187,25.0,2.2,1.67,2.33,1.68,2.33,1.75
2024-07-17,Hall of Fame Championships,2nd Round,Grass,Michelsen A.,Cressy M.,61,180.0,1.62,2.3,1.61,2.47,1.63,2.47
2024-07-17,Hall of Fame Championships,2nd Round,Grass,Kovacevic A.,Rinderknech A.,91,66.0,2.38,1.57,2.35,1.67,2.4,1.69
2024-07-17,European Open,2nd Round,Clay,Darderi L.,Shevchenko A.,35,56.0,1.36,3.2,1.43,3.06,1.46,3.2
2024-07-17,Hall of Fame Championships,2nd Round,Grass,Eubanks C.,Quinn E.,128,254.0,1.44,2.75,1.5,2.8,1.5,2.9
2024-07-17,European Open,2nd Round,Clay,Cerundolo F.,Marterer M.,33,108.0,1.25,4.0,1.24,4.59,1.25,4.59
2024-07-17,Nordea Open,2nd Round,Clay,Ajdukovic D.,Kotov P.,130,60.0,2.75,1.44,2.8,1.5,2.8,1.51
2024-07-17,Suisse Open Gstaad,2nd Round,Clay,Etcheverry T.,Van De Zandschulp B.,32,87.0,1.5,2.63,1.56,2.61,1.56,2.75
2024-07-17,Suisse Open Gstaad,2nd Round,Clay,Tsitsipas S.,Medjedovic H.,12,122.0,1.36,3.2,1.39,3.29,1.38,3.29
2024-07-17,Suisse Open Gstaad,2nd Round,Clay,Struff J.L.,Riedi L.,37,134.0,1.33,3.4,1.37,3.4,1.37,3.5
2024-07-17,Nordea Open,2nd Round,Clay,Tirante T.A.,Rublev A.,121,8.0,5.0,1.17,5.75,1.18,5.75,1.21
2024-07-17,Nordea Open,2nd Round,Clay,Monteiro T.,Ruud C.,85,9.0,6.0,1.13,5.24,1.2,6.0,1.2
2024-07-17,Nordea Open,2nd Round,Clay,Carballes Baena R.,Yevseyev D.,54,160.0,1.17,5.0,1.16,6.2,1.18,6.2
2024-07-17,Suisse Open Gstaad,2nd Round,Clay,Fognini F.,Varillas J.P.,80,162.0,1.67,2.2,1.76,2.2,1.81,2.22
2024-07-18,Hall of Fame Championships,Quarterfinals,Grass,Michelsen A.,Kovacevic A.,61,91.0,1.44,2.75,1.46,2.93,1.47,2.93
2024-07-18,Hall of Fame Championships,Quarterfinals,Grass,Opelka R.,Mcdonald M.,1187,99.0,2.38,1.57,2.34,1.68,2.4,1.74
2024-07-18,European Open,2nd Round,Clay,Zverev A.,Gaston H.,4,81.0,1.08,8.0,1.08,10.25,1.1,10.29
2024-07-18,European Open,2nd Round,Clay,Zhang Zh.,Cobolli F.,34,48.0,2.0,1.8,2.14,1.79,2.14,1.92
2024-07-18,European Open,2nd Round,Clay,Rune H.,Trungelliti M.,17,151.0,1.17,5.0,1.15,6.38,1.17,6.38
2024-07-18,Suisse Open Gstaad,2nd Round,Clay,Halys Q.,Klein L.,192,118.0,1.91,1.91,1.94,1.96,1.94,1.99
2024-07-18,Suisse Open Gstaad,2nd Round,Clay,Heide G.,Humbert U.,178,15.0,3.5,1.3,3.61,1.34,3.61,1.34
2024-07-18,Suisse Open Gstaad,2nd Round,Clay,Berrettini M.,Galan D.E.,82,142.0,1.14,5.5,1.17,5.84,1.19,5.84
2024-07-18,Suisse Open Gstaad,2nd Round,Clay,Auger-Aliassime F.,Hanfmann Y.,18,111.0,1.44,2.75,1.48,2.87,1.48,2.95
2024-07-18,Nordea Open,2nd Round,Clay,Borges N.,Rocha H.,51,182.0,1.57,2.38,1.51,2.75,1.57,2.75
2024-07-18,Nordea Open,2nd Round,Clay,Nadal R.,Norrie C.,261,42.0,1.5,2.63,1.57,2.57,1.57,2.63
2024-07-18,Nordea Open,2nd Round,Clay,Skatov T.,Griekspoor T.,223,27.0,3.0,1.4,3.39,1.37,3.39,1.44
2024-07-18,Nordea Open,2nd Round,Clay,Navone M.,Nagal S.,36,68.0,1.57,2.38,1.62,2.46,1.64,2.48
2024-07-18,European Open,2nd Round,Clay,Fils A.,Djere L.,28,57.0,1.5,2.63,1.57,2.57,1.57,2.74
2024-07-18,Hall of Fame Championships,2nd Round,Grass,Giron M.,Paire B.,46,227.0,1.14,5.5,1.19,5.52,1.19,5.52
2024-07-19,Nordea Open,Quarterfinals,Clay,Nadal R.,Navone M.,261,36.0,1.36,3.2,1.41,3.17,1.44,3.25
2024-07-19,Nordea Open,Quarterfinals,Clay,Tirante T.A.,Carballes Baena R.,121,54.0,2.75,1.44,2.9,1.47,2.9,1.49
2024-07-19,Nordea Open,Quarterfinals,Clay,Borges N.,Skatov T.,51,223.0,1.57,2.38,1.59,2.54,1.64,2.54
2024-07-19,Nordea Open,Quarterfinals,Clay,Ajdukovic D.,Monteiro T.,130,85.0,3.5,1.3,3.9,1.3,3.9,1.33
2024-07-19,Hall of Fame Championships,Quarterfinals,Grass,Giron M.,Bolt A.,46,210.0,1.5,2.63,1.54,2.66,1.59,2.66
2024-07-19,European Open,Quarterfinals,Clay,Martinez P.,Cerundolo F.,49,33.0,3.5,1.3,3.93,1.3,4.01,1.31
2024-07-19,European Open,Quarterfinals,Clay,Fils A.,Rune H.,28,17.0,2.3,1.62,2.37,1.66,2.43,1.68
2024-07-19,European Open,Quarterfinals,Clay,Baez S.,Darderi L.,19,35.0,1.57,2.38,1.58,2.55,1.67,2.55
2024-07-19,Suisse Open Gstaad,Quarterfinals,Clay,Halys Q.,Heide G.,192,178.0,1.67,2.2,1.69,2.31,1.69,2.32
2024-07-19,Suisse Open Gstaad,Quarterfinals,Clay,Struff J.L.,Etcheverry T.,37,32.0,1.62,2.3,1.65,2.4,1.67,2.4
2024-07-19,Suisse Open Gstaad,Quarterfinals,Clay,Tsitsipas S.,Fognini F.,12,80.0,1.11,6.5,1.15,6.48,1.15,6.5
2024-07-19,Suisse Open Gstaad,Quarterfinals,Clay,Berrettini M.,Auger-Aliassime F.,82,18.0,1.57,2.38,1.65,2.4,1.65,2.41
2024-07-19,European Open,Quarterfinals,Clay,Zverev A.,Zhang Zh.,4,34.0,1.29,3.75,1.31,3.83,1.31,4.0
2024-07-19,Hall of Fame Championships,Quarterfinals,Grass,Eubanks C.,Vukic A.,128,65.0,2.5,1.53,2.63,1.55,2.63,1.58
2024-07-20,Hall of Fame Championships,Semifinals,Grass,Michelsen A.,Opelka R.,61,1187.0,1.62,2.3,1.63,2.43,1.68,2.43
2024-07-20,Hall of Fame Championships,Semifinals,Grass,Giron M.,Eubanks C.,46,128.0,1.53,2.5,1.56,2.6,1.59,2.6
2024-07-20,Suisse Open Gstaad,Semifinals,Clay,Berrettini M.,Tsitsipas S.,82,12.0,2.2,1.67,2.31,1.69,2.31,1.7
2024-07-20,Nordea Open,Semifinals,Clay,Borges N.,Tirante T.A.,51,121.0,1.53,2.5,1.56,2.6,1.59,2.6
2024-07-20,European Open,Semifinals,Clay,Zverev A.,Martinez P.,4,49.0,1.1,7.0,1.11,8.3,1.12,8.3
2024-07-20,European Open,Semifinals,Clay,Fils A.,Baez S.,28,19.0,1.73,2.1,1.83,2.09,1.83,2.23
2024-07-20,Suisse Open Gstaad,Semifinals,Clay,Halys Q.,Struff J.L.,192,37.0,2.75,1.44,3.11,1.42,3.11,1.45
2024-07-20,Nordea Open,Semifinals,Clay,Nadal R.,Ajdukovic D.,261,130.0,1.3,3.5,1.34,3.63,1.34,3.98
2024-07-21,Nordea Open,The Final,Clay,Borges N.,Nadal R.,51,261.0,2.75,1.44,2.74,1.52,2.95,1.52
2024-07-21,European Open,The Final,Clay,Fils A.,Zverev A.,28,4.0,3.4,1.33,3.56,1.34,3.56,1.39
2024-07-21,Suisse Open Gstaad,The Final,Clay,Berrettini M.,Halys Q.,82,192.0,1.25,4.0,1.29,4.01,1.29,4.06
2024-07-21,Croatia Open,1st Round,Clay,Muller A.,Arnaldi M.,102,40.0,2.75,1.44,2.9,1.46,2.9,1.54
2024-07-21,Hall of Fame Championships,The Final,Grass,Giron M.,Michelsen A.,46,61.0,2.3,1.62,2.53,1.59,2.55,1.68
2024-07-21,Croatia Open,1st Round,Clay,Marozsan F.,Shevchenko A.,49,58.0,1.57,2.38,1.67,2.34,1.67,2.46
2024-07-21,Croatia Open,1st Round,Clay,Ugo Carabelli C.,Mikrut L.,96,350.0,1.36,3.2,1.4,3.17,1.4,3.25
2024-07-22,Generali Open,1st Round,Clay,Hanfmann Y.,Munar J.,116,65.0,2.5,1.53,2.38,1.64,2.5,1.64
2024-07-22,Croatia Open,1st Round,Clay,Trungelliti M.,Andreozzi G.,136,406.0,1.3,3.5,1.3,3.81,1.33,3.84
2024-07-22,Croatia Open,1st Round,Clay,Sonego L.,Poljicak M.,54,481.0,1.2,4.5,1.2,5.11,1.21,5.25
2024-07-22,Croatia Open,1st Round,Clay,Lajovic D.,Misolic F.,53,228.0,1.53,2.5,1.55,2.61,1.58,2.61
2024-07-22,Croatia Open,1st Round,Clay,Cobolli F.,Navone M.,48,36.0,1.73,2.1,1.82,2.08,1.88,2.2
2024-07-22,Generali Open,1st Round,Clay,Moreno De Alboran N.,Collarini A.,143,264.0,1.5,2.63,1.55,2.61,1.55,2.73
2024-07-22,Croatia Open,1st Round,Clay,Dodig M.,Couacaud E.,310,205.0,2.75,1.44,2.73,1.51,2.75,1.55
2024-07-22,Generali Open,1st Round,Clay,Seyboth Wild T.,Schwaerzler J.,72,392.0,1.36,3.2,1.42,3.08,1.42,3.71
2024-07-22,Croatia Open,1st Round,Clay,Monteiro T.,Machac T.,79,39.0,2.1,1.73,2.14,1.78,2.24,1.8
2024-07-22,Generali Open,1st Round,Clay,Djere L.,Kopriva V.,57,113.0,1.44,2.75,1.55,2.61,1.55,2.75
2024-07-22,Croatia Open,1st Round,Clay,Mensik J.,Popyrin A.,81,46.0,2.3,1.62,2.2,1.74,2.32,1.74
2024-07-22,Atlanta Open,1st Round,Hard,Goffin D.,Shapovalov D.,98,140.0,2.75,1.44,2.85,1.47,2.89,1.47
2024-07-22,Atlanta Open,1st Round,Hard,Nishioka Y.,Svajda Z.,86,115.0,1.91,1.91,1.87,2.03,1.91,2.05
2024-07-22,Atlanta Open,1st Round,Hard,Davidovich Fokina A.,Cazaux A.,43,92.0,1.91,1.91,1.94,1.94,1.94,2.02
2024-07-22,Generali Open,1st Round,Clay,Nagal S.,Klein L.,80,119.0,2.63,1.5,2.3,1.68,2.63,1.68
2024-07-23,Generali Open,1st Round,Clay,Galan D.E.,Medjedovic H.,137,144.0,3.0,1.4,2.95,1.45,3.0,1.46
2024-07-23,Generali Open,1st Round,Clay,Gaston H.,Altmaier D.,91,71.0,2.1,1.73,2.23,1.72,2.23,1.8
2024-07-23,Generali Open,1st Round,Clay,Neumayer L.,Ofner S.,289,56.0,2.75,1.44,2.91,1.46,2.91,1.48
2024-07-23,Generali Open,1st Round,Clay,Carballes Baena R.,Fucsovics M.,51,83.0,1.91,1.91,1.99,1.9,1.99,2.0
2024-07-23,Generali Open,1st Round,Clay,Berrettini M.,Kotov P.,50,62.0,1.29,3.75,1.27,4.09,1.3,4.09
2024-07-23,Generali Open,1st Round,Clay,Tirante T.A.,Thiem D.,101,138.0,1.91,1.91,1.92,1.97,1.92,2.0
2024-07-23,Generali Open,1st Round,Clay,Diaz Acosta F.,Coria F.,77,73.0,1.73,2.1,1.68,2.3,1.74,2.3
2024-07-23,Croatia Open,1st Round,Clay,Darderi L.,Ajdukovic D.,33,110.0,1.4,3.0,1.43,3.05,1.44,3.05
2024-07-23,Croatia Open,2nd Round,Clay,Rublev A.,Ugo Carabelli C.,9,96.0,1.25,4.0,1.21,5.04,1.26,5.04
2024-07-23,Atlanta Open,1st Round,Hard,Karatsev A.,Harris B.,107,114.0,2.1,1.73,2.17,1.76,2.17,1.77
2024-07-23,Atlanta Open,1st Round,Hard,Rinderknech A.,Wolf J.J.,64,120.0,1.67,2.2,1.7,2.27,1.73,2.27
2024-07-23,Atlanta Open,1st Round,Hard,Walton A.,Kecmanovic M.,95,52.0,3.0,1.4,2.88,1.47,3.0,1.47
2024-07-23,Atlanta Open,1st Round,Hard,Mcdonald M.,Nakashima B.,97,55.0,2.5,1.53,2.63,1.54,2.63,1.58
2024-07-23,Croatia Open,1st Round,Clay,Fognini F.,Van Assche L.,70,104.0,1.73,2.1,1.79,2.13,1.79,2.25
2024-07-23,Atlanta Open,1st Round,Hard,Mayot H.,Coric B.,122,84.0,2.3,1.62,2.73,1.5,2.73,1.68
2024-07-23,Atlanta Open,1st Round,Hard,Bellucci M.,Vukic A.,146,60.0,2.0,1.8,2.09,1.81,2.1,1.83
2024-07-23,Croatia Open,2nd Round,Clay,Marozsan F.,Monteiro T.,49,79.0,2.0,1.8,2.1,1.83,2.1,1.83
2024-07-24,Croatia Open,2nd Round,Clay,Lajovic D.,Cobolli F.,53,48.0,2.75,1.44,2.82,1.49,2.86,1.5
2024-07-24,Croatia Open,2nd Round,Clay,Musetti L.,Trungelliti M.,17,136.0,1.22,4.33,1.25,4.52,1.27,4.52
2024-07-24,Croatia Open,2nd Round,Clay,Cerundolo F.,Dodig M.,37,310.0,1.17,5.0,1.19,5.41,1.21,5.41
2024-07-24,Croatia Open,2nd Round,Clay,Sonego L.,Muller A.,54,102.0,2.2,1.67,2.19,1.76,2.22,1.77
2024-07-24,Generali Open,2nd Round,Clay,Baez S.,Tirante T.A.,18,101.0,1.33,3.4,1.3,3.89,1.34,3.89
2024-07-24,Croatia Open,2nd Round,Clay,Tseng C. H.,Fognini F.,159,70.0,3.0,1.4,2.95,1.46,3.13,1.46
2024-07-24,Croatia Open,2nd Round,Clay,Mensik J.,Darderi L.,81,33.0,3.0,1.4,2.71,1.53,3.0,1.55
2024-07-24,Generali Open,2nd Round,Clay,Diaz Acosta F.,Galan D.E.,77,137.0,1.62,2.3,1.65,2.4,1.67,2.4
2024-07-24,Generali Open,2nd Round,Clay,Gaston H.,Carballes Baena R.,91,51.0,2.3,1.62,2.3,1.69,2.36,1.69
2024-07-24,Generali Open,2nd Round,Clay,Martinez P.,Nagal S.,45,80.0,1.62,2.3,1.64,2.42,1.67,2.42
2024-07-24,Atlanta Open,2nd Round,Hard,Bellucci M.,Mannarino A.,146,32.0,1.73,2.1,1.76,2.2,1.76,2.25
2024-07-24,Atlanta Open,2nd Round,Hard,Rinderknech A.,Walton A.,64,95.0,1.67,2.2,1.71,2.27,1.71,2.3
2024-07-24,Generali Open,2nd Round,Clay,Seyboth Wild T.,Djere L.,72,57.0,2.3,1.62,2.26,1.72,2.51,1.72
2024-07-24,Atlanta Open,1st Round,Hard,Shang J.,Martin A.,89,483.0,1.13,6.0,1.15,6.42,1.18,6.42
2024-07-24,Generali Open,2nd Round,Clay,Berrettini M.,Tabilo A.,50,21.0,1.4,3.0,1.47,2.92,1.47,3.0
2024-07-24,Atlanta Open,1st Round,Hard,Purcell M.,O Connell C.,66,93.0,1.62,2.3,1.66,2.35,1.67,2.35
2024-07-24,Atlanta Open,1st Round,Hard,Opelka R.,Kovacevic A.,430,82.0,1.57,2.38,1.65,2.37,1.66,2.4
2024-07-24,Generali Open,2nd Round,Clay,Hanfmann Y.,Heide G.,116,155.0,,,,,,
2024-07-24,Generali Open,2nd Round,Clay,Moreno De Alboran N.,Neumayer L.,143,289.0,1.62,2.3,1.67,2.36,1.69,2.36
2024-07-25,Croatia Open,Quarterfinals,Clay,Mensik J.,Tseng C. H.,81,159.0,1.36,3.2,1.4,3.2,1.4,3.2
2024-07-25,Croatia Open,Quarterfinals,Clay,Rublev A.,Marozsan F.,9,49.0,1.44,2.75,1.49,2.84,1.5,2.85
2024-07-25,Croatia Open,Quarterfinals,Clay,Musetti L.,Lajovic D.,17,53.0,1.33,3.4,1.36,3.44,1.37,3.5
2024-07-25,Atlanta Open,2nd Round,Hard,Nishioka Y.,Mcdonald M.,86,97.0,2.2,1.67,2.3,1.69,2.3,1.69
2024-07-25,Atlanta Open,2nd Round,Hard,Thompson J.,Mayot H.,41,122.0,1.57,2.38,1.67,2.35,1.67,2.38
2024-07-25,Atlanta Open,2nd Round,Hard,Tiafoe F.,Karatsev A.,29,107.0,1.44,2.75,1.48,2.86,1.52,2.89
2024-07-25,Croatia Open,Quarterfinals,Clay,Cerundolo F.,Sonego L.,37,54.0,1.4,3.0,1.51,2.76,1.51,3.0
2024-07-25,Atlanta Open,2nd Round,Hard,Purcell M.,Goffin D.,66,98.0,2.2,1.67,2.31,1.69,2.31,1.73
2024-07-25,Atlanta Open,2nd Round,Hard,Davidovich Fokina A.,Opelka R.,43,430.0,1.8,2.0,1.94,1.96,1.95,2.0
2024-07-25,Generali Open,Quarterfinals,Clay,Hanfmann Y.,Seyboth Wild T.,116,72.0,1.91,1.91,1.93,1.98,2.0,1.99
2024-07-25,Generali Open,Quarterfinals,Clay,Berrettini M.,Moreno De Alboran N.,50,143.0,1.14,5.5,1.13,7.14,1.17,7.14
2024-07-25,Generali Open,Quarterfinals,Clay,Diaz Acosta F.,Martinez P.,77,45.0,1.67,2.2,1.77,2.18,1.77,2.2
2024-07-25,Generali Open,Quarterfinals,Clay,Gaston H.,Baez S.,91,18.0,3.0,1.4,3.09,1.43,3.09,1.44
2024-07-26,Atlanta Open,Quarterfinals,Hard,Thompson J.,Davidovich Fokina A.,41,43.0,2.1,1.73,2.25,1.72,2.3,1.77
2024-07-26,Croatia Open,Semifinals,Clay,Musetti L.,Mensik J.,17,81.0,1.5,2.63,1.52,2.74,1.53,2.74
2024-07-26,Croatia Open,Semifinals,Clay,Cerundolo F.,Rublev A.,37,9.0,2.5,1.53,2.44,1.59,2.62,1.59
2024-07-26,Atlanta Open,2nd Round,Hard,Shang J.,Shelton B.,89,14.0,2.38,1.57,2.65,1.55,2.65,1.59
2024-07-26,Generali Open,Semifinals,Clay,Berrettini M.,Hanfmann Y.,50,116.0,1.22,4.33,1.26,4.38,1.27,4.5
2024-07-26,Atlanta Open,Quarterfinals,Hard,Shang J.,Purcell M.,89,66.0,1.44,2.75,1.46,2.96,1.49,2.96
2024-07-26,Generali Open,Semifinals,Clay,Gaston H.,Diaz Acosta F.,91,77.0,2.1,1.73,2.29,1.7,2.31,1.83
2024-07-27,Croatia Open,The Final,Clay,Cerundolo F.,Musetti L.,37,17.0,2.38,1.57,2.62,1.56,2.75,1.59
2024-07-27,Generali Open,The Final,Clay,Berrettini M.,Gaston H.,50,91.0,1.2,4.5,1.23,4.74,1.25,4.74
2024-07-27,Atlanta Open,Semifinals,Hard,Thompson J.,Shang J.,41,89.0,2.3,1.62,2.61,1.56,2.61,1.63
2024-07-27,Atlanta Open,Quarterfinals,Hard,Rinderknech A.,Bellucci M.,64,146.0,1.57,2.38,1.67,2.35,1.67,2.38
2024-07-27,Atlanta Open,Quarterfinals,Hard,Nishioka Y.,Tiafoe F.,86,29.0,2.75,1.44,2.72,1.52,2.78,1.56
2024-07-28,Atlanta Open,The Final,Hard,Nishioka Y.,Thompson J.,86,41.0,2.0,1.8,1.95,1.95,2.02,1.95
2024-07-28,Atlanta Open,Semifinals,Hard,Nishioka Y.,Rinderknech A.,86,64.0,1.73,2.1,1.75,2.2,1.79,2.21
2024-07-29,Citi Open,1st Round,Hard,Hong S.,Walton A.,175,89.0,2.75,1.44,2.84,1.48,2.85,1.48
2024-07-29,Citi Open,1st Round,Hard,Goffin D.,Ugo Carabelli C.,100,92.0,1.29,3.75,1.24,4.46,1.33,4.46
2024-07-29,Citi Open,1st Round,Hard,Shapovalov D.,Bautista Agut R.,139,76.0,1.5,2.63,1.52,2.69,1.62,2.69
2024-07-29,Citi Open,1st Round,Hard,Ruusuvuori E.,Coric B.,71,83.0,1.67,2.2,1.76,2.18,1.76,2.23
2024-07-29,Citi Open,1st Round,Hard,Bellucci M.,Mcdonald M.,125,93.0,2.2,1.67,2.14,1.78,2.21,1.78
2024-07-29,Citi Open,1st Round,Hard,Garin C.,Karatsev A.,115,102.0,2.38,1.57,2.48,1.6,2.65,1.62
2024-07-29,Citi Open,1st Round,Hard,O Connell C.,Mayot H.,94,114.0,1.91,1.91,1.94,1.94,1.94,1.99
2024-07-29,Citi Open,1st Round,Hard,Wolf J.J.,Svajda Z.,143,109.0,1.91,1.91,,,1.53,2.5
2024-07-29,Citi Open,1st Round,Hard,Galan D.E.,Cressy M.,124,173.0,2.5,1.53,2.8,1.49,2.96,1.53
2024-07-30,Citi Open,2nd Round,Hard,Shapovalov D.,Mannarino A.,139,32.0,1.29,3.75,1.3,3.92,1.33,3.92
2024-07-30,Citi Open,2nd Round,Hard,Tiafoe F.,Galan D.E.,29,124.0,1.22,4.33,1.25,4.48,1.27,4.48
2024-07-30,Citi Open,2nd Round,Hard,Nakashima B.,O Connell C.,54,94.0,1.4,3.0,1.38,3.35,1.42,3.35
2024-07-30,Citi Open,2nd Round,Hard,Korda S.,Garin C.,22,115.0,1.2,4.5,1.21,5.11,1.22,5.11
2024-07-30,Citi Open,2nd Round,Hard,Kecmanovic M.,Wolf J.J.,51,143.0,1.57,2.38,1.56,2.6,1.6,2.6
2024-07-30,Citi Open,1st Round,Hard,Albot R.,Diaz Acosta F.,152,62.0,1.5,2.63,1.52,2.71,1.53,2.75
2024-07-30,Citi Open,1st Round,Hard,Shang J.,Ymer E.,73,216.0,1.25,4.0,1.27,4.1,1.29,4.1
2024-07-30,Citi Open,1st Round,Hard,Kokkinakis T.,Purcell M.,91,59.0,1.73,2.1,1.76,2.17,1.8,2.17
2024-07-30,Citi Open,1st Round,Hard,Krueger M.,Nardi L.,192,78.0,1.67,2.2,1.74,2.2,1.74,2.35
2024-07-30,Citi Open,1st Round,Hard,Van Assche L.,Cazaux A.,118,95.0,2.2,1.67,2.42,1.63,2.43,1.68
2024-07-30,Citi Open,1st Round,Hard,Opelka R.,Duckworth J.,371,81.0,1.44,2.75,1.5,2.76,1.51,2.76
2024-07-30,Citi Open,1st Round,Hard,Kovacevic A.,Nishioka Y.,82,50.0,2.3,1.62,2.37,1.65,2.37,1.68
2024-07-31,Citi Open,2nd Round,Hard,Rublev A.,Van Assche L.,8,118.0,1.25,4.0,1.19,5.36,1.25,5.36
2024-07-31,Citi Open,2nd Round,Hard,Hong S.,Khachanov K.,175,21.0,4.5,1.2,5.66,1.18,5.66,1.21
2024-07-31,Citi Open,2nd Round,Hard,Michelsen A.,Bellucci M.,60,125.0,1.62,2.3,1.7,2.3,1.71,2.3
2024-07-31,Citi Open,2nd Round,Hard,Cobolli F.,Goffin D.,48,100.0,1.8,2.0,1.92,1.99,1.92,2.02
2024-07-31,Citi Open,2nd Round,Hard,Mpetshi G.,Ruusuvuori E.,49,71.0,2.2,1.67,2.19,1.76,2.2,1.76
2024-07-31,Citi Open,2nd Round,Hard,Rinderknech A.,Shang J.,68,73.0,2.38,1.57,2.61,1.56,2.61,1.59
2024-07-31,Citi Open,2nd Round,Hard,Kokkinakis T.,Vukic A.,91,85.0,1.53,2.5,1.58,2.55,1.62,2.55
2024-07-31,Citi Open,2nd Round,Hard,Davidovich Fokina A.,Krueger M.,44,192.0,1.4,3.0,1.44,3.05,1.44,3.07
2024-07-31,Citi Open,2nd Round,Hard,Kovacevic A.,Carballes Baena R.,82,53.0,1.67,2.2,1.57,2.58,1.67,2.58
2024-08-01,Citi Open,3rd Round,Hard,Tiafoe F.,Kovacevic A.,29,82.0,1.4,3.0,1.45,2.99,1.46,3.0
2024-08-01,Citi Open,3rd Round,Hard,Thompson J.,Mpetshi G.,33,49.0,1.73,2.1,1.81,2.11,1.81,2.11
2024-08-01,Citi Open,3rd Round,Hard,Korda S.,Kokkinakis T.,22,91.0,1.36,3.2,1.37,3.37,1.39,3.37
2024-08-01,Citi Open,3rd Round,Hard,Michelsen A.,Hong S.,60,175.0,1.3,3.5,1.3,3.9,1.3,4.0
2024-08-01,Citi Open,3rd Round,Hard,Shelton B.,Nakashima B.,14,54.0,1.8,2.0,1.84,2.08,1.86,2.14
2024-08-01,Citi Open,3rd Round,Hard,Shapovalov D.,Kecmanovic M.,139,51.0,1.62,2.3,1.68,2.34,1.68,2.34
2024-08-01,Citi Open,2nd Round,Hard,Shelton B.,Albot R.,14,152.0,1.14,5.5,1.19,5.26,1.2,5.5
2024-08-01,Citi Open,2nd Round,Hard,Thompson J.,Opelka R.,33,371.0,2.0,1.8,2.06,1.86,2.08,1.89
2024-08-01,Citi Open,3rd Round,Hard,Cobolli F.,Davidovich Fokina A.,48,44.0,2.1,1.73,2.11,1.82,2.17,1.82
2024-08-02,Citi Open,3rd Round,Hard,Rublev A.,Rinderknech A.,8,68.0,1.29,3.75,1.28,4.11,1.3,4.11
2024-08-02,Citi Open,Quarterfinals,Hard,Cobolli F.,Michelsen A.,48,60.0,2.63,1.5,2.7,1.53,2.7,1.57
2024-08-02,Citi Open,Quarterfinals,Hard,Shelton B.,Shapovalov D.,14,139.0,1.62,2.3,1.62,2.46,1.68,2.46
2024-08-02,Citi Open,Quarterfinals,Hard,Korda S.,Thompson J.,22,33.0,1.5,2.63,1.49,2.83,1.53,2.83
2024-08-03,Citi Open,Quarterfinals,Hard,Tiafoe F.,Rublev A.,29,8.0,2.75,1.44,2.83,1.49,2.92,1.5
2024-08-04,Citi Open,Semifinals,Hard,Cobolli F.,Shelton B.,48,14.0,3.2,1.36,3.14,1.41,3.2,1.46
2024-08-04,Citi Open,Semifinals,Hard,Korda S.,Tiafoe F.,22,29.0,1.57,2.38,1.63,2.44,1.64,2.44
2024-08-05,Citi Open,The Final,Hard,Korda S.,Cobolli F.,22,48.0,1.3,3.5,1.28,4.18,1.31,4.18
2024-08-06,Canadian Open,1st Round,Hard,Khachanov K.,Diallo G.,22,141.0,1.4,3.0,1.5,2.78,1.51,3.0
2024-08-06,Canadian Open,1st Round,Hard,Borges N.,Kecmanovic M.,43,50.0,2.38,1.57,2.31,1.68,2.4,1.68
2024-08-06,Canadian Open,1st Round,Hard,Sonego L.,Griekspoor T.,57,40.0,2.3,1.62,2.35,1.66,2.44,1.67
2024-08-06,Canadian Open,1st Round,Hard,Nishikori K.,Michelsen A.,576,55.0,3.5,1.3,3.55,1.34,3.55,1.36
2024-08-06,Canadian Open,1st Round,Hard,Etcheverry T.,Jarry N.,38,24.0,1.73,2.1,1.77,2.15,1.8,2.25
2024-08-07,Canadian Open,1st Round,Hard,Rinderknech A.,Mannarino A.,65,31.0,1.5,2.63,1.56,2.57,1.56,2.63
2024-08-07,Canadian Open,1st Round,Hard,Fritz T.,Navone M.,13,36.0,1.06,10.0,1.06,12.13,1.11,12.13
2024-08-07,Canadian Open,1st Round,Hard,Popyrin A.,Machac T.,62,39.0,2.3,1.62,2.25,1.71,2.3,1.71
2024-08-07,Canadian Open,1st Round,Hard,Duckworth J.,Giron M.,80,37.0,2.63,1.5,2.55,1.57,2.79,1.57
2024-08-07,Canadian Open,1st Round,Hard,Nakashima B.,Shapovalov D.,52,106.0,2.1,1.73,2.16,1.76,2.23,1.85
2024-08-07,Canadian Open,1st Round,Hard,Humbert U.,Fils A.,15,23.0,1.62,2.3,1.65,2.35,1.65,2.35
2024-08-07,Canadian Open,1st Round,Hard,Davidovich Fokina A.,Safiullin R.,42,66.0,1.91,1.91,1.98,1.91,1.99,1.93
2024-08-07,Canadian Open,1st Round,Hard,Coric B.,Martinez P.,94,45.0,1.33,3.4,1.41,3.13,1.42,3.4
2024-08-07,Canadian Open,1st Round,Hard,Arnaldi M.,Mcdonald M.,46,93.0,1.8,2.0,1.86,2.03,1.86,2.12
2024-08-07,Canadian Open,1st Round,Hard,Hijikata R.,Daniel T.,74,87.0,2.3,1.62,2.31,1.68,2.32,1.68
2024-08-07,Canadian Open,1st Round,Hard,Paul T.,Darderi L.,12,32.0,1.13,6.0,1.14,6.72,1.17,7.0
2024-08-07,Canadian Open,1st Round,Hard,Thompson J.,Draper J.,30,28.0,3.2,1.36,3.34,1.37,3.34,1.43
2024-08-07,Canadian Open,1st Round,Hard,Tabilo A.,Tiafoe F.,21,27.0,2.3,1.62,2.29,1.69,2.34,1.7
2024-08-07,Canadian Open,1st Round,Hard,Rune H.,Bautista Agut R.,17,72.0,,,,,,
2024-08-07,Canadian Open,1st Round,Hard,Carreno Busta P.,Marozsan F.,799,49.0,3.5,1.3,3.55,1.34,3.55,1.36
2024-08-07,Canadian Open,1st Round,Hard,Shelton B.,Bublik A.,14,25.0,1.5,2.63,1.55,2.6,1.55,2.63
2024-08-08,Canadian Open,2nd Round,Hard,Dimitrov G.,Hijikata R.,10,74.0,1.25,4.0,1.27,4.25,1.27,4.25
2024-08-08,Canadian Open,2nd Round,Hard,Tabilo A.,Sonego L.,21,57.0,1.57,2.38,1.59,2.52,1.62,2.52
2024-08-08,Canadian Open,2nd Round,Hard,Popyrin A.,Shelton B.,62,14.0,2.5,1.53,2.56,1.58,2.6,1.58
2024-08-08,Canadian Open,2nd Round,Hard,Rune H.,Carreno Busta P.,17,799.0,1.3,3.5,1.34,3.6,1.37,3.7
2024-08-08,Canadian Open,2nd Round,Hard,Sinner J.,Coric B.,1,94.0,1.1,7.0,1.07,12.01,1.1,12.01
2024-08-08,Canadian Open,2nd Round,Hard,Ruud C.,Duckworth J.,9,80.0,1.33,3.4,1.36,3.45,1.36,3.6
2024-08-08,Canadian Open,2nd Round,Hard,Arnaldi M.,Khachanov K.,46,22.0,2.3,1.62,2.33,1.68,2.38,1.69
2024-08-08,Canadian Open,2nd Round,Hard,Zverev A.,Thompson J.,4,30.0,1.29,3.75,1.32,3.87,1.35,3.87
2024-08-08,Canadian Open,1st Round,Hard,Cobolli F.,Auger-Aliassime F.,33,19.0,4.0,1.25,4.07,1.28,4.07,1.31
2024-08-08,Canadian Open,2nd Round,Hard,Nishikori K.,Tsitsipas S.,576,11.0,4.33,1.22,4.79,1.23,4.79,1.25
2024-08-08,Canadian Open,2nd Round,Hard,Nakashima B.,Paul T.,52,12.0,3.2,1.36,3.37,1.37,3.37,1.42
2024-08-08,Canadian Open,2nd Round,Hard,Davidovich Fokina A.,Medvedev D.,42,5.0,5.0,1.17,5.32,1.2,5.32,1.21
2024-08-08,Canadian Open,2nd Round,Hard,Borges N.,Humbert U.,43,15.0,3.2,1.36,3.46,1.36,3.46,1.36
2024-08-08,Canadian Open,1st Round,Hard,Kokkinakis T.,Monfils G.,81,34.0,1.73,2.1,1.84,2.05,1.84,2.12
2024-08-08,Canadian Open,1st Round,Hard,Korda S.,Pospisil V.,18,610.0,1.07,9.0,1.07,11.43,1.09,11.43
2024-08-08,Canadian Open,2nd Round,Hard,Rublev A.,Etcheverry T.,8,38.0,1.29,3.75,1.35,3.55,1.35,3.75
2024-08-10,Canadian Open,3rd Round,Hard,Popyrin A.,Dimitrov G.,62,10.0,3.4,1.33,3.5,1.35,3.5,1.38
2024-08-10,Canadian Open,3rd Round,Hard,Korda S.,Ruud C.,18,9.0,1.8,2.0,1.81,2.1,1.83,2.1
2024-08-10,Canadian Open,3rd Round,Hard,Zverev A.,Rune H.,4,17.0,1.3,3.5,1.34,3.57,1.34,3.57
2024-08-10,Canadian Open,3rd Round,Hard,Hurkacz H.,Rinderknech A.,6,65.0,1.57,2.38,1.61,2.46,1.73,2.46
2024-08-10,Canadian Open,3rd Round,Hard,Nishikori K.,Borges N.,576,43.0,2.3,1.62,2.39,1.65,2.39,1.7
2024-08-10,Canadian Open,3rd Round,Hard,Sinner J.,Tabilo A.,1,21.0,1.06,10.0,1.08,11.12,1.09,11.12
2024-08-10,Canadian Open,3rd Round,Hard,Arnaldi M.,Davidovich Fokina A.,46,42.0,2.2,1.67,2.23,1.74,2.23,1.74
2024-08-10,Canadian Open,2nd Round,Hard,Rinderknech A.,Cobolli F.,65,33.0,2.38,1.57,2.41,1.64,2.41,1.64
2024-08-10,Canadian Open,2nd Round,Hard,Hurkacz H.,Kokkinakis T.,6,81.0,1.73,2.1,1.74,2.22,1.75,2.23
2024-08-10,Canadian Open,2nd Round,Hard,Korda S.,Fritz T.,18,13.0,2.3,1.62,2.45,1.62,2.48,1.67
2024-08-10,Canadian Open,3rd Round,Hard,Rublev A.,Nakashima B.,8,52.0,1.53,2.5,1.6,2.51,1.61,2.51
2024-08-11,Canadian Open,Semifinals,Hard,Rublev A.,Arnaldi M.,8,46.0,1.29,3.75,1.3,3.89,1.35,3.89
2024-08-11,Canadian Open,Quarterfinals,Hard,Popyrin A.,Hurkacz H.,62,6.0,2.3,1.62,2.34,1.68,2.46,1.72
2024-08-11,Canadian Open,Quarterfinals,Hard,Korda S.,Zverev A.,18,4.0,3.4,1.33,3.48,1.36,3.48,1.38
2024-08-11,Canadian Open,Quarterfinals,Hard,Rublev A.,Sinner J.,8,1.0,5.0,1.17,4.78,1.22,5.0,1.25
2024-08-11,Canadian Open,Quarterfinals,Hard,Arnaldi M.,Nishikori K.,46,576.0,1.5,2.63,1.54,2.63,1.57,2.63
2024-08-12,Canadian Open,Semifinals,Hard,Popyrin A.,Korda S.,62,18.0,3.0,1.4,3.35,1.37,3.35,1.41
2024-08-12,Western & Southern Financial Group Masters,1st Round,Hard,Cobolli F.,Paul T.,31,13.0,4.5,1.2,4.99,1.21,5.25,1.21
2024-08-13,Western & Southern Financial Group Masters,1st Round,Hard,Michelsen A.,Griekspoor T.,57,41.0,1.8,2.0,1.89,2.0,1.9,2.0
2024-08-13,Western & Southern Financial Group Masters,1st Round,Hard,Musetti L.,Jarry N.,18,25.0,1.4,3.0,1.44,3.0,1.44,3.1
2024-08-13,Western & Southern Financial Group Masters,1st Round,Hard,Nishioka Y.,Kecmanovic M.,52,51.0,1.8,2.0,1.85,2.04,1.91,2.04
2024-08-13,Western & Southern Financial Group Masters,1st Round,Hard,Thompson J.,Humbert U.,32,17.0,2.5,1.53,2.73,1.51,2.75,1.53
2024-08-13,Western & Southern Financial Group Masters,1st Round,Hard,Lehecka J.,Navone M.,35,38.0,1.36,3.2,1.38,3.3,1.39,3.33
2024-08-13,Western & Southern Financial Group Masters,1st Round,Hard,Shelton B.,Opelka R.,14,322.0,1.44,2.75,1.52,2.7,1.55,2.8
2024-08-13,Western & Southern Financial Group Masters,1st Round,Hard,Baez S.,Giron M.,20,45.0,2.38,1.57,2.46,1.61,2.48,1.65
2024-08-13,Western & Southern Financial Group Masters,1st Round,Hard,Darderi L.,Tabilo A.,34,21.0,3.2,1.36,3.26,1.38,3.39,1.38
2024-08-13,Western & Southern Financial Group Masters,1st Round,Hard,Zhang Zh.,Mpetshi G.,44,48.0,1.8,2.0,1.88,2.02,1.91,2.02
2024-08-13,Western & Southern Financial Group Masters,1st Round,Hard,Khachanov K.,Cerundolo F.,22,29.0,1.53,2.5,1.57,2.54,1.59,2.54
2024-08-13,Canadian Open,The Final,Hard,Popyrin A.,Rublev A.,62,8.0,3.4,1.33,3.18,1.41,3.4,1.41
2024-08-13,Western & Southern Financial Group Masters,1st Round,Hard,Tiafoe F.,Davidovich Fokina A.,27,53.0,1.67,2.2,1.74,2.2,1.74,2.22
2024-08-14,Western & Southern Financial Group Masters,2nd Round,Hard,Sinner J.,Michelsen A.,1,57.0,1.08,8.0,1.11,8.31,1.11,8.31
2024-08-14,Western & Southern Financial Group Masters,1st Round,Hard,Etcheverry T.,Arnaldi M.,37,30.0,2.1,1.73,2.1,1.81,2.16,1.81
2024-08-14,Western & Southern Financial Group Masters,1st Round,Hard,Carreno Busta P.,Korda S.,513,15.0,5.5,1.14,5.49,1.18,5.65,1.2
2024-08-14,Western & Southern Financial Group Masters,1st Round,Hard,Monfils G.,Popyrin A.,46,23.0,2.2,1.67,2.17,1.76,2.33,1.76
2024-08-14,Western & Southern Financial Group Masters,1st Round,Hard,Draper J.,Munar J.,28,89.0,1.25,4.0,1.29,3.98,1.3,4.2
2024-08-14,Western & Southern Financial Group Masters,1st Round,Hard,Purcell M.,Machac T.,68,40.0,2.75,1.44,2.81,1.48,2.81,1.5
2024-08-14,Western & Southern Financial Group Masters,1st Round,Hard,Rune H.,Berrettini M.,16,42.0,2.2,1.67,2.27,1.7,2.28,1.72
2024-08-14,Western & Southern Financial Group Masters,1st Round,Hard,Auger-Aliassime F.,Kovacevic A.,19,79.0,1.3,3.5,1.3,3.82,1.33,3.82
2024-08-14,Western & Southern Financial Group Masters,1st Round,Hard,Marozsan F.,Moutet C.,50,71.0,1.91,1.91,1.94,1.94,1.97,2.03
2024-08-14,Western & Southern Financial Group Masters,1st Round,Hard,Borges N.,Mannarino A.,39,33.0,1.33,3.4,1.38,3.26,1.41,3.4
2024-08-14,Western & Southern Financial Group Masters,1st Round,Hard,Fils A.,Holt B.,24,227.0,1.2,4.5,1.21,4.87,1.21,4.88
2024-08-14,Western & Southern Financial Group Masters,1st Round,Hard,Nakashima B.,Fritz T.,49,12.0,3.4,1.33,3.29,1.38,3.4,1.38
2024-08-14,Western & Southern Financial Group Masters,1st Round,Hard,Tsitsipas S.,Struff J.L.,11,36.0,1.53,2.5,1.56,2.59,1.56,2.65
2024-08-15,Western & Southern Financial Group Masters,2nd Round,Hard,Marozsan F.,Dimitrov G.,50,9.0,4.0,1.25,4.24,1.27,4.24,1.29
2024-08-15,Western & Southern Financial Group Masters,2nd Round,Hard,Draper J.,Tsitsipas S.,28,11.0,2.38,1.57,2.5,1.6,2.51,1.7
2024-08-15,Western & Southern Financial Group Masters,2nd Round,Hard,Rune H.,Borges N.,16,39.0,1.36,3.2,1.44,3.05,1.44,3.2
2024-08-15,Western & Southern Financial Group Masters,2nd Round,Hard,Nakashima B.,Fils A.,49,24.0,1.73,2.1,1.84,2.08,1.84,2.12
2024-08-15,Western & Southern Financial Group Masters,2nd Round,Hard,Rublev A.,Zhang Zh.,6,44.0,1.33,3.4,1.38,3.31,1.4,3.4
2024-08-15,Western & Southern Financial Group Masters,2nd Round,Hard,Carreno Busta P.,Purcell M.,513,68.0,1.8,2.0,1.83,2.09,1.87,2.12
2024-08-15,Western & Southern Financial Group Masters,2nd Round,Hard,Shelton B.,Etcheverry T.,14,37.0,1.4,3.0,1.44,3.01,1.46,3.01
2024-08-15,Western & Southern Financial Group Masters,2nd Round,Hard,Cobolli F.,Darderi L.,31,34.0,1.53,2.5,1.55,2.64,1.59,2.64
2024-08-15,Western & Southern Financial Group Masters,2nd Round,Hard,Tiafoe F.,Musetti L.,27,18.0,1.91,1.91,1.94,1.96,1.97,1.97
2024-08-15,Western & Southern Financial Group Masters,2nd Round,Hard,Thompson J.,Baez S.,32,20.0,1.5,2.63,1.53,2.71,1.56,2.75
2024-08-15,Western & Southern Financial Group Masters,2nd Round,Hard,Zverev A.,Khachanov K.,4,22.0,1.25,4.0,1.25,4.4,1.28,4.4
2024-08-15,Western & Southern Financial Group Masters,2nd Round,Hard,Hurkacz H.,Nishioka Y.,7,52.0,1.44,2.75,1.49,2.84,1.49,2.9
2024-08-15,Western & Southern Financial Group Masters,2nd Round,Hard,Lehecka J.,Medvedev D.,35,5.0,4.5,1.2,4.29,1.26,4.5,1.26
2024-08-16,Western & Southern Financial Group Masters,3rd Round,Hard,Rune H.,Monfils G.,16,46.0,1.36,3.2,1.4,3.17,1.43,3.2
2024-08-16,Western & Southern Financial Group Masters,3rd Round,Hard,Shelton B.,Marozsan F.,14,50.0,1.5,2.63,1.57,2.58,1.57,2.63
2024-08-16,Western & Southern Financial Group Masters,3rd Round,Hard,Sinner J.,Thompson J.,1,32.0,1.13,6.0,1.13,7.27,1.14,7.27
2024-08-16,Western & Southern Financial Group Masters,3rd Round,Hard,Hurkacz H.,Cobolli F.,7,31.0,1.62,2.3,1.67,2.43,1.67,2.43
2024-08-16,Western & Southern Financial Group Masters,3rd Round,Hard,Zverev A.,Carreno Busta P.,4,513.0,1.11,6.5,1.09,9.99,1.13,9.99
2024-08-16,Western & Southern Financial Group Masters,2nd Round,Hard,Auger-Aliassime F.,Ruud C.,19,8.0,1.62,2.3,1.65,2.39,1.68,2.39
2024-08-16,Western & Southern Financial Group Masters,2nd Round,Hard,Monfils G.,Alcaraz C.,46,3.0,9.0,1.07,10.76,1.08,10.76,1.08
2024-08-16,Western & Southern Financial Group Masters,3rd Round,Hard,Rublev A.,Nakashima B.,6,49.0,1.4,3.0,1.47,2.92,1.47,3.0
2024-08-17,Western & Southern Financial Group Masters,3rd Round,Hard,Draper J.,Auger-Aliassime F.,28,19.0,2.1,1.73,2.26,1.71,2.27,1.74
2024-08-17,Western & Southern Financial Group Masters,3rd Round,Hard,Tiafoe F.,Lehecka J.,27,35.0,1.8,2.0,1.78,2.16,1.9,2.16
2024-08-17,Western & Southern Financial Group Masters,Quarterfinals,Hard,Sinner J.,Rublev A.,1,6.0,1.3,3.5,1.34,3.6,1.34,3.66
2024-08-17,Western & Southern Financial Group Masters,Quarterfinals,Hard,Zverev A.,Shelton B.,4,14.0,1.3,3.5,1.31,3.82,1.31,3.82
2024-08-18,Winston-Salem Open at Wake Forest University,1st Round,Hard,Fucsovics M.,Daniel T.,79,88.0,1.4,3.0,1.47,2.89,1.48,3.0
2024-08-18,Winston-Salem Open at Wake Forest University,1st Round,Hard,Bergs Z.,Opelka R.,85,323.0,2.2,1.67,2.2,1.74,2.26,1.74
2024-08-18,Winston-Salem Open at Wake Forest University,1st Round,Hard,Cazaux A.,Van De Zandschulp B.,97,73.0,1.8,2.0,1.94,1.94,1.99,2.0
2024-08-18,Winston-Salem Open at Wake Forest University,1st Round,Hard,Vukic A.,Evans D.,94,187.0,1.53,2.5,1.63,2.4,1.63,2.6
2024-08-18,Winston-Salem Open at Wake Forest University,1st Round,Hard,Coric B.,Nagal S.,87,72.0,1.33,3.4,1.39,3.21,1.4,3.4
2024-08-18,Western & Southern Financial Group Masters,Semifinals,Hard,Sinner J.,Zverev A.,1,4.0,1.5,2.63,1.62,2.47,1.65,2.65
2024-08-18,Western & Southern Financial Group Masters,Quarterfinals,Hard,Rune H.,Draper J.,16,28.0,1.8,2.0,1.83,2.1,1.86,2.12
2024-08-18,Western & Southern Financial Group Masters,Quarterfinals,Hard,Tiafoe F.,Hurkacz H.,27,7.0,2.2,1.67,2.25,1.72,2.25,1.73
2024-08-19,Western & Southern Financial Group Masters,Semifinals,Hard,Tiafoe F.,Rune H.,27,16.0,2.38,1.57,2.5,1.6,2.53,1.62
2024-08-19,Winston-Salem Open at Wake Forest University,2nd Round,Hard,Hijikata R.,Cazaux A.,65,97.0,2.3,1.62,2.43,1.62,2.43,1.63
2024-08-19,Winston-Salem Open at Wake Forest University,1st Round,Hard,Carreno Busta P.,Kumar O.,300,434.0,1.14,5.5,1.17,5.86,1.17,5.86
2024-08-19,Winston-Salem Open at Wake Forest University,1st Round,Hard,Goffin D.,Munar J.,90,82.0,1.73,2.1,1.81,2.09,1.85,2.13
2024-08-19,Winston-Salem Open at Wake Forest University,1st Round,Hard,Tien L.,Schoolkate T.,231,196.0,1.44,2.75,1.46,2.92,1.5,2.92
2024-08-19,Winston-Salem Open at Wake Forest University,1st Round,Hard,O Connell C.,Kirchheimer S.,86,512.0,1.11,6.5,1.12,7.24,1.12,7.85
2024-08-19,Western & Southern Financial Group Masters,The Final,Hard,Sinner J.,Tiafoe F.,1,27.0,1.22,4.33,1.26,4.38,1.29,4.38
2024-08-19,Winston-Salem Open at Wake Forest University,1st Round,Hard,Svajda Z.,Djere L.,107,100.0,1.91,1.91,1.89,2.0,1.91,2.0
2024-08-19,Winston-Salem Open at Wake Forest University,1st Round,Hard,Shang J.,Comesana F.,77,108.0,1.25,4.0,1.24,4.48,1.26,4.48
2024-08-19,Winston-Salem Open at Wake Forest University,1st Round,Hard,Muller A.,Lestienne C.,76,110.0,1.4,3.0,1.43,3.0,1.5,3.25
2024-08-19,Winston-Salem Open at Wake Forest University,1st Round,Hard,Eubanks C.,Walton A.,120,96.0,1.62,2.3,1.76,2.17,1.76,2.3
2024-08-19,Winston-Salem Open at Wake Forest University,1st Round,Hard,Seyboth Wild T.,Duckworth J.,69,70.0,2.1,1.73,2.11,1.8,2.12,1.8
2024-08-19,Winston-Salem Open at Wake Forest University,1st Round,Hard,Stricker D.,Coria F.,182,78.0,1.4,3.0,1.32,3.67,1.4,3.67
2024-08-20,Winston-Salem Open at Wake Forest University,2nd Round,Hard,Shang J.,Navone M.,77,37.0,1.22,4.33,1.23,4.68,1.25,4.68
2024-08-20,Winston-Salem Open at Wake Forest University,2nd Round,Hard,Coric B.,Baez S.,87,21.0,1.73,2.1,1.71,2.24,1.75,2.24
2024-08-20,Winston-Salem Open at Wake Forest University,2nd Round,Hard,Carreno Busta P.,Shevchenko A.,300,60.0,1.4,3.0,1.4,3.2,1.44,3.2
2024-08-20,Winston-Salem Open at Wake Forest University,2nd Round,Hard,Tien L.,Marozsan F.,231,49.0,2.5,1.53,2.55,1.57,2.55,1.57
2024-08-20,Winston-Salem Open at Wake Forest University,2nd Round,Hard,Eubanks C.,Gaston H.,120,61.0,1.62,2.3,1.71,2.25,1.71,2.32
2024-08-20,Winston-Salem Open at Wake Forest University,2nd Round,Hard,Sonego L.,Stricker D.,58,182.0,1.62,2.3,1.75,2.19,1.8,2.31
2024-08-20,Winston-Salem Open at Wake Forest University,2nd Round,Hard,Svajda Z.,Cerundolo F.,107,29.0,2.75,1.44,2.77,1.5,2.92,1.5
2024-08-20,Winston-Salem Open at Wake Forest University,2nd Round,Hard,Kotov P.,Muller A.,63,76.0,2.3,1.62,2.4,1.63,2.4,1.67
2024-08-20,Winston-Salem Open at Wake Forest University,2nd Round,Hard,Rinderknech A.,O Connell C.,56,86.0,1.67,2.2,1.59,2.5,1.67,2.5
2024-08-20,Winston-Salem Open at Wake Forest University,2nd Round,Hard,Seyboth Wild T.,Borges N.,69,35.0,2.63,1.5,2.72,1.51,2.72,1.53
2024-08-20,Winston-Salem Open at Wake Forest University,2nd Round,Hard,Vukic A.,Mannarino A.,94,42.0,1.57,2.38,1.69,2.29,1.69,2.43
2024-08-20,Winston-Salem Open at Wake Forest University,1st Round,Hard,Moutet C.,Mejia N.,68,236.0,1.2,4.5,1.3,3.81,1.3,4.5
2024-08-20,Winston-Salem Open at Wake Forest University,2nd Round,Hard,Goffin D.,Darderi L.,90,38.0,1.67,2.2,1.79,2.12,1.8,2.2
2024-08-21,Winston-Salem Open at Wake Forest University,2nd Round,Hard,Bergs Z.,Etcheverry T.,85,34.0,2.1,1.73,2.03,1.86,2.23,1.86
2024-08-21,Winston-Salem Open at Wake Forest University,2nd Round,Hard,Michelsen A.,Fucsovics M.,52,79.0,1.73,2.1,1.76,2.17,1.76,2.24
2024-08-21,Winston-Salem Open at Wake Forest University,2nd Round,Hard,Safiullin R.,Moutet C.,59,68.0,1.62,2.3,1.7,2.27,1.7,2.31
2024-08-21,Winston-Salem Open at Wake Forest University,3rd Round,Hard,Kotov P.,Svajda Z.,63,107.0,2.1,1.73,2.16,1.78,2.17,1.82
2024-08-21,Winston-Salem Open at Wake Forest University,3rd Round,Hard,Goffin D.,Rinderknech A.,90,56.0,1.91,1.91,2.05,1.86,2.07,1.91
2024-08-21,Winston-Salem Open at Wake Forest University,3rd Round,Hard,Sonego L.,Shang J.,58,77.0,2.3,1.62,,,2.3,1.65
2024-08-21,Winston-Salem Open at Wake Forest University,3rd Round,Hard,Hijikata R.,Coric B.,65,87.0,3.0,1.4,2.92,1.47,3.01,1.47
2024-08-21,Winston-Salem Open at Wake Forest University,3rd Round,Hard,Tien L.,Seyboth Wild T.,231,69.0,2.0,1.8,2.06,1.85,2.12,1.88
2024-08-22,Winston-Salem Open at Wake Forest University,Quarterfinals,Hard,Michelsen A.,Eubanks C.,52,120.0,1.33,3.4,1.34,3.56,1.36,3.6
2024-08-22,Winston-Salem Open at Wake Forest University,Quarterfinals,Hard,Goffin D.,Hijikata R.,90,65.0,1.4,3.0,1.44,3.03,1.49,3.03
2024-08-22,Winston-Salem Open at Wake Forest University,Quarterfinals,Hard,Sonego L.,Kotov P.,58,63.0,1.8,2.0,1.85,2.06,1.88,2.1
2024-08-22,Winston-Salem Open at Wake Forest University,3rd Round,Hard,Michelsen A.,Bergs Z.,52,85.0,1.44,2.75,1.46,2.95,1.54,2.96
2024-08-22,Winston-Salem Open at Wake Forest University,3rd Round,Hard,Eubanks C.,Safiullin R.,120,59.0,3.0,1.4,2.96,1.46,3.0,1.48
2024-08-22,Winston-Salem Open at Wake Forest University,3rd Round,Hard,Carreno Busta P.,Vukic A.,300,94.0,1.44,2.75,1.51,2.77,1.51,2.86
2024-08-23,Winston-Salem Open at Wake Forest University,Quarterfinals,Hard,Carreno Busta P.,Tien L.,300,231.0,1.5,2.63,1.55,2.64,1.57,2.75
2024-08-23,Winston-Salem Open at Wake Forest University,Semifinals,Hard,Sonego L.,Goffin D.,58,90.0,2.3,1.62,2.34,1.68,2.4,1.7
2024-08-23,Winston-Salem Open at Wake Forest University,Semifinals,Hard,Michelsen A.,Carreno Busta P.,52,300.0,2.0,1.8,2.0,1.91,2.06,1.92
2024-08-24,Winston-Salem Open at Wake Forest University,The Final,Hard,Sonego L.,Michelsen A.,58,52.0,2.5,1.53,2.6,1.56,2.63,1.6
2024-08-26,US Open,1st Round,Hard,Cerundolo F.,Ofner S.,29,58.0,1.36,3.2,1.37,3.38,1.39,3.45
2024-08-26,US Open,1st Round,Hard,Kecmanovic M.,Nishioka Y.,54,53.0,2.0,1.8,2.09,1.83,2.22,1.84
2024-08-26,US Open,1st Round,Hard,Etcheverry T.,Mpetshi G.,33,52.0,1.62,2.3,1.65,2.38,1.71,2.38
2024-08-26,US Open,1st Round,Hard,Muller A.,Walton A.,77,95.0,1.5,2.63,1.47,2.91,1.5,2.91
2024-08-26,US Open,1st Round,Hard,Monfils G.,Schwartzman D.,45,244.0,1.2,4.5,1.21,5.01,1.24,5.01
2024-08-26,US Open,1st Round,Hard,Rinderknech A.,Eubanks C.,56,106.0,1.67,2.2,1.67,2.35,1.71,2.35
2024-08-26,US Open,1st Round,Hard,Shevchenko A.,Koepfer D.,61,83.0,2.38,1.57,2.54,1.58,2.57,1.6
2024-08-26,US Open,1st Round,Hard,Hijikata R.,Davidovich Fokina A.,62,59.0,3.4,1.33,3.43,1.36,3.43,1.36
2024-08-26,US Open,1st Round,Hard,Nakashima B.,Rune H.,50,15.0,2.5,1.53,2.65,1.55,2.67,1.61
2024-08-26,US Open,1st Round,Hard,Baez S.,Darderi L.,23,37.0,1.73,2.1,1.71,2.27,1.74,2.27
2024-08-26,US Open,1st Round,Hard,Dimitrov G.,Jacquet K.,9,209.0,1.05,11.0,1.07,12.22,1.07,13.05
2024-08-26,US Open,1st Round,Hard,Lehecka J.,Fucsovics M.,38,81.0,1.5,2.63,1.52,2.74,1.53,2.87
2024-08-26,US Open,1st Round,Hard,Musetti L.,Opelka R.,18,324.0,1.44,2.75,1.4,3.22,1.46,3.22
2024-08-26,US Open,1st Round,Hard,Fritz T.,Ugo Carabelli C.,12,93.0,1.01,29.0,1.02,36.25,1.02,36.25
2024-08-26,US Open,1st Round,Hard,Rublev A.,Seyboth Wild T.,6,68.0,1.08,8.0,1.1,8.64,1.1,8.64
2024-08-26,US Open,1st Round,Hard,Zverev A.,Marterer M.,4,100.0,1.03,17.0,1.02,27.72,1.04,27.72
2024-08-26,US Open,1st Round,Hard,Bautista Agut R.,Nardi L.,67,90.0,1.22,4.33,1.28,4.1,1.28,4.34
2024-08-26,US Open,1st Round,Hard,Humbert U.,Monteiro T.,17,75.0,1.13,6.0,1.13,7.11,1.15,7.11
2024-08-26,US Open,1st Round,Hard,Krueger M.,Grenier H.,179,173.0,1.8,2.0,1.73,2.25,1.8,2.34
2024-08-26,US Open,1st Round,Hard,Carballes Baena R.,Choinski J.,55,276.0,1.5,2.63,1.47,2.89,1.51,2.89
2024-08-26,US Open,1st Round,Hard,Comesana F.,Stricker D.,108,169.0,3.2,1.36,3.45,1.36,3.47,1.41
2024-08-26,US Open,1st Round,Hard,Shelton B.,Thiem D.,13,210.0,1.07,9.0,1.07,12.22,1.08,12.22
2024-08-26,US Open,1st Round,Hard,Berrettini M.,Ramos-Vinolas A.,44,122.0,1.01,26.0,1.02,28.24,1.03,28.24
2024-08-26,US Open,1st Round,Hard,Ruud C.,Bu Y.,8,123.0,1.25,4.0,1.25,4.46,1.26,4.46
2024-08-26,US Open,1st Round,Hard,Popyrin A.,Kwon S.W.,28,340.0,1.1,7.0,1.12,7.54,1.14,7.65
2024-08-26,US Open,1st Round,Hard,Martinez P.,Kasnikowski M.,43,194.0,1.8,2.0,1.85,2.07,1.89,2.07
2024-08-26,US Open,1st Round,Hard,Shang J.,Bublik A.,72,27.0,1.67,2.2,1.71,2.27,1.74,2.33
2024-08-27,US Open,1st Round,Hard,Fils A.,Tien L.,24,191.0,1.3,3.75,1.35,3.5,1.38,3.75
2024-08-27,US Open,1st Round,Hard,Sinner J.,Mcdonald M.,1,140.0,1.01,23.0,1.02,28.96,1.02,28.96
2024-08-27,US Open,1st Round,Hard,Arnaldi M.,Svajda Z.,30,102.0,1.3,3.5,1.38,3.33,1.41,3.6
2024-08-27,US Open,1st Round,Hard,Borges N.,Coria F.,34,79.0,1.11,6.5,1.1,8.73,1.11,8.9
2024-08-27,US Open,1st Round,Hard,Diaz Acosta F.,Gaston H.,64,63.0,2.38,1.57,2.33,1.68,2.4,1.68
2024-08-27,US Open,1st Round,Hard,De Minaur A.,Giron M.,10,46.0,1.29,3.75,1.26,4.34,1.31,4.34
2024-08-27,US Open,1st Round,Hard,Medvedev D.,Lajovic D.,5,66.0,1.04,13.0,1.06,14.11,1.07,14.11
2024-08-27,US Open,1st Round,Hard,Bergs Z.,Kotov P.,80,60.0,1.8,2.0,1.75,2.21,1.8,2.21
2024-08-27,US Open,1st Round,Hard,Purcell M.,Vukic A.,97,92.0,2.2,1.67,2.19,1.76,2.23,1.8
2024-08-27,US Open,1st Round,Hard,Cobolli F.,Duckworth J.,31,70.0,1.3,3.5,1.32,3.75,1.35,3.75
2024-08-27,US Open,1st Round,Hard,Marozsan F.,Medjedovic H.,51,137.0,1.73,2.1,1.79,2.14,1.79,2.2
2024-08-27,US Open,1st Round,Hard,Diallo G.,Munar J.,143,84.0,1.91,1.91,1.98,1.93,1.98,1.98
2024-08-27,US Open,1st Round,Hard,Safiullin R.,Forbes M.,57,1848.0,1.01,34.0,1.02,37.61,1.02,37.61
2024-08-27,US Open,1st Round,Hard,O Connell C.,Jarry N.,87,26.0,2.75,1.44,2.84,1.49,2.84,1.5
2024-08-27,US Open,1st Round,Hard,Van De Zandschulp B.,Shapovalov D.,74,105.0,3.5,1.3,3.78,1.32,4.05,1.33
2024-08-27,US Open,1st Round,Hard,Draper J.,Zhang Zh.,25,41.0,1.25,4.0,1.31,3.85,1.33,4.01
2024-08-27,US Open,1st Round,Hard,Korda S.,Moutet C.,16,69.0,1.22,4.33,1.23,4.74,1.25,4.74
2024-08-27,US Open,1st Round,Hard,Michelsen A.,Spizzirri E.,49,341.0,1.22,4.33,1.24,4.63,1.27,4.73
2024-08-27,US Open,1st Round,Hard,Tiafoe F.,Kovacevic A.,20,76.0,1.14,5.5,1.16,6.33,1.18,6.33
2024-08-27,US Open,1st Round,Hard,Djere L.,Struff J.L.,109,35.0,4.33,1.22,4.49,1.25,4.49,1.29
2024-08-27,US Open,1st Round,Hard,Cazaux A.,Carreno Busta P.,91,213.0,2.38,1.57,2.47,1.61,2.47,1.64
2024-08-27,US Open,1st Round,Hard,Mannarino A.,Coric B.,42,98.0,3.75,1.29,3.66,1.33,3.75,1.35
2024-08-27,US Open,1st Round,Hard,Djokovic N.,Albot R.,2,138.0,1.01,29.0,1.01,57.63,1.02,57.63
2024-08-27,US Open,1st Round,Hard,Hurkacz H.,Skatov T.,7,188.0,1.14,5.5,1.16,6.27,1.17,6.27
2024-08-27,US Open,1st Round,Hard,Goffin D.,Tabilo A.,78,21.0,2.2,1.67,2.35,1.67,2.35,1.68
2024-08-27,US Open,1st Round,Hard,Griekspoor T.,Nagal S.,40,73.0,1.2,4.5,1.23,4.79,1.24,4.79
2024-08-27,US Open,1st Round,Hard,Navone M.,Altmaier D.,36,89.0,2.38,1.57,2.34,1.68,2.4,1.72
2024-08-27,US Open,1st Round,Hard,Kokkinakis T.,Tsitsipas S.,86,11.0,3.2,1.36,3.15,1.43,3.37,1.43
2024-08-27,US Open,1st Round,Hard,Schoolkate T.,Daniel T.,193,88.0,2.38,1.57,2.53,1.59,2.53,1.62
2024-08-27,US Open,1st Round,Hard,Mensik J.,Auger-Aliassime F.,65,19.0,4.0,1.25,4.14,1.28,4.25,1.29
2024-08-27,US Open,1st Round,Hard,Virtanen O.,Halys Q.,125,119.0,2.0,1.8,2.11,1.81,2.19,1.82
2024-08-27,US Open,1st Round,Hard,Machac T.,Fognini F.,39,71.0,1.2,4.5,1.24,4.54,1.26,4.54
2024-08-27,US Open,1st Round,Hard,Evans D.,Khachanov K.,184,22.0,4.33,1.22,4.56,1.24,4.56,1.26
2024-08-27,US Open,1st Round,Hard,Thompson J.,Lestienne C.,32,111.0,1.13,6.0,1.14,6.7,1.15,6.7
2024-08-28,US Open,2nd Round,Hard,Ruud C.,Monfils G.,8,45.0,1.5,2.63,1.56,2.58,1.56,2.68
2024-08-28,US Open,2nd Round,Hard,Musetti L.,Kecmanovic M.,18,54.0,1.4,3.0,1.45,2.99,1.45,3.21
2024-08-28,US Open,2nd Round,Hard,Shelton B.,Bautista Agut R.,13,67.0,1.17,5.0,1.19,5.44,1.2,5.44
2024-08-28,US Open,2nd Round,Hard,Popyrin A.,Martinez P.,28,43.0,1.17,5.0,1.2,5.3,1.2,5.36
2024-08-28,US Open,2nd Round,Hard,Shang J.,Carballes Baena R.,72,55.0,1.33,3.4,1.36,3.44,1.36,3.6
2024-08-28,US Open,2nd Round,Hard,Comesana F.,Humbert U.,108,17.0,8.0,1.08,7.51,1.12,8.01,1.12
2024-08-28,US Open,2nd Round,Hard,Rublev A.,Rinderknech A.,6,56.0,1.13,6.0,1.14,6.76,1.14,7.0
2024-08-28,US Open,2nd Round,Hard,Zverev A.,Muller A.,4,77.0,1.03,17.0,1.05,15.64,1.06,17.6
2024-08-28,US Open,2nd Round,Hard,Tiafoe F.,Shevchenko A.,20,61.0,1.14,5.5,1.17,6.01,1.17,6.01
2024-08-28,US Open,2nd Round,Hard,Griekspoor T.,Baez S.,40,23.0,1.57,2.38,1.54,2.68,1.57,2.68
2024-08-28,US Open,2nd Round,Hard,Dimitrov G.,Hijikata R.,9,62.0,1.07,9.0,1.12,7.95,1.12,9.0
2024-08-28,US Open,2nd Round,Hard,Etcheverry T.,Cerundolo F.,33,29.0,1.8,2.0,1.74,2.23,1.8,2.23
2024-08-28,US Open,2nd Round,Hard,Lehecka J.,Krueger M.,38,179.0,1.22,4.33,1.23,4.73,1.23,4.75
2024-08-28,US Open,1st Round,Hard,Paul T.,Sonego L.,14,48.0,1.22,4.33,1.24,4.65,1.26,4.65
2024-08-28,US Open,1st Round,Hard,Alcaraz C.,Tu L.,3,186.0,1.0,51.0,1.01,47.27,1.01,53.38
2024-08-28,US Open,1st Round,Hard,Bellucci M.,Wawrinka S.,101,176.0,1.4,3.0,1.4,3.2,1.47,3.2
2024-08-28,US Open,2nd Round,Hard,Nakashima B.,Cazaux A.,50,91.0,1.29,3.75,1.29,4.04,1.3,4.04
2024-08-29,US Open,2nd Round,Hard,Paul T.,Purcell M.,14,97.0,1.08,8.0,1.11,8.34,1.13,8.5
2024-08-29,US Open,2nd Round,Hard,Evans D.,Navone M.,184,36.0,2.0,1.8,1.93,1.97,2.0,1.97
2024-08-29,US Open,2nd Round,Hard,Mensik J.,Schoolkate T.,65,193.0,1.17,5.0,1.23,4.73,1.27,5.0
2024-08-29,US Open,2nd Round,Hard,Diallo G.,Fils A.,143,24.0,3.4,1.33,3.45,1.36,3.5,1.36
2024-08-29,US Open,2nd Round,Hard,Cobolli F.,Bergs Z.,31,80.0,1.53,2.5,1.56,2.59,1.6,2.6
2024-08-29,US Open,2nd Round,Hard,De Minaur A.,Virtanen O.,10,125.0,1.22,4.33,1.27,4.21,1.27,4.4
2024-08-29,US Open,2nd Round,Hard,Draper J.,Diaz Acosta F.,25,64.0,1.07,9.0,1.1,8.81,1.1,9.02
2024-08-29,US Open,2nd Round,Hard,Goffin D.,Mannarino A.,78,42.0,1.36,3.2,1.38,3.35,1.39,3.43
2024-08-29,US Open,2nd Round,Hard,Thompson J.,Hurkacz H.,32,7.0,2.63,1.5,2.53,1.59,2.77,1.59
2024-08-29,US Open,2nd Round,Hard,Sinner J.,Michelsen A.,1,49.0,1.04,13.0,1.05,15.93,1.05,15.93
2024-08-29,US Open,2nd Round,Hard,O Connell C.,Bellucci M.,87,101.0,3.0,1.4,3.1,1.42,3.11,1.42
2024-08-29,US Open,2nd Round,Hard,Machac T.,Korda S.,39,16.0,3.4,1.33,3.69,1.33,3.69,1.34
2024-08-29,US Open,2nd Round,Hard,Arnaldi M.,Safiullin R.,30,57.0,1.67,2.2,1.79,2.15,1.84,2.22
2024-08-29,US Open,2nd Round,Hard,Djokovic N.,Djere L.,2,109.0,1.02,21.0,1.02,31.6,1.02,31.6
2024-08-29,US Open,2nd Round,Hard,Fritz T.,Berrettini M.,12,44.0,1.53,2.5,1.57,2.57,1.57,2.57
2024-08-29,US Open,2nd Round,Hard,Borges N.,Kokkinakis T.,34,86.0,2.1,1.73,2.19,1.76,2.27,1.8
2024-08-30,US Open,3rd Round,Hard,Nakashima B.,Musetti L.,50,18.0,1.62,2.3,1.69,2.3,1.69,2.38
2024-08-30,US Open,3rd Round,Hard,Ruud C.,Shang J.,8,72.0,1.36,3.2,1.44,3.05,1.44,3.37
2024-08-30,US Open,3rd Round,Hard,Fritz T.,Comesana F.,12,108.0,1.03,15.0,1.05,15.33,1.05,15.33
2024-08-30,US Open,3rd Round,Hard,Dimitrov G.,Griekspoor T.,9,40.0,1.2,4.5,1.21,5.05,1.24,5.05
2024-08-30,US Open,3rd Round,Hard,Rublev A.,Lehecka J.,6,38.0,1.33,3.4,1.35,3.5,1.37,3.5
2024-08-30,US Open,2nd Round,Hard,Van De Zandschulp B.,Alcaraz C.,74,3.0,29.0,1.01,32.02,1.02,33.86,1.03
2024-08-30,US Open,2nd Round,Hard,Medvedev D.,Marozsan F.,5,51.0,1.1,7.0,1.11,8.03,1.12,8.19
2024-08-30,US Open,3rd Round,Hard,Tiafoe F.,Shelton B.,20,13.0,2.3,1.62,2.45,1.62,2.45,1.66
2024-08-31,US Open,3rd Round,Hard,Thompson J.,Arnaldi M.,32,30.0,1.91,1.91,1.85,2.06,1.91,2.06
2024-08-31,US Open,3rd Round,Hard,Paul T.,Diallo G.,14,143.0,1.1,7.0,1.12,7.84,1.13,8.0
2024-08-31,US Open,3rd Round,Hard,Sinner J.,O Connell C.,1,87.0,1.01,26.0,1.03,21.16,1.03,26.0
2024-08-31,US Open,3rd Round,Hard,Borges N.,Mensik J.,34,65.0,1.57,2.38,1.63,2.44,1.63,2.44
2024-08-31,US Open,3rd Round,Hard,Machac T.,Goffin D.,39,78.0,1.53,2.5,1.65,2.4,1.67,2.51
2024-08-31,US Open,3rd Round,Hard,Zverev A.,Etcheverry T.,4,33.0,1.04,13.0,1.07,11.58,1.07,13.0
2024-08-31,US Open,3rd Round,Hard,Popyrin A.,Djokovic N.,28,2.0,6.0,1.13,6.25,1.16,6.46,1.16
2024-08-31,US Open,3rd Round,Hard,Draper J.,Van De Zandschulp B.,25,74.0,1.25,4.0,1.28,4.11,1.31,4.25
2024-09-01,US Open,3rd Round,Hard,De Minaur A.,Evans D.,10,184.0,1.14,5.5,1.16,6.24,1.18,6.24
2024-09-01,US Open,3rd Round,Hard,Medvedev D.,Cobolli F.,5,31.0,1.13,6.0,1.11,8.01,1.17,8.01
2024-09-01,US Open,4th Round,Hard,Dimitrov G.,Rublev A.,9,6.0,2.0,1.8,2.03,1.88,2.14,1.91
2024-09-01,US Open,4th Round,Hard,Fritz T.,Ruud C.,12,8.0,1.36,3.2,1.35,3.52,1.4,3.52
2024-09-01,US Open,4th Round,Hard,Zverev A.,Nakashima B.,4,50.0,1.22,4.33,1.26,4.38,1.26,4.38
2024-09-02,US Open,4th Round,Hard,Medvedev D.,Borges N.,5,34.0,1.1,7.0,1.1,8.9,1.11,8.9
2024-09-02,US Open,4th Round,Hard,Tiafoe F.,Popyrin A.,20,28.0,1.91,1.91,2.01,1.89,2.01,2.02
2024-09-02,US Open,4th Round,Hard,Draper J.,Machac T.,25,39.0,1.44,2.75,1.45,2.98,1.52,2.98
2024-09-02,US Open,4th Round,Hard,De Minaur A.,Thompson J.,10,32.0,1.25,4.0,1.27,4.22,1.29,4.26
2024-09-03,US Open,Quarterfinals,Hard,Fritz T.,Zverev A.,12,4.0,2.5,1.53,2.49,1.61,2.63,1.61
2024-09-03,US Open,4th Round,Hard,Sinner J.,Paul T.,1,14.0,1.14,5.5,1.15,6.57,1.17,6.61
2024-09-04,US Open,Quarterfinals,Hard,Tiafoe F.,Dimitrov G.,20,9.0,2.38,1.57,2.44,1.63,2.44,1.66
2024-09-04,US Open,Quarterfinals,Hard,Draper J.,De Minaur A.,25,10.0,2.2,1.67,2.33,1.68,2.33,1.73
2024-09-05,US Open,Quarterfinals,Hard,Sinner J.,Medvedev D.,1,5.0,1.36,3.2,1.36,3.44,1.4,3.52
2024-09-06,US Open,Semifinals,Hard,Sinner J.,Draper J.,1,25.0,1.17,5.0,1.16,6.2,1.18,6.2
2024-09-07,US Open,Semifinals,Hard,Fritz T.,Tiafoe F.,12,20.0,1.33,3.4,1.34,3.6,1.37,3.6
2024-09-08,US Open,The Final,Hard,Sinner J.,Fritz T.,1,12.0,1.25,4.0,1.26,4.37,1.28,4.5
2024-09-18,Hangzhou Open,1st Round,Hard,Kukushkin M.,Darderi L.,112,41.0,2.2,1.67,2.27,1.7,2.27,1.72
2024-09-18,Hangzhou Open,1st Round,Hard,Cilic M.,Svajda Z.,777,135.0,1.73,2.1,1.81,2.1,1.82,2.1
2024-09-18,Hangzhou Open,1st Round,Hard,Marozsan F.,Nardi L.,49,87.0,1.5,2.63,1.46,2.92,1.54,2.95
2024-09-18,Chengdu Open,1st Round,Hard,Daniel T.,Sonego L.,90,50.0,3.5,1.3,3.48,1.34,3.53,1.34
2024-09-18,Chengdu Open,1st Round,Hard,Klein L.,Walton A.,127,94.0,1.73,2.1,1.71,2.23,1.74,2.27
2024-09-18,Chengdu Open,1st Round,Hard,Mpetshi G.,Sun F.,51,359.0,1.17,5.0,1.17,5.4,1.18,6.0
2024-09-19,Hangzhou Open,1st Round,Hard,Bellucci M.,Karatsev A.,108,115.0,1.73,2.1,1.77,2.16,1.77,2.18
2024-09-19,Hangzhou Open,1st Round,Hard,Wong C.,Wu Y.,141,566.0,2.3,1.62,2.37,1.65,2.37,1.65
2024-09-19,Hangzhou Open,1st Round,Hard,Uchiyama Y.,Mccabe J.,160,302.0,1.4,3.0,,,1.46,3.0
2024-09-19,Hangzhou Open,1st Round,Hard,Carballes Baena R.,Moutet C.,55,69.0,2.3,1.62,2.4,1.63,2.4,1.8
2024-09-19,Hangzhou Open,1st Round,Hard,Shevchenko A.,Trungelliti M.,58,138.0,1.73,2.1,1.78,2.14,1.78,2.29
2024-09-19,Hangzhou Open,1st Round,Hard,Bu Y.,Gaston H.,124,77.0,1.44,2.75,1.53,2.65,1.53,2.78
2024-09-19,Hangzhou Open,1st Round,Hard,Hijikata R.,Dzumhur D.,81,86.0,1.73,2.1,1.85,2.05,1.85,2.14
2024-09-19,Hangzhou Open,1st Round,Hard,Nishioka Y.,Marterer M.,54,105.0,1.36,3.2,1.39,3.21,1.4,3.21
2024-09-19,Hangzhou Open,1st Round,Hard,Zhang Zh.,Yevseyev D.,48,207.0,1.14,5.5,1.21,4.9,1.22,5.5
2024-09-19,Chengdu Open,1st Round,Hard,Hanfmann Y.,Mochizuki S.,95,147.0,1.5,2.63,1.53,2.61,1.53,2.64
2024-09-19,Chengdu Open,1st Round,Hard,Vukic A.,Coric B.,92,97.0,1.91,1.91,2.05,1.83,2.1,1.91
2024-09-19,Chengdu Open,1st Round,Hard,Zhou Y.,Tseng C.H.,531,121.0,4.0,1.25,4.16,1.26,4.27,1.26
2024-09-19,Chengdu Open,1st Round,Hard,Kachmazov A.,Kovacevic A.,252,72.0,2.63,1.5,2.45,1.6,2.63,1.61
2024-09-19,Chengdu Open,1st Round,Hard,Shang J.,Nishikori K.,67,201.0,1.57,2.38,1.63,2.38,1.63,2.45
2024-09-19,Chengdu Open,1st Round,Hard,O Connell C.,Kotov P.,75,61.0,1.67,2.2,1.7,2.24,1.7,2.28
2024-09-19,Chengdu Open,1st Round,Hard,Safiullin R.,Fognini F.,56,79.0,1.2,4.5,1.23,4.47,1.25,4.5
2024-09-19,Chengdu Open,1st Round,Hard,Mannarino A.,Atmane T.,46,164.0,2.0,1.8,2.19,1.73,2.19,1.85
2024-09-19,Chengdu Open,1st Round,Hard,Gomez F.,Muller A.,174,70.0,3.2,1.36,3.34,1.36,3.43,1.36
2024-09-20,Chengdu Open,2nd Round,Hard,Kachmazov A.,Daniel T.,252,90.0,2.38,1.57,2.43,1.62,2.51,1.63
2024-09-20,Hangzhou Open,2nd Round,Hard,Nakashima B.,Wong C.,39,141.0,1.14,5.5,1.2,5.32,1.2,5.5
2024-09-20,Hangzhou Open,2nd Round,Hard,Hijikata R.,Marozsan F.,81,49.0,3.0,1.4,3.05,1.43,3.05,1.44
2024-09-20,Hangzhou Open,2nd Round,Hard,Kukushkin M.,Shevchenko A.,112,58.0,2.3,1.62,2.24,1.73,2.44,1.75
2024-09-20,Hangzhou Open,2nd Round,Hard,Bu Y.,Khachanov K.,124,23.0,2.75,1.44,2.65,1.55,2.78,1.55
2024-09-20,Chengdu Open,2nd Round,Hard,Jarry N.,Klein L.,28,127.0,1.73,2.1,1.81,2.1,1.81,2.1
2024-09-20,Chengdu Open,2nd Round,Hard,Hanfmann Y.,Mpetshi G.,95,51.0,1.91,1.91,1.96,1.93,2.01,1.93
2024-09-20,Chengdu Open,2nd Round,Hard,Martinez P.,Vukic A.,42,92.0,2.75,1.44,2.93,1.45,2.95,1.5
2024-09-21,Chengdu Open,2nd Round,Hard,Mannarino A.,Zhou Y.,46,531.0,1.11,6.5,1.16,5.93,1.16,6.54
2024-09-21,Hangzhou Open,2nd Round,Hard,Uchiyama Y.,Rune H.,160,14.0,5.0,1.17,5.09,1.24,5.31,1.24
2024-09-21,Hangzhou Open,2nd Round,Hard,Zhang Zh.,Bellucci M.,48,108.0,2.1,1.73,2.13,1.8,2.17,1.8
2024-09-21,Chengdu Open,2nd Round,Hard,Shang J.,Safiullin R.,67,56.0,1.53,2.5,1.61,2.45,1.61,2.6
2024-09-21,Chengdu Open,2nd Round,Hard,Bublik A.,Gomez F.,27,174.0,1.36,3.2,1.36,3.38,1.37,3.38
2024-09-21,Chengdu Open,2nd Round,Hard,Musetti L.,O Connell C.,19,75.0,1.67,2.2,1.8,2.11,1.8,2.44
2024-09-21,Hangzhou Open,2nd Round,Hard,Carballes Baena R.,Krueger M.,55,140.0,1.62,2.3,1.83,2.09,1.83,2.32
2024-09-21,Hangzhou Open,2nd Round,Hard,Cilic M.,Nishioka Y.,777,54.0,2.63,1.5,2.47,1.61,2.63,1.61
2024-09-22,Hangzhou Open,Quarterfinals,Hard,Nakashima B.,Hijikata R.,39,81.0,1.17,5.0,1.22,4.88,1.22,5.05
2024-09-22,Hangzhou Open,Quarterfinals,Hard,Cilic M.,Uchiyama Y.,777,160.0,1.5,2.63,1.62,2.46,1.62,2.63
2024-09-22,Hangzhou Open,Quarterfinals,Hard,Bu Y.,Kukushkin M.,124,112.0,1.53,2.5,1.59,2.52,1.66,2.52
2024-09-22,Hangzhou Open,Quarterfinals,Hard,Zhang Zh.,Carballes Baena R.,48,55.0,1.4,3.0,1.51,2.77,1.51,3.05
2024-09-22,Chengdu Open,Quarterfinals,Hard,Kachmazov A.,Jarry N.,252,28.0,2.38,1.57,2.42,1.64,2.45,1.64
2024-09-22,Chengdu Open,Quarterfinals,Hard,Shang J.,Bublik A.,67,27.0,1.53,2.5,1.56,2.6,1.59,2.6
2024-09-22,Chengdu Open,Quarterfinals,Hard,Hanfmann Y.,Martinez P.,95,42.0,1.73,2.1,1.83,2.1,1.86,2.12
2024-09-22,Chengdu Open,Quarterfinals,Hard,Musetti L.,Mannarino A.,19,46.0,1.29,3.75,1.33,3.64,1.34,3.75
2024-09-23,Chengdu Open,Semifinals,Hard,Shang J.,Hanfmann Y.,67,95.0,1.33,3.4,1.36,3.46,1.37,3.46
2024-09-23,Chengdu Open,Semifinals,Hard,Musetti L.,Kachmazov A.,19,252.0,1.25,4.0,1.26,4.28,1.29,4.4
2024-09-23,Hangzhou Open,Semifinals,Hard,Cilic M.,Nakashima B.,777,39.0,3.2,1.36,3.23,1.4,3.23,1.42
2024-09-23,Hangzhou Open,Semifinals,Hard,Zhang Zh.,Bu Y.,48,124.0,1.57,2.38,1.68,2.33,1.68,2.46
2024-09-24,Hangzhou Open,The Final,Hard,Cilic M.,Zhang Zh.,777,48.0,2.1,1.73,2.19,1.76,2.2,1.76
2024-09-24,Chengdu Open,The Final,Hard,Shang J.,Musetti L.,67,19.0,1.91,1.91,1.95,1.95,2.0,1.95
2024-09-25,Japan Open Tennis Championships,1st Round,Hard,Hurkacz H.,Giron M.,8,47.0,1.36,3.2,1.41,3.12,1.41,3.2
2024-09-25,Japan Open Tennis Championships,1st Round,Hard,Humbert U.,Mochizuki S.,18,146.0,1.2,4.5,1.2,5.04,1.21,5.11
2024-09-25,Japan Open Tennis Championships,1st Round,Hard,Navone M.,Darderi L.,40,41.0,2.3,1.62,2.35,1.66,2.37,1.66
2024-09-25,Japan Open Tennis Championships,1st Round,Hard,Berrettini M.,Van De Zandschulp B.,45,67.0,1.25,4.0,1.3,3.82,1.3,4.0
2024-09-26,Japan Open Tennis Championships,1st Round,Hard,Thompson J.,Ruud C.,29,9.0,2.2,1.67,2.28,1.69,2.3,1.69
2024-09-26,Japan Open Tennis Championships,1st Round,Hard,O Connell C.,Etcheverry T.,79,35.0,1.73,2.1,1.83,2.08,1.83,2.11
2024-09-26,Japan Open Tennis Championships,1st Round,Hard,Nakashima B.,Tiafoe F.,36,15.0,2.1,1.73,2.18,1.75,2.25,1.75
2024-09-26,Japan Open Tennis Championships,1st Round,Hard,Shelton B.,Opelka R.,17,306.0,1.36,3.2,1.38,3.3,1.4,3.3
2024-09-26,Japan Open Tennis Championships,1st Round,Hard,Michelsen A.,Tsitsipas S.,49,12.0,2.5,1.53,2.46,1.61,2.51,1.62
2024-09-26,Japan Open Tennis Championships,1st Round,Hard,Machac T.,Popyrin A.,34,23.0,2.38,1.57,2.54,1.57,2.6,1.59
2024-09-26,Japan Open Tennis Championships,1st Round,Hard,Paul T.,Arnaldi M.,13,33.0,1.33,3.4,1.38,3.29,1.38,3.4
2024-09-26,Japan Open Tennis Championships,1st Round,Hard,Draper J.,Bellucci M.,20,103.0,1.33,3.4,1.34,3.53,1.36,3.53
2024-09-26,Japan Open Tennis Championships,1st Round,Hard,Nishioka Y.,Auger-Aliassime F.,59,21.0,3.2,1.36,3.15,1.4,3.4,1.4
2024-09-26,Japan Open Tennis Championships,1st Round,Hard,Nishikori K.,Cilic M.,200,373.0,1.62,2.3,1.66,2.34,1.75,2.35
2024-09-26,Japan Open Tennis Championships,1st Round,Hard,Fils A.,Fritz T.,24,7.0,3.5,1.3,3.27,1.38,3.53,1.38
2024-09-26,Japan Open Tennis Championships,1st Round,Hard,Rune H.,Tabilo A.,14,22.0,1.5,2.63,1.57,2.55,1.57,2.63
2024-09-26,China Open,1st Round,Hard,Kotov P.,Zhou Y.,63,446.0,1.17,5.0,1.18,5.62,1.18,6.0
2024-09-26,China Open,1st Round,Hard,Griekspoor T.,Kecmanovic M.,39,54.0,1.8,2.0,1.89,2.0,1.89,2.1
2024-09-26,China Open,1st Round,Hard,Mannarino A.,Sonego L.,44,50.0,2.5,1.53,2.46,1.61,2.55,1.61
2024-09-26,China Open,1st Round,Hard,Sinner J.,Jarry N.,1,28.0,1.05,11.0,1.05,14.54,1.06,14.54
2024-09-26,China Open,1st Round,Hard,Cobolli F.,Bublik A.,32,26.0,1.91,1.91,1.86,2.04,1.91,2.04
2024-09-26,China Open,1st Round,Hard,Lehecka J.,Martinez P.,37,42.0,1.3,3.5,1.34,3.54,1.34,3.6
2024-09-27,China Open,1st Round,Hard,Bu Y.,Shang J.,96,55.0,3.5,1.3,2.87,1.47,3.53,1.47
2024-09-27,China Open,1st Round,Hard,Musetti L.,Bergs Z.,19,74.0,1.62,2.3,1.65,2.36,1.67,2.49
2024-09-27,China Open,1st Round,Hard,Medvedev D.,Monfils G.,5,46.0,1.2,4.5,1.24,4.56,1.24,4.75
2024-09-27,China Open,1st Round,Hard,Bautista Agut R.,Rinderknech A.,61,60.0,1.67,2.2,1.78,2.14,1.78,2.2
2024-09-27,China Open,1st Round,Hard,Khachanov K.,Carballes Baena R.,27,53.0,1.33,3.4,1.4,3.18,1.4,3.5
2024-09-27,China Open,1st Round,Hard,Alcaraz C.,Mpetshi G.,3,51.0,1.06,10.0,1.07,11.84,1.08,11.84
2024-09-27,China Open,1st Round,Hard,Davidovich Fokina A.,Zhang Zh.,64,43.0,2.2,1.67,2.28,1.69,2.29,1.73
2024-09-27,China Open,1st Round,Hard,Rublev A.,Carreno Busta P.,6,201.0,1.22,4.33,1.22,4.76,1.23,4.76
2024-09-27,Japan Open Tennis Championships,2nd Round,Hard,Humbert U.,Nakashima B.,18,36.0,1.8,2.0,1.95,1.95,1.95,2.0
2024-09-27,Japan Open Tennis Championships,2nd Round,Hard,Draper J.,Hurkacz H.,20,8.0,1.62,2.3,1.65,2.39,1.68,2.39
2024-09-27,Japan Open Tennis Championships,2nd Round,Hard,Shelton B.,Navone M.,17,40.0,1.17,5.0,1.21,5.01,1.22,5.11
2024-09-27,Japan Open Tennis Championships,2nd Round,Hard,Fils A.,Berrettini M.,24,45.0,2.38,1.57,2.32,1.68,2.4,1.68
2024-09-27,China Open,1st Round,Hard,Safiullin R.,Wawrinka S.,69,233.0,1.4,3.0,1.41,3.11,1.41,3.15
2024-09-27,China Open,1st Round,Hard,Cerundolo F.,Mensik J.,31,66.0,2.0,1.8,2.06,1.84,2.1,1.84
2024-09-28,China Open,2nd Round,Hard,Cobolli F.,Kotov P.,32,63.0,1.53,2.5,1.56,2.62,1.56,2.65
2024-09-28,Japan Open Tennis Championships,2nd Round,Hard,Machac T.,Paul T.,34,13.0,3.4,1.33,3.32,1.38,3.5,1.38
2024-09-28,Japan Open Tennis Championships,2nd Round,Hard,Michelsen A.,O Connell C.,49,79.0,1.53,2.5,1.59,2.53,1.59,2.6
2024-09-28,Japan Open Tennis Championships,2nd Round,Hard,Nishikori K.,Thompson J.,200,29.0,2.5,1.53,2.54,1.58,2.54,1.58
2024-09-28,Japan Open Tennis Championships,2nd Round,Hard,Rune H.,Nishioka Y.,14,59.0,1.57,2.38,1.54,2.66,1.65,2.66
2024-09-28,China Open,2nd Round,Hard,Lehecka J.,Bautista Agut R.,37,61.0,1.62,2.3,1.67,2.35,1.67,2.44
2024-09-28,China Open,2nd Round,Hard,Sinner J.,Safiullin R.,1,69.0,1.07,9.0,1.07,11.5,1.09,11.5
2024-09-28,China Open,2nd Round,Hard,Medvedev D.,Mannarino A.,5,44.0,1.1,7.0,1.11,8.54,1.11,8.54
2024-09-29,Japan Open Tennis Championships,Quarterfinals,Hard,Machac T.,Michelsen A.,34,49.0,1.91,1.91,1.99,1.92,2.02,1.92
2024-09-29,Japan Open Tennis Championships,Quarterfinals,Hard,Humbert U.,Draper J.,18,20.0,2.38,1.57,2.35,1.67,2.4,1.68
2024-09-29,China Open,2nd Round,Hard,Bu Y.,Musetti L.,96,19.0,2.75,1.44,2.94,1.46,2.94,1.48
2024-09-29,China Open,2nd Round,Hard,Khachanov K.,Cerundolo F.,27,31.0,1.67,2.2,1.73,2.24,1.73,2.24
2024-09-29,Japan Open Tennis Championships,Quarterfinals,Hard,Rune H.,Nishikori K.,14,200.0,1.57,2.38,1.65,2.4,1.7,2.4
2024-09-29,China Open,2nd Round,Hard,Alcaraz C.,Griekspoor T.,3,39.0,1.06,10.0,1.08,10.79,1.08,10.79
2024-09-29,Japan Open Tennis Championships,Quarterfinals,Hard,Fils A.,Shelton B.,24,17.0,2.2,1.67,2.24,1.73,2.25,1.72
2024-09-30,China Open,Quarterfinals,Hard,Alcaraz C.,Khachanov K.,3,27.0,1.07,9.0,1.09,9.43,1.09,9.43
2024-09-30,China Open,Quarterfinals,Hard,Medvedev D.,Cobolli F.,5,32.0,1.17,5.0,1.22,4.92,1.22,5.0
2024-09-30,Japan Open Tennis Championships,Semifinals,Hard,Fils A.,Rune H.,24,14.0,2.2,1.67,2.2,1.76,2.23,1.76
2024-09-30,China Open,Quarterfinals,Hard,Sinner J.,Lehecka J.,1,37.0,1.11,6.5,1.15,6.38,1.16,6.5
2024-09-30,China Open,Quarterfinals,Hard,Bu Y.,Rublev A.,96,6.0,3.5,1.3,4.09,1.27,4.09,1.31
2024-09-30,Japan Open Tennis Championships,Semifinals,Hard,Humbert U.,Machac T.,18,34.0,1.57,2.38,1.63,2.45,1.63,2.48
2024-09-30,China Open,2nd Round,Hard,Rublev A.,Davidovich Fokina A.,6,64.0,1.29,3.75,1.31,3.81,1.33,3.81
2024-10-01,Japan Open Tennis Championships,The Final,Hard,Fils A.,Humbert U.,24,18.0,2.38,1.57,2.33,1.68,2.5,1.68
2024-10-01,China Open,Semifinals,Hard,Sinner J.,Bu Y.,1,96.0,1.06,10.0,1.06,12.52,1.07,12.85
2024-10-01,China Open,Semifinals,Hard,Alcaraz C.,Medvedev D.,3,5.0,1.25,4.0,1.3,3.94,1.3,4.0
2024-10-02,Shanghai Masters,1st Round,Hard,Nishikori K.,Navone M.,153,38.0,1.29,3.75,1.33,3.63,1.33,3.75
2024-10-02,Shanghai Masters,1st Round,Hard,Seyboth Wild T.,Evans D.,88,170.0,2.5,1.53,2.43,1.62,2.5,1.64
2024-10-02,Shanghai Masters,1st Round,Hard,Daniel T.,Gerasimov E.,93,304.0,1.29,3.75,1.35,3.47,1.35,3.75
2024-10-02,Shanghai Masters,1st Round,Hard,Davidovich Fokina A.,Diallo G.,64,105.0,1.73,2.1,1.88,2.01,1.88,2.13
2024-10-02,Shanghai Masters,1st Round,Hard,Shang J.,Wong C.,51,128.0,1.22,4.33,1.23,4.61,1.26,4.61
2024-10-02,Shanghai Masters,1st Round,Hard,Svajda Z.,Mannarino A.,131,53.0,2.1,1.73,2.15,1.78,2.15,1.79
2024-10-02,Shanghai Masters,1st Round,Hard,Vukic A.,Moutet C.,91,72.0,,,1.79,2.13,1.85,2.14
2024-10-02,Shanghai Masters,1st Round,Hard,Shapovalov D.,Sonego L.,102,49.0,1.5,2.63,1.66,2.34,1.66,2.63
2024-10-02,Shanghai Masters,1st Round,Hard,Rinderknech A.,Opelka R.,62,309.0,1.91,1.91,1.84,2.06,1.91,2.07
2024-10-02,Shanghai Masters,1st Round,Hard,Cazaux A.,Cilic M.,92,211.0,2.5,1.53,2.3,1.68,2.5,1.73
2024-10-02,Shanghai Masters,1st Round,Hard,Carballes Baena R.,Bautista Agut R.,54,57.0,2.75,1.44,2.66,1.53,2.75,1.53
2024-10-02,Shanghai Masters,1st Round,Hard,Monfils G.,Dzumhur D.,46,96.0,1.25,4.0,1.26,4.23,1.29,4.25
2024-10-02,Shanghai Masters,1st Round,Hard,Van De Zandschulp B.,Carreno Busta P.,67,203.0,2.38,1.57,2.24,1.71,2.4,1.73
2024-10-02,Shanghai Masters,1st Round,Hard,Wu Y.,Nagal S.,560,83.0,1.57,2.38,1.63,2.42,1.67,2.42
2024-10-02,China Open,The Final,Hard,Alcaraz C.,Sinner J.,3,1.0,1.73,2.1,1.85,2.07,1.85,2.23
2024-10-02,Shanghai Masters,1st Round,Hard,Muller A.,Nardi L.,74,89.0,1.53,2.5,1.62,2.43,1.62,2.51
2024-10-02,Shanghai Masters,1st Round,Hard,Fognini F.,Darderi L.,81,42.0,2.1,1.73,2.11,1.8,2.11,1.92
2024-10-03,Shanghai Masters,1st Round,Hard,Wawrinka S.,Mpetshi G.,236,50.0,2.1,1.73,2.1,1.81,2.25,1.81
2024-10-03,Shanghai Masters,1st Round,Hard,Atmane T.,Kovacevic A.,161,76.0,1.73,2.1,1.75,2.18,1.76,2.32
2024-10-03,Shanghai Masters,1st Round,Hard,Bellucci M.,Harris B.,101,106.0,1.4,3.0,1.46,2.89,1.49,3.0
2024-10-03,Shanghai Masters,1st Round,Hard,Bergs Z.,Zhang Zh.,73,41.0,2.1,1.73,2.17,1.76,2.25,1.76
2024-10-03,Shanghai Masters,1st Round,Hard,Safiullin R.,Zhukayev B.,61,196.0,1.2,4.5,1.23,4.64,1.24,4.64
2024-10-03,Shanghai Masters,1st Round,Hard,Shevchenko A.,Ramanathan R.,58,332.0,1.22,4.33,1.23,4.7,1.23,4.7
2024-10-03,Shanghai Masters,1st Round,Hard,Giron M.,Tu L.,47,191.0,1.53,2.5,1.57,2.54,1.57,2.65
2024-10-03,Shanghai Masters,1st Round,Hard,Watanuki Y.,Kotov P.,336,56.0,2.0,1.8,2.05,1.84,2.1,1.85
2024-10-03,Shanghai Masters,1st Round,Hard,Mensik J.,Martinez P.,65,45.0,1.4,3.0,1.42,3.09,1.42,3.1
2024-10-03,Shanghai Masters,1st Round,Hard,Berrettini M.,O Connell C.,44,71.0,1.36,3.2,1.4,3.19,1.4,3.3
2024-10-03,Shanghai Masters,1st Round,Hard,Zhou Y.,Nishioka Y.,440,60.0,5.5,1.14,5.34,1.19,5.6,1.19
2024-10-03,Shanghai Masters,1st Round,Hard,Goffin D.,Duckworth J.,66,75.0,1.44,2.75,1.53,2.68,1.58,2.78
2024-10-03,Shanghai Masters,1st Round,Hard,Munar J.,Gaston H.,63,80.0,1.44,2.75,1.52,2.7,1.52,2.8
2024-10-03,Shanghai Masters,1st Round,Hard,Kecmanovic M.,Hijikata R.,55,78.0,1.53,2.5,1.55,2.58,1.58,2.6
2024-10-03,Shanghai Masters,1st Round,Hard,Griekspoor T.,Diaz Acosta F.,40,59.0,1.2,4.5,1.27,4.14,1.27,4.5
2024-10-04,Shanghai Masters,2nd Round,Hard,Vukic A.,Ruud C.,91,9.0,3.4,1.33,3.32,1.37,3.4,1.37
2024-10-04,Shanghai Masters,2nd Round,Hard,Wu Y.,Jarry N.,560,29.0,2.0,1.8,1.98,1.91,2.02,1.91
2024-10-04,Shanghai Masters,2nd Round,Hard,Medvedev D.,Seyboth Wild T.,5,88.0,1.07,9.0,1.08,9.83,1.09,9.91
2024-10-04,Shanghai Masters,2nd Round,Hard,Machac T.,Davidovich Fokina A.,33,64.0,1.57,2.38,1.64,2.39,1.64,2.58
2024-10-04,Shanghai Masters,2nd Round,Hard,Etcheverry T.,Van De Zandschulp B.,37,67.0,1.91,1.91,1.94,1.94,1.94,1.98
2024-10-04,Shanghai Masters,2nd Round,Hard,Carballes Baena R.,Fils A.,54,21.0,3.5,1.3,3.37,1.36,3.65,1.36
2024-10-04,Shanghai Masters,2nd Round,Hard,Humbert U.,Cazaux A.,15,92.0,1.29,3.75,1.3,3.81,1.33,3.81
2024-10-04,Shanghai Masters,2nd Round,Hard,Monfils G.,Baez S.,46,26.0,1.33,3.4,1.4,3.17,1.4,3.43
2024-10-04,Shanghai Masters,2nd Round,Hard,Arnaldi M.,Svajda Z.,36,131.0,1.44,2.75,1.53,2.65,1.53,2.75
2024-10-04,Shanghai Masters,2nd Round,Hard,Muller A.,Auger-Aliassime F.,74,22.0,4.0,1.25,3.83,1.3,4.0,1.3
2024-10-04,Shanghai Masters,2nd Round,Hard,Shelton B.,Shapovalov D.,16,102.0,1.67,2.2,1.71,2.26,1.73,2.33
2024-10-04,Shanghai Masters,2nd Round,Hard,Tabilo A.,Rinderknech A.,23,62.0,1.8,2.0,1.85,2.05,1.85,2.05
2024-10-04,Shanghai Masters,2nd Round,Hard,Paul T.,Fognini F.,13,81.0,1.07,9.0,1.07,10.77,1.09,10.77
2024-10-04,Shanghai Masters,1st Round,Hard,Michelsen A.,Bu Y.,43,69.0,1.57,2.38,1.69,2.28,1.69,2.42
2024-10-04,Shanghai Masters,2nd Round,Hard,Tsitsipas S.,Nishikori K.,12,153.0,1.5,2.63,1.54,2.64,1.55,2.64
2024-10-05,Shanghai Masters,2nd Round,Hard,Lehecka J.,Munar J.,34,63.0,1.33,3.4,1.4,3.19,1.4,3.46
2024-10-05,Shanghai Masters,2nd Round,Hard,Zverev A.,Bellucci M.,3,101.0,1.17,5.0,1.21,4.93,1.21,5.0
2024-10-05,Shanghai Masters,2nd Round,Hard,Popyrin A.,Kecmanovic M.,24,55.0,1.57,2.38,1.65,2.38,1.71,2.4
2024-10-05,Shanghai Masters,2nd Round,Hard,Sinner J.,Daniel T.,1,93.0,1.02,21.0,1.02,27.06,1.02,27.06
2024-10-05,Shanghai Masters,2nd Round,Hard,Djokovic N.,Michelsen A.,4,43.0,1.2,4.5,1.22,4.75,1.24,4.76
2024-10-05,Shanghai Masters,2nd Round,Hard,Mensik J.,Rublev A.,65,6.0,3.5,1.3,3.61,1.33,3.61,1.33
2024-10-05,Shanghai Masters,2nd Round,Hard,Watanuki Y.,Nakashima B.,336,35.0,3.75,1.29,3.61,1.33,3.75,1.33
2024-10-05,Shanghai Masters,2nd Round,Hard,Alcaraz C.,Shang J.,2,51.0,1.08,8.0,1.1,8.82,1.11,8.82
2024-10-05,Shanghai Masters,2nd Round,Hard,Shevchenko A.,Cerundolo F.,58,31.0,3.0,1.4,2.92,1.46,3.1,1.46
2024-10-06,Shanghai Masters,3rd Round,Hard,Paul T.,Tabilo A.,13,23.0,1.25,4.0,1.24,4.53,1.25,4.53
2024-10-06,Shanghai Masters,3rd Round,Hard,Sinner J.,Etcheverry T.,1,37.0,1.03,15.0,1.05,14.72,1.05,16.0
2024-10-06,Shanghai Masters,3rd Round,Hard,Medvedev D.,Arnaldi M.,5,36.0,1.17,5.0,1.19,5.45,1.2,5.45
2024-10-06,Shanghai Masters,3rd Round,Hard,Alcaraz C.,Wu Y.,2,560.0,1.03,15.0,1.03,20.68,1.03,20.68
2024-10-07,Shanghai Masters,2nd Round,Hard,Goffin D.,Musetti L.,66,18.0,2.75,1.44,2.76,1.5,2.88,1.51
2024-10-07,Shanghai Masters,2nd Round,Hard,Giron M.,Khachanov K.,47,25.0,2.63,1.5,2.65,1.53,2.77,1.53
2024-10-07,Shanghai Masters,2nd Round,Hard,Tiafoe F.,Zhou Y.,17,440.0,1.06,10.0,1.06,12.55,1.06,12.55
2024-10-07,Shanghai Masters,2nd Round,Hard,Rune H.,Berrettini M.,14,44.0,1.8,2.0,1.86,2.03,1.91,2.03
2024-10-07,Shanghai Masters,2nd Round,Hard,Cobolli F.,Wawrinka S.,30,236.0,1.36,3.2,1.4,3.2,1.46,3.37
2024-10-07,Shanghai Masters,2nd Round,Hard,Griekspoor T.,Thompson J.,40,28.0,2.1,1.73,2.18,1.75,2.21,1.75
2024-10-07,Shanghai Masters,2nd Round,Hard,Safiullin R.,Bublik A.,61,27.0,1.62,2.3,1.68,2.31,1.68,2.33
2024-10-07,Shanghai Masters,2nd Round,Hard,Fritz T.,Atmane T.,7,161.0,1.1,7.0,1.13,6.94,1.2,7.0
2024-10-07,Shanghai Masters,2nd Round,Hard,Dimitrov G.,Bergs Z.,10,73.0,1.4,3.0,1.44,2.99,1.5,3.0
2024-10-08,Shanghai Masters,3rd Round,Hard,Zverev A.,Griekspoor T.,3,40.0,1.22,4.33,1.2,5.18,1.24,5.33
2024-10-08,Shanghai Masters,3rd Round,Hard,Goffin D.,Giron M.,66,47.0,2.2,1.67,2.24,1.73,2.24,1.76
2024-10-08,Shanghai Masters,3rd Round,Hard,Djokovic N.,Cobolli F.,4,30.0,1.1,7.0,1.13,7.07,1.14,7.07
2024-10-08,Shanghai Masters,3rd Round,Hard,Rune H.,Lehecka J.,14,34.0,1.53,2.5,1.61,2.47,1.65,2.51
2024-10-08,Shanghai Masters,3rd Round,Hard,Safiullin R.,Tiafoe F.,61,17.0,2.2,1.67,2.27,1.7,2.29,1.7
2024-10-08,Shanghai Masters,3rd Round,Hard,Dimitrov G.,Popyrin A.,10,24.0,1.67,2.2,1.66,2.37,1.76,2.37
2024-10-08,Shanghai Masters,3rd Round,Hard,Tsitsipas S.,Muller A.,12,74.0,1.22,4.33,1.27,4.23,1.27,4.34
2024-10-08,Shanghai Masters,3rd Round,Hard,Fritz T.,Watanuki Y.,7,336.0,1.2,4.5,1.17,5.98,1.21,6.06
2024-10-08,Shanghai Masters,3rd Round,Hard,Mensik J.,Shevchenko A.,65,58.0,1.36,3.2,1.41,3.16,1.43,3.2
2024-10-08,Shanghai Masters,3rd Round,Hard,Monfils G.,Humbert U.,46,15.0,3.2,1.36,3.23,1.4,3.25,1.4
2024-10-08,Shanghai Masters,3rd Round,Hard,Machac T.,Vukic A.,33,91.0,1.4,3.0,1.42,3.1,1.46,3.12
2024-10-08,Shanghai Masters,3rd Round,Hard,Shelton B.,Carballes Baena R.,16,54.0,1.17,5.0,1.17,5.92,1.21,5.92
2024-10-09,Shanghai Masters,4th Round,Hard,Fritz T.,Rune H.,7,14.0,1.53,2.5,1.6,2.52,1.6,2.54
2024-10-09,Shanghai Masters,4th Round,Hard,Goffin D.,Zverev A.,66,3.0,5.5,1.14,6.87,1.14,6.87,1.16
2024-10-09,Shanghai Masters,4th Round,Hard,Mensik J.,Dimitrov G.,65,10.0,3.2,1.36,3.41,1.37,3.52,1.37
2024-10-09,Shanghai Masters,4th Round,Hard,Djokovic N.,Safiullin R.,4,61.0,1.1,7.0,1.1,8.93,1.13,8.93
2024-10-09,Shanghai Masters,4th Round,Hard,Alcaraz C.,Monfils G.,2,46.0,1.06,10.0,1.06,13.8,1.07,14.01
2024-10-09,Shanghai Masters,4th Round,Hard,Sinner J.,Shelton B.,1,16.0,1.17,5.0,1.18,5.73,1.2,5.78
2024-10-09,Shanghai Masters,4th Round,Hard,Machac T.,Paul T.,33,13.0,2.5,1.53,2.53,1.59,2.87,1.59
2024-10-09,Shanghai Masters,4th Round,Hard,Medvedev D.,Tsitsipas S.,5,12.0,1.4,3.0,1.42,3.14,1.46,3.14
2024-10-10,Shanghai Masters,Quarterfinals,Hard,Sinner J.,Medvedev D.,1,5.0,1.29,3.75,1.32,3.73,1.34,3.75
2024-10-10,Shanghai Masters,Quarterfinals,Hard,Machac T.,Alcaraz C.,33,2.0,8.0,1.08,9.53,1.09,9.53,1.09
2024-10-11,Shanghai Masters,Quarterfinals,Hard,Fritz T.,Goffin D.,7,66.0,1.14,5.5,1.19,5.46,1.2,5.64
2024-10-11,Shanghai Masters,Quarterfinals,Hard,Djokovic N.,Mensik J.,4,65.0,1.1,7.0,1.12,7.61,1.13,7.61
2024-10-12,Shanghai Masters,Semifinals,Hard,Djokovic N.,Fritz T.,4,7.0,1.4,3.0,1.44,3.02,1.46,3.16
2024-10-12,Shanghai Masters,Semifinals,Hard,Sinner J.,Machac T.,1,33.0,1.11,6.5,1.11,8.02,1.14,8.02
2024-10-13,Shanghai Masters,The Final,Hard,Sinner J.,Djokovic N.,1,4.0,1.4,3.0,1.43,3.07,1.44,3.07
2024-10-14,Nordic Open,1st Round,Hard,Griekspoor T.,Kotov P.,37,59.0,1.44,2.75,1.51,2.74,1.53,2.78
2024-10-14,European Open,1st Round,Hard,Carballes Baena R.,Koepfer D.,54,81.0,1.8,2.0,1.87,2.02,1.87,2.1
2024-10-14,Nordic Open,1st Round,Hard,Berrettini M.,Darderi L.,42,44.0,1.13,6.0,1.14,6.83,1.15,6.83
2024-10-14,European Open,1st Round,Hard,Fucsovics M.,Collignon R.,93,164.0,1.8,2.0,1.81,2.1,1.83,2.14
2024-10-14,European Open,1st Round,Hard,Etcheverry T.,Gasquet R.,35,135.0,1.4,3.0,1.4,3.15,1.45,3.15
2024-10-14,European Open,1st Round,Hard,Navone M.,Monteiro T.,43,88.0,2.0,1.8,2.02,1.87,2.06,1.9
2024-10-14,Nordic Open,1st Round,Hard,Stricker D.,Kovacevic A.,317,90.0,1.8,2.0,1.96,1.93,1.96,2.02
2024-10-14,Almaty Open,1st Round,Hard,Coric B.,Marozsan F.,96,57.0,2.1,1.73,2.16,1.77,2.16,1.82
2024-10-14,Nordic Open,1st Round,Hard,Sonego L.,Huesler M.A.,50,152.0,1.8,2.0,1.88,2.0,1.88,2.12
2024-10-14,Almaty Open,1st Round,Hard,Engel J.,Wong C.,458,133.0,3.0,1.4,2.97,1.44,3.0,1.45
2024-10-14,Almaty Open,1st Round,Hard,Marterer M.,Dzumhur D.,114,100.0,1.8,2.0,2.01,1.88,2.01,2.1
2024-10-15,Almaty Open,1st Round,Hard,Zhukayev B.,Hassan B.,213,245.0,1.8,2.0,1.85,2.04,1.87,2.1
2024-10-15,European Open,1st Round,Hard,Lehecka J.,Munar J.,33,65.0,1.25,4.0,1.32,3.67,1.33,4.01
2024-10-15,European Open,1st Round,Hard,Gaston H.,Vatutin A.,77,336.0,1.62,2.3,1.62,2.42,1.65,2.42
2024-10-15,European Open,1st Round,Hard,Giron M.,Van De Zandschulp B.,47,68.0,1.91,1.91,1.93,1.96,1.93,2.01
2024-10-15,European Open,1st Round,Hard,Bautista Agut R.,Van Assche L.,60,119.0,1.91,1.91,1.97,1.92,1.97,1.95
2024-10-15,European Open,1st Round,Hard,Seyboth Wild T.,Mpetshi G.,80,48.0,2.1,1.73,2.14,1.78,2.14,1.86
2024-10-15,European Open,1st Round,Hard,Bergs Z.,Diaz Acosta F.,69,67.0,1.17,5.0,1.23,4.61,1.24,5.0
2024-10-15,European Open,1st Round,Hard,Rinderknech A.,Blockx A.,62,231.0,1.62,2.3,1.68,2.31,1.75,2.31
2024-10-15,Nordic Open,1st Round,Hard,Muller A.,Borg L.,70,590.0,1.1,7.0,1.13,7.1,1.13,7.6
2024-10-15,Nordic Open,1st Round,Hard,Jarry N.,Ymer E.,34,252.0,1.67,2.2,1.69,2.28,1.69,2.31
2024-10-15,Nordic Open,1st Round,Hard,Djere L.,Martinez P.,113,39.0,1.44,2.75,1.52,2.71,1.56,2.78
2024-10-15,Nordic Open,1st Round,Hard,Kecmanovic M.,Norrie C.,55,52.0,1.8,2.0,1.88,2.02,1.95,2.02
2024-10-15,Nordic Open,1st Round,Hard,Fearnley J.,Moutet C.,99,71.0,1.4,3.0,1.42,3.09,1.44,3.09
2024-10-15,Almaty Open,1st Round,Hard,Diallo G.,O Connell C.,118,72.0,1.8,2.0,1.94,1.94,1.94,2.0
2024-10-15,Almaty Open,1st Round,Hard,Mannarino A.,Safiullin R.,56,58.0,3.0,1.4,3.15,1.4,3.15,1.42
2024-10-15,Almaty Open,1st Round,Hard,Evans D.,Daniel T.,180,89.0,1.44,2.75,1.46,2.9,1.5,2.9
2024-10-15,Almaty Open,1st Round,Hard,Karatsev A.,Zhang Zh.,139,46.0,2.1,1.73,2.12,1.79,2.12,1.84
2024-10-15,Almaty Open,1st Round,Hard,Shevchenko A.,Kukushkin M.,61,111.0,1.67,2.2,1.72,2.23,1.72,2.25
2024-10-15,Almaty Open,1st Round,Hard,Virtanen O.,Fognini F.,116,76.0,1.57,2.38,1.58,2.57,1.64,2.6
2024-10-16,Nordic Open,1st Round,Hard,Wawrinka S.,Nakashima B.,217,38.0,3.0,1.4,3.18,1.4,3.21,1.43
2024-10-16,Almaty Open,1st Round,Hard,Vukic A.,Duckworth J.,85,63.0,1.5,2.63,1.68,2.3,1.68,2.63
2024-10-16,Almaty Open,1st Round,Hard,Machac T.,Skatov T.,25,192.0,1.11,6.5,1.16,6.12,1.16,6.5
2024-10-16,Almaty Open,2nd Round,Hard,Cerundolo F.,Engel J.,31,458.0,1.2,4.5,1.25,4.51,1.25,4.59
2024-10-16,Almaty Open,2nd Round,Hard,Diallo G.,Coric B.,118,96.0,1.73,2.1,1.78,2.17,1.78,2.23
2024-10-16,Almaty Open,2nd Round,Hard,Tabilo A.,Marterer M.,23,114.0,1.44,2.75,1.42,3.14,1.46,3.14
2024-10-16,European Open,2nd Round,Hard,Auger-Aliassime F.,Fucsovics M.,21,93.0,1.44,2.75,1.51,2.77,1.53,2.9
2024-10-16,European Open,2nd Round,Hard,De Minaur A.,Carballes Baena R.,9,54.0,1.17,5.0,1.18,5.67,1.2,5.67
2024-10-16,European Open,2nd Round,Hard,Gaston H.,Navone M.,77,43.0,2.1,1.73,2.27,1.71,2.27,1.75
2024-10-16,European Open,2nd Round,Hard,Bautista Agut R.,Etcheverry T.,60,35.0,2.0,1.8,2.12,1.81,2.12,1.89
2024-10-16,European Open,1st Round,Hard,Altmaier D.,Bailly G.,84,869.0,1.57,2.38,1.52,2.7,1.59,2.7
2024-10-16,Almaty Open,2nd Round,Hard,Shevchenko A.,Karatsev A.,61,139.0,2.0,1.8,2.09,1.83,2.13,1.92
2024-10-16,Nordic Open,2nd Round,Hard,Ruud C.,Sonego L.,8,50.0,1.57,2.38,1.63,2.43,1.63,2.54
2024-10-16,Nordic Open,2nd Round,Hard,Stricker D.,Berrettini M.,317,42.0,4.5,1.2,4.84,1.22,4.84,1.23
2024-10-16,Nordic Open,2nd Round,Hard,Griekspoor T.,Fearnley J.,37,99.0,1.73,2.1,1.72,2.25,1.73,2.27
2024-10-16,Nordic Open,1st Round,Hard,Halys Q.,Nagal S.,95,78.0,1.2,4.5,1.27,4.18,1.27,4.5
2024-10-16,Nordic Open,1st Round,Hard,Davidovich Fokina A.,Tirante T.A.,64,121.0,1.2,4.5,1.28,4.05,1.28,4.54
2024-10-16,Nordic Open,2nd Round,Hard,Paul T.,Djere L.,13,113.0,1.22,4.33,1.26,4.37,1.27,4.38
2024-10-17,Nordic Open,2nd Round,Hard,Dimitrov G.,Halys Q.,10,95.0,1.25,4.0,1.25,4.4,1.26,4.4
2024-10-17,Nordic Open,2nd Round,Hard,Rublev A.,Muller A.,7,70.0,1.2,4.5,1.2,5.25,1.22,5.25
2024-10-17,Nordic Open,2nd Round,Hard,Wawrinka S.,Davidovich Fokina A.,217,64.0,2.38,1.57,2.4,1.65,2.4,1.66
2024-10-17,Nordic Open,2nd Round,Hard,Kecmanovic M.,Jarry N.,55,34.0,1.44,2.75,1.54,2.67,1.54,2.75
2024-10-17,Almaty Open,2nd Round,Hard,Tiafoe F.,Evans D.,15,180.0,1.4,3.0,1.43,3.06,1.45,3.1
2024-10-17,European Open,2nd Round,Hard,Lehecka J.,Altmaier D.,33,84.0,1.17,5.0,1.19,5.56,1.19,5.56
2024-10-17,Almaty Open,2nd Round,Hard,Zhukayev B.,Machac T.,213,25.0,5.0,1.17,5.77,1.18,5.77,1.2
2024-10-17,Almaty Open,2nd Round,Hard,Khachanov K.,Virtanen O.,26,116.0,1.44,2.75,1.52,2.75,1.61,2.92
2024-10-17,European Open,2nd Round,Hard,Giron M.,Rinderknech A.,47,62.0,1.62,2.3,1.65,2.39,1.66,2.4
2024-10-17,European Open,2nd Round,Hard,Tsitsipas S.,Seyboth Wild T.,11,80.0,1.25,4.0,1.27,4.17,1.28,4.25
2024-10-17,European Open,2nd Round,Hard,Bergs Z.,Baez S.,69,27.0,1.25,4.0,1.27,4.2,1.29,4.2
2024-10-17,Almaty Open,2nd Round,Hard,Vukic A.,Mannarino A.,85,56.0,1.69,2.1,1.81,2.12,1.81,2.13
2024-10-18,European Open,Quarterfinals,Hard,Gaston H.,De Minaur A.,77,9.0,5.5,1.14,6.61,1.15,6.68,1.16
2024-10-18,European Open,Quarterfinals,Hard,Lehecka J.,Tsitsipas S.,33,11.0,1.8,2.0,1.9,2.0,1.9,2.0
2024-10-18,European Open,Quarterfinals,Hard,Giron M.,Bergs Z.,47,69.0,2.1,1.69,2.21,1.75,2.23,1.75
2024-10-18,Nordic Open,Quarterfinals,Hard,Wawrinka S.,Rublev A.,217,7.0,5.0,1.17,5.42,1.19,5.42,1.22
2024-10-18,Nordic Open,Quarterfinals,Hard,Paul T.,Kecmanovic M.,13,55.0,1.29,3.75,1.31,3.86,1.34,3.86
2024-10-18,Nordic Open,Quarterfinals,Hard,Dimitrov G.,Stricker D.,10,317.0,1.2,4.5,1.24,4.58,1.24,4.58
2024-10-18,Almaty Open,Quarterfinals,Hard,Khachanov K.,Zhukayev B.,26,213.0,1.29,3.75,1.28,4.07,1.29,4.1
2024-10-18,Almaty Open,Quarterfinals,Hard,Vukic A.,Tiafoe F.,85,15.0,3.0,1.4,3.11,1.42,3.11,1.48
2024-10-18,Nordic Open,Quarterfinals,Hard,Griekspoor T.,Ruud C.,37,8.0,2.0,1.8,2.09,1.83,2.14,1.86
2024-10-18,Almaty Open,Quarterfinals,Hard,Diallo G.,Tabilo A.,118,23.0,2.0,1.8,2.08,1.84,2.08,1.88
2024-10-18,European Open,Quarterfinals,Hard,Bautista Agut R.,Auger-Aliassime F.,60,21.0,3.4,1.33,3.39,1.37,3.44,1.37
2024-10-18,Almaty Open,Quarterfinals,Hard,Cerundolo F.,Shevchenko A.,31,61.0,1.67,2.2,1.73,2.24,1.75,2.27
2024-10-19,Almaty Open,Semifinals,Hard,Diallo G.,Cerundolo F.,118,31.0,1.8,2.0,1.88,2.02,1.92,2.07
2024-10-19,Almaty Open,Semifinals,Hard,Khachanov K.,Vukic A.,26,85.0,1.5,2.63,1.53,2.7,1.54,2.75
2024-10-19,European Open,Semifinals,Hard,Lehecka J.,Giron M.,33,47.0,1.44,2.75,1.56,2.5,1.59,2.75
2024-10-19,European Open,Semifinals,Hard,Bautista Agut R.,Gaston H.,60,77.0,1.4,3.0,1.4,3.22,1.44,3.22
2024-10-19,Nordic Open,Semifinals,Hard,Dimitrov G.,Griekspoor T.,10,37.0,1.4,3.0,1.43,3.05,1.45,3.05
2024-10-19,Nordic Open,Semifinals,Hard,Paul T.,Wawrinka S.,13,217.0,1.2,4.5,1.24,4.66,1.25,4.66
2024-10-20,Nordic Open,The Final,Hard,Paul T.,Dimitrov G.,13,10.0,1.67,2.2,1.77,2.18,1.77,2.25
2024-10-20,European Open,The Final,Hard,Bautista Agut R.,Lehecka J.,60,33.0,3.2,1.36,3.31,1.38,3.31,1.42
2024-10-20,Almaty Open,The Final,Hard,Khachanov K.,Diallo G.,26,118.0,1.62,2.3,1.74,2.22,1.75,2.46
2024-10-21,Vienna Open,1st Round,Hard,Mensik J.,Popyrin A.,51,25.0,1.67,2.2,1.83,2.07,1.83,2.2
2024-10-21,Vienna Open,1st Round,Hard,Zverev A.,Schwaerzler J.,3,347.0,1.03,15.0,1.02,27.44,1.03,27.44
2024-10-21,Swiss Indoors,1st Round,Hard,Rublev A.,Borges N.,7,33.0,1.17,5.0,1.2,5.04,1.21,5.1
2024-10-21,Swiss Indoors,1st Round,Hard,Humbert U.,Kym J.,16,140.0,1.33,3.4,1.37,3.35,1.4,3.4
2024-10-21,Swiss Indoors,1st Round,Hard,Fils A.,Altmaier D.,20,82.0,1.29,3.75,1.28,3.93,1.3,3.94
2024-10-21,Vienna Open,1st Round,Hard,Berrettini M.,Fucsovics M.,41,88.0,1.33,3.4,1.42,3.05,1.44,3.4
2024-10-21,Swiss Indoors,1st Round,Hard,Goffin D.,Arnaldi M.,54,37.0,2.2,1.67,1.93,1.93,2.25,1.94
2024-10-21,Swiss Indoors,1st Round,Hard,Mpetshi G.,Duckworth J.,50,69.0,1.91,1.91,2.0,1.88,2.01,1.91
2024-10-21,Vienna Open,1st Round,Hard,Cobolli F.,Davidovich Fokina A.,31,62.0,2.1,1.73,2.22,1.72,2.27,1.82
2024-10-22,Swiss Indoors,1st Round,Hard,Tabilo A.,Cilic M.,21,202.0,1.73,2.1,1.78,2.14,1.81,2.19
2024-10-22,Swiss Indoors,1st Round,Hard,Shapovalov D.,Shang J.,95,47.0,2.0,1.8,2.02,1.88,2.06,1.88
2024-10-22,Swiss Indoors,1st Round,Hard,Stricker D.,Griekspoor T.,258,35.0,2.75,1.44,2.85,1.47,2.85,1.5
2024-10-22,Vienna Open,1st Round,Hard,Kecmanovic M.,Navone M.,58,44.0,1.29,3.75,1.33,3.62,1.31,3.75
2024-10-22,Vienna Open,1st Round,Hard,De Minaur A.,Struff J.L.,10,40.0,1.36,3.2,1.38,3.3,1.41,3.3
2024-10-22,Vienna Open,1st Round,Hard,Giron M.,Michelsen A.,48,43.0,2.0,1.8,2.0,1.89,2.12,1.89
2024-10-22,Vienna Open,1st Round,Hard,Tiafoe F.,Norrie C.,15,53.0,1.41,2.75,1.53,2.65,1.54,2.9
2024-10-22,Vienna Open,1st Round,Hard,Monfils G.,Halys Q.,52,90.0,1.62,2.3,1.67,2.33,1.69,2.33
2024-10-22,Vienna Open,1st Round,Hard,Darderi L.,Thiem D.,42,318.0,1.57,2.38,1.56,2.59,1.59,2.55
2024-10-22,Swiss Indoors,1st Round,Hard,Shelton B.,Etcheverry T.,23,36.0,1.36,3.2,1.38,3.27,1.38,3.27
2024-10-22,Vienna Open,1st Round,Hard,Musetti L.,Sonego L.,17,49.0,1.57,2.38,1.57,2.54,1.59,2.59
2024-10-22,Swiss Indoors,1st Round,Hard,Van De Zandschulp B.,Bublik A.,67,32.0,1.67,2.2,1.73,2.22,1.74,2.23
2024-10-22,Swiss Indoors,1st Round,Hard,Tsitsipas S.,Cerundolo F.,11,30.0,1.4,3.0,1.38,3.26,1.41,3.26
2024-10-22,Swiss Indoors,1st Round,Hard,Rune H.,Jarry N.,14,34.0,1.3,3.5,1.28,4.06,1.31,4.06
2024-10-22,Vienna Open,1st Round,Hard,Draper J.,Nishikori K.,18,141.0,1.3,3.5,1.32,3.7,1.33,3.71
2024-10-23,Vienna Open,1st Round,Hard,Dimitrov G.,Zhang Zh.,9,46.0,1.2,4.5,1.22,4.73,1.23,4.73
2024-10-23,Vienna Open,1st Round,Hard,Machac T.,Marozsan F.,27,56.0,1.3,3.5,1.34,3.5,1.35,3.53
2024-10-23,Vienna Open,1st Round,Hard,Khachanov K.,Seyboth Wild T.,24,78.0,1.53,2.5,1.56,2.59,1.6,2.59
2024-10-23,Vienna Open,1st Round,Hard,Nakashima B.,Paul T.,38,12.0,3.2,1.36,3.26,1.4,3.26,1.4
2024-10-23,Vienna Open,2nd Round,Hard,Zverev A.,Giron M.,3,48.0,1.17,5.0,1.21,5.1,1.21,5.17
2024-10-23,Vienna Open,2nd Round,Hard,Berrettini M.,Tiafoe F.,41,15.0,1.62,2.3,1.68,2.33,1.68,2.33
2024-10-23,Swiss Indoors,2nd Round,Hard,Goffin D.,Humbert U.,54,16.0,3.2,1.36,3.34,1.38,3.34,1.38
2024-10-23,Swiss Indoors,1st Round,Hard,Wawrinka S.,Mannarino A.,169,57.0,1.57,2.38,1.65,2.37,1.7,2.4
2024-10-23,Swiss Indoors,1st Round,Hard,Auger-Aliassime F.,Baez S.,19,26.0,1.1,7.0,1.13,6.97,1.13,7.03
2024-10-23,Swiss Indoors,1st Round,Hard,Martinez P.,Lehecka J.,39,28.0,5.0,1.17,5.81,1.17,5.81,1.18
2024-10-23,Swiss Indoors,1st Round,Hard,Bautista Agut R.,Ruud C.,45,8.0,2.75,1.44,2.78,1.5,2.78,1.51
2024-10-23,Swiss Indoors,2nd Round,Hard,Rublev A.,Tabilo A.,7,21.0,1.25,4.0,1.29,4.04,1.29,4.25
2024-10-24,Vienna Open,2nd Round,Hard,Khachanov K.,Nakashima B.,24,38.0,1.67,2.2,1.78,2.17,1.78,2.2
2024-10-24,Vienna Open,2nd Round,Hard,De Minaur A.,Cobolli F.,10,31.0,1.33,3.4,1.36,3.49,1.36,3.49
2024-10-24,Vienna Open,2nd Round,Hard,Machac T.,Dimitrov G.,27,9.0,2.3,1.62,2.47,1.61,2.48,1.63
2024-10-24,Vienna Open,2nd Round,Hard,Musetti L.,Monfils G.,17,52.0,1.67,2.2,1.67,2.35,1.69,2.35
2024-10-24,Vienna Open,2nd Round,Hard,Draper J.,Darderi L.,18,42.0,1.07,9.0,1.11,8.09,1.11,9.0
2024-10-24,Swiss Indoors,2nd Round,Hard,Tsitsipas S.,Van De Zandschulp B.,11,67.0,1.36,3.2,1.45,2.97,1.45,3.2
2024-10-24,Vienna Open,2nd Round,Hard,Mensik J.,Kecmanovic M.,51,58.0,1.53,2.5,1.61,2.48,1.64,2.65
2024-10-24,Swiss Indoors,2nd Round,Hard,Shelton B.,Wawrinka S.,23,169.0,1.33,3.4,1.35,3.52,1.35,3.53
2024-10-24,Swiss Indoors,2nd Round,Hard,Shapovalov D.,Bautista Agut R.,95,45.0,1.62,2.3,1.69,2.3,1.69,2.3
2024-10-24,Swiss Indoors,2nd Round,Hard,Rune H.,Stricker D.,14,258.0,1.4,3.0,1.39,3.26,1.41,3.3
2024-10-24,Swiss Indoors,2nd Round,Hard,Mpetshi G.,Auger-Aliassime F.,50,19.0,3.5,1.3,3.84,1.31,3.95,1.33
2024-10-24,Swiss Indoors,2nd Round,Hard,Fils A.,Martinez P.,20,39.0,1.2,4.5,1.25,4.63,1.25,4.69
2024-10-25,Vienna Open,Quarterfinals,Hard,Musetti L.,Zverev A.,17,3.0,4.33,1.22,4.27,1.27,4.33,1.28
2024-10-25,Vienna Open,Quarterfinals,Hard,De Minaur A.,Mensik J.,10,51.0,1.73,2.1,1.65,2.39,1.82,2.4
2024-10-25,Swiss Indoors,Quarterfinals,Hard,Fils A.,Tsitsipas S.,20,11.0,1.73,2.1,1.77,2.18,1.8,2.2
2024-10-25,Swiss Indoors,Quarterfinals,Hard,Shelton B.,Rublev A.,23,7.0,2.1,1.73,2.16,1.78,2.21,1.78
2024-10-25,Swiss Indoors,Quarterfinals,Hard,Rune H.,Goffin D.,14,54.0,1.36,3.2,1.41,3.16,1.42,3.2
2024-10-25,Swiss Indoors,Quarterfinals,Hard,Mpetshi G.,Shapovalov D.,50,95.0,2.5,1.53,2.6,1.56,2.69,1.58
2024-10-25,Vienna Open,Quarterfinals,Hard,Draper J.,Machac T.,18,27.0,1.67,2.2,1.69,2.3,1.73,2.36
2024-10-25,Vienna Open,Quarterfinals,Hard,Khachanov K.,Berrettini M.,24,41.0,2.3,1.62,2.45,1.63,2.45,1.63
2024-10-26,Vienna Open,Semifinals,Hard,Draper J.,Musetti L.,18,17.0,1.4,3.0,1.42,3.14,1.48,3.18
2024-10-26,Vienna Open,Semifinals,Hard,Khachanov K.,De Minaur A.,24,10.0,2.1,1.73,2.26,1.72,2.3,1.73
2024-10-26,Swiss Indoors,Semifinals,Hard,Mpetshi G.,Rune H.,50,14.0,3.4,1.33,3.8,1.31,3.81,1.36
2024-10-26,Swiss Indoors,Semifinals,Hard,Shelton B.,Fils A.,23,20.0,1.91,1.91,2.05,1.86,2.05,2.01
2024-10-27,Swiss Indoors,The Final,Hard,Mpetshi G.,Shelton B.,50,23.0,2.75,1.44,2.85,1.49,2.95,1.5
2024-10-27,Vienna Open,The Final,Hard,Draper J.,Khachanov K.,18,24.0,1.67,2.2,1.69,2.3,1.69,2.31
2024-10-28,BNP Paribas Masters,1st Round,Hard,Mannarino A.,Paul T.,58,12.0,6.0,1.13,6.97,1.13,7.05,1.14
2024-10-28,BNP Paribas Masters,1st Round,Hard,Tabilo A.,Borges N.,22,34.0,1.57,2.38,1.63,2.42,1.63,2.43
2024-10-28,BNP Paribas Masters,1st Round,Hard,Jarry N.,Sonego L.,37,52.0,2.38,1.57,2.38,1.65,2.48,1.65
2024-10-28,BNP Paribas Masters,1st Round,Hard,Tsitsipas S.,Carballes Baena R.,11,54.0,1.17,5.0,1.19,5.39,1.21,5.39
2024-10-28,BNP Paribas Masters,1st Round,Hard,Bublik A.,Fognini F.,33,79.0,1.67,2.2,1.67,2.34,1.73,2.34
2024-10-28,BNP Paribas Masters,1st Round,Hard,Kecmanovic M.,Baez S.,55,26.0,1.4,3.0,,,1.4,3.0
2024-10-28,BNP Paribas Masters,1st Round,Hard,Giron M.,Shang J.,49,51.0,1.62,2.3,1.72,2.23,1.72,2.3
2024-10-28,BNP Paribas Masters,1st Round,Hard,Etcheverry T.,Zhang Zh.,40,47.0,1.67,2.2,1.77,2.16,1.77,2.22
2024-10-28,BNP Paribas Masters,1st Round,Hard,Cerundolo F.,Halys Q.,29,90.0,2.0,1.8,1.98,1.91,2.04,1.97
2024-10-28,BNP Paribas Masters,1st Round,Hard,Thompson J.,Martinez P.,28,41.0,1.33,3.4,1.38,3.27,1.38,3.4
2024-10-28,BNP Paribas Masters,1st Round,Hard,Griekspoor T.,Darderi L.,39,43.0,1.2,4.5,1.2,5.14,1.22,5.14
2024-10-28,BNP Paribas Masters,1st Round,Hard,Rinderknech A.,Machac T.,60,25.0,3.75,1.29,3.5,1.34,3.75,1.34
2024-10-28,BNP Paribas Masters,1st Round,Hard,Humbert U.,Nakashima B.,18,35.0,1.53,2.5,1.6,2.47,1.6,2.65
2024-10-29,BNP Paribas Masters,2nd Round,Hard,Cerundolo F.,Rublev A.,29,7.0,3.4,1.33,3.49,1.35,3.7,1.36
2024-10-29,BNP Paribas Masters,2nd Round,Hard,Thompson J.,Ruud C.,28,8.0,2.2,1.67,2.27,1.71,2.29,1.71
2024-10-29,BNP Paribas Masters,2nd Round,Hard,Tsitsipas S.,Tabilo A.,11,22.0,1.5,2.63,1.52,2.73,1.53,2.75
2024-10-29,BNP Paribas Masters,2nd Round,Hard,Alcaraz C.,Jarry N.,2,37.0,1.06,10.0,1.08,10.72,1.08,10.77
2024-10-29,BNP Paribas Masters,1st Round,Hard,Shelton B.,Moutet C.,19,70.0,1.29,3.75,1.33,3.64,1.33,3.85
2024-10-29,BNP Paribas Masters,1st Round,Hard,De Minaur A.,Navone M.,10,45.0,1.08,8.0,1.11,7.99,1.11,8.5
2024-10-29,BNP Paribas Masters,1st Round,Hard,Bergs Z.,Gasquet R.,65,133.0,1.41,2.75,1.51,2.73,1.52,2.92
2024-10-29,BNP Paribas Masters,1st Round,Hard,Draper J.,Lehecka J.,15,30.0,1.5,2.63,1.48,2.84,1.5,2.84
2024-10-29,BNP Paribas Masters,1st Round,Hard,Khachanov K.,O Connell C.,21,71.0,1.29,3.75,1.29,3.88,1.29,4.0
2024-10-29,BNP Paribas Masters,1st Round,Hard,Mpetshi G.,Tiafoe F.,31,17.0,2.2,1.67,2.29,1.69,2.33,1.82
2024-10-29,BNP Paribas Masters,1st Round,Hard,Popyrin A.,Berrettini M.,24,36.0,2.5,1.53,2.46,1.61,2.55,1.61
2024-10-29,BNP Paribas Masters,1st Round,Hard,Fils A.,Cilic M.,20,201.0,1.25,4.0,1.32,3.7,1.32,4.01
2024-10-29,BNP Paribas Masters,1st Round,Hard,Michelsen A.,Hurkacz H.,44,14.0,2.2,1.67,2.17,1.76,2.22,1.76
2024-10-29,BNP Paribas Masters,1st Round,Hard,Struff J.L.,Musetti L.,42,16.0,2.63,1.5,2.68,1.52,2.68,1.54
2024-10-29,BNP Paribas Masters,1st Round,Hard,Rune H.,Arnaldi M.,13,38.0,1.25,3.75,1.25,4.35,1.35,4.35
2024-10-30,BNP Paribas Masters,2nd Round,Hard,Zverev A.,Griekspoor T.,3,39.0,1.3,3.5,1.32,3.78,1.32,3.79
2024-10-30,BNP Paribas Masters,2nd Round,Hard,De Minaur A.,Kecmanovic M.,10,55.0,1.25,4.0,1.28,4.14,1.29,4.25
2024-10-30,BNP Paribas Masters,2nd Round,Hard,Khachanov K.,Mpetshi G.,21,31.0,1.73,2.1,1.8,2.13,1.8,2.19
2024-10-30,BNP Paribas Masters,2nd Round,Hard,Rune H.,Bublik A.,13,33.0,1.33,3.4,1.32,3.77,1.35,3.81
2024-10-30,BNP Paribas Masters,2nd Round,Hard,Humbert U.,Giron M.,18,49.0,1.33,3.4,1.37,3.31,1.37,3.4
2024-10-30,BNP Paribas Masters,2nd Round,Hard,Popyrin A.,Medvedev D.,24,5.0,3.5,1.3,3.72,1.35,3.72,1.35
2024-10-30,BNP Paribas Masters,2nd Round,Hard,Mannarino A.,Bergs Z.,58,65.0,2.3,1.62,2.39,1.65,2.39,1.71
2024-10-30,BNP Paribas Masters,2nd Round,Hard,Rinderknech A.,Michelsen A.,60,44.0,2.75,1.44,2.75,1.52,2.78,1.52
2024-10-30,BNP Paribas Masters,2nd Round,Hard,Dimitrov G.,Etcheverry T.,9,40.0,1.25,4.0,1.28,4.08,1.29,4.08
2024-10-30,BNP Paribas Masters,2nd Round,Hard,Draper J.,Fritz T.,15,6.0,1.8,2.0,1.88,2.03,1.96,2.03
2024-10-30,BNP Paribas Masters,2nd Round,Hard,Fils A.,Struff J.L.,20,42.0,1.4,3.0,1.48,2.88,1.48,3.05
2024-10-30,BNP Paribas Masters,2nd Round,Hard,Cazaux A.,Shelton B.,85,19.0,4.0,1.25,4.03,1.29,4.03,1.29
2024-10-31,BNP Paribas Masters,3rd Round,Hard,Humbert U.,Alcaraz C.,18,2.0,5.0,1.17,5.56,1.18,5.56,1.22
2024-10-31,BNP Paribas Masters,3rd Round,Hard,Dimitrov G.,Rinderknech A.,9,60.0,1.2,4.5,1.24,4.62,1.24,4.62
2024-10-31,BNP Paribas Masters,3rd Round,Hard,De Minaur A.,Draper J.,10,15.0,2.2,1.67,2.35,1.67,2.35,1.7
2024-10-31,BNP Paribas Masters,3rd Round,Hard,Rune H.,Cazaux A.,13,85.0,1.33,3.4,1.35,3.5,1.38,3.5
2024-10-31,BNP Paribas Masters,3rd Round,Hard,Khachanov K.,Popyrin A.,21,24.0,1.62,2.3,1.67,2.36,1.67,2.36
2024-10-31,BNP Paribas Masters,3rd Round,Hard,Tsitsipas S.,Cerundolo F.,11,29.0,1.44,2.75,1.52,2.74,1.52,2.82
2024-10-31,BNP Paribas Masters,3rd Round,Hard,Thompson J.,Mannarino A.,28,58.0,1.57,2.38,1.58,2.55,1.62,2.55
2024-10-31,BNP Paribas Masters,3rd Round,Hard,Zverev A.,Fils A.,3,20.0,1.44,2.75,1.47,2.92,1.5,2.92
2024-11-01,BNP Paribas Masters,Quarterfinals,Hard,Zverev A.,Tsitsipas S.,3,11.0,1.4,3.0,1.4,3.24,1.42,3.28
2024-11-01,BNP Paribas Masters,Quarterfinals,Hard,Rune H.,De Minaur A.,13,10.0,2.3,1.62,2.36,1.67,2.38,1.74
2024-11-01,BNP Paribas Masters,Quarterfinals,Hard,Humbert U.,Thompson J.,18,28.0,1.33,3.4,1.33,3.66,1.39,3.66
2024-11-01,BNP Paribas Masters,Quarterfinals,Hard,Khachanov K.,Dimitrov G.,21,9.0,2.1,1.73,2.13,1.8,2.21,1.8
2024-11-02,BNP Paribas Masters,Semifinals,Hard,Zverev A.,Rune H.,3,13.0,1.4,3.0,1.48,2.87,1.49,3.0
2024-11-02,BNP Paribas Masters,Semifinals,Hard,Humbert U.,Khachanov K.,18,21.0,1.67,2.2,1.78,2.16,1.78,2.22
2024-11-03,Open de Moselle,1st Round,Hard,Moutet C.,Nagal S.,66,83.0,1.29,3.75,1.34,3.53,1.34,3.75
2024-11-03,Belgrade Open,1st Round,Hard,Medjedovic H.,Nakashima B.,156,37.0,2.5,1.53,2.7,1.52,2.77,1.57
2024-11-03,Open de Moselle,1st Round,Hard,Michelsen A.,Mayot H.,44,107.0,1.3,3.5,1.33,3.58,1.34,3.59
2024-11-03,BNP Paribas Masters,The Final,Hard,Zverev A.,Humbert U.,3,18.0,1.4,3.0,1.47,2.93,1.47,3.01
2024-11-03,Belgrade Open,1st Round,Hard,Marozsan F.,Shang J.,59,50.0,2.75,1.44,2.63,1.54,2.75,1.55
2024-11-04,Open de Moselle,1st Round,Hard,Struff J.L.,Shevchenko A.,40,64.0,1.44,2.75,1.44,2.97,1.5,2.97
2024-11-04,Open de Moselle,1st Round,Hard,Herbert P.H.,Martinez P.,127,42.0,1.91,1.91,1.93,1.95,2.01,1.95
2024-11-04,Open de Moselle,1st Round,Hard,Halys Q.,Papamalamis T.,84,721.0,1.02,19.0,1.03,18.71,1.03,19.0
2024-11-04,Open de Moselle,1st Round,Hard,Gasquet R.,Monteiro T.,133,100.0,1.73,2.1,1.76,2.17,1.8,2.2
2024-11-04,Open de Moselle,1st Round,Hard,Norrie C.,Carballes Baena R.,57,56.0,1.62,2.3,1.68,2.31,1.69,2.38
2024-11-04,Open de Moselle,1st Round,Hard,Sonego L.,Barrere G.,51,166.0,3.5,1.3,,,1.42,2.8
2024-11-04,Belgrade Open,1st Round,Hard,Altmaier D.,Darderi L.,93,43.0,1.8,2.0,1.79,2.12,1.86,2.18
2024-11-04,Belgrade Open,1st Round,Hard,O Connell C.,Kecmanovic M.,71,53.0,3.0,1.4,2.89,1.46,3.0,1.47
2024-11-04,Belgrade Open,1st Round,Hard,Shapovalov D.,Fucsovics M.,78,91.0,1.57,2.38,1.66,2.35,1.66,2.45
2024-11-04,Belgrade Open,1st Round,Hard,Lajovic D.,Navone M.,86,45.0,1.8,2.0,1.75,2.18,1.82,2.18
2024-11-04,Belgrade Open,1st Round,Hard,Klein L.,Duckworth J.,153,77.0,1.73,2.1,1.64,2.39,1.74,2.39
2024-11-04,Belgrade Open,1st Round,Hard,Kovacevic A.,Djuric B.,101,781.0,1.2,4.5,1.18,5.49,1.23,6.0
2024-11-04,Belgrade Open,1st Round,Hard,Etcheverry T.,Kotov P.,39,75.0,1.44,2.75,1.48,2.82,1.49,2.9
2024-11-04,Belgrade Open,1st Round,Hard,Cilic M.,Muller A.,196,68.0,1.44,2.75,1.54,2.63,1.54,2.78
2024-11-05,Open de Moselle,2nd Round,Hard,Michelsen A.,Gasquet R.,44,133.0,1.17,5.0,1.19,5.42,1.19,5.42
2024-11-05,Open de Moselle,1st Round,Hard,Bonzi B.,Bautista Agut R.,124,47.0,1.8,2.0,1.89,1.99,1.94,2.14
2024-11-05,Open de Moselle,1st Round,Hard,Bu Y.,Mannarino A.,72,54.0,2.0,1.8,1.89,2.0,2.01,2.0
2024-11-05,Open de Moselle,1st Round,Hard,Gaston H.,Droguet T.,81,174.0,1.8,2.0,1.9,1.99,1.9,2.02
2024-11-05,Open de Moselle,2nd Round,Hard,Moutet C.,Struff J.L.,66,40.0,2.5,1.53,2.74,1.52,2.74,1.59
2024-11-05,Open de Moselle,2nd Round,Hard,Rublev A.,Sonego L.,9,51.0,1.3,3.5,1.33,3.63,1.35,3.68
2024-11-05,Open de Moselle,1st Round,Hard,Bergs Z.,Guinard M.,61,264.0,1.17,5.0,1.19,5.26,1.2,5.4
2024-11-05,Belgrade Open,2nd Round,Hard,Lehecka J.,Cilic M.,31,196.0,1.53,2.5,1.59,2.54,1.59,2.56
2024-11-05,Belgrade Open,1st Round,Hard,Safiullin R.,Fognini F.,60,74.0,1.22,4.33,1.27,4.09,1.27,4.34
2024-11-05,Belgrade Open,1st Round,Hard,Djere L.,Wawrinka S.,141,148.0,2.2,1.67,2.21,1.74,2.21,1.74
2024-11-05,Belgrade Open,2nd Round,Hard,Medjedovic H.,Kovacevic A.,156,101.0,1.4,3.0,1.48,2.88,1.5,3.0
2024-11-05,Belgrade Open,2nd Round,Hard,Klein L.,Etcheverry T.,153,39.0,2.5,1.53,2.47,1.61,2.6,1.61
2024-11-06,Open de Moselle,2nd Round,Hard,Bonzi B.,Ruud C.,124,7.0,1.91,1.91,1.98,1.93,1.98,1.96
2024-11-06,Open de Moselle,2nd Round,Hard,Norrie C.,Van Assche L.,57,112.0,1.53,2.5,1.56,2.62,1.56,2.63
2024-11-06,Open de Moselle,2nd Round,Hard,Bergs Z.,Gaston H.,61,81.0,1.4,3.0,1.42,3.12,1.46,3.12
2024-11-06,Open de Moselle,2nd Round,Hard,Halys Q.,Herbert P.H.,84,127.0,1.25,4.0,1.28,4.1,1.3,4.1
2024-11-06,Belgrade Open,2nd Round,Hard,Cerundolo F.,Safiullin R.,29,60.0,2.5,1.53,2.48,1.61,2.5,1.64
2024-11-06,Open de Moselle,2nd Round,Hard,Bu Y.,De Jong J.,72,109.0,1.4,3.0,1.5,2.81,1.5,3.0
2024-11-06,Belgrade Open,2nd Round,Hard,Shapovalov D.,Borges N.,78,33.0,1.33,3.4,1.37,3.42,1.37,3.65
2024-11-06,Belgrade Open,2nd Round,Hard,Marozsan F.,Lajovic D.,59,86.0,1.73,2.1,1.74,2.23,1.74,2.23
2024-11-06,Belgrade Open,2nd Round,Hard,Djere L.,Ajdukovic D.,141,115.0,1.44,2.75,1.5,2.78,1.5,2.98
2024-11-06,Belgrade Open,2nd Round,Hard,O Connell C.,Altmaier D.,71,93.0,1.53,2.5,1.55,2.64,1.55,2.64
2024-11-07,Open de Moselle,Quarterfinals,Hard,Norrie C.,Bergs Z.,57,61.0,2.2,1.67,2.41,1.64,2.41,1.74
2024-11-07,Belgrade Open,Quarterfinals,Hard,Lehecka J.,Klein L.,31,153.0,1.36,3.2,1.43,3.08,1.44,3.2
2024-11-07,Belgrade Open,Quarterfinals,Hard,Shapovalov D.,O Connell C.,78,71.0,1.5,2.63,1.52,2.71,1.55,2.71
2024-11-07,Belgrade Open,Quarterfinals,Hard,Djere L.,Marozsan F.,141,59.0,1.8,2.0,1.88,2.03,1.9,2.09
2024-11-07,Belgrade Open,Quarterfinals,Hard,Medjedovic H.,Cerundolo F.,156,29.0,2.1,1.73,2.09,1.83,2.25,1.83
2024-11-07,Open de Moselle,Quarterfinals,Hard,Michelsen A.,Bu Y.,44,72.0,1.5,2.63,1.57,2.59,1.57,2.75
2024-11-07,Open de Moselle,Quarterfinals,Hard,Moutet C.,Rublev A.,66,9.0,,,,,,
2024-11-07,Open de Moselle,Quarterfinals,Hard,Bonzi B.,Halys Q.,124,84.0,1.73,2.1,1.8,2.13,1.8,2.23
2024-11-08,Open de Moselle,Semifinals,Hard,Norrie C.,Moutet C.,57,66.0,1.8,2.0,1.89,2.02,1.92,2.14
2024-11-08,Open de Moselle,Semifinals,Hard,Bonzi B.,Michelsen A.,124,44.0,1.91,1.91,2.0,1.89,2.06,2.03
2024-11-08,Belgrade Open,Semifinals,Hard,Medjedovic H.,Djere L.,156,141.0,1.62,2.3,1.71,2.26,1.74,2.32
2024-11-08,Belgrade Open,Semifinals,Hard,Shapovalov D.,Lehecka J.,78,31.0,1.67,2.2,1.74,2.23,1.76,2.24
2024-11-09,Belgrade Open,The Final,Hard,Shapovalov D.,Medjedovic H.,78,156.0,1.4,3.0,1.41,3.13,1.41,3.17
2024-11-09,Open de Moselle,The Final,Hard,Bonzi B.,Norrie C.,124,57.0,1.91,1.91,1.89,2.0,1.94,2.0
2024-11-10,Masters Cup,Round Robin,Hard,Fritz T.,Medvedev D.,5,4.0,2.1,1.73,2.16,1.77,2.22,1.8
2024-11-10,Masters Cup,Round Robin,Hard,Sinner J.,De Minaur A.,1,9.0,1.11,6.5,1.11,8.24,1.16,8.24
2024-11-11,Masters Cup,Round Robin,Hard,Ruud C.,Alcaraz C.,7,3.0,10.0,1.06,10.08,1.08,10.08,1.09
2024-11-11,Masters Cup,Round Robin,Hard,Zverev A.,Rublev A.,2,8.0,1.3,3.5,1.31,3.75,1.34,3.76
2024-11-12,Masters Cup,Round Robin,Hard,Sinner J.,Fritz T.,1,5.0,1.14,5.5,1.18,5.43,1.2,5.8
2024-11-12,Masters Cup,Round Robin,Hard,Medvedev D.,De Minaur A.,4,9.0,1.91,1.91,2.03,1.86,2.03,1.94
2024-11-13,Masters Cup,Round Robin,Hard,Alcaraz C.,Rublev A.,3,8.0,1.53,2.5,1.58,2.52,1.6,2.6
2024-11-13,Masters Cup,Round Robin,Hard,Zverev A.,Ruud C.,2,7.0,1.13,6.0,1.18,5.56,1.18,6.0
2024-11-14,Masters Cup,Round Robin,Hard,De Minaur A.,Fritz T.,9,5.0,3.2,1.36,3.09,1.42,3.2,1.42
2024-11-14,Masters Cup,Round Robin,Hard,Sinner J.,Medvedev D.,1,4.0,1.17,5.0,1.19,5.29,1.22,5.6
2024-11-15,Masters Cup,Round Robin,Hard,Zverev A.,Alcaraz C.,2,3.0,1.91,1.91,2.02,1.87,2.02,1.92
2024-11-15,Masters Cup,Round Robin,Hard,Ruud C.,Rublev A.,7,8.0,2.5,1.53,2.59,1.56,2.63,1.64
2024-11-16,Masters Cup,Semifinals,Hard,Sinner J.,Ruud C.,1,7.0,1.05,11.0,1.06,12.48,1.07,12.48
2024-11-16,Masters Cup,Semifinals,Hard,Fritz T.,Zverev A.,5,2.0,3.0,1.4,2.85,1.48,3.11,1.49
2024-11-17,Masters Cup,The Final,Hard,Sinner J.,Fritz T.,1,5.0,1.14,5.5,1.17,5.24,1.2,5.7
