date,tournament,round,surface,winner,loser,wrank,lrank,odds_winner,odds_loser,pin_winner,pin_loser,max_winner,max_loser
2024-12-29,Brisbane International,1st Round,Hard,Vukic A.,Goffin D.,68,52.0,2.0,1.8,2.08,1.83,2.14,1.83
2024-12-30,Brisbane International,1st Round,Hard,Michelsen A.,O Connell C.,41,64.0,1.44,2.75,1.48,2.85,1.48,2.9
2024-12-30,Brisbane International,1st Round,Hard,Bonzi B.,Tabilo A.,75,23.0,1.67,2.2,1.73,2.22,1.73,2.25
2024-12-30,Brisbane International,1st Round,Hard,Nishioka Y.,Rinderknech A.,69,59.0,1.53,2.5,1.64,2.39,1.65,2.5
2024-12-30,Brisbane International,1st Round,Hard,Thompson J.,Berrettini M.,26,34.0,2.63,1.5,2.47,1.6,2.63,1.6
2024-12-30,Brisbane International,1st Round,Hard,Jarry N.,Navone M.,35,47.0,1.36,3.2,1.4,3.16,1.4,3.3
2024-12-30,Brisbane International,1st Round,Hard,Dimitrov G.,Hanfmann Y.,10,96.0,1.14,5.5,1.15,6.43,1.17,6.43
2024-12-30,Brisbane International,1st Round,Hard,Lehecka J.,Rune H.,28,13.0,2.5,1.53,2.55,1.57,2.55,1.57
2024-12-30,Hong Kong Tennis Open,1st Round,Hard,Norrie C.,Tien L.,49,122.0,1.67,2.2,1.68,2.31,1.74,2.32
2024-12-30,Hong Kong Tennis Open,1st Round,Hard,Sonego L.,Nakashima B.,53,38.0,2.38,1.57,2.6,1.55,2.6,1.59
2024-12-30,Hong Kong Tennis Open,1st Round,Hard,Marozsan F.,Safiullin R.,58,60.0,2.63,1.5,2.44,1.61,2.63,1.61
2024-12-30,Hong Kong Tennis Open,1st Round,Hard,Kecmanovic M.,Darderi L.,54,44.0,1.3,3.5,1.37,3.36,1.37,3.53
2024-12-31,Hong Kong Tennis Open,1st Round,Hard,Diallo G.,Carballes Baena R.,87,57.0,1.4,3.0,1.43,3.02,1.45,3.02
2024-12-31,Hong Kong Tennis Open,1st Round,Hard,Nishikori K.,Shapovalov D.,106,56.0,2.5,1.53,2.37,1.65,2.51,1.65
2024-12-31,Hong Kong Tennis Open,1st Round,Hard,Bergs Z.,Moro Canas A.,71,169.0,1.44,2.75,1.48,2.82,1.51,2.82
2024-12-31,Hong Kong Tennis Open,1st Round,Hard,Shang J.,Wong C.,50,170.0,1.3,3.5,1.33,3.62,1.33,3.62
2024-12-31,Hong Kong Tennis Open,1st Round,Hard,Muller A.,Huesler M.A.,67,159.0,2.2,1.67,2.43,1.62,2.43,1.68
2024-12-31,Hong Kong Tennis Open,1st Round,Hard,Martinez P.,Passaro F.,43,108.0,1.8,2.0,1.92,1.97,1.95,2.02
2024-12-31,Hong Kong Tennis Open,1st Round,Hard,Borges N.,Bu Y.,36,65.0,2.0,1.8,2.2,1.74,2.2,1.82
2024-12-31,Hong Kong Tennis Open,1st Round,Hard,Munar J.,Davidovich Fokina A.,62,61.0,3.2,1.36,3.47,1.35,3.47,1.4
2024-12-31,Brisbane International,1st Round,Hard,Djokovic N.,Hijikata R.,7,73.0,1.04,13.0,1.05,13.89,1.06,13.89
2024-12-31,Brisbane International,1st Round,Hard,Opelka R.,Gomez F.,293,137.0,1.5,2.63,1.54,2.62,1.54,2.75
2024-12-31,Brisbane International,1st Round,Hard,Arnaldi M.,Popyrin A.,37,24.0,2.5,1.53,2.46,1.61,2.51,1.61
2024-12-31,Brisbane International,1st Round,Hard,Tiafoe F.,Walton A.,18,93.0,1.22,4.33,1.29,3.93,1.29,4.33
2024-12-31,Brisbane International,1st Round,Hard,Mensik J.,Kukushkin M.,48,113.0,1.29,3.75,1.31,3.77,1.33,3.77
2024-12-31,Brisbane International,1st Round,Hard,Lajovic D.,Cazaux A.,81,63.0,,,,,1.27,3.7
2024-12-31,Brisbane International,1st Round,Hard,Mpetshi G.,Kyrgios N.,31,,1.91,1.91,1.96,1.93,2.0,1.97
2024-12-31,Brisbane International,1st Round,Hard,Monfils G.,Basavareddy N.,55,138.0,1.62,2.3,1.72,2.23,1.74,2.3
2025-01-01,Brisbane International,2nd Round,Hard,Dimitrov G.,Vukic A.,10,68.0,1.2,4.5,1.21,5.06,1.22,5.06
2025-01-01,Brisbane International,2nd Round,Hard,Thompson J.,Michelsen A.,26,41.0,1.67,2.2,1.8,2.13,1.8,2.33
2025-01-01,Brisbane International,2nd Round,Hard,Jarry N.,Bonzi B.,35,75.0,2.63,1.5,2.61,1.56,2.63,1.57
2025-01-01,Hong Kong Tennis Open,2nd Round,Hard,Muller A.,Kecmanovic M.,67,54.0,3.0,1.4,2.84,1.49,3.0,1.49
2025-01-01,Hong Kong Tennis Open,2nd Round,Hard,Norrie C.,Sonego L.,49,53.0,1.57,2.38,1.72,2.26,1.72,2.42
2025-01-01,Hong Kong Tennis Open,2nd Round,Hard,Fils A.,Bergs Z.,20,71.0,1.44,2.75,1.5,2.8,1.5,2.85
2025-01-01,Hong Kong Tennis Open,2nd Round,Hard,Nishikori K.,Khachanov K.,106,19.0,2.2,1.67,2.21,1.75,2.21,1.76
2025-01-01,Brisbane International,2nd Round,Hard,Lehecka J.,Nishioka Y.,28,69.0,1.36,3.2,1.44,3.01,1.44,3.2
2025-01-02,Hong Kong Tennis Open,2nd Round,Hard,Munar J.,Borges N.,62,36.0,2.5,1.53,2.59,1.56,2.62,1.61
2025-01-02,Hong Kong Tennis Open,2nd Round,Hard,Musetti L.,Diallo G.,17,87.0,1.62,2.3,1.78,2.16,1.78,2.35
2025-01-02,Hong Kong Tennis Open,2nd Round,Hard,Shang J.,Martinez P.,50,43.0,1.3,3.5,1.33,3.7,1.36,3.7
2025-01-02,Hong Kong Tennis Open,2nd Round,Hard,Marozsan F.,Rublev A.,58,8.0,4.0,1.25,3.97,1.29,4.1,1.29
2025-01-02,Brisbane International,2nd Round,Hard,Opelka R.,Arnaldi M.,293,37.0,2.5,1.53,2.55,1.58,2.67,1.62
2025-01-02,Brisbane International,2nd Round,Hard,Djokovic N.,Monfils G.,7,55.0,1.06,10.0,1.09,9.51,1.09,10.0
2025-01-02,Brisbane International,2nd Round,Hard,Mpetshi G.,Tiafoe F.,31,18.0,2.0,1.8,2.2,1.76,2.2,1.8
2025-01-02,Brisbane International,2nd Round,Hard,Mensik J.,Lajovic D.,48,81.0,1.25,4.0,1.28,4.15,1.28,4.15
2025-01-03,Hong Kong Tennis Open,Quarterfinals,Hard,Nishikori K.,Norrie C.,106,49.0,1.73,2.1,1.73,2.24,1.73,2.25
2025-01-03,Brisbane International,Quarterfinals,Hard,Opelka R.,Djokovic N.,293,7.0,11.0,1.05,12.64,1.06,12.64,1.06
2025-01-03,Brisbane International,Quarterfinals,Hard,Mpetshi G.,Mensik J.,31,48.0,1.73,2.1,1.88,2.03,1.88,2.18
2025-01-03,Brisbane International,Quarterfinals,Hard,Dimitrov G.,Thompson J.,10,26.0,1.3,3.5,1.36,3.49,1.36,3.53
2025-01-03,Brisbane International,Quarterfinals,Hard,Lehecka J.,Jarry N.,28,35.0,1.36,3.2,1.44,3.03,1.44,3.2
2025-01-03,Hong Kong Tennis Open,Quarterfinals,Hard,Shang J.,Marozsan F.,50,58.0,1.62,2.3,1.58,2.55,1.62,2.55
2025-01-03,Hong Kong Tennis Open,Quarterfinals,Hard,Munar J.,Musetti L.,62,17.0,3.5,1.3,3.49,1.35,3.5,1.36
2025-01-03,Hong Kong Tennis Open,Quarterfinals,Hard,Muller A.,Fils A.,67,20.0,4.0,1.25,3.61,1.34,4.01,1.34
2025-01-04,Brisbane International,Semifinals,Hard,Opelka R.,Mpetshi G.,293,31.0,2.2,1.67,2.3,1.69,2.4,1.7
2025-01-04,Hong Kong Tennis Open,Semifinals,Hard,Muller A.,Munar J.,67,62.0,2.0,1.8,2.08,1.84,2.1,1.84
2025-01-04,Brisbane International,Semifinals,Hard,Lehecka J.,Dimitrov G.,28,10.0,2.63,1.5,2.62,1.56,2.63,1.57
2025-01-04,Hong Kong Tennis Open,Semifinals,Hard,Nishikori K.,Shang J.,106,50.0,1.8,2.0,1.88,2.03,1.88,2.1
2025-01-05,Brisbane International,The Final,Hard,Lehecka J.,Opelka R.,28,293.0,1.67,2.2,1.72,2.25,1.8,2.25
2025-01-05,ASB Classic,1st Round,Hard,Borges N.,Darderi L.,36,44.0,1.36,3.2,1.4,3.15,1.47,3.2
2025-01-05,Hong Kong Tennis Open,The Final,Hard,Muller A.,Nishikori K.,67,106.0,3.5,1.3,3.64,1.33,3.64,1.36
2025-01-06,Adelaide International,1st Round,Hard,Shapovalov D.,Zhang Zh.,58,47.0,1.62,2.3,1.66,2.35,1.67,2.35
2025-01-06,Adelaide International,1st Round,Hard,Davidovich Fokina A.,Bautista Agut R.,68,51.0,1.73,2.1,1.81,2.09,1.81,2.13
2025-01-06,Adelaide International,1st Round,Hard,O Connell C.,Rinderknech A.,64,60.0,1.62,2.3,1.63,2.42,1.63,2.42
2025-01-06,Adelaide International,1st Round,Hard,Kokkinakis T.,Nishioka Y.,77,63.0,1.57,2.38,1.68,2.3,1.7,2.4
2025-01-06,ASB Classic,1st Round,Hard,Carballes Baena R.,Altmaier D.,59,93.0,1.3,3.5,,,1.31,3.6
2025-01-06,ASB Classic,1st Round,Hard,Bergs Z.,Becroft I.,66,980.0,1.03,17.0,1.03,23.4,1.03,23.4
2025-01-06,ASB Classic,1st Round,Hard,Michelsen A.,Nagal S.,41,96.0,1.17,5.0,1.24,4.53,1.24,5.17
2025-01-06,ASB Classic,1st Round,Hard,Navone M.,Mannarino A.,46,73.0,2.63,1.5,2.5,1.59,2.72,1.59
2025-01-06,ASB Classic,1st Round,Hard,Nardi L.,Cobolli F.,90,32.0,2.75,1.44,2.71,1.52,2.81,1.53
2025-01-06,ASB Classic,1st Round,Hard,Sonego L.,Diallo G.,54,87.0,2.0,1.8,1.98,1.91,2.01,1.91
2025-01-06,ASB Classic,1st Round,Hard,Diaz Acosta F.,Norrie C.,78,48.0,4.5,1.2,4.29,1.26,5.36,1.26
2025-01-07,ASB Classic,1st Round,Hard,Monfils G.,Martinez P.,52,43.0,1.25,4.0,1.28,3.99,1.29,4.01
2025-01-07,ASB Classic,1st Round,Hard,Struff J.L.,Bu Y.,42,65.0,1.8,2.0,1.71,2.25,1.8,2.25
2025-01-07,ASB Classic,1st Round,Hard,Basavareddy N.,Comesana F.,133,85.0,1.22,4.33,1.28,4.03,1.28,4.36
2025-01-07,ASB Classic,2nd Round,Hard,Bergs Z.,Nardi L.,66,90.0,1.62,2.3,1.65,2.4,1.72,2.42
2025-01-07,ASB Classic,2nd Round,Hard,Basavareddy N.,Tabilo A.,133,23.0,1.8,2.0,1.82,2.11,1.91,2.11
2025-01-07,Adelaide International,1st Round,Hard,Etcheverry T.,Schoolkate T.,39,173.0,1.3,3.5,1.38,3.26,1.38,3.5
2025-01-07,Adelaide International,1st Round,Hard,Hijikata R.,Goffin D.,79,53.0,2.3,1.62,2.25,1.71,2.44,1.71
2025-01-07,Adelaide International,1st Round,Hard,Nakashima B.,Hanfmann Y.,37,98.0,1.3,3.5,1.32,3.65,1.33,3.74
2025-01-07,Adelaide International,1st Round,Hard,Cazaux A.,Walton A.,80,91.0,1.57,2.38,1.68,2.3,1.68,2.4
2025-01-07,Adelaide International,1st Round,Hard,Kecmanovic M.,Bublik A.,55,33.0,1.62,2.3,1.67,2.33,1.73,2.41
2025-01-07,Adelaide International,1st Round,Hard,Giron M.,Vukic A.,45,67.0,2.0,1.8,1.99,1.9,2.02,1.9
2025-01-07,Adelaide International,1st Round,Hard,Guinard M.,Safiullin R.,261,62.0,5.0,1.17,5.02,1.21,5.1,1.21
2025-01-07,ASB Classic,1st Round,Hard,Mensik J.,Carreno Busta P.,49,184.0,1.25,4.0,,,1.33,4.01
2025-01-07,Adelaide International,1st Round,Hard,Tu L.,Duckworth J.,179,94.0,2.2,1.67,2.25,1.71,2.28,1.71
2025-01-08,ASB Classic,2nd Round,Hard,Michelsen A.,Sonego L.,41,54.0,1.57,2.38,1.59,2.53,1.6,2.54
2025-01-08,Adelaide International,2nd Round,Hard,Auger-Aliassime F.,Cazaux A.,29,80.0,1.44,2.75,1.52,2.72,1.54,2.78
2025-01-08,ASB Classic,2nd Round,Hard,Borges N.,Navone M.,36,46.0,1.4,3.0,1.47,2.89,1.41,2.95
2025-01-08,ASB Classic,2nd Round,Hard,Mensik J.,Shelton B.,49,21.0,2.1,1.73,2.22,1.75,2.22,1.75
2025-01-08,ASB Classic,Quarterfinals,Hard,Basavareddy N.,Michelsen A.,133,41.0,2.5,1.53,2.63,1.55,2.63,1.7
2025-01-08,Adelaide International,2nd Round,Hard,Kokkinakis T.,Etcheverry T.,77,39.0,1.57,2.38,1.61,2.48,1.62,2.48
2025-01-08,Adelaide International,2nd Round,Hard,Paul T.,Guinard M.,12,261.0,1.07,9.0,1.08,10.77,1.09,10.77
2025-01-08,Adelaide International,2nd Round,Hard,Korda S.,Davidovich Fokina A.,22,68.0,2.2,1.67,2.26,1.71,2.26,1.71
2025-01-08,Adelaide International,2nd Round,Hard,Bonzi B.,Tu L.,70,179.0,1.44,2.75,1.5,2.8,1.5,2.8
2025-01-08,Adelaide International,2nd Round,Hard,Hijikata R.,Nakashima B.,79,37.0,3.0,1.4,3.18,1.41,3.2,1.41
2025-01-08,Adelaide International,2nd Round,Hard,Kecmanovic M.,O Connell C.,55,64.0,1.91,1.91,1.89,2.02,1.91,2.02
2025-01-08,Adelaide International,2nd Round,Hard,Giron M.,Shapovalov D.,45,58.0,2.75,1.44,2.77,1.51,2.78,1.54
2025-01-08,ASB Classic,2nd Round,Hard,Diaz Acosta F.,Baez S.,78,28.0,1.8,2.0,1.84,2.08,1.84,2.08
2025-01-08,ASB Classic,2nd Round,Hard,Monfils G.,Struff J.L.,52,42.0,2.2,1.67,2.21,1.75,2.21,1.75
2025-01-08,ASB Classic,2nd Round,Hard,Carballes Baena R.,Cerundolo F.,59,31.0,2.63,1.5,2.68,1.54,2.68,1.54
2025-01-09,ASB Classic,Quarterfinals,Hard,Monfils G.,Diaz Acosta F.,52,78.0,1.3,3.5,1.35,3.54,1.35,3.63
2025-01-09,ASB Classic,Quarterfinals,Hard,Bergs Z.,Carballes Baena R.,66,59.0,1.62,2.3,1.66,2.37,1.66,2.5
2025-01-09,ASB Classic,Quarterfinals,Hard,Borges N.,Mensik J.,36,49.0,2.75,1.44,2.93,1.47,2.93,1.47
2025-01-09,Adelaide International,Quarterfinals,Hard,Kecmanovic M.,Bonzi B.,55,70.0,1.62,2.3,1.63,2.44,1.67,2.44
2025-01-09,Adelaide International,Quarterfinals,Hard,Korda S.,Kokkinakis T.,22,77.0,1.67,2.2,1.67,2.35,1.69,2.35
2025-01-09,Adelaide International,Quarterfinals,Hard,Auger-Aliassime F.,Giron M.,29,45.0,1.62,2.3,1.66,2.37,1.66,2.37
2025-01-09,Adelaide International,Quarterfinals,Hard,Paul T.,Hijikata R.,12,79.0,1.3,3.5,1.28,4.07,1.3,4.07
2025-01-10,Adelaide International,Semifinals,Hard,Korda S.,Kecmanovic M.,22,55.0,1.8,2.0,1.8,2.13,1.83,2.13
2025-01-10,Adelaide International,Semifinals,Hard,Auger-Aliassime F.,Paul T.,29,12.0,2.2,1.67,2.27,1.71,2.3,1.71
2025-01-10,ASB Classic,Semifinals,Hard,Monfils G.,Basavareddy N.,52,133.0,1.67,2.2,1.71,2.27,1.76,2.27
2025-01-10,ASB Classic,Semifinals,Hard,Bergs Z.,Borges N.,66,36.0,1.91,1.91,1.92,1.99,2.03,1.99
2025-01-11,Adelaide International,The Final,Hard,Auger-Aliassime F.,Korda S.,29,22.0,2.1,1.73,2.19,1.76,2.19,1.76
2025-01-11,ASB Classic,The Final,Hard,Monfils G.,Bergs Z.,52,66.0,1.53,2.5,1.62,2.45,1.62,2.5
2025-01-12,Australian Open,1st Round,Hard,Zverev A.,Pouille L.,2,103.0,1.02,19.0,1.03,20.73,1.04,20.73
2025-01-12,Australian Open,1st Round,Hard,Halys Q.,Walton A.,74,90.0,2.0,1.8,2.01,1.9,2.01,1.91
2025-01-12,Australian Open,1st Round,Hard,Opelka R.,Onclin G.,170,239.0,1.29,3.75,1.33,3.68,1.33,3.75
2025-01-12,Australian Open,1st Round,Hard,Humbert U.,Gigante M.,14,145.0,1.08,8.0,1.11,8.5,1.11,8.5
2025-01-12,Australian Open,1st Round,Hard,Machac T.,Nagal S.,25,91.0,1.04,13.0,1.06,12.67,1.07,13.0
2025-01-12,Australian Open,1st Round,Hard,Martinez P.,Darderi L.,44,45.0,1.62,2.3,1.63,2.45,1.63,2.45
2025-01-12,Australian Open,1st Round,Hard,Habib H.,Bu Y.,219,67.0,3.2,1.36,3.39,1.37,3.39,1.38
2025-01-12,Australian Open,1st Round,Hard,Ruud C.,Munar J.,6,62.0,1.17,5.0,1.18,5.66,1.18,5.66
2025-01-12,Australian Open,1st Round,Hard,Nishikori K.,Monteiro T.,76,105.0,1.2,4.5,1.22,4.82,1.25,4.82
2025-01-12,Australian Open,1st Round,Hard,Fils A.,Virtanen O.,21,93.0,1.13,6.0,1.13,7.31,1.14,7.31
2025-01-12,Australian Open,1st Round,Hard,Gaston H.,Jasika O.,81,179.0,1.36,3.2,1.38,3.31,1.38,3.31
2025-01-12,Australian Open,1st Round,Hard,Lehecka J.,Tu L.,29,168.0,1.07,9.0,1.11,8.2,1.12,9.0
2025-01-13,Australian Open,1st Round,Hard,Nishioka Y.,Dougaz A.,65,231.0,1.14,5.5,1.18,5.67,1.18,5.67
2025-01-13,Australian Open,1st Round,Hard,Korda S.,Klein L.,22,144.0,1.33,3.4,1.36,3.47,1.36,3.47
2025-01-13,Australian Open,1st Round,Hard,Paul T.,O Connell C.,11,70.0,1.17,5.0,1.18,5.64,1.18,5.64
2025-01-13,Australian Open,1st Round,Hard,Faria J.,Kotov P.,125,97.0,2.38,1.57,2.4,1.65,2.4,1.65
2025-01-13,Australian Open,1st Round,Hard,Auger-Aliassime F.,Struff J.L.,23,43.0,1.44,2.75,1.49,2.85,1.5,2.94
2025-01-13,Australian Open,1st Round,Hard,Djokovic N.,Basavareddy N.,7,107.0,1.04,13.0,1.05,14.3,1.07,14.3
2025-01-13,Australian Open,1st Round,Hard,Alcaraz C.,Shevchenko A.,3,77.0,1.01,29.0,1.02,35.12,1.02,35.12
2025-01-13,Australian Open,1st Round,Hard,Fearnley J.,Kyrgios N.,92,,2.0,1.8,2.09,1.83,2.14,1.86
2025-01-13,Australian Open,1st Round,Hard,Bonzi B.,Goffin D.,64,54.0,1.5,2.63,1.65,2.4,1.65,2.63
2025-01-13,Australian Open,1st Round,Hard,Passaro F.,Dimitrov G.,104,10.0,11.0,1.05,11.77,1.07,11.86,1.07
2025-01-13,Australian Open,1st Round,Hard,Cazaux A.,Baez S.,78,28.0,1.4,3.0,1.42,3.13,1.42,3.13
2025-01-13,Australian Open,1st Round,Hard,Davidovich Fokina A.,Shang J.,66,50.0,2.0,1.8,2.09,1.83,2.1,1.83
2025-01-13,Australian Open,1st Round,Hard,Kokkinakis T.,Safiullin R.,71,63.0,1.57,2.38,1.65,2.4,1.67,2.4
2025-01-13,Australian Open,1st Round,Hard,Sinner J.,Jarry N.,1,36.0,1.01,26.0,1.02,29.95,1.02,29.95
2025-01-13,Australian Open,1st Round,Hard,Vukic A.,Dzumhur D.,68,82.0,1.29,3.75,1.34,3.56,1.34,3.75
2025-01-13,Australian Open,1st Round,Hard,Draper J.,Navone M.,18,47.0,1.05,11.0,1.08,11.12,1.11,11.12
2025-01-13,Australian Open,1st Round,Hard,Tiafoe F.,Rinderknech A.,16,61.0,1.25,4.0,1.27,4.18,1.3,4.18
2025-01-13,Australian Open,1st Round,Hard,Carballes Baena R.,Tabilo A.,57,26.0,2.63,1.5,2.79,1.5,2.79,1.53
2025-01-13,Australian Open,1st Round,Hard,Michelsen A.,Tsitsipas S.,42,12.0,2.5,1.53,2.44,1.63,2.53,1.63
2025-01-13,Australian Open,1st Round,Hard,Borges N.,Muller A.,33,58.0,1.67,2.2,1.7,2.3,1.7,2.3
2025-01-13,Australian Open,1st Round,Hard,Mensik J.,Basilashvili N.,48,206.0,1.17,5.0,1.16,6.32,1.18,6.32
2025-01-13,Australian Open,1st Round,Hard,Duckworth J.,Stricker D.,89,304.0,1.73,2.1,1.83,2.08,1.83,2.12
2025-01-13,Australian Open,1st Round,Hard,Mccabe J.,Landaluce M.,258,142.0,3.5,1.3,3.92,1.3,3.92,1.32
2025-01-13,Australian Open,1st Round,Hard,Thompson J.,Koepfer D.,27,124.0,1.36,3.2,1.39,3.26,1.42,3.26
2025-01-13,Australian Open,1st Round,Hard,Schoolkate T.,Daniel T.,173,113.0,2.0,1.8,1.97,1.93,2.02,1.93
2025-01-13,Australian Open,1st Round,Hard,Marozsan F.,Seyboth Wild T.,59,79.0,1.4,3.0,1.43,3.1,1.44,3.1
2025-01-14,Australian Open,1st Round,Hard,Etcheverry T.,Cobolli F.,38,32.0,1.57,2.38,1.62,2.46,1.63,2.52
2025-01-14,Australian Open,1st Round,Hard,Shelton B.,Nakashima B.,20,35.0,1.44,2.75,1.51,2.75,1.53,2.75
2025-01-14,Australian Open,1st Round,Hard,Sonego L.,Wawrinka S.,55,156.0,1.4,3.0,1.48,2.88,1.49,3.0
2025-01-14,Australian Open,1st Round,Hard,Krueger M.,Hijikata R.,146,72.0,3.0,1.4,2.99,1.45,3.1,1.54
2025-01-14,Australian Open,1st Round,Hard,Giron M.,Hanfmann Y.,46,95.0,1.25,4.0,1.28,4.13,1.28,4.13
2025-01-14,Australian Open,1st Round,Hard,Musetti L.,Arnaldi M.,15,39.0,1.57,2.38,1.6,2.5,1.6,2.5
2025-01-14,Australian Open,1st Round,Hard,Moutet C.,Popyrin A.,69,24.0,4.33,1.22,4.67,1.24,4.67,1.28
2025-01-14,Australian Open,1st Round,Hard,De Minaur A.,Van De Zandschulp B.,8,84.0,1.06,10.0,1.08,10.59,1.08,10.59
2025-01-14,Australian Open,1st Round,Hard,Carreno Busta P.,Majchrzak K.,182,122.0,1.62,2.3,1.77,2.18,1.77,2.34
2025-01-14,Australian Open,1st Round,Hard,Fonseca J.,Rublev A.,112,9.0,2.3,1.62,2.48,1.61,2.48,1.66
2025-01-14,Australian Open,1st Round,Hard,Shapovalov D.,Bautista Agut R.,56,53.0,1.36,3.2,1.37,3.41,1.38,3.41
2025-01-14,Australian Open,1st Round,Hard,Altmaier D.,Comesana F.,101,85.0,1.8,2.0,1.93,2.0,1.93,2.01
2025-01-14,Australian Open,1st Round,Hard,Boyer T.,Coria F.,136,96.0,1.14,5.5,1.17,5.93,1.17,6.22
2025-01-14,Australian Open,1st Round,Hard,Diaz Acosta F.,Bergs Z.,73,60.0,2.75,1.44,2.86,1.48,2.86,1.5
2025-01-14,Australian Open,1st Round,Hard,Berrettini M.,Norrie C.,34,52.0,1.36,3.2,1.42,3.11,1.45,3.2
2025-01-14,Australian Open,1st Round,Hard,Kecmanovic M.,Lajovic D.,51,80.0,1.17,5.0,1.25,4.48,1.25,5.05
2025-01-14,Australian Open,1st Round,Hard,Diallo G.,Nardi L.,86,83.0,1.44,2.75,1.47,2.92,1.5,2.92
2025-01-14,Australian Open,1st Round,Hard,Rune H.,Zhang Zh.,13,49.0,1.3,3.5,1.33,3.68,1.36,3.68
2025-01-14,Australian Open,1st Round,Hard,Fritz T.,Brooksby J.,4,,1.03,17.0,1.05,14.34,1.05,17.0
2025-01-14,Australian Open,1st Round,Hard,Khachanov K.,Mannarino A.,19,75.0,1.1,7.0,1.14,6.81,1.14,7.03
2025-01-14,Australian Open,1st Round,Hard,Tien L.,Ugo Carabelli C.,121,94.0,1.14,5.5,1.19,5.49,1.19,6.12
2025-01-14,Australian Open,1st Round,Hard,Medvedev D.,Samrej K.,5,418.0,1.0,51.0,1.01,42.16,1.01,51.0
2025-01-14,Australian Open,1st Round,Hard,Cerundolo F.,Bublik A.,31,37.0,1.57,2.38,1.63,2.44,1.63,2.45
2025-01-14,Australian Open,1st Round,Hard,Monfils G.,Mpetshi G.,41,30.0,2.3,1.62,2.13,1.81,2.3,1.81
2025-01-14,Australian Open,1st Round,Hard,Hurkacz H.,Griekspoor T.,17,40.0,1.36,3.2,1.4,3.2,1.42,3.25
2025-01-14,Australian Open,1st Round,Hard,Garin C.,Coric B.,150,87.0,2.1,1.73,2.01,1.89,2.1,1.9
2025-01-15,Australian Open,2nd Round,Hard,Fearnley J.,Cazaux A.,92,78.0,1.62,2.3,1.65,2.4,1.68,2.4
2025-01-15,Australian Open,2nd Round,Hard,Paul T.,Nishikori K.,11,76.0,1.4,3.0,1.45,2.97,1.47,3.0
2025-01-15,Australian Open,2nd Round,Hard,Zverev A.,Martinez P.,2,44.0,1.02,21.0,1.02,28.08,1.02,28.08
2025-01-15,Australian Open,2nd Round,Hard,Humbert U.,Habib H.,14,219.0,1.08,8.0,1.13,7.35,1.13,8.0
2025-01-15,Australian Open,2nd Round,Hard,Davidovich Fokina A.,Auger-Aliassime F.,66,23.0,3.75,1.29,3.84,1.31,3.84,1.33
2025-01-15,Australian Open,2nd Round,Hard,Draper J.,Kokkinakis T.,18,71.0,1.44,2.75,1.47,2.92,1.56,2.92
2025-01-15,Australian Open,2nd Round,Hard,Mensik J.,Ruud C.,48,6.0,2.1,1.73,2.17,1.78,2.23,1.78
2025-01-15,Australian Open,2nd Round,Hard,Vukic A.,Korda S.,68,22.0,4.33,1.22,4.15,1.28,4.33,1.28
2025-01-15,Australian Open,2nd Round,Hard,Borges N.,Thompson J.,33,27.0,1.91,1.91,1.95,1.95,1.95,2.04
2025-01-15,Australian Open,2nd Round,Hard,Djokovic N.,Faria J.,7,125.0,1.01,23.0,1.02,29.32,1.03,29.32
2025-01-15,Australian Open,2nd Round,Hard,Carballes Baena R.,Duckworth J.,57,89.0,1.57,2.38,1.63,2.45,1.63,2.45
2025-01-15,Australian Open,2nd Round,Hard,Bonzi B.,Passaro F.,64,104.0,1.25,4.0,1.28,4.1,1.32,4.1
2025-01-15,Australian Open,2nd Round,Hard,Alcaraz C.,Nishioka Y.,3,65.0,1.02,19.0,1.02,29.55,1.02,29.55
2025-01-15,Australian Open,2nd Round,Hard,Lehecka J.,Gaston H.,29,81.0,1.05,11.0,1.09,9.71,1.09,11.4
2025-01-15,Australian Open,2nd Round,Hard,Machac T.,Opelka R.,25,170.0,1.33,3.4,1.35,3.5,1.38,3.5
2025-01-15,Australian Open,2nd Round,Hard,Fils A.,Halys Q.,21,74.0,1.22,4.33,1.25,4.51,1.25,4.51
2025-01-16,Australian Open,2nd Round,Hard,Giron M.,Etcheverry T.,46,38.0,1.91,1.91,2.0,1.91,2.0,1.94
2025-01-16,Australian Open,2nd Round,Hard,Tien L.,Medvedev D.,121,5.0,5.0,1.17,6.77,1.14,6.77,1.19
2025-01-16,Australian Open,2nd Round,Hard,Rune H.,Berrettini M.,13,34.0,2.2,1.67,2.25,1.72,2.25,1.77
2025-01-16,Australian Open,2nd Round,Hard,Sonego L.,Fonseca J.,55,112.0,5.0,1.17,4.82,1.22,5.2,1.23
2025-01-16,Australian Open,2nd Round,Hard,Marozsan F.,Tiafoe F.,59,16.0,2.75,1.44,2.56,1.58,2.75,1.58
2025-01-16,Australian Open,2nd Round,Hard,Michelsen A.,Mccabe J.,42,258.0,1.11,6.5,1.14,7.05,1.15,7.05
2025-01-16,Australian Open,2nd Round,Hard,Fritz T.,Garin C.,4,150.0,1.04,13.0,1.04,18.2,1.04,18.2
2025-01-16,Australian Open,2nd Round,Hard,Sinner J.,Schoolkate T.,1,173.0,1.01,34.0,1.01,51.48,1.02,51.48
2025-01-16,Australian Open,2nd Round,Hard,De Minaur A.,Boyer T.,8,136.0,1.03,15.0,1.04,17.5,1.05,17.5
2025-01-16,Australian Open,2nd Round,Hard,Kecmanovic M.,Hurkacz H.,51,17.0,3.75,1.29,3.52,1.35,3.75,1.35
2025-01-16,Australian Open,2nd Round,Hard,Khachanov K.,Diallo G.,19,86.0,1.33,3.4,1.31,3.85,1.33,3.85
2025-01-16,Australian Open,2nd Round,Hard,Monfils G.,Altmaier D.,41,101.0,1.2,4.5,1.24,4.46,1.26,4.54
2025-01-16,Australian Open,2nd Round,Hard,Moutet C.,Krueger M.,69,146.0,1.5,2.63,1.56,2.61,1.56,2.75
2025-01-16,Australian Open,2nd Round,Hard,Cerundolo F.,Diaz Acosta F.,31,73.0,1.4,3.0,1.36,3.48,1.42,3.48
2025-01-16,Australian Open,2nd Round,Hard,Musetti L.,Shapovalov D.,15,56.0,2.1,1.73,2.08,1.84,2.1,1.87
2025-01-16,Australian Open,2nd Round,Hard,Shelton B.,Carreno Busta P.,20,182.0,1.3,3.5,1.32,3.77,1.35,3.77
2025-01-17,Australian Open,3rd Round,Hard,Lehecka J.,Bonzi B.,29,64.0,1.29,3.75,1.29,4.01,1.3,4.01
2025-01-17,Australian Open,3rd Round,Hard,Djokovic N.,Machac T.,7,25.0,1.22,4.33,1.22,4.85,1.28,4.85
2025-01-17,Australian Open,3rd Round,Hard,Davidovich Fokina A.,Mensik J.,66,48.0,2.63,1.5,2.65,1.55,2.72,1.55
2025-01-17,Australian Open,3rd Round,Hard,Draper J.,Vukic A.,18,68.0,1.22,4.33,1.2,5.29,1.24,5.29
2025-01-17,Australian Open,3rd Round,Hard,Alcaraz C.,Borges N.,3,33.0,1.03,17.0,1.03,23.4,1.04,23.4
2025-01-17,Australian Open,3rd Round,Hard,Paul T.,Carballes Baena R.,11,57.0,1.13,6.0,1.16,6.23,1.17,6.23
2025-01-17,Australian Open,3rd Round,Hard,Zverev A.,Fearnley J.,2,92.0,1.07,9.0,1.08,10.86,1.08,10.86
2025-01-17,Australian Open,3rd Round,Hard,Humbert U.,Fils A.,14,21.0,1.57,2.38,1.65,2.39,1.66,2.48
2025-01-18,Australian Open,3rd Round,Hard,Michelsen A.,Khachanov K.,42,19.0,2.5,1.53,2.5,1.6,2.5,1.66
2025-01-18,Australian Open,3rd Round,Hard,Monfils G.,Fritz T.,41,4.0,7.0,1.1,7.4,1.13,7.4,1.15
2025-01-18,Australian Open,3rd Round,Hard,De Minaur A.,Cerundolo F.,8,31.0,1.08,8.0,1.11,8.45,1.13,8.45
2025-01-18,Australian Open,3rd Round,Hard,Sonego L.,Marozsan F.,55,59.0,1.8,2.0,1.85,2.07,1.85,2.1
2025-01-18,Australian Open,3rd Round,Hard,Tien L.,Moutet C.,121,69.0,1.91,1.91,1.93,1.98,1.93,2.01
2025-01-18,Australian Open,3rd Round,Hard,Shelton B.,Musetti L.,20,15.0,1.62,2.3,1.63,2.43,1.69,2.43
2025-01-18,Australian Open,3rd Round,Hard,Sinner J.,Giron M.,1,46.0,1.01,23.0,1.02,32.69,1.03,32.69
2025-01-18,Australian Open,3rd Round,Hard,Rune H.,Kecmanovic M.,13,51.0,1.44,2.75,1.5,2.78,1.5,2.85
2025-01-19,Australian Open,4th Round,Hard,Zverev A.,Humbert U.,2,14.0,1.17,5.0,1.17,5.89,1.21,5.89
2025-01-19,Australian Open,4th Round,Hard,Djokovic N.,Lehecka J.,7,29.0,1.25,4.0,1.23,4.68,1.28,4.68
2025-01-19,Australian Open,4th Round,Hard,Alcaraz C.,Draper J.,3,18.0,1.08,8.0,1.09,10.06,1.12,10.06
2025-01-19,Australian Open,4th Round,Hard,Paul T.,Davidovich Fokina A.,11,66.0,1.25,4.0,1.25,4.5,1.28,4.5
2025-01-20,Australian Open,4th Round,Hard,Sinner J.,Rune H.,1,13.0,1.08,8.0,1.07,11.23,1.09,11.23
2025-01-20,Australian Open,4th Round,Hard,Sonego L.,Tien L.,55,121.0,1.67,2.2,1.74,2.22,1.86,2.22
2025-01-20,Australian Open,4th Round,Hard,Shelton B.,Monfils G.,20,41.0,1.62,2.3,1.6,2.5,1.63,2.5
2025-01-20,Australian Open,4th Round,Hard,De Minaur A.,Michelsen A.,8,42.0,1.25,4.0,1.28,4.12,1.29,4.12
2025-01-21,Australian Open,Quarterfinals,Hard,Zverev A.,Paul T.,2,11.0,1.33,3.4,1.36,3.4,1.37,3.48
2025-01-21,Australian Open,Quarterfinals,Hard,Djokovic N.,Alcaraz C.,7,3.0,2.5,1.53,2.62,1.56,2.7,1.56
2025-01-22,Australian Open,Quarterfinals,Hard,Shelton B.,Sonego L.,20,55.0,1.36,3.2,1.4,3.22,1.4,3.3
2025-01-22,Australian Open,Quarterfinals,Hard,Sinner J.,De Minaur A.,1,8.0,1.17,5.0,1.19,5.34,1.19,5.5
2025-01-24,Australian Open,Semifinals,Hard,Sinner J.,Shelton B.,1,20.0,1.05,11.0,1.09,10.06,1.09,11.0
2025-01-24,Australian Open,Semifinals,Hard,Zverev A.,Djokovic N.,2,7.0,2.3,1.62,2.45,1.63,2.45,1.7
2025-01-26,Australian Open,The Final,Hard,Sinner J.,Zverev A.,1,2.0,1.33,3.4,1.34,3.6,1.39,3.4
2025-01-27,Open Sud de France,1st Round,Hard,Bu Y.,Altmaier D.,71,91.0,1.57,2.38,1.73,2.22,1.73,2.4
2025-01-27,Open Sud de France,1st Round,Hard,Cazaux A.,Wawrinka S.,101,154.0,1.53,2.5,1.56,2.56,1.62,2.6
2025-01-27,Open Sud de France,1st Round,Hard,Koepfer D.,Barrere G.,118,144.0,2.1,1.73,2.04,1.85,2.1,1.96
2025-01-28,Open Sud de France,1st Round,Hard,Eubanks C.,Kachmazov A.,111,199.0,1.8,2.0,1.85,2.05,1.85,2.12
2025-01-28,Open Sud de France,1st Round,Hard,Lestienne C.,Coric B.,177,103.0,2.0,1.8,1.94,1.94,2.0,1.94
2025-01-28,Open Sud de France,1st Round,Hard,Griekspoor T.,Van De Zandschulp B.,46,84.0,1.57,2.38,1.66,2.35,1.66,2.53
2025-01-28,Open Sud de France,1st Round,Hard,Bellucci M.,Pouille L.,98,104.0,2.1,1.73,2.04,1.85,2.25,1.85
2025-01-28,Open Sud de France,1st Round,Hard,Gasquet R.,Mannarino A.,132,108.0,2.1,1.73,2.09,1.82,2.12,1.82
2025-01-28,Open Sud de France,1st Round,Hard,Rinderknech A.,Mayot H.,61,130.0,1.44,2.75,1.45,2.93,1.48,2.93
2025-01-29,Open Sud de France,2nd Round,Hard,Auger-Aliassime F.,Cazaux A.,23,101.0,1.44,2.75,1.43,3.08,1.46,3.08
2025-01-29,Open Sud de France,2nd Round,Hard,Bublik A.,Koepfer D.,39,118.0,1.67,2.2,1.77,2.18,1.77,2.25
2025-01-29,Open Sud de France,2nd Round,Hard,Bu Y.,Lestienne C.,71,177.0,1.62,2.3,1.61,2.49,1.67,2.49
2025-01-29,Open Sud de France,1st Round,Hard,Basilashvili N.,Kukushkin M.,178,112.0,1.57,2.38,1.7,2.27,1.7,2.4
2025-01-29,Open Sud de France,1st Round,Hard,Kovacevic A.,Goffin D.,102,56.0,1.62,2.3,1.65,2.37,1.65,2.38
2025-01-29,Open Sud de France,1st Round,Hard,De Jong J.,Halys Q.,131,74.0,2.63,1.5,2.59,1.56,2.65,1.56
2025-01-29,Open Sud de France,2nd Round,Hard,Rublev A.,Eubanks C.,10,111.0,1.25,4.0,1.26,4.29,1.26,4.29
2025-01-30,Open Sud de France,2nd Round,Hard,De Jong J.,Cobolli F.,131,34.0,2.63,1.5,2.59,1.57,2.63,1.57
2025-01-30,Open Sud de France,2nd Round,Hard,Kovacevic A.,Bellucci M.,102,98.0,1.8,2.0,1.76,2.19,1.82,2.19
2025-01-30,Open Sud de France,2nd Round,Hard,Griekspoor T.,Gasquet R.,46,132.0,1.36,3.2,1.44,3.04,1.44,3.2
2025-01-30,Open Sud de France,2nd Round,Hard,Basilashvili N.,Rinderknech A.,178,61.0,2.3,1.62,2.3,1.69,2.38,1.69
2025-01-31,Open Sud de France,Quarterfinals,Hard,Auger-Aliassime F.,Bu Y.,23,71.0,1.25,4.0,1.26,4.3,1.29,4.3
2025-01-31,Open Sud de France,Quarterfinals,Hard,De Jong J.,Griekspoor T.,131,46.0,2.75,1.44,3.0,1.45,3.0,1.46
2025-01-31,Open Sud de France,Quarterfinals,Hard,Rublev A.,Basilashvili N.,10,178.0,1.2,4.5,1.24,4.53,1.25,4.6
2025-01-31,Open Sud de France,Quarterfinals,Hard,Kovacevic A.,Bublik A.,102,39.0,2.2,1.67,2.27,1.71,2.27,1.73
2025-02-01,Open Sud de France,Semifinals,Hard,Kovacevic A.,Rublev A.,102,10.0,4.0,1.25,3.94,1.3,4.0,1.3
2025-02-01,Open Sud de France,Semifinals,Hard,Auger-Aliassime F.,De Jong J.,23,131.0,1.17,5.0,1.21,5.13,1.21,5.16
2025-02-02,Open Sud de France,The Final,Hard,Auger-Aliassime F.,Kovacevic A.,23,102.0,1.25,4.0,1.29,3.98,1.29,4.0
2025-02-03,Dallas Open,1st Round,Hard,Davidovich Fokina A.,Holt B.,59,179.0,1.4,3.0,1.43,3.03,1.45,3.07
2025-02-03,Dallas Open,1st Round,Hard,Arnaldi M.,Eubanks C.,39,104.0,1.8,2.0,1.79,2.12,1.85,2.12
2025-02-03,Dallas Open,1st Round,Hard,Hijikata R.,Mannarino A.,73,107.0,1.73,2.1,1.76,2.17,1.8,2.36
2025-02-03,ABN AMRO World Tennis Tournament,1st Round,Hard,Medvedev D.,Wawrinka S.,7,155.0,1.14,5.5,1.17,5.94,1.18,5.94
2025-02-03,ABN AMRO World Tennis Tournament,1st Round,Hard,Tsitsipas S.,Mayot H.,12,138.0,1.3,3.5,1.32,3.67,1.36,3.67
2025-02-03,ABN AMRO World Tennis Tournament,1st Round,Hard,Hurkacz H.,Cobolli F.,21,35.0,1.29,3.75,1.32,3.66,1.33,3.75
2025-02-03,ABN AMRO World Tennis Tournament,1st Round,Hard,Bellucci M.,Rottgering M.,92,839.0,1.05,11.0,1.07,11.24,1.08,11.24
2025-02-04,ABN AMRO World Tennis Tournament,1st Round,Hard,Alcaraz C.,Van De Zandschulp B.,3,84.0,1.07,9.0,1.07,10.79,1.09,10.79
2025-02-04,ABN AMRO World Tennis Tournament,1st Round,Hard,Mensik J.,Bublik A.,47,49.0,1.4,3.0,1.42,3.06,1.46,3.06
2025-02-04,ABN AMRO World Tennis Tournament,1st Round,Hard,Rublev A.,Zhang Zh.,10,50.0,1.22,4.33,1.25,4.37,1.28,4.49
2025-02-04,ABN AMRO World Tennis Tournament,1st Round,Hard,Martinez P.,Bautista Agut R.,44,52.0,2.2,1.67,2.39,1.64,2.39,1.69
2025-02-04,ABN AMRO World Tennis Tournament,1st Round,Hard,Rune H.,Sonego L.,14,34.0,1.36,3.2,1.35,3.46,1.4,3.46
2025-02-04,ABN AMRO World Tennis Tournament,1st Round,Hard,De Minaur A.,Goffin D.,8,56.0,1.06,10.0,1.09,9.57,1.09,10.51
2025-02-04,Dallas Open,1st Round,Hard,Tiafoe F.,Daniel T.,18,117.0,1.17,5.0,1.19,5.28,1.26,5.28
2025-02-04,Dallas Open,1st Round,Hard,Quinn E.,Svajda T.,199,669.0,1.2,4.5,1.24,4.53,1.25,4.53
2025-02-04,Dallas Open,1st Round,Hard,Paul T.,Brooksby J.,9,1093.0,1.05,11.0,1.09,9.59,1.09,11.3
2025-02-04,Dallas Open,1st Round,Hard,Norrie C.,Michelsen A.,63,36.0,2.75,1.44,2.66,1.56,2.75,1.56
2025-02-04,ABN AMRO World Tennis Tournament,1st Round,Hard,Lehecka J.,Popyrin A.,24,26.0,1.4,3.0,1.41,3.11,1.45,3.15
2025-02-05,Dallas Open,1st Round,Hard,Opelka R.,Shevchenko A.,145,82.0,1.4,3.0,1.4,3.16,1.41,3.16
2025-02-05,Dallas Open,1st Round,Hard,Shelton B.,Vukic A.,13,66.0,1.2,4.5,1.23,4.68,1.23,4.68
2025-02-05,Dallas Open,1st Round,Hard,Ruud C.,Duckworth J.,5,86.0,,,,,1.1,6.75
2025-02-05,Dallas Open,1st Round,Hard,Munar J.,Bu Y.,64,68.0,2.5,1.53,2.37,1.65,2.6,1.65
2025-02-05,Dallas Open,1st Round,Hard,Nishioka Y.,Nakashima B.,67,42.0,2.63,1.5,2.59,1.56,2.63,1.58
2025-02-05,Dallas Open,1st Round,Hard,Machac T.,Nishikori K.,25,71.0,1.5,2.63,1.52,2.68,1.53,2.68
2025-02-05,ABN AMRO World Tennis Tournament,1st Round,Hard,Fils A.,Lestienne C.,19,169.0,1.2,4.5,1.22,4.81,1.23,4.81
2025-02-05,ABN AMRO World Tennis Tournament,1st Round,Hard,Marozsan F.,Struff J.L.,57,45.0,2.2,1.67,2.34,1.66,2.34,1.68
2025-02-05,ABN AMRO World Tennis Tournament,1st Round,Hard,Vavassori A.,Auger-Aliassime F.,317,23.0,8.0,1.08,7.82,1.11,8.01,1.11
2025-02-05,ABN AMRO World Tennis Tournament,1st Round,Hard,Griekspoor T.,Berrettini M.,43,33.0,2.38,1.57,2.54,1.57,2.54,1.61
2025-02-05,ABN AMRO World Tennis Tournament,2nd Round,Hard,Bellucci M.,Medvedev D.,92,7.0,3.5,1.3,3.66,1.31,4.66,1.36
2025-02-05,ABN AMRO World Tennis Tournament,2nd Round,Hard,Hurkacz H.,Lehecka J.,21,24.0,2.1,1.73,2.16,1.78,2.16,1.8
2025-02-05,ABN AMRO World Tennis Tournament,1st Round,Hard,Altmaier D.,Kovacevic A.,93,75.0,,,,,6.25,1.13
2025-02-05,Dallas Open,1st Round,Hard,Mmoh M.,Carballes Baena R.,422,51.0,2.3,1.62,2.33,1.67,2.49,1.67
2025-02-06,ABN AMRO World Tennis Tournament,2nd Round,Hard,De Minaur A.,Mensik J.,8,47.0,1.4,3.0,1.4,3.3,1.41,3.3
2025-02-06,ABN AMRO World Tennis Tournament,2nd Round,Hard,Altmaier D.,Fils A.,93,19.0,4.0,1.25,4.46,1.25,4.46,1.27
2025-02-06,ABN AMRO World Tennis Tournament,2nd Round,Hard,Rublev A.,Marozsan F.,10,57.0,1.25,4.0,1.28,4.14,1.32,4.14
2025-02-06,ABN AMRO World Tennis Tournament,2nd Round,Hard,Tsitsipas S.,Griekspoor T.,12,43.0,1.73,2.1,1.78,2.16,1.78,2.17
2025-02-06,ABN AMRO World Tennis Tournament,2nd Round,Hard,Alcaraz C.,Vavassori A.,3,317.0,1.07,9.0,1.08,7.11,1.09,15.2
2025-02-06,Dallas Open,2nd Round,Hard,Ruud C.,Mmoh M.,5,422.0,1.2,4.5,1.21,5.19,1.22,5.19
2025-02-06,ABN AMRO World Tennis Tournament,2nd Round,Hard,Martinez P.,Rune H.,44,14.0,4.5,1.2,3.85,1.23,6.43,1.25
2025-02-06,Dallas Open,1st Round,Hard,Fritz T.,Rinderknech A.,4,60.0,1.08,8.0,1.12,7.57,1.12,8.0
2025-02-06,Dallas Open,1st Round,Hard,Shapovalov D.,Kecmanovic M.,54,55.0,1.57,2.38,1.68,2.32,1.68,2.39
2025-02-06,Dallas Open,2nd Round,Hard,Nishioka Y.,Tiafoe F.,67,18.0,2.5,1.53,2.61,1.56,2.61,1.57
2025-02-06,Dallas Open,2nd Round,Hard,Arnaldi M.,Davidovich Fokina A.,39,59.0,2.2,1.67,2.28,1.71,2.28,1.71
2025-02-06,Dallas Open,2nd Round,Hard,Munar J.,Shelton B.,64,13.0,7.0,1.1,7.74,1.12,7.74,1.13
2025-02-06,Dallas Open,2nd Round,Hard,Machac T.,Hijikata R.,25,73.0,1.14,5.5,1.15,6.37,1.16,6.37
2025-02-06,Dallas Open,2nd Round,Hard,Opelka R.,Norrie C.,145,63.0,1.73,2.1,1.75,2.22,1.75,2.22
2025-02-07,ABN AMRO World Tennis Tournament,Quarterfinals,Hard,Alcaraz C.,Martinez P.,3,44.0,1.05,11.0,1.08,7.35,1.08,12.9
2025-02-07,Dallas Open,2nd Round,Hard,Paul T.,Quinn E.,9,199.0,1.14,5.5,1.18,5.75,1.18,5.75
2025-02-07,Dallas Open,2nd Round,Hard,Shapovalov D.,Fritz T.,54,4.0,3.75,1.29,3.89,1.3,3.89,1.31
2025-02-07,Dallas Open,Quarterfinals,Hard,Munar J.,Arnaldi M.,64,39.0,2.3,1.62,2.53,1.59,2.62,1.65
2025-02-07,Dallas Open,Quarterfinals,Hard,Ruud C.,Nishioka Y.,5,67.0,1.4,3.0,1.4,3.24,1.4,3.24
2025-02-07,ABN AMRO World Tennis Tournament,Quarterfinals,Hard,Hurkacz H.,Rublev A.,21,10.0,2.1,1.73,2.1,1.83,2.13,1.83
2025-02-07,ABN AMRO World Tennis Tournament,Quarterfinals,Hard,Bellucci M.,Tsitsipas S.,92,12.0,2.75,1.44,2.62,1.45,3.01,1.5
2025-02-07,ABN AMRO World Tennis Tournament,Quarterfinals,Hard,De Minaur A.,Altmaier D.,8,93.0,1.06,10.0,1.08,10.47,1.09,10.82
2025-02-08,ABN AMRO World Tennis Tournament,Semifinals,Hard,De Minaur A.,Bellucci M.,8,92.0,1.17,4.5,1.2,5.25,1.21,5.25
2025-02-08,ABN AMRO World Tennis Tournament,Semifinals,Hard,Alcaraz C.,Hurkacz H.,3,21.0,1.25,4.0,1.26,4.36,1.26,4.4
2025-02-08,Dallas Open,Quarterfinals,Hard,Shapovalov D.,Machac T.,54,25.0,2.2,1.67,2.17,1.78,2.2,1.78
2025-02-08,Dallas Open,Semifinals,Hard,Shapovalov D.,Paul T.,54,9.0,2.63,1.5,2.6,1.54,2.63,1.54
2025-02-08,Dallas Open,Semifinals,Hard,Ruud C.,Munar J.,5,64.0,1.33,3.4,1.38,3.31,1.38,3.4
2025-02-08,Dallas Open,Quarterfinals,Hard,Paul T.,Opelka R.,9,145.0,1.53,2.5,1.58,2.55,1.58,2.75
2025-02-09,ABN AMRO World Tennis Tournament,The Final,Hard,Alcaraz C.,De Minaur A.,3,8.0,1.36,3.2,1.4,3.24,1.4,3.55
2025-02-09,Dallas Open,The Final,Hard,Shapovalov D.,Ruud C.,54,5.0,1.62,2.3,1.7,2.28,1.71,2.3
2025-02-10,Delray Beach Open,1st Round,Hard,Norrie C.,Svajda Z.,61,169.0,1.44,2.75,1.47,2.67,1.52,3.35
2025-02-10,Open 13,1st Round,Hard,Sonego L.,Van De Zandschulp B.,35,85.0,1.8,2.0,1.85,2.05,1.85,2.05
2025-02-10,Open 13,1st Round,Hard,Virtanen O.,Korda S.,98,23.0,3.2,1.36,3.29,1.38,3.3,1.38
2025-02-10,Open 13,1st Round,Hard,Medjedovic H.,Collignon R.,96,122.0,1.33,3.4,1.35,3.46,1.36,3.46
2025-02-10,Delray Beach Open,1st Round,Hard,Mmoh M.,Shevchenko A.,328,88.0,1.91,1.91,1.92,1.97,1.92,2.08
2025-02-10,Delray Beach Open,1st Round,Hard,Quinn E.,Boyer T.,150,113.0,2.0,1.8,2.0,1.88,2.06,1.88
2025-02-10,Delray Beach Open,1st Round,Hard,Kecmanovic M.,Gojo B.,56,414.0,1.36,3.2,1.39,3.23,1.4,3.3
2025-02-10,Argentina Open,1st Round,Clay,Seyboth Wild T.,Diaz Acosta F.,77,75.0,2.2,1.67,2.19,1.75,2.22,1.75
2025-02-10,Argentina Open,1st Round,Clay,Lajovic D.,Carballes Baena R.,81,50.0,2.5,1.53,2.48,1.6,2.59,1.6
2025-02-10,Argentina Open,1st Round,Clay,Djere L.,Muller A.,112,58.0,1.57,2.38,1.6,2.47,1.6,2.47
2025-02-11,Delray Beach Open,1st Round,Hard,Rinderknech A.,Popko D.,65,208.0,1.13,6.0,,,1.15,7.0
2025-02-11,Argentina Open,1st Round,Clay,Baez S.,Ugo Carabelli C.,31,87.0,1.4,3.0,1.46,2.91,1.46,3.23
2025-02-11,Argentina Open,1st Round,Clay,Navone M.,Comesana F.,47,84.0,1.4,3.0,1.44,2.98,1.45,3.0
2025-02-11,Delray Beach Open,1st Round,Hard,Nakashima B.,Trotter J.K.,43,182.0,1.33,3.4,1.37,3.35,1.37,3.57
2025-02-11,Delray Beach Open,1st Round,Hard,Nishioka Y.,Vukic A.,63,67.0,1.67,2.2,1.77,2.15,1.79,2.2
2025-02-11,Delray Beach Open,1st Round,Hard,Davidovich Fokina A.,Daniel T.,60,119.0,1.3,3.5,1.34,3.48,1.34,3.53
2025-02-11,Delray Beach Open,1st Round,Hard,Bu Y.,Hijikata R.,69,72.0,1.67,2.2,1.71,2.25,1.71,2.26
2025-02-11,Delray Beach Open,1st Round,Hard,McDonald M.,Nishikori K.,123,71.0,2.63,1.5,2.67,1.53,2.67,1.58
2025-02-11,Argentina Open,1st Round,Clay,Cerundolo J.M.,Burruchaga R.,139,141.0,2.0,1.8,2.14,1.78,2.14,1.83
2025-02-11,Open 13,1st Round,Hard,Zhang Zh.,Halys Q.,52,74.0,1.73,2.1,1.76,2.17,1.82,2.17
2025-02-11,Open 13,1st Round,Hard,Altmaier D.,Nardi L.,80,83.0,2.0,1.8,2.07,1.83,2.11,1.84
2025-02-11,Open 13,1st Round,Hard,Bublik A.,Gasquet R.,48,128.0,1.62,2.3,1.75,2.18,1.76,2.36
2025-02-11,Open 13,1st Round,Hard,Van Assche L.,Bonzi B.,164,64.0,2.63,1.5,2.82,1.48,2.82,1.5
2025-02-11,Open 13,1st Round,Hard,Struff J.L.,Guinard M.,46,280.0,1.2,4.5,1.23,4.64,1.23,4.64
2025-02-11,Open 13,1st Round,Hard,Borges N.,Wawrinka S.,39,158.0,1.57,2.38,1.59,2.5,1.62,2.5
2025-02-11,Argentina Open,1st Round,Clay,Cerundolo F.,Darderi L.,28,59.0,1.36,3.2,1.37,3.36,1.37,3.36
2025-02-11,Open 13,1st Round,Hard,Bergs Z.,Chidekh C.,62,189.0,1.36,3.2,1.4,3.18,1.42,3.2
2025-02-12,Argentina Open,1st Round,Clay,Coria F.,Gaston H.,115,91.0,1.67,2.2,1.68,2.3,1.68,2.3
2025-02-12,Open 13,2nd Round,Hard,Altmaier D.,Virtanen O.,80,98.0,2.1,1.73,2.2,1.76,2.2,1.82
2025-02-12,Open 13,2nd Round,Hard,Sonego L.,Van Assche L.,35,164.0,1.44,2.75,1.5,2.79,1.53,2.83
2025-02-12,Open 13,1st Round,Hard,Herbert P.,Mayot H.,192,136.0,1.91,1.91,1.94,1.94,1.94,1.96
2025-02-12,Delray Beach Open,2nd Round,Hard,Giron M.,Quinn E.,49,150.0,1.36,3.2,1.43,3.06,1.45,3.2
2025-02-12,Delray Beach Open,2nd Round,Hard,Norrie C.,Rinderknech A.,61,65.0,1.4,3.0,1.46,2.95,1.48,3.0
2025-02-12,Delray Beach Open,2nd Round,Hard,Kecmanovic M.,Nishioka Y.,56,63.0,1.57,2.38,1.63,2.44,1.63,2.44
2025-02-12,Delray Beach Open,1st Round,Hard,Tien L.,Walton A.,82,89.0,1.4,3.0,1.47,2.85,1.47,3.0
2025-02-12,Delray Beach Open,1st Round,Hard,Opelka R.,Eubanks C.,121,104.0,1.44,2.75,1.51,2.74,1.51,2.75
2025-02-12,Open 13,1st Round,Hard,Grenier H.,Gea A.,202,306.0,2.1,1.73,2.17,1.76,2.17,1.77
2025-02-12,Argentina Open,2nd Round,Clay,Cerundolo F.,Cerundolo J.M.,28,139.0,1.17,5.0,1.23,4.73,1.23,5.0
2025-02-12,Argentina Open,1st Round,Clay,Fonseca J.,Etcheverry T.,99,44.0,1.8,2.0,1.81,2.1,1.82,2.1
2025-02-12,Argentina Open,2nd Round,Clay,Seyboth Wild T.,Baez S.,77,31.0,2.63,1.5,2.74,1.52,2.75,1.52
2025-02-12,Argentina Open,2nd Round,Clay,Zverev A.,Lajovic D.,2,81.0,1.11,6.5,1.11,8.14,1.12,8.27
2025-02-12,Argentina Open,2nd Round,Clay,Djere L.,Tabilo A.,112,27.0,1.53,2.5,1.56,2.6,1.57,2.6
2025-02-12,Argentina Open,1st Round,Clay,Moutet C.,Nagal S.,66,129.0,1.44,2.75,1.44,2.98,1.47,3.01
2025-02-12,Argentina Open,1st Round,Clay,Schwartzman D.,Jarry N.,386,40.0,4.33,1.22,4.23,1.26,4.33,1.29
2025-02-12,Argentina Open,1st Round,Clay,Martinez P.,Dzumhur D.,41,90.0,1.36,3.2,1.41,3.12,1.42,3.21
2025-02-12,Open 13,2nd Round,Hard,Medjedovic H.,Khachanov K.,96,21.0,2.3,1.62,2.32,1.68,2.34,1.68
2025-02-12,Open 13,2nd Round,Hard,Humbert U.,Bublik A.,17,48.0,1.29,3.75,1.32,3.75,1.32,3.75
2025-02-13,Open 13,2nd Round,Hard,Medvedev D.,Herbert P.,8,192.0,1.14,5.5,1.16,6.2,1.17,6.31
2025-02-13,Delray Beach Open,2nd Round,Hard,Arnaldi M.,Tien L.,38,82.0,1.73,2.1,1.75,2.22,1.75,2.22
2025-02-13,Open 13,2nd Round,Hard,Zhang Zh.,Hurkacz H.,52,20.0,4.0,1.25,4.24,1.27,4.24,1.28
2025-02-13,Delray Beach Open,2nd Round,Hard,Nakashima B.,Opelka R.,43,121.0,2.0,1.8,2.07,1.85,2.07,1.86
2025-02-13,Delray Beach Open,2nd Round,Hard,Michelsen A.,Mmoh M.,37,328.0,1.22,4.33,1.27,4.18,1.27,4.45
2025-02-13,Argentina Open,2nd Round,Clay,Fonseca J.,Coria F.,99,115.0,1.13,6.0,1.18,5.78,1.18,6.05
2025-02-13,Argentina Open,2nd Round,Clay,Martinez P.,Schwartzman D.,41,386.0,1.36,3.2,1.41,3.17,1.41,3.22
2025-02-13,Argentina Open,2nd Round,Clay,Navone M.,Rune H.,47,12.0,2.38,1.57,2.26,1.6,2.65,1.61
2025-02-13,Argentina Open,2nd Round,Clay,Musetti L.,Moutet C.,16,66.0,1.3,3.5,1.35,3.49,1.36,3.5
2025-02-13,Open 13,2nd Round,Hard,Struff J.L.,Grenier H.,46,202.0,1.36,3.2,1.39,3.29,1.39,3.29
2025-02-13,Open 13,2nd Round,Hard,Bergs Z.,Borges N.,62,39.0,1.73,2.1,1.77,2.18,1.77,2.18
2025-02-13,Delray Beach Open,2nd Round,Hard,Davidovich Fokina A.,McDonald M.,60,123.0,1.5,2.63,1.6,2.5,1.62,2.63
2025-02-14,Open 13,Quarterfinals,Hard,Medjedovic H.,Altmaier D.,96,80.0,1.44,2.75,1.45,3.0,1.49,3.0
2025-02-14,Open 13,Quarterfinals,Hard,Medvedev D.,Struff J.L.,8,46.0,1.19,4.33,1.25,4.45,1.25,4.45
2025-02-14,Open 13,Quarterfinals,Hard,Humbert U.,Sonego L.,17,35.0,1.36,3.2,1.4,3.2,1.43,3.2
2025-02-14,Open 13,Quarterfinals,Hard,Bergs Z.,Zhang Zh.,62,52.0,1.67,2.2,1.67,2.36,1.74,2.36
2025-02-14,Delray Beach Open,2nd Round,Hard,Fritz T.,Bu Y.,4,69.0,1.08,8.0,1.12,7.87,1.12,8.0
2025-02-14,Delray Beach Open,Quarterfinals,Hard,Arnaldi M.,Nakashima B.,38,43.0,2.3,1.62,2.29,1.7,2.3,1.7
2025-02-14,Delray Beach Open,Quarterfinals,Hard,Michelsen A.,Norrie C.,37,61.0,1.67,2.2,1.67,2.35,1.73,2.35
2025-02-14,Delray Beach Open,Quarterfinals,Hard,Kecmanovic M.,Giron M.,56,49.0,2.0,1.8,2.11,1.82,2.11,1.82
2025-02-14,Argentina Open,Quarterfinals,Clay,Cerundolo F.,Zverev A.,28,2.0,3.5,1.3,3.17,1.41,3.5,1.41
2025-02-14,Argentina Open,Quarterfinals,Clay,Fonseca J.,Navone M.,99,47.0,1.57,2.38,1.65,2.41,1.65,2.47
2025-02-14,Argentina Open,Quarterfinals,Clay,Djere L.,Seyboth Wild T.,112,77.0,1.73,2.1,1.76,2.18,1.76,2.22
2025-02-15,Argentina Open,Quarterfinals,Clay,Martinez P.,Musetti L.,41,16.0,3.4,1.33,3.72,1.32,3.72,1.35
2025-02-15,Delray Beach Open,Semifinals,Hard,Kecmanovic M.,Michelsen A.,56,37.0,2.3,1.62,2.24,1.73,2.32,1.73
2025-02-15,Delray Beach Open,Quarterfinals,Hard,Davidovich Fokina A.,Fritz T.,60,4.0,4.5,1.2,5.53,1.19,5.53,1.21
2025-02-15,Open 13,Semifinals,Hard,Medjedovic H.,Medvedev D.,96,8.0,3.75,1.29,3.86,1.31,3.91,1.32
2025-02-15,Argentina Open,Semifinals,Clay,Cerundolo F.,Martinez P.,28,41.0,1.3,3.5,1.32,3.76,1.34,3.76
2025-02-15,Argentina Open,Semifinals,Clay,Fonseca J.,Djere L.,99,112.0,1.62,2.3,1.71,2.27,1.72,2.46
2025-02-15,Open 13,Semifinals,Hard,Humbert U.,Bergs Z.,17,62.0,1.36,3.2,1.4,3.24,1.4,3.3
2025-02-16,Open 13,The Final,Hard,Humbert U.,Medjedovic H.,17,96.0,1.4,3.0,1.41,3.18,1.45,3.18
2025-02-16,Delray Beach Open,Semifinals,Hard,Davidovich Fokina A.,Arnaldi M.,60,38.0,2.2,1.67,2.32,1.68,2.32,1.73
2025-02-16,Argentina Open,The Final,Clay,Fonseca J.,Cerundolo F.,99,28.0,2.3,1.62,2.31,1.69,2.32,1.75
2025-02-16,Delray Beach Open,The Final,Hard,Kecmanovic M.,Davidovich Fokina A.,56,60.0,1.8,2.0,1.84,2.08,1.84,2.12
2025-02-17,Rio Open,1st Round,Clay,Jarry N.,Cerundolo J.M.,47,127.0,1.4,3.0,1.51,2.72,1.51,3.0
2025-02-17,Rio Open,1st Round,Clay,Monteiro T.,Diaz Acosta F.,99,119.0,1.8,2.0,2.06,1.84,2.06,2.12
2025-02-17,Rio Open,1st Round,Clay,Comesana F.,Heide G.,86,162.0,1.62,2.3,1.75,2.19,1.75,2.3
2025-02-17,Qatar Exxon Mobil Open,1st Round,Hard,Draper J.,Popyrin A.,16,27.0,1.4,3.0,1.44,2.97,1.44,3.0
2025-02-17,Rio Open,1st Round,Clay,Shevchenko A.,Meligeni Alves F.,103,149.0,2.2,1.67,2.12,1.79,2.22,1.79
2025-02-17,Qatar Exxon Mobil Open,1st Round,Hard,O Connell C.,Habib H.,82,166.0,1.3,3.5,1.35,3.44,1.36,3.53
2025-02-17,Qatar Exxon Mobil Open,1st Round,Hard,Lehecka J.,Dimitrov G.,25,15.0,1.73,2.1,1.71,2.24,1.77,2.29
2025-02-17,Qatar Exxon Mobil Open,1st Round,Hard,Marozsan F.,Dougaz A.,57,216.0,1.17,5.0,1.18,5.62,1.18,6.0
2025-02-17,Qatar Exxon Mobil Open,1st Round,Hard,Alcaraz C.,Cilic M.,3,192.0,1.03,17.0,1.04,16.61,1.05,17.37
2025-02-18,Qatar Exxon Mobil Open,1st Round,Hard,De Minaur A.,Safiullin R.,8,71.0,1.08,8.0,1.12,7.39,1.12,8.01
2025-02-18,Rio Open,1st Round,Clay,Faria J.,Barrios M.,107,139.0,2.3,1.62,2.38,1.63,2.41,1.64
2025-02-18,Rio Open,1st Round,Clay,Navone M.,Carballes Baena R.,46,53.0,1.53,2.5,1.61,2.44,1.63,2.5
2025-02-18,Rio Open,1st Round,Clay,Etcheverry T.,Moutet C.,43,66.0,1.36,3.2,1.42,3.09,1.42,3.3
2025-02-18,Rio Open,1st Round,Clay,Dzumhur D.,Lajovic D.,97,83.0,2.75,1.44,2.91,1.46,2.95,1.5
2025-02-18,Rio Open,1st Round,Clay,Darderi L.,Dellien H.,61,108.0,1.91,1.91,1.98,1.91,2.04,1.95
2025-02-18,Rio Open,1st Round,Clay,Baez S.,Burruchaga R.,31,137.0,,,,,1.37,3.55
2025-02-18,Rio Open,1st Round,Clay,Tseng C.H.,Tabilo A.,125,28.0,4.0,1.25,3.7,1.32,4.01,1.33
2025-02-18,Rio Open,1st Round,Clay,Munar J.,Seyboth Wild T.,55,75.0,1.73,2.1,1.74,2.21,1.74,2.21
2025-02-18,Rio Open,1st Round,Clay,Ugo Carabelli C.,Martinez P.,91,37.0,2.75,1.44,2.45,1.61,2.75,1.65
2025-02-18,Rio Open,1st Round,Clay,Cerundolo F.,Gaston H.,26,93.0,1.14,5.5,1.17,5.79,1.18,5.9
2025-02-18,Rio Open,1st Round,Clay,Zverev A.,Bu Y.,2,69.0,1.04,13.0,1.04,16.21,1.05,16.31
2025-02-18,Qatar Exxon Mobil Open,1st Round,Hard,Van De Zandschulp B.,Shelbayh A.,87,267.0,1.2,4.5,1.21,4.9,1.21,4.93
2025-02-18,Qatar Exxon Mobil Open,1st Round,Hard,Nardi L.,Zhang Zh.,85,49.0,2.3,1.62,2.34,1.66,2.34,1.73
2025-02-18,Qatar Exxon Mobil Open,1st Round,Hard,Borges N.,Virtanen O.,39,92.0,1.4,3.0,1.46,2.9,1.46,3.1
2025-02-18,Qatar Exxon Mobil Open,1st Round,Hard,Bergs Z.,Bautista Agut R.,58,54.0,1.73,2.1,1.74,2.2,1.74,2.26
2025-02-18,Qatar Exxon Mobil Open,1st Round,Hard,Griekspoor T.,Struff J.L.,51,44.0,1.57,2.38,1.65,2.36,1.65,2.45
2025-02-18,Qatar Exxon Mobil Open,1st Round,Hard,Rublev A.,Bublik A.,10,48.0,1.29,3.75,1.26,4.29,1.3,4.3
2025-02-18,Qatar Exxon Mobil Open,1st Round,Hard,Medvedev D.,Khachanov K.,6,21.0,1.57,2.38,1.57,2.55,1.58,2.55
2025-02-18,Qatar Exxon Mobil Open,1st Round,Hard,Auger-Aliassime F.,Halys Q.,23,79.0,1.25,4.0,1.27,4.13,1.27,4.2
2025-02-18,Qatar Exxon Mobil Open,1st Round,Hard,Berrettini M.,Djokovic N.,35,7.0,3.75,1.29,3.84,1.3,4.01,1.3
2025-02-18,Qatar Exxon Mobil Open,1st Round,Hard,Medjedovic H.,Tsitsipas S.,73,11.0,2.75,1.44,2.72,1.51,2.75,1.52
2025-02-19,Qatar Exxon Mobil Open,2nd Round,Hard,Auger-Aliassime F.,Medjedovic H.,23,73.0,1.2,4.5,1.25,4.45,1.25,4.5
2025-02-19,Qatar Exxon Mobil Open,2nd Round,Hard,De Minaur A.,Van De Zandschulp B.,8,87.0,1.14,5.5,1.17,6.04,1.18,6.04
2025-02-19,Qatar Exxon Mobil Open,2nd Round,Hard,Rublev A.,Borges N.,10,39.0,1.3,3.5,1.31,3.8,1.33,3.85
2025-02-19,Rio Open,1st Round,Clay,Muller A.,Fonseca J.,60,68.0,5.0,1.17,5.05,1.2,5.05,1.23
2025-02-19,Rio Open,2nd Round,Clay,Comesana F.,Jarry N.,86,47.0,2.5,1.53,2.49,1.61,2.61,1.61
2025-02-19,Qatar Exxon Mobil Open,2nd Round,Hard,Draper J.,O Connell C.,16,82.0,1.2,4.5,1.24,4.61,1.24,4.61
2025-02-19,Rio Open,2nd Round,Clay,Baez S.,Navone M.,31,46.0,2.1,1.73,2.16,1.79,2.16,1.8
2025-02-19,Rio Open,2nd Round,Clay,Zverev A.,Shevchenko A.,2,103.0,1.08,8.0,1.08,10.98,1.09,10.98
2025-02-19,Qatar Exxon Mobil Open,2nd Round,Hard,Medvedev D.,Bergs Z.,6,58.0,1.36,3.2,1.37,3.44,1.37,3.44
2025-02-19,Qatar Exxon Mobil Open,2nd Round,Hard,Berrettini M.,Griekspoor T.,35,51.0,1.4,3.0,1.47,2.9,1.47,3.17
2025-02-19,Qatar Exxon Mobil Open,2nd Round,Hard,Alcaraz C.,Nardi L.,3,85.0,1.03,15.0,1.03,20.74,1.04,20.74
2025-02-19,Qatar Exxon Mobil Open,2nd Round,Hard,Lehecka J.,Marozsan F.,25,57.0,1.3,3.5,1.37,3.39,1.37,3.6
2025-02-20,Rio Open,2nd Round,Clay,Tseng C.H.,Monteiro T.,125,99.0,2.75,1.44,2.79,1.5,2.95,1.5
2025-02-20,Rio Open,2nd Round,Clay,Faria J.,Munar J.,107,55.0,3.4,1.33,3.32,1.34,3.4,1.38
2025-02-20,Rio Open,2nd Round,Clay,Cerundolo F.,Darderi L.,26,61.0,1.29,3.75,1.29,3.8,1.32,3.8
2025-02-20,Rio Open,2nd Round,Clay,Ugo Carabelli C.,Dzumhur D.,91,97.0,1.62,2.3,1.64,2.41,1.64,2.45
2025-02-20,Qatar Exxon Mobil Open,Quarterfinals,Hard,Draper J.,Berrettini M.,16,35.0,1.67,2.2,1.69,2.3,1.71,2.3
2025-02-20,Qatar Exxon Mobil Open,Quarterfinals,Hard,Lehecka J.,Alcaraz C.,25,3.0,4.0,1.25,4.05,1.27,4.5,1.28
2025-02-20,Qatar Exxon Mobil Open,Quarterfinals,Hard,Auger-Aliassime F.,Medvedev D.,23,6.0,2.75,1.44,2.77,1.51,2.8,1.51
2025-02-20,Qatar Exxon Mobil Open,Quarterfinals,Hard,Rublev A.,De Minaur A.,10,8.0,2.2,1.67,2.38,1.65,2.38,1.71
2025-02-21,Rio Open,Quarterfinals,Clay,Baez S.,Tseng C.H.,31,125.0,1.36,3.2,1.41,2.78,1.41,3.65
2025-02-21,Rio Open,2nd Round,Clay,Muller A.,Etcheverry T.,60,43.0,2.75,1.44,2.62,1.56,2.78,1.56
2025-02-21,Rio Open,Quarterfinals,Clay,Comesana F.,Zverev A.,86,2.0,6.0,1.13,6.86,1.14,7.16,1.15
2025-02-21,Rio Open,Quarterfinals,Clay,Ugo Carabelli C.,Faria J.,91,107.0,1.67,2.2,1.64,2.42,1.68,2.42
2025-02-21,Qatar Exxon Mobil Open,Semifinals,Hard,Draper J.,Lehecka J.,16,25.0,1.67,2.2,1.78,2.17,1.79,2.2
2025-02-21,Qatar Exxon Mobil Open,Semifinals,Hard,Rublev A.,Auger-Aliassime F.,10,23.0,1.67,2.2,1.69,2.31,1.74,2.31
2025-02-22,Qatar Exxon Mobil Open,The Final,Hard,Rublev A.,Draper J.,10,16.0,2.0,1.8,2.15,1.79,2.15,1.82
2025-02-22,Rio Open,Quarterfinals,Clay,Muller A.,Cerundolo F.,60,26.0,2.63,1.5,2.73,1.52,3.1,1.52
2025-02-22,Rio Open,Semifinals,Clay,Baez S.,Ugo Carabelli C.,31,91.0,1.36,3.2,1.41,3.18,1.42,3.22
2025-02-22,Rio Open,Semifinals,Clay,Muller A.,Comesana F.,60,86.0,1.53,2.5,1.63,2.45,1.63,2.63
2025-02-23,Rio Open,The Final,Clay,Baez S.,Muller A.,31,60.0,1.73,2.1,1.77,2.13,1.82,2.23
2025-02-24,Chile Open,1st Round,Clay,Garin C.,Ficovich J.P.,147,175.0,1.5,2.63,1.56,2.59,1.56,2.63
2025-02-24,Chile Open,1st Round,Clay,Hanfmann Y.,Diaz Acosta F.,109,130.0,2.38,1.57,2.33,1.67,2.4,1.74
2025-02-24,Dubai Tennis Championships,1st Round,Hard,Bautista Agut R.,Marozsan F.,53,55.0,2.63,1.5,2.41,1.63,2.63,1.63
2025-02-24,Dubai Tennis Championships,1st Round,Hard,Popyrin A.,Habib H.,27,168.0,1.4,3.0,1.43,2.78,1.43,3.1
2025-02-24,Dubai Tennis Championships,1st Round,Hard,Khachanov K.,Evans D.,24,178.0,1.2,4.5,1.22,4.84,1.24,5.0
2025-02-24,Dubai Tennis Championships,1st Round,Hard,Bergs Z.,Dougaz A.,56,212.0,1.13,6.0,1.17,5.76,1.17,7.41
2025-02-24,Dubai Tennis Championships,1st Round,Hard,Tsitsipas S.,Sonego L.,11,35.0,1.53,2.5,1.55,2.61,1.64,2.66
2025-02-24,Chile Open,1st Round,Clay,Djere L.,Buse I.,103,227.0,1.2,4.5,1.19,5.22,1.22,5.3
2025-02-24,Chile Open,1st Round,Clay,Heide G.,Seyboth Wild T.,160,86.0,2.5,1.53,2.39,1.64,2.5,1.64
2025-02-24,Dubai Tennis Championships,1st Round,Hard,Mpetshi G.,Zhang Zh.,29,49.0,1.73,2.1,1.8,2.11,1.8,2.15
2025-02-25,Dubai Tennis Championships,1st Round,Hard,Nardi L.,Fucsovics M.,79,88.0,2.63,1.5,2.65,1.47,2.65,1.57
2025-02-25,Dubai Tennis Championships,1st Round,Hard,Cilic M.,De Minaur A.,187,8.0,7.0,1.1,7.1,1.13,7.75,1.13
2025-02-25,Dubai Tennis Championships,1st Round,Hard,Auger-Aliassime F.,Bublik A.,21,51.0,1.29,3.75,1.29,3.94,1.34,3.98
2025-02-25,Dubai Tennis Championships,1st Round,Hard,Griekspoor T.,Safiullin R.,47,72.0,1.73,2.1,1.79,2.12,1.79,2.3
2025-02-25,Dubai Tennis Championships,1st Round,Hard,Berrettini M.,Monfils G.,30,40.0,1.5,2.63,1.53,2.66,1.53,2.71
2025-02-25,Dubai Tennis Championships,1st Round,Hard,Halys Q.,Rublev A.,77,9.0,3.75,1.29,3.87,1.3,3.87,1.3
2025-02-25,Dubai Tennis Championships,1st Round,Hard,Humbert U.,Lehecka J.,15,22.0,1.8,2.0,1.81,2.09,1.9,2.12
2025-02-25,Dubai Tennis Championships,1st Round,Hard,Borges N.,Fils A.,38,19.0,2.3,1.62,2.32,1.68,2.46,1.68
2025-02-25,Dubai Tennis Championships,1st Round,Hard,O Connell C.,Dimitrov G.,75,16.0,3.2,1.36,2.74,1.42,3.57,1.45
2025-02-25,Chile Open,1st Round,Clay,Ugo Carabelli C.,Jarry N.,69,45.0,2.75,1.44,2.92,1.46,2.92,1.46
2025-02-25,Dubai Tennis Championships,1st Round,Hard,Medvedev D.,Struff J.L.,6,46.0,1.17,5.0,1.2,5.04,1.2,5.2
2025-02-25,Abierto Mexicano,1st Round,Hard,Ruud C.,Rinderknech A.,5,61.0,1.2,4.5,1.22,4.75,1.22,4.75
2025-02-25,Abierto Mexicano,1st Round,Hard,Machac T.,Mensik J.,25,54.0,1.67,2.2,1.72,2.23,1.73,2.24
2025-02-25,Abierto Mexicano,1st Round,Hard,Altmaier D.,Kecmanovic M.,76,44.0,2.75,1.44,2.55,1.48,3.5,1.5
2025-02-25,Abierto Mexicano,1st Round,Hard,Shelton B.,Cobolli F.,14,39.0,1.29,3.75,1.31,3.74,1.31,3.85
2025-02-25,Abierto Mexicano,1st Round,Hard,Giron M.,Walton A.,52,97.0,1.44,2.75,1.5,2.75,1.53,2.78
2025-02-25,Abierto Mexicano,1st Round,Hard,Goffin D.,Hijikata R.,63,82.0,1.67,2.2,1.72,2.23,1.73,2.25
2025-02-25,Abierto Mexicano,1st Round,Hard,Tien L.,Norrie C.,83,74.0,2.0,1.8,2.1,1.81,2.1,1.87
2025-02-25,Abierto Mexicano,1st Round,Hard,Paul T.,Diallo G.,10,89.0,1.3,3.5,1.35,3.45,1.36,3.5
2025-02-25,Chile Open,1st Round,Clay,Navone M.,Shevchenko A.,64,95.0,1.3,3.5,1.36,3.42,1.36,3.5
2025-02-25,Chile Open,1st Round,Clay,Dzumhur D.,Moutet C.,90,65.0,2.75,1.44,2.69,1.52,2.78,1.52
2025-02-25,Chile Open,1st Round,Clay,Monteiro T.,Cerundolo J.M.,108,123.0,1.8,2.0,1.9,1.99,1.91,2.0
2025-02-25,Chile Open,1st Round,Clay,Etcheverry T.,Gaston H.,43,92.0,1.22,4.33,1.26,4.22,1.26,4.55
2025-02-25,Chile Open,1st Round,Clay,Faria J.,Darderi L.,87,59.0,2.38,1.57,2.55,1.57,2.55,1.58
2025-02-26,Chile Open,1st Round,Clay,Coria F.,Barrios M.,136,145.0,2.2,1.67,2.18,1.75,2.2,1.75
2025-02-26,Dubai Tennis Championships,2nd Round,Hard,Cilic M.,Popyrin A.,187,27.0,2.2,1.67,2.25,1.72,2.25,1.74
2025-02-26,Dubai Tennis Championships,2nd Round,Hard,Nardi L.,Bergs Z.,79,56.0,2.63,1.5,2.64,1.55,2.7,1.55
2025-02-26,Dubai Tennis Championships,2nd Round,Hard,Griekspoor T.,Humbert U.,47,15.0,3.75,1.29,3.88,1.3,3.96,1.3
2025-02-26,Dubai Tennis Championships,2nd Round,Hard,Halys Q.,Bautista Agut R.,77,53.0,1.8,2.0,1.88,2.04,1.88,2.04
2025-02-26,Dubai Tennis Championships,2nd Round,Hard,Medvedev D.,Mpetshi G.,6,29.0,1.4,3.0,1.43,3.06,1.44,3.06
2025-02-26,Dubai Tennis Championships,2nd Round,Hard,Berrettini M.,O Connell C.,30,75.0,1.29,3.75,1.3,3.91,1.3,3.91
2025-02-26,Dubai Tennis Championships,2nd Round,Hard,Tsitsipas S.,Khachanov K.,11,24.0,1.73,2.1,1.85,2.06,1.85,2.12
2025-02-26,Chile Open,2nd Round,Clay,Etcheverry T.,Garin C.,43,147.0,1.44,2.75,1.43,3.09,1.5,3.13
2025-02-26,Chile Open,2nd Round,Clay,Cerundolo F.,Hanfmann Y.,26,109.0,1.33,3.4,1.38,3.36,1.38,3.4
2025-02-26,Dubai Tennis Championships,2nd Round,Hard,Auger-Aliassime F.,Borges N.,21,38.0,1.5,2.63,1.51,2.76,1.53,2.79
2025-02-26,Chile Open,2nd Round,Clay,Faria J.,Heide G.,87,160.0,2.0,1.8,2.0,1.9,2.04,1.9
2025-02-26,Abierto Mexicano,1st Round,Hard,Pacheco Mendez R.,Vukic A.,356,66.0,4.33,1.22,4.28,1.26,4.34,1.26
2025-02-26,Chile Open,2nd Round,Clay,Djere L.,Martinez P.,103,36.0,1.44,2.75,1.54,2.66,1.54,2.78
2025-02-26,Chile Open,1st Round,Clay,Comesana F.,Meligeni Alves F.,67,194.0,1.73,2.1,1.77,2.16,1.8,2.16
2025-02-26,Abierto Mexicano,1st Round,Hard,Davidovich Fokina A.,Bellucci M.,48,70.0,1.53,2.5,1.61,2.45,1.61,2.51
2025-02-26,Abierto Mexicano,1st Round,Hard,Rune H.,Carballes Baena R.,13,50.0,1.33,3.4,1.38,3.3,1.38,3.53
2025-02-26,Abierto Mexicano,1st Round,Hard,Zverev A.,Arnaldi M.,2,33.0,1.29,3.75,1.32,3.7,1.32,3.75
2025-02-26,Abierto Mexicano,1st Round,Hard,Nakashima B.,Bonzi B.,42,62.0,1.44,2.75,1.48,2.84,1.48,2.84
2025-02-26,Abierto Mexicano,1st Round,Hard,Shapovalov D.,Basavareddy N.,32,106.0,1.73,2.1,1.74,2.21,1.74,2.25
2025-02-26,Abierto Mexicano,1st Round,Hard,Michelsen A.,Bu Y.,34,68.0,1.4,3.0,1.45,2.95,1.45,3.07
2025-02-26,Abierto Mexicano,1st Round,Hard,Tiafoe F.,Muller A.,18,41.0,1.3,3.5,1.34,3.56,1.35,3.56
2025-02-27,Abierto Mexicano,2nd Round,Hard,Giron M.,Paul T.,52,10.0,3.2,1.36,3.31,1.38,3.31,1.38
2025-02-27,Abierto Mexicano,2nd Round,Hard,Machac T.,Altmaier D.,25,76.0,1.29,3.75,1.3,3.95,1.3,4.0
2025-02-27,Abierto Mexicano,2nd Round,Hard,Goffin D.,Shelton B.,63,14.0,3.5,1.3,3.52,1.35,3.6,1.35
2025-02-27,Abierto Mexicano,2nd Round,Hard,Shapovalov D.,Michelsen A.,32,34.0,1.53,2.5,1.62,2.46,1.67,2.6
2025-02-27,Chile Open,2nd Round,Clay,Baez S.,Comesana F.,31,67.0,1.4,3.0,1.43,3.05,1.43,3.15
2025-02-27,Abierto Mexicano,2nd Round,Hard,Tien L.,Zverev A.,83,2.0,4.33,1.22,4.06,1.29,4.5,1.29
2025-02-27,Dubai Tennis Championships,Quarterfinals,Hard,Tsitsipas S.,Berrettini M.,11,30.0,2.38,1.57,2.52,1.59,2.52,1.66
2025-02-27,Dubai Tennis Championships,Quarterfinals,Hard,Griekspoor T.,Medvedev D.,47,6.0,3.75,1.29,3.9,1.3,3.92,1.3
2025-02-27,Dubai Tennis Championships,Quarterfinals,Hard,Halys Q.,Nardi L.,77,79.0,1.8,2.0,1.87,2.05,1.87,2.12
2025-02-27,Dubai Tennis Championships,Quarterfinals,Hard,Auger-Aliassime F.,Cilic M.,21,187.0,1.4,3.0,1.45,2.97,1.45,3.05
2025-02-27,Abierto Mexicano,2nd Round,Hard,Pacheco Mendez R.,Ruud C.,356,5.0,13.0,1.04,14.67,1.05,14.67,1.05
2025-02-27,Abierto Mexicano,2nd Round,Hard,Davidovich Fokina A.,Tiafoe F.,48,18.0,1.91,1.91,1.86,2.05,2.0,2.05
2025-02-27,Chile Open,2nd Round,Clay,Coria F.,Tabilo A.,136,28.0,2.38,1.57,2.37,1.66,2.4,1.66
2025-02-27,Chile Open,2nd Round,Clay,Ugo Carabelli C.,Monteiro T.,69,108.0,1.91,1.91,1.97,1.93,2.0,1.94
2025-02-27,Chile Open,2nd Round,Clay,Dzumhur D.,Navone M.,90,64.0,4.5,1.2,5.03,1.21,5.03,1.23
2025-02-27,Abierto Mexicano,2nd Round,Hard,Nakashima B.,Rune H.,42,13.0,2.2,1.67,2.25,1.72,2.3,1.72
2025-02-28,Chile Open,Quarterfinals,Clay,Cerundolo F.,Etcheverry T.,26,43.0,1.91,1.91,1.9,2.01,1.93,2.01
2025-02-28,Chile Open,Quarterfinals,Clay,Djere L.,Faria J.,103,87.0,1.3,3.5,1.32,3.74,1.35,3.79
2025-02-28,Chile Open,Quarterfinals,Clay,Ugo Carabelli C.,Coria F.,69,136.0,1.67,2.2,1.81,2.12,1.81,2.33
2025-02-28,Abierto Mexicano,Quarterfinals,Hard,Davidovich Fokina A.,Pacheco Mendez R.,48,356.0,1.08,8.0,1.12,7.54,1.13,8.26
2025-02-28,Dubai Tennis Championships,Semifinals,Hard,Tsitsipas S.,Griekspoor T.,11,47.0,1.57,2.38,1.67,2.35,1.67,2.54
2025-02-28,Dubai Tennis Championships,Semifinals,Hard,Auger-Aliassime F.,Halys Q.,21,77.0,1.29,3.75,1.28,4.09,1.3,4.09
2025-02-28,Abierto Mexicano,Quarterfinals,Hard,Shapovalov D.,Giron M.,32,52.0,1.44,2.75,1.53,2.71,1.53,2.78
2025-02-28,Abierto Mexicano,Quarterfinals,Hard,Nakashima B.,Goffin D.,42,63.0,1.53,2.5,1.61,2.48,1.61,2.51
2025-02-28,Abierto Mexicano,Quarterfinals,Hard,Machac T.,Tien L.,25,83.0,1.53,2.5,1.56,2.59,1.59,2.59
2025-03-01,Chile Open,Semifinals,Clay,Baez S.,Ugo Carabelli C.,31,69.0,1.4,3.0,1.37,3.41,1.44,3.41
2025-03-01,Chile Open,Semifinals,Clay,Djere L.,Cerundolo F.,103,26.0,2.3,1.62,2.36,1.67,2.43,1.67
2025-03-01,Chile Open,Quarterfinals,Clay,Baez S.,Dzumhur D.,31,90.0,1.25,4.0,1.29,4.04,1.29,4.04
2025-03-01,Dubai Tennis Championships,The Final,Hard,Tsitsipas S.,Auger-Aliassime F.,11,21.0,1.73,2.1,1.72,2.25,1.86,2.27
2025-03-01,Abierto Mexicano,Semifinals,Hard,Machac T.,Nakashima B.,25,42.0,1.53,2.5,1.55,2.63,1.58,2.63
2025-03-01,Abierto Mexicano,Semifinals,Hard,Davidovich Fokina A.,Shapovalov D.,48,32.0,2.5,1.53,2.45,1.62,2.5,1.63
2025-03-02,Abierto Mexicano,The Final,Hard,Machac T.,Davidovich Fokina A.,25,48.0,1.67,2.2,1.75,2.21,1.8,2.3
2025-03-02,Chile Open,The Final,Clay,Djere L.,Baez S.,103,31.0,2.2,1.67,2.24,1.74,2.34,1.74
2025-03-05,BNP Paribas Open,1st Round,Hard,Safiullin R.,Opelka R.,69,114.0,2.0,1.8,2.03,1.86,2.04,1.87
2025-03-05,BNP Paribas Open,1st Round,Hard,Dzumhur D.,Bautista Agut R.,84,50.0,2.37,1.54,2.23,1.72,2.4,1.72
2025-03-05,BNP Paribas Open,1st Round,Hard,Smith C.,Cobolli F.,261,40.0,2.2,1.63,2.21,1.74,2.25,1.74
2025-03-05,BNP Paribas Open,1st Round,Hard,Marozsan F.,Martinez P.,54,41.0,1.41,2.75,1.53,2.65,1.53,2.75
2025-03-05,BNP Paribas Open,1st Round,Hard,Bu Y.,Basavareddy N.,71,101.0,2.75,1.44,2.73,1.51,2.75,1.54
2025-03-05,BNP Paribas Open,1st Round,Hard,Boyer T.,Vukic A.,117,64.0,2.0,1.8,2.07,1.83,2.09,1.83
2025-03-05,BNP Paribas Open,1st Round,Hard,O Connell C.,Carballes Baena R.,75,52.0,1.67,2.2,1.82,2.08,1.82,2.2
2025-03-05,BNP Paribas Open,1st Round,Hard,Seyboth Wild T.,Muller A.,91,44.0,2.2,1.67,2.41,1.63,2.41,1.68
2025-03-05,BNP Paribas Open,1st Round,Hard,Nishikori K.,Munar J.,76,58.0,1.8,2.0,1.79,2.13,1.83,2.13
2025-03-05,BNP Paribas Open,1st Round,Hard,Griekspoor T.,Kecmanovic M.,43,49.0,2.1,1.73,2.07,1.83,2.12,1.83
2025-03-06,BNP Paribas Open,1st Round,Hard,McDonald M.,Davidovich Fokina A.,109,39.0,2.75,1.44,2.79,1.49,2.83,1.51
2025-03-06,BNP Paribas Open,1st Round,Hard,Monfils G.,Struff J.L.,42,46.0,1.62,2.3,1.57,2.54,1.63,2.55
2025-03-06,BNP Paribas Open,1st Round,Hard,Arnaldi M.,Kovacevic A.,35,94.0,1.4,3.0,1.39,3.22,1.4,3.22
2025-03-06,BNP Paribas Open,1st Round,Hard,Gigante M.,Baez S.,217,34.0,2.0,1.8,2.15,1.78,2.15,1.9
2025-03-06,BNP Paribas Open,1st Round,Hard,Diallo G.,Zhang Zh.,88,51.0,1.91,1.91,,,1.91,2.11
2025-03-06,BNP Paribas Open,1st Round,Hard,Brooksby J.,Bonzi B.,937,62.0,1.91,1.91,1.87,2.02,2.01,2.02
2025-03-06,BNP Paribas Open,1st Round,Hard,Mensik J.,Etcheverry T.,57,45.0,1.5,2.63,1.57,2.55,1.57,2.63
2025-03-06,BNP Paribas Open,1st Round,Hard,Hijikata R.,Shevchenko A.,83,98.0,2.2,1.67,2.26,1.7,2.26,1.7
2025-03-06,BNP Paribas Open,1st Round,Hard,Watanuki Y.,Bublik A.,349,82.0,2.3,1.62,2.27,1.7,2.3,1.77
2025-03-06,BNP Paribas Open,1st Round,Hard,Norrie C.,Nardi L.,77,67.0,1.53,2.5,1.58,2.52,1.58,2.52
2025-03-06,BNP Paribas Open,1st Round,Hard,Moutet C.,Thompson J.,79,38.0,1.91,1.91,1.88,2.01,1.91,2.03
2025-03-06,BNP Paribas Open,1st Round,Hard,Bergs Z.,Quinn E.,53,137.0,1.57,2.38,1.62,2.43,1.67,2.43
2025-03-06,BNP Paribas Open,1st Round,Hard,Giron M.,Basilashvili N.,48,152.0,1.4,3.0,1.4,3.17,1.41,3.22
2025-03-06,BNP Paribas Open,1st Round,Hard,Fonseca J.,Fearnley J.,80,81.0,1.29,3.75,1.32,3.68,1.33,3.75
2025-03-07,BNP Paribas Open,2nd Round,Hard,Michelsen A.,Smith C.,32,261.0,1.4,3.0,1.43,3.01,1.44,3.01
2025-03-07,BNP Paribas Open,2nd Round,Hard,Musetti L.,Safiullin R.,16,69.0,1.91,1.91,1.87,2.03,1.93,2.03
2025-03-07,BNP Paribas Open,2nd Round,Hard,Berrettini M.,O Connell C.,29,75.0,1.2,4.5,1.23,4.68,1.25,4.68
2025-03-07,BNP Paribas Open,2nd Round,Hard,Giron M.,Ruud C.,48,5.0,2.38,1.57,2.45,1.61,2.5,1.61
2025-03-07,BNP Paribas Open,2nd Round,Hard,Norrie C.,Lehecka J.,77,24.0,2.5,1.53,2.4,1.63,2.51,1.63
2025-03-07,BNP Paribas Open,2nd Round,Hard,Popyrin A.,Bergs Z.,27,53.0,1.91,1.91,1.92,1.97,1.92,1.98
2025-03-07,BNP Paribas Open,2nd Round,Hard,Mpetshi G.,Marozsan F.,30,54.0,2.1,1.73,2.14,1.78,2.2,1.78
2025-03-07,BNP Paribas Open,2nd Round,Hard,Paul T.,Boyer T.,11,117.0,1.08,8.0,1.11,8.07,1.11,8.07
2025-03-07,BNP Paribas Open,2nd Round,Hard,Griekspoor T.,Zverev A.,43,2.0,4.0,1.25,3.76,1.31,4.01,1.31
2025-03-07,BNP Paribas Open,1st Round,Hard,Navone M.,Tien L.,63,68.0,3.5,1.3,3.4,1.36,3.5,1.36
2025-03-07,BNP Paribas Open,1st Round,Hard,Halys Q.,Carreno Busta P.,59,112.0,2.3,1.62,2.5,1.59,2.6,1.69
2025-03-07,BNP Paribas Open,1st Round,Hard,Lajovic D.,Tu L.,108,177.0,1.8,2.0,1.9,1.98,1.9,2.04
2025-03-07,BNP Paribas Open,1st Round,Hard,Van De Zandschulp B.,Kyrgios N.,85,1099.0,1.4,3.0,1.38,3.27,1.42,3.27
2025-03-07,BNP Paribas Open,1st Round,Hard,Walton A.,Zeppieri G.,96,394.0,1.62,2.3,1.72,2.23,1.74,2.3
2025-03-07,BNP Paribas Open,1st Round,Hard,Goffin D.,Sonego L.,56,37.0,2.1,1.73,2.1,1.81,2.12,1.81
2025-03-07,BNP Paribas Open,1st Round,Hard,Borges N.,Rinderknech A.,36,73.0,1.4,3.0,1.37,3.33,1.4,3.33
2025-03-07,BNP Paribas Open,1st Round,Hard,Gaston H.,Darderi L.,93,60.0,1.53,2.5,1.56,2.57,1.56,2.6
2025-03-07,BNP Paribas Open,2nd Round,Hard,Humbert U.,Nishikori K.,19,76.0,1.3,3.5,1.39,3.25,1.39,3.53
2025-03-08,BNP Paribas Open,2nd Round,Hard,Shapovalov D.,Walton A.,28,96.0,1.25,4.0,1.3,3.81,1.3,4.0
2025-03-08,BNP Paribas Open,2nd Round,Hard,Cerundolo F.,McDonald M.,26,109.0,1.8,2.0,1.78,2.14,1.8,2.14
2025-03-08,BNP Paribas Open,2nd Round,Hard,Alcaraz C.,Halys Q.,3,59.0,1.08,8.0,1.07,11.28,1.09,11.69
2025-03-08,BNP Paribas Open,2nd Round,Hard,Arnaldi M.,Rublev A.,35,8.0,3.0,1.4,2.89,1.47,3.01,1.48
2025-03-08,BNP Paribas Open,2nd Round,Hard,Van De Zandschulp B.,Djokovic N.,85,7.0,7.0,1.1,8.0,1.11,8.0,1.11
2025-03-08,BNP Paribas Open,2nd Round,Hard,Hurkacz H.,Gaston H.,22,93.0,1.22,4.33,1.26,4.28,1.26,4.33
2025-03-08,BNP Paribas Open,2nd Round,Hard,Nakashima B.,Hijikata R.,33,83.0,1.22,4.33,1.26,4.2,1.26,4.33
2025-03-08,BNP Paribas Open,2nd Round,Hard,Draper J.,Fonseca J.,14,80.0,1.53,2.5,1.6,2.48,1.62,2.65
2025-03-08,BNP Paribas Open,2nd Round,Hard,Fils A.,Diallo G.,21,88.0,1.62,2.3,1.67,2.31,1.7,2.42
2025-03-08,BNP Paribas Open,2nd Round,Hard,Brooksby J.,Auger-Aliassime F.,937,18.0,3.75,1.29,3.82,1.3,3.82,1.32
2025-03-08,BNP Paribas Open,2nd Round,Hard,Fritz T.,Gigante M.,4,217.0,1.08,8.0,1.09,9.06,1.1,9.98
2025-03-08,BNP Paribas Open,2nd Round,Hard,Tiafoe F.,Dzumhur D.,17,84.0,1.29,3.75,1.27,4.14,1.3,4.14
2025-03-08,BNP Paribas Open,2nd Round,Hard,Watanuki Y.,Machac T.,349,20.0,4.0,1.25,4.26,1.26,4.26,1.26
2025-03-08,BNP Paribas Open,2nd Round,Hard,Medvedev D.,Bu Y.,6,71.0,1.22,4.33,1.24,4.44,1.25,4.44
2025-03-08,BNP Paribas Open,2nd Round,Hard,Tsitsipas S.,Seyboth Wild T.,9,91.0,1.25,4.0,1.26,4.2,1.27,4.2
2025-03-08,BNP Paribas Open,2nd Round,Hard,Rune H.,Moutet C.,13,79.0,1.36,3.2,1.4,3.11,1.4,3.2
2025-03-08,BNP Paribas Open,2nd Round,Hard,Tabilo A.,Lajovic D.,31,108.0,2.0,1.8,2.09,1.82,2.09,1.84
2025-03-09,BNP Paribas Open,3rd Round,Hard,Rune H.,Humbert U.,13,19.0,2.0,1.8,2.03,1.88,2.11,1.88
2025-03-09,BNP Paribas Open,3rd Round,Hard,Medvedev D.,Michelsen A.,6,32.0,1.33,3.4,1.34,3.58,1.39,3.58
2025-03-09,BNP Paribas Open,3rd Round,Hard,Tsitsipas S.,Berrettini M.,9,29.0,1.91,1.91,2.03,1.88,2.03,1.91
2025-03-09,BNP Paribas Open,3rd Round,Hard,Giron M.,Popyrin A.,48,27.0,1.73,2.1,1.76,2.18,1.76,2.18
2025-03-09,BNP Paribas Open,3rd Round,Hard,Griekspoor T.,Mpetshi G.,43,30.0,1.62,2.3,1.72,2.25,1.72,2.32
2025-03-09,BNP Paribas Open,2nd Round,Hard,Shelton B.,Navone M.,12,63.0,1.3,3.5,1.29,3.92,1.3,3.92
2025-03-09,BNP Paribas Open,2nd Round,Hard,Monfils G.,Korda S.,42,25.0,1.67,2.2,1.76,2.18,1.77,2.22
2025-03-09,BNP Paribas Open,2nd Round,Hard,De Minaur A.,Goffin D.,10,56.0,1.14,5.5,1.17,5.69,1.18,5.69
2025-03-09,BNP Paribas Open,2nd Round,Hard,Dimitrov G.,Borges N.,15,36.0,2.2,1.67,2.26,1.7,2.26,1.73
2025-03-09,BNP Paribas Open,2nd Round,Hard,Khachanov K.,Mensik J.,23,57.0,1.69,2.1,1.78,2.15,1.78,2.15
2025-03-09,BNP Paribas Open,3rd Round,Hard,Paul T.,Norrie C.,11,77.0,1.3,3.5,1.31,3.8,1.31,3.81
2025-03-10,BNP Paribas Open,3rd Round,Hard,Fritz T.,Tabilo A.,4,31.0,1.13,6.0,1.15,6.55,1.15,6.55
2025-03-10,BNP Paribas Open,3rd Round,Hard,Shelton B.,Khachanov K.,12,23.0,1.67,2.2,1.71,2.25,1.73,2.25
2025-03-10,BNP Paribas Open,3rd Round,Hard,De Minaur A.,Hurkacz H.,10,22.0,1.44,2.75,1.53,2.7,1.53,2.76
2025-03-10,BNP Paribas Open,3rd Round,Hard,Nakashima B.,Arnaldi M.,33,35.0,2.0,1.8,1.99,1.92,2.02,1.92
2025-03-10,BNP Paribas Open,3rd Round,Hard,Cerundolo F.,Van De Zandschulp B.,26,85.0,1.63,2.2,1.67,2.32,1.76,2.32
2025-03-10,BNP Paribas Open,3rd Round,Hard,Watanuki Y.,Tiafoe F.,349,17.0,3.2,1.36,3.09,1.43,3.2,1.44
2025-03-10,BNP Paribas Open,3rd Round,Hard,Fils A.,Musetti L.,21,16.0,1.73,2.1,1.8,2.13,1.97,2.17
2025-03-10,BNP Paribas Open,3rd Round,Hard,Draper J.,Brooksby J.,14,937.0,1.17,4.5,1.23,4.65,1.23,4.7
2025-03-11,BNP Paribas Open,3rd Round,Hard,Alcaraz C.,Shapovalov D.,3,28.0,1.14,5.5,1.18,5.66,1.18,5.66
2025-03-11,BNP Paribas Open,3rd Round,Hard,Dimitrov G.,Monfils G.,15,42.0,1.91,1.91,2.0,1.9,2.01,1.91
2025-03-11,BNP Paribas Open,4th Round,Hard,Griekspoor T.,Watanuki Y.,43,349.0,1.4,3.0,1.45,2.99,1.46,3.0
2025-03-11,BNP Paribas Open,4th Round,Hard,Rune H.,Tsitsipas S.,13,9.0,2.3,1.62,2.42,1.64,2.42,1.66
2025-03-11,BNP Paribas Open,4th Round,Hard,Fils A.,Giron M.,21,48.0,1.57,2.38,1.62,2.46,1.65,2.46
2025-03-12,BNP Paribas Open,4th Round,Hard,Medvedev D.,Paul T.,6,11.0,1.73,2.1,1.85,2.06,1.88,2.12
2025-03-12,BNP Paribas Open,4th Round,Hard,Shelton B.,Nakashima B.,12,33.0,1.53,2.5,1.58,2.56,1.6,2.65
2025-03-12,BNP Paribas Open,4th Round,Hard,Cerundolo F.,De Minaur A.,26,10.0,3.75,1.29,4.02,1.29,4.02,1.3
2025-03-12,BNP Paribas Open,4th Round,Hard,Draper J.,Fritz T.,14,4.0,1.69,2.1,1.84,2.08,1.86,2.1
2025-03-13,BNP Paribas Open,Quarterfinals,Hard,Medvedev D.,Fils A.,6,21.0,1.36,3.2,1.38,3.35,1.39,3.36
2025-03-13,BNP Paribas Open,4th Round,Hard,Alcaraz C.,Dimitrov G.,3,15.0,1.1,7.0,1.12,7.92,1.12,7.92
2025-03-13,BNP Paribas Open,Quarterfinals,Hard,Rune H.,Griekspoor T.,13,43.0,1.57,2.38,1.63,2.44,1.63,2.45
2025-03-14,BNP Paribas Open,Quarterfinals,Hard,Draper J.,Shelton B.,14,12.0,1.44,2.75,1.53,2.7,1.55,2.8
2025-03-14,BNP Paribas Open,Quarterfinals,Hard,Alcaraz C.,Cerundolo F.,3,26.0,1.06,10.0,1.08,10.68,1.1,10.68
2025-03-15,BNP Paribas Open,Semifinals,Hard,Rune H.,Medvedev D.,13,6.0,2.5,1.53,2.63,1.56,2.63,1.6
2025-03-15,BNP Paribas Open,Semifinals,Hard,Draper J.,Alcaraz C.,14,3.0,3.5,1.3,3.68,1.33,3.68,1.33
2025-03-16,BNP Paribas Open,The Final,Hard,Draper J.,Rune H.,14,13.0,1.57,2.38,1.56,2.61,1.59,2.61
2025-03-19,Miami Open,1st Round,Hard,Kyrgios N.,McDonald M.,892,101.0,3.0,1.4,2.98,1.44,3.0,1.44
2025-03-19,Miami Open,1st Round,Hard,Munar J.,Rinderknech A.,56,74.0,1.57,2.38,1.66,2.35,1.66,2.41
2025-03-19,Miami Open,1st Round,Hard,Muller A.,Sakamoto R.,41,330.0,1.44,2.75,1.48,2.75,1.49,2.8
2025-03-19,Miami Open,1st Round,Hard,Kecmanovic M.,Kovacevic A.,48,79.0,1.57,2.38,1.6,2.49,1.6,2.5
2025-03-19,Miami Open,1st Round,Hard,Carballes Baena R.,O Connell C.,53,78.0,2.5,1.53,2.56,1.54,2.6,1.54
2025-03-19,Miami Open,1st Round,Hard,Moutet C.,Blockx A.,76,163.0,1.62,2.3,1.68,2.31,1.69,2.31
2025-03-19,Miami Open,1st Round,Hard,Ugo Carabelli C.,Holt B.,65,116.0,2.38,1.57,2.34,1.66,2.55,1.66
2025-03-19,Miami Open,1st Round,Hard,Monfils G.,Marozsan F.,46,59.0,1.4,3.0,1.46,2.92,1.46,3.0
2025-03-19,Miami Open,1st Round,Hard,Cina F.,Comesana F.,441,67.0,3.0,1.4,3.15,1.4,3.2,1.46
2025-03-19,Miami Open,1st Round,Hard,Tseng C.H.,Bellucci M.,115,72.0,2.75,1.44,2.88,1.47,2.95,1.47
2025-03-19,Miami Open,1st Round,Hard,Schoolkate T.,Quinn E.,129,135.0,2.38,1.57,2.45,1.61,2.55,1.66
2025-03-19,Miami Open,1st Round,Hard,Hijikata R.,Medjedovic H.,86,73.0,3.0,1.4,3.11,1.41,3.18,1.46
2025-03-19,Miami Open,1st Round,Hard,Bublik A.,Baez S.,80,36.0,1.44,2.75,1.53,2.6,1.53,2.75
2025-03-19,Miami Open,1st Round,Hard,Goffin D.,Vukic A.,55,77.0,1.62,2.3,1.64,2.39,1.7,2.39
2025-03-20,Miami Open,1st Round,Hard,Mensik J.,Bautista Agut R.,54,50.0,1.4,3.0,1.44,2.97,1.44,3.2
2025-03-20,Miami Open,1st Round,Hard,Fonseca J.,Tien L.,60,66.0,1.33,3.4,1.36,3.42,1.36,3.5
2025-03-20,Miami Open,1st Round,Hard,Arnaldi M.,Wu Y.,35,421.0,1.25,4.0,1.25,4.32,1.26,4.5
2025-03-20,Miami Open,1st Round,Hard,Safiullin R.,Brooksby J.,71,544.0,1.91,1.91,1.86,2.03,2.01,2.08
2025-03-20,Miami Open,1st Round,Hard,Sonego L.,Navone M.,38,62.0,1.44,2.75,1.53,2.68,1.53,2.77
2025-03-20,Miami Open,1st Round,Hard,Diallo G.,Etcheverry T.,87,44.0,2.0,1.77,2.02,1.85,2.02,2.01
2025-03-20,Miami Open,1st Round,Hard,Davidovich Fokina A.,Struff J.L.,39,49.0,1.5,2.5,1.64,2.39,1.64,2.55
2025-03-20,Miami Open,1st Round,Hard,Thompson J.,Giron M.,37,45.0,2.5,1.53,2.61,1.55,2.65,1.57
2025-03-20,Miami Open,1st Round,Hard,Bu Y.,Norrie C.,69,81.0,2.2,1.67,2.28,1.69,2.28,1.73
2025-03-20,Miami Open,1st Round,Hard,Darderi L.,Martinez P.,61,40.0,2.38,1.57,2.59,1.56,2.59,1.61
2025-03-20,Miami Open,1st Round,Hard,Wong C.,Altmaier D.,182,82.0,3.2,1.36,3.38,1.36,3.38,1.37
2025-03-20,Miami Open,1st Round,Hard,Gaston H.,Nishioka Y.,88,68.0,2.3,1.62,2.33,1.65,2.33,1.66
2025-03-20,Miami Open,1st Round,Hard,Opelka R.,Eubanks C.,114,104.0,1.53,2.5,1.6,2.47,1.6,2.6
2025-03-20,Miami Open,1st Round,Hard,Tirante T.A.,Cobolli F.,117,43.0,2.3,1.62,2.35,1.66,2.45,1.66
2025-03-20,Miami Open,1st Round,Hard,Fearnley J.,Bonzi B.,83,63.0,1.44,2.75,1.48,2.84,1.5,2.95
2025-03-20,Miami Open,1st Round,Hard,Bergs Z.,Borges N.,51,42.0,2.0,1.8,2.11,1.8,2.12,1.83
2025-03-20,Miami Open,1st Round,Hard,Halys Q.,Seyboth Wild T.,57,96.0,1.57,2.38,1.64,2.39,1.67,2.45
2025-03-20,Miami Open,1st Round,Hard,Spizzirri E.,Harris B.,134,107.0,1.62,2.3,1.65,2.36,1.69,2.36
2025-03-21,Miami Open,2nd Round,Hard,Korda S.,Spizzirri E.,25,134.0,1.33,3.4,1.36,3.4,1.36,3.58
2025-03-21,Miami Open,2nd Round,Hard,Nakashima B.,Carballes Baena R.,32,53.0,1.3,3.5,1.32,3.65,1.35,3.66
2025-03-21,Miami Open,2nd Round,Hard,Tabilo A.,Moutet C.,31,76.0,2.2,1.67,2.23,1.72,2.34,1.72
2025-03-21,Miami Open,2nd Round,Hard,Djokovic N.,Hijikata R.,5,86.0,1.08,8.0,1.11,7.95,1.11,8.0
2025-03-21,Miami Open,2nd Round,Hard,Monfils G.,Lehecka J.,46,27.0,2.2,1.67,2.2,1.74,2.23,1.75
2025-03-21,Miami Open,2nd Round,Hard,Tsitsipas S.,Tseng C.H.,10,115.0,1.1,7.0,1.11,7.92,1.12,7.92
2025-03-21,Miami Open,2nd Round,Hard,Paul T.,Bublik A.,13,80.0,1.29,3.75,1.25,4.31,1.29,4.31
2025-03-21,Miami Open,2nd Round,Hard,Ugo Carabelli C.,Michelsen A.,65,33.0,4.33,1.22,4.86,1.22,4.86,1.25
2025-03-21,Miami Open,2nd Round,Hard,Khachanov K.,Kyrgios N.,23,892.0,1.36,3.2,1.4,3.19,1.4,3.3
2025-03-21,Miami Open,2nd Round,Hard,Musetti L.,Halys Q.,16,57.0,1.57,2.38,1.59,2.5,1.6,2.5
2025-03-21,Miami Open,2nd Round,Hard,Ruud C.,Kecmanovic M.,6,48.0,1.67,2.2,1.74,2.2,1.74,2.24
2025-03-21,Miami Open,2nd Round,Hard,Dimitrov G.,Cina F.,15,441.0,1.08,8.0,1.13,6.83,1.13,8.4
2025-03-21,Miami Open,2nd Round,Hard,Auger-Aliassime F.,Schoolkate T.,19,129.0,1.25,4.0,1.25,4.31,1.29,4.45
2025-03-21,Miami Open,2nd Round,Hard,Munar J.,Medvedev D.,56,8.0,5.0,1.17,5.42,1.18,5.5,1.2
2025-03-22,Miami Open,2nd Round,Hard,Tiafoe F.,Davidovich Fokina A.,17,39.0,2.1,1.73,2.16,1.77,2.16,1.77
2025-03-22,Miami Open,2nd Round,Hard,Bergs Z.,Rublev A.,51,9.0,3.5,1.3,3.64,1.33,3.75,1.34
2025-03-22,Miami Open,2nd Round,Hard,Fonseca J.,Humbert U.,60,20.0,2.2,1.67,2.27,1.69,2.34,1.69
2025-03-22,Miami Open,2nd Round,Hard,Opelka R.,Rune H.,114,12.0,3.0,1.4,2.91,1.46,3.14,1.46
2025-03-22,Miami Open,2nd Round,Hard,Safiullin R.,Popyrin A.,71,26.0,2.1,1.73,2.06,1.84,2.12,1.84
2025-03-22,Miami Open,2nd Round,Hard,Mensik J.,Draper J.,54,7.0,4.0,1.25,3.81,1.3,4.0,1.3
2025-03-22,Miami Open,2nd Round,Hard,Shapovalov D.,Tirante T.A.,28,117.0,1.2,4.5,1.22,4.71,1.23,4.71
2025-03-22,Miami Open,2nd Round,Hard,Berrettini M.,Gaston H.,30,88.0,1.13,6.0,1.15,6.42,1.15,6.42
2025-03-22,Miami Open,2nd Round,Hard,Machac T.,Arnaldi M.,21,35.0,1.44,2.75,1.52,2.68,1.52,2.75
2025-03-22,Miami Open,2nd Round,Hard,Fritz T.,Sonego L.,4,38.0,1.14,5.5,1.16,5.96,1.17,6.09
2025-03-22,Miami Open,2nd Round,Hard,Zverev A.,Fearnley J.,2,83.0,1.17,5.0,1.18,5.62,1.18,5.67
2025-03-22,Miami Open,2nd Round,Hard,Wong C.,Shelton B.,182,14.0,7.0,1.1,7.89,1.11,7.89,1.12
2025-03-22,Miami Open,2nd Round,Hard,Walton A.,Darderi L.,89,61.0,1.53,2.5,1.57,2.48,1.62,2.5
2025-03-22,Miami Open,2nd Round,Hard,Goffin D.,Alcaraz C.,55,3.0,15.0,1.03,17.73,1.04,17.73,1.04
2025-03-22,Miami Open,2nd Round,Hard,Cerundolo F.,Muller A.,24,41.0,1.53,2.5,1.56,2.53,1.56,2.55
2025-03-22,Miami Open,2nd Round,Hard,Thompson J.,Mpetshi G.,37,29.0,1.91,1.91,1.93,1.96,1.93,2.0
2025-03-23,Miami Open,3rd Round,Hard,Monfils G.,Munar J.,46,56.0,1.5,2.63,1.51,2.75,1.55,2.75
2025-03-23,Miami Open,3rd Round,Hard,Nakashima B.,Goffin D.,32,55.0,1.44,2.75,1.48,2.88,1.48,2.88
2025-03-23,Miami Open,3rd Round,Hard,Korda S.,Tsitsipas S.,25,10.0,2.3,1.62,2.31,1.69,2.35,1.69
2025-03-23,Miami Open,3rd Round,Hard,Djokovic N.,Ugo Carabelli C.,5,65.0,1.05,11.0,1.08,10.13,1.08,12.0
2025-03-23,Miami Open,3rd Round,Hard,Dimitrov G.,Khachanov K.,15,23.0,1.73,2.1,1.81,2.13,1.81,2.15
2025-03-23,Miami Open,2nd Round,Hard,Fils A.,Diallo G.,18,87.0,1.5,2.63,1.54,2.56,1.54,2.75
2025-03-23,Miami Open,2nd Round,Hard,De Minaur A.,Bu Y.,11,69.0,1.17,5.0,1.18,5.43,1.2,5.5
2025-03-23,Miami Open,3rd Round,Hard,Musetti L.,Auger-Aliassime F.,16,19.0,2.5,1.53,2.52,1.59,2.55,1.61
2025-03-24,Miami Open,3rd Round,Hard,De Minaur A.,Fonseca J.,11,60.0,1.73,2.1,1.77,2.18,1.81,2.18
2025-03-24,Miami Open,3rd Round,Hard,Berrettini M.,Bergs Z.,30,51.0,1.4,3.0,1.41,3.16,1.43,3.23
2025-03-24,Miami Open,3rd Round,Hard,Fils A.,Tiafoe F.,18,17.0,1.8,2.0,1.85,2.06,1.94,2.08
2025-03-24,Miami Open,3rd Round,Hard,Mensik J.,Safiullin R.,54,71.0,1.5,2.63,1.54,2.66,1.54,2.72
2025-03-24,Miami Open,3rd Round,Hard,Fritz T.,Shapovalov D.,4,28.0,1.4,3.0,1.44,3.01,1.44,3.05
2025-03-24,Miami Open,3rd Round,Hard,Zverev A.,Thompson J.,2,37.0,1.14,5.5,1.19,5.46,1.19,5.5
2025-03-24,Miami Open,3rd Round,Hard,Machac T.,Opelka R.,21,114.0,1.5,2.63,1.53,2.69,1.58,2.69
2025-03-24,Miami Open,3rd Round,Hard,Cerundolo F.,Paul T.,24,13.0,2.63,1.5,2.71,1.53,2.72,1.57
2025-03-24,Miami Open,3rd Round,Hard,Ruud C.,Tabilo A.,6,31.0,1.33,3.4,1.38,3.36,1.38,3.4
2025-03-24,Miami Open,3rd Round,Hard,Walton A.,Wong C.,89,182.0,1.53,2.5,1.55,2.63,1.59,2.65
2025-03-25,Miami Open,4th Round,Hard,Mensik J.,Machac T.,54,21.0,1.91,1.91,2.09,1.82,2.09,1.91
2025-03-25,Miami Open,4th Round,Hard,Fritz T.,Walton A.,4,89.0,1.08,8.0,1.08,9.97,1.09,9.97
2025-03-25,Miami Open,4th Round,Hard,Berrettini M.,De Minaur A.,30,11.0,2.3,1.62,2.38,1.65,2.38,1.65
2025-03-25,Miami Open,4th Round,Hard,Korda S.,Monfils G.,25,46.0,1.73,2.1,1.75,2.2,1.75,2.24
2025-03-25,Miami Open,4th Round,Hard,Cerundolo F.,Ruud C.,24,6.0,1.8,2.0,1.77,2.18,1.8,2.18
2025-03-25,Miami Open,4th Round,Hard,Dimitrov G.,Nakashima B.,15,32.0,1.57,2.38,1.68,2.34,1.68,2.47
2025-03-25,Miami Open,4th Round,Hard,Djokovic N.,Musetti L.,5,16.0,1.3,3.5,1.34,3.6,1.35,3.6
2025-03-26,Miami Open,4th Round,Hard,Fils A.,Zverev A.,18,2.0,3.5,1.3,3.9,1.33,3.95,1.5
2025-03-26,Miami Open,Quarterfinals,Hard,Dimitrov G.,Cerundolo F.,15,24.0,1.8,2.0,1.88,2.03,1.88,2.03
2025-03-27,Miami Open,Quarterfinals,Hard,Mensik J.,Fils A.,54,18.0,1.91,1.91,2.0,1.91,2.0,1.96
2025-03-27,Miami Open,Quarterfinals,Hard,Djokovic N.,Korda S.,5,25.0,1.25,4.0,1.26,4.3,1.26,4.38
2025-03-27,Miami Open,Quarterfinals,Hard,Fritz T.,Berrettini M.,4,30.0,1.44,2.75,1.47,2.85,1.5,2.85
2025-03-28,Miami Open,Semifinals,Hard,Djokovic N.,Dimitrov G.,5,15.0,1.22,4.33,1.27,4.22,1.28,4.33
2025-03-28,Miami Open,Semifinals,Hard,Mensik J.,Fritz T.,54,4.0,3.4,1.33,3.4,1.37,3.4,1.37
2025-03-31,U.S.Men's Clay Court Championships,1st Round,Clay,Brooksby J.,Daniel T.,507,124.0,1.33,3.4,1.37,3.34,1.37,3.4
2025-03-31,Grand Prix Hassan II,1st Round,Clay,Collignon R.,Fognini F.,92,99.0,1.53,2.5,1.5,2.76,1.54,2.76
2025-03-31,U.S.Men's Clay Court Championships,1st Round,Clay,Garin C.,Ritschard A.,133,125.0,1.44,2.75,1.55,2.6,1.56,2.75
2025-03-31,Grand Prix Hassan II,1st Round,Clay,Carballes Baena R.,Baadi T.,51,703.0,1.01,26.0,1.02,32.58,1.02,32.58
2025-03-31,Grand Prix Hassan II,1st Round,Clay,Dellien H.,Vukic A.,102,76.0,1.57,2.38,1.61,2.44,1.62,2.5
2025-03-31,Tiriac Open,1st Round,Clay,Jianu F.C.,Basavareddy N.,241,108.0,2.38,1.57,2.6,1.55,2.6,1.64
2025-03-31,Tiriac Open,1st Round,Clay,Navone M.,Djere L.,61,78.0,2.0,1.8,2.04,1.85,2.14,1.85
2025-03-31,Miami Open,The Final,Hard,Mensik J.,Djokovic N.,54,5.0,4.33,1.22,4.19,1.27,4.33,1.27
2025-03-31,Tiriac Open,1st Round,Clay,Gasquet R.,Van De Zandschulp B.,148,88.0,3.75,1.29,3.83,1.3,3.83,1.3
2025-04-01,U.S.Men's Clay Court Championships,1st Round,Clay,Michelsen A.,Tien L.,34,69.0,2.0,1.8,1.97,1.92,2.02,2.08
2025-04-01,U.S.Men's Clay Court Championships,1st Round,Clay,Denolly C.,Holt B.,328,115.0,3.2,1.36,3.3,1.38,3.5,1.38
2025-04-01,U.S.Men's Clay Court Championships,1st Round,Clay,Kovacevic A.,Etcheverry T.,79,44.0,3.2,1.36,3.47,1.35,3.47,1.4
2025-04-01,U.S.Men's Clay Court Championships,1st Round,Clay,Mannarino A.,Hanfmann Y.,144,123.0,2.75,1.44,,,2.75,1.49
2025-04-01,U.S.Men's Clay Court Championships,1st Round,Clay,McDonald M.,Galan D.E.,100,114.0,2.3,1.62,2.34,1.66,2.34,1.7
2025-04-01,Grand Prix Hassan II,1st Round,Clay,De Jong J.,Benchetrit E.,98,608.0,1.06,10.0,1.08,9.92,1.08,10.0
2025-04-01,U.S.Men's Clay Court Championships,1st Round,Clay,Quinn E.,Thompson J.,130,35.0,2.5,1.53,2.44,1.61,2.63,1.62
2025-04-01,Grand Prix Hassan II,1st Round,Clay,Gaston H.,Cerundolo J.M.,84,128.0,2.0,1.8,2.05,1.85,2.06,1.85
2025-04-01,Grand Prix Hassan II,1st Round,Clay,Herbert P.,Coria F.,169,126.0,2.5,1.53,2.52,1.58,2.55,1.62
2025-04-01,Grand Prix Hassan II,1st Round,Clay,Carreno Busta P.,Lalami Laaroussi Y.,110,1193.0,1.01,29.0,1.01,33.16,1.01,33.16
2025-04-01,Grand Prix Hassan II,1st Round,Clay,Virtanen O.,Altmaier D.,135,83.0,3.75,1.29,3.73,1.31,3.78,1.31
2025-04-01,U.S.Men's Clay Court Championships,1st Round,Clay,Walton A.,Mmoh M.,85,282.0,2.2,1.67,2.28,1.69,2.29,1.71
2025-04-01,U.S.Men's Clay Court Championships,1st Round,Clay,Smith C.,Duckworth J.,200,89.0,1.33,3.4,1.36,3.43,1.36,3.75
2025-04-01,Grand Prix Hassan II,1st Round,Clay,Bellucci M.,Kotov P.,71,107.0,2.1,1.73,2.09,1.81,2.1,1.81
2025-04-01,Grand Prix Hassan II,1st Round,Clay,Majchrzak K.,Munar J.,122,55.0,3.2,1.36,3.04,1.43,3.3,1.43
2025-04-01,Tiriac Open,1st Round,Clay,O Connell C.,Lajovic D.,87,109.0,2.38,1.57,2.36,1.65,2.51,1.65
2025-04-01,Tiriac Open,1st Round,Clay,Dzumhur D.,Vacherot V.,65,259.0,1.62,2.3,1.65,2.36,1.65,2.38
2025-04-01,Tiriac Open,1st Round,Clay,Fucsovics M.,Nardi L.,90,93.0,1.5,2.63,1.49,2.52,1.51,2.75
2025-04-01,Tiriac Open,1st Round,Clay,Misolic F.,Shevchenko A.,232,105.0,1.73,2.1,1.85,2.04,1.85,2.15
2025-04-01,Tiriac Open,1st Round,Clay,Ugo Carabelli C.,Albot R.,63,223.0,1.22,4.33,1.26,4.27,1.26,4.33
2025-04-01,Tiriac Open,1st Round,Clay,Bautista Agut R.,Bu Y.,52,67.0,1.73,2.1,1.78,2.15,1.78,2.21
2025-04-01,Tiriac Open,1st Round,Clay,Comesana F.,Klizan M.,64,316.0,1.3,3.5,1.32,3.65,1.33,3.65
2025-04-01,Tiriac Open,1st Round,Clay,Wawrinka S.,Skatov T.,161,174.0,1.57,2.38,1.64,2.38,1.67,2.45
2025-04-01,Tiriac Open,1st Round,Clay,Diallo G.,Tseng C.H.,81,101.0,2.38,1.57,2.32,1.67,2.38,1.67
2025-04-02,Tiriac Open,2nd Round,Clay,Cobolli F.,Gasquet R.,45,148.0,1.44,2.75,1.49,2.84,1.53,2.84
2025-04-02,Grand Prix Hassan II,2nd Round,Clay,Majchrzak K.,De Jong J.,122,98.0,1.8,2.0,1.83,2.07,1.83,2.08
2025-04-02,Grand Prix Hassan II,2nd Round,Clay,Muller A.,Dellien H.,41,102.0,1.5,2.63,1.52,2.69,1.57,2.69
2025-04-02,Grand Prix Hassan II,1st Round,Clay,Kopriva V.,Gojo B.,106,414.0,1.62,2.3,1.65,2.34,1.7,2.35
2025-04-02,U.S.Men's Clay Court Championships,2nd Round,Clay,Smith C.,Quinn E.,200,130.0,1.5,2.63,1.56,2.65,1.59,2.65
2025-04-02,U.S.Men's Clay Court Championships,2nd Round,Clay,Brooksby J.,Tabilo A.,507,32.0,2.1,1.73,2.14,1.8,2.28,1.8
2025-04-02,Grand Prix Hassan II,2nd Round,Clay,Borges N.,Collignon R.,43,92.0,1.53,2.5,1.68,2.3,1.68,2.55
2025-04-02,U.S.Men's Clay Court Championships,1st Round,Clay,Eubanks C.,Hijikata R.,117,82.0,2.0,1.8,1.94,1.94,2.17,2.01
2025-04-02,Tiriac Open,2nd Round,Clay,Misolic F.,Ugo Carabelli C.,232,63.0,2.5,1.53,2.77,1.51,2.79,1.55
2025-04-02,Grand Prix Hassan II,2nd Round,Clay,Carballes Baena R.,Virtanen O.,51,135.0,1.33,3.4,1.37,3.06,1.38,3.4
2025-04-02,Tiriac Open,2nd Round,Clay,Comesana F.,Bautista Agut R.,64,52.0,1.62,2.3,1.72,2.25,1.72,2.34
2025-04-02,Grand Prix Hassan II,1st Round,Clay,Darderi L.,Boyer T.,57,121.0,1.44,2.75,1.51,2.72,1.53,2.75
2025-04-02,U.S.Men's Clay Court Championships,1st Round,Clay,Nishikori K.,Krueger M.,66,141.0,1.25,4.0,1.26,4.22,1.27,4.22
2025-04-03,U.S.Men's Clay Court Championships,2nd Round,Clay,Paul T.,Garin C.,13,133.0,1.36,3.2,1.37,3.39,1.4,3.39
2025-04-03,Grand Prix Hassan II,2nd Round,Clay,Darderi L.,Gaston H.,57,84.0,1.5,2.63,1.59,2.51,1.59,2.63
2025-04-03,U.S.Men's Clay Court Championships,2nd Round,Clay,Nakashima B.,McDonald M.,33,100.0,1.44,2.75,1.47,2.91,1.47,2.91
2025-04-03,U.S.Men's Clay Court Championships,2nd Round,Clay,Kovacevic A.,Denolly C.,79,328.0,1.17,5.0,1.23,4.74,1.23,5.0
2025-04-03,Tiriac Open,2nd Round,Clay,O Connell C.,Jarry N.,87,58.0,1.8,2.0,1.92,1.99,1.92,2.1
2025-04-03,Tiriac Open,2nd Round,Clay,Baez S.,Diallo G.,36,81.0,1.33,3.4,1.35,3.53,1.35,3.53
2025-04-03,Tiriac Open,2nd Round,Clay,Fucsovics M.,Navone M.,90,61.0,2.38,1.57,2.58,1.57,2.58,1.62
2025-04-03,Tiriac Open,2nd Round,Clay,Dzumhur D.,Jianu F.C.,65,241.0,1.22,4.33,1.33,3.69,1.33,4.33
2025-04-03,Tiriac Open,2nd Round,Clay,Martinez P.,Wawrinka S.,47,161.0,1.73,2.1,1.85,2.05,1.85,2.12
2025-04-03,Grand Prix Hassan II,2nd Round,Clay,Bellucci M.,Herbert P.,71,169.0,1.57,2.38,1.61,2.44,1.61,2.44
2025-04-03,Grand Prix Hassan II,2nd Round,Clay,Griekspoor T.,Carreno Busta P.,37,110.0,1.73,2.1,1.76,2.17,1.77,2.17
2025-04-03,Grand Prix Hassan II,2nd Round,Clay,Kopriva V.,Sonego L.,106,38.0,2.5,1.53,2.34,1.66,2.51,1.67
2025-04-03,U.S.Men's Clay Court Championships,2nd Round,Clay,Eubanks C.,Nishikori K.,117,66.0,4.5,1.2,4.35,1.26,4.5,1.27
2025-04-04,Grand Prix Hassan II,Quarterfinals,Clay,Griekspoor T.,Bellucci M.,37,71.0,1.44,2.75,1.46,2.94,1.46,2.94
2025-04-04,Grand Prix Hassan II,Quarterfinals,Clay,Majchrzak K.,Muller A.,122,41.0,2.1,1.73,2.31,1.69,2.31,1.73
2025-04-04,Grand Prix Hassan II,Quarterfinals,Clay,Darderi L.,Kopriva V.,57,106.0,1.53,2.5,1.58,2.55,1.6,2.55
2025-04-04,Grand Prix Hassan II,Quarterfinals,Clay,Carballes Baena R.,Borges N.,51,43.0,2.0,1.8,2.0,1.91,2.12,1.91
2025-04-04,Tiriac Open,Quarterfinals,Clay,Cobolli F.,Misolic F.,45,232.0,1.73,2.1,1.72,2.25,1.82,2.25
2025-04-04,Tiriac Open,Quarterfinals,Clay,Fucsovics M.,O Connell C.,90,87.0,1.5,2.63,1.54,2.66,1.55,2.66
2025-04-04,Tiriac Open,Quarterfinals,Clay,Baez S.,Comesana F.,36,64.0,1.44,2.75,1.49,2.84,1.5,2.84
2025-04-04,U.S.Men's Clay Court Championships,Quarterfinals,Clay,Nakashima B.,Eubanks C.,33,117.0,1.17,5.0,1.25,3.69,1.25,5.0
2025-04-04,U.S.Men's Clay Court Championships,Quarterfinals,Clay,Paul T.,Smith C.,13,200.0,1.36,3.2,1.4,3.25,1.41,3.25
2025-04-04,U.S.Men's Clay Court Championships,Quarterfinals,Clay,Brooksby J.,Kovacevic A.,507,79.0,1.73,2.1,1.74,2.22,1.82,2.22
2025-04-04,U.S.Men's Clay Court Championships,2nd Round,Clay,Michelsen A.,Mannarino A.,34,144.0,1.11,6.5,1.14,6.55,1.15,6.77
2025-04-04,U.S.Men's Clay Court Championships,2nd Round,Clay,Tiafoe F.,Walton A.,17,85.0,1.25,4.0,1.31,3.86,1.33,4.01
2025-04-04,Tiriac Open,Quarterfinals,Clay,Dzumhur D.,Martinez P.,65,47.0,2.1,1.73,2.12,1.81,2.24,1.81
2025-04-05,Tiriac Open,Semifinals,Clay,Baez S.,Fucsovics M.,36,90.0,1.73,2.1,1.83,2.1,1.83,2.16
2025-04-05,Grand Prix Hassan II,Semifinals,Clay,Griekspoor T.,Majchrzak K.,37,122.0,1.62,2.3,1.69,2.31,1.69,2.45
2025-04-05,Grand Prix Hassan II,Semifinals,Clay,Darderi L.,Carballes Baena R.,57,51.0,1.91,1.91,2.04,1.88,2.04,2.0
2025-04-05,U.S.Men's Clay Court Championships,Quarterfinals,Clay,Tiafoe F.,Michelsen A.,17,34.0,1.5,2.63,1.53,2.68,1.53,2.68
2025-04-05,U.S.Men's Clay Court Championships,Semifinals,Clay,Brooksby J.,Paul T.,507,13.0,4.0,1.25,4.11,1.28,4.11,1.28
2025-04-05,Tiriac Open,Semifinals,Clay,Cobolli F.,Dzumhur D.,45,65.0,1.63,2.2,1.68,2.34,1.73,2.34
2025-04-06,Monte Carlo Masters,1st Round,Clay,Gasquet R.,Arnaldi M.,164,40.0,4.33,1.22,4.16,1.27,4.5,1.27
2025-04-06,Monte Carlo Masters,1st Round,Clay,Vacherot V.,Struff J.L.,255,49.0,2.75,1.44,2.82,1.48,2.9,1.5
2025-04-06,Monte Carlo Masters,1st Round,Clay,Thompson J.,Mpetshi G.,38,30.0,2.2,1.67,2.36,1.65,2.38,1.71
2025-04-06,U.S.Men's Clay Court Championships,Semifinals,Clay,Tiafoe F.,Nakashima B.,17,33.0,1.73,2.1,1.84,2.08,1.84,2.12
2025-04-06,U.S.Men's Clay Court Championships,The Final,Clay,Brooksby J.,Tiafoe F.,507,17.0,2.75,1.44,2.76,1.51,2.76,1.51
2025-04-06,Tiriac Open,The Final,Clay,Cobolli F.,Baez S.,45,36.0,2.5,1.53,2.52,1.6,2.55,1.6
2025-04-06,Grand Prix Hassan II,The Final,Clay,Darderi L.,Griekspoor T.,57,37.0,2.2,1.67,2.3,1.69,2.32,1.7
2025-04-07,Monte Carlo Masters,1st Round,Clay,Muller A.,Ugo Carabelli C.,39,63.0,1.91,1.91,2.0,1.89,2.04,1.94
2025-04-07,Monte Carlo Masters,1st Round,Clay,Cerundolo F.,Fognini F.,22,113.0,1.11,6.5,1.15,6.39,1.16,7.0
2025-04-07,Monte Carlo Masters,1st Round,Clay,Davidovich Fokina A.,Shelton B.,42,14.0,1.62,2.3,1.63,2.41,1.69,2.5
2025-04-07,Monte Carlo Masters,1st Round,Clay,Medvedev D.,Khachanov K.,11,25.0,1.87,1.87,1.94,1.94,1.99,2.04
2025-04-07,Monte Carlo Masters,1st Round,Clay,Berrettini M.,Navone M.,34,70.0,1.5,2.63,1.54,2.64,1.57,2.77
2025-04-07,Monte Carlo Masters,1st Round,Clay,Monfils G.,Marozsan F.,44,81.0,2.2,1.67,2.17,1.75,2.33,1.81
2025-04-07,Monte Carlo Masters,1st Round,Clay,Altmaier D.,Auger-Aliassime F.,84,19.0,2.75,1.44,2.36,1.55,3.0,1.58
2025-04-07,Monte Carlo Masters,1st Round,Clay,Lehecka J.,Korda S.,28,24.0,1.62,2.3,1.62,2.43,1.73,2.5
2025-04-07,Monte Carlo Masters,1st Round,Clay,Giron M.,Shapovalov D.,45,29.0,2.75,1.44,2.82,1.48,2.9,1.52
2025-04-07,Monte Carlo Masters,1st Round,Clay,Tabilo A.,Wawrinka S.,32,163.0,1.67,2.2,1.69,2.28,1.74,2.36
2025-04-07,Monte Carlo Masters,1st Round,Clay,Musetti L.,Bu Y.,16,67.0,1.2,4.5,1.23,4.67,1.25,4.8
2025-04-08,Monte Carlo Masters,2nd Round,Clay,Draper J.,Giron M.,6,45.0,1.29,3.75,1.28,4.11,1.31,4.2
2025-04-08,Monte Carlo Masters,2nd Round,Clay,Tsitsipas S.,Thompson J.,8,38.0,1.13,6.0,1.14,6.78,1.14,7.6
2025-04-08,Monte Carlo Masters,2nd Round,Clay,Berrettini M.,Zverev A.,34,2.0,2.38,1.57,2.44,1.63,2.54,1.64
2025-04-08,Monte Carlo Masters,1st Round,Clay,Tiafoe F.,Kecmanovic M.,17,47.0,2.63,1.5,2.66,1.53,2.8,1.55
2025-04-08,Monte Carlo Masters,1st Round,Clay,Fils A.,Griekspoor T.,15,35.0,1.5,2.63,1.51,2.72,1.58,2.72
2025-04-08,Monte Carlo Masters,1st Round,Clay,Machac T.,Baez S.,21,33.0,1.73,2.1,1.83,2.07,1.83,2.18
2025-04-08,Monte Carlo Masters,1st Round,Clay,Etcheverry T.,Moutet C.,46,75.0,1.67,2.2,1.74,2.21,1.78,2.26
2025-04-08,Monte Carlo Masters,1st Round,Clay,Borges N.,Rune H.,43,12.0,3.2,1.36,3.22,1.39,3.5,1.39
2025-04-08,Monte Carlo Masters,1st Round,Clay,Bautista Agut R.,Nakashima B.,52,31.0,2.2,1.67,2.29,1.69,2.3,1.75
2025-04-08,Monte Carlo Masters,1st Round,Clay,Popyrin A.,Humbert U.,27,20.0,2.2,1.67,2.26,1.71,2.35,1.81
2025-04-08,Monte Carlo Masters,1st Round,Clay,Martinez P.,Sonego L.,51,41.0,2.63,1.5,2.63,1.54,2.78,1.55
2025-04-08,Monte Carlo Masters,1st Round,Clay,Dimitrov G.,Jarry N.,18,58.0,1.36,3.2,1.38,3.28,1.43,3.5
2025-04-08,Monte Carlo Masters,1st Round,Clay,Cobolli F.,Lajovic D.,36,109.0,1.8,2.0,1.9,1.99,1.91,2.06
2025-04-09,Monte Carlo Masters,2nd Round,Clay,Ruud C.,Bautista Agut R.,7,52.0,1.22,4.33,1.23,4.59,1.25,5.1
2025-04-09,Monte Carlo Masters,2nd Round,Clay,Medvedev D.,Muller A.,11,39.0,1.5,2.63,1.57,2.31,1.66,2.77
2025-04-09,Monte Carlo Masters,2nd Round,Clay,Dimitrov G.,Vacherot V.,18,255.0,1.2,4.5,1.2,4.86,1.25,4.9
2025-04-09,Monte Carlo Masters,2nd Round,Clay,Popyrin A.,Tiafoe F.,27,17.0,1.67,2.2,1.74,2.23,1.76,2.26
2025-04-09,Monte Carlo Masters,2nd Round,Clay,Tabilo A.,Djokovic N.,32,5.0,5.0,1.17,3.69,1.25,5.6,1.25
2025-04-09,Monte Carlo Masters,2nd Round,Clay,De Minaur A.,Machac T.,10,21.0,1.73,2.1,1.74,2.23,1.74,2.32
2025-04-09,Monte Carlo Masters,2nd Round,Clay,Musetti L.,Lehecka J.,16,28.0,1.67,2.2,1.7,2.28,1.7,2.4
2025-04-09,Monte Carlo Masters,2nd Round,Clay,Rublev A.,Monfils G.,9,44.0,1.5,2.63,1.52,2.72,1.56,2.76
2025-04-09,Monte Carlo Masters,2nd Round,Clay,Fils A.,Cobolli F.,15,36.0,1.44,2.75,1.49,2.84,1.52,2.9
2025-04-09,Monte Carlo Masters,2nd Round,Clay,Borges N.,Martinez P.,43,51.0,1.5,2.63,1.54,2.67,1.56,2.76
2025-04-09,Monte Carlo Masters,2nd Round,Clay,Altmaier D.,Gasquet R.,84,164.0,1.4,3.0,1.49,2.83,1.5,3.0
2025-04-09,Monte Carlo Masters,2nd Round,Clay,Alcaraz C.,Cerundolo F.,3,22.0,1.36,3.2,1.4,2.86,1.41,3.48
2025-04-09,Monte Carlo Masters,2nd Round,Clay,Davidovich Fokina A.,Etcheverry T.,42,46.0,1.57,2.38,1.62,2.47,1.62,2.6
2025-04-10,Monte Carlo Masters,3rd Round,Clay,Dimitrov G.,Tabilo A.,18,32.0,1.62,2.3,1.61,2.48,1.68,2.52
2025-04-10,Monte Carlo Masters,3rd Round,Clay,De Minaur A.,Medvedev D.,10,11.0,1.67,2.2,1.63,2.44,1.78,2.44
2025-04-10,Monte Carlo Masters,3rd Round,Clay,Musetti L.,Berrettini M.,16,34.0,2.1,1.73,2.12,1.81,2.28,1.83
2025-04-10,Monte Carlo Masters,3rd Round,Clay,Tsitsipas S.,Borges N.,8,43.0,1.22,4.33,1.28,3.84,1.3,4.5
2025-04-10,Monte Carlo Masters,3rd Round,Clay,Popyrin A.,Ruud C.,27,7.0,4.33,1.22,4.75,1.23,5.0,1.24
2025-04-10,Monte Carlo Masters,3rd Round,Clay,Davidovich Fokina A.,Draper J.,42,6.0,2.75,1.44,2.65,1.55,2.92,1.57
2025-04-10,Monte Carlo Masters,3rd Round,Clay,Fils A.,Rublev A.,15,9.0,1.73,2.1,1.76,2.19,1.82,2.22
2025-04-10,Monte Carlo Masters,3rd Round,Clay,Alcaraz C.,Altmaier D.,3,84.0,1.04,13.0,1.13,5.37,1.13,13.0
2025-04-11,Monte Carlo Masters,Quarterfinals,Clay,Davidovich Fokina A.,Popyrin A.,42,27.0,1.53,2.5,1.58,2.56,1.62,2.62
2025-04-11,Monte Carlo Masters,Quarterfinals,Clay,Alcaraz C.,Fils A.,3,15.0,1.36,3.2,1.42,3.13,1.42,3.35
2025-04-11,Monte Carlo Masters,Quarterfinals,Clay,De Minaur A.,Dimitrov G.,10,18.0,1.57,2.38,1.6,2.51,1.6,2.64
2025-04-11,Monte Carlo Masters,Quarterfinals,Clay,Musetti L.,Tsitsipas S.,16,8.0,2.1,1.73,2.14,1.8,2.31,1.83
2025-04-12,Monte Carlo Masters,Semifinals,Clay,Alcaraz C.,Davidovich Fokina A.,3,42.0,1.2,4.5,1.23,4.7,1.24,5.1
2025-04-12,Monte Carlo Masters,Semifinals,Clay,Musetti L.,De Minaur A.,16,10.0,2.2,1.67,2.15,1.79,2.35,1.79
2025-04-13,Monte Carlo Masters,The Final,Clay,Alcaraz C.,Musetti L.,3,16.0,1.2,4.5,1.24,4.6,1.25,4.6
2025-04-14,BMW Open,1st Round,Clay,Altmaier D.,Tseng C.H.,68,103.0,1.44,2.75,1.51,2.74,1.53,2.92
2025-04-14,BMW Open,1st Round,Clay,Goffin D.,Harris B.,52,106.0,1.3,3.5,1.34,3.5,1.37,3.65
2025-04-14,BMW Open,1st Round,Clay,Shelton B.,Gojo B.,15,410.0,1.44,2.75,1.48,2.83,1.52,2.88
2025-04-14,BMW Open,1st Round,Clay,Zverev A.,Muller A.,3,40.0,1.17,5.0,1.18,5.46,1.19,6.0
2025-04-14,Barcelona Open,1st Round,Clay,Rublev A.,De Jong J.,8,94.0,1.36,3.2,1.4,3.18,1.43,3.3
2025-04-14,Barcelona Open,1st Round,Clay,Martinez P.,Nakashima B.,49,32.0,2.1,1.73,2.19,1.75,2.28,1.79
2025-04-14,Barcelona Open,1st Round,Clay,Medjedovic H.,Mpetshi G.,72,34.0,1.44,2.75,1.46,2.91,1.52,2.95
2025-04-14,Barcelona Open,1st Round,Clay,Fearnley J.,Carballes Baena R.,74,55.0,,,4.94,1.2,5.3,1.25
2025-04-14,Barcelona Open,1st Round,Clay,Korda S.,Arnaldi M.,24,42.0,2.0,1.8,2.22,1.72,2.22,1.83
2025-04-14,BMW Open,1st Round,Clay,Kecmanovic M.,Giron M.,48,45.0,1.4,3.0,1.45,2.93,1.49,3.0
2025-04-14,Barcelona Open,1st Round,Clay,Rune H.,Ramos A.,13,234.0,1.13,6.0,1.16,6.13,1.16,7.2
2025-04-14,BMW Open,1st Round,Clay,Griekspoor T.,Tien L.,37,69.0,1.36,3.2,1.4,3.2,1.4,3.4
2025-04-15,BMW Open,1st Round,Clay,Navone M.,Auger-Aliassime F.,70,19.0,2.1,1.73,2.18,1.75,2.24,1.78
2025-04-15,BMW Open,1st Round,Clay,Dedura-Palomero D.,Shapovalov D.,549,29.0,8.0,1.08,8.11,1.11,8.11,1.13
2025-04-15,BMW Open,1st Round,Clay,Humbert U.,Jarry N.,21,58.0,1.8,2.0,1.81,2.1,1.88,2.12
2025-04-15,BMW Open,1st Round,Clay,Cerundolo F.,Struff J.L.,22,51.0,1.25,4.0,1.32,3.69,1.34,4.05
2025-04-15,BMW Open,1st Round,Clay,Shevchenko A.,Cobolli F.,104,36.0,3.5,1.3,3.94,1.29,4.2,1.31
2025-04-15,BMW Open,1st Round,Clay,Marozsan F.,Engel J.,77,347.0,1.13,6.0,1.16,5.8,1.18,6.4
2025-04-15,BMW Open,1st Round,Clay,Hanfmann Y.,Mensik J.,131,23.0,3.2,1.36,3.41,1.36,3.55,1.38
2025-04-15,BMW Open,1st Round,Clay,Bergs Z.,Bublik A.,50,78.0,1.62,2.3,1.52,2.7,1.62,2.7
2025-04-15,BMW Open,1st Round,Clay,Van De Zandschulp B.,Bautista Agut R.,89,53.0,1.73,2.1,1.66,2.34,1.75,2.34
2025-04-15,BMW Open,1st Round,Clay,Darderi L.,O Connell C.,47,87.0,,,,,1.35,3.2
2025-04-15,Barcelona Open,1st Round,Clay,Alcaraz C.,Quinn E.,2,126.0,1.03,15.0,1.03,19.73,1.03,27.0
2025-04-15,Barcelona Open,1st Round,Clay,Djere L.,Rinderknech A.,80,75.0,1.25,4.0,1.3,3.81,1.3,4.2
2025-04-15,Barcelona Open,1st Round,Clay,Baez S.,Dzumhur D.,35,65.0,1.3,3.5,1.32,3.65,1.33,3.95
2025-04-15,Barcelona Open,1st Round,Clay,De Minaur A.,Etcheverry T.,7,46.0,1.33,3.4,1.38,3.17,1.4,3.4
2025-04-15,Barcelona Open,1st Round,Clay,Munar J.,Tiafoe F.,57,18.0,1.73,2.1,1.71,2.25,1.75,2.3
2025-04-15,Barcelona Open,1st Round,Clay,Khachanov K.,Norrie C.,27,88.0,1.53,2.5,1.63,2.42,1.63,2.62
2025-04-15,Barcelona Open,1st Round,Clay,Davidovich Fokina A.,Wawrinka S.,30,162.0,1.25,4.0,1.25,4.57,1.29,4.7
2025-04-15,Barcelona Open,1st Round,Clay,Ruud C.,Galan D.E.,10,117.0,1.13,6.0,1.14,6.73,1.16,6.73
2025-04-15,Barcelona Open,1st Round,Clay,Fils A.,Carreno Busta P.,14,99.0,1.25,4.0,1.25,4.32,1.27,4.8
2025-04-15,Barcelona Open,1st Round,Clay,Tsitsipas S.,Opelka R.,16,105.0,1.11,6.5,1.16,6.13,1.16,6.8
2025-04-16,BMW Open,2nd Round,Clay,Shelton B.,Van De Zandschulp B.,15,89.0,1.8,2.0,1.83,2.1,1.9,2.16
2025-04-16,BMW Open,2nd Round,Clay,Zverev A.,Altmaier D.,3,68.0,1.13,6.0,1.16,6.17,1.16,7.0
2025-04-16,Barcelona Open,2nd Round,Clay,Tsitsipas S.,Korda S.,16,24.0,1.3,3.5,1.31,3.83,1.34,4.0
2025-04-16,Barcelona Open,2nd Round,Clay,Rune H.,Baez S.,13,35.0,1.67,2.2,1.74,2.22,1.78,2.26
2025-04-16,Barcelona Open,2nd Round,Clay,Fils A.,Martinez P.,14,49.0,1.2,4.5,1.23,4.7,1.26,4.7
2025-04-16,BMW Open,2nd Round,Clay,Griekspoor T.,Hanfmann Y.,37,131.0,1.36,3.2,1.38,3.33,1.4,3.5
2025-04-16,BMW Open,2nd Round,Clay,Darderi L.,Kecmanovic M.,47,48.0,1.73,2.1,1.81,2.12,1.86,2.16
2025-04-16,Barcelona Open,2nd Round,Clay,Ruud C.,Medjedovic H.,10,72.0,1.36,3.2,1.39,3.29,1.39,3.5
2025-04-17,BMW Open,2nd Round,Clay,Goffin D.,Navone M.,52,70.0,3.2,1.36,2.99,1.45,3.4,1.48
2025-04-17,BMW Open,2nd Round,Clay,Cerundolo F.,Shevchenko A.,22,104.0,1.08,8.0,1.11,7.77,1.12,9.2
2025-04-17,BMW Open,2nd Round,Clay,Bergs Z.,Dedura-Palomero D.,50,549.0,1.13,6.0,1.15,6.29,1.17,6.6
2025-04-17,BMW Open,2nd Round,Clay,Marozsan F.,Humbert U.,77,21.0,1.91,1.91,1.88,2.04,2.01,2.1
2025-04-17,Barcelona Open,2nd Round,Clay,De Minaur A.,Fearnley J.,7,74.0,1.08,8.0,1.08,9.45,1.1,10.0
2025-04-17,Barcelona Open,2nd Round,Clay,Khachanov K.,Munar J.,27,57.0,1.62,2.3,1.75,2.21,1.8,2.32
2025-04-17,Barcelona Open,2nd Round,Clay,Davidovich Fokina A.,Rublev A.,30,8.0,2.0,1.8,2.04,1.87,2.12,1.96
2025-04-17,Barcelona Open,2nd Round,Clay,Alcaraz C.,Djere L.,2,80.0,1.08,8.0,1.08,9.95,1.11,11.5
2025-04-18,Barcelona Open,Quarterfinals,Clay,Fils A.,Tsitsipas S.,14,16.0,1.8,2.0,1.81,2.12,1.84,2.16
2025-04-18,Barcelona Open,Quarterfinals,Clay,Alcaraz C.,De Minaur A.,2,7.0,1.22,4.33,1.25,4.51,1.26,4.8
2025-04-18,Barcelona Open,Quarterfinals,Clay,Rune H.,Ruud C.,13,10.0,2.38,1.57,2.5,1.6,2.62,1.63
2025-04-18,Barcelona Open,Quarterfinals,Clay,Khachanov K.,Davidovich Fokina A.,27,30.0,2.75,1.44,2.68,1.53,2.8,1.54
2025-04-18,BMW Open,Quarterfinals,Clay,Cerundolo F.,Goffin D.,22,52.0,1.17,5.0,1.18,5.71,1.2,6.0
2025-04-18,BMW Open,Quarterfinals,Clay,Shelton B.,Darderi L.,15,47.0,2.2,1.67,2.31,1.69,2.46,1.73
2025-04-18,BMW Open,Quarterfinals,Clay,Zverev A.,Griekspoor T.,3,37.0,1.29,3.75,1.28,4.0,1.29,4.4
2025-04-18,BMW Open,Quarterfinals,Clay,Marozsan F.,Bergs Z.,77,50.0,1.67,2.2,1.74,2.22,1.78,2.29
2025-04-19,BMW Open,Semifinals,Clay,Zverev A.,Marozsan F.,3,77.0,1.2,4.5,1.22,4.95,1.25,4.95
2025-04-19,Barcelona Open,Semifinals,Clay,Alcaraz C.,Fils A.,2,14.0,1.3,3.5,1.34,3.58,1.36,3.9
2025-04-19,Barcelona Open,Semifinals,Clay,Rune H.,Khachanov K.,13,27.0,1.57,2.38,1.6,2.51,1.64,2.55
2025-04-19,BMW Open,Semifinals,Clay,Shelton B.,Cerundolo F.,15,22.0,3.2,1.36,3.5,1.35,3.5,1.39
2025-04-20,BMW Open,The Final,Clay,Zverev A.,Shelton B.,3,15.0,1.2,4.5,1.22,4.94,1.23,5.19
2025-04-20,Barcelona Open,The Final,Clay,Rune H.,Alcaraz C.,13,2.0,4.5,1.2,5.18,1.2,5.23,1.23
2025-04-23,Mutua Madrid Open,1st Round,Clay,Cobolli F.,Marozsan F.,36,58.0,2.3,1.62,2.37,1.65,2.45,1.69
2025-04-23,Mutua Madrid Open,1st Round,Clay,Monfils G.,Gojo B.,42,353.0,1.57,2.38,1.67,2.33,1.67,2.46
2025-04-23,Mutua Madrid Open,1st Round,Clay,Bublik A.,Michelsen A.,75,38.0,1.91,1.91,1.99,1.89,2.01,1.98
2025-04-23,Mutua Madrid Open,1st Round,Clay,Cerundolo J.M.,Kovacevic A.,126,77.0,1.57,2.38,1.64,2.39,1.66,2.48
2025-04-23,Mutua Madrid Open,1st Round,Clay,Djere L.,Fognini F.,71,112.0,1.22,4.33,1.24,4.48,1.25,4.6
2025-04-23,Mutua Madrid Open,1st Round,Clay,Ofner S.,Gaston H.,153,80.0,2.3,1.62,2.38,1.63,2.52,1.67
2025-04-23,Mutua Madrid Open,1st Round,Clay,Bautista Agut R.,Munar J.,55,53.0,2.63,1.5,2.72,1.51,2.8,1.55
2025-04-23,Mutua Madrid Open,1st Round,Clay,Comesana F.,Martinez P.,70,48.0,1.91,1.91,1.89,2.0,1.94,2.02
2025-04-23,Mutua Madrid Open,1st Round,Clay,Mayot H.,Moutet C.,160,82.0,2.5,1.53,2.52,1.58,2.63,1.61
2025-04-23,Mutua Madrid Open,1st Round,Clay,Borges N.,Carreno Busta P.,41,96.0,1.62,2.3,1.69,2.28,1.78,2.35
2025-04-23,Mutua Madrid Open,1st Round,Clay,Bonzi B.,Cilic M.,62,109.0,3.5,1.3,3.69,1.32,3.7,1.35
2025-04-23,Mutua Madrid Open,1st Round,Clay,O Connell C.,Ugo Carabelli C.,87,59.0,2.3,1.62,2.23,1.72,2.38,1.74
2025-04-23,Mutua Madrid Open,1st Round,Clay,Cina F.,Wong C.,373,169.0,1.62,2.3,1.57,2.55,1.63,2.62
2025-04-23,Mutua Madrid Open,1st Round,Clay,Rinderknech A.,Safiullin R.,76,73.0,2.5,1.53,2.51,1.58,2.66,1.58
2025-04-23,Mutua Madrid Open,1st Round,Clay,Navone M.,Mpetshi G.,85,37.0,1.67,2.2,1.63,2.42,1.7,2.42
2025-04-23,Mutua Madrid Open,1st Round,Clay,Quinn E.,Lajovic D.,119,138.0,2.5,1.53,2.6,1.55,2.78,1.7
2025-04-24,Mutua Madrid Open,1st Round,Clay,Arnaldi M.,Coric B.,44,104.0,1.73,2.1,1.8,2.11,1.83,2.18
2025-04-24,Mutua Madrid Open,1st Round,Clay,Fearnley J.,Bu Y.,68,72.0,1.8,2.0,1.83,2.07,1.9,2.11
2025-04-24,Mutua Madrid Open,1st Round,Clay,Opelka R.,Hijikata R.,103,84.0,1.44,2.75,1.44,2.98,1.46,3.11
2025-04-24,Mutua Madrid Open,1st Round,Clay,Griekspoor T.,Kopriva V.,34,95.0,1.29,3.75,1.31,3.73,1.34,3.85
2025-04-24,Mutua Madrid Open,1st Round,Clay,Giron M.,Tien L.,45,69.0,1.73,2.1,1.79,2.13,1.84,2.14
2025-04-24,Mutua Madrid Open,1st Round,Clay,Fonseca J.,Moller E.,65,114.0,1.3,3.5,1.32,3.72,1.33,3.9
2025-04-24,Mutua Madrid Open,1st Round,Clay,Struff J.L.,Van De Zandschulp B.,79,88.0,2.38,1.57,2.43,1.62,2.56,1.64
2025-04-24,Mutua Madrid Open,1st Round,Clay,Norrie C.,Landaluce M.,91,148.0,1.3,3.5,1.3,3.8,1.35,3.8
2025-04-24,Mutua Madrid Open,1st Round,Clay,Dzumhur D.,Bellucci M.,63,66.0,1.8,2.0,1.93,1.93,1.99,2.02
2025-04-24,Mutua Madrid Open,1st Round,Clay,Darderi L.,Halys Q.,46,52.0,1.4,3.0,1.4,3.17,1.42,3.25
2025-04-24,Mutua Madrid Open,1st Round,Clay,Sonego L.,Kecmanovic M.,43,47.0,2.38,1.57,2.31,1.68,2.46,1.68
2025-04-24,Mutua Madrid Open,1st Round,Clay,Diallo G.,Bergs Z.,78,50.0,2.38,1.57,2.59,1.55,2.64,1.6
2025-04-24,Mutua Madrid Open,1st Round,Clay,Etcheverry T.,Medjedovic H.,51,61.0,2.38,1.57,2.25,1.71,2.4,1.72
2025-04-24,Mutua Madrid Open,1st Round,Clay,Nishikori K.,Vukic A.,64,83.0,1.36,3.2,1.41,3.11,1.43,3.2
2025-04-24,Mutua Madrid Open,1st Round,Clay,Muller A.,Goffin D.,39,49.0,1.73,2.1,1.78,2.14,1.82,2.2
2025-04-24,Mutua Madrid Open,1st Round,Clay,Jarry N.,Altmaier D.,57,67.0,2.2,1.67,2.28,1.69,2.34,1.73
2025-04-25,Mutua Madrid Open,2nd Round,Clay,Zverev A.,Bautista Agut R.,2,55.0,1.05,8.0,1.1,8.32,1.13,10.5
2025-04-25,Mutua Madrid Open,2nd Round,Clay,Davidovich Fokina A.,Borges N.,29,41.0,1.4,3.0,1.42,3.14,1.49,3.25
2025-04-25,Mutua Madrid Open,2nd Round,Clay,Rublev A.,Monfils G.,8,42.0,1.4,3.0,1.38,3.31,1.44,3.35
2025-04-25,Mutua Madrid Open,2nd Round,Clay,Shelton B.,Navone M.,13,85.0,1.8,2.0,1.82,2.11,1.86,2.16
2025-04-25,Mutua Madrid Open,2nd Round,Clay,Cobolli F.,Rune H.,36,9.0,3.0,1.4,3.24,1.4,3.4,1.43
2025-04-25,Mutua Madrid Open,2nd Round,Clay,Fritz T.,O Connell C.,4,87.0,1.29,3.75,1.28,4.0,1.3,4.2
2025-04-25,Mutua Madrid Open,2nd Round,Clay,Mensik J.,Quinn E.,23,119.0,1.36,3.2,1.38,3.21,1.4,3.4
2025-04-25,Mutua Madrid Open,2nd Round,Clay,Nakashima B.,Ofner S.,32,153.0,1.67,2.2,1.67,2.35,1.69,2.42
2025-04-25,Mutua Madrid Open,2nd Round,Clay,Bublik A.,Popyrin A.,75,26.0,2.38,1.57,2.46,1.62,2.52,1.65
2025-04-25,Mutua Madrid Open,2nd Round,Clay,Cerundolo J.M.,Auger-Aliassime F.,126,19.0,3.75,1.29,3.78,1.32,3.9,1.32
2025-04-25,Mutua Madrid Open,2nd Round,Clay,Medvedev D.,Djere L.,10,71.0,1.67,2.2,1.64,2.41,1.7,2.42
2025-04-25,Mutua Madrid Open,2nd Round,Clay,Ruud C.,Rinderknech A.,15,76.0,1.11,6.5,1.14,6.57,1.15,7.4
2025-04-25,Mutua Madrid Open,2nd Round,Clay,Comesana F.,Fils A.,70,14.0,4.5,1.2,5.22,1.19,5.5,1.23
2025-04-25,Mutua Madrid Open,2nd Round,Clay,Cerundolo F.,Mayot H.,21,160.0,1.1,7.0,1.12,7.22,1.12,8.8
2025-04-25,Mutua Madrid Open,2nd Round,Clay,Bonzi B.,Hurkacz H.,62,28.0,2.75,1.44,2.88,1.48,2.88,1.54
2025-04-25,Mutua Madrid Open,2nd Round,Clay,Korda S.,Cina F.,24,373.0,1.14,5.5,1.16,5.76,1.18,6.2
2025-04-26,Mutua Madrid Open,2nd Round,Clay,Paul T.,Fonseca J.,12,65.0,2.5,1.53,2.61,1.56,2.66,1.59
2025-04-26,Mutua Madrid Open,2nd Round,Clay,Tiafoe F.,Darderi L.,17,46.0,2.2,1.67,2.29,1.7,2.36,1.72
2025-04-26,Mutua Madrid Open,2nd Round,Clay,Draper J.,Griekspoor T.,6,34.0,1.62,2.3,1.58,2.55,1.67,2.55
2025-04-26,Mutua Madrid Open,2nd Round,Clay,Berrettini M.,Giron M.,31,45.0,1.2,4.5,1.2,5.38,1.24,5.5
2025-04-26,Mutua Madrid Open,2nd Round,Clay,Muller A.,Humbert U.,39,22.0,2.0,1.8,1.99,1.92,2.02,1.96
2025-04-26,Mutua Madrid Open,2nd Round,Clay,Dimitrov G.,Jarry N.,16,57.0,1.57,2.38,1.6,2.5,1.65,2.5
2025-04-26,Mutua Madrid Open,2nd Round,Clay,Fearnley J.,Machac T.,68,20.0,2.75,1.44,3.2,1.39,3.2,1.46
2025-04-26,Mutua Madrid Open,2nd Round,Clay,Khachanov K.,Opelka R.,25,103.0,1.3,3.5,1.33,3.53,1.36,3.7
2025-04-26,Mutua Madrid Open,2nd Round,Clay,Tsitsipas S.,Struff J.L.,18,79.0,1.25,4.0,1.27,4.05,1.34,4.4
2025-04-26,Mutua Madrid Open,2nd Round,Clay,Diallo G.,Majchrzak K.,78,90.0,2.0,1.8,2.03,1.88,2.1,1.9
2025-04-26,Mutua Madrid Open,2nd Round,Clay,De Minaur A.,Sonego L.,7,43.0,1.17,5.0,1.18,5.43,1.23,5.8
2025-04-26,Mutua Madrid Open,2nd Round,Clay,Norrie C.,Lehecka J.,91,27.0,3.0,1.4,3.16,1.41,3.25,1.43
2025-04-26,Mutua Madrid Open,2nd Round,Clay,Dzumhur D.,Baez S.,63,33.0,4.0,1.25,3.94,1.27,4.25,1.31
2025-04-26,Mutua Madrid Open,2nd Round,Clay,Musetti L.,Etcheverry T.,11,51.0,1.44,2.75,1.46,2.94,1.5,2.94
2025-04-26,Mutua Madrid Open,2nd Round,Clay,Shapovalov D.,Nishikori K.,30,64.0,1.73,2.1,1.81,2.12,1.86,2.28
2025-04-26,Mutua Madrid Open,2nd Round,Clay,Arnaldi M.,Djokovic N.,44,5.0,3.5,1.3,3.93,1.28,3.97,1.34
2025-04-27,Mutua Madrid Open,3rd Round,Clay,Ruud C.,Korda S.,15,24.0,1.4,3.0,1.38,3.31,1.42,3.31
2025-04-27,Mutua Madrid Open,3rd Round,Clay,Mensik J.,Shelton B.,23,13.0,1.67,2.2,1.73,2.24,1.74,2.32
2025-04-27,Mutua Madrid Open,3rd Round,Clay,Fritz T.,Bonzi B.,4,62.0,1.14,5.5,1.13,6.73,1.18,6.73
2025-04-27,Mutua Madrid Open,3rd Round,Clay,Cerundolo F.,Comesana F.,21,70.0,1.25,4.0,1.25,4.27,1.3,4.4
2025-04-27,Mutua Madrid Open,3rd Round,Clay,Zverev A.,Davidovich Fokina A.,2,29.0,1.33,3.4,1.33,3.7,1.37,3.75
2025-04-27,Mutua Madrid Open,3rd Round,Clay,Bublik A.,Rublev A.,75,8.0,3.5,1.3,4.38,1.27,4.38,1.34
2025-04-27,Mutua Madrid Open,3rd Round,Clay,Nakashima B.,Cobolli F.,32,36.0,2.38,1.57,2.57,1.57,2.58,1.62
2025-04-27,Mutua Madrid Open,3rd Round,Clay,Medvedev D.,Cerundolo J.M.,10,126.0,1.33,3.4,1.32,3.63,1.4,3.8
2025-04-28,Mutua Madrid Open,3rd Round,Clay,Arnaldi M.,Dzumhur D.,44,63.0,1.4,3.0,1.41,3.15,1.42,3.3
2025-04-29,Mutua Madrid Open,4th Round,Clay,Medvedev D.,Nakashima B.,10,32.0,1.36,3.2,1.43,3.1,1.44,3.44
2025-04-29,Mutua Madrid Open,4th Round,Clay,Cerundolo F.,Zverev A.,21,2.0,2.75,1.44,2.67,1.54,2.88,1.57
2025-04-29,Mutua Madrid Open,4th Round,Clay,Mensik J.,Bublik A.,23,75.0,1.33,3.4,1.34,3.57,1.37,3.85
2025-04-29,Mutua Madrid Open,3rd Round,Clay,Musetti L.,Tsitsipas S.,11,18.0,2.0,1.8,2.06,1.85,2.1,1.89
2025-04-29,Mutua Madrid Open,3rd Round,Clay,Draper J.,Berrettini M.,6,31.0,1.57,2.38,1.6,2.51,1.6,2.62
2025-04-29,Mutua Madrid Open,3rd Round,Clay,Diallo G.,Norrie C.,78,91.0,2.0,1.8,2.07,1.85,2.07,1.92
2025-04-29,Mutua Madrid Open,3rd Round,Clay,Tiafoe F.,Muller A.,17,39.0,1.62,2.3,1.71,2.28,1.76,2.35
2025-04-29,Mutua Madrid Open,3rd Round,Clay,Paul T.,Khachanov K.,12,25.0,1.67,2.2,1.78,2.17,1.81,2.3
2025-04-29,Mutua Madrid Open,3rd Round,Clay,De Minaur A.,Shapovalov D.,7,30.0,1.22,4.33,1.24,4.37,1.28,4.4
2025-04-29,Mutua Madrid Open,4th Round,Clay,Ruud C.,Fritz T.,15,4.0,1.73,2.1,1.7,2.29,1.74,2.34
2025-04-29,Mutua Madrid Open,3rd Round,Clay,Dimitrov G.,Fearnley J.,16,68.0,1.33,3.4,1.34,3.61,1.35,3.61
2025-04-30,Mutua Madrid Open,4th Round,Clay,Diallo G.,Dimitrov G.,78,16.0,3.2,1.36,3.32,1.38,3.4,1.41
2025-04-30,Mutua Madrid Open,4th Round,Clay,Musetti L.,De Minaur A.,11,7.0,2.2,1.67,2.28,1.71,2.4,1.74
2025-04-30,Mutua Madrid Open,4th Round,Clay,Arnaldi M.,Tiafoe F.,44,17.0,1.73,2.1,1.79,2.15,1.85,2.22
2025-04-30,Mutua Madrid Open,4th Round,Clay,Draper J.,Paul T.,6,12.0,1.53,2.5,1.61,2.49,1.61,2.68
2025-05-01,Mutua Madrid Open,Quarterfinals,Clay,Ruud C.,Medvedev D.,15,10.0,1.5,2.63,1.5,2.8,1.59,2.84
2025-05-01,Mutua Madrid Open,Quarterfinals,Clay,Cerundolo F.,Mensik J.,21,23.0,1.67,2.2,1.68,2.33,1.74,2.4
2025-05-01,Mutua Madrid Open,Quarterfinals,Clay,Draper J.,Arnaldi M.,6,44.0,1.29,3.75,1.31,3.81,1.31,4.2
2025-05-01,Mutua Madrid Open,Quarterfinals,Clay,Musetti L.,Diallo G.,11,78.0,1.2,4.5,1.22,4.91,1.23,5.5
2025-05-02,Mutua Madrid Open,Semifinals,Clay,Ruud C.,Cerundolo F.,15,21.0,1.8,2.0,1.93,1.97,1.98,2.17
2025-05-02,Mutua Madrid Open,Semifinals,Clay,Draper J.,Musetti L.,6,11.0,1.53,2.5,1.58,2.54,1.59,2.7
2025-05-03,Mutua Madrid Open,The Final,Clay,Ruud C.,Draper J.,15,6.0,3.0,1.4,2.92,1.47,3.05,1.47
2025-05-07,Internazionali BNL d'Italia,1st Round,Clay,Gaubas V.,Dzumhur D.,154,69.0,1.91,1.91,1.93,1.96,1.96,2.02
2025-05-07,Internazionali BNL d'Italia,1st Round,Clay,Djere L.,Etcheverry T.,64,51.0,1.8,2.0,1.91,1.98,1.95,2.12
2025-05-07,Internazionali BNL d'Italia,1st Round,Clay,Virtanen O.,Medjedovic H.,130,72.0,4.33,1.22,4.15,1.27,4.5,1.27
2025-05-07,Internazionali BNL d'Italia,1st Round,Clay,Passaro F.,Tseng C.H.,101,102.0,2.5,1.53,2.57,1.56,2.68,1.58
2025-05-07,Internazionali BNL d'Italia,1st Round,Clay,Norrie C.,O Connell C.,91,81.0,1.53,2.5,1.68,2.31,1.68,2.54
2025-05-07,Internazionali BNL d'Italia,1st Round,Clay,Lajovic D.,Nishioka Y.,131,74.0,1.25,4.0,1.24,4.44,1.28,4.44
2025-05-07,Internazionali BNL d'Italia,1st Round,Clay,Kopriva V.,Halys Q.,92,52.0,1.5,2.63,1.54,2.63,1.54,2.8
2025-05-07,Internazionali BNL d'Italia,1st Round,Clay,Darderi L.,Bu Y.,46,73.0,1.33,3.4,1.38,3.26,1.48,3.4
2025-05-07,Internazionali BNL d'Italia,1st Round,Clay,Griekspoor T.,Kecmanovic M.,35,47.0,1.57,2.38,1.63,2.4,1.68,2.46
2025-05-07,Internazionali BNL d'Italia,1st Round,Clay,Taberner C.,Kovacevic A.,139,80.0,1.57,2.38,1.61,2.45,1.65,2.64
2025-05-07,Internazionali BNL d'Italia,1st Round,Clay,Ugo Carabelli C.,Carreno Busta P.,60,98.0,2.0,1.8,1.93,1.96,2.04,1.96
2025-05-07,Internazionali BNL d'Italia,1st Round,Clay,Thompson J.,Mpetshi G.,41,36.0,1.62,2.3,1.75,2.19,1.79,2.47
2025-05-07,Internazionali BNL d'Italia,1st Round,Clay,Muller A.,Lehecka J.,39,38.0,2.63,1.5,2.52,1.58,2.7,1.58
2025-05-07,Internazionali BNL d'Italia,1st Round,Clay,Moutet C.,Hijikata R.,83,82.0,1.29,3.75,1.28,3.93,1.3,4.2
2025-05-07,Internazionali BNL d'Italia,1st Round,Clay,Comesana F.,Altmaier D.,63,71.0,1.67,2.2,1.77,2.15,1.82,2.22
2025-05-07,Internazionali BNL d'Italia,1st Round,Clay,Burruchaga R.,Sonego L.,135,44.0,2.5,1.53,2.45,1.61,2.5,1.66
2025-05-08,Internazionali BNL d'Italia,1st Round,Clay,Tien L.,Opelka R.,70,94.0,1.91,1.91,1.92,1.97,2.04,2.01
2025-05-08,Internazionali BNL d'Italia,1st Round,Clay,Fearnley J.,Fognini F.,57,107.0,1.44,2.75,1.43,3.05,1.46,3.35
2025-05-08,Internazionali BNL d'Italia,1st Round,Clay,Martinez P.,Bellucci M.,49,68.0,1.62,2.3,1.71,2.24,1.73,2.32
2025-05-08,Internazionali BNL d'Italia,1st Round,Clay,Ofner S.,Carballes Baena R.,143,59.0,1.67,2.2,1.7,2.24,1.83,2.64
2025-05-08,Internazionali BNL d'Italia,1st Round,Clay,Bublik A.,Safiullin R.,76,77.0,1.91,1.91,1.98,1.91,1.98,2.08
2025-05-08,Internazionali BNL d'Italia,1st Round,Clay,Giron M.,Diallo G.,45,54.0,2.5,1.53,2.56,1.57,2.63,1.8
2025-05-08,Internazionali BNL d'Italia,1st Round,Clay,Gigante M.,Rinderknech A.,164,75.0,1.73,2.1,1.77,2.15,1.77,2.36
2025-05-08,Internazionali BNL d'Italia,1st Round,Clay,Nardi L.,Cobolli F.,95,34.0,3.2,1.36,3.27,1.38,3.33,1.51
2025-05-08,Internazionali BNL d'Italia,1st Round,Clay,Munar J.,Barrios M.,66,118.0,1.57,2.38,1.6,2.48,1.6,2.48
2025-05-08,Internazionali BNL d'Italia,1st Round,Clay,Marozsan F.,Fonseca J.,61,65.0,3.0,1.4,3.13,1.41,3.15,1.43
2025-05-08,Internazionali BNL d'Italia,1st Round,Clay,Navone M.,Cina F.,99,323.0,1.2,4.5,1.19,5.32,1.23,5.32
2025-05-08,Internazionali BNL d'Italia,1st Round,Clay,Vukic A.,Moreno De Alboran N.,79,149.0,2.2,1.67,2.26,1.71,2.26,1.94
2025-05-08,Internazionali BNL d'Italia,1st Round,Clay,Jarry N.,Gaston H.,53,78.0,1.57,2.38,1.55,2.62,1.61,2.62
2025-05-08,Internazionali BNL d'Italia,1st Round,Clay,Bautista Agut R.,Arnaldi M.,56,37.0,4.0,1.25,4.56,1.24,4.56,1.31
2025-05-08,Internazionali BNL d'Italia,1st Round,Clay,De Jong J.,Shevchenko A.,93,97.0,1.57,2.38,1.62,2.43,1.62,2.63
2025-05-08,Internazionali BNL d'Italia,1st Round,Clay,Seyboth Wild T.,Borges N.,120,40.0,2.1,1.73,2.11,1.8,2.3,1.8
2025-05-09,Internazionali BNL d'Italia,2nd Round,Clay,Medvedev D.,Norrie C.,11,91.0,1.3,3.5,1.33,3.68,1.35,3.75
2025-05-09,Internazionali BNL d'Italia,2nd Round,Clay,Zverev A.,Ugo Carabelli C.,2,60.0,1.08,8.0,1.09,8.66,1.11,9.6
2025-05-09,Internazionali BNL d'Italia,2nd Round,Clay,Draper J.,Darderi L.,5,46.0,1.29,3.75,1.25,4.52,1.29,4.52
2025-05-09,Internazionali BNL d'Italia,2nd Round,Clay,Rune H.,Comesana F.,10,63.0,1.36,3.2,1.35,3.53,1.4,3.7
2025-05-09,Internazionali BNL d'Italia,2nd Round,Clay,Gaubas V.,Shapovalov D.,154,28.0,2.75,1.44,2.8,1.5,2.84,1.53
2025-05-09,Internazionali BNL d'Italia,2nd Round,Clay,Kopriva V.,Baez S.,92,33.0,2.75,1.44,2.77,1.51,2.9,1.52
2025-05-09,Internazionali BNL d'Italia,2nd Round,Clay,Moutet C.,Humbert U.,83,22.0,2.3,1.62,2.32,1.68,2.35,1.74
2025-05-09,Internazionali BNL d'Italia,2nd Round,Clay,Musetti L.,Virtanen O.,9,130.0,1.07,9.0,1.08,9.61,1.09,11.5
2025-05-09,Internazionali BNL d'Italia,2nd Round,Clay,Alcaraz C.,Lajovic D.,3,131.0,1.05,11.0,1.05,14.83,1.06,16.0
2025-05-09,Internazionali BNL d'Italia,2nd Round,Clay,Tsitsipas S.,Muller A.,19,39.0,1.25,4.0,1.29,3.82,1.32,4.3
2025-05-09,Internazionali BNL d'Italia,2nd Round,Clay,Djere L.,Michelsen A.,64,32.0,1.44,2.75,1.43,3.05,1.54,3.1
2025-05-09,Internazionali BNL d'Italia,2nd Round,Clay,Popyrin A.,Taberner C.,25,139.0,1.44,2.75,1.51,2.65,1.58,2.8
2025-05-09,Internazionali BNL d'Italia,2nd Round,Clay,Fils A.,Griekspoor T.,14,35.0,1.5,2.63,1.53,2.71,1.53,2.83
2025-05-09,Internazionali BNL d'Italia,2nd Round,Clay,Khachanov K.,Burruchaga R.,24,135.0,1.3,3.5,1.3,3.88,1.31,3.88
2025-05-09,Internazionali BNL d'Italia,2nd Round,Clay,Passaro F.,Dimitrov G.,101,15.0,4.0,1.25,4.12,1.28,4.4,1.34
2025-05-09,Internazionali BNL d'Italia,2nd Round,Clay,Nakashima B.,Thompson J.,29,41.0,1.4,3.0,1.39,3.28,1.42,3.28
2025-05-10,Internazionali BNL d'Italia,2nd Round,Clay,De Minaur A.,Nardi L.,8,95.0,1.1,7.0,1.1,8.25,1.14,8.75
2025-05-10,Internazionali BNL d'Italia,2nd Round,Clay,Sinner J.,Navone M.,1,99.0,1.08,8.0,1.09,9.73,1.11,9.8
2025-05-10,Internazionali BNL d'Italia,2nd Round,Clay,Dellien H.,Seyboth Wild T.,103,120.0,2.5,1.53,2.71,1.52,2.8,1.6
2025-05-10,Internazionali BNL d'Italia,2nd Round,Clay,Cerundolo F.,Jarry N.,18,53.0,1.2,4.5,1.22,4.93,1.24,5.0
2025-05-10,Internazionali BNL d'Italia,2nd Round,Clay,Mensik J.,Gigante M.,21,164.0,1.2,4.5,1.26,4.4,1.26,4.7
2025-05-10,Internazionali BNL d'Italia,2nd Round,Clay,De Jong J.,Davidovich Fokina A.,93,26.0,3.5,1.3,4.01,1.29,4.01,1.33
2025-05-10,Internazionali BNL d'Italia,2nd Round,Clay,Giron M.,Fritz T.,45,4.0,5.0,1.17,5.95,1.16,6.2,1.18
2025-05-10,Internazionali BNL d'Italia,2nd Round,Clay,Munar J.,Shelton B.,66,13.0,2.1,1.73,2.22,1.75,2.22,1.82
2025-05-10,Internazionali BNL d'Italia,2nd Round,Clay,Hurkacz H.,Martinez P.,31,49.0,1.57,2.38,1.72,2.25,1.78,2.45
2025-05-10,Internazionali BNL d'Italia,2nd Round,Clay,Korda S.,Vukic A.,23,79.0,1.33,3.4,1.37,3.38,1.4,3.4
2025-05-10,Internazionali BNL d'Italia,2nd Round,Clay,Machac T.,Tien L.,20,70.0,1.29,3.75,1.32,3.79,1.34,3.8
2025-05-10,Internazionali BNL d'Italia,2nd Round,Clay,Ofner S.,Tiafoe F.,143,16.0,2.3,1.62,2.24,1.73,2.34,1.73
2025-05-10,Internazionali BNL d'Italia,2nd Round,Clay,Marozsan F.,Rublev A.,61,17.0,2.2,1.67,2.12,1.81,2.22,1.81
2025-05-10,Internazionali BNL d'Italia,2nd Round,Clay,Berrettini M.,Fearnley J.,30,57.0,1.3,3.5,1.34,3.57,1.36,3.7
2025-05-10,Internazionali BNL d'Italia,2nd Round,Clay,Paul T.,Bautista Agut R.,12,56.0,1.22,4.33,1.24,4.57,1.27,4.6
2025-05-10,Internazionali BNL d'Italia,2nd Round,Clay,Ruud C.,Bublik A.,7,76.0,1.17,5.0,1.18,5.41,1.19,6.2
2025-05-11,Internazionali BNL d'Italia,3rd Round,Clay,Alcaraz C.,Djere L.,3,64.0,1.08,8.0,1.1,9.31,1.1,11.5
2025-05-11,Internazionali BNL d'Italia,3rd Round,Clay,Khachanov K.,Passaro F.,24,101.0,1.4,3.0,1.45,2.97,1.48,3.0
2025-05-11,Internazionali BNL d'Italia,3rd Round,Clay,Zverev A.,Gaubas V.,2,154.0,1.05,11.0,1.06,12.27,1.08,13.0
2025-05-11,Internazionali BNL d'Italia,3rd Round,Clay,Draper J.,Kopriva V.,5,92.0,1.1,7.0,1.12,7.18,1.14,7.6
2025-05-11,Internazionali BNL d'Italia,3rd Round,Clay,Moutet C.,Rune H.,83,10.0,4.5,1.2,5.02,1.2,5.3,1.24
2025-05-11,Internazionali BNL d'Italia,3rd Round,Clay,Fils A.,Tsitsipas S.,14,19.0,1.67,2.2,1.8,2.14,1.8,2.22
2025-05-11,Internazionali BNL d'Italia,3rd Round,Clay,Medvedev D.,Popyrin A.,11,25.0,1.33,3.4,1.36,3.49,1.43,3.49
2025-05-11,Internazionali BNL d'Italia,3rd Round,Clay,Musetti L.,Nakashima B.,9,29.0,1.17,5.0,1.18,5.43,1.2,5.8
2025-05-12,Internazionali BNL d'Italia,3rd Round,Clay,Paul T.,Machac T.,12,20.0,1.67,2.2,1.71,2.27,1.74,2.32
2025-05-12,Internazionali BNL d'Italia,3rd Round,Clay,De Minaur A.,Dellien H.,8,103.0,1.06,10.0,1.04,16.8,1.06,17.5
2025-05-12,Internazionali BNL d'Italia,3rd Round,Clay,Mensik J.,Marozsan F.,21,61.0,1.73,2.1,1.7,2.29,1.74,2.33
2025-05-12,Internazionali BNL d'Italia,3rd Round,Clay,Hurkacz H.,Giron M.,31,45.0,1.44,2.75,1.5,2.79,1.52,2.88
2025-05-12,Internazionali BNL d'Italia,3rd Round,Clay,Cerundolo F.,Ofner S.,18,143.0,1.14,5.5,1.17,5.56,1.18,6.8
2025-05-12,Internazionali BNL d'Italia,3rd Round,Clay,Sinner J.,De Jong J.,1,93.0,1.06,10.0,1.04,15.96,1.06,16.25
2025-05-12,Internazionali BNL d'Italia,3rd Round,Clay,Munar J.,Korda S.,66,23.0,2.2,1.67,2.12,1.81,2.22,1.87
2025-05-12,Internazionali BNL d'Italia,3rd Round,Clay,Ruud C.,Berrettini M.,7,30.0,1.57,2.38,1.63,2.43,1.69,2.43
2025-05-13,Internazionali BNL d'Italia,4th Round,Clay,Sinner J.,Cerundolo F.,1,18.0,1.29,3.75,1.29,4.0,1.3,4.2
2025-05-13,Internazionali BNL d'Italia,4th Round,Clay,Paul T.,De Minaur A.,12,8.0,2.5,1.53,2.72,1.52,2.82,1.54
2025-05-13,Internazionali BNL d'Italia,4th Round,Clay,Musetti L.,Medvedev D.,9,11.0,1.5,2.63,1.54,2.65,1.54,2.8
2025-05-13,Internazionali BNL d'Italia,4th Round,Clay,Zverev A.,Fils A.,2,14.0,1.57,2.38,1.57,2.59,1.59,2.7
2025-05-13,Internazionali BNL d'Italia,4th Round,Clay,Draper J.,Moutet C.,5,83.0,1.1,7.0,1.12,7.23,1.14,7.75
2025-05-13,Internazionali BNL d'Italia,4th Round,Clay,Hurkacz H.,Mensik J.,31,21.0,3.0,1.4,2.97,1.45,3.23,1.46
2025-05-13,Internazionali BNL d'Italia,4th Round,Clay,Alcaraz C.,Khachanov K.,3,24.0,1.08,8.0,1.07,10.41,1.11,10.5
2025-05-14,Internazionali BNL d'Italia,4th Round,Clay,Ruud C.,Munar J.,7,66.0,1.2,4.5,1.24,4.58,1.25,4.8
2025-05-14,Internazionali BNL d'Italia,Quarterfinals,Clay,Alcaraz C.,Draper J.,3,5.0,1.33,3.4,1.36,3.45,1.38,3.55
2025-05-14,Internazionali BNL d'Italia,Quarterfinals,Clay,Musetti L.,Zverev A.,9,2.0,2.38,1.57,2.37,1.66,2.44,1.69
2025-05-15,Internazionali BNL d'Italia,Quarterfinals,Clay,Paul T.,Hurkacz H.,12,31.0,1.4,3.0,1.42,3.14,1.46,3.2
2025-05-15,Internazionali BNL d'Italia,Quarterfinals,Clay,Sinner J.,Ruud C.,1,7.0,1.29,3.75,1.29,4.04,1.29,4.5
2025-05-16,Internazionali BNL d'Italia,Semifinals,Clay,Sinner J.,Paul T.,1,12.0,1.08,8.0,1.1,9.13,1.11,10.5
2025-05-16,Internazionali BNL d'Italia,Semifinals,Clay,Alcaraz C.,Musetti L.,3,9.0,1.36,3.2,1.37,3.41,1.4,3.55
2025-05-18,Hamburg Open,1st Round,Clay,Cerundolo F.,Martinez P.,18,48.0,1.17,5.0,1.18,5.56,1.2,5.7
2025-05-18,Geneva Open,1st Round,Clay,Borges N.,Michelsen A.,41,33.0,1.67,2.2,1.7,2.27,1.77,2.27
2025-05-18,Internazionali BNL d'Italia,The Final,Clay,Alcaraz C.,Sinner J.,3,1.0,2.3,1.62,2.43,1.63,2.48,1.68
2025-05-18,Hamburg Open,1st Round,Clay,Darderi L.,Dedura D.,45,372.0,1.08,8.0,1.12,7.44,1.14,8.25
2025-05-18,Geneva Open,1st Round,Clay,Popyrin A.,Jarry N.,25,150.0,1.8,2.0,1.94,1.94,1.97,2.05
2025-05-19,Hamburg Open,1st Round,Clay,Muller A.,Ymer E.,40,279.0,1.4,3.0,1.4,3.19,1.41,3.3
2025-05-19,Hamburg Open,1st Round,Clay,Rublev A.,Dzumhur D.,17,69.0,1.2,4.5,1.19,5.21,1.22,5.6
2025-05-19,Hamburg Open,1st Round,Clay,Bautista Agut R.,Giron M.,57,43.0,1.8,2.0,1.92,1.97,1.92,2.02
2025-05-19,Hamburg Open,1st Round,Clay,Nakashima B.,Collignon R.,29,84.0,1.62,2.3,1.73,2.22,1.73,2.44
2025-05-19,Hamburg Open,1st Round,Clay,Lehecka J.,Gojo B.,37,255.0,1.44,2.75,1.44,3.0,1.49,3.0
2025-05-19,Hamburg Open,1st Round,Clay,Engel J.,Struff J.L.,333,86.0,4.0,1.25,4.24,1.26,4.5,1.27
2025-05-19,Hamburg Open,1st Round,Clay,Zverev A.,Kovacevic A.,3,80.0,1.04,13.0,1.05,15.54,1.05,19.5
2025-05-19,Geneva Open,1st Round,Clay,Fucsovics M.,Bergs Z.,134,49.0,1.67,2.2,1.71,2.24,1.77,2.28
2025-05-19,Geneva Open,1st Round,Clay,Fearnley J.,Lajovic D.,54,124.0,1.8,2.0,1.9,1.99,1.94,2.05
2025-05-19,Geneva Open,1st Round,Clay,Ofner S.,Gakhov I.,128,265.0,1.17,5.0,1.21,4.9,1.21,5.6
2025-05-19,Geneva Open,1st Round,Clay,Nishikori K.,Tien L.,62,67.0,1.8,2.0,1.83,2.07,1.89,2.1
2025-05-19,Geneva Open,1st Round,Clay,Halys Q.,Munar J.,50,58.0,2.75,1.44,3.01,1.44,3.1,1.46
2025-05-19,Geneva Open,1st Round,Clay,Arnaldi M.,Gaston H.,39,74.0,1.33,3.4,1.37,3.37,1.4,3.4
2025-05-19,Geneva Open,1st Round,Clay,Norrie C.,Stricker D.,90,233.0,1.33,3.4,1.34,3.56,1.36,3.6
2025-05-20,Geneva Open,1st Round,Clay,Hurkacz H.,Cazaux A.,31,113.0,1.22,4.33,1.24,4.54,1.24,4.9
2025-05-20,Hamburg Open,1st Round,Clay,Cobolli F.,Sachko V.,35,235.0,1.25,4.0,1.25,4.33,1.29,4.33
2025-05-20,Hamburg Open,1st Round,Clay,Etcheverry T.,Comesana F.,55,64.0,2.1,1.73,2.21,1.74,2.28,1.77
2025-05-20,Hamburg Open,1st Round,Clay,Tiafoe F.,Bu Y.,15,70.0,1.5,2.63,1.53,2.65,1.53,2.82
2025-05-20,Hamburg Open,1st Round,Clay,Ugo Carabelli C.,Baez S.,52,36.0,2.38,1.57,2.39,1.64,2.52,1.65
2025-05-20,Hamburg Open,1st Round,Clay,Davidovich Fokina A.,Monfils G.,26,42.0,1.36,3.2,1.38,3.26,1.41,3.31
2025-05-20,Hamburg Open,1st Round,Clay,Mpetshi G.,Bublik A.,32,51.0,2.0,1.8,2.12,1.8,2.14,1.86
2025-05-20,Hamburg Open,1st Round,Clay,Auger-Aliassime F.,Altmaier D.,30,66.0,1.67,2.2,1.71,2.25,1.71,2.41
2025-05-20,Geneva Open,1st Round,Clay,Marozsan F.,Sell K.,56,300.0,1.1,7.0,1.12,7.35,1.15,7.6
2025-05-20,Geneva Open,1st Round,Clay,Rinderknech A.,Kecmanovic M.,72,46.0,2.75,1.44,2.82,1.48,2.92,1.5
2025-05-21,Hamburg Open,2nd Round,Clay,Bautista Agut R.,Tiafoe F.,57,15.0,2.38,1.57,2.58,1.57,2.7,1.59
2025-05-21,Hamburg Open,2nd Round,Clay,Lehecka J.,Cerundolo F.,37,18.0,3.0,1.4,3.06,1.43,3.06,1.47
2025-05-21,Hamburg Open,2nd Round,Clay,Etcheverry T.,Ugo Carabelli C.,55,52.0,1.67,2.2,1.74,2.23,1.76,2.26
2025-05-21,Hamburg Open,2nd Round,Clay,Rublev A.,Engel J.,17,333.0,1.1,7.0,1.09,9.68,1.1,10.0
2025-05-21,Hamburg Open,2nd Round,Clay,Auger-Aliassime F.,Mpetshi G.,30,32.0,1.44,2.75,1.46,2.96,1.52,2.96
2025-05-21,Hamburg Open,2nd Round,Clay,Cobolli F.,Davidovich Fokina A.,35,26.0,3.0,1.4,3.07,1.43,3.16,1.45
2025-05-21,Hamburg Open,2nd Round,Clay,Muller A.,Zverev A.,40,3.0,7.0,1.1,7.98,1.12,9.0,1.12
2025-05-21,Hamburg Open,2nd Round,Clay,Darderi L.,Nakashima B.,45,29.0,1.67,2.2,1.71,2.27,1.71,2.38
2025-05-21,Geneva Open,2nd Round,Clay,Arnaldi M.,Marozsan F.,39,56.0,2.1,1.73,2.15,1.79,2.16,1.84
2025-05-21,Geneva Open,2nd Round,Clay,Djokovic N.,Fucsovics M.,6,134.0,1.25,4.0,1.29,4.06,1.34,4.08
2025-05-21,Geneva Open,2nd Round,Clay,Fritz T.,Halys Q.,4,50.0,1.22,4.33,1.24,4.59,1.26,4.8
2025-05-21,Geneva Open,2nd Round,Clay,Khachanov K.,Nishikori K.,24,62.0,1.36,3.2,1.35,3.42,1.36,3.42
2025-05-21,Geneva Open,2nd Round,Clay,Ofner S.,Borges N.,128,41.0,1.91,1.91,1.85,2.02,1.92,2.06
2025-05-21,Geneva Open,2nd Round,Clay,Hurkacz H.,Rinderknech A.,31,72.0,1.3,3.5,1.36,3.49,1.38,3.62
2025-05-21,Geneva Open,2nd Round,Clay,Norrie C.,Machac T.,90,21.0,2.5,1.53,2.62,1.56,2.62,1.59
2025-05-21,Geneva Open,2nd Round,Clay,Popyrin A.,Fearnley J.,25,54.0,1.91,1.91,1.94,1.96,1.97,2.0
2025-05-22,Hamburg Open,Quarterfinals,Clay,Auger-Aliassime F.,Muller A.,30,40.0,1.44,2.75,1.45,2.97,1.51,2.98
2025-05-22,Hamburg Open,Quarterfinals,Clay,Etcheverry T.,Lehecka J.,55,37.0,2.63,1.5,2.57,1.57,2.63,1.59
2025-05-22,Geneva Open,Quarterfinals,Clay,Ofner S.,Khachanov K.,128,24.0,2.63,1.5,2.78,1.49,2.82,1.55
2025-05-22,Geneva Open,Quarterfinals,Clay,Hurkacz H.,Fritz T.,31,4.0,2.3,1.62,2.34,1.68,2.42,1.68
2025-05-22,Geneva Open,Quarterfinals,Clay,Djokovic N.,Arnaldi M.,6,39.0,1.29,3.75,1.31,3.84,1.34,3.85
2025-05-22,Geneva Open,Quarterfinals,Clay,Norrie C.,Popyrin A.,90,25.0,2.1,1.73,2.16,1.78,2.16,1.87
2025-05-22,Hamburg Open,Quarterfinals,Clay,Cobolli F.,Bautista Agut R.,35,57.0,1.62,2.3,1.67,2.36,1.7,2.38
2025-05-22,Hamburg Open,Quarterfinals,Clay,Rublev A.,Darderi L.,17,45.0,1.44,2.75,1.5,2.82,1.51,2.96
2025-05-23,Hamburg Open,Semifinals,Clay,Cobolli F.,Etcheverry T.,35,55.0,2.1,1.73,2.15,1.79,2.23,1.8
2025-05-23,Hamburg Open,Semifinals,Clay,Rublev A.,Auger-Aliassime F.,17,30.0,1.73,2.1,1.78,2.16,1.79,2.26
2025-05-23,Geneva Open,Semifinals,Clay,Djokovic N.,Norrie C.,6,90.0,1.17,5.0,1.21,5.11,1.21,5.5
2025-05-23,Geneva Open,Semifinals,Clay,Hurkacz H.,Ofner S.,31,128.0,1.44,2.75,1.49,2.84,1.5,3.0
2025-05-24,Geneva Open,The Final,Clay,Djokovic N.,Hurkacz H.,6,31.0,1.36,3.2,1.36,3.47,1.39,3.55
2025-05-24,Hamburg Open,The Final,Clay,Cobolli F.,Rublev A.,35,17.0,3.0,1.4,3.19,1.41,3.3,1.42
2025-05-25,French Open,1st Round,Clay,Borges N.,Jacquet K.,41,150.0,1.57,2.38,1.55,2.65,1.6,2.68
2025-05-25,French Open,1st Round,Clay,Halys Q.,Machac T.,52,22.0,3.0,1.4,3.24,1.4,3.25,1.43
2025-05-25,French Open,1st Round,Clay,Shelton B.,Sonego L.,13,44.0,1.62,2.3,1.58,2.56,1.62,2.62
2025-05-25,French Open,1st Round,Clay,Nava E.,Van De Zandschulp B.,137,89.0,2.1,1.73,2.18,1.77,2.18,1.82
2025-05-25,French Open,1st Round,Clay,Gigante M.,Hassan B.,167,220.0,1.5,2.63,1.53,2.69,1.56,2.69
2025-05-25,French Open,1st Round,Clay,Marozsan F.,Nardi L.,56,95.0,1.22,4.33,1.25,4.52,1.25,5.0
2025-05-25,French Open,1st Round,Clay,Tiafoe F.,Safiullin R.,16,72.0,1.4,3.0,1.48,2.88,1.48,3.15
2025-05-25,French Open,1st Round,Clay,Galan D.E.,Royer V.,122,120.0,2.2,1.67,2.07,1.85,2.22,1.89
2025-05-25,French Open,1st Round,Clay,Cerundolo J.M.,Michelsen A.,109,33.0,1.8,2.0,1.88,2.03,1.96,2.03
2025-05-25,French Open,1st Round,Clay,Brooksby J.,Faria J.,161,115.0,1.57,2.38,1.65,2.4,1.67,2.45
2025-05-25,French Open,1st Round,Clay,Kopriva V.,Monteiro T.,86,131.0,1.4,3.0,1.42,3.14,1.45,3.14
2025-05-25,French Open,1st Round,Clay,Fucsovics M.,Schoolkate T.,124,128.0,1.08,8.0,1.1,8.86,1.11,9.6
2025-05-25,French Open,1st Round,Clay,Medjedovic H.,Majchrzak K.,74,96.0,1.57,2.38,1.62,2.45,1.63,2.56
2025-05-25,French Open,1st Round,Clay,Paul T.,Moller E.,12,112.0,1.1,7.0,1.15,6.45,1.15,7.2
2025-05-25,French Open,1st Round,Clay,Navone M.,Nakashima B.,97,32.0,1.5,2.63,1.49,2.84,1.5,2.98
2025-05-25,French Open,1st Round,Clay,Musetti L.,Hanfmann Y.,7,142.0,1.05,11.0,1.06,13.11,1.06,16.0
2025-05-25,French Open,1st Round,Clay,Opelka R.,Hijikata R.,93,78.0,1.44,2.75,1.47,2.92,1.5,2.96
2025-05-25,French Open,1st Round,Clay,Carreno Busta P.,Comesana F.,99,64.0,2.63,1.5,2.67,1.54,2.84,1.54
2025-05-25,French Open,1st Round,Clay,Dzumhur D.,Tirante T.A.,69,132.0,1.73,2.1,1.74,2.22,1.75,2.3
2025-05-25,French Open,1st Round,Clay,Mpetshi G.,Bergs Z.,37,50.0,1.73,2.1,1.88,2.03,1.9,2.12
2025-05-26,French Open,1st Round,Clay,Sinner J.,Rinderknech A.,1,75.0,1.01,29.0,1.01,39.89,1.02,60.0
2025-05-26,French Open,1st Round,Clay,Khachanov K.,Vukic A.,24,80.0,1.1,7.0,1.1,9.13,1.11,9.6
2025-05-26,French Open,1st Round,Clay,Munar J.,Ugo Carabelli C.,57,51.0,1.57,2.38,1.69,2.31,1.69,2.46
2025-05-26,French Open,1st Round,Clay,Humbert U.,O Connell C.,21,82.0,1.44,2.75,1.56,2.61,1.56,2.78
2025-05-26,French Open,1st Round,Clay,Fils A.,Jarry N.,14,149.0,1.14,5.5,1.17,5.92,1.21,6.8
2025-05-26,French Open,1st Round,Clay,Misolic F.,Bu Y.,153,70.0,1.57,2.38,1.62,2.45,1.68,2.45
2025-05-26,French Open,1st Round,Clay,Shapovalov D.,Martinez P.,31,48.0,1.5,2.63,1.58,2.54,1.61,2.63
2025-05-26,French Open,1st Round,Clay,Gasquet R.,Atmane T.,166,121.0,2.38,1.57,2.55,1.58,2.56,1.62
2025-05-26,French Open,1st Round,Clay,Ofner S.,Struff J.L.,108,87.0,1.36,3.2,1.41,3.18,1.45,3.2
2025-05-26,French Open,1st Round,Clay,Lehecka J.,Thompson J.,34,40.0,1.14,5.5,1.17,5.94,1.17,6.8
2025-05-26,French Open,1st Round,Clay,Diallo G.,Cerundolo F.,54,18.0,6.5,1.11,8.05,1.11,8.2,1.14
2025-05-26,French Open,1st Round,Clay,Griekspoor T.,Giron M.,35,43.0,1.3,3.5,1.3,3.89,1.3,4.2
2025-05-26,French Open,1st Round,Clay,Fearnley J.,Wawrinka S.,55,138.0,1.5,2.63,1.48,2.88,1.5,2.96
2025-05-26,French Open,1st Round,Clay,Altmaier D.,Fritz T.,66,4.0,3.75,1.29,3.74,1.32,4.0,1.33
2025-05-26,French Open,1st Round,Clay,Davidovich Fokina A.,Llamas Ruiz P.,29,872.0,1.1,7.0,1.13,7.13,1.14,7.6
2025-05-26,French Open,1st Round,Clay,Tsitsipas S.,Etcheverry T.,20,53.0,1.2,4.5,1.25,4.74,1.27,4.74
2025-05-26,French Open,1st Round,Clay,Alcaraz C.,Zeppieri G.,2,310.0,1.01,26.0,1.01,54.44,1.01,90.0
2025-05-26,French Open,1st Round,Clay,Tabilo A.,Cazaux A.,61,113.0,1.57,2.38,1.6,2.52,1.64,2.52
2025-05-26,French Open,1st Round,Clay,Ruud C.,Ramos A.,8,251.0,1.04,13.0,1.04,18.01,1.05,24.0
2025-05-26,French Open,1st Round,Clay,Popyrin A.,Nishioka Y.,25,77.0,1.14,5.5,1.19,5.44,1.2,7.13
2025-05-26,French Open,1st Round,Clay,Kecmanovic M.,Baez S.,46,38.0,2.2,1.67,2.21,1.75,2.24,1.79
2025-05-26,French Open,1st Round,Clay,Gaston H.,Blanchet U.,83,193.0,1.44,2.75,1.5,2.8,1.51,2.92
2025-05-26,French Open,1st Round,Clay,Korda S.,Darderi L.,23,45.0,1.91,1.91,1.96,1.94,2.0,1.98
2025-05-26,French Open,1st Round,Clay,Rune H.,Bautista Agut R.,10,49.0,1.14,5.5,1.18,5.67,1.19,6.2
2025-05-27,French Open,1st Round,Clay,Monfils G.,Dellien H.,42,90.0,1.33,3.4,1.34,3.58,1.37,3.75
2025-05-27,French Open,1st Round,Clay,Rocha H.,Basilashvili N.,200,133.0,2.75,1.44,2.89,1.47,2.96,1.5
2025-05-27,French Open,1st Round,Clay,Rublev A.,Harris L.,15,227.0,1.07,9.0,1.09,10.34,1.11,12.5
2025-05-27,French Open,1st Round,Clay,Draper J.,Bellucci M.,5,68.0,1.02,19.0,1.02,24.69,1.03,27.0
2025-05-27,French Open,1st Round,Clay,Djokovic N.,McDonald M.,6,98.0,1.02,21.0,1.02,22.07,1.02,38.0
2025-05-27,French Open,1st Round,Clay,Cobolli F.,Cilic M.,26,104.0,1.4,3.0,1.42,3.13,1.44,3.2
2025-05-27,French Open,1st Round,Clay,Moutet C.,Tabur C.,73,280.0,1.22,4.33,1.25,4.45,1.27,4.7
2025-05-27,French Open,1st Round,Clay,Fonseca J.,Hurkacz H.,65,28.0,1.8,2.0,1.85,2.07,1.89,2.1
2025-05-27,French Open,1st Round,Clay,Arnaldi M.,Auger-Aliassime F.,36,27.0,2.0,1.8,2.05,1.87,2.08,1.91
2025-05-27,French Open,1st Round,Clay,Herbert P.,Bonzi B.,147,60.0,2.38,1.57,2.51,1.6,2.56,1.63
2025-05-27,French Open,1st Round,Clay,De Jong J.,Passaro F.,88,139.0,1.53,2.5,1.53,2.71,1.56,2.78
2025-05-27,French Open,1st Round,Clay,Mensik J.,Muller A.,19,39.0,1.4,3.0,1.4,3.2,1.44,3.32
2025-05-27,French Open,1st Round,Clay,Zverev A.,Tien L.,3,67.0,1.03,15.0,1.05,13.31,1.05,21.0
2025-05-27,French Open,1st Round,Clay,Bublik A.,Duckworth J.,62,92.0,1.14,5.5,1.17,5.86,1.2,6.2
2025-05-27,French Open,1st Round,Clay,Quinn E.,Dimitrov G.,106,17.0,3.4,1.33,3.4,1.37,3.6,1.37
2025-05-27,French Open,1st Round,Clay,Shevchenko A.,Lajovic D.,103,125.0,2.75,1.44,2.89,1.48,3.1,1.5
2025-05-27,French Open,1st Round,Clay,Norrie C.,Medvedev D.,81,11.0,4.5,1.2,4.43,1.25,4.5,1.27
2025-05-27,French Open,1st Round,Clay,Gomez F.A.,Kovacevic A.,144,76.0,2.3,1.62,2.4,1.65,2.44,1.68
2025-05-27,French Open,1st Round,Clay,De Minaur A.,Djere L.,9,59.0,1.2,4.5,1.24,4.54,1.25,4.8
2025-05-27,French Open,1st Round,Clay,Walton A.,Marterer M.,91,239.0,4.0,1.25,3.9,1.3,4.1,1.31
2025-05-28,French Open,2nd Round,Clay,Dzumhur D.,Mpetshi G.,69,37.0,2.63,1.5,2.54,1.58,2.63,1.65
2025-05-28,French Open,2nd Round,Clay,Paul T.,Fucsovics M.,12,124.0,1.17,5.0,1.22,4.97,1.24,5.0
2025-05-28,French Open,2nd Round,Clay,Gigante M.,Tsitsipas S.,167,20.0,8.0,1.08,9.69,1.09,10.5,1.1
2025-05-28,French Open,2nd Round,Clay,Rune H.,Nava E.,10,137.0,1.13,6.0,1.12,7.54,1.14,8.6
2025-05-28,French Open,2nd Round,Clay,Shelton B.,Gaston H.,13,83.0,1.36,3.2,1.42,3.13,1.42,3.25
2025-05-28,French Open,2nd Round,Clay,Tiafoe F.,Carreno Busta P.,16,99.0,1.53,2.5,1.62,2.46,1.64,2.65
2025-05-28,French Open,2nd Round,Clay,Korda S.,Brooksby J.,23,161.0,1.33,3.4,1.35,3.54,1.36,3.7
2025-05-28,French Open,2nd Round,Clay,Alcaraz C.,Marozsan F.,2,56.0,1.03,15.0,1.03,19.15,1.03,26.0
2025-05-28,French Open,2nd Round,Clay,Borges N.,Ruud C.,41,8.0,8.0,1.08,9.72,1.09,10.0,1.11
2025-05-28,French Open,2nd Round,Clay,Navone M.,Opelka R.,97,93.0,1.25,4.0,1.25,4.49,1.28,4.7
2025-05-28,French Open,2nd Round,Clay,Halys Q.,Kecmanovic M.,52,46.0,2.38,1.57,2.37,1.66,2.5,1.66
2025-05-28,French Open,2nd Round,Clay,Popyrin A.,Tabilo A.,25,61.0,1.5,2.63,1.56,2.59,1.59,2.66
2025-05-28,French Open,2nd Round,Clay,Altmaier D.,Kopriva V.,66,86.0,1.5,2.63,1.57,2.57,1.65,2.63
2025-05-28,French Open,2nd Round,Clay,Medjedovic H.,Cerundolo J.M.,74,109.0,1.44,2.75,1.46,2.94,1.49,3.0
2025-05-28,French Open,2nd Round,Clay,Musetti L.,Galan D.E.,7,122.0,1.03,17.0,1.04,19.79,1.05,26.0
2025-05-28,French Open,2nd Round,Clay,Khachanov K.,Ofner S.,24,108.0,1.44,2.75,1.42,3.11,1.5,3.2
2025-05-29,French Open,2nd Round,Clay,Draper J.,Monfils G.,5,42.0,1.13,6.0,1.14,6.88,1.15,7.6
2025-05-29,French Open,2nd Round,Clay,Fearnley J.,Humbert U.,55,21.0,2.1,1.73,2.22,1.74,2.29,1.76
2025-05-29,French Open,2nd Round,Clay,Misolic F.,Shapovalov D.,153,31.0,2.38,1.57,2.42,1.64,2.54,1.64
2025-05-29,French Open,2nd Round,Clay,Djokovic N.,Moutet C.,6,73.0,1.07,9.0,1.09,9.4,1.11,9.6
2025-05-29,French Open,2nd Round,Clay,Quinn E.,Shevchenko A.,106,103.0,2.1,1.73,2.23,1.74,2.34,1.79
2025-05-29,French Open,2nd Round,Clay,Norrie C.,Gomez F.A.,81,144.0,1.13,6.0,1.15,6.66,1.17,6.66
2025-05-29,French Open,2nd Round,Clay,Cobolli F.,Arnaldi M.,26,36.0,1.73,2.1,1.87,2.04,1.93,2.12
2025-05-29,French Open,2nd Round,Clay,Fonseca J.,Herbert P.,65,147.0,1.03,15.0,1.05,14.24,1.07,15.0
2025-05-29,French Open,2nd Round,Clay,Sinner J.,Gasquet R.,1,166.0,1.01,34.0,1.01,39.43,1.01,60.0
2025-05-29,French Open,2nd Round,Clay,Griekspoor T.,Diallo G.,35,54.0,1.53,2.5,1.61,2.49,1.62,2.6
2025-05-29,French Open,2nd Round,Clay,Zverev A.,De Jong J.,3,88.0,1.04,13.0,1.04,17.04,1.04,20.0
2025-05-29,French Open,2nd Round,Clay,Rocha H.,Mensik J.,200,19.0,11.0,1.05,13.9,1.06,16.5,1.06
2025-05-29,French Open,2nd Round,Clay,Fils A.,Munar J.,14,57.0,1.17,5.0,1.19,5.51,1.2,5.7
2025-05-29,French Open,2nd Round,Clay,Lehecka J.,Davidovich Fokina A.,34,29.0,2.1,1.73,2.1,1.83,2.16,1.85
2025-05-29,French Open,2nd Round,Clay,Bublik A.,De Minaur A.,62,9.0,8.0,1.08,8.88,1.1,8.88,1.12
2025-05-29,French Open,2nd Round,Clay,Rublev A.,Walton A.,15,91.0,1.03,15.0,1.04,20.18,1.05,22.0
2025-05-30,French Open,3rd Round,Clay,Alcaraz C.,Dzumhur D.,2,69.0,1.01,34.0,1.0,90.33,1.01,90.33
2025-05-30,French Open,3rd Round,Clay,Tiafoe F.,Korda S.,16,23.0,2.0,1.8,2.05,1.87,2.08,1.94
2025-05-30,French Open,3rd Round,Clay,Shelton B.,Gigante M.,13,167.0,1.53,2.5,1.52,2.72,1.55,2.78
2025-05-30,French Open,3rd Round,Clay,Altmaier D.,Medjedovic H.,66,74.0,2.5,1.53,2.49,1.61,2.56,1.62
2025-05-30,French Open,3rd Round,Clay,Paul T.,Khachanov K.,12,24.0,2.1,1.73,2.13,1.8,2.22,1.8
2025-05-30,French Open,3rd Round,Clay,Popyrin A.,Borges N.,25,41.0,1.73,2.1,1.83,2.1,1.84,2.16
2025-05-30,French Open,3rd Round,Clay,Musetti L.,Navone M.,7,97.0,1.1,7.0,1.12,7.59,1.15,7.6
2025-05-30,French Open,3rd Round,Clay,Rune H.,Halys Q.,10,52.0,1.17,5.0,1.18,5.68,1.2,6.2
2025-05-31,French Open,3rd Round,Clay,Bublik A.,Rocha H.,62,200.0,1.3,3.5,1.33,3.65,1.37,3.7
2025-05-31,French Open,3rd Round,Clay,Norrie C.,Fearnley J.,81,55.0,1.73,2.1,1.81,2.12,1.84,2.16
2025-05-31,French Open,3rd Round,Clay,Djokovic N.,Misolic F.,6,153.0,1.05,11.0,1.07,10.82,1.07,15.0
2025-05-31,French Open,3rd Round,Clay,Draper J.,Fonseca J.,5,65.0,1.5,2.63,1.43,3.06,1.52,3.06
2025-05-31,French Open,3rd Round,Clay,Sinner J.,Lehecka J.,1,34.0,1.07,9.0,1.06,13.66,1.08,13.67
2025-05-31,French Open,3rd Round,Clay,Rublev A.,Fils A.,15,14.0,1.57,2.38,1.68,2.32,1.68,2.5
2025-05-31,French Open,3rd Round,Clay,Griekspoor T.,Quinn E.,35,106.0,1.17,5.0,1.19,5.46,1.22,5.46
2025-05-31,French Open,3rd Round,Clay,Zverev A.,Cobolli F.,3,26.0,1.17,5.0,1.21,5.14,1.21,5.6
2025-06-01,French Open,4th Round,Clay,Paul T.,Popyrin A.,12,25.0,1.57,2.38,1.67,2.36,1.67,2.58
2025-06-01,French Open,4th Round,Clay,Alcaraz C.,Shelton B.,2,13.0,1.05,11.0,1.05,13.88,1.07,14.0
2025-06-01,French Open,4th Round,Clay,Tiafoe F.,Altmaier D.,16,66.0,1.5,2.63,1.54,2.66,1.56,2.83
2025-06-01,French Open,4th Round,Clay,Musetti L.,Rune H.,7,10.0,1.44,2.75,1.49,2.85,1.52,2.98
2025-06-02,French Open,4th Round,Clay,Zverev A.,Griekspoor T.,3,35.0,1.13,6.0,1.15,6.47,1.16,7.2
2025-06-02,French Open,4th Round,Clay,Djokovic N.,Norrie C.,6,81.0,1.08,8.0,1.07,12.26,1.1,12.26
2025-06-02,French Open,4th Round,Clay,Bublik A.,Draper J.,62,5.0,9.0,1.07,10.11,1.08,11.5,1.1
2025-06-02,French Open,4th Round,Clay,Sinner J.,Rublev A.,1,15.0,1.05,11.0,1.06,12.79,1.07,14.5
2025-06-03,French Open,Quarterfinals,Clay,Musetti L.,Tiafoe F.,7,16.0,1.22,4.33,1.22,4.89,1.25,5.1
2025-06-03,French Open,Quarterfinals,Clay,Alcaraz C.,Paul T.,2,12.0,1.08,8.0,1.12,7.82,1.12,10.0
2025-06-04,French Open,Quarterfinals,Clay,Sinner J.,Bublik A.,1,62.0,1.03,17.0,1.03,17.08,1.04,21.0
2025-06-04,French Open,Quarterfinals,Clay,Djokovic N.,Zverev A.,6,3.0,1.91,1.91,1.96,1.94,2.02,1.97
2025-06-06,French Open,Semifinals,Clay,Sinner J.,Djokovic N.,1,6.0,1.22,4.33,1.27,4.18,1.29,4.33
2025-06-06,French Open,Semifinals,Clay,Alcaraz C.,Musetti L.,2,7.0,1.13,6.0,1.15,6.6,1.16,6.8
2025-06-08,French Open,The Final,Clay,Alcaraz C.,Sinner J.,2,1.0,2.0,1.83,2.03,1.88,2.03,1.94
2025-06-09,Rosmalen Grass Court Championships,1st Round,Grass,Jarry N.,Darderi L.,150,48.0,1.57,2.4,1.58,2.52,1.61,2.58
2025-06-09,Rosmalen Grass Court Championships,1st Round,Grass,Thompson J.,Kovacevic A.,37,76.0,1.4,2.9,1.43,3.02,1.45,3.05
2025-06-09,Rosmalen Grass Court Championships,1st Round,Grass,Borges N.,Basavareddy N.,38,105.0,1.53,2.4,1.6,2.49,1.6,2.63
2025-06-09,Rosmalen Grass Court Championships,1st Round,Grass,Diallo G.,Vukic A.,55,79.0,1.6,2.38,1.64,2.39,1.67,2.5
2025-06-09,Stuttgart Open,1st Round,Grass,Lehecka J.,Bonzi B.,33,61.0,1.36,3.0,1.43,3.05,1.43,3.2
2025-06-09,Stuttgart Open,1st Round,Grass,Nakashima B.,Fearnley J.,31,49.0,1.85,1.95,1.9,1.99,1.95,2.02
2025-06-09,Stuttgart Open,1st Round,Grass,Struff J.L.,Arnaldi M.,103,41.0,2.0,1.83,1.98,1.91,2.06,1.91
2025-06-09,Stuttgart Open,1st Round,Grass,Mpetshi G.,Safiullin R.,36,74.0,1.53,2.4,1.58,2.41,1.63,2.63
2025-06-10,Stuttgart Open,1st Round,Grass,Rinderknech A.,Shapovalov D.,81,30.0,2.88,1.4,2.98,1.44,3.25,1.47
2025-06-10,Rosmalen Grass Court Championships,1st Round,Grass,Bergs Z.,Blockx A.,63,145.0,1.57,2.4,1.63,2.41,1.66,2.48
2025-06-10,Rosmalen Grass Court Championships,1st Round,Grass,McDonald M.,Bellucci M.,99,72.0,1.57,2.3,1.65,2.37,1.65,2.5
2025-06-10,Rosmalen Grass Court Championships,1st Round,Grass,Opelka R.,De Jong J.,87,92.0,1.73,2.1,1.74,2.21,1.79,2.3
2025-06-10,Rosmalen Grass Court Championships,1st Round,Grass,Virtanen O.,Etcheverry T.,101,62.0,1.53,2.5,1.58,2.52,1.58,2.64
2025-06-10,Stuttgart Open,1st Round,Grass,Michelsen A.,Monfils G.,35,42.0,1.75,2.0,1.85,2.04,1.87,2.12
2025-06-10,Stuttgart Open,1st Round,Grass,Moutet C.,Fognini F.,91,117.0,1.33,3.4,1.33,3.58,1.34,3.85
2025-06-10,Stuttgart Open,1st Round,Grass,Tien L.,Nishioka Y.,68,78.0,1.44,2.7,1.46,2.9,1.5,3.0
2025-06-10,Stuttgart Open,1st Round,Grass,Engel J.,Duckworth J.,281,94.0,4.0,1.25,3.78,1.31,4.1,1.31
2025-06-10,Stuttgart Open,1st Round,Grass,Halys Q.,Sonego L.,47,45.0,1.57,2.3,1.61,2.44,1.62,2.58
2025-06-10,Stuttgart Open,1st Round,Grass,Fucsovics M.,Hanfmann Y.,112,135.0,1.5,2.6,1.54,2.64,1.58,2.7
2025-06-10,Stuttgart Open,1st Round,Grass,Herbert P.,Dzumhur D.,132,67.0,1.5,2.6,1.5,2.78,1.53,2.92
2025-06-11,Rosmalen Grass Court Championships,2nd Round,Grass,Khachanov K.,McDonald M.,24,99.0,1.45,2.8,1.5,2.82,1.5,2.98
2025-06-11,Rosmalen Grass Court Championships,1st Round,Grass,Hurkacz H.,Bautista Agut R.,32,50.0,1.33,3.4,1.35,3.44,1.37,3.6
2025-06-11,Rosmalen Grass Court Championships,1st Round,Grass,Mannarino A.,O Connell C.,127,80.0,1.62,2.2,1.7,2.27,1.74,2.32
2025-06-11,Rosmalen Grass Court Championships,2nd Round,Grass,Diallo G.,Thompson J.,55,37.0,2.5,1.53,2.59,1.57,2.59,1.62
2025-06-11,Rosmalen Grass Court Championships,1st Round,Grass,Lajal M.,Djere L.,195,64.0,1.6,2.25,1.65,2.39,1.71,2.39
2025-06-11,Rosmalen Grass Court Championships,1st Round,Grass,Evans D.,Hijikata R.,217,75.0,2.6,1.5,2.63,1.54,2.75,1.7
2025-06-11,Stuttgart Open,2nd Round,Grass,Shelton B.,Herbert P.,12,132.0,1.33,3.4,1.33,3.66,1.35,3.85
2025-06-11,Stuttgart Open,2nd Round,Grass,Fucsovics M.,Rinderknech A.,112,81.0,1.53,2.5,1.53,2.69,1.58,2.82
2025-06-11,Stuttgart Open,2nd Round,Grass,Fritz T.,Halys Q.,7,47.0,1.36,3.1,1.42,3.13,1.43,3.3
2025-06-11,Stuttgart Open,2nd Round,Grass,Lehecka J.,Struff J.L.,33,103.0,1.45,2.75,1.5,2.81,1.5,3.0
2025-06-12,Rosmalen Grass Court Championships,2nd Round,Grass,Opelka R.,Jarry N.,87,150.0,1.73,2.05,1.79,2.14,1.84,2.16
2025-06-12,Rosmalen Grass Court Championships,2nd Round,Grass,Bergs Z.,Popyrin A.,63,21.0,2.2,1.67,2.28,1.71,2.36,1.72
2025-06-12,Stuttgart Open,2nd Round,Grass,Engel J.,Michelsen A.,281,35.0,6.0,1.13,6.63,1.15,7.2,1.15
2025-06-12,Rosmalen Grass Court Championships,2nd Round,Grass,Borges N.,Virtanen O.,38,101.0,1.45,2.8,1.56,2.58,1.56,3.0
2025-06-12,Stuttgart Open,2nd Round,Grass,Auger-Aliassime F.,Mpetshi G.,29,36.0,1.67,2.25,1.7,2.27,1.73,2.36
2025-06-12,Stuttgart Open,2nd Round,Grass,Nakashima B.,Tien L.,31,68.0,1.33,3.1,1.4,3.23,1.4,3.5
2025-06-12,Rosmalen Grass Court Championships,2nd Round,Grass,Lajal M.,Hurkacz H.,195,32.0,2.5,1.53,2.5,1.6,2.5,1.65
2025-06-12,Rosmalen Grass Court Championships,2nd Round,Grass,Medvedev D.,Mannarino A.,11,127.0,1.29,3.75,1.3,3.81,1.35,4.1
2025-06-12,Stuttgart Open,2nd Round,Grass,Zverev A.,Moutet C.,3,91.0,1.08,8.0,1.09,9.89,1.1,10.0
2025-06-12,Rosmalen Grass Court Championships,2nd Round,Grass,Humbert U.,Evans D.,20,217.0,1.36,3.2,1.33,3.64,1.5,3.75
2025-06-13,Rosmalen Grass Court Championships,Quarterfinals,Grass,Humbert U.,Borges N.,20,38.0,1.4,3.0,1.41,3.18,1.45,3.2
2025-06-13,Rosmalen Grass Court Championships,Quarterfinals,Grass,Diallo G.,Khachanov K.,55,24.0,2.3,1.57,2.42,1.64,2.5,1.64
2025-06-13,Rosmalen Grass Court Championships,Quarterfinals,Grass,Opelka R.,Medvedev D.,87,11.0,3.75,1.29,3.75,1.32,3.85,1.34
2025-06-13,Rosmalen Grass Court Championships,Quarterfinals,Grass,Bergs Z.,Lajal M.,63,195.0,1.8,2.0,1.83,2.09,1.84,2.14
2025-06-13,Stuttgart Open,Quarterfinals,Grass,Auger-Aliassime F.,Engel J.,29,281.0,1.2,4.33,1.24,4.58,1.24,5.0
2025-06-13,Stuttgart Open,Quarterfinals,Grass,Fritz T.,Fucsovics M.,7,112.0,1.4,3.0,1.38,3.34,1.43,3.34
2025-06-13,Stuttgart Open,Quarterfinals,Grass,Zverev A.,Nakashima B.,3,31.0,1.29,3.75,1.31,3.81,1.33,3.95
2025-06-13,Stuttgart Open,Quarterfinals,Grass,Shelton B.,Lehecka J.,12,33.0,1.91,1.91,1.93,1.97,2.0,1.97
2025-06-14,Stuttgart Open,Semifinals,Grass,Fritz T.,Auger-Aliassime F.,7,29.0,1.57,2.3,1.61,2.49,1.61,2.6
2025-06-14,Stuttgart Open,Semifinals,Grass,Zverev A.,Shelton B.,3,12.0,1.57,2.4,1.61,2.48,1.61,2.62
2025-06-14,Rosmalen Grass Court Championships,Semifinals,Grass,Diallo G.,Humbert U.,55,20.0,2.5,1.53,2.61,1.56,2.61,1.61
2025-06-14,Rosmalen Grass Court Championships,Semifinals,Grass,Bergs Z.,Opelka R.,63,87.0,2.2,1.67,2.3,1.69,2.3,1.74
2025-06-15,Rosmalen Grass Court Championships,The Final,Grass,Diallo G.,Bergs Z.,55,63.0,1.53,2.5,1.56,2.6,1.56,2.6
2025-06-15,Stuttgart Open,The Final,Grass,Fritz T.,Zverev A.,7,3.0,2.2,1.67,2.36,1.67,2.36,1.7
2025-06-16,Halle Open,1st Round,Grass,Marozsan F.,Kecmanovic M.,58,47.0,1.91,1.83,1.94,1.94,2.08,1.94
2025-06-16,Queen's Club Championships,1st Round,Grass,Rune H.,O Connell C.,9,79.0,1.2,4.5,1.24,4.43,1.24,4.6
2025-06-16,Queen's Club Championships,1st Round,Grass,Mensik J.,Norrie C.,17,61.0,1.67,2.2,1.68,2.3,1.74,2.32
2025-06-16,Queen's Club Championships,1st Round,Grass,Fearnley J.,Bolt A.,60,194.0,1.36,3.0,1.41,3.13,1.45,3.35
2025-06-16,Queen's Club Championships,1st Round,Grass,McDonald M.,Monfils G.,98,42.0,1.95,1.8,2.08,1.83,2.12,1.86
2025-06-16,Queen's Club Championships,1st Round,Grass,Evans D.,Tiafoe F.,199,13.0,4.0,1.25,4.15,1.27,4.5,1.3
2025-06-16,Queen's Club Championships,1st Round,Grass,Bautista Agut R.,Borges N.,51,38.0,1.67,2.2,1.74,2.2,1.74,2.3
2025-06-16,Halle Open,1st Round,Grass,Halys Q.,Bonzi B.,48,62.0,1.62,2.3,1.68,2.29,1.68,2.46
2025-06-16,Halle Open,1st Round,Grass,Tsitsipas S.,Darderi L.,25,56.0,1.25,3.6,1.3,3.88,1.31,4.1
2025-06-16,Halle Open,1st Round,Grass,Bublik A.,Muller A.,45,40.0,1.33,3.4,1.34,3.42,1.38,3.55
2025-06-16,Halle Open,1st Round,Grass,Medvedev D.,Altmaier D.,11,52.0,1.17,4.75,1.19,5.22,1.22,5.5
2025-06-17,Queen's Club Championships,1st Round,Grass,Munar J.,Thompson J.,59,37.0,3.4,1.33,3.41,1.36,3.6,1.37
2025-06-17,Queen's Club Championships,1st Round,Grass,Alcaraz C.,Walton A.,2,86.0,1.02,15.0,1.02,28.15,1.03,29.0
2025-06-17,Queen's Club Championships,1st Round,Grass,Opelka R.,Ugo Carabelli C.,75,53.0,1.18,5.0,1.2,5.2,1.22,5.5
2025-06-17,Queen's Club Championships,1st Round,Grass,Diallo G.,Harris B.,44,113.0,1.44,2.8,1.45,2.96,1.5,3.15
2025-06-17,Queen's Club Championships,1st Round,Grass,Draper J.,Brooksby J.,6,149.0,1.06,8.0,1.07,10.67,1.1,10.67
2025-06-17,Queen's Club Championships,1st Round,Grass,Nakashima B.,Mpetshi G.,32,36.0,1.57,2.3,1.57,2.56,1.61,2.63
2025-06-17,Queen's Club Championships,1st Round,Grass,Popyrin A.,Vukic A.,21,83.0,1.6,2.38,1.65,2.37,1.65,2.5
2025-06-17,Queen's Club Championships,1st Round,Grass,Lehecka J.,De Minaur A.,30,12.0,3.1,1.36,3.15,1.41,3.25,1.45
2025-06-17,Queen's Club Championships,1st Round,Grass,Moutet C.,Fritz T.,89,4.0,5.0,1.14,6.13,1.16,6.4,1.17
2025-06-17,Queen's Club Championships,1st Round,Grass,Rinderknech A.,Shelton B.,80,10.0,4.33,1.22,4.67,1.23,5.3,1.25
2025-06-17,Halle Open,1st Round,Grass,Machac T.,De Jong J.,23,93.0,1.4,3.0,1.43,3.03,1.5,3.1
2025-06-17,Halle Open,1st Round,Grass,Shapovalov D.,Humbert U.,31,20.0,2.3,1.62,2.28,1.69,2.4,1.71
2025-06-17,Halle Open,1st Round,Grass,Sinner J.,Hanfmann Y.,1,138.0,1.01,13.0,1.02,24.07,1.03,28.0
2025-06-17,Halle Open,1st Round,Grass,Auger-Aliassime F.,Djere L.,27,65.0,1.29,3.75,1.32,3.69,1.35,3.85
2025-06-17,Halle Open,1st Round,Grass,Sonego L.,Struff J.L.,46,103.0,2.1,1.75,2.19,1.75,2.24,1.78
2025-06-17,Halle Open,1st Round,Grass,Rublev A.,Ofner S.,14,122.0,1.45,2.6,1.49,2.8,1.51,2.92
2025-06-17,Halle Open,1st Round,Grass,Cobolli F.,Fonseca J.,24,57.0,2.6,1.5,2.63,1.54,2.78,1.55
2025-06-17,Halle Open,1st Round,Grass,Etcheverry T.,Martinez P.,63,54.0,1.36,3.2,1.38,3.16,1.42,3.35
2025-06-17,Halle Open,1st Round,Grass,Michelsen A.,Cerundolo F.,33,18.0,1.8,1.95,1.9,1.99,1.92,2.04
2025-06-18,Queen's Club Championships,2nd Round,Grass,Bautista Agut R.,Mensik J.,51,17.0,2.6,1.5,2.71,1.53,2.8,1.58
2025-06-18,Queen's Club Championships,2nd Round,Grass,Nakashima B.,Evans D.,32,199.0,1.4,3.0,1.41,3.17,1.45,3.25
2025-06-18,Queen's Club Championships,2nd Round,Grass,Rune H.,McDonald M.,9,98.0,1.36,3.0,1.39,3.3,1.43,3.3
2025-06-18,Halle Open,2nd Round,Grass,Michelsen A.,Tsitsipas S.,33,25.0,1.73,2.1,1.76,2.2,1.79,2.25
2025-06-18,Halle Open,2nd Round,Grass,Medvedev D.,Halys Q.,11,48.0,1.45,2.8,1.47,2.91,1.47,3.1
2025-06-18,Halle Open,1st Round,Grass,Zverev A.,Giron M.,3,43.0,1.12,5.5,1.14,6.7,1.17,7.0
2025-06-18,Halle Open,1st Round,Grass,Khachanov K.,Bergs Z.,22,49.0,1.5,2.6,1.53,2.66,1.56,2.76
2025-06-18,Queen's Club Championships,2nd Round,Grass,Draper J.,Popyrin A.,6,21.0,1.13,5.5,1.15,6.41,1.16,6.8
2025-06-19,Queen's Club Championships,2nd Round,Grass,Lehecka J.,Diallo G.,30,44.0,1.57,2.4,1.56,2.61,1.62,2.61
2025-06-19,Queen's Club Championships,2nd Round,Grass,Fearnley J.,Moutet C.,60,89.0,1.57,2.4,1.62,2.47,1.63,2.52
2025-06-19,Queen's Club Championships,2nd Round,Grass,Alcaraz C.,Munar J.,2,59.0,1.03,13.0,1.04,19.07,1.04,21.0
2025-06-19,Queen's Club Championships,2nd Round,Grass,Rinderknech A.,Opelka R.,80,75.0,2.1,1.7,2.13,1.8,2.13,1.87
2025-06-19,Halle Open,2nd Round,Grass,Machac T.,Marozsan F.,23,58.0,1.8,1.95,1.86,2.05,1.91,2.08
2025-06-19,Halle Open,2nd Round,Grass,Zverev A.,Sonego L.,3,46.0,1.12,6.5,1.12,7.71,1.13,8.0
2025-06-19,Halle Open,2nd Round,Grass,Khachanov K.,Auger-Aliassime F.,22,27.0,2.2,1.7,2.36,1.67,2.4,1.73
2025-06-19,Halle Open,2nd Round,Grass,Cobolli F.,Shapovalov D.,24,31.0,2.38,1.6,2.38,1.65,2.43,1.68
2025-06-19,Halle Open,2nd Round,Grass,Etcheverry T.,Rublev A.,63,14.0,4.0,1.25,4.52,1.25,4.6,1.27
2025-06-19,Halle Open,2nd Round,Grass,Bublik A.,Sinner J.,45,1.0,5.5,1.14,6.53,1.16,7.2,1.16
2025-06-20,Queen's Club Championships,Quarterfinals,Grass,Bautista Agut R.,Rune H.,51,9.0,3.4,1.33,3.62,1.34,3.65,1.37
2025-06-20,Queen's Club Championships,Quarterfinals,Grass,Alcaraz C.,Rinderknech A.,2,80.0,1.12,6.5,1.11,7.78,1.13,8.5
2025-06-20,Queen's Club Championships,Quarterfinals,Grass,Draper J.,Nakashima B.,6,32.0,1.2,4.33,1.21,5.08,1.22,5.3
2025-06-20,Queen's Club Championships,Quarterfinals,Grass,Lehecka J.,Fearnley J.,30,60.0,1.5,2.6,1.52,2.74,1.54,2.84
2025-06-20,Halle Open,Quarterfinals,Grass,Medvedev D.,Michelsen A.,11,33.0,1.4,2.8,1.43,3.06,1.44,3.2
2025-06-20,Halle Open,Quarterfinals,Grass,Zverev A.,Cobolli F.,3,24.0,1.13,6.0,1.14,7.04,1.16,7.04
2025-06-20,Halle Open,Quarterfinals,Grass,Bublik A.,Machac T.,45,23.0,1.53,2.5,1.57,2.59,1.59,2.68
2025-06-20,Halle Open,Quarterfinals,Grass,Khachanov K.,Etcheverry T.,22,63.0,1.36,3.2,1.36,3.43,1.4,3.43
2025-06-21,Halle Open,Semifinals,Grass,Medvedev D.,Zverev A.,11,3.0,2.1,1.7,2.2,1.76,2.3,1.76
2025-06-21,Halle Open,Semifinals,Grass,Bublik A.,Khachanov K.,45,22.0,1.67,2.25,1.61,2.48,1.67,2.56
2025-06-21,Queen's Club Championships,Semifinals,Grass,Lehecka J.,Draper J.,30,6.0,2.63,1.45,2.74,1.52,2.92,1.52
2025-06-21,Queen's Club Championships,Semifinals,Grass,Alcaraz C.,Bautista Agut R.,2,51.0,1.1,7.0,1.12,7.95,1.12,9.4
2025-06-22,Queen's Club Championships,The Final,Grass,Alcaraz C.,Lehecka J.,2,30.0,1.25,4.0,1.25,4.45,1.26,4.7
2025-06-22,Mallorca Championships,1st Round,Grass,Altmaier D.,Fognini F.,59,130.0,1.45,2.63,1.49,2.79,1.52,3.0
2025-06-22,Halle Open,The Final,Grass,Bublik A.,Medvedev D.,45,11.0,2.25,1.6,2.38,1.65,2.48,1.66
2025-06-22,Mallorca Championships,1st Round,Grass,Djere L.,Bu Y.,62,69.0,1.67,2.2,1.73,2.21,1.78,2.24
2025-06-23,Mallorca Championships,1st Round,Grass,Tien L.,Engel J.,67,219.0,1.67,2.2,1.69,2.28,1.69,2.44
2025-06-23,Mallorca Championships,1st Round,Grass,Quinn E.,Ugo Carabelli C.,95,55.0,1.36,3.0,1.41,3.13,1.46,3.2
2025-06-23,Mallorca Championships,1st Round,Grass,Rinderknech A.,Dzumhur D.,70,68.0,1.3,3.6,1.31,3.78,1.34,3.85
2025-06-23,Mallorca Championships,1st Round,Grass,Medjedovic H.,Basavareddy N.,73,99.0,1.67,2.25,1.68,2.3,1.7,2.4
2025-06-23,Mallorca Championships,1st Round,Grass,Moutet C.,Martinez P.,83,52.0,1.22,4.0,1.3,3.88,1.3,4.7
2025-06-23,Mallorca Championships,1st Round,Grass,Safiullin R.,Muller A.,75,40.0,1.6,2.38,1.63,2.4,1.63,2.58
2025-06-23,Mallorca Championships,1st Round,Grass,Diallo G.,Munar J.,41,54.0,1.62,2.3,1.63,2.41,1.68,2.42
2025-06-23,Eastbourne International,1st Round,Grass,Davidovich Fokina A.,Tseng C.H.,28,96.0,1.29,3.4,1.34,3.56,1.35,3.8
2025-06-23,Eastbourne International,1st Round,Grass,Fonseca J.,Bergs Z.,57,50.0,1.53,2.5,1.54,2.64,1.64,2.64
2025-06-23,Eastbourne International,1st Round,Grass,Evans D.,Kecmanovic M.,170,49.0,2.2,1.67,2.29,1.69,2.32,1.74
2025-06-23,Eastbourne International,1st Round,Grass,Bellucci M.,Halys Q.,74,47.0,2.2,1.62,2.27,1.7,2.34,1.74
2025-06-23,Eastbourne International,1st Round,Grass,Sonego L.,Marozsan F.,48,58.0,1.67,2.2,1.68,2.31,1.74,2.34
2025-06-24,Mallorca Championships,2nd Round,Grass,Auger-Aliassime F.,Rinderknech A.,27,70.0,1.33,3.4,1.37,3.42,1.37,3.55
2025-06-24,Mallorca Championships,2nd Round,Grass,Diallo G.,Djere L.,41,62.0,1.44,2.8,1.44,3.04,1.46,3.1
2025-06-24,Mallorca Championships,2nd Round,Grass,Griekspoor T.,Quinn E.,34,95.0,1.53,2.5,1.56,2.59,1.61,2.6
2025-06-24,Mallorca Championships,2nd Round,Grass,Medjedovic H.,Safiullin R.,73,75.0,1.75,2.1,1.79,2.14,1.79,2.22
2025-06-24,Mallorca Championships,1st Round,Grass,Bautista Agut R.,Etcheverry T.,43,53.0,1.57,2.4,1.6,2.48,1.6,2.63
2025-06-24,Mallorca Championships,1st Round,Grass,Tomic B.,Hijikata R.,248,88.0,2.5,1.5,2.55,1.57,2.63,1.59
2025-06-24,Mallorca Championships,1st Round,Grass,Holt B.,Bonzi B.,101,64.0,2.2,1.67,2.25,1.71,2.38,1.73
2025-06-24,Eastbourne International,1st Round,Grass,Duckworth J.,Vukic A.,106,80.0,2.75,1.45,2.75,1.53,2.76,1.55
2025-06-24,Eastbourne International,1st Round,Grass,Opelka R.,Loffhagen G.,72,302.0,1.57,2.3,1.62,2.43,1.68,2.44
2025-06-24,Eastbourne International,1st Round,Grass,Giron M.,Darderi L.,46,56.0,1.53,2.4,1.59,2.5,1.61,2.6
2025-06-24,Eastbourne International,1st Round,Grass,Borges N.,Pinnington Jones J.,37,282.0,1.6,2.38,1.59,2.49,1.62,2.58
2025-06-24,Eastbourne International,1st Round,Grass,Brooksby J.,Comesana F.,149,65.0,1.5,2.63,1.5,2.72,1.5,2.78
2025-06-24,Eastbourne International,1st Round,Grass,Harris B.,Norrie C.,142,61.0,3.1,1.33,3.34,1.37,3.45,1.38
2025-06-24,Eastbourne International,1st Round,Grass,Fearnley J.,Cobolli F.,51,24.0,1.73,2.1,1.71,2.24,1.78,2.26
2025-06-25,Eastbourne International,2nd Round,Grass,Harris B.,Bellucci M.,142,74.0,2.4,1.57,2.52,1.6,2.52,1.64
2025-06-25,Mallorca Championships,2nd Round,Grass,Tien L.,Shelton B.,67,10.0,3.75,1.29,3.86,1.31,4.0,1.32
2025-06-25,Mallorca Championships,2nd Round,Grass,Michelsen A.,Holt B.,33,101.0,1.3,3.6,1.31,3.85,1.34,3.85
2025-06-25,Mallorca Championships,2nd Round,Grass,Moutet C.,Altmaier D.,83,59.0,1.44,2.63,1.49,2.85,1.5,3.0
2025-06-25,Eastbourne International,2nd Round,Grass,Brooksby J.,Borges N.,149,37.0,2.05,1.8,2.06,1.85,2.14,1.89
2025-06-25,Eastbourne International,2nd Round,Grass,Humbert U.,Sonego L.,20,48.0,1.57,2.4,1.66,2.36,1.66,2.5
2025-06-25,Eastbourne International,2nd Round,Grass,Mensik J.,Opelka R.,17,72.0,1.45,2.6,1.51,2.76,1.55,2.8
2025-06-25,Mallorca Championships,2nd Round,Grass,Bautista Agut R.,Tomic B.,43,248.0,1.22,4.0,1.23,4.68,1.26,4.7
2025-06-25,Eastbourne International,2nd Round,Grass,Davidovich Fokina A.,Duckworth J.,28,106.0,1.44,2.8,1.47,2.89,1.48,3.05
2025-06-25,Eastbourne International,2nd Round,Grass,Evans D.,Paul T.,170,13.0,3.4,1.33,3.28,1.39,3.75,1.39
2025-06-25,Eastbourne International,2nd Round,Grass,Giron M.,Fearnley J.,46,51.0,2.63,1.5,2.84,1.49,2.86,1.52
2025-06-26,Mallorca Championships,Quarterfinals,Grass,Auger-Aliassime F.,Medjedovic H.,27,73.0,1.44,2.8,1.45,2.98,1.45,3.15
2025-06-26,Mallorca Championships,Quarterfinals,Grass,Moutet C.,Tien L.,83,67.0,2.1,1.75,2.17,1.78,2.17,1.85
2025-06-26,Eastbourne International,2nd Round,Grass,Fritz T.,Fonseca J.,5,57.0,1.36,3.0,1.41,3.18,1.42,3.3
2025-06-26,Eastbourne International,Quarterfinals,Grass,Humbert U.,Harris B.,20,142.0,1.25,4.0,1.27,4.28,1.28,4.4
2025-06-26,Mallorca Championships,Quarterfinals,Grass,Michelsen A.,Bautista Agut R.,33,43.0,1.95,1.85,1.99,1.91,2.02,1.96
2025-06-26,Eastbourne International,Quarterfinals,Grass,Brooksby J.,Evans D.,149,170.0,1.75,2.0,1.83,2.07,1.84,2.16
2025-06-26,Eastbourne International,Quarterfinals,Grass,Davidovich Fokina A.,Mensik J.,28,17.0,2.5,1.53,2.7,1.53,2.74,1.57
2025-06-26,Eastbourne International,Quarterfinals,Grass,Fritz T.,Giron M.,5,46.0,1.25,4.0,1.25,4.42,1.26,4.5
2025-06-26,Mallorca Championships,Quarterfinals,Grass,Griekspoor T.,Diallo G.,34,41.0,1.9,1.83,1.99,1.92,2.04,1.94
2025-06-27,Eastbourne International,Semifinals,Grass,Brooksby J.,Humbert U.,149,20.0,2.8,1.44,2.87,1.48,2.92,1.51
2025-06-27,Mallorca Championships,Semifinals,Grass,Moutet C.,Michelsen A.,83,33.0,2.4,1.57,2.52,1.6,2.52,1.66
2025-06-27,Eastbourne International,Semifinals,Grass,Fritz T.,Davidovich Fokina A.,5,28.0,1.33,3.4,1.37,3.37,1.39,3.5
2025-06-27,Mallorca Championships,Semifinals,Grass,Griekspoor T.,Auger-Aliassime F.,34,27.0,2.2,1.67,2.3,1.69,2.32,1.74
2025-06-28,Mallorca Championships,The Final,Grass,Griekspoor T.,Moutet C.,34,83.0,1.57,2.3,1.59,2.46,1.65,2.5
2025-06-28,Eastbourne International,The Final,Grass,Fritz T.,Brooksby J.,5,149.0,1.3,3.6,1.3,3.89,1.31,4.1
2025-06-30,Wimbledon,1st Round,Grass,Garin C.,Rodesch C.,110,163.0,1.67,2.2,1.67,2.31,1.71,2.38
2025-06-30,Wimbledon,1st Round,Grass,Diallo G.,Altmaier D.,40,57.0,1.2,4.5,1.2,5.2,1.23,5.3
2025-06-30,Wimbledon,1st Round,Grass,Brooksby J.,Griekspoor T.,101,29.0,2.75,1.4,2.7,1.52,2.85,1.53
2025-06-30,Wimbledon,1st Round,Grass,Davidovich Fokina A.,Holt B.,27,99.0,1.22,4.33,1.23,4.58,1.26,4.7
2025-06-30,Wimbledon,1st Round,Grass,Majchrzak K.,Berrettini M.,109,35.0,6.0,1.13,7.18,1.13,7.2,1.16
2025-06-30,Wimbledon,1st Round,Grass,Struff J.L.,Misolic F.,125,111.0,1.67,2.25,1.65,2.36,1.68,2.4
2025-06-30,Wimbledon,1st Round,Grass,Rublev A.,Djere L.,14,60.0,1.22,4.0,1.26,4.28,1.29,4.3
2025-06-30,Wimbledon,1st Round,Grass,Khachanov K.,McDonald M.,20,88.0,1.22,4.33,1.21,4.91,1.25,4.91
2025-06-30,Wimbledon,1st Round,Grass,Harris B.,Lajovic D.,151,118.0,1.4,2.8,1.47,2.85,1.5,3.0
2025-06-30,Wimbledon,1st Round,Grass,Quinn E.,Searle H.,89,421.0,1.44,2.8,1.47,2.85,1.48,2.94
2025-06-30,Wimbledon,1st Round,Grass,Fonseca J.,Fearnley J.,54,51.0,1.5,2.63,1.49,2.79,1.53,2.86
2025-06-30,Wimbledon,1st Round,Grass,Borges N.,Cerundolo F.,37,19.0,2.4,1.53,2.49,1.59,2.56,1.64
2025-06-30,Wimbledon,1st Round,Grass,Darderi L.,Safiullin R.,59,75.0,3.0,1.4,3.07,1.42,3.2,1.43
2025-06-30,Wimbledon,1st Round,Grass,Auger-Aliassime F.,Duckworth J.,28,103.0,1.18,4.5,1.2,5.06,1.21,5.5
2025-06-30,Wimbledon,1st Round,Grass,Royer V.,Tsitsipas S.,113,26.0,4.0,1.25,4.13,1.27,4.3,1.29
2025-06-30,Wimbledon,1st Round,Grass,Tarvet O.,Riedi L.,733,503.0,2.1,1.75,2.12,1.79,2.18,1.84
2025-06-30,Wimbledon,1st Round,Grass,Lehecka J.,Dellien H.,25,79.0,1.02,15.0,,,1.02,55.0
2025-06-30,Wimbledon,1st Round,Grass,Thompson J.,Kopriva V.,44,78.0,1.4,3.0,1.43,3.03,1.43,3.35
2025-06-30,Wimbledon,1st Round,Grass,Alcaraz C.,Fognini F.,2,138.0,1.01,17.0,,,1.01,90.0
2025-06-30,Wimbledon,1st Round,Grass,Bellucci M.,Crawford O.,73,248.0,1.3,3.6,1.3,3.81,1.34,3.85
2025-06-30,Wimbledon,1st Round,Grass,Bonzi B.,Medvedev D.,64,9.0,8.5,1.07,9.03,1.09,12.5,1.09
2025-06-30,Wimbledon,1st Round,Grass,Mannarino A.,O Connell C.,123,77.0,1.36,2.9,1.43,3.03,1.45,3.15
2025-06-30,Wimbledon,1st Round,Grass,Tiafoe F.,Moller E.,12,117.0,1.04,9.0,1.06,12.44,1.07,13.5
2025-06-30,Wimbledon,1st Round,Grass,Norrie C.,Bautista Agut R.,61,42.0,1.83,1.91,1.91,1.98,1.99,2.0
2025-06-30,Wimbledon,1st Round,Grass,Fery A.,Popyrin A.,461,22.0,4.33,1.22,4.45,1.24,4.5,1.28
2025-06-30,Wimbledon,1st Round,Grass,Harris L.,Bergs Z.,320,50.0,2.5,1.5,2.56,1.56,2.82,1.56
2025-06-30,Wimbledon,1st Round,Grass,Jarry N.,Rune H.,143,8.0,3.75,1.29,3.76,1.3,4.0,1.32
2025-06-30,Wimbledon,1st Round,Grass,Tien L.,Basavareddy N.,62,100.0,1.5,2.6,1.54,2.63,1.54,2.8
2025-07-01,Wimbledon,1st Round,Grass,Shelton B.,Bolt A.,10,179.0,1.25,4.0,1.28,3.94,1.3,4.2
2025-07-01,Wimbledon,1st Round,Grass,Machac T.,Dzumhur D.,23,67.0,1.2,4.5,1.22,4.82,1.24,5.0
2025-07-01,Wimbledon,1st Round,Grass,Rinderknech A.,Zverev A.,72,3.0,7.5,1.08,8.34,1.1,9.2,1.11
2025-07-01,Wimbledon,1st Round,Grass,Cobolli F.,Zhukayev B.,24,247.0,1.33,3.4,1.3,3.81,1.35,3.81
2025-07-01,Wimbledon,1st Round,Grass,Mensik J.,Gaston H.,17,86.0,1.07,8.5,1.08,10.35,1.1,10.5
2025-07-01,Wimbledon,1st Round,Grass,Cilic M.,Collignon R.,83,85.0,1.08,7.0,1.09,9.03,1.12,9.03
2025-07-01,Wimbledon,1st Round,Grass,Opelka R.,Shevchenko A.,70,98.0,1.33,3.25,1.35,3.49,1.39,3.49
2025-07-01,Wimbledon,1st Round,Grass,Holmgren A.,Halys Q.,192,46.0,5.0,1.17,5.64,1.17,5.7,1.2
2025-07-01,Wimbledon,1st Round,Grass,Fucsovics M.,Kovacevic A.,105,76.0,1.25,3.75,1.29,3.9,1.29,4.3
2025-07-01,Wimbledon,1st Round,Grass,Dimitrov G.,Nishioka Y.,21,82.0,1.18,5.0,1.21,4.94,1.21,5.7
2025-07-01,Wimbledon,1st Round,Grass,Hijikata R.,Goffin D.,87,63.0,1.6,2.38,1.62,2.42,1.66,2.46
2025-07-01,Wimbledon,1st Round,Grass,Pinnington Jones J.,Etcheverry T.,281,53.0,2.75,1.45,2.77,1.5,2.84,1.53
2025-07-01,Wimbledon,1st Round,Grass,Draper J.,Baez S.,4,38.0,1.02,15.0,,,1.02,36.0
2025-07-01,Wimbledon,1st Round,Grass,Giron M.,Ugo Carabelli C.,45,56.0,1.06,9.0,1.08,10.42,1.09,13.0
2025-07-01,Wimbledon,1st Round,Grass,Djokovic N.,Muller A.,6,41.0,1.02,15.0,1.03,24.43,1.03,34.0
2025-07-01,Wimbledon,1st Round,Grass,Monfils G.,Humbert U.,48,18.0,3.4,1.33,3.52,1.34,3.65,1.37
2025-07-01,Wimbledon,1st Round,Grass,Fritz T.,Mpetshi G.,5,36.0,1.15,5.5,1.18,5.56,1.18,6.2
2025-07-01,Wimbledon,1st Round,Grass,Van De Zandschulp B.,Arnaldi M.,92,43.0,2.25,1.67,2.32,1.67,2.34,1.72
2025-07-01,Wimbledon,1st Round,Grass,Evans D.,Clarke J.,154,196.0,1.18,5.0,1.19,5.22,1.22,5.3
2025-07-01,Wimbledon,1st Round,Grass,Moutet C.,Comesana F.,69,65.0,1.45,2.8,1.51,2.75,1.56,2.8
2025-07-01,Wimbledon,1st Round,Grass,Vukic A.,Tseng C.H.,93,96.0,1.25,4.0,1.26,4.23,1.3,4.33
2025-07-01,Wimbledon,1st Round,Grass,Marozsan F.,McCabe J.,58,181.0,1.44,2.8,1.46,2.91,1.49,2.96
2025-07-01,Wimbledon,1st Round,Grass,Kecmanovic M.,Michelsen A.,49,32.0,2.8,1.44,2.84,1.48,3.0,1.48
2025-07-01,Wimbledon,1st Round,Grass,Sonego L.,Faria J.,47,116.0,1.3,3.6,1.29,3.9,1.32,4.0
2025-07-01,Wimbledon,1st Round,Grass,De Minaur A.,Carballes Baena R.,11,74.0,1.01,13.0,,,1.02,38.0
2025-07-01,Wimbledon,1st Round,Grass,Cazaux A.,Walton A.,115,90.0,1.53,2.5,1.56,2.59,1.6,2.63
2025-07-01,Wimbledon,1st Round,Grass,Paul T.,Monday J.,13,224.0,1.05,8.5,1.08,10.39,1.08,12.0
2025-07-01,Wimbledon,1st Round,Grass,De Jong J.,Eubanks C.,106,130.0,1.75,2.1,1.67,2.33,1.8,2.34
2025-07-01,Wimbledon,1st Round,Grass,Navone M.,Shapovalov D.,91,30.0,6.0,1.13,6.24,1.15,6.6,1.17
2025-07-01,Wimbledon,1st Round,Grass,Munar J.,Bublik A.,55,31.0,4.33,1.22,4.76,1.22,5.1,1.23
2025-07-01,Wimbledon,1st Round,Grass,Sinner J.,Nardi L.,1,95.0,1.01,13.0,,,1.02,65.0
2025-07-01,Wimbledon,1st Round,Grass,Ofner S.,Medjedovic H.,165,68.0,2.5,1.53,2.65,1.53,2.74,1.56
2025-07-01,Wimbledon,1st Round,Grass,Martinez P.,Loffhagen G.,52,293.0,3.6,1.3,3.74,1.31,3.74,1.36
2025-07-01,Wimbledon,1st Round,Grass,Mochizuki S.,Zeppieri G.,144,351.0,1.5,2.6,1.51,2.73,1.53,2.82
2025-07-01,Wimbledon,1st Round,Grass,Basilashvili N.,Musetti L.,126,7.0,3.4,1.3,3.9,1.29,3.9,1.36
2025-07-02,Wimbledon,2nd Round,Grass,Alcaraz C.,Tarvet O.,2,733.0,1.01,12.0,,,1.03,34.0
2025-07-02,Wimbledon,2nd Round,Grass,Fritz T.,Diallo G.,5,40.0,1.3,3.6,1.32,3.76,1.36,3.9
2025-07-02,Wimbledon,2nd Round,Grass,Majchrzak K.,Quinn E.,109,89.0,2.2,1.62,2.26,1.72,2.3,1.75
2025-07-02,Wimbledon,2nd Round,Grass,Bellucci M.,Lehecka J.,73,25.0,4.5,1.2,5.04,1.21,5.3,1.22
2025-07-02,Wimbledon,2nd Round,Grass,Thompson J.,Bonzi B.,44,64.0,2.5,1.53,2.46,1.62,2.66,1.62
2025-07-02,Wimbledon,2nd Round,Grass,Borges N.,Harris B.,37,151.0,1.53,2.5,1.58,2.56,1.6,2.62
2025-07-02,Wimbledon,2nd Round,Grass,Norrie C.,Tiafoe F.,61,12.0,2.5,1.53,2.59,1.57,2.66,1.59
2025-07-02,Wimbledon,2nd Round,Grass,Khachanov K.,Mochizuki S.,20,144.0,1.14,5.5,1.14,6.76,1.16,7.0
2025-07-02,Wimbledon,2nd Round,Grass,Jarry N.,Tien L.,143,62.0,1.67,2.2,1.76,2.2,1.77,2.24
2025-07-02,Wimbledon,2nd Round,Grass,Mannarino A.,Royer V.,123,113.0,1.44,2.8,1.44,3.03,1.5,3.05
2025-07-02,Wimbledon,2nd Round,Grass,Fonseca J.,Brooksby J.,54,101.0,1.44,2.8,1.45,3.0,1.49,3.0
2025-07-02,Wimbledon,1st Round,Grass,Nakashima B.,Bu Y.,34,71.0,1.13,6.0,1.15,6.44,1.18,6.5
2025-07-02,Wimbledon,2nd Round,Grass,Rublev A.,Harris L.,14,320.0,1.29,3.75,1.31,3.81,1.33,3.9
2025-07-03,Wimbledon,2nd Round,Grass,Darderi L.,Fery A.,59,461.0,2.1,1.7,2.13,1.81,2.22,1.81
2025-07-03,Wimbledon,2nd Round,Grass,Sonego L.,Basilashvili N.,47,126.0,1.44,2.8,1.45,3.0,1.48,3.0
2025-07-03,Wimbledon,2nd Round,Grass,Cilic M.,Draper J.,83,4.0,6.5,1.12,7.4,1.13,8.4,1.13
2025-07-03,Wimbledon,2nd Round,Grass,Ofner S.,Paul T.,165,13.0,5.5,1.15,6.3,1.16,6.4,1.17
2025-07-03,Wimbledon,2nd Round,Grass,Nakashima B.,Opelka R.,34,70.0,1.4,3.0,1.42,3.14,1.45,3.15
2025-07-03,Wimbledon,2nd Round,Grass,Sinner J.,Vukic A.,1,93.0,1.01,17.0,,,1.02,46.0
2025-07-03,Wimbledon,2nd Round,Grass,Holmgren A.,Machac T.,192,23.0,5.5,1.15,6.76,1.14,6.8,1.17
2025-07-03,Wimbledon,2nd Round,Grass,Djokovic N.,Evans D.,6,154.0,1.06,9.0,1.06,13.92,1.06,16.0
2025-07-03,Wimbledon,2nd Round,Grass,Martinez P.,Navone M.,52,91.0,2.63,1.5,2.71,1.53,2.78,1.56
2025-07-03,Wimbledon,2nd Round,Grass,Struff J.L.,Auger-Aliassime F.,125,28.0,3.25,1.33,3.38,1.37,3.5,1.38
2025-07-03,Wimbledon,2nd Round,Grass,Kecmanovic M.,De Jong J.,49,106.0,1.4,3.0,1.41,3.17,1.45,3.2
2025-07-03,Wimbledon,2nd Round,Grass,Mensik J.,Giron M.,17,45.0,1.53,2.5,1.59,2.53,1.59,2.7
2025-07-03,Wimbledon,2nd Round,Grass,De Minaur A.,Cazaux A.,11,115.0,1.08,8.0,1.1,8.61,1.1,10.0
2025-07-03,Wimbledon,2nd Round,Grass,Rinderknech A.,Garin C.,72,110.0,1.67,2.25,1.75,2.21,1.75,2.34
2025-07-03,Wimbledon,2nd Round,Grass,Dimitrov G.,Moutet C.,21,69.0,1.6,2.38,1.66,2.38,1.69,2.42
2025-07-03,Wimbledon,2nd Round,Grass,Davidovich Fokina A.,Van De Zandschulp B.,27,92.0,1.3,3.6,1.33,3.66,1.34,3.8
2025-07-03,Wimbledon,2nd Round,Grass,Munar J.,Marozsan F.,55,58.0,1.8,2.0,1.76,2.2,1.8,2.22
2025-07-03,Wimbledon,2nd Round,Grass,Cobolli F.,Pinnington Jones J.,24,281.0,1.36,3.2,1.4,3.25,1.41,3.35
2025-07-04,Wimbledon,3rd Round,Grass,Alcaraz C.,Struff J.L.,2,125.0,1.04,11.0,1.05,15.53,1.05,18.0
2025-07-04,Wimbledon,3rd Round,Grass,Khachanov K.,Borges N.,20,37.0,1.4,3.0,1.44,3.03,1.48,3.05
2025-07-04,Wimbledon,3rd Round,Grass,Jarry N.,Fonseca J.,143,54.0,2.9,1.4,3.05,1.43,3.05,1.48
2025-07-04,Wimbledon,3rd Round,Grass,Majchrzak K.,Rinderknech A.,109,72.0,1.91,1.9,2.07,1.85,2.1,1.9
2025-07-04,Wimbledon,3rd Round,Grass,Thompson J.,Darderi L.,44,59.0,1.67,2.1,1.79,2.15,1.82,2.2
2025-07-04,Wimbledon,3rd Round,Grass,Norrie C.,Bellucci M.,61,73.0,1.57,2.3,1.6,2.5,1.63,2.56
2025-07-04,Wimbledon,2nd Round,Grass,Shelton B.,Hijikata R.,10,87.0,1.22,4.33,1.26,4.37,1.26,4.8
2025-07-04,Wimbledon,2nd Round,Grass,Fucsovics M.,Monfils G.,105,48.0,1.9,1.91,1.94,1.96,1.95,2.04
2025-07-04,Wimbledon,3rd Round,Grass,Rublev A.,Mannarino A.,14,123.0,1.25,3.75,1.3,3.96,1.31,4.1
2025-07-04,Wimbledon,3rd Round,Grass,Fritz T.,Davidovich Fokina A.,5,27.0,1.25,3.75,1.3,3.92,1.34,3.92
2025-07-05,Wimbledon,3rd Round,Grass,De Minaur A.,Holmgren A.,11,192.0,1.06,8.0,1.08,10.76,1.08,12.0
2025-07-05,Wimbledon,3rd Round,Grass,Djokovic N.,Kecmanovic M.,6,49.0,1.04,9.5,1.05,15.38,1.05,19.5
2025-07-05,Wimbledon,3rd Round,Grass,Shelton B.,Fucsovics M.,10,105.0,1.3,3.6,1.32,3.77,1.33,4.0
2025-07-05,Wimbledon,3rd Round,Grass,Cilic M.,Munar J.,83,55.0,1.53,2.5,1.58,2.55,1.61,2.62
2025-07-05,Wimbledon,3rd Round,Grass,Sonego L.,Nakashima B.,47,34.0,2.6,1.5,2.74,1.52,2.78,1.55
2025-07-05,Wimbledon,3rd Round,Grass,Sinner J.,Martinez P.,1,52.0,1.01,19.0,1.01,41.19,1.01,75.0
2025-07-05,Wimbledon,3rd Round,Grass,Cobolli F.,Mensik J.,24,17.0,2.5,1.53,2.67,1.54,2.7,1.58
2025-07-05,Wimbledon,3rd Round,Grass,Dimitrov G.,Ofner S.,21,165.0,1.29,3.75,1.31,3.83,1.33,3.9
2025-07-06,Wimbledon,4th Round,Grass,Khachanov K.,Majchrzak K.,20,109.0,1.36,3.2,1.38,3.36,1.4,3.4
2025-07-06,Wimbledon,4th Round,Grass,Fritz T.,Thompson J.,5,44.0,1.14,5.5,1.15,6.36,1.16,6.8
2025-07-06,Wimbledon,4th Round,Grass,Norrie C.,Jarry N.,61,143.0,1.83,1.91,1.87,2.04,2.1,2.08
2025-07-06,Wimbledon,4th Round,Grass,Alcaraz C.,Rublev A.,2,14.0,1.08,7.0,1.1,8.57,1.11,9.4
2025-07-07,Wimbledon,4th Round,Grass,Shelton B.,Sonego L.,10,47.0,1.29,3.75,1.32,3.76,1.32,4.3
2025-07-07,Wimbledon,4th Round,Grass,Sinner J.,Dimitrov G.,1,21.0,1.03,13.0,1.03,18.06,1.05,18.06
2025-07-07,Wimbledon,4th Round,Grass,Cobolli F.,Cilic M.,24,83.0,1.83,2.0,1.88,2.03,1.89,2.1
2025-07-07,Wimbledon,4th Round,Grass,Djokovic N.,De Minaur A.,6,11.0,1.17,5.0,1.2,5.22,1.2,5.9
2025-07-08,Wimbledon,Quarterfinals,Grass,Fritz T.,Khachanov K.,5,20.0,1.29,3.75,1.29,4.06,1.31,4.2
2025-07-08,Wimbledon,Quarterfinals,Grass,Alcaraz C.,Norrie C.,2,61.0,1.06,9.0,1.07,10.89,1.07,13.5
2025-07-09,Wimbledon,Quarterfinals,Grass,Sinner J.,Shelton B.,1,10.0,1.25,3.6,1.32,3.6,1.34,3.9
2025-07-09,Wimbledon,Quarterfinals,Grass,Djokovic N.,Cobolli F.,6,24.0,1.1,7.0,1.11,8.33,1.12,8.6
2025-07-11,Wimbledon,Semifinals,Grass,Alcaraz C.,Fritz T.,2,5.0,1.17,4.75,1.2,5.13,1.24,5.25
2025-07-11,Wimbledon,Semifinals,Grass,Sinner J.,Djokovic N.,1,6.0,1.4,2.8,1.47,2.93,1.47,3.05
2025-07-13,Wimbledon,The Final,Grass,Sinner J.,Alcaraz C.,1,2.0,1.83,2.0,1.85,2.07,1.87,2.07
2025-07-14,Suisse Open Gstaad,1st Round,Clay,Burruchaga R.,Svrcina D.,136,120.0,1.73,2.05,1.83,2.08,1.83,2.1
2025-07-14,Suisse Open Gstaad,1st Round,Clay,Cazaux A.,Basilashvili N.,116,112.0,1.75,2.1,1.75,2.19,1.75,2.19
2025-07-14,Suisse Open Gstaad,1st Round,Clay,Buse I.,Djere L.,167,60.0,3.2,1.36,3.32,1.37,3.5,1.37
2025-07-14,Suisse Open Gstaad,1st Round,Clay,Majchrzak K.,Atmane T.,81,127.0,1.33,3.4,1.34,3.51,1.34,3.75
2025-07-14,Suisse Open Gstaad,1st Round,Clay,Stricker D.,Herbert P.,229,144.0,1.62,2.3,1.68,2.31,1.68,2.31
2025-07-14,Nordea Open,1st Round,Clay,De Jong J.,Rejchtman Vinciguerra W.,106,1476.0,1.02,15.0,1.01,36.9,1.02,36.9
2025-07-14,Nordea Open,1st Round,Clay,Darderi L.,Collignon R.,55,84.0,1.4,3.0,1.41,3.11,1.43,3.2
2025-07-15,Nordea Open,1st Round,Clay,Pellegrino A.,Faria J.,139,115.0,1.7,2.2,1.72,2.2,1.76,2.2
2025-07-15,Los Cabos Open,1st Round,Hard,Ficovich J.P.,Kachmazov A.,148,183.0,2.38,1.53,2.52,1.58,2.52,1.6
2025-07-15,Los Cabos Open,1st Round,Hard,Hernandez A.,Daniel T.,493,155.0,3.1,1.33,3.35,1.37,3.4,1.37
2025-07-15,Suisse Open Gstaad,1st Round,Clay,Shevchenko A.,Wawrinka S.,101,156.0,2.0,1.83,1.95,1.93,2.0,1.93
2025-07-15,Suisse Open Gstaad,1st Round,Clay,Kym J.,Hemery C.,154,171.0,1.5,2.6,1.55,2.59,1.55,2.7
2025-07-15,Suisse Open Gstaad,1st Round,Clay,Carballes Baena R.,Taberner C.,79,107.0,1.83,2.0,1.83,2.08,1.83,2.08
2025-07-15,Suisse Open Gstaad,1st Round,Clay,Goffin D.,Landaluce M.,68,138.0,2.25,1.6,2.35,1.66,2.35,1.67
2025-07-15,Suisse Open Gstaad,1st Round,Clay,Passaro F.,Rinderknech A.,131,64.0,1.9,1.83,1.93,1.93,1.93,2.02
2025-07-15,Suisse Open Gstaad,1st Round,Clay,Cerundolo J.M.,Struff J.L.,109,129.0,2.3,1.62,2.37,1.65,2.38,1.65
2025-07-15,Suisse Open Gstaad,1st Round,Clay,Comesana F.,Trungelliti M.,74,147.0,1.6,2.38,1.62,2.43,1.62,2.43
2025-07-15,Nordea Open,1st Round,Clay,Gaston H.,Tseng C.H.,91,98.0,2.25,1.67,2.35,1.66,2.35,1.67
2025-07-15,Los Cabos Open,1st Round,Hard,Nava E.,Vukic A.,123,90.0,2.0,1.8,2.08,1.83,2.08,1.91
2025-07-15,Nordea Open,1st Round,Clay,Dzumhur D.,Ofner S.,70,141.0,2.4,1.53,2.43,1.62,2.5,1.62
2025-07-15,Los Cabos Open,1st Round,Hard,Kovacevic A.,Habib H.,76,172.0,1.33,3.4,1.38,3.28,1.38,3.4
2025-07-15,Nordea Open,1st Round,Clay,Budkov Kjaer N.,Monteiro T.,298,152.0,2.7,1.45,2.75,1.49,2.75,1.5
2025-07-15,Nordea Open,1st Round,Clay,Ymer E.,Boyer T.,264,126.0,1.5,2.5,1.72,2.23,1.73,2.5
2025-07-15,Nordea Open,1st Round,Clay,Kopriva V.,Dellien H.,83,94.0,1.57,2.4,1.63,2.41,1.63,2.55
2025-07-16,Los Cabos Open,1st Round,Hard,Nanda G.,Smith C.,405,135.0,4.0,1.22,4.71,1.22,4.71,1.9
2025-07-16,Los Cabos Open,1st Round,Hard,Schoolkate T.,Wu Y.,110,259.0,2.6,1.5,2.63,1.54,2.63,1.54
2025-07-16,Los Cabos Open,1st Round,Hard,Altmaier D.,Krueger M.,61,159.0,1.45,2.75,1.5,2.78,1.5,2.78
2025-07-16,Los Cabos Open,1st Round,Hard,Bu Y.,Magadan A.,73,921.0,1.07,7.5,1.08,9.78,1.08,9.78
2025-07-16,Suisse Open Gstaad,2nd Round,Clay,Ruud C.,Stricker D.,13,229.0,1.29,3.75,1.3,3.86,1.3,4.0
2025-07-16,Suisse Open Gstaad,2nd Round,Clay,Burruchaga R.,Zahraj P.,136,283.0,1.2,4.5,1.2,5.17,1.22,5.17
2025-07-16,Suisse Open Gstaad,2nd Round,Clay,Buse I.,Majchrzak K.,167,81.0,2.5,1.53,2.52,1.58,2.55,1.58
2025-07-16,Nordea Open,1st Round,Clay,Navone M.,Barrios M.,75,124.0,1.22,4.33,1.25,4.43,1.28,4.43
2025-07-16,Nordea Open,1st Round,Clay,Misolic F.,Moller E.,105,102.0,1.45,2.63,1.5,2.78,1.5,2.78
2025-07-16,Nordea Open,1st Round,Clay,Ugo Carabelli C.,Garin C.,59,117.0,2.2,1.62,2.29,1.69,2.3,1.69
2025-07-16,Nordea Open,1st Round,Clay,Van De Zandschulp B.,Ymer M.,100,618.0,1.44,2.8,1.43,3.01,1.44,3.01
2025-07-16,Nordea Open,2nd Round,Clay,De Jong J.,Kopriva V.,106,83.0,2.0,1.83,2.03,1.86,2.1,1.86
2025-07-16,Nordea Open,2nd Round,Clay,Griekspoor T.,Pellegrino A.,29,139.0,1.29,3.75,1.31,3.78,1.31,3.95
2025-07-16,Nordea Open,2nd Round,Clay,Darderi L.,Ymer E.,55,264.0,1.25,4.0,1.24,4.49,1.29,4.49
2025-07-16,Los Cabos Open,1st Round,Hard,Basavareddy N.,Mejia N.,111,244.0,1.33,3.1,1.35,3.46,1.35,3.5
2025-07-16,Nordea Open,2nd Round,Clay,Baez S.,Budkov Kjaer N.,37,298.0,1.3,3.6,1.32,3.66,1.33,3.66
2025-07-16,Los Cabos Open,1st Round,Hard,Duckworth J.,Mannarino A.,113,93.0,1.75,2.0,1.85,2.05,1.85,2.05
2025-07-16,Los Cabos Open,1st Round,Hard,Walton A.,Pacheco Mendez R.,97,219.0,1.53,2.5,1.54,2.62,1.54,2.62
2025-07-16,Los Cabos Open,1st Round,Hard,Alvarez Valdes L.C.,McCabe J.,784,164.0,3.4,1.29,3.63,1.33,3.63,1.35
2025-07-17,Los Cabos Open,2nd Round,Hard,Walton A.,Basavareddy N.,97,111.0,2.4,1.53,2.46,1.61,2.46,1.61
2025-07-17,Los Cabos Open,2nd Round,Hard,Schoolkate T.,Altmaier D.,110,61.0,2.3,1.57,2.4,1.64,2.4,1.65
2025-07-17,Los Cabos Open,2nd Round,Hard,Ficovich J.P.,Halys Q.,148,52.0,3.4,1.33,3.45,1.35,3.5,1.35
2025-07-17,Los Cabos Open,2nd Round,Hard,Shapovalov D.,Nanda G.,33,405.0,1.22,4.33,1.24,4.56,1.24,4.56
2025-07-17,Los Cabos Open,2nd Round,Hard,Nava E.,Bu Y.,123,73.0,2.05,1.73,2.15,1.78,2.15,1.83
2025-07-17,Los Cabos Open,2nd Round,Hard,Duckworth J.,Davidovich Fokina A.,113,26.0,4.33,1.22,4.5,1.24,4.5,1.24
2025-07-17,Los Cabos Open,2nd Round,Hard,Rublev A.,Hernandez A.,10,493.0,1.01,13.0,1.02,30.52,1.03,30.52
2025-07-17,Los Cabos Open,2nd Round,Hard,Kovacevic A.,Alvarez Valdes L.C.,76,784.0,1.14,5.0,1.17,5.8,1.17,5.8
2025-07-17,Nordea Open,2nd Round,Clay,Misolic F.,Borges N.,105,35.0,2.1,1.73,2.17,1.76,2.2,1.76
2025-07-17,Nordea Open,2nd Round,Clay,Ugo Carabelli C.,Van De Zandschulp B.,59,100.0,2.0,1.83,2.03,1.87,2.03,1.87
2025-07-17,Nordea Open,2nd Round,Clay,Dzumhur D.,Gaston H.,70,91.0,1.83,2.0,1.85,2.05,1.85,2.1
2025-07-17,Suisse Open Gstaad,2nd Round,Clay,Kym J.,Passaro F.,154,131.0,2.2,1.62,2.22,1.72,2.3,1.72
2025-07-17,Suisse Open Gstaad,2nd Round,Clay,Bublik A.,Shevchenko A.,34,101.0,1.45,2.6,1.52,2.68,1.52,2.75
2025-07-17,Suisse Open Gstaad,2nd Round,Clay,Cazaux A.,Etcheverry T.,116,58.0,2.63,1.44,2.75,1.51,2.75,1.51
2025-07-17,Suisse Open Gstaad,2nd Round,Clay,Cerundolo J.M.,Goffin D.,109,68.0,1.62,2.3,1.68,2.31,1.68,2.4
2025-07-17,Suisse Open Gstaad,2nd Round,Clay,Comesana F.,Carballes Baena R.,74,79.0,1.4,2.8,1.48,2.84,1.48,2.84
2025-07-17,Nordea Open,2nd Round,Clay,Cerundolo F.,Navone M.,20,75.0,1.75,2.1,1.79,2.13,1.79,2.13
2025-07-18,Los Cabos Open,Quarterfinals,Hard,Walton A.,Duckworth J.,97,113.0,1.67,2.25,1.68,2.32,1.68,2.32
2025-07-18,Nordea Open,Quarterfinals,Clay,De Jong J.,Griekspoor T.,106,29.0,2.25,1.6,2.33,1.68,2.33,1.68
2025-07-18,Nordea Open,Quarterfinals,Clay,Ugo Carabelli C.,Misolic F.,59,105.0,1.9,1.85,1.98,1.93,2.04,1.93
2025-07-18,Nordea Open,Quarterfinals,Clay,Darderi L.,Baez S.,55,37.0,1.7,2.2,1.75,2.21,1.75,2.21
2025-07-18,Nordea Open,Quarterfinals,Clay,Cerundolo F.,Dzumhur D.,20,70.0,1.14,5.0,1.21,5.01,1.22,5.01
2025-07-18,Los Cabos Open,Quarterfinals,Hard,Shapovalov D.,Schoolkate T.,33,110.0,1.36,3.2,1.36,3.45,1.4,3.45
2025-07-18,Los Cabos Open,Quarterfinals,Hard,Kovacevic A.,Ficovich J.P.,76,148.0,1.44,2.7,1.43,3.07,1.45,3.07
2025-07-18,Suisse Open Gstaad,Quarterfinals,Clay,Buse I.,Burruchaga R.,167,136.0,1.75,2.0,1.82,2.11,1.82,2.11
2025-07-18,Suisse Open Gstaad,Quarterfinals,Clay,Cerundolo J.M.,Ruud C.,109,13.0,4.33,1.22,4.66,1.24,4.75,1.24
2025-07-18,Suisse Open Gstaad,Quarterfinals,Clay,Bublik A.,Comesana F.,34,74.0,1.62,2.3,1.67,2.36,1.67,2.38
2025-07-18,Suisse Open Gstaad,Quarterfinals,Clay,Cazaux A.,Kym J.,116,154.0,1.85,1.95,1.88,2.04,1.88,2.04
2025-07-18,Los Cabos Open,Quarterfinals,Hard,Rublev A.,Nava E.,10,123.0,1.2,4.75,1.2,5.31,1.2,5.31
2025-07-19,Los Cabos Open,Semifinals,Hard,Shapovalov D.,Walton A.,33,97.0,1.29,3.4,1.35,3.51,1.35,3.51
2025-07-19,Los Cabos Open,Semifinals,Hard,Kovacevic A.,Rublev A.,76,10.0,4.0,1.22,4.27,1.27,4.33,1.27
2025-07-19,Suisse Open Gstaad,Semifinals,Clay,Cerundolo J.M.,Buse I.,109,167.0,1.7,2.2,1.7,2.29,1.72,2.29
2025-07-19,Nordea Open,Semifinals,Clay,De Jong J.,Ugo Carabelli C.,106,59.0,1.8,2.05,1.83,2.09,1.83,2.1
2025-07-19,Nordea Open,Semifinals,Clay,Darderi L.,Cerundolo F.,55,20.0,2.3,1.57,2.47,1.62,2.47,1.62
2025-07-19,Suisse Open Gstaad,Semifinals,Clay,Bublik A.,Cazaux A.,34,116.0,1.4,3.0,1.38,3.31,1.4,3.31
2025-07-20,Croatia Open,1st Round,Clay,Kopriva V.,Collignon R.,79,88.0,1.8,1.95,1.87,2.03,1.87,2.03
2025-07-20,Nordea Open,The Final,Clay,Darderi L.,De Jong J.,55,106.0,1.5,2.63,1.6,2.52,1.6,2.63
2025-07-20,Los Cabos Open,The Final,Hard,Shapovalov D.,Kovacevic A.,33,76.0,1.33,3.4,1.39,3.27,1.39,3.5
2025-07-20,Suisse Open Gstaad,The Final,Clay,Bublik A.,Cerundolo J.M.,34,109.0,1.25,4.0,1.32,3.77,1.32,4.0
2025-07-20,Croatia Open,1st Round,Clay,Passaro F.,Dodig M.,121,242.0,1.44,2.88,1.44,2.97,1.5,2.97
2025-07-21,Croatia Open,1st Round,Clay,Taberner C.,Herbert P.,111,140.0,1.5,2.5,1.54,2.63,1.57,2.63
2025-07-21,Croatia Open,1st Round,Clay,Tseng C.H.,Zeppieri G.,101,290.0,2.1,1.75,2.1,1.79,2.14,1.79
2025-07-21,Croatia Open,1st Round,Clay,Llamas Ruiz P.,Majchrzak K.,537,78.0,2.38,1.6,2.39,1.64,2.39,1.64
2025-07-21,Croatia Open,1st Round,Clay,Atmane T.,Lajovic D.,136,129.0,2.8,1.45,2.83,1.48,2.88,1.48
2025-07-21,Croatia Open,1st Round,Clay,Droguet T.,Garin C.,176,118.0,2.2,1.67,2.21,1.74,2.3,1.74
2025-07-21,Croatia Open,1st Round,Clay,Basilashvili N.,Carballes Baena R.,114,85.0,1.67,2.1,1.75,2.19,1.75,2.19
2025-07-21,Citi Open,1st Round,Hard,Evans D.,Bergs Z.,144,52.0,2.3,1.62,2.37,1.65,2.4,1.65
2025-07-21,Croatia Open,1st Round,Clay,Wawrinka S.,Guillen Meza A.,156,244.0,1.53,2.5,1.58,2.53,1.58,2.63
2025-07-21,Citi Open,1st Round,Hard,Tien L.,Nava E.,67,116.0,1.67,2.2,1.68,2.31,1.68,2.38
2025-07-21,Citi Open,1st Round,Hard,Opelka R.,Cassone M.,74,185.0,1.36,3.2,1.42,3.09,1.42,3.3
2025-07-21,Citi Open,1st Round,Hard,Norrie C.,Harris B.,41,148.0,1.2,4.5,1.23,4.56,1.23,5.0
2025-07-21,Citi Open,1st Round,Hard,McDonald M.,Smith C.,95,139.0,1.6,2.38,1.64,2.4,1.64,2.5
2025-07-21,Citi Open,1st Round,Hard,Muller A.,Zhukayev B.,39,218.0,1.4,2.9,1.44,2.99,1.44,3.2
2025-07-21,Citi Open,1st Round,Hard,Quinn E.,O Connell C.,86,77.0,1.53,2.5,1.56,2.58,1.6,2.6
2025-07-21,Croatia Open,1st Round,Clay,Navone M.,Barrios M.,76,142.0,1.29,3.75,1.26,4.26,1.29,4.26
2025-07-21,Citi Open,1st Round,Hard,Nishioka Y.,Brooksby J.,89,102.0,3.4,1.33,3.31,1.37,3.4,1.37
2025-07-21,Citi Open,1st Round,Hard,Arnaldi M.,Altmaier D.,44,56.0,1.62,2.2,1.7,2.27,1.7,2.3
2025-07-21,Generali Open,1st Round,Clay,Gombos N.,Gaston H.,307,99.0,2.5,1.53,2.54,1.57,2.65,1.57
2025-07-21,Citi Open,1st Round,Hard,Marozsan F.,Bonzi B.,54,69.0,1.67,2.25,1.65,2.36,1.67,2.36
2025-07-21,Generali Open,1st Round,Clay,Shevchenko A.,Galan D.E.,110,125.0,1.62,2.2,1.67,2.33,1.67,2.38
2025-07-21,Generali Open,1st Round,Clay,Comesana F.,Boyer T.,73,126.0,1.2,4.5,1.23,4.6,1.23,4.6
2025-07-21,Generali Open,1st Round,Clay,Fucsovics M.,Schwaerzler J.J.,91,354.0,1.3,3.6,1.29,3.97,1.3,3.97
2025-07-21,Generali Open,1st Round,Clay,Rinderknech A.,Bagnis F.,65,772.0,1.5,2.6,1.53,2.67,1.53,2.75
2025-07-22,Generali Open,1st Round,Clay,Van De Zandschulp B.,Jarry N.,103,98.0,2.5,1.53,2.52,1.58,2.63,1.58
2025-07-22,Citi Open,1st Round,Hard,Vukic A.,Mpetshi G.,105,45.0,2.4,1.57,2.43,1.62,2.5,1.63
2025-07-22,Citi Open,1st Round,Hard,Bu Y.,Goffin D.,75,60.0,1.5,2.6,1.55,2.6,1.57,2.6
2025-07-22,Citi Open,1st Round,Hard,Svajda Z.,Kecmanovic M.,153,49.0,2.6,1.5,2.57,1.56,2.75,1.56
2025-07-22,Citi Open,1st Round,Hard,Wu Y.,Monfils G.,243,48.0,2.75,1.44,2.74,1.51,2.75,1.51
2025-07-22,Croatia Open,2nd Round,Clay,Llamas Ruiz P.,Atmane T.,537,136.0,0.0,0.0,1.49,2.81,1.49,2.81
2025-07-22,Croatia Open,2nd Round,Clay,Ugo Carabelli C.,Passaro F.,51,121.0,1.87,1.95,1.88,2.01,1.91,2.02
2025-07-22,Croatia Open,1st Round,Clay,Prizmic D.,Moller E.,143,107.0,1.7,2.1,1.72,2.23,1.72,2.23
2025-07-22,Croatia Open,1st Round,Clay,De Jong J.,Poljicak M.,83,277.0,1.3,3.6,1.3,3.87,1.33,3.87
2025-07-22,Generali Open,1st Round,Clay,Struff J.L.,Ofner S.,152,138.0,2.2,1.7,2.2,1.74,2.2,1.74
2025-07-22,Generali Open,1st Round,Clay,Hanfmann Y.,Neumayer L.,141,162.0,1.44,2.63,1.49,2.79,1.49,2.79
2025-07-22,Generali Open,1st Round,Clay,Tirante T.A.,Faria J.,130,119.0,1.57,2.4,1.58,2.51,1.58,2.51
2025-07-22,Generali Open,1st Round,Clay,Seyboth Wild T.,Engel J.,132,208.0,1.53,2.5,1.56,2.58,1.56,2.58
2025-07-22,Citi Open,1st Round,Hard,Kovacevic A.,Halys Q.,66,71.0,1.83,2.0,1.9,1.99,1.9,2.0
2025-07-22,Citi Open,1st Round,Hard,Munar J.,Giron M.,50,57.0,2.1,1.75,2.1,1.81,2.1,1.81
2025-07-22,Citi Open,2nd Round,Hard,Nakashima B.,Quinn E.,32,86.0,1.4,3.0,1.47,2.93,1.47,3.05
2025-07-22,Citi Open,2nd Round,Hard,Norrie C.,Musetti L.,41,7.0,2.1,1.7,2.22,1.74,2.28,1.74
2025-07-22,Citi Open,2nd Round,Hard,Diallo G.,Marozsan F.,35,54.0,1.6,2.38,1.63,2.43,1.63,2.43
2025-07-22,Citi Open,2nd Round,Hard,Shelton B.,McDonald M.,8,95.0,1.29,3.75,1.28,4.16,1.29,4.33
2025-07-22,Citi Open,2nd Round,Hard,Evans D.,Michelsen A.,144,34.0,3.1,1.33,3.51,1.35,3.51,1.35
2025-07-22,Generali Open,1st Round,Clay,Cazaux A.,Buse I.,100,133.0,1.91,1.9,1.99,1.9,2.0,1.9
2025-07-22,Generali Open,1st Round,Clay,Misolic F.,Etcheverry T.,97,58.0,1.91,1.9,1.9,1.99,1.91,2.0
2025-07-23,Citi Open,2nd Round,Hard,Tien L.,Rublev A.,67,10.0,2.8,1.45,2.81,1.5,2.81,1.5
2025-07-23,Citi Open,2nd Round,Hard,Moutet C.,Muller A.,59,39.0,,,1.96,1.93,1.96,1.93
2025-07-23,Citi Open,2nd Round,Hard,De Minaur A.,Bu Y.,13,75.0,1.18,5.0,1.16,6.09,1.18,6.09
2025-07-23,Citi Open,2nd Round,Hard,Arnaldi M.,Sonego L.,44,37.0,2.05,1.8,1.99,1.91,2.05,1.91
2025-07-23,Citi Open,2nd Round,Hard,Medvedev D.,Opelka R.,14,74.0,1.33,3.1,1.31,3.81,1.33,3.81
2025-07-23,Citi Open,2nd Round,Hard,Wu Y.,Popyrin A.,243,24.0,2.25,1.6,2.07,1.85,2.25,1.85
2025-07-23,Citi Open,2nd Round,Hard,Lehecka J.,Svajda Z.,25,153.0,1.45,2.63,1.41,3.19,1.45,3.25
2025-07-23,Citi Open,2nd Round,Hard,Fritz T.,Vukic A.,4,105.0,1.13,5.5,1.14,6.84,1.14,6.84
2025-07-23,Generali Open,2nd Round,Clay,Rinderknech A.,Gombos N.,65,307.0,1.45,2.63,1.5,2.76,1.52,2.76
2025-07-23,Generali Open,2nd Round,Clay,Struff J.L.,Martinez P.,152,62.0,1.44,2.8,1.46,2.92,1.46,2.92
2025-07-23,Generali Open,2nd Round,Clay,Shevchenko A.,Fucsovics M.,110,91.0,2.38,1.6,2.42,1.63,2.42,1.63
2025-07-23,Generali Open,2nd Round,Clay,Van De Zandschulp B.,Misolic F.,103,97.0,2.3,1.62,2.41,1.63,2.5,1.65
2025-07-23,Generali Open,2nd Round,Clay,Cazaux A.,Comesana F.,100,73.0,2.8,1.45,2.88,1.47,2.88,1.47
2025-07-23,Generali Open,2nd Round,Clay,Hanfmann Y.,Baez S.,141,43.0,1.87,1.87,2.02,1.88,2.02,1.88
2025-07-23,Croatia Open,2nd Round,Clay,De Jong J.,Navone M.,83,76.0,2.8,1.45,2.97,1.44,2.97,1.45
2025-07-23,Croatia Open,2nd Round,Clay,Taberner C.,Cerundolo F.,111,19.0,5.0,1.17,5.39,1.19,5.39,1.19
2025-07-23,Generali Open,2nd Round,Clay,Bublik A.,Tirante T.A.,30,130.0,1.44,2.63,1.52,2.69,1.57,2.69
2025-07-23,Croatia Open,2nd Round,Clay,Droguet T.,Kopriva V.,176,79.0,2.2,1.7,2.3,1.68,2.3,1.7
2025-07-23,Croatia Open,2nd Round,Clay,Darderi L.,Tseng C.H.,46,101.0,1.33,3.25,1.38,3.29,1.38,3.4
2025-07-23,Croatia Open,2nd Round,Clay,Dzumhur D.,Wawrinka S.,61,156.0,1.53,2.5,1.53,2.68,1.53,2.68
2025-07-23,Croatia Open,2nd Round,Clay,Prizmic D.,Basilashvili N.,143,114.0,1.5,2.5,1.52,2.68,1.52,2.68
2025-07-23,Generali Open,2nd Round,Clay,Seyboth Wild T.,Bautista Agut R.,132,53.0,1.75,2.1,1.84,2.06,1.84,2.1
2025-07-24,Citi Open,2nd Round,Hard,Cobolli F.,Nishioka Y.,18,89.0,1.36,3.1,1.41,3.18,1.41,3.2
2025-07-24,Citi Open,3rd Round,Hard,Davidovich Fokina A.,Tien L.,26,67.0,1.67,2.2,1.62,2.43,1.68,2.43
2025-07-24,Citi Open,2nd Round,Hard,Davidovich Fokina A.,Munar J.,26,50.0,1.75,2.1,1.78,2.16,1.79,2.16
2025-07-24,Citi Open,2nd Round,Hard,Tiafoe F.,Kovacevic A.,11,66.0,1.4,3.0,1.44,3.03,1.44,3.05
2025-07-24,Citi Open,3rd Round,Hard,Shelton B.,Diallo G.,8,35.0,1.5,2.6,1.55,2.65,1.55,2.65
2025-07-24,Citi Open,3rd Round,Hard,Medvedev D.,Wu Y.,14,243.0,1.25,4.0,1.26,4.22,1.26,4.22
2025-07-24,Citi Open,3rd Round,Hard,Nakashima B.,Norrie C.,32,41.0,1.87,1.87,1.86,2.05,1.87,2.14
2025-07-24,Generali Open,Quarterfinals,Clay,Bublik A.,Shevchenko A.,30,110.0,1.29,3.75,1.32,3.71,1.32,4.0
2025-07-24,Generali Open,Quarterfinals,Clay,Cazaux A.,Struff J.L.,100,152.0,2.25,1.67,2.42,1.64,2.42,1.67
2025-07-24,Citi Open,3rd Round,Hard,Moutet C.,Evans D.,59,144.0,1.45,2.8,1.48,2.88,1.48,3.0
2025-07-24,Generali Open,Quarterfinals,Clay,Van De Zandschulp B.,Seyboth Wild T.,103,132.0,1.75,2.1,1.77,2.15,1.77,2.18
2025-07-24,Citi Open,3rd Round,Hard,Tiafoe F.,Cobolli F.,11,18.0,1.73,2.1,1.78,2.16,1.78,2.16
2025-07-24,Croatia Open,Quarterfinals,Clay,Ugo Carabelli C.,Llamas Ruiz P.,51,537.0,2.0,1.83,2.08,1.83,2.08,1.83
2025-07-24,Croatia Open,Quarterfinals,Clay,Taberner C.,De Jong J.,111,83.0,2.8,1.4,3.13,1.41,3.13,1.44
2025-07-24,Croatia Open,Quarterfinals,Clay,Darderi L.,Prizmic D.,46,143.0,1.53,2.4,1.69,2.29,1.69,2.5
2025-07-24,Croatia Open,Quarterfinals,Clay,Dzumhur D.,Droguet T.,61,176.0,1.9,1.91,2.03,1.86,2.03,1.91
2025-07-24,Generali Open,Quarterfinals,Clay,Rinderknech A.,Hanfmann Y.,65,141.0,2.2,1.7,2.19,1.76,2.2,1.76
2025-07-24,Citi Open,3rd Round,Hard,De Minaur A.,Lehecka J.,13,25.0,1.53,2.5,1.54,2.62,1.54,2.63
2025-07-25,Citi Open,3rd Round,Hard,Fritz T.,Arnaldi M.,4,44.0,1.15,5.5,1.16,6.09,1.17,6.09
2025-07-25,Citi Open,Quarterfinals,Hard,Moutet C.,Medvedev D.,59,14.0,4.33,1.22,4.41,1.25,4.41,1.25
2025-07-25,Citi Open,Quarterfinals,Hard,De Minaur A.,Nakashima B.,13,32.0,1.45,2.7,1.48,2.82,1.5,2.82
2025-07-25,Croatia Open,Semifinals,Clay,Taberner C.,Dzumhur D.,111,61.0,2.0,1.83,2.09,1.83,2.09,1.83
2025-07-25,Generali Open,Semifinals,Clay,Cazaux A.,Rinderknech A.,100,65.0,1.67,2.25,1.65,2.37,1.67,2.37
2025-07-25,Generali Open,Semifinals,Clay,Bublik A.,Van De Zandschulp B.,30,103.0,1.33,3.2,1.34,3.62,1.34,3.62
2025-07-25,Croatia Open,Semifinals,Clay,Darderi L.,Ugo Carabelli C.,46,51.0,1.36,3.2,1.34,3.62,1.36,3.62
2025-07-26,Croatia Open,The Final,Clay,Darderi L.,Taberner C.,46,111.0,1.44,2.8,1.47,2.93,1.47,2.93
2025-07-26,Generali Open,The Final,Clay,Bublik A.,Cazaux A.,30,100.0,1.29,3.4,1.33,3.69,1.33,3.75
2025-07-26,Citi Open,Quarterfinals,Hard,Shelton B.,Tiafoe F.,8,11.0,1.4,3.0,1.47,2.91,1.47,3.0
2025-07-26,Citi Open,Quarterfinals,Hard,Davidovich Fokina A.,Fritz T.,26,4.0,3.75,1.29,3.77,1.32,3.77,1.32
2025-07-27,Canadian Open,1st Round,Hard,Arseneault N.,Royer V.,638,111.0,7.5,1.08,,,9.0,1.1
2025-07-27,Canadian Open,1st Round,Hard,Safiullin R.,Blanchet U.,82,231.0,1.4,2.8,,,1.4,3.05
2025-07-27,Canadian Open,1st Round,Hard,Ficovich J.P.,Fearnley J.,140,55.0,4.0,1.25,,,5.0,1.25
2025-07-27,Canadian Open,1st Round,Hard,Etcheverry T.,Herbert P.,60,142.0,1.5,2.6,,,1.53,2.6
2025-07-27,Canadian Open,1st Round,Hard,Nava E.,Bergs Z.,114,52.0,2.3,1.62,2.35,1.65,2.35,1.68
2025-07-27,Canadian Open,1st Round,Hard,Mpetshi G.,Mochizuki S.,43,122.0,1.44,2.7,,,1.53,2.75
2025-07-27,Canadian Open,1st Round,Hard,Opelka R.,Ofner S.,74,141.0,1.53,2.5,1.52,2.65,1.53,2.65
2025-07-27,Canadian Open,1st Round,Hard,Tien L.,Smith C.,61,136.0,1.5,2.63,,,1.53,2.63
2025-07-27,Canadian Open,1st Round,Hard,Walton A.,Bonzi B.,88,66.0,1.87,1.87,1.93,1.95,1.93,2.0
2025-07-27,Citi Open,The Final,Hard,De Minaur A.,Davidovich Fokina A.,13,26.0,1.4,3.0,1.44,3.0,1.45,3.0
2025-07-27,Citi Open,Semifinals,Hard,Davidovich Fokina A.,Shelton B.,26,8.0,3.4,1.33,3.63,1.33,3.63,1.33
2025-07-27,Citi Open,Semifinals,Hard,De Minaur A.,Moutet C.,13,59.0,1.15,5.5,1.19,5.44,1.2,5.5
2025-07-27,Canadian Open,1st Round,Hard,Barrios M.,Monfils G.,143,48.0,4.0,1.25,,,4.0,1.28
2025-07-28,Canadian Open,1st Round,Hard,Carballes Baena R.,Ugo Carabelli C.,89,47.0,2.1,1.75,2.2,1.74,2.2,1.75
2025-07-28,Canadian Open,1st Round,Hard,Boyer T.,Kovacevic A.,123,62.0,3.2,1.36,3.48,1.34,3.48,1.36
2025-07-28,Canadian Open,1st Round,Hard,Comesana F.,Dzumhur D.,71,54.0,1.45,2.63,1.56,2.59,1.56,2.75
2025-07-28,Canadian Open,1st Round,Hard,Mannarino A.,Giron M.,94,59.0,2.9,1.36,3.05,1.42,3.05,1.44
2025-07-28,Canadian Open,1st Round,Hard,Schoolkate T.,Fonseca J.,103,49.0,4.0,1.22,3.92,1.28,4.33,1.28
2025-07-28,Canadian Open,1st Round,Hard,Watanuki Y.,Altmaier D.,158,58.0,2.0,1.8,2.47,1.59,2.47,1.8
2025-07-28,Canadian Open,1st Round,Hard,Vukic A.,Martinez P.,99,68.0,1.36,3.2,1.36,3.41,1.36,3.5
2025-07-28,Canadian Open,1st Round,Hard,Gaston H.,Bellucci M.,126,72.0,2.63,1.45,2.73,1.51,2.8,1.51
2025-07-28,Canadian Open,1st Round,Hard,Gigante M.,Coric B.,125,92.0,1.95,1.85,2.01,1.88,2.06,1.88
2025-07-28,Canadian Open,1st Round,Hard,Munar J.,Martin D.,51,560.0,1.02,15.0,1.02,28.33,1.02,28.33
2025-07-28,Canadian Open,1st Round,Hard,O Connell C.,Tseng C.H.,78,107.0,1.62,2.3,1.69,2.27,1.69,2.3
2025-07-28,Canadian Open,1st Round,Hard,Quinn E.,Nishioka Y.,86,131.0,1.7,2.1,1.85,2.04,1.85,2.14
2025-07-28,Canadian Open,1st Round,Hard,McDonald M.,Goffin D.,96,65.0,1.5,2.5,1.64,2.39,1.64,2.5
2025-07-28,Canadian Open,1st Round,Hard,Bu Y.,Kopriva V.,76,80.0,1.4,3.0,1.42,3.09,1.42,3.09
2025-07-28,Canadian Open,1st Round,Hard,Duckworth J.,Shang J.,106,109.0,1.6,2.38,1.55,2.58,1.6,2.58
2025-07-28,Canadian Open,1st Round,Hard,Kecmanovic M.,Halys Q.,50,69.0,1.53,2.5,1.58,2.53,1.58,2.53
2025-07-28,Canadian Open,1st Round,Hard,Bagnis F.,Pospisil V.,689,1250.0,1.14,5.0,1.16,5.78,1.17,6.0
2025-07-28,Canadian Open,1st Round,Hard,Svrcina D.,Blockx A.,120,121.0,2.7,1.45,2.76,1.49,2.76,1.49
2025-07-29,Canadian Open,2nd Round,Hard,Musetti L.,Duckworth J.,10,106.0,1.3,3.6,1.33,3.67,1.33,3.67
2025-07-29,Canadian Open,2nd Round,Hard,Popyrin A.,Arseneault N.,26,638.0,1.06,9.0,1.07,11.35,1.07,11.35
2025-07-29,Canadian Open,2nd Round,Hard,Etcheverry T.,Griekspoor T.,60,31.0,2.8,1.44,2.86,1.48,3.2,1.48
2025-07-29,Canadian Open,2nd Round,Hard,Medvedev D.,Svrcina D.,14,120.0,1.07,8.5,1.09,9.91,1.09,10.0
2025-07-29,Canadian Open,2nd Round,Hard,Ruud C.,Safiullin R.,13,82.0,1.45,2.8,1.48,2.88,1.48,2.88
2025-07-29,Canadian Open,2nd Round,Hard,Borges N.,Bagnis F.,42,689.0,1.15,5.5,1.16,6.16,1.16,6.16
2025-07-29,Canadian Open,2nd Round,Hard,Cerundolo F.,Munar J.,24,51.0,1.87,1.87,1.91,1.99,1.95,1.99
2025-07-29,Canadian Open,2nd Round,Hard,Khachanov K.,Ficovich J.P.,16,140.0,1.12,6.5,1.13,7.38,1.13,7.38
2025-07-29,Canadian Open,2nd Round,Hard,Rune H.,Mpetshi G.,9,43.0,1.6,2.38,1.61,2.46,1.61,2.5
2025-07-29,Canadian Open,2nd Round,Hard,Michelsen A.,Barrios M.,34,143.0,1.22,4.33,1.22,4.79,1.22,4.79
2025-07-29,Canadian Open,2nd Round,Hard,Nava E.,Atmane T.,114,132.0,,,,,1.29,3.75
2025-07-29,Canadian Open,1st Round,Hard,Moutet C.,Brooksby J.,46,102.0,1.75,2.1,1.76,2.17,1.76,2.17
2025-07-29,Canadian Open,1st Round,Hard,Galarneau A.,Rinderknech A.,193,64.0,2.4,1.57,2.61,1.55,2.61,1.57
2025-07-29,Canadian Open,1st Round,Hard,Marozsan F.,Dellien H.,56,98.0,1.12,6.5,1.13,7.16,1.13,7.16
2025-07-29,Canadian Open,1st Round,Hard,Carreno Busta P.,Draxl L.,93,113.0,2.5,1.5,2.54,1.57,2.54,1.57
2025-07-29,Canadian Open,2nd Round,Hard,Muller A.,Kecmanovic M.,40,50.0,2.6,1.5,2.66,1.53,2.66,1.53
2025-07-30,Canadian Open,2nd Round,Hard,Diallo G.,Gigante M.,36,125.0,1.3,3.6,1.32,3.71,1.32,3.75
2025-07-30,Canadian Open,2nd Round,Hard,Davidovich Fokina A.,Moutet C.,19,46.0,1.62,2.3,1.67,2.36,1.67,2.36
2025-07-30,Canadian Open,2nd Round,Hard,Lehecka J.,McDonald M.,27,96.0,1.3,3.25,1.37,3.42,1.37,3.42
2025-07-30,Canadian Open,2nd Round,Hard,Tiafoe F.,Watanuki Y.,12,158.0,1.36,3.2,1.39,3.28,1.39,3.28
2025-07-30,Canadian Open,2nd Round,Hard,Mensik J.,Boyer T.,18,123.0,1.2,4.5,1.22,4.95,1.22,5.0
2025-07-30,Canadian Open,2nd Round,Hard,Nakashima B.,Quinn E.,32,86.0,1.4,3.0,1.42,3.14,1.42,3.14
2025-07-30,Canadian Open,2nd Round,Hard,Cobolli F.,Galarneau A.,17,193.0,1.22,4.33,1.24,4.56,1.24,4.56
2025-07-30,Canadian Open,2nd Round,Hard,Sonego L.,Bu Y.,38,76.0,1.7,2.1,1.85,2.07,1.85,2.1
2025-07-30,Canadian Open,2nd Round,Hard,Vukic A.,Norrie C.,99,39.0,2.9,1.36,3.06,1.43,3.06,1.43
2025-07-30,Canadian Open,2nd Round,Hard,Shelton B.,Mannarino A.,7,94.0,1.18,5.0,1.19,5.45,1.19,5.45
2025-07-30,Canadian Open,2nd Round,Hard,Rublev A.,Gaston H.,11,126.0,1.1,7.0,1.11,8.12,1.11,8.12
2025-07-30,Canadian Open,2nd Round,Hard,Zverev A.,Walton A.,3,88.0,1.1,6.0,1.12,7.6,1.12,7.6
2025-07-30,Canadian Open,2nd Round,Hard,Arnaldi M.,Schoolkate T.,41,103.0,1.6,2.25,1.65,2.38,1.65,2.5
2025-07-30,Canadian Open,2nd Round,Hard,Opelka R.,Machac T.,74,22.0,2.3,1.62,2.39,1.65,2.39,1.65
2025-07-30,Canadian Open,2nd Round,Hard,Tien L.,Shapovalov D.,61,29.0,2.38,1.6,2.43,1.63,2.43,1.63
2025-07-31,Canadian Open,3rd Round,Hard,Tien L.,Opelka R.,61,74.0,1.73,2.1,1.74,2.23,1.74,2.23
2025-07-31,Canadian Open,3rd Round,Hard,Ruud C.,Borges N.,13,42.0,1.5,2.5,1.53,2.71,1.53,2.75
2025-07-31,Canadian Open,3rd Round,Hard,Cerundolo F.,Etcheverry T.,24,60.0,1.53,2.5,1.53,2.7,1.53,2.7
2025-07-31,Canadian Open,3rd Round,Hard,Michelsen A.,Musetti L.,34,10.0,2.5,1.53,2.58,1.57,2.58,1.57
2025-07-31,Canadian Open,3rd Round,Hard,Khachanov K.,Nava E.,16,114.0,1.25,4.0,1.31,3.79,1.31,4.0
2025-07-31,Canadian Open,2nd Round,Hard,Fils A.,Carreno Busta P.,21,93.0,1.4,3.0,1.4,3.25,1.4,3.4
2025-07-31,Canadian Open,2nd Round,Hard,Fritz T.,Carballes Baena R.,4,89.0,1.05,10.0,1.06,13.33,1.06,13.33
2025-07-31,Canadian Open,2nd Round,Hard,O Connell C.,Tsitsipas S.,78,30.0,3.0,1.36,3.11,1.42,3.11,1.42
2025-07-31,Canadian Open,2nd Round,Hard,Marozsan F.,Auger-Aliassime F.,56,28.0,2.5,1.53,2.49,1.61,2.55,1.62
2025-07-31,Canadian Open,2nd Round,Hard,De Minaur A.,Comesana F.,8,71.0,1.1,7.0,1.1,9.0,1.11,9.0
2025-08-01,Canadian Open,3rd Round,Hard,Lehecka J.,Fils A.,27,21.0,1.7,2.2,1.7,2.28,1.7,2.28
2025-08-01,Canadian Open,3rd Round,Hard,Cobolli F.,Marozsan F.,17,56.0,1.95,1.85,2.05,1.86,2.05,1.86
2025-08-01,Canadian Open,3rd Round,Hard,Rublev A.,Sonego L.,11,38.0,1.4,3.0,1.43,3.09,1.43,3.15
2025-08-01,Canadian Open,3rd Round,Hard,Tiafoe F.,Vukic A.,12,99.0,1.4,2.75,1.4,3.2,1.42,3.2
2025-08-01,Canadian Open,3rd Round,Hard,Popyrin A.,Medvedev D.,26,14.0,3.75,1.25,4.22,1.27,4.22,1.28
2025-08-01,Canadian Open,3rd Round,Hard,Rune H.,Muller A.,9,40.0,1.25,4.0,1.27,4.17,1.27,4.33
2025-08-01,Canadian Open,3rd Round,Hard,Davidovich Fokina A.,Mensik J.,19,18.0,1.87,1.95,1.95,1.95,1.95,1.95
2025-08-01,Canadian Open,3rd Round,Hard,Zverev A.,Arnaldi M.,3,41.0,1.22,4.5,1.22,4.82,1.22,4.82
2025-08-02,Canadian Open,3rd Round,Hard,Fritz T.,Diallo G.,4,36.0,1.36,3.0,1.4,3.17,1.4,3.25
2025-08-02,Canadian Open,3rd Round,Hard,Shelton B.,Nakashima B.,7,32.0,1.4,3.0,1.42,3.09,1.42,3.25
2025-08-02,Canadian Open,3rd Round,Hard,De Minaur A.,O Connell C.,8,78.0,1.08,8.0,1.08,9.37,1.09,9.37
2025-08-02,Canadian Open,4th Round,Hard,Michelsen A.,Tien L.,34,61.0,1.95,1.85,1.98,1.93,1.98,1.93
2025-08-02,Canadian Open,4th Round,Hard,Khachanov K.,Ruud C.,16,13.0,1.75,2.1,1.78,2.17,1.78,2.17
2025-08-03,Canadian Open,4th Round,Hard,De Minaur A.,Tiafoe F.,8,12.0,1.25,4.0,1.28,4.1,1.3,4.1
2025-08-03,Canadian Open,4th Round,Hard,Rublev A.,Davidovich Fokina A.,11,19.0,2.1,1.75,2.18,1.77,2.18,1.77
2025-08-03,Canadian Open,4th Round,Hard,Popyrin A.,Rune H.,26,9.0,2.8,1.45,2.86,1.48,2.86,1.48
2025-08-03,Canadian Open,4th Round,Hard,Zverev A.,Cerundolo F.,3,24.0,1.25,3.75,1.3,3.9,1.3,3.9
2025-08-04,Canadian Open,4th Round,Hard,Shelton B.,Cobolli F.,7,17.0,1.4,3.0,1.44,3.05,1.44,3.2
2025-08-04,Canadian Open,4th Round,Hard,Fritz T.,Lehecka J.,4,27.0,1.3,3.4,1.34,3.56,1.35,3.6
2025-08-05,Canadian Open,Quarterfinals,Hard,Zverev A.,Popyrin A.,3,26.0,1.29,3.4,1.34,3.62,1.34,3.62
2025-08-05,Canadian Open,Quarterfinals,Hard,Khachanov K.,Michelsen A.,16,34.0,1.5,2.6,1.44,3.05,1.5,3.05
2025-08-06,Canadian Open,Quarterfinals,Hard,Fritz T.,Rublev A.,4,11.0,1.4,2.8,1.48,2.86,1.48,2.88
2025-08-06,Canadian Open,Quarterfinals,Hard,Shelton B.,De Minaur A.,7,8.0,2.3,1.62,2.4,1.65,2.4,1.65
2025-08-07,Western & Southern Financial Group Masters,1st Round,Hard,Bergs Z.,Fearnley J.,54,57.0,2.1,1.75,2.15,1.78,2.1,1.8
2025-08-07,Western & Southern Financial Group Masters,1st Round,Hard,Mannarino A.,Thompson J.,89,50.0,1.67,2.2,1.73,2.2,1.7,2.23
2025-08-07,Western & Southern Financial Group Masters,1st Round,Hard,Etcheverry T.,Shang J.,58,110.0,1.57,2.4,1.66,2.34,1.57,2.48
2025-08-07,Western & Southern Financial Group Masters,1st Round,Hard,Atmane T.,Nishioka Y.,136,130.0,2.1,1.7,2.19,1.75,2.23,1.73
2025-08-07,Western & Southern Financial Group Masters,1st Round,Hard,Safiullin R.,Tabilo A.,80,103.0,1.4,3.0,1.42,3.08,1.4,3.5
2025-08-07,Western & Southern Financial Group Masters,1st Round,Hard,Galan D.E.,Kopriva V.,144,81.0,1.7,2.1,1.74,2.18,1.8,2.1
2025-08-07,Western & Southern Financial Group Masters,1st Round,Hard,Wong C.,Mpetshi G.,177,42.0,2.4,1.53,,,2.63,1.55
2025-08-07,Canadian Open,Semifinals,Hard,Khachanov K.,Zverev A.,16,3.0,2.9,1.4,2.91,1.47,3.0,1.47
2025-08-07,Western & Southern Financial Group Masters,1st Round,Hard,Bonzi B.,Arnaldi M.,63,37.0,2.8,1.45,3.25,1.38,2.9,1.45
2025-08-07,Western & Southern Financial Group Masters,1st Round,Hard,Carballes Baena R.,Gaston H.,87,123.0,1.8,2.05,1.82,2.07,1.8,2.1
2025-08-07,Western & Southern Financial Group Masters,1st Round,Hard,Fonseca J.,Bu Y.,52,75.0,1.33,3.25,1.45,2.91,1.4,3.3
2025-08-07,Western & Southern Financial Group Masters,1st Round,Hard,Rinderknech A.,Borges N.,70,38.0,2.5,1.5,2.69,1.51,2.75,1.53
2025-08-07,Canadian Open,Semifinals,Hard,Shelton B.,Fritz T.,7,4.0,2.4,1.57,2.5,1.6,2.5,1.6
2025-08-07,Western & Southern Financial Group Masters,1st Round,Hard,Martinez P.,Jarry N.,66,100.0,4.0,1.25,3.63,1.32,4.0,1.3
2025-08-08,Western & Southern Financial Group Masters,1st Round,Hard,Landaluce M.,Kypson P.,142,212.0,2.2,1.67,2.34,1.66,2.3,1.67
2025-08-08,Western & Southern Financial Group Masters,1st Round,Hard,Bautista Agut R.,Altmaier D.,53,60.0,1.6,2.38,1.55,2.6,1.6,2.45
2025-08-08,Western & Southern Financial Group Masters,1st Round,Hard,Medjedovic H.,Kovacevic A.,72,67.0,1.91,1.9,1.98,1.91,1.95,1.91
2025-08-08,Western & Southern Financial Group Masters,1st Round,Hard,Walton A.,Navone M.,85,78.0,1.83,2.0,1.88,2.01,1.84,2.25
2025-08-08,Western & Southern Financial Group Masters,1st Round,Hard,Opelka R.,Dellien H.,73,108.0,1.13,6.0,1.14,6.54,1.15,6.5
2025-08-08,Western & Southern Financial Group Masters,1st Round,Hard,Brooksby J.,Muller A.,101,41.0,1.73,2.1,1.78,2.14,1.85,2.15
2025-08-08,Western & Southern Financial Group Masters,1st Round,Hard,Comesana F.,Munar J.,71,48.0,2.8,1.4,2.89,1.47,3.2,1.45
2025-08-08,Western & Southern Financial Group Masters,1st Round,Hard,Nava E.,Coric B.,105,90.0,1.53,2.5,1.53,2.66,1.56,2.75
2025-08-08,Western & Southern Financial Group Masters,1st Round,Hard,Quinn E.,Kecmanovic M.,82,49.0,2.0,1.75,2.13,1.79,2.1,1.8
2025-08-08,Western & Southern Financial Group Masters,1st Round,Hard,Ugo Carabelli C.,Nishikori K.,47,65.0,2.5,1.5,2.74,1.51,2.63,1.55
2025-08-08,Western & Southern Financial Group Masters,1st Round,Hard,Nardi L.,Tirante T.A.,98,135.0,2.4,1.53,2.37,1.65,2.5,1.6
2025-08-08,Western & Southern Financial Group Masters,1st Round,Hard,Boyer T.,Holt B.,116,106.0,1.75,2.1,1.75,2.18,1.75,2.1
2025-08-08,Western & Southern Financial Group Masters,1st Round,Hard,Baez S.,Goffin D.,43,64.0,2.9,1.4,3.02,1.43,2.9,1.47
2025-08-08,Western & Southern Financial Group Masters,1st Round,Hard,Marozsan F.,Smith C.,51,138.0,1.67,2.2,1.7,2.26,1.7,2.25
2025-08-08,Western & Southern Financial Group Masters,1st Round,Hard,Moutet C.,McDonald M.,44,95.0,1.6,2.38,1.66,2.35,1.65,2.38
2025-08-08,Canadian Open,The Final,Hard,Shelton B.,Khachanov K.,7,16.0,1.5,2.63,1.56,2.62,1.56,2.65
2025-08-08,Western & Southern Financial Group Masters,1st Round,Hard,Blockx A.,Giron M.,119,61.0,2.3,1.62,2.41,1.63,2.35,1.65
2025-08-09,Western & Southern Financial Group Masters,2nd Round,Hard,Tsitsipas S.,Marozsan F.,29,51.0,2.0,1.75,2.04,1.87,2.0,1.91
2025-08-09,Western & Southern Financial Group Masters,2nd Round,Hard,Sonego L.,Bergs Z.,36,54.0,1.67,2.2,1.69,2.31,1.8,2.25
2025-08-09,Western & Southern Financial Group Masters,2nd Round,Hard,Fonseca J.,Davidovich Fokina A.,52,18.0,2.1,1.75,2.08,1.83,2.15,1.8
2025-08-09,Western & Southern Financial Group Masters,2nd Round,Hard,Humbert U.,Wong C.,25,177.0,1.5,2.5,1.49,2.84,1.5,2.7
2025-08-09,Western & Southern Financial Group Masters,2nd Round,Hard,Sinner J.,Galan D.E.,1,144.0,1.02,15.0,,,1.02,26.0
2025-08-09,Western & Southern Financial Group Masters,2nd Round,Hard,Diallo G.,Baez S.,35,43.0,1.25,4.0,1.25,4.48,1.25,4.4
2025-08-09,Western & Southern Financial Group Masters,2nd Round,Hard,Mannarino A.,Machac T.,89,24.0,2.3,1.57,2.49,1.61,2.4,1.62
2025-08-09,Western & Southern Financial Group Masters,2nd Round,Hard,Paul T.,Martinez P.,16,66.0,1.12,6.5,1.12,7.64,1.12,8.0
2025-08-09,Western & Southern Financial Group Masters,2nd Round,Hard,Atmane T.,Cobolli F.,136,22.0,3.4,1.3,3.64,1.33,3.85,1.32
2025-08-09,Western & Southern Financial Group Masters,2nd Round,Hard,Michelsen A.,Moutet C.,33,44.0,1.8,2.05,1.96,1.93,1.84,2.1
2025-08-09,Western & Southern Financial Group Masters,2nd Round,Hard,Bonzi B.,Musetti L.,63,10.0,3.2,1.36,3.39,1.37,4.5,1.36
2025-08-09,Western & Southern Financial Group Masters,2nd Round,Hard,Rinderknech A.,Ruud C.,70,13.0,3.0,1.36,3.23,1.4,3.1,1.4
2025-08-09,Western & Southern Financial Group Masters,2nd Round,Hard,Rune H.,Safiullin R.,9,80.0,1.33,3.1,1.37,3.38,1.36,3.5
2025-08-09,Western & Southern Financial Group Masters,1st Round,Hard,Basavareddy N.,Vukic A.,109,94.0,2.1,1.75,2.02,1.87,2.1,1.81
2025-08-09,Western & Southern Financial Group Masters,1st Round,Hard,Royer V.,Ofner S.,104,141.0,1.91,1.91,1.83,2.07,1.91,2.3
2025-08-09,Western & Southern Financial Group Masters,1st Round,Hard,Dzumhur D.,Bellucci M.,56,74.0,2.0,1.8,2.11,1.8,2.3,1.8
2025-08-09,Western & Southern Financial Group Masters,1st Round,Hard,Tien L.,Riedi L.,55,522.0,1.4,3.0,1.42,3.07,1.42,3.2
2025-08-09,Western & Southern Financial Group Masters,2nd Round,Hard,Auger-Aliassime F.,Etcheverry T.,28,58.0,1.4,2.8,1.44,3.05,1.43,3.05
2025-08-10,Western & Southern Financial Group Masters,2nd Round,Hard,Khachanov K.,Royer V.,12,104.0,1.25,3.75,1.27,4.24,1.25,4.33
2025-08-10,Western & Southern Financial Group Masters,2nd Round,Hard,Medjedovic H.,Griekspoor T.,72,32.0,2.0,1.83,2.07,1.85,2.1,1.87
2025-08-10,Western & Southern Financial Group Masters,2nd Round,Hard,Nardi L.,Shapovalov D.,98,30.0,3.6,1.3,3.92,1.3,3.85,1.3
2025-08-10,Western & Southern Financial Group Masters,2nd Round,Hard,Walton A.,Medvedev D.,85,15.0,5.0,1.17,5.74,1.18,5.5,1.18
2025-08-10,Western & Southern Financial Group Masters,2nd Round,Hard,Brooksby J.,Cazaux A.,101,76.0,1.87,1.87,1.92,1.99,1.91,2.0
2025-08-10,Western & Southern Financial Group Masters,2nd Round,Hard,Alcaraz C.,Dzumhur D.,2,56.0,1.03,13.0,1.02,17.54,1.03,18.0
2025-08-10,Western & Southern Financial Group Masters,2nd Round,Hard,Popyrin A.,Landaluce M.,19,142.0,1.3,3.25,1.33,3.58,1.34,3.5
2025-08-10,Western & Southern Financial Group Masters,2nd Round,Hard,Lehecka J.,Boyer T.,26,116.0,1.17,5.0,1.18,5.57,1.17,5.75
2025-08-10,Western & Southern Financial Group Masters,2nd Round,Hard,Bautista Agut R.,Norrie C.,53,39.0,2.2,1.67,2.53,1.59,2.43,1.67
2025-08-10,Western & Southern Financial Group Masters,2nd Round,Hard,Rublev A.,Tien L.,11,55.0,1.44,2.63,1.51,2.76,1.53,2.75
2025-08-10,Western & Southern Financial Group Masters,2nd Round,Hard,Comesana F.,Darderi L.,71,34.0,,,1.79,2.14,1.75,2.25
2025-08-10,Western & Southern Financial Group Masters,2nd Round,Hard,Opelka R.,De Minaur A.,73,8.0,4.33,1.2,4.66,1.24,4.55,1.23
2025-08-10,Western & Southern Financial Group Masters,2nd Round,Hard,Fritz T.,Nava E.,4,105.0,,,1.16,6.34,1.16,6.0
2025-08-10,Western & Southern Financial Group Masters,2nd Round,Hard,Tiafoe F.,Carballes Baena R.,14,87.0,1.22,4.33,1.22,4.84,1.22,4.65
2025-08-10,Western & Southern Financial Group Masters,2nd Round,Hard,Mensik J.,Quinn E.,17,82.0,,,1.53,2.7,1.48,2.75
2025-08-11,Western & Southern Financial Group Masters,3rd Round,Hard,Tiafoe F.,Humbert U.,14,25.0,1.62,2.2,1.69,2.32,1.8,2.25
2025-08-11,Western & Southern Financial Group Masters,3rd Round,Hard,Fritz T.,Sonego L.,4,36.0,1.18,5.0,1.19,5.43,1.18,6.0
2025-08-11,Western & Southern Financial Group Masters,3rd Round,Hard,Bonzi B.,Tsitsipas S.,63,29.0,2.6,1.5,2.79,1.5,2.75,1.5
2025-08-11,Western & Southern Financial Group Masters,3rd Round,Hard,Rune H.,Michelsen A.,9,33.0,1.53,2.5,1.59,2.53,1.57,2.6
2025-08-11,Western & Southern Financial Group Masters,2nd Round,Hard,Nakashima B.,Blockx A.,31,119.0,1.33,3.1,1.38,3.33,1.4,3.5
2025-08-11,Western & Southern Financial Group Masters,2nd Round,Hard,Zverev A.,Basavareddy N.,3,109.0,1.15,5.5,1.15,6.41,1.15,6.5
2025-08-11,Western & Southern Financial Group Masters,2nd Round,Hard,Shelton B.,Ugo Carabelli C.,6,47.0,1.12,5.5,1.15,6.62,1.13,6.75
2025-08-11,Western & Southern Financial Group Masters,3rd Round,Hard,Auger-Aliassime F.,Rinderknech A.,28,70.0,1.4,2.88,1.44,3.01,1.45,3.0
2025-08-12,Western & Southern Financial Group Masters,3rd Round,Hard,Lehecka J.,Walton A.,26,85.0,1.25,4.0,1.27,4.24,1.25,4.35
2025-08-12,Western & Southern Financial Group Masters,3rd Round,Hard,Khachanov K.,Brooksby J.,12,101.0,1.44,2.8,1.52,2.72,1.45,3.3
2025-08-12,Western & Southern Financial Group Masters,3rd Round,Hard,Alcaraz C.,Medjedovic H.,2,72.0,1.13,6.0,1.18,5.63,1.16,6.0
2025-08-12,Western & Southern Financial Group Masters,3rd Round,Hard,Rublev A.,Popyrin A.,11,19.0,1.5,2.63,1.55,2.64,1.5,2.75
2025-08-12,Western & Southern Financial Group Masters,3rd Round,Hard,Nardi L.,Mensik J.,98,17.0,4.0,1.25,4.64,1.24,4.33,1.45
2025-08-12,Western & Southern Financial Group Masters,3rd Round,Hard,Mannarino A.,Paul T.,89,16.0,3.6,1.3,3.56,1.34,3.75,1.32
2025-08-12,Western & Southern Financial Group Masters,3rd Round,Hard,Sinner J.,Diallo G.,1,35.0,1.04,9.0,1.05,14.5,1.05,15.0
2025-08-12,Western & Southern Financial Group Masters,3rd Round,Hard,Atmane T.,Fonseca J.,136,52.0,3.6,1.25,4.04,1.29,3.8,1.3
2025-08-12,Western & Southern Financial Group Masters,3rd Round,Hard,Comesana F.,Opelka R.,71,73.0,2.6,1.5,2.65,1.55,2.75,1.5
2025-08-13,Western & Southern Financial Group Masters,3rd Round,Hard,Zverev A.,Nakashima B.,3,31.0,1.3,3.6,1.3,3.88,1.3,3.85
2025-08-13,Western & Southern Financial Group Masters,3rd Round,Hard,Shelton B.,Bautista Agut R.,6,53.0,1.18,5.0,1.19,5.48,1.18,5.5
2025-08-13,Western & Southern Financial Group Masters,4th Round,Hard,Rune H.,Tiafoe F.,9,14.0,1.75,2.1,1.73,2.24,1.8,2.16
2025-08-13,Western & Southern Financial Group Masters,4th Round,Hard,Sinner J.,Mannarino A.,1,89.0,1.03,13.0,1.05,14.37,1.04,18.0
2025-08-13,Western & Southern Financial Group Masters,4th Round,Hard,Auger-Aliassime F.,Bonzi B.,28,63.0,1.36,3.2,1.41,3.17,1.4,3.75
2025-08-13,Western & Southern Financial Group Masters,4th Round,Hard,Atmane T.,Fritz T.,136,4.0,6.0,1.13,7.42,1.13,7.0,1.13
2025-08-14,Western & Southern Financial Group Masters,4th Round,Hard,Shelton B.,Lehecka J.,6,26.0,1.67,2.2,1.69,2.3,1.7,2.25
2025-08-14,Western & Southern Financial Group Masters,Quarterfinals,Hard,Sinner J.,Auger-Aliassime F.,1,28.0,1.1,7.0,1.11,8.0,1.12,8.0
2025-08-14,Western & Southern Financial Group Masters,4th Round,Hard,Rublev A.,Comesana F.,11,71.0,1.2,4.33,1.24,4.62,1.22,4.5
2025-08-14,Western & Southern Financial Group Masters,4th Round,Hard,Alcaraz C.,Nardi L.,2,98.0,1.06,9.0,1.06,11.64,1.06,11.0
2025-08-14,Western & Southern Financial Group Masters,4th Round,Hard,Zverev A.,Khachanov K.,3,12.0,1.44,2.8,1.45,3.0,1.45,3.0
2025-08-15,Western & Southern Financial Group Masters,Quarterfinals,Hard,Atmane T.,Rune H.,136,9.0,3.75,1.29,3.93,1.3,3.8,1.3
2025-08-15,Western & Southern Financial Group Masters,Quarterfinals,Hard,Alcaraz C.,Rublev A.,2,11.0,1.22,4.33,1.24,4.61,1.25,4.5
2025-08-16,Western & Southern Financial Group Masters,Quarterfinals,Hard,Zverev A.,Shelton B.,3,6.0,1.67,2.2,1.66,2.37,1.67,2.33
2025-08-16,Western & Southern Financial Group Masters,Semifinals,Hard,Sinner J.,Atmane T.,1,136.0,1.08,8.0,1.09,7.43,1.09,10.0
2025-08-16,Western & Southern Financial Group Masters,Semifinals,Hard,Alcaraz C.,Zverev A.,2,3.0,1.57,2.4,1.61,2.43,1.6,2.5
2025-08-17,Winston-Salem Open at Wake Forest University,1st Round,Hard,Carreno Busta P.,Nishioka Y.,113,149.0,1.57,2.38,1.68,2.31,1.65,2.75
2025-08-17,Winston-Salem Open at Wake Forest University,1st Round,Hard,Bu Y.,Tseng C.H.,76,119.0,1.25,4.0,1.29,3.9,1.3,4.75
2025-08-17,Winston-Salem Open at Wake Forest University,1st Round,Hard,Medjedovic H.,Rinderknech A.,65,77.0,1.53,2.5,1.55,2.57,1.53,2.6
2025-08-17,Winston-Salem Open at Wake Forest University,1st Round,Hard,Van De Zandschulp B.,Walton A.,92,82.0,2.1,1.73,2.14,1.78,2.1,1.76
2025-08-17,Winston-Salem Open at Wake Forest University,1st Round,Hard,Kopriva V.,Ofner S.,87,141.0,2.5,1.53,2.44,1.61,2.6,1.56
2025-08-17,Winston-Salem Open at Wake Forest University,1st Round,Hard,Majchrzak K.,Jarry N.,78,103.0,1.91,1.91,1.93,1.95,2.0,1.91
2025-08-17,Winston-Salem Open at Wake Forest University,1st Round,Hard,Martinez P.,Goffin D.,64,68.0,2.1,1.73,2.12,1.79,2.2,1.75
2025-08-18,Winston-Salem Open at Wake Forest University,1st Round,Hard,Navone M.,Suresh D.,74,645.0,1.4,3.0,1.44,3.0,1.45,3.0
2025-08-18,Winston-Salem Open at Wake Forest University,2nd Round,Hard,Korda S.,Kopriva V.,86,87.0,1.4,3.0,1.45,2.95,1.42,3.0
2025-08-18,Winston-Salem Open at Wake Forest University,1st Round,Hard,Bellucci M.,Comesana F.,63,54.0,2.0,1.8,2.16,1.77,2.1,2.2
2025-08-18,Winston-Salem Open at Wake Forest University,1st Round,Hard,Fucsovics M.,Gaston H.,94,125.0,1.4,3.0,1.45,2.95,1.45,3.0
2025-08-18,Winston-Salem Open at Wake Forest University,1st Round,Hard,Kovacevic A.,Misolic F.,71,95.0,1.58,2.3,1.64,2.39,1.65,2.38
2025-08-18,Winston-Salem Open at Wake Forest University,1st Round,Hard,O Connell C.,Safiullin R.,79,90.0,2.5,1.53,2.69,1.52,2.75,1.55
2025-08-18,Winston-Salem Open at Wake Forest University,1st Round,Hard,Basavareddy N.,Collignon R.,106,105.0,1.36,3.2,1.36,3.42,1.37,3.3
2025-08-18,Winston-Salem Open at Wake Forest University,1st Round,Hard,McDonald M.,Holt B.,102,111.0,1.36,3.2,1.41,3.11,1.4,3.2
2025-08-18,Western & Southern Financial Group Masters,The Final,Hard,Alcaraz C.,Sinner J.,2,1.0,2.75,1.44,2.71,1.53,2.75,1.53
2025-08-18,Winston-Salem Open at Wake Forest University,1st Round,Hard,Blanch Dar.,Coric B.,409,104.0,2.5,1.53,2.36,1.65,2.6,1.6
2025-08-19,Winston-Salem Open at Wake Forest University,2nd Round,Hard,Munar J.,Bellucci M.,46,63.0,1.73,2.1,1.69,2.28,1.95,2.3
2025-08-19,Winston-Salem Open at Wake Forest University,2nd Round,Hard,Baez S.,Carreno Busta P.,40,113.0,2.75,1.44,2.92,1.46,2.9,1.45
2025-08-19,Winston-Salem Open at Wake Forest University,2nd Round,Hard,Van De Zandschulp B.,Arnaldi M.,92,62.0,2.1,1.73,2.1,1.81,2.1,1.8
2025-08-19,Winston-Salem Open at Wake Forest University,2nd Round,Hard,Darderi L.,McDonald M.,34,102.0,2.1,1.73,2.07,1.83,2.1,1.84
2025-08-19,Winston-Salem Open at Wake Forest University,2nd Round,Hard,Navone M.,Giron M.,74,55.0,2.2,1.67,2.28,1.68,2.75,1.67
2025-08-19,Winston-Salem Open at Wake Forest University,2nd Round,Hard,Kecmanovic M.,Kovacevic A.,45,71.0,1.63,2.2,1.72,2.2,1.67,2.25
2025-08-19,Winston-Salem Open at Wake Forest University,2nd Round,Hard,Medjedovic H.,Fearnley J.,65,59.0,1.44,2.75,1.49,2.79,1.5,2.75
2025-08-19,Winston-Salem Open at Wake Forest University,2nd Round,Hard,Diallo G.,Basavareddy N.,33,106.0,1.57,2.38,1.63,2.39,1.6,2.45
2025-08-19,Winston-Salem Open at Wake Forest University,2nd Round,Hard,Fucsovics M.,Griekspoor T.,94,31.0,2.1,1.73,2.18,1.74,2.1,1.8
2025-08-19,Winston-Salem Open at Wake Forest University,2nd Round,Hard,Muller A.,Blanch Dar.,38,409.0,1.53,2.5,1.59,2.47,1.57,2.6
2025-08-19,Winston-Salem Open at Wake Forest University,2nd Round,Hard,Bautista Agut R.,O Connell C.,47,79.0,1.57,2.38,1.57,2.52,1.6,2.45
2025-08-19,Winston-Salem Open at Wake Forest University,2nd Round,Hard,Majchrzak K.,Borges N.,78,42.0,2.0,1.77,2.11,1.79,2.1,1.77
2025-08-19,Winston-Salem Open at Wake Forest University,1st Round,Hard,Dostanic S.,Vukic A.,412,93.0,3.75,1.29,3.12,1.4,3.85,1.29
2025-08-19,Winston-Salem Open at Wake Forest University,2nd Round,Hard,Mpetshi G.,Martinez P.,39,64.0,1.44,2.75,1.52,2.7,1.5,2.75
2025-08-20,Winston-Salem Open at Wake Forest University,3rd Round,Hard,Medjedovic H.,Diallo G.,65,33.0,2.1,1.73,2.17,1.76,2.12,1.74
2025-08-20,Winston-Salem Open at Wake Forest University,3rd Round,Hard,Bu Y.,Navone M.,76,74.0,1.67,2.2,1.7,2.24,1.71,2.2
2025-08-20,Winston-Salem Open at Wake Forest University,3rd Round,Hard,Munar J.,Sonego L.,46,35.0,1.67,2.2,1.68,2.29,1.7,2.4
2025-08-20,Winston-Salem Open at Wake Forest University,3rd Round,Hard,Mpetshi G.,Muller A.,39,38.0,1.8,2.0,1.88,2.01,2.0,2.0
2025-08-20,Winston-Salem Open at Wake Forest University,3rd Round,Hard,Kecmanovic M.,Darderi L.,45,34.0,1.5,2.63,1.51,2.74,1.55,2.75
2025-08-20,Winston-Salem Open at Wake Forest University,3rd Round,Hard,Fucsovics M.,Bautista Agut R.,94,47.0,1.73,2.1,1.74,2.21,1.75,2.25
2025-08-20,Winston-Salem Open at Wake Forest University,3rd Round,Hard,Korda S.,Majchrzak K.,86,78.0,1.73,2.1,1.72,2.23,1.77,2.1
2025-08-20,Winston-Salem Open at Wake Forest University,2nd Round,Hard,Sonego L.,Dostanic S.,35,412.0,1.17,5.0,1.21,4.91,1.2,5.0
2025-08-20,Winston-Salem Open at Wake Forest University,2nd Round,Hard,Bu Y.,Tsitsipas S.,76,28.0,2.63,1.5,2.73,1.51,2.75,1.5
2025-08-21,Winston-Salem Open at Wake Forest University,3rd Round,Hard,Van De Zandschulp B.,Baez S.,92,40.0,1.44,2.75,1.44,2.99,1.45,3.0
2025-08-21,Winston-Salem Open at Wake Forest University,Quarterfinals,Hard,Korda S.,Kecmanovic M.,86,45.0,1.73,2.1,1.84,2.08,1.8,2.1
2025-08-21,Winston-Salem Open at Wake Forest University,Quarterfinals,Hard,Fucsovics M.,Munar J.,94,46.0,2.1,1.73,2.28,1.71,2.25,1.74
2025-08-21,Winston-Salem Open at Wake Forest University,Quarterfinals,Hard,Mpetshi G.,Medjedovic H.,39,65.0,2.75,1.44,2.94,1.46,2.8,1.47
2025-08-22,Winston-Salem Open at Wake Forest University,Semifinals,Hard,Fucsovics M.,Korda S.,94,86.0,2.63,1.47,2.68,1.53,2.7,1.5
2025-08-22,Winston-Salem Open at Wake Forest University,Semifinals,Hard,Van De Zandschulp B.,Mpetshi G.,92,39.0,2.38,1.57,2.34,1.66,2.4,1.62
2025-08-22,Winston-Salem Open at Wake Forest University,Quarterfinals,Hard,Van De Zandschulp B.,Bu Y.,92,76.0,2.0,1.8,1.99,1.89,2.0,8.5
2025-08-23,Winston-Salem Open at Wake Forest University,The Final,Hard,Fucsovics M.,Van De Zandschulp B.,94,92.0,1.73,2.1,1.8,2.13,1.8,2.1
2025-08-24,US Open,1st Round,Hard,Mannarino A.,Griekspoor T.,77,30.0,2.3,1.62,2.37,1.65,2.3,1.67
2025-08-24,US Open,1st Round,Hard,Giron M.,Navone M.,55,78.0,2.0,1.8,2.05,1.85,2.1,1.95
2025-08-24,US Open,1st Round,Hard,Thompson J.,Moutet C.,58,40.0,3.4,1.33,3.43,1.35,3.5,1.4
2025-08-24,US Open,1st Round,Hard,Etcheverry T.,Ugo Carabelli C.,59,43.0,1.3,3.5,1.38,3.25,1.35,3.5
2025-08-24,US Open,1st Round,Hard,Carreno Busta P.,Llamas Ruiz P.,137,361.0,1.53,2.5,1.54,2.62,1.57,2.5
2025-08-24,US Open,1st Round,Hard,Kym J.,Quinn E.,175,84.0,2.2,1.67,2.27,1.7,2.4,3.2
2025-08-24,US Open,1st Round,Hard,Svajda Z.,Piros Z.,145,156.0,1.4,3.0,1.42,3.06,1.45,3.1
2025-08-24,US Open,1st Round,Hard,Machac T.,Nardi L.,22,86.0,1.4,3.0,1.44,2.98,1.5,3.1
2025-08-24,US Open,1st Round,Hard,Lehecka J.,Coric B.,21,105.0,1.13,6.0,1.16,5.97,1.15,6.5
2025-08-24,US Open,1st Round,Hard,Fritz T.,Nava E.,4,968.0,1.08,8.0,1.11,7.89,1.1,8.5
2025-08-24,US Open,1st Round,Hard,Spizzirri E.,Dostanic S.,127,389.0,1.44,2.75,1.5,2.75,1.5,2.75
2025-08-24,US Open,1st Round,Hard,Blanchet U.,Marozsan F.,184,53.0,4.0,1.25,3.96,1.29,4.0,1.32
2025-08-24,US Open,1st Round,Hard,Shelton B.,Buse I.,6,135.0,1.03,17.0,,,1.04,17.0
2025-08-24,US Open,1st Round,Hard,Mensik J.,Jarry N.,16,102.0,1.36,3.2,1.41,3.11,1.4,3.2
2025-08-24,US Open,1st Round,Hard,Rinderknech A.,Carballes Baena R.,82,87.0,1.5,2.63,1.5,2.77,1.52,2.75
2025-08-24,US Open,1st Round,Hard,Davidovich Fokina A.,Shevchenko A.,18,91.0,1.14,5.5,1.19,5.41,1.2,5.5
2025-08-24,US Open,1st Round,Hard,Darderi L.,Hijikata R.,34,103.0,1.57,2.38,1.65,2.38,1.63,2.4
2025-08-25,US Open,1st Round,Hard,Tiafoe F.,Nishioka Y.,17,149.0,1.1,7.0,1.11,7.88,1.12,8.0
2025-08-25,US Open,1st Round,Hard,Bellucci M.,Shang J.,65,111.0,1.67,2.2,1.67,2.33,1.7,2.28
2025-08-25,US Open,1st Round,Hard,Brooksby J.,Vukic A.,92,95.0,1.4,3.0,1.43,3.03,1.42,3.1
2025-08-25,US Open,1st Round,Hard,Rune H.,Van De Zandschulp B.,11,73.0,1.3,3.5,1.35,3.47,1.35,3.5
2025-08-25,US Open,1st Round,Hard,Munar J.,Faria J.,44,117.0,1.25,4.0,1.26,4.28,1.27,4.25
2025-08-25,US Open,1st Round,Hard,Cobolli F.,Passaro F.,26,120.0,1.22,4.33,1.22,4.74,1.25,4.5
2025-08-25,US Open,1st Round,Hard,Struff J.L.,McDonald M.,144,100.0,1.91,1.91,1.92,1.97,1.95,1.95
2025-08-25,US Open,1st Round,Hard,Boyer T.,Duckworth J.,113,106.0,2.1,1.73,2.07,1.83,2.1,1.8
2025-08-25,US Open,1st Round,Hard,Khachanov K.,Basavareddy N.,9,104.0,1.25,4.0,1.27,4.18,1.27,4.25
2025-08-25,US Open,1st Round,Hard,Rublev A.,Prizmic D.,15,124.0,1.29,3.75,1.3,3.89,1.3,3.75
2025-08-25,US Open,1st Round,Hard,Majchrzak K.,Dellien H.,76,121.0,1.05,11.0,1.07,10.76,1.07,11.0
2025-08-25,US Open,1st Round,Hard,Comesana F.,Michelsen A.,54,32.0,3.5,1.3,3.59,1.33,3.75,1.33
2025-08-25,US Open,1st Round,Hard,Bergs Z.,Tseng C.H.,48,118.0,1.36,3.2,1.42,3.06,1.4,3.2
2025-08-25,US Open,1st Round,Hard,Draper J.,Gomez F.A.,5,203.0,1.02,19.0,,,1.03,20.0
2025-08-25,US Open,1st Round,Hard,Collignon R.,Galan D.E.,107,131.0,1.91,1.91,1.76,2.18,2.0,2.0
2025-08-25,US Open,1st Round,Hard,Djokovic N.,Tien L.,7,50.0,1.14,5.5,1.15,6.2,1.18,7.0
2025-08-25,US Open,1st Round,Hard,Bonzi B.,Medvedev D.,51,13.0,4.5,1.2,4.57,1.23,4.6,1.22
2025-08-25,US Open,1st Round,Hard,Harris L.,Baez S.,353,39.0,1.53,2.5,1.55,2.62,1.56,2.6
2025-08-25,US Open,1st Round,Hard,Damm M.,Blanch Dar.,431,364.0,2.0,1.8,2.08,1.83,2.04,1.85
2025-08-25,US Open,1st Round,Hard,Nakashima B.,De Jong J.,31,83.0,1.25,4.0,1.3,3.85,1.32,4.0
2025-08-25,US Open,1st Round,Hard,Walton A.,Humbert U.,85,23.0,2.75,1.44,3.04,1.43,3.0,1.47
2025-08-25,US Open,1st Round,Hard,Norrie C.,Korda S.,35,75.0,2.38,1.57,2.68,1.52,2.6,1.6
2025-08-25,US Open,1st Round,Hard,Fonseca J.,Kecmanovic M.,45,42.0,1.57,2.38,1.69,2.28,1.57,2.6
2025-08-25,US Open,1st Round,Hard,Wong C.,Kovacevic A.,173,71.0,2.1,1.73,2.28,1.69,2.25,1.77
2025-08-26,US Open,1st Round,Hard,Safiullin R.,Monfils G.,94,49.0,1.91,1.91,1.98,1.9,2.0,1.92
2025-08-26,US Open,1st Round,Hard,Borges N.,Holt B.,41,110.0,1.36,3.2,1.36,3.37,1.42,3.2
2025-08-26,US Open,1st Round,Hard,De Minaur A.,O Connell C.,8,81.0,1.04,13.0,1.05,14.54,1.06,15.0
2025-08-26,US Open,1st Round,Hard,Tsitsipas S.,Muller A.,28,38.0,1.44,2.75,1.56,2.59,1.55,2.75
2025-08-26,US Open,1st Round,Hard,Schoolkate T.,Sonego L.,96,46.0,3.4,1.36,3.22,1.39,3.4,1.45
2025-08-26,US Open,1st Round,Hard,Altmaier D.,Medjedovic H.,56,57.0,3.5,1.3,3.53,1.34,4.0,1.33
2025-08-26,US Open,1st Round,Hard,Mochizuki S.,Gaston H.,112,125.0,1.57,2.38,1.59,2.5,1.63,2.75
2025-08-26,US Open,1st Round,Hard,Auger-Aliassime F.,Harris B.,27,151.0,1.08,8.0,1.11,8.25,1.1,8.5
2025-08-26,US Open,1st Round,Hard,Popyrin A.,Ruusuvuori E.,36,752.0,1.05,11.0,1.06,11.4,1.06,15.0
2025-08-26,US Open,1st Round,Hard,Royer V.,Bu Y.,98,74.0,2.38,1.57,2.47,1.6,2.5,1.62
2025-08-26,US Open,1st Round,Hard,Riedi L.,Martinez P.,435,66.0,1.57,2.38,1.63,2.42,1.62,2.41
2025-08-26,US Open,1st Round,Hard,Bublik A.,Cilic M.,24,62.0,1.44,2.75,1.45,2.95,1.5,2.8
2025-08-26,US Open,1st Round,Hard,Goffin D.,Halys Q.,80,70.0,2.5,1.53,2.69,1.52,2.6,1.57
2025-08-26,US Open,1st Round,Hard,Musetti L.,Mpetshi G.,10,37.0,1.4,3.0,1.41,3.15,1.44,3.0
2025-08-26,US Open,1st Round,Hard,Cerundolo F.,Arnaldi M.,19,64.0,1.73,2.1,1.75,2.19,1.82,2.2
2025-08-26,US Open,1st Round,Hard,Shapovalov D.,Fucsovics M.,29,63.0,1.8,2.0,1.93,1.96,1.9,2.0
2025-08-26,US Open,1st Round,Hard,Alcaraz C.,Opelka R.,2,67.0,1.04,13.0,1.05,14.58,1.06,17.0
2025-08-26,US Open,1st Round,Hard,Diallo G.,Dzumhur D.,33,61.0,1.29,3.75,1.28,4.02,1.35,3.8
2025-08-26,US Open,1st Round,Hard,Ruud C.,Ofner S.,12,140.0,1.22,4.33,1.25,4.37,1.28,4.33
2025-08-26,US Open,1st Round,Hard,Sinner J.,Kopriva V.,1,89.0,1.0,51.0,,,1.02,51.0
2025-08-27,US Open,2nd Round,Hard,Fritz T.,Harris L.,4,353.0,1.06,10.0,1.09,9.59,1.1,10.0
2025-08-27,US Open,2nd Round,Hard,Norrie C.,Comesana F.,35,54.0,1.5,2.63,1.54,2.67,1.55,2.63
2025-08-27,US Open,2nd Round,Hard,Rinderknech A.,Davidovich Fokina A.,82,18.0,5.0,1.17,5.24,1.19,5.25,1.21
2025-08-27,US Open,2nd Round,Hard,Mannarino A.,Thompson J.,77,58.0,1.53,2.5,1.57,2.58,1.63,2.6
2025-08-27,US Open,2nd Round,Hard,Tiafoe F.,Damm M.,17,431.0,1.13,6.0,1.15,6.24,1.17,7.0
2025-08-27,US Open,2nd Round,Hard,Darderi L.,Spizzirri E.,34,127.0,1.57,2.38,1.69,2.3,1.65,2.4
2025-08-27,US Open,2nd Round,Hard,Blanchet U.,Mensik J.,184,16.0,4.5,1.2,4.9,1.21,5.0,1.22
2025-08-27,US Open,2nd Round,Hard,Bonzi B.,Giron M.,51,55.0,1.91,1.91,1.98,1.93,1.96,1.95
2025-08-27,US Open,2nd Round,Hard,Machac T.,Fonseca J.,22,45.0,2.0,1.8,1.83,2.09,2.05,1.88
2025-08-27,US Open,2nd Round,Hard,Djokovic N.,Svajda Z.,7,145.0,1.05,11.0,1.09,9.74,1.08,13.0
2025-08-27,US Open,2nd Round,Hard,Kym J.,Nakashima B.,175,31.0,3.5,1.3,3.66,1.33,3.75,1.36
2025-08-27,US Open,2nd Round,Hard,Lehecka J.,Etcheverry T.,21,59.0,1.25,4.0,1.28,4.08,1.27,4.33
2025-08-27,US Open,1st Round,Hard,Zverev A.,Tabilo A.,3,122.0,1.03,17.0,,,1.04,17.0
2025-08-27,US Open,1st Round,Hard,Paul T.,Moller E.,14,109.0,1.03,15.0,1.07,11.34,1.06,15.0
2025-08-27,US Open,1st Round,Hard,Fearnley J.,Bautista Agut R.,60,47.0,2.2,1.67,2.3,1.68,2.3,1.7
2025-08-27,US Open,2nd Round,Hard,Collignon R.,Ruud C.,107,12.0,5.0,1.17,6.11,1.16,5.25,1.2
2025-08-28,US Open,2nd Round,Hard,Bublik A.,Schoolkate T.,24,96.0,1.2,4.5,1.22,4.87,1.21,4.75
2025-08-28,US Open,2nd Round,Hard,Munar J.,Diallo G.,44,33.0,1.91,1.91,1.81,2.13,1.91,1.98
2025-08-28,US Open,2nd Round,Hard,Sinner J.,Popyrin A.,1,36.0,1.02,21.0,,,1.04,21.0
2025-08-28,US Open,2nd Round,Hard,Riedi L.,Cerundolo F.,435,19.0,2.75,1.44,2.77,1.51,2.75,1.5
2025-08-28,US Open,2nd Round,Hard,Shapovalov D.,Royer V.,29,98.0,1.36,3.2,1.36,3.43,1.36,3.4
2025-08-28,US Open,2nd Round,Hard,Majchrzak K.,Khachanov K.,76,9.0,4.5,1.2,4.84,1.22,4.75,1.21
2025-08-28,US Open,2nd Round,Hard,Cobolli F.,Brooksby J.,26,92.0,1.62,2.3,1.61,2.48,1.62,2.4
2025-08-28,US Open,2nd Round,Hard,Musetti L.,Goffin D.,10,80.0,1.14,5.5,1.16,6.28,1.17,6.0
2025-08-28,US Open,2nd Round,Hard,Rublev A.,Boyer T.,15,113.0,1.05,11.0,1.06,12.34,1.06,11.0
2025-08-28,US Open,2nd Round,Hard,Bergs Z.,Draper J.,48,5.0,4.5,1.2,5.77,1.18,5.5,1.2
2025-08-28,US Open,2nd Round,Hard,Shelton B.,Carreno Busta P.,6,137.0,1.07,9.0,1.08,8.72,1.08,9.0
2025-08-28,US Open,2nd Round,Hard,Alcaraz C.,Bellucci M.,2,65.0,1.02,21.0,1.04,18.27,1.03,21.0
2025-08-28,US Open,2nd Round,Hard,Struff J.L.,Rune H.,144,11.0,3.4,1.33,3.58,1.34,4.0,1.35
2025-08-28,US Open,2nd Round,Hard,Wong C.,Walton A.,173,85.0,2.38,1.57,2.41,1.64,3.2,1.62
2025-08-29,US Open,3rd Round,Hard,Struff J.L.,Tiafoe F.,144,17.0,3.2,1.36,3.33,1.38,3.35,1.4
2025-08-29,US Open,3rd Round,Hard,Mannarino A.,Shelton B.,77,6.0,5.5,1.14,6.34,1.16,7.0,1.18
2025-08-29,US Open,3rd Round,Hard,Alcaraz C.,Darderi L.,2,34.0,1.01,26.0,,,1.03,26.0
2025-08-29,US Open,3rd Round,Hard,Rinderknech A.,Bonzi B.,82,51.0,2.0,1.8,2.01,1.9,2.02,1.95
2025-08-29,US Open,3rd Round,Hard,Lehecka J.,Collignon R.,21,107.0,1.13,6.0,1.13,7.29,1.15,7.0
2025-08-29,US Open,2nd Round,Hard,De Minaur A.,Mochizuki S.,8,112.0,1.03,15.0,1.04,15.57,1.05,15.0
2025-08-29,US Open,2nd Round,Hard,Auger-Aliassime F.,Safiullin R.,27,94.0,1.33,3.4,1.37,3.37,1.36,3.5
2025-08-29,US Open,2nd Round,Hard,Altmaier D.,Tsitsipas S.,56,28.0,3.5,1.3,3.79,1.32,3.75,1.36
2025-08-29,US Open,2nd Round,Hard,Zverev A.,Fearnley J.,3,60.0,1.07,9.0,1.07,9.54,1.09,9.5
2025-08-29,US Open,2nd Round,Hard,Paul T.,Borges N.,14,41.0,1.25,4.0,1.28,3.99,1.32,4.0
2025-08-30,US Open,3rd Round,Hard,Rublev A.,Wong C.,15,173.0,1.08,8.0,1.09,9.51,1.12,8.0
2025-08-30,US Open,3rd Round,Hard,De Minaur A.,Altmaier D.,8,56.0,1.05,11.0,1.05,14.48,1.06,12.0
2025-08-30,US Open,3rd Round,Hard,Riedi L.,Majchrzak K.,435,76.0,2.3,1.62,2.3,1.69,3.5,1.66
2025-08-30,US Open,3rd Round,Hard,Sinner J.,Shapovalov D.,1,29.0,1.02,21.0,,,1.04,21.0
2025-08-30,US Open,3rd Round,Hard,Musetti L.,Cobolli F.,10,26.0,1.36,3.2,1.37,3.38,1.4,3.25
2025-08-30,US Open,3rd Round,Hard,Munar J.,Bergs Z.,44,48.0,1.44,2.75,1.44,3.01,1.45,2.9
2025-08-30,US Open,3rd Round,Hard,Fritz T.,Kym J.,4,175.0,1.06,10.0,1.08,10.63,1.08,10.0
2025-08-30,US Open,3rd Round,Hard,Machac T.,Blanchet U.,22,184.0,1.14,5.5,1.17,5.96,1.22,6.0
2025-08-30,US Open,3rd Round,Hard,Djokovic N.,Norrie C.,7,35.0,1.08,8.0,1.1,8.89,1.12,8.0
2025-08-31,US Open,3rd Round,Hard,Auger-Aliassime F.,Zverev A.,27,3.0,3.75,1.29,4.06,1.28,4.0,1.29
2025-08-31,US Open,3rd Round,Hard,Bublik A.,Paul T.,24,14.0,1.91,1.91,1.92,1.99,1.95,2.1
2025-08-31,US Open,4th Round,Hard,Lehecka J.,Mannarino A.,21,77.0,1.33,3.4,1.37,3.42,1.36,3.4
2025-08-31,US Open,4th Round,Hard,Alcaraz C.,Rinderknech A.,2,82.0,1.01,23.0,,,1.03,23.0
2025-08-31,US Open,4th Round,Hard,Fritz T.,Machac T.,4,22.0,1.36,3.2,1.39,3.29,1.4,3.2
2025-09-01,US Open,4th Round,Hard,Djokovic N.,Struff J.L.,7,144.0,1.14,5.5,1.17,5.55,1.17,5.75
2025-09-01,US Open,4th Round,Hard,De Minaur A.,Riedi L.,8,435.0,1.05,11.0,1.07,11.05,1.09,11.0
2025-09-01,US Open,4th Round,Hard,Auger-Aliassime F.,Rublev A.,27,15.0,2.1,1.73,2.1,1.82,2.1,1.8
2025-09-01,US Open,4th Round,Hard,Musetti L.,Munar J.,10,44.0,1.44,2.75,1.47,2.89,1.48,2.9
2025-09-02,US Open,4th Round,Hard,Sinner J.,Bublik A.,1,24.0,1.08,8.0,1.09,8.96,1.12,8.5
2025-09-02,US Open,Quarterfinals,Hard,Alcaraz C.,Lehecka J.,2,21.0,1.05,11.0,1.06,12.75,1.08,11.0
2025-09-03,US Open,Quarterfinals,Hard,Auger-Aliassime F.,De Minaur A.,27,8.0,2.2,1.67,2.36,1.67,2.3,1.82
2025-09-03,US Open,Quarterfinals,Hard,Djokovic N.,Fritz T.,7,4.0,1.44,2.75,1.53,2.69,1.48,2.88
2025-09-04,US Open,Quarterfinals,Hard,Sinner J.,Musetti L.,1,10.0,1.03,15.0,1.05,16.01,1.05,17.0
2025-09-05,US Open,Semifinals,Hard,Alcaraz C.,Djokovic N.,2,7.0,1.25,4.0,1.29,4.03,1.3,4.0
2025-09-06,US Open,Semifinals,Hard,Sinner J.,Auger-Aliassime F.,1,27.0,1.03,17.0,1.05,15.13,1.05,17.0
2025-09-07,US Open,The Final,Hard,Alcaraz C.,Sinner J.,2,1.0,2.15,1.75,2.12,1.81,2.15,1.83
2025-09-17,Chengdu Open,1st Round,Hard,Giron M.,Quinn E.,50,81.0,1.8,2.0,1.85,2.03,1.81,2.02
2025-09-17,Chengdu Open,1st Round,Hard,Zhou Y.,Norrie C.,304,34.0,4.5,1.2,4.64,1.22,4.5,1.22
2025-09-17,Chengdu Open,1st Round,Hard,O Connell C.,Halys Q.,103,75.0,1.91,1.91,1.93,1.94,1.93,1.95
2025-09-17,Chengdu Open,1st Round,Hard,Shang J.,Bergs Z.,138,46.0,1.8,2.0,1.76,2.15,1.81,2.1
2025-09-17,Hangzhou Open,1st Round,Hard,Wu Y.,Mannarino A.,196,53.0,1.73,2.1,1.83,2.07,1.8,2.11
2025-09-17,Hangzhou Open,1st Round,Hard,Tien L.,Navone M.,54,82.0,1.44,2.75,1.6,2.47,1.55,2.75
2025-09-18,Hangzhou Open,1st Round,Hard,Zhang Zh.,Bu Y.,192,74.0,3.2,1.36,3.19,1.4,3.2,1.4
2025-09-18,Hangzhou Open,1st Round,Hard,Zeppieri G.,Sun F.,169,236.0,1.17,5.0,1.21,5.01,1.2,5.5
2025-09-18,Hangzhou Open,1st Round,Hard,Basavareddy N.,Cilic M.,109,59.0,1.5,2.63,1.53,2.61,1.55,2.63
2025-09-18,Hangzhou Open,1st Round,Hard,Svrcina D.,Berrettini M.,99,57.0,3.2,1.36,3.37,1.36,3.5,1.36
2025-09-18,Hangzhou Open,1st Round,Hard,Etcheverry T.,Dzumhur D.,63,68.0,1.4,3.0,1.43,3.05,1.45,3.0
2025-09-18,Chengdu Open,1st Round,Hard,Daniel T.,Wong C.,168,149.0,3.0,1.4,2.85,1.47,3.0,1.8
2025-09-18,Chengdu Open,1st Round,Hard,Mpetshi G.,Misolic F.,36,92.0,1.57,2.38,1.61,2.42,1.6,2.4
2025-09-18,Chengdu Open,1st Round,Hard,Sonego L.,Cerundolo J.M.,44,72.0,1.53,2.5,1.56,2.56,1.55,2.6
2025-09-18,Chengdu Open,1st Round,Hard,Tabilo A.,Thompson J.,112,78.0,1.8,2.0,1.84,2.04,2.05,2.05
2025-09-18,Chengdu Open,1st Round,Hard,Prizmic D.,Atmane T.,121,70.0,1.8,2.0,1.81,2.07,1.83,2.4
2025-09-18,Chengdu Open,1st Round,Hard,McDonald M.,Van De Zandschulp B.,98,83.0,1.91,1.91,1.95,1.92,2.02,1.91
2025-09-18,Chengdu Open,1st Round,Hard,Shevchenko A.,Monfils G.,96,52.0,2.5,1.53,2.53,1.57,2.5,1.6
2025-09-18,Chengdu Open,1st Round,Hard,Basilashvili N.,Harris B.,114,131.0,,,,,1.75,2.11
2025-09-19,Chengdu Open,2nd Round,Hard,Giron M.,Sonego L.,50,44.0,1.91,1.91,1.96,1.91,2.0,1.91
2025-09-19,Hangzhou Open,1st Round,Hard,Hijikata R.,Ugo Carabelli C.,111,43.0,1.44,2.75,1.49,2.8,1.57,2.75
2025-09-19,Hangzhou Open,1st Round,Hard,Cazaux A.,Arnaldi M.,84,73.0,2.0,1.8,1.94,1.94,2.0,1.91
2025-09-19,Hangzhou Open,1st Round,Hard,Royer V.,Kovacevic A.,88,69.0,1.67,2.2,1.78,2.15,1.73,2.4
2025-09-19,Hangzhou Open,1st Round,Hard,Vukic A.,Goffin D.,93,87.0,1.73,2.1,1.76,2.17,1.73,2.14
2025-09-19,Hangzhou Open,1st Round,Hard,Korda S.,Walton A.,79,76.0,1.44,2.75,1.53,2.67,1.65,2.75
2025-09-19,Chengdu Open,2nd Round,Hard,Nakashima B.,Shang J.,33,138.0,1.57,2.38,1.68,2.3,1.57,2.6
2025-09-19,Chengdu Open,2nd Round,Hard,O Connell C.,Zhou Y.,103,304.0,1.53,2.5,1.55,2.6,1.55,2.65
2025-09-19,Chengdu Open,2nd Round,Hard,Tabilo A.,Darderi L.,112,30.0,1.67,2.2,1.68,2.27,1.67,2.38
2025-09-20,Hangzhou Open,2nd Round,Hard,Moutet C.,Cazaux A.,39,84.0,1.8,2.0,1.85,2.04,1.95,2.0
2025-09-20,Hangzhou Open,2nd Round,Hard,Wu Y.,Korda S.,196,79.0,2.63,1.5,2.49,1.59,2.63,1.57
2025-09-20,Hangzhou Open,2nd Round,Hard,Etcheverry T.,Hijikata R.,63,111.0,1.5,2.63,1.56,2.59,1.53,2.63
2025-09-20,Hangzhou Open,2nd Round,Hard,Royer V.,Rublev A.,88,14.0,4.33,1.22,4.03,1.27,4.33,1.25
2025-09-20,Hangzhou Open,2nd Round,Hard,Bublik A.,Vukic A.,19,93.0,1.3,3.5,1.34,3.53,1.35,3.5
2025-09-20,Hangzhou Open,2nd Round,Hard,Svrcina D.,Zhang Zh.,99,192.0,2.2,1.67,2.19,1.75,2.25,1.71
2025-09-20,Hangzhou Open,2nd Round,Hard,Tien L.,Zeppieri G.,54,169.0,1.53,2.5,1.62,2.42,1.65,2.6
2025-09-20,Hangzhou Open,2nd Round,Hard,Medvedev D.,Basavareddy N.,18,109.0,1.36,3.2,1.42,3.09,1.44,3.45
2025-09-20,Chengdu Open,2nd Round,Hard,Daniel T.,Griekspoor T.,168,31.0,2.75,1.44,2.69,1.52,2.75,1.54
2025-09-20,Chengdu Open,2nd Round,Hard,Basilashvili N.,McDonald M.,114,98.0,2.5,1.53,2.4,1.63,2.5,1.6
2025-09-20,Chengdu Open,2nd Round,Hard,Shevchenko A.,Mpetshi G.,96,36.0,2.75,1.44,2.75,1.5,3.4,1.5
2025-09-20,Chengdu Open,2nd Round,Hard,Musetti L.,Prizmic D.,9,121.0,1.33,3.4,1.4,3.17,1.4,3.4
2025-09-21,Chengdu Open,Quarterfinals,Hard,Shevchenko A.,Daniel T.,96,168.0,1.8,2.0,1.85,2.06,1.82,2.05
2025-09-21,Chengdu Open,Quarterfinals,Hard,Musetti L.,Basilashvili N.,9,114.0,1.3,3.5,1.31,3.87,1.33,3.75
2025-09-21,Chengdu Open,Quarterfinals,Hard,Nakashima B.,Giron M.,33,50.0,1.44,2.75,1.45,2.98,1.5,2.8
2025-09-21,Chengdu Open,Quarterfinals,Hard,Tabilo A.,O Connell C.,112,103.0,1.5,2.63,1.54,2.67,1.53,2.75
2025-09-21,Hangzhou Open,Quarterfinals,Hard,Bublik A.,Svrcina D.,19,99.0,1.3,3.5,1.33,3.64,1.33,3.7
2025-09-21,Hangzhou Open,Quarterfinals,Hard,Moutet C.,Etcheverry T.,39,63.0,2.3,1.62,2.1,1.81,2.35,1.73
2025-09-21,Hangzhou Open,Quarterfinals,Hard,Royer V.,Tien L.,88,54.0,2.3,1.62,2.53,1.58,2.4,1.62
2025-09-21,Hangzhou Open,Quarterfinals,Hard,Wu Y.,Medvedev D.,196,18.0,3.5,1.3,3.64,1.33,3.75,1.3
2025-09-22,Hangzhou Open,Semifinals,Hard,Bublik A.,Wu Y.,19,196.0,1.3,3.5,1.36,3.45,1.33,3.55
2025-09-22,Hangzhou Open,Semifinals,Hard,Royer V.,Moutet C.,88,39.0,2.3,1.62,2.37,1.65,2.33,1.65
2025-09-22,Chengdu Open,Semifinals,Hard,Musetti L.,Shevchenko A.,9,96.0,1.14,5.5,1.19,5.48,1.18,6.0
2025-09-22,Chengdu Open,Semifinals,Hard,Tabilo A.,Nakashima B.,112,33.0,2.5,1.53,2.59,1.56,2.63,1.55
2025-09-23,Hangzhou Open,The Final,Hard,Bublik A.,Royer V.,19,88.0,1.25,4.0,1.28,4.15,1.26,4.1
2025-09-23,Chengdu Open,The Final,Hard,Tabilo A.,Musetti L.,112,9.0,4.33,1.22,3.89,1.3,4.33,1.3
2025-09-24,Japan Open Tennis Championships,1st Round,Hard,Fucsovics M.,Tiafoe F.,58,29.0,1.8,2.0,1.69,2.25,1.83,2.06
2025-09-24,Japan Open Tennis Championships,1st Round,Hard,Altmaier D.,Shapovalov D.,50,26.0,3.4,1.33,3.61,1.33,3.5,1.34
2025-09-24,Japan Open Tennis Championships,1st Round,Hard,Berrettini M.,Munar J.,56,40.0,2.3,1.62,2.26,1.71,2.33,1.64
2025-09-24,Japan Open Tennis Championships,1st Round,Hard,Borges N.,Watanuki Y.,51,147.0,1.57,2.38,1.68,2.31,1.62,2.4
2025-09-25,Japan Open Tennis Championships,1st Round,Hard,Ruud C.,Mochizuki S.,12,106.0,1.33,3.4,1.41,3.11,1.4,3.4
2025-09-25,Japan Open Tennis Championships,1st Round,Hard,Rune H.,Medjedovic H.,11,63.0,1.62,2.3,1.65,2.37,1.65,2.3
2025-09-25,Japan Open Tennis Championships,1st Round,Hard,Quinn E.,Michelsen A.,81,32.0,2.3,1.62,2.49,1.6,2.3,1.72
2025-09-25,Japan Open Tennis Championships,1st Round,Hard,Nakashima B.,Thompson J.,33,78.0,1.44,2.75,1.5,2.77,1.45,2.9
2025-09-25,Japan Open Tennis Championships,1st Round,Hard,Vukic A.,Dzumhur D.,95,66.0,1.53,2.5,1.55,2.6,1.53,2.75
2025-09-25,Japan Open Tennis Championships,1st Round,Hard,Fritz T.,Diallo G.,5,35.0,1.29,3.75,1.27,4.11,1.29,3.9
2025-09-25,Japan Open Tennis Championships,1st Round,Hard,Shimabukuro S.,Machac T.,273,22.0,3.5,1.3,3.64,1.33,4.0,1.3
2025-09-25,Japan Open Tennis Championships,1st Round,Hard,Korda S.,Giron M.,74,48.0,1.53,2.5,1.58,2.52,1.57,2.5
2025-09-25,Japan Open Tennis Championships,1st Round,Hard,Darderi L.,Nishioka Y.,30,157.0,1.62,2.3,1.71,2.25,1.67,2.3
2025-09-25,Japan Open Tennis Championships,1st Round,Hard,Brooksby J.,Humbert U.,86,24.0,2.5,1.53,2.18,1.76,2.5,1.64
2025-09-25,Japan Open Tennis Championships,1st Round,Hard,Alcaraz C.,Baez S.,1,41.0,1.02,19.0,,,1.02,23.0
2025-09-25,Japan Open Tennis Championships,1st Round,Hard,Bergs Z.,Tabilo A.,45,72.0,1.73,2.1,1.8,2.11,1.78,2.12
2025-09-25,China Open,1st Round,Hard,Sinner J.,Cilic M.,2,97.0,1.03,17.0,1.02,23.11,1.03,21.0
2025-09-25,China Open,1st Round,Hard,Marozsan F.,Bonzi B.,57,47.0,1.62,2.3,1.65,2.36,1.66,2.34
2025-09-25,China Open,1st Round,Hard,Davidovich Fokina A.,Ugo Carabelli C.,20,43.0,1.13,6.0,1.16,5.97,1.17,6.0
2025-09-25,China Open,1st Round,Hard,Muller A.,Khachanov K.,38,10.0,4.5,1.2,4.49,1.24,4.6,1.29
2025-09-25,China Open,1st Round,Hard,Atmane T.,Zhang Zh.,68,370.0,1.57,2.38,1.58,2.49,1.57,2.6
2025-09-26,China Open,1st Round,Hard,Cazaux A.,Shang J.,80,238.0,2.0,1.8,1.89,1.99,2.0,1.91
2025-09-26,China Open,1st Round,Hard,Tien L.,Cerundolo F.,52,21.0,2.2,1.67,2.12,1.79,2.2,1.85
2025-09-26,China Open,1st Round,Hard,Medvedev D.,Norrie C.,18,34.0,1.3,3.5,1.29,3.91,1.4,3.5
2025-09-26,China Open,1st Round,Hard,Mannarino A.,Bublik A.,60,16.0,3.0,1.4,3.18,1.4,3.0,1.5
2025-09-26,China Open,1st Round,Hard,Moutet C.,Griekspoor T.,37,31.0,1.73,2.1,1.79,2.12,1.73,2.25
2025-09-26,China Open,1st Round,Hard,Musetti L.,Mpetshi G.,9,36.0,1.33,3.4,1.36,3.42,1.36,3.75
2025-09-26,China Open,1st Round,Hard,Zverev A.,Sonego L.,3,44.0,1.25,4.0,1.27,4.12,1.27,5.25
2025-09-26,China Open,1st Round,Hard,Cobolli F.,Rublev A.,25,14.0,2.75,1.44,2.96,1.45,2.9,1.47
2025-09-26,China Open,1st Round,Hard,Mensik J.,Kecmanovic M.,19,46.0,1.5,2.63,1.51,2.73,1.5,2.75
2025-09-26,Japan Open Tennis Championships,2nd Round,Hard,Korda S.,Shimabukuro S.,74,273.0,1.33,3.4,1.37,3.34,1.34,3.4
2025-09-26,Japan Open Tennis Championships,2nd Round,Hard,Vukic A.,Altmaier D.,95,50.0,2.1,1.73,1.95,1.93,2.1,1.9
2025-09-26,Japan Open Tennis Championships,2nd Round,Hard,Fritz T.,Borges N.,5,51.0,1.14,5.5,1.2,5.19,1.19,5.5
2025-09-26,Japan Open Tennis Championships,2nd Round,Hard,Ruud C.,Berrettini M.,12,56.0,1.67,2.2,1.71,2.27,1.68,2.23
2025-09-26,China Open,1st Round,Hard,De Minaur A.,Bu Y.,8,89.0,1.2,4.5,1.22,4.85,1.22,4.75
2025-09-26,China Open,1st Round,Hard,Rinderknech A.,Goffin D.,54,87.0,1.67,2.2,,,1.73,2.2
2025-09-27,China Open,2nd Round,Hard,De Minaur A.,Rinderknech A.,8,54.0,1.07,9.0,1.11,8.03,1.12,9.0
2025-09-27,Japan Open Tennis Championships,2nd Round,Hard,Brooksby J.,Darderi L.,86,30.0,1.5,2.63,1.57,2.57,1.53,2.63
2025-09-27,Japan Open Tennis Championships,2nd Round,Hard,Nakashima B.,Fucsovics M.,33,58.0,1.73,2.1,1.8,2.14,1.78,2.1
2025-09-27,Japan Open Tennis Championships,2nd Round,Hard,Rune H.,Quinn E.,11,81.0,1.36,3.2,1.42,3.12,1.4,3.2
2025-09-27,Japan Open Tennis Championships,2nd Round,Hard,Alcaraz C.,Bergs Z.,1,45.0,1.04,13.0,,,1.06,13.0
2025-09-27,China Open,2nd Round,Hard,Sinner J.,Atmane T.,2,68.0,1.04,13.0,1.02,19.03,1.05,13.0
2025-09-27,China Open,2nd Round,Hard,Mensik J.,Cazaux A.,19,80.0,1.44,2.75,1.45,2.98,1.46,2.9
2025-09-27,China Open,2nd Round,Hard,Marozsan F.,Muller A.,57,38.0,1.57,2.38,1.64,2.42,1.62,2.38
2025-09-28,Japan Open Tennis Championships,Quarterfinals,Hard,Alcaraz C.,Nakashima B.,1,33.0,1.08,8.0,1.08,8.42,1.08,8.5
2025-09-28,Japan Open Tennis Championships,Quarterfinals,Hard,Ruud C.,Vukic A.,12,95.0,1.33,3.4,1.34,3.59,1.35,3.4
2025-09-28,Japan Open Tennis Championships,Quarterfinals,Hard,Brooksby J.,Rune H.,86,11.0,3.0,1.4,2.91,1.46,3.0,1.47
2025-09-28,Japan Open Tennis Championships,Quarterfinals,Hard,Fritz T.,Korda S.,5,74.0,1.33,3.4,1.39,3.3,1.35,3.4
2025-09-28,China Open,2nd Round,Hard,Tien L.,Cobolli F.,52,25.0,2.5,1.53,2.47,1.61,2.5,1.57
2025-09-28,China Open,2nd Round,Hard,Zverev A.,Moutet C.,3,37.0,1.17,5.0,1.21,5.15,1.21,5.0
2025-09-28,China Open,2nd Round,Hard,Medvedev D.,Davidovich Fokina A.,18,20.0,1.67,2.2,1.75,2.21,1.73,2.2
2025-09-28,China Open,2nd Round,Hard,Musetti L.,Mannarino A.,9,60.0,1.44,2.75,1.53,2.7,1.5,2.8
2025-09-29,Japan Open Tennis Championships,Semifinals,Hard,Fritz T.,Brooksby J.,5,86.0,1.25,4.0,1.32,3.65,1.3,4.0
2025-09-29,Japan Open Tennis Championships,Semifinals,Hard,Alcaraz C.,Ruud C.,1,12.0,1.11,6.5,1.13,7.27,1.12,7.0
2025-09-29,China Open,Quarterfinals,Hard,Sinner J.,Marozsan F.,2,57.0,1.04,13.0,,,1.05,14.0
2025-09-29,China Open,Quarterfinals,Hard,Tien L.,Musetti L.,52,9.0,3.2,1.36,3.26,1.39,3.3,1.4
2025-09-29,China Open,Quarterfinals,Hard,Medvedev D.,Zverev A.,18,3.0,1.8,2.0,1.86,2.03,1.91,2.12
2025-09-29,China Open,Quarterfinals,Hard,De Minaur A.,Mensik J.,8,19.0,1.4,3.0,1.47,2.9,1.45,3.0
2025-09-30,China Open,Semifinals,Hard,Sinner J.,De Minaur A.,2,8.0,1.11,6.5,1.16,6.18,1.14,6.5
2025-09-30,China Open,Semifinals,Hard,Tien L.,Medvedev D.,52,18.0,3.5,1.3,3.52,1.34,4.0,1.32
2025-09-30,Japan Open Tennis Championships,The Final,Hard,Alcaraz C.,Fritz T.,1,5.0,1.25,4.0,1.23,4.59,1.29,4.1
2025-10-01,Shanghai Masters,1st Round,Hard,Nishioka Y.,Shevchenko A.,173,89.0,1.67,2.2,1.72,2.23,1.73,2.2
2025-10-01,Shanghai Masters,1st Round,Hard,Marozsan F.,Wawrinka S.,52,131.0,1.4,3.0,1.43,3.01,1.42,3.0
2025-10-01,Shanghai Masters,1st Round,Hard,Hanfmann Y.,Sonego L.,150,46.0,2.3,1.62,2.38,1.64,2.34,1.67
2025-10-01,Shanghai Masters,1st Round,Hard,Baez S.,Zhang Zh.,42,368.0,2.0,1.8,2.22,1.72,2.1,1.84
2025-10-01,Shanghai Masters,1st Round,Hard,Bergs Z.,Korda S.,44,63.0,3.0,1.4,2.88,1.47,3.0,1.42
2025-10-01,Shanghai Masters,1st Round,Hard,Vacherot V.,Djere L.,204,82.0,1.53,2.5,1.55,2.61,1.53,2.6
2025-10-01,Shanghai Masters,1st Round,Hard,Cilic M.,Basilashvili N.,94,100.0,2.0,1.8,2.01,1.86,2.05,1.81
2025-10-01,China Open,The Final,Hard,Sinner J.,Tien L.,2,52.0,1.03,15.0,,,1.05,15.0
2025-10-01,Shanghai Masters,1st Round,Hard,Altmaier D.,Schoolkate T.,49,96.0,2.0,1.8,1.97,1.9,2.0,1.84
2025-10-01,Shanghai Masters,1st Round,Hard,Thompson J.,Holmgren A.,85,178.0,1.4,3.0,1.41,3.1,1.45,3.0
2025-10-01,Shanghai Masters,1st Round,Hard,Goffin D.,Muller A.,83,39.0,2.0,1.8,1.95,1.93,2.0,1.85
2025-10-01,Shanghai Masters,1st Round,Hard,Munar J.,Fucsovics M.,41,53.0,2.1,1.73,2.04,1.85,2.1,1.79
2025-10-01,Shanghai Masters,1st Round,Hard,Nardi L.,Ofner S.,88,138.0,1.67,2.2,1.66,2.34,1.67,2.3
2025-10-01,Shanghai Masters,1st Round,Hard,Bellucci M.,Walton A.,69,77.0,1.8,2.0,1.89,2.0,1.8,2.04
2025-10-01,Shanghai Masters,1st Round,Hard,Mannarino A.,Berrettini M.,60,59.0,2.2,1.67,2.32,1.67,2.25,1.7
2025-10-02,Shanghai Masters,1st Round,Hard,Tabilo A.,Giron M.,74,50.0,1.73,2.1,1.83,2.07,1.79,2.1
2025-10-02,Shanghai Masters,1st Round,Hard,Royer V.,Navone M.,76,86.0,1.4,3.0,1.45,2.96,1.45,3.0
2025-10-02,Shanghai Masters,1st Round,Hard,Halys Q.,McDonald M.,75,99.0,2.5,1.53,2.49,1.6,2.5,1.57
2025-10-02,Shanghai Masters,1st Round,Hard,Cazaux A.,Martinez P.,70,73.0,1.17,5.0,1.22,4.84,1.2,5.0
2025-10-02,Shanghai Masters,1st Round,Hard,Rinderknech A.,Medjedovic H.,54,65.0,2.1,1.73,2.34,1.66,2.28,1.73
2025-10-02,Shanghai Masters,1st Round,Hard,Arnaldi M.,Sakamoto R.,71,188.0,1.57,2.38,1.63,2.4,1.6,2.5
2025-10-02,Shanghai Masters,1st Round,Hard,Shang J.,Kovacevic A.,237,68.0,1.44,2.75,1.45,2.96,1.47,2.88
2025-10-02,Shanghai Masters,1st Round,Hard,De Jong J.,Zhou Y.,81,308.0,1.44,2.75,1.52,2.69,1.5,2.75
2025-10-02,Shanghai Masters,1st Round,Hard,Bu Y.,Cerundolo J.M.,121,87.0,1.53,2.5,1.55,2.61,1.56,2.63
2025-10-02,Shanghai Masters,1st Round,Hard,Bonzi B.,Opelka R.,48,64.0,2.0,1.8,2.07,1.83,2.05,1.81
2025-10-02,Shanghai Masters,1st Round,Hard,O Connell C.,Dzumhur D.,109,67.0,1.62,2.3,1.67,2.32,1.73,2.3
2025-10-02,Shanghai Masters,1st Round,Hard,Brooksby J.,Trotter J.K.,57,213.0,1.29,3.75,1.33,3.59,1.3,3.75
2025-10-02,Shanghai Masters,1st Round,Hard,Comesana F.,Blanchet U.,62,151.0,1.8,2.0,1.79,2.12,1.8,2.05
2025-10-02,Shanghai Masters,1st Round,Hard,Borges N.,Van De Zandschulp B.,51,84.0,1.8,2.0,1.9,1.99,2.0,2.0
2025-10-02,Shanghai Masters,1st Round,Hard,Svrcina D.,Wu Y.,91,159.0,2.38,1.57,2.38,1.64,2.45,1.62
2025-10-02,Shanghai Masters,1st Round,Hard,Ugo Carabelli C.,Atmane T.,45,61.0,4.5,1.2,4.13,1.27,4.5,1.24
2025-10-02,Shanghai Masters,1st Round,Hard,Majchrzak K.,Quinn E.,66,72.0,2.2,1.67,2.19,1.75,2.2,1.73
2025-10-03,Shanghai Masters,2nd Round,Hard,Fritz T.,Marozsan F.,4,52.0,1.25,4.0,1.31,3.74,1.3,4.33
2025-10-03,Shanghai Masters,2nd Round,Hard,Bergs Z.,Ruud C.,44,12.0,3.5,1.3,3.38,1.36,3.5,1.35
2025-10-03,Shanghai Masters,2nd Round,Hard,Vacherot V.,Bublik A.,204,17.0,3.75,1.29,3.4,1.36,3.75,1.32
2025-10-03,Shanghai Masters,2nd Round,Hard,Munar J.,Cobolli F.,41,22.0,2.1,1.73,2.17,1.76,2.11,1.8
2025-10-03,Shanghai Masters,2nd Round,Hard,Griekspoor T.,Brooksby J.,31,57.0,2.75,1.44,2.6,1.55,2.75,1.5
2025-10-03,Shanghai Masters,2nd Round,Hard,Djokovic N.,Cilic M.,5,94.0,1.08,8.0,1.11,8.0,1.1,8.0
2025-10-03,Shanghai Masters,2nd Round,Hard,Mpetshi G.,Nardi L.,37,88.0,1.53,2.5,1.54,2.64,1.54,2.54
2025-10-03,Shanghai Masters,2nd Round,Hard,Machac T.,Bellucci M.,23,69.0,1.5,2.63,1.54,2.63,1.53,2.63
2025-10-03,Shanghai Masters,2nd Round,Hard,Humbert U.,Thompson J.,26,85.0,1.57,2.38,1.72,2.22,1.6,2.6
2025-10-03,Shanghai Masters,2nd Round,Hard,Rune H.,Baez S.,11,42.0,1.17,5.0,1.2,5.06,1.22,5.0
2025-10-03,Shanghai Masters,2nd Round,Hard,Cerundolo F.,Mannarino A.,21,60.0,1.91,1.91,1.99,1.9,1.95,2.1
2025-10-03,Shanghai Masters,2nd Round,Hard,Hanfmann Y.,Tiafoe F.,150,28.0,2.5,1.53,2.37,1.65,2.63,1.58
2025-10-03,Shanghai Masters,2nd Round,Hard,Diallo G.,Bonzi B.,35,48.0,1.5,2.63,1.57,2.52,1.54,2.63
2025-10-03,Shanghai Masters,2nd Round,Hard,Goffin D.,Shelton B.,83,6.0,3.75,1.29,3.1,1.41,3.75,1.34
2025-10-03,Shanghai Masters,1st Round,Hard,Tien L.,Kecmanovic M.,36,47.0,1.91,1.91,1.89,2.0,1.92,1.95
2025-10-04,Shanghai Masters,2nd Round,Hard,Shang J.,Khachanov K.,237,10.0,2.38,1.57,2.63,1.54,2.5,1.58
2025-10-04,Shanghai Masters,2nd Round,Hard,Borges N.,Vukic A.,51,79.0,1.44,2.75,1.47,2.84,1.47,2.88
2025-10-04,Shanghai Masters,2nd Round,Hard,Sinner J.,Altmaier D.,2,49.0,1.03,17.0,1.04,13.94,1.03,17.0
2025-10-04,Shanghai Masters,2nd Round,Hard,Medvedev D.,Svrcina D.,18,91.0,1.22,4.33,1.27,4.12,1.25,4.33
2025-10-04,Shanghai Masters,2nd Round,Hard,Norrie C.,Cazaux A.,33,70.0,1.91,1.91,1.84,2.06,1.98,1.91
2025-10-04,Shanghai Masters,2nd Round,Hard,Darderi L.,Bu Y.,29,121.0,2.1,1.73,2.14,1.78,2.1,1.76
2025-10-04,Shanghai Masters,2nd Round,Hard,Davidovich Fokina A.,Arnaldi M.,20,71.0,1.4,3.0,1.48,2.82,1.44,3.0
2025-10-04,Shanghai Masters,2nd Round,Hard,Tien L.,Moutet C.,36,38.0,1.91,1.91,2.22,1.71,2.15,1.91
2025-10-04,Shanghai Masters,2nd Round,Hard,Musetti L.,Comesana F.,9,62.0,1.25,4.0,1.34,3.55,1.33,4.0
2025-10-04,Shanghai Masters,2nd Round,Hard,Zverev A.,Royer V.,3,76.0,1.25,4.0,1.28,3.99,1.3,4.0
2025-10-04,Shanghai Masters,2nd Round,Hard,De Jong J.,Mensik J.,81,16.0,2.75,1.44,2.81,1.49,2.75,1.45
2025-10-04,Shanghai Masters,2nd Round,Hard,Shapovalov D.,O Connell C.,24,109.0,1.4,3.0,1.44,2.97,1.42,3.0
2025-10-04,Shanghai Masters,2nd Round,Hard,Rinderknech A.,Michelsen A.,54,34.0,2.0,1.8,1.86,2.03,2.0,1.87
2025-10-04,Shanghai Masters,2nd Round,Hard,Nishioka Y.,Rublev A.,173,14.0,3.75,1.29,3.93,1.29,3.8,1.29
2025-10-04,Shanghai Masters,2nd Round,Hard,Auger-Aliassime F.,Tabilo A.,13,74.0,1.53,2.5,1.63,2.4,1.57,2.5
2025-10-04,Shanghai Masters,2nd Round,Hard,Lehecka J.,Halys Q.,19,75.0,1.2,4.5,1.23,4.68,1.23,4.5
2025-10-04,Shanghai Masters,2nd Round,Hard,De Minaur A.,Ugo Carabelli C.,7,45.0,1.03,15.0,1.05,13.76,1.05,15.0
2025-10-04,Shanghai Masters,2nd Round,Hard,Majchrzak K.,Nakashima B.,66,32.0,2.63,1.5,2.68,1.53,2.65,1.5
2025-10-05,Shanghai Masters,3rd Round,Hard,Griekspoor T.,Sinner J.,31,2.0,19.0,1.02,0.0,0.0,19.0,1.03
2025-10-05,Shanghai Masters,3rd Round,Hard,Djokovic N.,Hanfmann Y.,5,150.0,1.08,8.0,1.11,8.0,1.1,8.0
2025-10-05,Shanghai Masters,3rd Round,Hard,Munar J.,Nishioka Y.,41,173.0,1.5,2.63,1.49,2.83,1.62,2.7
2025-10-05,Shanghai Masters,3rd Round,Hard,Vacherot V.,Machac T.,204,23.0,3.2,1.36,3.3,1.39,3.25,1.36
2025-10-05,Shanghai Masters,3rd Round,Hard,Bergs Z.,Cerundolo F.,44,21.0,2.3,1.62,2.39,1.65,2.31,1.65
2025-10-05,Shanghai Masters,3rd Round,Hard,Rune H.,Humbert U.,11,26.0,1.5,2.63,1.54,2.66,1.54,2.63
2025-10-05,Shanghai Masters,3rd Round,Hard,Diallo G.,Goffin D.,35,83.0,1.53,2.5,1.56,2.59,1.53,2.65
2025-10-05,Shanghai Masters,3rd Round,Hard,Mpetshi G.,Fritz T.,37,4.0,4.5,1.2,4.04,1.29,4.5,1.25
2025-10-06,Shanghai Masters,3rd Round,Hard,Medvedev D.,Davidovich Fokina A.,18,20.0,1.44,2.75,1.54,2.66,1.5,2.75
2025-10-06,Shanghai Masters,3rd Round,Hard,Tien L.,Norrie C.,36,33.0,1.73,2.1,1.76,2.2,1.8,2.17
2025-10-06,Shanghai Masters,3rd Round,Hard,Rinderknech A.,Zverev A.,54,3.0,3.5,1.3,3.5,1.35,3.6,1.33
2025-10-06,Shanghai Masters,3rd Round,Hard,Musetti L.,Darderi L.,9,29.0,1.22,4.33,1.25,4.5,1.33,4.33
2025-10-06,Shanghai Masters,3rd Round,Hard,Borges N.,Shang J.,51,237.0,2.2,1.67,2.26,1.71,2.2,1.72
2025-10-06,Shanghai Masters,3rd Round,Hard,Auger-Aliassime F.,De Jong J.,13,81.0,1.22,4.33,1.24,4.53,1.24,4.33
2025-10-06,Shanghai Masters,3rd Round,Hard,De Minaur A.,Majchrzak K.,7,66.0,1.14,5.5,1.15,6.45,1.14,6.4
2025-10-06,Shanghai Masters,3rd Round,Hard,Lehecka J.,Shapovalov D.,19,24.0,1.53,2.5,1.55,2.63,1.56,2.5
2025-10-07,Shanghai Masters,4th Round,Hard,Bergs Z.,Diallo G.,44,35.0,2.63,1.5,2.57,1.57,2.63,1.55
2025-10-07,Shanghai Masters,4th Round,Hard,Rune H.,Mpetshi G.,11,37.0,1.5,2.63,1.56,2.61,1.55,2.75
2025-10-07,Shanghai Masters,4th Round,Hard,Djokovic N.,Munar J.,5,41.0,1.17,5.0,1.23,4.42,1.21,5.0
2025-10-07,Shanghai Masters,4th Round,Hard,Vacherot V.,Griekspoor T.,204,31.0,2.3,1.62,2.43,1.63,2.38,1.62
2025-10-08,Shanghai Masters,4th Round,Hard,Medvedev D.,Tien L.,18,36.0,1.33,3.4,1.37,3.39,1.36,3.4
2025-10-08,Shanghai Masters,4th Round,Hard,Auger-Aliassime F.,Musetti L.,13,9.0,1.91,1.91,1.96,1.94,2.0,1.91
2025-10-08,Shanghai Masters,4th Round,Hard,Rinderknech A.,Lehecka J.,54,19.0,3.4,1.33,3.64,1.33,3.4,1.36
2025-10-08,Shanghai Masters,4th Round,Hard,De Minaur A.,Borges N.,7,51.0,1.13,6.0,1.14,6.72,1.15,6.0
2025-10-09,Shanghai Masters,Quarterfinals,Hard,Vacherot V.,Rune H.,204,11.0,4.0,1.25,3.89,1.3,4.0,1.29
2025-10-09,Shanghai Masters,Quarterfinals,Hard,Djokovic N.,Bergs Z.,5,44.0,1.33,3.4,1.29,3.97,1.35,3.7
2025-10-10,Shanghai Masters,Quarterfinals,Hard,Rinderknech A.,Auger-Aliassime F.,54,13.0,3.5,1.3,3.6,1.34,3.75,1.33
2025-10-10,Shanghai Masters,Quarterfinals,Hard,Medvedev D.,De Minaur A.,18,7.0,2.63,1.5,2.6,1.56,2.65,1.57
2025-10-11,Shanghai Masters,Semifinals,Hard,Vacherot V.,Djokovic N.,204,5.0,6.5,1.11,6.68,1.14,6.5,1.15
2025-10-11,Shanghai Masters,Semifinals,Hard,Rinderknech A.,Medvedev D.,54,18.0,3.2,1.36,3.26,1.38,3.25,1.4
2025-10-12,Shanghai Masters,The Final,Hard,Vacherot V.,Rinderknech A.,204,54.0,2.3,1.62,2.28,1.69,2.38,1.68
2025-10-13,Nordic Open,1st Round,Hard,Fearnley J.,Griekspoor T.,81,27.0,2.75,1.44,2.74,1.51,2.75,1.45
2025-10-13,Nordic Open,1st Round,Hard,Korda S.,Popyrin A.,60,48.0,1.44,2.75,1.52,2.71,1.5,2.75
2025-10-13,Nordic Open,1st Round,Hard,Borg L.,Ofner S.,622,140.0,4.33,1.22,5.01,1.21,4.5,1.22
2025-10-13,European Open,1st Round,Hard,Bonzi B.,Opelka R.,53,62.0,1.67,2.2,1.81,2.11,1.73,2.2
2025-10-13,European Open,1st Round,Hard,Giron M.,Bellucci M.,54,71.0,1.67,2.2,1.76,2.17,1.7,2.23
2025-10-13,Nordic Open,1st Round,Hard,Kecmanovic M.,Muller A.,49,43.0,1.53,2.5,1.56,2.57,1.56,2.5
2025-10-13,Almaty Open,1st Round,Hard,Duckworth J.,Blanchet U.,138,150.0,2.1,1.73,2.18,1.74,2.15,1.85
2025-10-13,Almaty Open,1st Round,Hard,Diallo G.,Omarkhanov A.,35,1137.0,1.01,23.0,,,1.03,29.0
2025-10-13,Almaty Open,1st Round,Hard,Moutet C.,Tomic B.,41,181.0,1.25,4.0,1.28,4.03,1.26,4.0
2025-10-13,Almaty Open,1st Round,Hard,Marozsan F.,Nardi L.,52,83.0,1.4,3.0,1.46,2.9,1.41,3.0
2025-10-14,Nordic Open,1st Round,Hard,Etcheverry T.,Lajal M.,63,149.0,2.1,1.73,2.1,1.79,2.24,1.75
2025-10-14,Nordic Open,1st Round,Hard,Majchrzak K.,Misolic F.,75,95.0,1.4,3.0,1.39,3.17,1.41,3.5
2025-10-14,Nordic Open,1st Round,Hard,Cilic M.,Budkov Kjaer N.,92,136.0,1.91,1.91,1.91,1.98,1.95,1.91
2025-10-14,Nordic Open,1st Round,Hard,Ymer E.,Ymer M.,243,617.0,2.2,1.67,2.26,1.71,2.2,1.76
2025-10-14,Nordic Open,1st Round,Hard,Berrettini M.,Zeppieri G.,61,160.0,1.44,2.75,1.5,2.76,1.55,2.75
2025-10-14,Almaty Open,1st Round,Hard,Vukic A.,Topo M.,84,277.0,1.44,2.75,1.5,2.77,1.45,2.8
2025-10-14,European Open,1st Round,Hard,Collignon R.,Bergs Z.,90,39.0,2.2,1.67,2.06,1.84,2.3,1.72
2025-10-14,European Open,1st Round,Hard,Comesana F.,Goffin D.,68,105.0,2.3,1.62,2.35,1.66,2.38,1.7
2025-10-14,European Open,1st Round,Hard,Royer V.,Baez S.,70,44.0,1.3,3.5,1.42,3.03,1.35,3.5
2025-10-14,European Open,1st Round,Hard,Mpetshi G.,Ruusuvuori E.,37,608.0,1.44,2.75,1.55,2.62,1.46,3.0
2025-10-14,European Open,1st Round,Hard,Spizzirri E.,Martinez P.,111,89.0,1.33,3.4,1.36,3.37,1.33,3.5
2025-10-14,European Open,1st Round,Hard,Bailly G.A.,Altmaier D.,247,51.0,2.75,1.44,2.89,1.45,3.0,1.45
2025-10-14,European Open,1st Round,Hard,Van De Zandschulp B.,Fonseca J.,86,45.0,2.75,1.44,2.69,1.52,2.75,1.5
2025-10-14,Almaty Open,1st Round,Hard,Hijikata R.,Skatov T.,114,236.0,1.44,2.75,,,1.5,2.75
2025-10-14,Almaty Open,1st Round,Hard,Nakashima B.,Medjedovic H.,34,64.0,1.8,2.0,1.81,2.09,1.83,2.02
2025-10-14,Almaty Open,1st Round,Hard,Shevchenko A.,Djere L.,91,79.0,1.62,2.3,1.68,2.3,1.64,2.43
2025-10-14,Almaty Open,1st Round,Hard,Walton A.,Schoolkate T.,76,96.0,1.8,2.0,1.88,2.01,1.83,2.0
2025-10-15,Nordic Open,1st Round,Hard,Fucsovics M.,De Jong J.,55,82.0,1.62,2.3,1.63,2.42,1.62,2.4
2025-10-15,Almaty Open,1st Round,Hard,Mochizuki S.,Cazaux A.,102,58.0,3.75,1.29,3.61,1.33,3.75,1.34
2025-10-15,Almaty Open,1st Round,Hard,Struff J.L.,McDonald M.,98,99.0,1.62,2.3,1.65,2.37,1.65,2.3
2025-10-15,Almaty Open,1st Round,Hard,Michelsen A.,Zhukayev B.,36,237.0,1.44,2.75,1.49,2.79,1.45,2.8
2025-10-15,Almaty Open,2nd Round,Hard,Duckworth J.,Diallo G.,138,35.0,4.5,1.2,4.79,1.22,5.0,1.25
2025-10-15,Almaty Open,2nd Round,Hard,Cobolli F.,Hijikata R.,22,114.0,1.44,2.75,1.44,2.97,1.47,2.9
2025-10-15,European Open,2nd Round,Hard,Davidovich Fokina A.,Giron M.,20,54.0,1.53,2.5,1.71,2.26,1.6,2.54
2025-10-15,European Open,2nd Round,Hard,Collignon R.,Comesana F.,90,68.0,1.44,2.75,,,1.46,2.8
2025-10-15,European Open,2nd Round,Hard,Lehecka J.,Bailly G.A.,17,247.0,1.17,5.0,1.14,6.36,1.18,5.75
2025-10-15,European Open,2nd Round,Hard,Bonzi B.,Royer V.,53,70.0,1.8,2.0,1.94,1.93,1.96,2.05
2025-10-15,European Open,1st Round,Hard,Hanfmann Y.,Arnaldi M.,139,74.0,1.73,2.1,1.76,2.17,1.75,2.12
2025-10-15,European Open,1st Round,Hard,Dzumhur D.,Cina F.,67,226.0,1.57,2.38,1.6,2.47,1.58,2.5
2025-10-15,European Open,1st Round,Hard,Basilashvili N.,Halys Q.,101,77.0,2.0,1.8,2.2,1.74,2.1,1.8
2025-10-15,Almaty Open,2nd Round,Hard,Moutet C.,Shevchenko A.,41,91.0,1.4,3.0,1.46,2.89,1.44,3.0
2025-10-15,Almaty Open,2nd Round,Hard,Marozsan F.,Nakashima B.,52,34.0,2.5,1.53,2.44,1.6,2.6,1.55
2025-10-15,Nordic Open,2nd Round,Hard,Ruud C.,Cilic M.,12,92.0,1.57,2.38,1.54,2.59,1.67,2.55
2025-10-15,Nordic Open,1st Round,Hard,Kovacevic A.,Ugo Carabelli C.,69,50.0,1.36,3.2,1.36,3.43,1.38,3.2
2025-10-15,Nordic Open,1st Round,Hard,Sonego L.,Fery A.,47,221.0,1.57,2.38,1.69,2.28,1.7,2.4
2025-10-15,Nordic Open,2nd Round,Hard,Korda S.,Majchrzak K.,60,75.0,1.5,2.63,1.57,2.52,1.57,2.63
2025-10-15,Nordic Open,2nd Round,Hard,Shapovalov D.,Borg L.,23,622.0,1.07,9.0,1.07,11.36,1.07,9.5
2025-10-16,Nordic Open,2nd Round,Hard,Ymer E.,Fearnley J.,243,81.0,4.5,1.2,5.03,1.2,4.75,1.21
2025-10-16,Nordic Open,2nd Round,Hard,Rune H.,Fucsovics M.,11,55.0,1.44,2.75,1.5,2.76,1.48,2.75
2025-10-16,Nordic Open,2nd Round,Hard,Humbert U.,Berrettini M.,25,61.0,1.91,1.91,1.99,1.9,2.0,1.92
2025-10-16,Nordic Open,2nd Round,Hard,Etcheverry T.,Kecmanovic M.,63,49.0,2.38,1.57,2.47,1.6,2.5,1.58
2025-10-16,Nordic Open,2nd Round,Hard,Sonego L.,Kovacevic A.,47,69.0,1.44,2.75,1.51,2.73,1.5,2.8
2025-10-16,Almaty Open,2nd Round,Hard,Medvedev D.,Walton A.,14,76.0,1.14,5.5,1.16,6.13,1.15,6.0
2025-10-16,European Open,2nd Round,Hard,Mpetshi G.,Basilashvili N.,37,101.0,1.53,2.5,1.62,2.42,1.56,2.5
2025-10-16,Almaty Open,2nd Round,Hard,Michelsen A.,Vukic A.,36,84.0,1.44,2.75,1.61,2.45,1.5,2.9
2025-10-16,Almaty Open,2nd Round,Hard,Struff J.L.,Khachanov K.,98,10.0,2.75,1.44,2.89,1.47,3.1,1.46
2025-10-16,European Open,2nd Round,Hard,Auger-Aliassime F.,Dzumhur D.,13,67.0,1.13,6.0,1.14,6.36,1.14,6.5
2025-10-16,European Open,2nd Round,Hard,Musetti L.,Hanfmann Y.,8,139.0,1.4,3.0,1.38,3.26,1.44,3.1
2025-10-16,European Open,2nd Round,Hard,Spizzirri E.,Van De Zandschulp B.,111,86.0,2.63,1.5,2.78,1.49,2.65,1.5
2025-10-16,Almaty Open,2nd Round,Hard,Mochizuki S.,Darderi L.,102,26.0,2.3,1.62,2.28,1.68,2.32,1.62
2025-10-17,European Open,Quarterfinals,Hard,Mpetshi G.,Musetti L.,37,8.0,2.63,1.5,2.51,1.6,2.65,1.5
2025-10-17,European Open,Quarterfinals,Hard,Auger-Aliassime F.,Spizzirri E.,13,111.0,1.29,3.75,1.3,3.96,1.29,4.0
2025-10-17,European Open,Quarterfinals,Hard,Collignon R.,Davidovich Fokina A.,90,20.0,2.75,1.44,2.77,1.51,2.75,1.48
2025-10-17,Nordic Open,Quarterfinals,Hard,Rune H.,Etcheverry T.,11,63.0,1.25,4.0,1.29,3.93,1.27,4.0
2025-10-17,Nordic Open,Quarterfinals,Hard,Humbert U.,Sonego L.,25,47.0,1.5,2.63,1.57,2.55,1.53,2.65
2025-10-17,Nordic Open,Quarterfinals,Hard,Shapovalov D.,Ymer E.,23,243.0,1.3,3.5,1.26,4.29,1.3,4.33
2025-10-17,Almaty Open,Quarterfinals,Hard,Moutet C.,Struff J.L.,41,98.0,1.73,2.1,1.74,2.23,1.73,2.2
2025-10-17,Almaty Open,Quarterfinals,Hard,Michelsen A.,Mochizuki S.,36,102.0,1.44,2.75,1.52,2.74,1.52,2.9
2025-10-17,Nordic Open,Quarterfinals,Hard,Ruud C.,Korda S.,12,60.0,1.67,2.2,1.69,2.3,1.73,2.25
2025-10-17,Almaty Open,Quarterfinals,Hard,Duckworth J.,Cobolli F.,138,22.0,3.0,1.4,3.09,1.43,3.0,1.45
2025-10-17,European Open,Quarterfinals,Hard,Lehecka J.,Bonzi B.,17,53.0,1.29,3.75,1.32,3.72,1.33,3.75
2025-10-17,Almaty Open,Quarterfinals,Hard,Medvedev D.,Marozsan F.,14,52.0,1.4,3.0,1.43,3.07,1.45,3.0
2025-10-18,Almaty Open,Semifinals,Hard,Medvedev D.,Duckworth J.,14,138.0,1.14,5.5,1.19,5.35,1.21,5.5
2025-10-18,Almaty Open,Semifinals,Hard,Moutet C.,Michelsen A.,41,36.0,1.8,2.0,1.83,2.07,1.95,2.02
2025-10-18,European Open,Semifinals,Hard,Auger-Aliassime F.,Collignon R.,13,90.0,1.4,3.0,1.39,3.26,1.4,3.1
2025-10-18,European Open,Semifinals,Hard,Lehecka J.,Mpetshi G.,17,37.0,1.57,2.38,,,1.6,2.43
2025-10-18,Nordic Open,Semifinals,Hard,Ruud C.,Shapovalov D.,12,23.0,1.5,2.63,1.58,2.55,1.53,2.63
2025-10-18,Nordic Open,Semifinals,Hard,Humbert U.,Rune H.,25,11.0,1.91,1.91,2.01,1.88,1.95,2.0
2025-10-19,Nordic Open,The Final,Hard,Ruud C.,Humbert U.,12,25.0,1.57,2.38,1.59,2.52,1.6,2.4
2025-10-19,European Open,The Final,Hard,Auger-Aliassime F.,Lehecka J.,13,17.0,1.91,1.91,1.95,1.95,1.91,2.0
2025-10-19,Almaty Open,The Final,Hard,Medvedev D.,Moutet C.,14,41.0,1.36,3.2,,,1.4,3.25
2025-10-20,Vienna Open,1st Round,Hard,De Minaur A.,Rodionov J.,7,154.0,1.06,10.0,1.07,11.58,1.06,10.0
2025-10-20,Vienna Open,1st Round,Hard,Arnaldi M.,Kovacevic A.,72,65.0,1.53,2.5,1.59,2.47,1.58,2.5
2025-10-20,Vienna Open,1st Round,Hard,Griekspoor T.,Khachanov K.,28,13.0,2.5,1.53,2.56,1.56,2.6,1.53
2025-10-20,Swiss Indoors,1st Round,Hard,Brooksby J.,Muller A.,55,44.0,1.36,3.2,1.41,3.14,1.4,3.2
2025-10-20,Vienna Open,1st Round,Hard,Nakashima B.,Darderi L.,32,26.0,1.3,3.5,1.36,3.38,1.34,3.5
2025-10-20,Vienna Open,1st Round,Hard,Bublik A.,Tabilo A.,16,75.0,1.44,2.75,1.45,2.94,1.44,2.9
2025-10-20,Swiss Indoors,1st Round,Hard,Davidovich Fokina A.,Sonego L.,18,45.0,1.53,2.5,1.61,2.46,1.6,2.5
2025-10-20,Swiss Indoors,1st Round,Hard,Munar J.,Bertola R.,42,268.0,1.36,3.2,1.44,3.0,1.4,3.2
2025-10-20,Swiss Indoors,1st Round,Hard,Mensik J.,Bernet H.,19,481.0,1.14,5.5,1.16,5.87,1.17,6.0
2025-10-21,Vienna Open,1st Round,Hard,Misolic F.,Ugo Carabelli C.,95,50.0,1.4,3.0,1.42,3.06,1.42,3.0
2025-10-21,Vienna Open,1st Round,Hard,Norrie C.,Rublev A.,35,15.0,2.75,1.44,2.68,1.53,2.75,1.5
2025-10-21,Vienna Open,1st Round,Hard,Etcheverry T.,Budkov Kjaer N.,60,137.0,1.67,2.2,1.75,2.18,1.73,2.2
2025-10-21,Vienna Open,1st Round,Hard,Cerundolo F.,Michelsen A.,21,34.0,2.0,1.8,1.93,1.95,2.0,1.91
2025-10-21,Vienna Open,1st Round,Hard,Musetti L.,Medjedovic H.,8,67.0,1.4,3.0,,,1.4,3.1
2025-10-21,Vienna Open,1st Round,Hard,Zverev A.,Fearnley J.,3,81.0,1.29,3.75,1.31,3.73,1.29,3.8
2025-10-21,Swiss Indoors,1st Round,Hard,Opelka R.,Baez S.,62,43.0,1.33,3.4,1.38,3.22,1.38,3.5
2025-10-21,Swiss Indoors,1st Round,Hard,Wawrinka S.,Kecmanovic M.,158,52.0,2.5,1.53,2.57,1.56,2.63,1.55
2025-10-21,Swiss Indoors,1st Round,Hard,Shelton B.,Majchrzak K.,6,70.0,1.5,2.63,1.55,2.61,1.52,2.63
2025-10-21,Swiss Indoors,1st Round,Hard,Shapovalov D.,Giron M.,23,57.0,1.67,2.2,1.81,2.09,1.73,2.2
2025-10-21,Swiss Indoors,1st Round,Hard,Fonseca J.,Mpetshi G.,46,33.0,2.1,1.73,2.06,1.84,2.11,1.79
2025-10-21,Swiss Indoors,1st Round,Hard,Royer V.,Collignon R.,69,73.0,1.91,1.91,,,2.06,2.0
2025-10-21,Swiss Indoors,1st Round,Hard,Cilic M.,Goffin D.,89,104.0,1.44,2.75,,,1.47,2.8
2025-10-22,Vienna Open,2nd Round,Hard,De Minaur A.,Misolic F.,7,95.0,1.06,10.0,1.07,12.43,1.07,10.0
2025-10-22,Vienna Open,1st Round,Hard,Cobolli F.,Machac T.,22,31.0,2.3,1.62,2.47,1.6,2.45,1.62
2025-10-22,Vienna Open,1st Round,Hard,Medvedev D.,Borges N.,14,47.0,1.2,4.5,1.23,4.57,1.24,4.5
2025-10-22,Vienna Open,1st Round,Hard,Sinner J.,Altmaier D.,2,51.0,1.02,21.0,1.02,23.06,1.03,21.0
2025-10-22,Vienna Open,2nd Round,Hard,Griekspoor T.,Nakashima B.,28,32.0,1.91,1.91,2.0,1.91,1.95,1.91
2025-10-22,Vienna Open,1st Round,Hard,Moutet C.,Dzumhur D.,36,63.0,1.53,2.5,1.6,2.49,1.57,2.5
2025-10-22,Vienna Open,1st Round,Hard,Berrettini M.,Popyrin A.,59,48.0,1.67,2.2,1.72,2.24,1.71,2.21
2025-10-22,Swiss Indoors,1st Round,Hard,Auger-Aliassime F.,Diallo G.,12,41.0,1.36,3.2,1.4,3.17,1.41,3.2
2025-10-22,Swiss Indoors,1st Round,Hard,Ruud C.,Halys Q.,11,78.0,1.2,4.5,1.24,4.54,1.25,4.5
2025-10-22,Swiss Indoors,1st Round,Hard,Van De Zandschulp B.,Lehecka J.,82,17.0,3.5,1.3,3.55,1.34,3.5,1.32
2025-10-22,Swiss Indoors,1st Round,Hard,Humbert U.,Korda S.,24,56.0,2.1,1.73,2.19,1.75,2.15,1.75
2025-10-22,Swiss Indoors,1st Round,Hard,Fritz T.,Vacherot V.,4,39.0,1.22,4.33,1.24,4.44,1.25,4.33
2025-10-22,Swiss Indoors,2nd Round,Hard,Davidovich Fokina A.,Brooksby J.,18,55.0,1.67,2.2,1.76,2.19,1.73,2.23
2025-10-22,Swiss Indoors,2nd Round,Hard,Fonseca J.,Mensik J.,46,19.0,1.67,2.2,1.7,2.28,1.67,2.28
2025-10-23,Swiss Indoors,2nd Round,Hard,Humbert U.,Fritz T.,24,4.0,2.75,1.44,,,2.85,1.5
2025-10-23,Swiss Indoors,2nd Round,Hard,Ruud C.,Wawrinka S.,11,158.0,1.2,4.5,,,1.22,4.75
2025-10-23,Swiss Indoors,2nd Round,Hard,Opelka R.,Van De Zandschulp B.,62,82.0,2.0,1.8,,,2.02,1.82
2025-10-23,Swiss Indoors,2nd Round,Hard,Munar J.,Shelton B.,42,6.0,2.63,1.5,,,2.7,1.53
2025-10-23,Swiss Indoors,2nd Round,Hard,Shapovalov D.,Royer V.,23,69.0,1.57,2.38,,,1.73,2.5
2025-10-23,Swiss Indoors,2nd Round,Hard,Auger-Aliassime F.,Cilic M.,12,89.0,1.3,3.5,,,1.33,3.6
2025-10-23,Vienna Open,2nd Round,Hard,Musetti L.,Etcheverry T.,8,60.0,1.25,4.0,,,1.3,4.0
2025-10-23,Vienna Open,2nd Round,Hard,Sinner J.,Cobolli F.,2,22.0,1.03,17.0,,,1.04,19.0
2025-10-23,Vienna Open,2nd Round,Hard,Zverev A.,Arnaldi M.,3,72.0,1.29,3.75,,,1.33,3.8
2025-10-23,Vienna Open,2nd Round,Hard,Bublik A.,Cerundolo F.,16,21.0,1.57,2.38,,,1.58,2.5
2025-10-23,Vienna Open,2nd Round,Hard,Moutet C.,Medvedev D.,36,14.0,3.0,1.4,,,3.0,1.44
2025-10-23,Vienna Open,2nd Round,Hard,Berrettini M.,Norrie C.,59,35.0,1.67,2.2,,,1.7,2.38
2025-10-24,Vienna Open,Quarterfinals,Hard,Sinner J.,Bublik A.,2,16.0,1.06,10.0,,,1.07,10.0
2025-10-24,Vienna Open,Quarterfinals,Hard,Musetti L.,Moutet C.,8,36.0,1.4,3.0,,,1.45,3.0
2025-10-24,Swiss Indoors,Quarterfinals,Hard,Davidovich Fokina A.,Ruud C.,18,11.0,2.75,1.44,,,2.75,1.5
2025-10-24,Swiss Indoors,Quarterfinals,Hard,Munar J.,Auger-Aliassime F.,42,12.0,3.4,1.33,,,3.6,1.34
2025-10-24,Swiss Indoors,Quarterfinals,Hard,Humbert U.,Opelka R.,24,62.0,1.36,3.2,,,1.4,3.2
2025-10-24,Swiss Indoors,Quarterfinals,Hard,Fonseca J.,Shapovalov D.,46,23.0,1.8,2.0,,,1.8,2.08
2025-10-24,Vienna Open,Quarterfinals,Hard,Zverev A.,Griekspoor T.,3,28.0,1.44,2.75,,,1.48,2.75
2025-10-24,Vienna Open,Quarterfinals,Hard,De Minaur A.,Berrettini M.,7,59.0,1.29,3.75,,,1.3,3.75
2025-10-25,Swiss Indoors,Semifinals,Hard,Davidovich Fokina A.,Humbert U.,18,24.0,2.38,1.57,,,2.4,1.73
2025-10-25,Vienna Open,Semifinals,Hard,Sinner J.,De Minaur A.,2,7.0,1.1,7.0,,,1.12,8.0
2025-10-25,Swiss Indoors,Semifinals,Hard,Fonseca J.,Munar J.,46,42.0,1.67,2.2,,,1.72,2.24
2025-10-25,Vienna Open,Semifinals,Hard,Zverev A.,Musetti L.,3,8.0,1.91,1.91,,,1.94,2.0
2025-10-26,Vienna Open,The Final,Hard,Sinner J.,Zverev A.,2,3.0,1.1,7.0,,,1.11,7.5
2025-10-26,Swiss Indoors,The Final,Hard,Fonseca J.,Davidovich Fokina A.,46,18.0,1.73,2.1,,,1.83,2.1
2025-10-27,BNP Paribas Masters,1st Round,Hard,Cobolli F.,Machac T.,23,34.0,1.73,2.1,,,1.8,2.1
2025-10-27,BNP Paribas Masters,1st Round,Hard,Khachanov K.,Quinn E.,14,71.0,1.4,3.0,,,1.4,3.15
2025-10-27,BNP Paribas Masters,1st Round,Hard,Dimitrov G.,Mpetshi Perricard G.,38,56.0,2.5,1.53,,,2.5,1.6
2025-10-27,BNP Paribas Masters,1st Round,Hard,Muller A.,Nakashima B.,44,33.0,3.4,1.33,,,3.5,1.33
2025-10-27,BNP Paribas Masters,1st Round,Hard,Sonego L.,Korda S.,45,54.0,2.75,1.44,,,2.75,1.5
2025-10-27,BNP Paribas Masters,1st Round,Hard,Bergs Z.,Michelsen A.,41,35.0,2.0,1.8,,,2.0,1.9
2025-10-27,BNP Paribas Masters,1st Round,Hard,Bublik A.,Popyrin A.,16,47.0,1.4,3.0,,,1.41,3.0
2025-10-27,BNP Paribas Masters,1st Round,Hard,Rublev A.,Fearnley J.,17,78.0,1.57,2.38,,,1.67,2.38
2025-10-27,BNP Paribas Masters,1st Round,Hard,Rinderknech A.,Marozsan F.,29,48.0,1.73,2.1,,,1.75,2.2
2025-10-27,BNP Paribas Masters,1st Round,Hard,Kecmanovic M.,Kovacevic A.,53,64.0,1.62,2.3,,,1.73,2.3
2025-10-27,BNP Paribas Masters,1st Round,Hard,Vukic A.,Atmane T.,103,69.0,1.8,2.0,,,1.91,2.0
2025-10-27,BNP Paribas Masters,1st Round,Hard,Tien L.,Borges N.,39,46.0,1.53,2.5,,,1.57,2.5
2025-10-27,BNP Paribas Masters,1st Round,Hard,Norrie C.,Baez S.,31,43.0,1.2,4.5,,,1.22,4.7
2025-10-27,BNP Paribas Masters,1st Round,Hard,Cazaux A.,Darderi L.,62,27.0,1.4,3.0,,,1.4,3.25
2025-10-27,BNP Paribas Masters,1st Round,Hard,Altmaier D.,Giron M.,50,65.0,2.5,1.53,,,2.55,1.54
2025-10-27,BNP Paribas Masters,1st Round,Hard,Cerundolo F.,Dzumhur D.,21,63.0,1.36,3.2,,,1.37,3.35
2025-10-28,BNP Paribas Masters,2nd Round,Hard,Fritz T.,Vukic A.,4,103.0,1.1,7.0,,,1.1,7.0
2025-10-28,BNP Paribas Masters,2nd Round,Hard,Rublev A.,Tien L.,17,39.0,1.91,1.91,,,1.91,1.97
2025-10-28,BNP Paribas Masters,2nd Round,Hard,Shelton B.,Cobolli F.,7,23.0,2.0,1.8,,,2.0,1.86
2025-10-28,BNP Paribas Masters,1st Round,Hard,Davidovich Fokina A.,Royer V.,15,59.0,1.44,2.75,,,1.5,2.75
2025-10-28,BNP Paribas Masters,1st Round,Hard,Medvedev D.,Munar J.,13,36.0,1.44,2.75,,,1.44,3.05
2025-10-28,BNP Paribas Masters,2nd Round,Hard,Norrie C.,Alcaraz C.,31,1.0,11.0,1.05,,,13.0,1.06
2025-10-28,BNP Paribas Masters,1st Round,Hard,Moutet C.,Opelka R.,32,52.0,1.44,2.75,,,1.47,2.9
2025-10-28,BNP Paribas Masters,1st Round,Hard,Diallo G.,Griekspoor T.,42,25.0,2.0,1.8,,,2.05,1.83
2025-10-28,BNP Paribas Masters,1st Round,Hard,Ugo Carabelli C.,Etcheverry T. M.,49,58.0,5.5,1.14,,,5.5,1.18
2025-10-28,BNP Paribas Masters,1st Round,Hard,Fonseca J.,Shapovalov D.,28,24.0,1.5,2.63,,,1.62,2.63
2025-10-28,BNP Paribas Masters,1st Round,Hard,Auger-Aliassime F.,Comesana F.,10,68.0,1.2,4.5,,,1.23,4.5
2025-10-28,BNP Paribas Masters,1st Round,Hard,Vacherot V.,Lehecka J.,40,18.0,2.75,1.44,,,2.75,1.57
2025-10-29,BNP Paribas Masters,2nd Round,Hard,Khachanov K.,Fonseca J.,14,28.0,1.73,2.1,1.74,2.23,1.73,2.2
2025-10-29,BNP Paribas Masters,2nd Round,Hard,De Minaur A.,Diallo G.,6,42.0,1.29,3.75,1.3,3.94,1.3,3.75
2025-10-29,BNP Paribas Masters,2nd Round,Hard,Bublik A.,Moutet C.,16,32.0,1.62,2.3,1.63,2.45,1.63,2.38
2025-10-29,BNP Paribas Masters,2nd Round,Hard,Sonego L.,Musetti L.,45,8.0,3.75,1.29,3.9,1.3,3.75,1.33
2025-10-29,BNP Paribas Masters,2nd Round,Hard,Sinner J.,Bergs Z.,2,41.0,1.03,15.0,1.07,8.98,1.04,17.0
2025-10-29,BNP Paribas Masters,2nd Round,Hard,Davidovich Fokina A.,Cazaux A.,15,62.0,1.53,2.5,1.56,2.61,1.55,2.55
2025-10-29,BNP Paribas Masters,2nd Round,Hard,Auger-Aliassime F.,Muller A.,10,44.0,1.29,4.0,1.31,3.83,1.36,4.0
2025-10-29,BNP Paribas Masters,2nd Round,Hard,Cerundolo F.,Kecmanovic M.,21,53.0,1.4,3.0,1.45,2.97,1.45,3.5
2025-10-29,BNP Paribas Masters,2nd Round,Hard,Vacherot V.,Rinderknech A.,40,29.0,1.62,2.3,1.68,2.33,1.73,2.32
2025-10-29,BNP Paribas Masters,2nd Round,Hard,Altmaier D.,Ruud C.,50,9.0,3.4,1.33,3.32,1.38,3.4,1.36
2025-10-29,BNP Paribas Masters,2nd Round,Hard,Zverev A.,Ugo Carabelli C.,3,49.0,1.03,15.0,1.05,14.76,1.2,15.0
2025-10-29,BNP Paribas Masters,2nd Round,Hard,Medvedev D.,Dimitrov G.,13,38.0,1.3,3.5,1.3,3.95,1.3,3.75
2025-10-30,BNP Paribas Masters,3rd Round,Hard,Zverev A.,Davidovich Fokina A.,3,15.0,1.44,2.75,1.46,2.94,1.47,2.83
2025-10-30,BNP Paribas Masters,3rd Round,Hard,Medvedev D.,Sonego L.,13,45.0,1.2,4.5,1.25,4.52,1.24,4.5
2025-10-30,BNP Paribas Masters,3rd Round,Hard,Sinner J.,Cerundolo F.,2,21.0,1.04,13.0,1.04,13.08,1.04,13.0
2025-10-30,BNP Paribas Masters,3rd Round,Hard,De Minaur A.,Khachanov K.,6,14.0,1.62,2.3,1.63,2.43,1.67,2.3
2025-10-30,BNP Paribas Masters,3rd Round,Hard,Shelton B.,Rublev A.,7,17.0,1.67,2.2,1.77,2.18,1.73,2.3
2025-10-30,BNP Paribas Masters,3rd Round,Hard,Auger-Aliassime F.,Altmaier D.,10,50.0,1.4,3.0,1.52,2.71,1.44,3.1
2025-10-30,BNP Paribas Masters,3rd Round,Hard,Vacherot V.,Norrie C.,40,31.0,1.73,2.1,1.79,2.15,1.8,2.1
2025-10-30,BNP Paribas Masters,3rd Round,Hard,Bublik A.,Fritz T.,16,4.0,2.1,1.73,2.09,1.83,2.2,1.76
2025-10-31,BNP Paribas Masters,Quarterfinals,Hard,Auger-Aliassime F.,Vacherot V.,10,40.0,1.57,2.38,1.68,2.34,1.67,2.38
2025-10-31,BNP Paribas Masters,Quarterfinals,Hard,Bublik A.,De Minaur A.,16,6.0,2.1,1.73,2.14,1.8,2.11,1.78
2025-10-31,BNP Paribas Masters,Quarterfinals,Hard,Sinner J.,Shelton B.,2,7.0,1.17,5.0,1.2,5.3,1.17,5.25
2025-10-31,BNP Paribas Masters,Quarterfinals,Hard,Zverev A.,Medvedev D.,3,13.0,2.1,1.73,2.12,1.81,2.1,1.8
2025-11-01,BNP Paribas Masters,Semifinals,Hard,Auger-Aliassime F.,Bublik A.,10,16.0,1.91,1.91,1.94,1.96,1.95,1.95
2025-11-01,BNP Paribas Masters,Semifinals,Hard,Sinner J.,Zverev A.,2,3.0,1.13,6.0,1.16,6.09,1.16,6.0
2025-11-02,Open de Moselle,1st Round,Hard,Gaston H.,Atmane T.,98,66.0,1.57,2.38,1.7,2.24,1.6,2.38
2025-11-02,Hellenic Championship,1st Round,Hard,Korda S.,Popyrin A.,52,53.0,1.57,2.38,1.55,2.61,1.57,2.5
2025-11-02,Open de Moselle,1st Round,Hard,Cazaux A.,Mannarino A.,69,71.0,1.5,2.63,1.55,2.58,1.53,2.63
2025-11-02,Hellenic Championship,1st Round,Hard,Tabilo A.,Walton A.,89,83.0,1.44,2.75,1.46,2.89,1.48,2.75
2025-11-02,Hellenic Championship,1st Round,Hard,Borges N.,Sakellaridis S.,47,277.0,1.2,4.5,1.24,4.44,1.23,4.5
2025-11-02,BNP Paribas Masters,The Final,Hard,Sinner J.,Auger-Aliassime F.,2,10.0,1.1,7.0,,,1.11,7.5
2025-11-03,Open de Moselle,1st Round,Hard,Berrettini M.,Halys Q.,63,84.0,1.25,4.0,1.29,3.9,1.28,4.0
2025-11-03,Open de Moselle,1st Round,Hard,Sachko V.,Mpetshi G.,222,59.0,4.33,1.22,4.39,1.25,4.33,1.24
2025-11-03,Open de Moselle,1st Round,Hard,Tabur C.,Kovacevic A.,243,62.0,2.75,1.44,2.6,1.55,2.75,1.57
2025-11-03,Open de Moselle,1st Round,Hard,Sonego L.,Choinski J.,42,126.0,1.2,4.5,1.25,4.4,1.22,4.6
2025-11-03,Open de Moselle,1st Round,Hard,Tien L.,Blanchet U.,38,143.0,1.22,4.33,1.26,4.31,1.22,4.5
2025-11-03,Open de Moselle,1st Round,Hard,Norrie C.,Royer V.,27,56.0,1.5,2.63,1.56,2.58,1.57,2.63
2025-11-03,Hellenic Championship,1st Round,Hard,Dzumhur D.,Fearnley J.,58,73.0,3.2,1.36,3.24,1.39,3.25,1.36
2025-11-03,Hellenic Championship,1st Round,Hard,Spizzirri E.,Djere L.,96,82.0,1.44,2.75,1.51,2.73,1.52,2.75
2025-11-03,Hellenic Championship,1st Round,Hard,Kecmanovic M.,Majchrzak K.,54,68.0,2.0,1.8,2.05,1.85,2.01,1.84
2025-11-03,Hellenic Championship,1st Round,Hard,Wawrinka S.,Van De Zandschulp B.,159,80.0,2.63,1.5,2.72,1.5,2.7,1.55
2025-11-03,Hellenic Championship,1st Round,Hard,Muller A.,Struff J.L.,43,101.0,2.3,1.62,2.31,1.68,2.31,1.62
2025-11-03,Hellenic Championship,1st Round,Hard,Kopriva V.,Opelka R.,92,50.0,3.4,1.33,3.35,1.37,3.4,1.36
2025-11-04,Hellenic Championship,1st Round,Hard,Giron M.,Martinez P.,72,95.0,1.25,4.0,1.27,4.18,1.25,4.33
2025-11-04,Open de Moselle,2nd Round,Hard,Norrie C.,Cazaux A.,27,69.0,1.8,2.0,1.86,2.04,1.8,2.2
2025-11-04,Open de Moselle,2nd Round,Hard,Sonego L.,Cobolli F.,42,22.0,2.1,1.73,2.12,1.79,2.14,1.73
2025-11-04,Hellenic Championship,1st Round,Hard,Hanfmann Y.,Ivanov I.,117,935.0,1.06,10.0,1.07,11.86,1.06,29.0
2025-11-04,Open de Moselle,1st Round,Hard,Blockx A.,Passaro F.,102,129.0,1.53,2.5,1.55,2.62,1.62,2.54
2025-11-04,Open de Moselle,1st Round,Hard,Altmaier D.,Rinderknech A.,46,28.0,2.5,1.53,2.47,1.6,2.5,1.67
2025-11-04,Open de Moselle,1st Round,Hard,Jacquet K.,Van Assche L.,156,172.0,2.38,1.57,2.5,1.59,2.43,1.58
2025-11-04,Hellenic Championship,1st Round,Hard,Etcheverry T.,McDonald M.,60,110.0,1.8,2.0,1.83,2.07,1.82,2.1
2025-11-04,Open de Moselle,1st Round,Hard,Vukic A.,Moutet C.,87,31.0,4.0,1.25,3.94,1.29,4.33,1.27
2025-11-04,Hellenic Championship,2nd Round,Hard,Djokovic N.,Tabilo A.,5,89.0,1.2,4.5,1.24,4.48,1.22,5.0
2025-11-04,Hellenic Championship,2nd Round,Hard,Korda S.,Dzumhur D.,52,58.0,1.29,3.75,1.27,4.17,1.33,3.9
2025-11-04,Hellenic Championship,2nd Round,Hard,Borges N.,Spizzirri E.,47,96.0,1.62,2.3,1.66,2.34,1.67,2.3
2025-11-05,Open de Moselle,2nd Round,Hard,Berrettini M.,Vukic A.,63,87.0,1.25,4.0,1.3,3.84,1.29,4.0
2025-11-05,Open de Moselle,2nd Round,Hard,Altmaier D.,Gaston H.,46,98.0,2.0,1.8,2.13,1.79,2.05,1.83
2025-11-05,Open de Moselle,2nd Round,Hard,Tien L.,Echargui M.,38,140.0,1.08,8.0,1.09,9.24,1.1,8.0
2025-11-05,Open de Moselle,2nd Round,Hard,Tabur C.,Blockx A.,243,102.0,2.75,1.44,2.77,1.5,2.88,1.45
2025-11-05,Open de Moselle,2nd Round,Hard,Jacquet K.,Added D.,156,204.0,1.44,2.75,1.47,2.86,1.53,2.75
2025-11-05,Hellenic Championship,2nd Round,Hard,Kecmanovic M.,Darderi L.,54,26.0,1.44,2.75,1.5,2.77,1.44,2.8
2025-11-05,Hellenic Championship,2nd Round,Hard,Hanfmann Y.,Kopriva V.,117,92.0,1.36,3.2,1.43,3.03,1.44,3.2
2025-11-05,Open de Moselle,2nd Round,Hard,Sachko V.,Bublik A.,222,13.0,6.5,1.11,6.25,1.15,6.5,1.13
2025-11-05,Hellenic Championship,2nd Round,Hard,Musetti L.,Wawrinka S.,9,159.0,1.17,5.0,1.19,5.28,1.19,5.0
2025-11-05,Hellenic Championship,2nd Round,Hard,Giron M.,Nakashima B.,72,33.0,2.38,1.57,2.28,1.69,2.38,1.73
2025-11-05,Hellenic Championship,2nd Round,Hard,Muller A.,Etcheverry T.,43,60.0,2.2,1.67,2.42,1.63,2.25,1.67
2025-11-06,Hellenic Championship,Quarterfinals,Hard,Korda S.,Kecmanovic M.,52,54.0,1.44,2.75,1.51,2.77,1.47,2.8
2025-11-06,Hellenic Championship,Quarterfinals,Hard,Musetti L.,Muller A.,9,43.0,1.2,4.5,,,1.24,4.75
2025-11-06,Hellenic Championship,Quarterfinals,Hard,Djokovic N.,Borges N.,5,47.0,1.17,5.0,1.19,5.52,1.18,5.5
2025-11-06,Hellenic Championship,Quarterfinals,Hard,Hanfmann Y.,Giron M.,117,72.0,2.38,1.57,2.34,1.68,2.38,1.67
2025-11-06,Open de Moselle,Quarterfinals,Hard,Norrie C.,Jacquet K.,27,156.0,1.3,3.5,1.38,3.36,1.35,3.6
2025-11-06,Open de Moselle,Quarterfinals,Hard,Sonego L.,Altmaier D.,42,46.0,1.53,2.5,1.57,2.57,1.57,2.5
2025-11-06,Open de Moselle,Quarterfinals,Hard,Tien L.,Berrettini M.,38,63.0,2.2,1.67,2.29,1.7,2.2,1.73
2025-11-06,Open de Moselle,Quarterfinals,Hard,Sachko V.,Tabur C.,222,243.0,2.0,1.8,2.05,1.87,2.02,2.25
2025-11-07,Open de Moselle,Semifinals,Hard,Norrie C.,Sonego L.,27,42.0,2.0,1.8,,,2.2,1.83
2025-11-07,Hellenic Championship,Semifinals,Hard,Musetti L.,Korda S.,9,52.0,1.73,2.1,1.82,2.11,1.8,2.16
2025-11-07,Hellenic Championship,Semifinals,Hard,Djokovic N.,Hanfmann Y.,5,117.0,1.2,4.5,,,1.24,4.5
2025-11-07,Open de Moselle,Semifinals,Hard,Tien L.,Sachko V.,38,222.0,1.17,5.0,1.18,5.68,1.2,5.4
2025-11-08,Open de Moselle,The Final,Hard,Tien L.,Norrie C.,38,27.0,1.57,2.38,,,1.58,2.45
2025-11-08,Hellenic Championship,The Final,Hard,Djokovic N.,Musetti L.,5,9.0,1.36,3.2,,,1.38,3.2
2025-11-09,Masters Cup,Round Robin,Hard,Alcaraz C.,De Minaur A.,1,7.0,1.17,5.0,,,1.21,5.0
2025-11-09,Masters Cup,Round Robin,Hard,Zverev A.,Shelton B.,3,5.0,1.53,2.5,1.56,2.62,1.58,2.6
2025-11-10,Masters Cup,Round Robin,Hard,Fritz T.,Musetti L.,6,9.0,1.4,3.0,1.46,2.94,1.44,3.1
2025-11-10,Masters Cup,Round Robin,Hard,Sinner J.,Auger-Aliassime F.,2,8.0,1.06,10.0,1.09,9.63,1.09,10.0
2025-11-11,Masters Cup,Round Robin,Hard,Alcaraz C.,Fritz T.,1,6.0,1.2,4.5,1.22,4.85,1.23,4.8
2025-11-11,Masters Cup,Round Robin,Hard,Musetti L.,De Minaur A.,9,7.0,3.2,1.36,3.25,1.4,3.3,1.38
2025-11-12,Masters Cup,Round Robin,Hard,Auger-Aliassime F.,Shelton B.,8,5.0,2.2,1.67,2.2,1.76,2.4,1.74
2025-11-12,Masters Cup,Round Robin,Hard,Sinner J.,Zverev A.,2,3.0,1.1,7.0,1.13,7.21,1.14,7.5
2025-11-13,Masters Cup,Round Robin,Hard,De Minaur A.,Fritz T.,7,6.0,3.2,1.36,3.27,1.39,3.3,1.4
2025-11-13,Masters Cup,Round Robin,Hard,Alcaraz C.,Musetti L.,1,9.0,1.13,6.0,1.14,6.88,1.14,7.0
2025-11-14,Masters Cup,Round Robin,Hard,Sinner J.,Shelton B.,2,5.0,1.05,10.0,1.1,8.53,1.07,11.0
2025-11-14,Masters Cup,Round Robin,Hard,Auger-Aliassime F.,Zverev A.,8,3.0,1.2,4.5,1.21,5.06,1.22,5.3
2025-11-15,Masters Cup,Semifinals,Hard,Alcaraz C.,Auger-Aliassime F.,1,8.0,1.2,4.5,1.21,5.06,1.22,5.3
2025-11-15,Masters Cup,Semifinals,Hard,Sinner J.,De Minaur A.,2,7.0,1.05,10.0,1.1,8.53,1.07,11.0
2025-11-16,Masters Cup,The Final,Hard,Sinner J.,Alcaraz C.,2,1.0,1.5,2.63,1.5,2.8,1.56,2.8
