date,tournament,round,surface,winner,loser,wrank,lrank,odds_winner,odds_loser,pin_winner,pin_loser,max_winner,max_loser
2020-01-06,Qatar Exxon Mobil Open,1st Round,Hard,Bublik A.,Mannarino A.,55.0,43.0,2.0,1.72,2.21,1.74,2.25,1.8
2020-01-06,Qatar Exxon Mobil Open,1st Round,Hard,Moutet C.,Sandgren T.,81.0,68.0,1.57,2.25,1.6,2.47,1.65,2.47
2020-01-06,Qatar Exxon Mobil Open,1st Round,Hard,Verdasco F.,Andujar P.,49.0,64.0,1.25,3.75,1.31,3.74,1.33,3.85
2020-01-06,Qatar Exxon Mobil Open,1st Round,Hard,Bedene A.,Ymer M.,58.0,76.0,1.83,1.83,1.97,1.92,2.0,2.07
2020-01-06,Qatar Exxon Mobil Open,1st Round,Hard,Chardy J.,Barrere G.,54.0,83.0,1.5,2.5,1.54,2.62,1.57,2.65
2020-01-06,Qatar Exxon Mobil Open,1st Round,Hard,Kecmanovic M.,Thompson J.,62.0,63.0,1.66,2.1,1.74,2.21,1.8,2.3
2020-01-06,Qatar Exxon Mobil Open,1st Round,Hard,Krajinovic F.,Edmund K.,40.0,69.0,1.83,1.83,1.9,1.99,2.23,2.1
2020-01-07,Qatar Exxon Mobil Open,1st Round,Hard,Djere L.,Sonego L.,39.0,51.0,3.0,1.36,3.18,1.4,3.2,1.43
2020-01-07,Qatar Exxon Mobil Open,1st Round,Hard,Fucsovics M.,Tiafoe F.,70.0,47.0,2.0,1.72,2.03,1.86,2.1,1.87
2020-01-07,Qatar Exxon Mobil Open,1st Round,Hard,Ilkel C.,Berankis R.,279.0,67.0,3.5,1.28,3.34,1.37,4.2,1.4
2020-01-07,Qatar Exxon Mobil Open,1st Round,Hard,Kukushkin M.,Jaziri M.,66.0,229.0,1.28,3.5,1.31,3.74,1.33,4.0
2020-01-07,Qatar Exxon Mobil Open,1st Round,Hard,Herbert P.H.,Cecchinato M.,65.0,75.0,1.53,2.37,1.57,2.55,1.62,2.7
2020-01-07,Qatar Exxon Mobil Open,2nd Round,Hard,Bedene A.,Bublik A.,58.0,55.0,1.66,2.1,1.83,2.09,1.83,2.2
2020-01-07,Qatar Exxon Mobil Open,2nd Round,Hard,Wawrinka S.,Chardy J.,15.0,54.0,1.3,3.4,1.43,3.08,1.45,3.46
2020-01-08,Qatar Exxon Mobil Open,2nd Round,Hard,Moutet C.,Raonic M.,81.0,32.0,2.75,1.4,2.9,1.47,2.9,1.51
2020-01-08,Qatar Exxon Mobil Open,2nd Round,Hard,Kecmanovic M.,Tsonga J.W.,62.0,30.0,2.1,1.66,2.48,1.61,2.5,1.72
2020-01-08,Qatar Exxon Mobil Open,2nd Round,Hard,Herbert P.H.,Djere L.,65.0,39.0,1.44,2.62,1.45,2.99,1.57,2.99
2020-01-08,Qatar Exxon Mobil Open,2nd Round,Hard,Fucsovics M.,Ilkel C.,70.0,279.0,1.16,5.0,1.26,4.34,1.26,5.35
2020-01-08,Qatar Exxon Mobil Open,2nd Round,Hard,Rublev A.,Kukushkin M.,23.0,66.0,1.3,3.4,1.29,4.01,1.33,4.07
2020-01-08,Qatar Exxon Mobil Open,2nd Round,Hard,Verdasco F.,Krajinovic F.,49.0,40.0,2.25,1.57,2.4,1.65,2.4,1.67
2020-01-09,Qatar Exxon Mobil Open,Quarterfinals,Hard,Kecmanovic M.,Fucsovics M.,62.0,70.0,1.61,2.3,1.69,2.34,1.71,2.34
2020-01-10,Qatar Exxon Mobil Open,Semifinals,Hard,Moutet C.,Wawrinka S.,81.0,15.0,3.5,1.3,4.3,1.26,4.3,1.33
2020-01-10,Qatar Exxon Mobil Open,Quarterfinals,Hard,Rublev A.,Herbert P.H.,23.0,65.0,1.25,4.0,1.32,3.79,1.32,4.03
2020-01-10,Qatar Exxon Mobil Open,Quarterfinals,Hard,Moutet C.,Verdasco F.,81.0,49.0,2.3,1.61,2.56,1.59,2.56,1.63
2020-01-10,Qatar Exxon Mobil Open,Quarterfinals,Hard,Wawrinka S.,Bedene A.,15.0,58.0,1.33,3.4,1.35,3.6,1.4,3.65
2020-01-10,Qatar Exxon Mobil Open,Semifinals,Hard,Rublev A.,Kecmanovic M.,23.0,62.0,1.66,2.2,1.63,2.44,1.8,2.44
2020-01-11,Qatar Exxon Mobil Open,The Final,Hard,Rublev A.,Moutet C.,23.0,81.0,1.22,4.33,1.25,4.5,1.27,4.5
2020-01-12,ASB Classic,1st Round,Hard,Bublik A.,Fritz T.,55.0,32.0,2.25,1.57,2.48,1.6,2.5,1.63
2020-01-12,ASB Classic,1st Round,Hard,Cuevas P.,Opelka R.,44.0,38.0,3.5,1.28,3.79,1.31,3.79,1.35
2020-01-12,ASB Classic,1st Round,Hard,Djere L.,Popyrin A.,40.0,95.0,3.0,1.36,3.16,1.4,3.35,1.4
2020-01-13,Adelaide International,1st Round,Hard,Monteiro T.,Norrie C.,86.0,62.0,2.0,1.72,2.35,1.65,2.35,1.75
2020-01-13,Adelaide International,1st Round,Hard,Sandgren T.,Venus M.,101.0,,1.2,4.33,1.21,4.99,1.27,4.99
2020-01-13,Adelaide International,1st Round,Hard,Paire B.,Sinner J.,24.0,79.0,2.1,1.66,2.27,1.7,2.27,1.87
2020-01-13,Adelaide International,1st Round,Hard,Humbert U.,Ruud C.,57.0,46.0,1.83,1.83,2.03,1.86,2.1,1.92
2020-01-13,Adelaide International,1st Round,Hard,Hurkacz H.,Sonego L.,34.0,52.0,1.33,3.25,1.31,3.74,1.37,3.74
2020-01-13,Adelaide International,1st Round,Hard,Ymer M.,Tiafoe F.,77.0,49.0,2.0,1.72,2.07,1.83,2.2,1.85
2020-01-13,ASB Classic,1st Round,Hard,Duckworth J.,Delbonis F.,96.0,73.0,1.72,2.0,1.75,2.19,1.8,2.19
2020-01-13,ASB Classic,1st Round,Hard,Harris L.,Garin C.,91.0,36.0,1.83,1.83,1.81,2.1,1.92,2.1
2020-01-13,ASB Classic,1st Round,Hard,Evans D.,Londero J.I.,33.0,51.0,1.36,3.0,1.31,3.8,1.4,4.12
2020-01-13,ASB Classic,1st Round,Hard,Chardy J.,Simon G.,56.0,60.0,1.66,2.1,1.76,2.17,1.77,2.29
2020-01-13,ASB Classic,1st Round,Hard,Querrey S.,Barrere G.,45.0,82.0,1.57,2.25,1.63,2.42,1.68,2.65
2020-01-14,Adelaide International,1st Round,Hard,Pospisil V.,Sousa J.,146.0,58.0,1.4,2.75,1.45,2.93,1.45,3.0
2020-01-14,ASB Classic,1st Round,Hard,Paul T.,Bedene A.,90.0,54.0,1.83,1.83,1.94,1.94,2.0,1.95
2020-01-14,Adelaide International,1st Round,Hard,Edmund K.,Davidovich Fokina A.,69.0,85.0,1.5,2.5,1.45,2.93,1.54,2.93
2020-01-14,ASB Classic,1st Round,Hard,Ramos-Vinolas A.,Thompson J.,42.0,65.0,2.25,1.57,2.33,1.67,2.38,1.77
2020-01-14,ASB Classic,2nd Round,Hard,Evans D.,Bublik A.,33.0,55.0,1.57,2.25,1.7,2.29,1.73,2.35
2020-01-14,ASB Classic,1st Round,Hard,Bolt A.,Robert S.,157.0,661.0,,,,,1.44,4.1
2020-01-14,ASB Classic,1st Round,Hard,Struff J.L.,Caruso S.,37.0,94.0,1.28,3.5,1.24,4.44,1.3,5.15
2020-01-14,Adelaide International,1st Round,Hard,Millman J.,Mmoh M.,47.0,227.0,1.61,2.2,1.64,2.36,1.76,2.38
2020-01-15,Adelaide International,1st Round,Hard,Lopez F.,Andujar P.,61.0,63.0,1.53,2.37,1.52,2.7,1.67,2.75
2020-01-15,Adelaide International,1st Round,Hard,Cecchinato M.,Mayer L.,76.0,100.0,2.37,1.53,2.46,1.6,2.5,1.59
2020-01-15,Adelaide International,2nd Round,Hard,Isner J.,Sandgren T.,20.0,101.0,1.57,2.25,1.53,2.71,1.73,2.71
2020-01-15,Adelaide International,2nd Round,Hard,Hurkacz H.,Ymer M.,34.0,77.0,1.5,2.5,1.49,2.84,1.51,3.03
2020-01-15,Adelaide International,2nd Round,Hard,Edmund K.,Seppi A.,69.0,84.0,1.44,2.62,1.39,3.22,1.49,3.6
2020-01-15,Adelaide International,1st Round,Hard,Seppi A.,Mannarino A.,84.0,43.0,2.37,1.53,2.45,1.61,2.5,1.7
2020-01-15,Adelaide International,2nd Round,Hard,Shapovalov D.,Pospisil V.,13.0,146.0,1.53,2.37,1.51,2.76,1.57,2.91
2020-01-15,Adelaide International,2nd Round,Hard,Paire B.,Monteiro T.,24.0,86.0,1.5,2.5,1.57,2.57,1.62,2.63
2020-01-15,Adelaide International,2nd Round,Hard,Millman J.,Khachanov K.,47.0,16.0,2.5,1.5,2.62,1.56,2.62,1.62
2020-01-15,ASB Classic,2nd Round,Hard,Auger-Aliassime F.,Duckworth J.,22.0,96.0,1.57,2.25,1.6,2.5,1.63,2.52
2020-01-15,ASB Classic,2nd Round,Hard,Bolt A.,Struff J.L.,157.0,37.0,4.0,1.22,3.83,1.31,4.49,1.33
2020-01-15,ASB Classic,2nd Round,Hard,Ramos-Vinolas A.,Munar J.,42.0,88.0,1.66,2.1,1.81,2.11,1.81,2.38
2020-01-15,ASB Classic,2nd Round,Hard,Carreno Busta P.,Chardy J.,30.0,56.0,1.83,1.83,1.85,2.06,1.91,2.06
2020-01-15,ASB Classic,2nd Round,Hard,Paul T.,Cuevas P.,90.0,44.0,1.5,2.5,1.52,2.74,1.54,2.75
2020-01-15,ASB Classic,2nd Round,Hard,Rublev A.,Querrey S.,18.0,45.0,1.66,2.1,1.64,2.42,1.69,2.42
2020-01-15,ASB Classic,2nd Round,Hard,Harris L.,Djere L.,91.0,40.0,1.4,2.75,1.46,2.94,1.53,2.94
2020-01-15,Adelaide International,2nd Round,Hard,Humbert U.,Cecchinato M.,57.0,76.0,1.5,2.5,1.39,3.25,1.64,3.43
2020-01-15,Adelaide International,2nd Round,Hard,Lopez F.,Fognini F.,61.0,12.0,2.75,1.4,3.19,1.4,3.2,1.45
2020-01-16,Adelaide International,Quarterfinals,Hard,Isner J.,Edmund K.,20.0,69.0,1.9,1.9,1.92,2.0,1.92,2.0
2020-01-16,Adelaide International,Quarterfinals,Hard,Humbert U.,Shapovalov D.,57.0,13.0,3.2,1.36,3.26,1.4,3.4,1.4
2020-01-16,Adelaide International,Quarterfinals,Hard,Paire B.,Millman J.,24.0,47.0,2.1,1.72,2.33,1.69,2.33,1.82
2020-01-16,Adelaide International,Quarterfinals,Hard,Hurkacz H.,Lopez F.,34.0,61.0,1.33,3.4,1.35,3.61,1.36,3.94
2020-01-16,ASB Classic,Quarterfinals,Hard,Auger-Aliassime F.,Bolt A.,22.0,157.0,1.44,2.75,1.47,2.97,1.54,2.97
2020-01-16,ASB Classic,Quarterfinals,Hard,Paul T.,Ramos-Vinolas A.,90.0,42.0,1.57,2.37,1.56,2.65,1.62,3.03
2020-01-16,ASB Classic,Quarterfinals,Hard,Rublev A.,Evans D.,18.0,33.0,1.44,2.75,1.49,2.87,1.53,2.87
2020-01-16,ASB Classic,Quarterfinals,Hard,Harris L.,Carreno Busta P.,91.0,30.0,2.62,1.5,2.83,1.5,2.83,1.54
2020-01-17,ASB Classic,Semifinals,Hard,Rublev A.,Auger-Aliassime F.,18.0,22.0,1.44,2.75,1.46,3.0,1.51,3.0
2020-01-17,ASB Classic,Semifinals,Hard,Harris L.,Paul T.,91.0,90.0,2.2,1.66,2.15,1.81,2.27,1.81
2020-01-17,Adelaide International,Semifinals,Hard,Humbert U.,Isner J.,57.0,20.0,1.9,1.9,2.01,1.92,2.01,2.0
2020-01-17,Adelaide International,Semifinals,Hard,Paire B.,Hurkacz H.,24.0,34.0,2.37,1.57,2.73,1.53,2.75,1.58
2020-01-18,ASB Classic,The Final,Hard,Rublev A.,Harris L.,18.0,91.0,1.33,3.4,1.32,3.8,1.36,3.94
2020-01-18,Adelaide International,The Final,Hard,Humbert U.,Paire B.,57.0,24.0,1.72,2.1,1.71,2.29,1.94,2.29
2020-01-20,Australian Open,1st Round,Hard,Djokovic N.,Struff J.L.,2.0,37.0,1.01,23.0,1.01,26.08,1.04,35.0
2020-01-20,Australian Open,1st Round,Hard,Kohlschreiber P.,Giron M.,79.0,107.0,1.28,3.75,1.31,3.85,1.36,3.85
2020-01-20,Australian Open,1st Round,Hard,Tsitsipas S.,Caruso S.,6.0,95.0,1.02,19.0,1.01,27.9,1.03,27.9
2020-01-20,Australian Open,1st Round,Hard,Dimitrov G.,Londero J.I.,20.0,52.0,1.2,4.5,1.19,5.42,1.23,5.42
2020-01-20,Australian Open,1st Round,Hard,Federer R.,Johnson S.,3.0,75.0,1.03,15.0,1.03,17.9,1.05,20.0
2020-01-20,Australian Open,1st Round,Hard,Fucsovics M.,Shapovalov D.,67.0,13.0,5.0,1.16,5.62,1.18,5.8,1.19
2020-01-20,Australian Open,1st Round,Hard,Barrere G.,Safwat M.,84.0,173.0,1.44,2.75,1.48,2.87,1.48,3.35
2020-01-20,Australian Open,1st Round,Hard,Querrey S.,Coric B.,45.0,28.0,2.2,1.66,2.17,1.78,2.35,1.78
2020-01-20,Australian Open,1st Round,Hard,Pella G.,Smith J.P.,25.0,308.0,1.25,4.0,1.32,3.78,1.32,4.33
2020-01-20,Australian Open,1st Round,Hard,Nishioka Y.,Djere L.,71.0,40.0,1.57,2.37,1.55,2.64,1.61,2.7
2020-01-20,Australian Open,1st Round,Hard,Evans D.,Mcdonald M.,32.0,129.0,1.16,5.0,1.26,4.34,1.26,5.5
2020-01-20,Australian Open,1st Round,Hard,Berankis R.,Carballes Baena R.,69.0,83.0,1.66,2.2,1.76,2.2,1.81,2.25
2020-01-20,Australian Open,1st Round,Hard,Berrettini M.,Harris A.,8.0,162.0,1.1,7.0,1.12,7.51,1.13,8.0
2020-01-21,Australian Open,1st Round,Hard,Medvedev D.,Tiafoe F.,4.0,50.0,1.07,9.0,1.06,11.99,1.08,12.0
2020-01-21,Australian Open,1st Round,Hard,Herbert P.H.,Norrie C.,64.0,62.0,1.66,2.2,1.64,2.42,1.78,2.45
2020-01-21,Australian Open,1st Round,Hard,Sugita Y.,Benchetrit E.,91.0,231.0,1.44,2.75,1.5,2.8,1.5,3.03
2020-01-21,Australian Open,1st Round,Hard,Gojowczyk P.,Eubanks C.,120.0,221.0,1.53,2.5,1.62,2.46,1.62,2.66
2020-01-21,Australian Open,1st Round,Hard,Seppi A.,Kecmanovic M.,85.0,54.0,2.75,1.44,2.82,1.49,2.82,1.5
2020-01-21,Australian Open,1st Round,Hard,Popyrin A.,Tsonga J.W.,96.0,33.0,2.62,1.5,2.57,1.57,2.65,1.62
2020-01-21,Australian Open,1st Round,Hard,Monfils G.,Lu Y.H.,10.0,,1.01,21.0,1.02,24.4,1.03,29.0
2020-01-21,Australian Open,1st Round,Hard,Bolt A.,Ramos-Vinolas A.,140.0,42.0,2.3,1.61,2.36,1.67,2.5,1.67
2020-01-21,Australian Open,1st Round,Hard,Verdasco F.,Donskoy E.,51.0,106.0,1.4,3.0,1.35,3.55,1.43,3.55
2020-01-21,Australian Open,1st Round,Hard,Rublev A.,O'Connell C.,16.0,115.0,1.06,10.0,1.05,14.82,1.07,16.0
2020-01-21,Australian Open,1st Round,Hard,Kyrgios N.,Sonego L.,26.0,53.0,1.12,6.0,1.09,9.0,1.12,9.3
2020-01-21,Australian Open,1st Round,Hard,Simon G.,Cuevas P.,61.0,46.0,1.44,2.75,1.4,3.2,1.46,3.24
2020-01-21,Australian Open,1st Round,Hard,Fritz T.,Griekspoor T.,34.0,175.0,1.2,4.5,1.26,4.38,1.26,5.0
2020-01-21,Australian Open,1st Round,Hard,Goffin D.,Chardy J.,11.0,58.0,1.2,4.5,1.24,4.6,1.24,5.0
2020-01-21,Australian Open,1st Round,Hard,Delbonis F.,Sousa J.,76.0,59.0,1.9,1.9,1.81,2.12,1.91,2.12
2020-01-21,Australian Open,1st Round,Hard,Tabilo A.,Galan D.E.,208.0,186.0,2.5,1.53,2.66,1.54,2.66,1.56
2020-01-21,Australian Open,1st Round,Hard,Zverev A.,Cecchinato M.,7.0,77.0,1.08,8.0,1.12,7.51,1.12,9.3
2020-01-21,Australian Open,1st Round,Hard,Isner J.,Monteiro T.,19.0,86.0,1.3,3.5,1.25,4.42,1.32,4.42
2020-01-21,Australian Open,1st Round,Hard,Martinez P.,Koepfer D.,168.0,89.0,2.5,1.53,2.39,1.65,2.67,1.65
2020-01-21,Australian Open,1st Round,Hard,Anderson K.,Ivashka I.,122.0,149.0,1.22,4.33,1.27,4.18,1.28,4.7
2020-01-21,Australian Open,1st Round,Hard,Karlovic I.,Pospisil V.,124.0,138.0,4.0,1.25,4.07,1.28,4.33,1.29
2020-01-21,Australian Open,1st Round,Hard,Gerasimov E.,Ruud C.,98.0,48.0,3.0,1.4,3.11,1.42,3.2,1.43
2020-01-21,Australian Open,1st Round,Hard,Basilashvili N.,Kwon S.W.,29.0,87.0,1.8,2.0,2.05,1.86,2.05,2.05
2020-01-21,Australian Open,1st Round,Hard,Munar J.,Gaston H.,90.0,247.0,1.3,3.5,1.3,3.89,1.32,4.0
2020-01-21,Australian Open,1st Round,Hard,Mmoh M.,Andujar P.,217.0,63.0,1.53,2.5,1.52,2.74,1.56,2.75
2020-01-21,Australian Open,1st Round,Hard,Schwartzman D.,Harris L.,14.0,72.0,1.33,3.4,1.41,3.17,1.42,4.0
2020-01-21,Australian Open,1st Round,Hard,Nadal R.,Dellien H.,1.0,73.0,1.005,29.0,1.01,32.09,1.02,35.0
2020-01-21,Australian Open,1st Round,Hard,Cilic M.,Moutet C.,39.0,70.0,1.5,2.62,1.44,3.02,1.56,3.02
2020-01-21,Australian Open,1st Round,Hard,Davidovich Fokina A.,Gombos N.,88.0,113.0,1.72,2.1,1.81,2.11,1.89,2.14
2020-01-21,Australian Open,1st Round,Hard,Hurkacz H.,Novak D.,31.0,99.0,1.36,3.2,1.45,3.0,1.45,3.3
2020-01-21,Australian Open,1st Round,Hard,Ito T.,Gunneswaran P.,146.0,123.0,2.37,1.57,2.55,1.58,2.55,1.67
2020-01-21,Australian Open,1st Round,Hard,Millman J.,Humbert U.,47.0,43.0,2.0,1.8,2.04,1.87,2.15,1.87
2020-01-21,Australian Open,1st Round,Hard,Paire B.,Stebe C.M.,21.0,154.0,1.36,3.2,1.44,3.02,1.44,3.5
2020-01-21,Australian Open,1st Round,Hard,Ymer M.,Uchiyama Y.,78.0,93.0,1.36,3.2,1.34,3.57,1.4,3.6
2020-01-21,Australian Open,1st Round,Hard,Bautista Agut R.,Lopez F.,9.0,57.0,1.12,6.0,1.17,5.92,1.18,6.6
2020-01-21,Australian Open,1st Round,Hard,Fognini F.,Opelka R.,12.0,38.0,2.0,1.8,2.19,1.76,2.19,1.82
2020-01-21,Australian Open,1st Round,Hard,Lajovic D.,Edmund K.,27.0,65.0,2.5,1.53,2.71,1.53,2.75,1.57
2020-01-21,Australian Open,1st Round,Hard,Polmans M.,Kukushkin M.,133.0,68.0,3.0,1.4,3.05,1.43,3.05,1.51
2020-01-21,Australian Open,1st Round,Hard,Sinner J.,Purcell M.,82.0,216.0,1.33,3.4,1.34,3.57,1.35,3.6
2020-01-21,Australian Open,1st Round,Hard,Paul T.,Mayer L.,80.0,101.0,1.33,3.4,1.39,3.29,1.39,3.6
2020-01-21,Australian Open,1st Round,Hard,Carreno Busta P.,Kovalik J.,30.0,139.0,1.11,6.5,1.13,7.2,1.13,8.0
2020-01-21,Australian Open,1st Round,Hard,Bedene A.,Duckworth J.,55.0,94.0,1.72,2.1,1.71,2.28,1.8,2.29
2020-01-21,Australian Open,1st Round,Hard,Raonic M.,Giustino L.,35.0,150.0,1.1,7.0,1.08,10.03,1.12,10.03
2020-01-21,Australian Open,1st Round,Hard,Krajinovic F.,Halys Q.,41.0,215.0,1.25,4.0,1.25,4.48,1.3,4.54
2020-01-21,Australian Open,1st Round,Hard,Gulbis E.,Auger-Aliassime F.,256.0,22.0,4.33,1.22,4.69,1.23,4.8,1.31
2020-01-21,Australian Open,1st Round,Hard,Thompson J.,Bublik A.,66.0,56.0,1.9,1.9,1.92,1.99,1.94,2.0
2020-01-21,Australian Open,1st Round,Hard,Sandgren T.,Trungelliti M.,100.0,202.0,1.53,2.5,1.55,2.65,1.56,2.78
2020-01-21,Australian Open,1st Round,Hard,Garin C.,Travaglia S.,36.0,74.0,1.72,2.1,1.78,2.16,1.8,2.16
2020-01-21,Australian Open,1st Round,Hard,Thiem D.,Mannarino A.,5.0,44.0,1.12,6.0,1.13,7.05,1.17,7.05
2020-01-21,Australian Open,1st Round,Hard,Khachanov K.,Vilella Martinez M.,17.0,196.0,1.05,11.0,1.06,12.54,1.06,14.5
2020-01-21,Australian Open,1st Round,Hard,Wawrinka S.,Dzumhur D.,15.0,92.0,1.14,5.5,1.14,6.93,1.16,6.93
2020-01-22,Australian Open,2nd Round,Hard,Paul T.,Dimitrov G.,80.0,20.0,3.2,1.36,3.37,1.37,3.37,1.38
2020-01-22,Australian Open,2nd Round,Hard,Fognini F.,Thompson J.,12.0,66.0,1.66,2.2,1.74,2.22,1.75,2.5
2020-01-22,Australian Open,2nd Round,Hard,Bautista Agut R.,Mmoh M.,9.0,217.0,1.08,8.0,1.09,9.17,1.11,11.3
2020-01-22,Australian Open,2nd Round,Hard,Millman J.,Hurkacz H.,47.0,31.0,2.0,1.8,2.1,1.83,2.2,1.85
2020-01-22,Australian Open,2nd Round,Hard,Lajovic D.,Polmans M.,27.0,133.0,1.22,4.33,1.24,4.62,1.26,4.82
2020-01-22,Australian Open,2nd Round,Hard,Raonic M.,Garin C.,35.0,36.0,1.28,3.75,1.31,3.79,1.38,3.83
2020-01-22,Australian Open,2nd Round,Hard,Tsitsipas S.,Kohlschreiber P.,6.0,79.0,1.14,5.5,1.18,5.76,1.18,6.2
2020-01-22,Australian Open,2nd Round,Hard,Federer R.,Krajinovic F.,3.0,41.0,1.02,17.0,1.03,17.74,1.07,25.0
2020-01-22,Australian Open,2nd Round,Hard,Djokovic N.,Ito T.,2.0,146.0,1.005,29.0,1.005,37.07,1.01,50.0
2020-01-22,Australian Open,2nd Round,Hard,Fucsovics M.,Sinner J.,67.0,82.0,2.1,1.72,2.12,1.81,2.2,1.84
2020-01-22,Australian Open,2nd Round,Hard,Schwartzman D.,Davidovich Fokina A.,14.0,88.0,1.12,6.0,1.17,5.84,1.2,6.55
2020-01-22,Australian Open,2nd Round,Hard,Cilic M.,Paire B.,39.0,21.0,1.4,3.0,1.39,3.3,1.43,3.35
2020-01-22,Australian Open,2nd Round,Hard,Nishioka Y.,Evans D.,71.0,32.0,2.3,1.61,2.41,1.64,2.41,1.75
2020-01-22,Australian Open,2nd Round,Hard,Pella G.,Barrere G.,25.0,84.0,1.4,3.0,1.44,3.02,1.48,3.05
2020-01-22,Australian Open,2nd Round,Hard,Querrey S.,Berankis R.,45.0,69.0,1.33,3.4,1.37,3.42,1.37,3.65
2020-01-22,Australian Open,2nd Round,Hard,Sandgren T.,Berrettini M.,100.0,8.0,4.5,1.2,5.03,1.21,5.05,1.27
2020-01-23,Australian Open,2nd Round,Hard,Nadal R.,Delbonis F.,1.0,76.0,29.0,0.967,1.01,29.89,1.02,35.0
2020-01-23,Australian Open,2nd Round,Hard,Fritz T.,Anderson K.,34.0,122.0,1.8,2.0,1.86,2.05,1.86,2.15
2020-01-23,Australian Open,2nd Round,Hard,Wawrinka S.,Seppi A.,15.0,85.0,1.22,4.33,1.21,5.09,1.24,5.09
2020-01-23,Australian Open,2nd Round,Hard,Kyrgios N.,Simon G.,26.0,61.0,1.2,4.5,1.21,5.02,1.22,5.5
2020-01-23,Australian Open,2nd Round,Hard,Carreno Busta P.,Gojowczyk P.,30.0,120.0,1.22,4.33,1.24,4.55,1.29,4.55
2020-01-23,Australian Open,2nd Round,Hard,Khachanov K.,Ymer M.,17.0,78.0,1.36,3.2,1.42,3.14,1.44,3.3
2020-01-23,Australian Open,2nd Round,Hard,Goffin D.,Herbert P.H.,11.0,64.0,1.14,5.5,1.15,6.61,1.16,7.0
2020-01-23,Australian Open,2nd Round,Hard,Isner J.,Tabilo A.,19.0,208.0,1.11,6.5,1.13,7.1,1.14,7.95
2020-01-23,Australian Open,2nd Round,Hard,Monfils G.,Karlovic I.,10.0,124.0,1.28,3.75,1.29,4.04,1.3,4.25
2020-01-23,Australian Open,2nd Round,Hard,Rublev A.,Sugita Y.,16.0,91.0,1.12,6.0,1.14,6.9,1.14,7.0
2020-01-23,Australian Open,2nd Round,Hard,Popyrin A.,Munar J.,96.0,90.0,1.44,2.75,1.43,3.09,1.48,3.1
2020-01-23,Australian Open,2nd Round,Hard,Zverev A.,Gerasimov E.,7.0,98.0,1.2,4.5,1.19,5.42,1.22,5.42
2020-01-23,Australian Open,2nd Round,Hard,Thiem D.,Bolt A.,5.0,140.0,1.07,9.0,1.11,8.18,1.11,11.5
2020-01-23,Australian Open,2nd Round,Hard,Medvedev D.,Martinez P.,4.0,168.0,1.01,21.0,1.01,27.94,1.02,35.0
2020-01-23,Australian Open,2nd Round,Hard,Gulbis E.,Bedene A.,256.0,55.0,3.0,1.4,3.04,1.44,3.1,1.55
2020-01-23,Australian Open,2nd Round,Hard,Verdasco F.,Basilashvili N.,51.0,29.0,1.61,2.3,1.56,2.6,1.68,2.6
2020-01-24,Australian Open,3rd Round,Hard,Raonic M.,Tsitsipas S.,35.0,6.0,3.2,1.36,3.22,1.4,3.36,1.4
2020-01-24,Australian Open,3rd Round,Hard,Federer R.,Millman J.,3.0,47.0,1.04,13.0,1.07,11.39,1.07,13.0
2020-01-24,Australian Open,3rd Round,Hard,Fognini F.,Pella G.,12.0,25.0,2.1,1.72,2.13,1.8,2.28,1.8
2020-01-24,Australian Open,3rd Round,Hard,Sandgren T.,Querrey S.,100.0,45.0,2.37,1.57,2.77,1.51,2.77,1.62
2020-01-24,Australian Open,3rd Round,Hard,Schwartzman D.,Lajovic D.,14.0,27.0,1.36,3.2,1.37,3.39,1.44,3.54
2020-01-24,Australian Open,3rd Round,Hard,Cilic M.,Bautista Agut R.,39.0,9.0,3.2,1.36,3.56,1.34,3.56,1.4
2020-01-24,Australian Open,3rd Round,Hard,Fucsovics M.,Paul T.,67.0,80.0,1.72,2.1,1.78,2.17,1.78,2.2
2020-01-24,Australian Open,3rd Round,Hard,Djokovic N.,Nishioka Y.,2.0,71.0,1.01,23.0,1.01,27.33,1.02,35.0
2020-01-25,Australian Open,3rd Round,Hard,Medvedev D.,Popyrin A.,4.0,96.0,1.1,7.0,1.11,8.13,1.12,8.55
2020-01-25,Australian Open,3rd Round,Hard,Kyrgios N.,Khachanov K.,26.0,17.0,1.36,3.2,1.4,3.23,1.41,3.36
2020-01-25,Australian Open,3rd Round,Hard,Wawrinka S.,Isner J.,15.0,19.0,1.66,2.2,1.61,2.49,1.75,2.49
2020-01-25,Australian Open,3rd Round,Hard,Zverev A.,Verdasco F.,7.0,51.0,1.44,2.75,1.43,3.07,1.46,3.07
2020-01-25,Australian Open,3rd Round,Hard,Rublev A.,Goffin D.,16.0,11.0,1.5,2.62,1.47,2.91,1.55,2.91
2020-01-25,Australian Open,3rd Round,Hard,Thiem D.,Fritz T.,5.0,34.0,1.4,3.0,1.39,3.27,1.43,3.27
2020-01-25,Australian Open,3rd Round,Hard,Monfils G.,Gulbis E.,10.0,256.0,1.53,2.5,1.44,3.01,1.56,3.03
2020-01-25,Australian Open,3rd Round,Hard,Nadal R.,Carreno Busta P.,1.0,30.0,1.03,15.0,1.05,14.64,1.05,20.0
2020-01-26,Australian Open,4th Round,Hard,Raonic M.,Cilic M.,35.0,39.0,1.53,2.5,1.56,2.64,1.58,2.66
2020-01-26,Australian Open,4th Round,Hard,Djokovic N.,Schwartzman D.,2.0,14.0,1.04,13.0,1.05,14.57,1.06,14.57
2020-01-26,Australian Open,4th Round,Hard,Sandgren T.,Fognini F.,100.0,12.0,2.37,1.57,2.49,1.62,2.5,1.63
2020-01-26,Australian Open,4th Round,Hard,Federer R.,Fucsovics M.,3.0,67.0,1.14,5.5,1.16,6.35,1.2,6.35
2020-01-27,Australian Open,4th Round,Hard,Zverev A.,Rublev A.,7.0,16.0,2.0,1.8,2.16,1.79,2.16,1.91
2020-01-27,Australian Open,4th Round,Hard,Thiem D.,Monfils G.,5.0,10.0,1.3,3.5,1.34,3.64,1.36,3.7
2020-01-27,Australian Open,4th Round,Hard,Wawrinka S.,Medvedev D.,15.0,4.0,3.75,1.28,4.03,1.3,4.03,1.32
2020-01-27,Australian Open,4th Round,Hard,Nadal R.,Kyrgios N.,1.0,26.0,1.16,5.0,1.18,5.84,1.2,6.15
2020-01-28,Australian Open,Quarterfinals,Hard,Djokovic N.,Raonic M.,2.0,35.0,1.12,6.0,1.13,7.35,1.16,7.35
2020-01-28,Australian Open,Quarterfinals,Hard,Federer R.,Sandgren T.,3.0,100.0,1.08,8.0,1.11,8.71,1.12,9.3
2020-01-29,Australian Open,Quarterfinals,Hard,Zverev A.,Wawrinka S.,7.0,15.0,1.66,2.2,1.7,2.31,1.72,2.33
2020-01-29,Australian Open,Quarterfinals,Hard,Thiem D.,Nadal R.,5.0,1.0,3.2,1.36,3.73,1.33,3.73,1.37
2020-01-30,Australian Open,Semifinals,Hard,Djokovic N.,Federer R.,2.0,3.0,1.11,6.5,1.14,6.84,1.15,7.1
2020-01-31,Australian Open,Semifinals,Hard,Thiem D.,Zverev A.,5.0,7.0,1.5,2.62,1.53,2.73,1.54,2.92
2020-02-02,Australian Open,The Final,Hard,Djokovic N.,Thiem D.,2.0,5.0,1.25,4.0,1.27,4.27,1.33,4.27
2020-02-03,Maharashtra Open,1st Round,Hard,Troicki V.,Nagal S.,191.0,125.0,1.4,2.75,1.47,2.85,1.48,2.93
2020-02-03,Maharashtra Open,1st Round,Hard,Sugita Y.,Fabbiano T.,86.0,134.0,1.4,2.75,1.45,2.95,1.45,3.25
2020-02-03,Maharashtra Open,1st Round,Hard,Stebe C.M.,Karlovic I.,149.0,121.0,2.1,1.66,2.3,1.68,2.38,1.73
2020-02-03,Open Sud de France,1st Round,Hard,Gombos N.,Carreno Busta P.,104.0,29.0,2.62,1.44,2.85,1.47,2.97,1.53
2020-02-03,Open Sud de France,1st Round,Hard,Barrere G.,Sousa J.,91.0,69.0,1.57,2.25,1.66,2.34,1.7,2.38
2020-02-03,Open Sud de France,1st Round,Hard,Pospisil V.,Bedene A.,132.0,51.0,1.8,1.9,1.78,2.15,1.94,2.15
2020-02-03,Maharashtra Open,1st Round,Hard,Caruso S.,Ramanathan R.,98.0,182.0,1.83,1.83,2.02,1.88,2.02,2.05
2020-02-03,Cordoba Open,1st Round,Clay,Mager G.,Ficovich J.P.,133.0,244.0,1.83,1.83,1.94,1.94,2.0,2.0
2020-02-03,Cordoba Open,1st Round,Clay,Balazs A.,Sonego L.,108.0,52.0,2.5,1.5,2.41,1.63,2.84,1.63
2020-02-03,Cordoba Open,1st Round,Clay,Cuevas P.,Delbonis F.,48.0,74.0,2.1,1.66,2.44,1.61,2.45,1.72
2020-02-04,Cordoba Open,1st Round,Clay,Taberner C.,Verdasco F.,198.0,49.0,2.5,1.5,2.97,1.44,3.0,1.55
2020-02-04,Open Sud de France,1st Round,Hard,Bublik A.,Laaksonen H.,54.0,112.0,1.4,2.75,1.42,3.07,1.44,3.3
2020-02-04,Open Sud de France,1st Round,Hard,Ymer M.,Sinner J.,76.0,78.0,2.2,1.61,2.18,1.75,2.3,1.75
2020-02-04,Open Sud de France,1st Round,Hard,Ruusuvuori E.,Novak D.,101.0,93.0,1.66,2.1,1.65,2.37,1.72,2.45
2020-02-04,Open Sud de France,1st Round,Hard,Krajinovic F.,Couacaud E.,44.0,214.0,1.36,3.0,1.48,2.82,1.48,3.4
2020-02-04,Open Sud de France,1st Round,Hard,Herbert P.H.,Stakhovsky S.,67.0,153.0,1.36,3.0,1.35,3.47,1.39,3.6
2020-02-04,Open Sud de France,1st Round,Hard,Auger-Aliassime F.,Dzumhur D.,21.0,97.0,1.53,2.37,1.57,2.55,1.59,2.6
2020-02-04,Cordoba Open,1st Round,Clay,Andujar P.,Horansky F.,63.0,173.0,,,,,1.2,6.4
2020-02-04,Maharashtra Open,1st Round,Hard,Duckworth J.,Gojowczyk P.,96.0,106.0,1.72,2.0,1.8,2.11,1.91,2.2
2020-02-04,Maharashtra Open,1st Round,Hard,Gerasimov E.,Lorenzi P.,90.0,115.0,1.33,3.25,1.41,3.14,1.41,3.45
2020-02-04,Maharashtra Open,1st Round,Hard,Marcora R.,Rosol L.,174.0,176.0,2.37,1.53,2.3,1.68,2.57,1.68
2020-02-04,Maharashtra Open,1st Round,Hard,Milojevic N.,Hoang A.,148.0,126.0,1.57,2.25,1.71,2.24,1.8,2.33
2020-02-04,Maharashtra Open,1st Round,Hard,Ivashka I.,Donskoy E.,152.0,109.0,1.53,2.37,1.58,2.53,1.67,2.53
2020-02-04,Cordoba Open,1st Round,Clay,Ramos-Vinolas A.,Bagnis F.,42.0,135.0,1.5,2.5,1.61,2.44,1.62,2.75
2020-02-04,Maharashtra Open,1st Round,Hard,Gunneswaran P.,Maden Y.,122.0,131.0,1.57,2.25,1.64,2.38,1.67,2.38
2020-02-04,Cordoba Open,1st Round,Clay,Martin A.,Coria F.,100.0,116.0,1.8,1.9,1.83,2.07,1.99,2.07
2020-02-04,Cordoba Open,1st Round,Clay,Martinez P.,Gaio F.,150.0,124.0,,,,,1.76,2.08
2020-02-04,Maharashtra Open,1st Round,Hard,Vesely J.,Kadhe A.,107.0,612.0,1.08,8.0,1.1,8.4,1.11,9.0
2020-02-04,Cordoba Open,1st Round,Clay,Moutet C.,Monteiro T.,71.0,89.0,2.0,1.72,2.27,1.7,2.3,1.95
2020-02-04,Cordoba Open,1st Round,Clay,Cachin P.,Dellien H.,354.0,77.0,3.25,1.33,3.13,1.41,3.25,1.5
2020-02-04,Cordoba Open,1st Round,Clay,Londero J.I.,Cecchinato M.,50.0,72.0,1.57,2.25,1.65,2.36,1.72,2.38
2020-02-05,Cordoba Open,2nd Round,Clay,Cuevas P.,Mager G.,48.0,133.0,1.4,2.75,1.47,2.93,1.48,3.22
2020-02-05,Maharashtra Open,1st Round,Hard,Daniel T.,Mukund S.,102.0,263.0,1.36,3.0,1.4,3.18,1.43,3.3
2020-02-05,Cordoba Open,2nd Round,Clay,Moutet C.,Pella G.,71.0,22.0,2.1,1.66,2.69,1.53,2.8,1.69
2020-02-05,Open Sud de France,2nd Round,Hard,Pospisil V.,Shapovalov D.,132.0,16.0,2.62,1.44,2.85,1.48,2.89,1.55
2020-02-05,Open Sud de France,2nd Round,Hard,Barrere G.,Dimitrov G.,91.0,23.0,2.62,1.44,2.98,1.45,3.2,1.51
2020-02-05,Open Sud de France,1st Round,Hard,Gasquet R.,Simon G.,58.0,59.0,3.0,1.36,3.0,1.44,3.1,1.46
2020-02-05,Open Sud de France,1st Round,Hard,Lopez F.,Humbert U.,55.0,43.0,2.62,1.44,2.83,1.48,3.1,1.5
2020-02-05,Open Sud de France,1st Round,Hard,Mannarino A.,Popyrin A.,45.0,99.0,1.72,2.0,1.75,2.19,1.83,2.2
2020-02-05,Maharashtra Open,2nd Round,Hard,Sugita Y.,Troicki V.,86.0,191.0,1.53,2.37,1.59,2.52,1.63,2.55
2020-02-05,Maharashtra Open,2nd Round,Hard,Ivashka I.,Travaglia S.,152.0,82.0,1.61,2.2,1.63,2.44,1.67,2.44
2020-02-05,Cordoba Open,1st Round,Clay,Munar J.,Mayer L.,87.0,103.0,1.8,1.9,1.74,2.2,1.85,2.2
2020-02-05,Cordoba Open,2nd Round,Clay,Martin A.,Taberner C.,100.0,198.0,2.0,1.72,2.16,1.78,2.21,1.92
2020-02-05,Maharashtra Open,2nd Round,Hard,Vesely J.,Caruso S.,107.0,98.0,1.61,2.2,1.71,2.27,1.74,2.33
2020-02-05,Maharashtra Open,2nd Round,Hard,Berankis R.,Stebe C.M.,73.0,149.0,1.83,1.83,1.83,2.09,1.91,2.09
2020-02-06,Cordoba Open,2nd Round,Clay,Ramos-Vinolas A.,Andujar P.,42.0,63.0,1.72,2.0,1.83,2.09,1.87,2.33
2020-02-06,Cordoba Open,2nd Round,Clay,Djere L.,Martinez P.,39.0,150.0,1.57,2.25,1.71,2.27,1.71,2.56
2020-02-06,Cordoba Open,2nd Round,Clay,Garin C.,Balazs A.,31.0,108.0,1.44,2.62,1.43,3.06,1.49,3.06
2020-02-06,Open Sud de France,2nd Round,Hard,Gasquet R.,Lopez F.,58.0,55.0,1.9,1.8,1.85,2.06,1.98,2.1
2020-02-06,Open Sud de France,2nd Round,Hard,Herbert P.H.,Auger-Aliassime F.,67.0,21.0,2.25,1.57,2.2,1.75,2.56,1.77
2020-02-06,Open Sud de France,2nd Round,Hard,Gombos N.,Ruusuvuori E.,104.0,101.0,2.2,1.61,2.41,1.64,2.46,1.67
2020-02-06,Open Sud de France,2nd Round,Hard,Goffin D.,Bublik A.,10.0,54.0,1.33,3.25,1.36,3.45,1.4,4.1
2020-02-06,Open Sud de France,2nd Round,Hard,Krajinovic F.,Ymer M.,44.0,76.0,1.72,2.0,1.83,2.09,1.85,2.1
2020-02-06,Maharashtra Open,2nd Round,Hard,Duckworth J.,Daniel T.,96.0,102.0,1.61,2.2,1.7,2.29,1.71,2.46
2020-02-06,Maharashtra Open,2nd Round,Hard,Gerasimov E.,Milojevic N.,90.0,148.0,1.53,2.37,1.63,2.44,1.63,2.55
2020-02-06,Maharashtra Open,2nd Round,Hard,Kwon S.W.,Gunneswaran P.,88.0,122.0,1.72,2.0,1.72,2.26,1.8,2.26
2020-02-06,Maharashtra Open,2nd Round,Hard,Marcora R.,Paire B.,174.0,19.0,3.0,1.36,3.51,1.35,3.51,1.41
2020-02-06,Open Sud de France,2nd Round,Hard,Monfils G.,Mannarino A.,9.0,45.0,1.57,2.25,1.6,2.51,1.65,2.56
2020-02-07,Maharashtra Open,Quarterfinals,Hard,Berankis R.,Sugita Y.,73.0,86.0,1.8,2.0,1.77,2.2,1.83,2.2
2020-02-07,Maharashtra Open,Quarterfinals,Hard,Vesely J.,Ivashka I.,107.0,152.0,2.2,1.66,2.21,1.76,2.3,1.76
2020-02-07,Maharashtra Open,Quarterfinals,Hard,Gerasimov E.,Kwon S.W.,90.0,88.0,1.9,1.9,2.02,1.9,2.02,1.91
2020-02-07,Cordoba Open,2nd Round,Clay,Schwartzman D.,Munar J.,14.0,87.0,1.28,3.5,1.31,3.81,1.31,3.9
2020-02-07,Maharashtra Open,Quarterfinals,Hard,Duckworth J.,Marcora R.,96.0,174.0,1.53,2.5,1.65,2.41,1.7,2.5
2020-02-07,Open Sud de France,Quarterfinals,Hard,Goffin D.,Herbert P.H.,10.0,67.0,1.5,2.62,1.61,2.52,1.61,2.72
2020-02-07,Open Sud de France,Quarterfinals,Hard,Monfils G.,Gombos N.,9.0,104.0,1.28,3.75,1.33,3.73,1.33,3.8
2020-02-07,Open Sud de France,Quarterfinals,Hard,Pospisil V.,Gasquet R.,132.0,58.0,1.5,2.62,1.48,2.9,1.54,2.93
2020-02-07,Open Sud de France,Quarterfinals,Hard,Krajinovic F.,Barrere G.,44.0,91.0,1.53,2.5,1.62,2.49,1.62,2.65
2020-02-07,Cordoba Open,2nd Round,Clay,Londero J.I.,Cachin P.,50.0,354.0,1.22,4.0,1.26,4.34,1.29,4.4
2020-02-07,Cordoba Open,Quarterfinals,Clay,Martin A.,Moutet C.,100.0,71.0,2.37,1.57,2.37,1.67,2.55,1.67
2020-02-07,Cordoba Open,Quarterfinals,Clay,Garin C.,Cuevas P.,31.0,48.0,1.53,2.5,1.57,2.6,1.58,2.75
2020-02-07,Cordoba Open,Quarterfinals,Clay,Schwartzman D.,Ramos-Vinolas A.,14.0,42.0,1.25,4.0,1.2,5.32,1.28,5.32
2020-02-08,Cordoba Open,Semifinals,Clay,Garin C.,Martin A.,31.0,100.0,1.5,2.62,1.61,2.52,1.61,2.88
2020-02-08,Maharashtra Open,Semifinals,Hard,Vesely J.,Berankis R.,107.0,73.0,2.0,1.8,2.02,1.91,2.1,1.91
2020-02-08,Open Sud de France,Semifinals,Hard,Pospisil V.,Goffin D.,132.0,10.0,2.5,1.53,2.65,1.56,2.82,1.57
2020-02-08,Maharashtra Open,Semifinals,Hard,Gerasimov E.,Duckworth J.,90.0,96.0,1.66,2.2,1.75,2.23,1.78,2.3
2020-02-08,Open Sud de France,Semifinals,Hard,Monfils G.,Krajinovic F.,9.0,44.0,1.72,2.1,1.71,2.3,1.75,2.5
2020-02-08,Cordoba Open,Quarterfinals,Clay,Djere L.,Londero J.I.,39.0,50.0,2.2,1.66,2.33,1.69,2.35,1.73
2020-02-09,Maharashtra Open,The Final,Hard,Vesely J.,Gerasimov E.,107.0,90.0,2.37,1.57,2.51,1.61,2.55,1.64
2020-02-09,Cordoba Open,Semifinals,Clay,Schwartzman D.,Djere L.,14.0,39.0,1.16,5.0,1.18,5.78,1.22,5.78
2020-02-09,Open Sud de France,The Final,Hard,Monfils G.,Pospisil V.,9.0,132.0,1.44,2.75,1.49,2.89,1.54,2.9
2020-02-09,Cordoba Open,The Final,Clay,Garin C.,Schwartzman D.,31.0,14.0,3.0,1.4,3.28,1.4,3.28,1.44
2020-02-10,ABN AMRO World Tennis Tournament,1st Round,Hard,Bautista Agut R.,Fucsovics M.,12.0,66.0,1.53,2.37,1.58,2.53,1.59,2.57
2020-02-10,ABN AMRO World Tennis Tournament,1st Round,Hard,Dimitrov G.,Shapovalov D.,22.0,16.0,1.83,1.83,1.85,2.04,2.02,2.04
2020-02-10,New York Open,1st Round,Hard,Seppi A.,Dzumhur D.,98.0,100.0,2.0,1.72,2.05,1.85,2.12,1.87
2020-02-10,New York Open,1st Round,Hard,Kecmanovic M.,Paul T.,54.0,70.0,2.2,1.61,2.21,1.74,2.3,1.74
2020-02-10,ABN AMRO World Tennis Tournament,1st Round,Hard,Evans D.,Kohlschreiber P.,33.0,81.0,2.0,1.72,2.27,1.7,2.27,1.78
2020-02-10,ABN AMRO World Tennis Tournament,1st Round,Hard,Carreno Busta P.,Mannarino A.,30.0,44.0,1.72,2.0,1.72,2.23,1.81,2.3
2020-02-10,Argentina Open,1st Round,Clay,Monteiro T.,Munar J.,92.0,95.0,1.9,1.8,1.93,1.96,2.0,2.0
2020-02-10,Argentina Open,1st Round,Clay,Ruud C.,Andujar P.,45.0,58.0,1.61,2.2,1.74,2.2,1.8,2.27
2020-02-10,Argentina Open,1st Round,Clay,Cuevas P.,Sonego L.,48.0,49.0,1.53,2.37,1.61,2.44,1.62,2.55
2020-02-11,Argentina Open,1st Round,Clay,Kovalik J.,Moutet C.,129.0,76.0,2.1,1.66,2.1,1.81,2.25,1.81
2020-02-11,New York Open,1st Round,Hard,Nishioka Y.,Laaksonen H.,64.0,114.0,1.25,3.75,1.25,4.31,1.32,4.31
2020-02-11,New York Open,1st Round,Hard,Koepfer D.,Schnur B.,94.0,121.0,1.5,2.5,1.71,2.25,1.72,2.5
2020-02-11,New York Open,1st Round,Hard,Lorenzi P.,Petrovic D.,116.0,159.0,1.83,1.83,2.06,1.83,2.06,1.89
2020-02-11,New York Open,1st Round,Hard,Edmund K.,Uchiyama Y.,62.0,97.0,1.3,3.4,1.33,3.59,1.35,3.74
2020-02-11,New York Open,1st Round,Hard,Kwon S.W.,Soeda G.,84.0,112.0,1.61,2.2,1.62,2.43,1.66,2.55
2020-02-11,New York Open,1st Round,Hard,Thompson J.,Karlovic I.,63.0,122.0,1.72,2.0,1.86,2.03,1.86,2.2
2020-02-11,New York Open,1st Round,Hard,Giron M.,Sock J.,113.0,,1.72,2.0,1.83,2.07,1.83,2.21
2020-02-11,New York Open,1st Round,Hard,Johnson S.,Sandgren T.,75.0,53.0,2.0,1.72,2.24,1.71,2.24,1.8
2020-02-11,Argentina Open,1st Round,Clay,Delbonis F.,Dellien H.,87.0,77.0,1.36,3.0,1.43,3.04,1.44,3.2
2020-02-11,ABN AMRO World Tennis Tournament,1st Round,Hard,Auger-Aliassime F.,Struff J.L.,21.0,34.0,2.1,1.66,2.16,1.76,2.2,1.77
2020-02-11,ABN AMRO World Tennis Tournament,1st Round,Hard,Bublik A.,Barrere G.,56.0,90.0,2.1,1.66,2.06,1.84,2.12,1.85
2020-02-11,ABN AMRO World Tennis Tournament,1st Round,Hard,Khachanov K.,Fognini F.,17.0,11.0,1.5,2.5,1.57,2.55,1.59,2.66
2020-02-11,ABN AMRO World Tennis Tournament,1st Round,Hard,Rublev A.,Basilashvili N.,15.0,28.0,1.33,3.25,1.33,3.62,1.37,3.62
2020-02-11,ABN AMRO World Tennis Tournament,1st Round,Hard,Bedene A.,Paire B.,52.0,19.0,1.8,1.9,1.93,1.95,1.96,2.0
2020-02-11,ABN AMRO World Tennis Tournament,1st Round,Hard,Tsitsipas S.,Hurkacz H.,6.0,29.0,1.36,3.0,1.32,3.66,1.4,3.66
2020-02-11,ABN AMRO World Tennis Tournament,1st Round,Hard,Krajinovic F.,Griekspoor T.,39.0,172.0,1.22,4.0,1.31,3.74,1.35,4.2
2020-02-11,Argentina Open,1st Round,Clay,Carballes Baena R.,Cecchinato M.,88.0,73.0,3.0,1.36,3.23,1.39,3.28,1.47
2020-02-11,Argentina Open,1st Round,Clay,Sousa P.,Diaz Acosta F.,145.0,471.0,1.36,3.0,,,1.4,3.3
2020-02-11,Argentina Open,1st Round,Clay,Martinez P.,Domingues J.,142.0,175.0,,,,,1.44,2.81
2020-02-11,Argentina Open,1st Round,Clay,Djere L.,Cerundolo F.,35.0,239.0,1.4,2.75,1.54,2.64,1.54,3.1
2020-02-11,Argentina Open,1st Round,Clay,Londero J.I.,Horansky F.,69.0,182.0,1.28,3.5,1.31,3.77,1.33,4.08
2020-02-11,Argentina Open,1st Round,Clay,Bagnis F.,Martin A.,134.0,93.0,2.1,1.66,2.08,1.82,2.25,1.82
2020-02-12,ABN AMRO World Tennis Tournament,2nd Round,Hard,Auger-Aliassime F.,Dimitrov G.,21.0,22.0,2.37,1.53,2.51,1.6,2.56,1.67
2020-02-12,ABN AMRO World Tennis Tournament,2nd Round,Hard,Carreno Busta P.,Bautista Agut R.,30.0,12.0,3.0,1.36,3.32,1.38,3.32,1.42
2020-02-12,ABN AMRO World Tennis Tournament,1st Round,Hard,Pospisil V.,Medvedev D.,104.0,5.0,4.33,1.2,5.15,1.2,5.45,1.22
2020-02-12,ABN AMRO World Tennis Tournament,1st Round,Hard,Monfils G.,Sousa J.,9.0,68.0,1.16,5.0,1.17,5.85,1.21,5.85
2020-02-12,ABN AMRO World Tennis Tournament,1st Round,Hard,Goffin D.,Haase R.,10.0,167.0,1.14,5.5,1.16,6.11,1.17,6.2
2020-02-12,ABN AMRO World Tennis Tournament,1st Round,Hard,Simon G.,Kukushkin M.,57.0,67.0,1.9,1.8,2.16,1.76,2.18,1.87
2020-02-12,ABN AMRO World Tennis Tournament,2nd Round,Hard,Evans D.,Khachanov K.,33.0,17.0,2.37,1.53,2.57,1.57,2.61,1.62
2020-02-12,ABN AMRO World Tennis Tournament,1st Round,Hard,Sinner J.,Albot R.,79.0,50.0,1.33,3.25,1.4,3.18,1.43,3.4
2020-02-12,Argentina Open,2nd Round,Clay,Lajovic D.,Martinez P.,23.0,142.0,1.44,2.62,1.6,2.51,1.6,2.79
2020-02-12,New York Open,2nd Round,Hard,Seppi A.,Johnson S.,98.0,75.0,2.37,1.53,2.56,1.58,2.56,1.61
2020-02-12,Argentina Open,1st Round,Clay,Ramos-Vinolas A.,Mayer L.,42.0,107.0,1.53,2.37,1.7,2.26,1.71,2.55
2020-02-12,Argentina Open,2nd Round,Clay,Sousa P.,Kovalik J.,145.0,129.0,3.25,1.33,3.14,1.42,3.58,1.42
2020-02-12,Argentina Open,2nd Round,Clay,Ruud C.,Carballes Baena R.,45.0,88.0,1.3,3.4,1.35,3.49,1.41,3.5
2020-02-12,New York Open,2nd Round,Hard,Kecmanovic M.,Lorenzi P.,54.0,116.0,1.28,3.5,1.29,4.01,1.33,4.01
2020-02-12,New York Open,1st Round,Hard,Jung J.,Anderson K.,131.0,120.0,3.4,1.3,3.69,1.32,3.7,1.33
2020-02-12,New York Open,1st Round,Hard,Norrie C.,Shi B.,59.0,,1.03,15.0,1.03,18.1,1.05,21.0
2020-02-13,New York Open,2nd Round,Hard,Kwon S.W.,Raonic M.,84.0,32.0,4.5,1.18,5.3,1.2,5.3,1.22
2020-02-13,ABN AMRO World Tennis Tournament,2nd Round,Hard,Monfils G.,Simon G.,9.0,57.0,1.33,3.25,1.41,3.19,1.41,3.75
2020-02-13,ABN AMRO World Tennis Tournament,2nd Round,Hard,Bedene A.,Tsitsipas S.,52.0,6.0,4.0,1.22,5.04,1.21,5.04,1.24
2020-02-13,ABN AMRO World Tennis Tournament,2nd Round,Hard,Rublev A.,Bublik A.,15.0,56.0,1.16,5.0,1.19,5.38,1.22,5.4
2020-02-13,ABN AMRO World Tennis Tournament,2nd Round,Hard,Sinner J.,Goffin D.,79.0,10.0,3.0,1.36,3.53,1.35,3.55,1.4
2020-02-13,Argentina Open,2nd Round,Clay,Monteiro T.,Coric B.,92.0,31.0,1.72,2.0,1.72,2.26,1.8,2.26
2020-02-13,Argentina Open,2nd Round,Clay,Londero J.I.,Djere L.,69.0,35.0,1.72,2.0,1.91,2.0,1.91,2.07
2020-02-13,Argentina Open,2nd Round,Clay,Cuevas P.,Ramos-Vinolas A.,48.0,42.0,1.57,2.25,1.71,2.27,1.74,2.33
2020-02-13,Argentina Open,2nd Round,Clay,Pella G.,Bagnis F.,27.0,134.0,1.44,2.62,1.5,2.8,1.5,3.0
2020-02-13,ABN AMRO World Tennis Tournament,2nd Round,Hard,Krajinovic F.,Pospisil V.,39.0,104.0,1.83,1.83,2.05,1.86,2.05,1.94
2020-02-13,New York Open,2nd Round,Hard,Opelka R.,Nishioka Y.,40.0,64.0,1.53,2.37,1.55,2.63,1.63,2.63
2020-02-13,New York Open,2nd Round,Hard,Edmund K.,Koepfer D.,62.0,94.0,1.4,2.75,1.43,3.06,1.49,3.11
2020-02-13,New York Open,2nd Round,Hard,Humbert U.,Giron M.,43.0,113.0,1.28,3.5,1.33,3.68,1.35,3.74
2020-02-13,New York Open,2nd Round,Hard,Jung J.,Norrie C.,131.0,59.0,1.9,1.8,2.23,1.74,2.25,1.91
2020-02-14,Argentina Open,Quarterfinals,Clay,Londero J.I.,Pella G.,69.0,27.0,1.9,1.9,2.11,1.83,2.11,2.07
2020-02-14,Argentina Open,Quarterfinals,Clay,Ruud C.,Lajovic D.,45.0,23.0,1.5,2.62,1.55,2.66,1.55,2.77
2020-02-14,Argentina Open,2nd Round,Clay,Schwartzman D.,Delbonis F.,14.0,87.0,1.2,4.33,1.25,4.44,1.25,4.6
2020-02-14,ABN AMRO World Tennis Tournament,Quarterfinals,Hard,Krajinovic F.,Rublev A.,39.0,15.0,3.4,1.33,3.41,1.38,3.6,1.38
2020-02-14,New York Open,2nd Round,Hard,Thompson J.,Isner J.,63.0,18.0,2.5,1.5,2.66,1.54,2.69,1.57
2020-02-14,ABN AMRO World Tennis Tournament,Quarterfinals,Hard,Auger-Aliassime F.,Bedene A.,21.0,52.0,1.5,2.62,1.51,2.81,1.61,2.81
2020-02-14,ABN AMRO World Tennis Tournament,Quarterfinals,Hard,Carreno Busta P.,Sinner J.,30.0,79.0,1.8,2.0,1.85,2.09,1.87,2.1
2020-02-14,New York Open,Quarterfinals,Hard,Edmund K.,Kwon S.W.,62.0,84.0,1.61,2.3,1.6,2.55,1.68,2.55
2020-02-14,New York Open,Quarterfinals,Hard,Kecmanovic M.,Humbert U.,54.0,43.0,2.1,1.72,2.18,1.78,2.23,1.79
2020-02-14,Argentina Open,Quarterfinals,Clay,Schwartzman D.,Cuevas P.,14.0,48.0,1.33,3.4,1.34,3.67,1.38,3.67
2020-02-14,ABN AMRO World Tennis Tournament,Quarterfinals,Hard,Monfils G.,Evans D.,9.0,33.0,1.44,2.75,1.53,2.74,1.54,2.84
2020-02-15,ABN AMRO World Tennis Tournament,Semifinals,Hard,Auger-Aliassime F.,Carreno Busta P.,21.0,30.0,1.53,2.5,1.56,2.64,1.61,2.64
2020-02-15,ABN AMRO World Tennis Tournament,Semifinals,Hard,Monfils G.,Krajinovic F.,9.0,39.0,1.61,2.3,1.58,2.58,1.63,2.58
2020-02-15,Argentina Open,Semifinals,Clay,Sousa P.,Schwartzman D.,145.0,14.0,2.5,1.53,2.59,1.58,2.6,1.58
2020-02-15,New York Open,Quarterfinals,Hard,Jung J.,Opelka R.,131.0,40.0,3.4,1.33,3.42,1.38,3.55,1.4
2020-02-15,New York Open,Quarterfinals,Hard,Seppi A.,Thompson J.,98.0,63.0,2.1,1.72,2.0,1.93,2.11,1.93
2020-02-15,New York Open,Semifinals,Hard,Edmund K.,Kecmanovic M.,62.0,54.0,1.8,2.0,1.85,2.08,1.87,2.08
2020-02-15,Argentina Open,Quarterfinals,Clay,Sousa P.,Monteiro T.,145.0,92.0,3.5,1.3,3.54,1.36,3.6,1.36
2020-02-15,Argentina Open,Semifinals,Clay,Ruud C.,Londero J.I.,45.0,69.0,1.57,2.37,1.54,2.69,1.63,2.69
2020-02-16,New York Open,Semifinals,Hard,Seppi A.,Jung J.,98.0,131.0,1.72,2.1,1.73,2.26,1.77,2.3
2020-02-16,New York Open,The Final,Hard,Edmund K.,Seppi A.,62.0,98.0,1.36,3.2,1.41,3.22,1.43,3.32
2020-02-16,ABN AMRO World Tennis Tournament,The Final,Hard,Monfils G.,Auger-Aliassime F.,9.0,21.0,1.57,2.37,1.62,2.49,1.64,2.55
2020-02-16,Argentina Open,The Final,Clay,Ruud C.,Sousa P.,45.0,145.0,1.14,5.5,1.15,6.51,1.2,6.51
2020-02-17,Open 13,1st Round,Hard,Bublik A.,Fucsovics M.,55.0,73.0,2.5,1.5,2.75,1.5,2.82,1.53
2020-02-17,Rio Open,1st Round,Clay,Delbonis F.,Carballes Baena R.,86.0,93.0,1.57,2.25,1.65,2.36,1.7,2.4
2020-02-17,Rio Open,1st Round,Clay,Garin C.,Martin A.,25.0,94.0,1.25,3.75,1.32,3.66,1.32,4.0
2020-02-17,Rio Open,1st Round,Clay,Andujar P.,Verdasco F.,59.0,49.0,2.25,1.57,2.24,1.71,2.35,1.71
2020-02-17,Rio Open,1st Round,Clay,Martinez P.,Dellien H.,133.0,78.0,1.72,2.0,1.85,2.05,1.85,2.2
2020-02-17,Rio Open,1st Round,Clay,Seyboth Wild T.,Davidovich Fokina A.,206.0,90.0,2.25,1.57,2.34,1.66,2.5,1.69
2020-02-17,Rio Open,1st Round,Clay,Coria F.,Moutet C.,116.0,77.0,2.25,1.57,2.27,1.7,2.3,1.73
2020-02-17,Delray Beach Open,1st Round,Hard,Mcdonald M.,Uchiyama Y.,159.0,96.0,1.61,2.2,1.62,2.43,1.67,2.5
2020-02-17,Delray Beach Open,1st Round,Hard,Nakashima B.,Vesely J.,294.0,74.0,2.0,1.72,2.05,1.85,2.28,1.88
2020-02-17,Open 13,1st Round,Hard,Paire B.,Barrere G.,20.0,89.0,1.61,2.2,1.74,2.21,1.77,2.27
2020-02-17,Delray Beach Open,1st Round,Hard,Harrison R.,Dzumhur D.,433.0,108.0,3.25,1.33,3.58,1.33,3.65,1.4
2020-02-17,Delray Beach Open,1st Round,Hard,Kwon S.W.,Mannarino A.,82.0,42.0,1.8,1.9,2.0,1.89,2.0,2.06
2020-02-17,Delray Beach Open,1st Round,Hard,Nishioka Y.,Millman J.,63.0,40.0,1.83,1.83,2.02,1.88,2.02,2.0
2020-02-17,Open 13,1st Round,Hard,Ymer M.,Gasquet R.,75.0,57.0,1.72,2.0,1.77,2.16,1.8,2.2
2020-02-18,Rio Open,1st Round,Clay,Mager G.,Ruud C.,128.0,34.0,3.75,1.25,4.59,1.23,4.59,1.27
2020-02-18,Rio Open,1st Round,Clay,Thiem D.,Meligeni Rodrigues F,4.0,341.0,1.01,26.0,1.01,26.59,1.02,30.0
2020-02-18,Rio Open,1st Round,Clay,Balazs A.,Cuevas P.,106.0,46.0,3.75,1.25,3.57,1.33,4.0,1.33
2020-02-18,Rio Open,1st Round,Clay,Lajovic D.,Cecchinato M.,23.0,111.0,1.61,2.2,1.66,2.35,1.67,2.45
2020-02-18,Rio Open,1st Round,Clay,Domingues J.,Gaio F.,169.0,127.0,1.72,2.0,,,1.94,2.05
2020-02-18,Rio Open,1st Round,Clay,Coric B.,Londero J.I.,32.0,61.0,1.9,1.8,2.1,1.81,2.12,1.85
2020-02-18,Open 13,1st Round,Hard,Bedene A.,Khachanov K.,47.0,17.0,2.62,1.44,3.18,1.4,3.18,1.5
2020-02-18,Open 13,1st Round,Hard,Simon G.,Mayot H.,58.0,509.0,1.3,3.4,1.23,4.63,1.33,4.63
2020-02-18,Open 13,1st Round,Hard,Cilic M.,Ivashka I.,39.0,137.0,1.36,3.0,1.38,3.29,1.38,3.45
2020-02-18,Open 13,1st Round,Hard,Sinner J.,Gombos N.,68.0,102.0,1.4,2.75,1.45,2.94,1.51,3.13
2020-02-18,Open 13,1st Round,Hard,Pospisil V.,Ruusuvuori E.,98.0,101.0,1.4,2.75,1.52,2.71,1.52,2.92
2020-02-18,Open 13,1st Round,Hard,Hurkacz H.,Hoang A.,29.0,129.0,1.33,3.25,1.25,4.4,1.33,4.4
2020-02-18,Rio Open,1st Round,Clay,Munar J.,Caruso S.,99.0,97.0,1.5,2.5,1.6,2.47,1.64,2.56
2020-02-18,Rio Open,1st Round,Clay,Alcaraz C.,Ramos-Vinolas A.,406.0,41.0,4.33,1.2,4.1,1.27,4.5,1.27
2020-02-18,Rio Open,1st Round,Clay,Sonego L.,Mayer L.,52.0,109.0,1.8,1.9,1.94,1.94,2.0,2.0
2020-02-18,Delray Beach Open,1st Round,Hard,Tiafoe F.,Gomez E.,84.0,148.0,1.28,3.5,1.28,4.07,1.36,4.12
2020-02-18,Delray Beach Open,1st Round,Hard,Rubin N.,Jung J.,269.0,119.0,2.0,1.72,2.2,1.74,2.2,1.8
2020-02-18,Delray Beach Open,1st Round,Hard,Sock J.,Albot R.,,51.0,2.5,1.5,2.56,1.56,2.86,1.57
2020-02-18,Delray Beach Open,1st Round,Hard,Norrie C.,Fritz T.,60.0,38.0,2.75,1.4,2.81,1.48,2.93,1.5
2020-02-18,Delray Beach Open,1st Round,Hard,Stebe C.M.,Tomic B.,147.0,197.0,1.3,3.4,1.35,3.49,1.35,3.6
2020-02-18,Delray Beach Open,1st Round,Hard,Humbert U.,Kozlov S.,44.0,367.0,1.2,4.33,1.22,4.69,1.23,5.35
2020-02-18,Delray Beach Open,1st Round,Hard,Raonic M.,Istomin D.,37.0,164.0,1.18,4.5,1.16,6.12,1.2,6.65
2020-02-18,Delray Beach Open,1st Round,Hard,Johnson S.,Laaksonen H.,76.0,134.0,1.36,3.0,1.36,3.42,1.4,3.81
2020-02-18,Delray Beach Open,1st Round,Hard,Kecmanovic M.,Thompson J.,50.0,65.0,1.5,2.5,1.53,2.67,1.55,2.67
2020-02-18,Delray Beach Open,1st Round,Hard,Opelka R.,Gulbis E.,54.0,224.0,1.61,2.2,1.66,2.34,1.75,2.47
2020-02-19,Delray Beach Open,1st Round,Hard,Paul T.,Galan D.E.,70.0,146.0,1.28,3.5,1.28,3.94,1.35,3.94
2020-02-19,Delray Beach Open,2nd Round,Hard,Kwon S.W.,Harrison R.,82.0,433.0,1.33,3.25,1.45,2.96,1.45,3.3
2020-02-19,Delray Beach Open,2nd Round,Hard,Nishioka Y.,Rubin N.,63.0,269.0,1.22,4.0,1.28,4.11,1.28,4.2
2020-02-19,Delray Beach Open,2nd Round,Hard,Nakashima B.,Norrie C.,294.0,60.0,1.8,1.9,1.85,2.07,1.98,2.07
2020-02-19,Delray Beach Open,2nd Round,Hard,Opelka R.,Mcdonald M.,54.0,159.0,1.5,2.5,1.51,2.75,1.54,2.95
2020-02-19,Rio Open,2nd Round,Clay,Garin C.,Delbonis F.,25.0,86.0,1.5,2.5,1.56,2.62,1.56,2.65
2020-02-19,Rio Open,2nd Round,Clay,Martinez P.,Andujar P.,133.0,59.0,2.5,1.5,2.46,1.62,2.56,1.65
2020-02-19,Open 13,2nd Round,Hard,Tsitsipas S.,Ymer M.,6.0,75.0,1.22,4.0,1.25,4.42,1.26,4.6
2020-02-19,Rio Open,1st Round,Clay,Monteiro T.,Pella G.,88.0,26.0,2.1,1.66,2.03,1.86,2.2,2.0
2020-02-19,Open 13,2nd Round,Hard,Pospisil V.,Hurkacz H.,98.0,29.0,2.2,1.61,2.17,1.77,2.45,1.78
2020-02-19,Open 13,1st Round,Hard,Auger-Aliassime F.,Travaglia S.,18.0,85.0,1.28,3.5,1.27,4.19,1.31,4.19
2020-02-19,Open 13,1st Round,Hard,Herbert P.H.,Kukushkin M.,79.0,69.0,1.57,2.25,1.6,2.47,1.65,2.56
2020-02-19,Open 13,1st Round,Hard,Gerasimov E.,Novak D.,72.0,95.0,1.66,2.1,1.68,2.32,1.73,2.32
2020-02-19,Open 13,2nd Round,Hard,Bublik A.,Paire B.,55.0,20.0,2.25,1.57,2.31,1.69,2.37,1.69
2020-02-19,Rio Open,2nd Round,Clay,Balazs A.,Monteiro T.,106.0,88.0,2.62,1.44,2.81,1.5,2.81,1.54
2020-02-20,Open 13,2nd Round,Hard,Simon G.,Bedene A.,58.0,47.0,2.37,1.53,2.44,1.63,2.5,1.63
2020-02-20,Rio Open,2nd Round,Clay,Coric B.,Seyboth Wild T.,32.0,206.0,1.36,3.0,1.34,3.6,1.4,3.6
2020-02-20,Rio Open,2nd Round,Clay,Sonego L.,Lajovic D.,52.0,23.0,2.62,1.44,2.84,1.49,2.9,1.5
2020-02-20,Delray Beach Open,2nd Round,Hard,Johnson S.,Sock J.,76.0,,1.36,3.0,1.43,3.1,1.43,3.15
2020-02-20,Rio Open,2nd Round,Clay,Mager G.,Domingues J.,128.0,169.0,1.4,2.75,1.47,2.91,1.49,2.91
2020-02-20,Rio Open,2nd Round,Clay,Coria F.,Alcaraz C.,116.0,406.0,1.83,1.83,1.88,2.02,1.91,2.12
2020-02-20,Delray Beach Open,2nd Round,Hard,Humbert U.,Kecmanovic M.,44.0,50.0,2.0,1.72,2.11,1.81,2.2,1.81
2020-02-20,Open 13,2nd Round,Hard,Gerasimov E.,Goffin D.,72.0,10.0,2.62,1.44,2.95,1.46,2.95,1.5
2020-02-20,Open 13,2nd Round,Hard,Auger-Aliassime F.,Herbert P.H.,18.0,79.0,1.9,1.8,2.02,1.89,2.05,1.95
2020-02-20,Open 13,2nd Round,Hard,Medvedev D.,Sinner J.,5.0,68.0,1.25,3.75,1.3,3.96,1.3,4.0
2020-02-20,Delray Beach Open,2nd Round,Hard,Tiafoe F.,Paul T.,84.0,70.0,1.8,1.9,1.91,2.0,1.97,2.05
2020-02-20,Open 13,2nd Round,Hard,Shapovalov D.,Cilic M.,15.0,39.0,1.72,2.0,1.83,2.09,1.94,2.09
2020-02-21,Rio Open,Quarterfinals,Clay,Garin C.,Coria F.,25.0,116.0,1.2,4.5,1.19,5.62,1.21,5.62
2020-02-21,Open 13,Quarterfinals,Hard,Auger-Aliassime F.,Gerasimov E.,18.0,72.0,1.53,2.5,1.62,2.5,1.62,2.6
2020-02-21,Open 13,Quarterfinals,Hard,Simon G.,Medvedev D.,58.0,5.0,4.5,1.2,5.25,1.21,5.41,1.22
2020-02-21,Open 13,Quarterfinals,Hard,Bublik A.,Shapovalov D.,55.0,15.0,2.75,1.44,3.36,1.38,3.36,1.45
2020-02-21,Delray Beach Open,2nd Round,Hard,Raonic M.,Stebe C.M.,37.0,147.0,1.12,6.0,1.14,6.89,1.14,6.89
2020-02-21,Delray Beach Open,Quarterfinals,Hard,Humbert U.,Tiafoe F.,44.0,84.0,1.8,2.0,1.87,2.06,1.87,2.06
2020-02-21,Delray Beach Open,Quarterfinals,Hard,Nishioka Y.,Nakashima B.,63.0,294.0,1.53,2.5,1.56,2.64,1.58,2.65
2020-02-21,Delray Beach Open,Quarterfinals,Hard,Opelka R.,Kwon S.W.,54.0,82.0,1.61,2.3,1.67,2.38,1.69,2.38
2020-02-21,Rio Open,2nd Round,Clay,Thiem D.,Munar J.,4.0,99.0,1.18,4.5,1.17,5.92,1.2,5.92
2020-02-21,Open 13,Quarterfinals,Hard,Tsitsipas S.,Pospisil V.,6.0,98.0,1.44,2.75,1.47,2.94,1.47,2.95
2020-02-22,Rio Open,Quarterfinals,Clay,Mager G.,Thiem D.,128.0,4.0,6.5,1.11,7.03,1.14,7.03,1.14
2020-02-22,Rio Open,Quarterfinals,Clay,Balazs A.,Martinez P.,106.0,133.0,2.3,1.61,2.29,1.72,2.38,1.72
2020-02-22,Open 13,Semifinals,Hard,Tsitsipas S.,Bublik A.,6.0,55.0,1.22,4.33,1.22,5.01,1.25,5.13
2020-02-22,Delray Beach Open,Quarterfinals,Hard,Raonic M.,Johnson S.,37.0,76.0,1.3,3.5,1.32,3.79,1.33,3.8
2020-02-22,Delray Beach Open,Semifinals,Hard,Nishioka Y.,Humbert U.,63.0,44.0,2.37,1.57,2.49,1.62,2.5,1.66
2020-02-22,Rio Open,Quarterfinals,Clay,Coric B.,Sonego L.,32.0,52.0,1.72,2.1,1.71,2.29,1.72,2.3
2020-02-22,Open 13,Semifinals,Hard,Auger-Aliassime F.,Simon G.,18.0,58.0,1.57,2.37,1.69,2.33,1.69,2.55
2020-02-23,Delray Beach Open,The Final,Hard,Opelka R.,Nishioka Y.,54.0,63.0,1.5,2.62,1.58,2.55,1.59,2.62
2020-02-23,Rio Open,Semifinals,Clay,Mager G.,Balazs A.,128.0,106.0,1.4,3.0,1.42,3.1,1.43,3.1
2020-02-23,Rio Open,The Final,Clay,Garin C.,Mager G.,25.0,128.0,1.25,4.0,1.3,3.93,1.3,4.1
2020-02-23,Delray Beach Open,Semifinals,Hard,Opelka R.,Raonic M.,54.0,37.0,2.75,1.44,2.87,1.49,2.89,1.5
2020-02-23,Open 13,The Final,Hard,Tsitsipas S.,Auger-Aliassime F.,6.0,18.0,1.44,2.75,1.41,3.22,1.49,3.22
2020-02-23,Rio Open,Semifinals,Clay,Garin C.,Coric B.,25.0,32.0,1.66,2.2,1.61,2.52,1.73,2.52
2020-02-24,Chile Open,1st Round,Clay,Dellien H.,Cecchinato M.,94.0,112.0,2.5,1.5,2.51,1.59,2.61,1.59
2020-02-24,Abierto Mexicano,1st Round,Hard,Mannarino A.,Norrie C.,42.0,58.0,1.83,1.83,1.88,2.02,1.95,2.02
2020-02-24,Chile Open,1st Round,Clay,Carballes Baena R.,Munar J.,97.0,105.0,2.37,1.53,2.59,1.56,2.6,1.58
2020-02-24,Chile Open,1st Round,Clay,Barrios Vera M.T.,Taberner C.,300.0,175.0,3.25,1.33,3.4,1.36,3.4,1.44
2020-02-24,Chile Open,1st Round,Clay,Seyboth Wild T.,Bagnis F.,182.0,131.0,1.9,1.8,2.28,1.69,2.28,1.93
2020-02-24,Dubai Tennis Championships,1st Round,Hard,Khachanov K.,Kukushkin M.,17.0,89.0,1.36,3.0,1.39,3.23,1.43,3.52
2020-02-24,Dubai Tennis Championships,1st Round,Hard,Kohlschreiber P.,Safwat M.,80.0,132.0,1.25,3.75,1.29,3.92,1.32,4.12
2020-02-24,Dubai Tennis Championships,1st Round,Hard,Rublev A.,Musetti L.,14.0,311.0,1.11,6.5,1.11,7.97,1.12,8.0
2020-02-24,Dubai Tennis Championships,1st Round,Hard,Gasquet R.,Harris L.,56.0,93.0,1.72,2.0,1.88,2.01,1.91,2.2
2020-02-24,Dubai Tennis Championships,1st Round,Hard,Djokovic N.,Jaziri M.,1.0,260.0,1.0,51.0,1.01,28.6,1.02,51.0
2020-02-24,Dubai Tennis Championships,1st Round,Hard,Monfils G.,Fucsovics M.,9.0,70.0,1.36,3.0,1.36,3.38,1.39,3.38
2020-02-25,Chile Open,1st Round,Clay,Varillas J.P.,Horansky F.,146.0,164.0,1.8,1.9,1.99,1.89,2.0,2.0
2020-02-25,Dubai Tennis Championships,1st Round,Hard,Paire B.,Cilic M.,21.0,36.0,2.62,1.44,2.77,1.5,2.77,1.54
2020-02-25,Dubai Tennis Championships,1st Round,Hard,Novak D.,Gunneswaran P.,96.0,134.0,1.4,2.75,1.41,3.1,1.45,3.1
2020-02-25,Dubai Tennis Championships,1st Round,Hard,Bublik A.,Hurkacz H.,47.0,30.0,2.5,1.5,2.62,1.54,2.65,1.57
2020-02-25,Chile Open,1st Round,Clay,Delbonis F.,Klizan M.,85.0,158.0,1.57,2.25,1.57,2.53,1.65,2.53
2020-02-25,Chile Open,1st Round,Clay,Londero J.I.,Coria F.,63.0,104.0,1.4,2.75,1.47,2.88,1.48,3.44
2020-02-25,Dubai Tennis Championships,1st Round,Hard,Evans D.,Fognini F.,37.0,11.0,1.61,2.2,1.68,2.31,1.69,2.35
2020-02-25,Dubai Tennis Championships,1st Round,Hard,Herbert P.H.,Nishioka Y.,78.0,48.0,1.5,2.5,1.63,2.4,1.63,2.88
2020-02-25,Dubai Tennis Championships,1st Round,Hard,Basilashvili N.,Berankis R.,29.0,62.0,1.66,2.1,1.66,2.34,1.73,2.38
2020-02-25,Dubai Tennis Championships,1st Round,Hard,Tsitsipas S.,Carreno Busta P.,6.0,27.0,1.3,3.4,1.33,3.58,1.4,3.6
2020-02-25,Dubai Tennis Championships,1st Round,Hard,Struff J.L.,Bautista Agut R.,34.0,12.0,3.5,1.28,4.18,1.27,4.21,1.31
2020-02-25,Chile Open,1st Round,Clay,Olivo R.,Sousa P.,297.0,108.0,2.1,1.66,2.4,1.63,2.4,1.75
2020-02-25,Chile Open,1st Round,Clay,Monteiro T.,Mayer L.,88.0,111.0,1.57,2.25,1.68,2.31,1.71,2.33
2020-02-25,Chile Open,1st Round,Clay,Davidovich Fokina A.,Martin A.,98.0,95.0,1.9,1.8,2.12,1.79,2.12,1.91
2020-02-25,Dubai Tennis Championships,1st Round,Hard,Uchiyama Y.,Lu Y.H.,99.0,962.0,1.18,4.5,1.21,4.95,1.21,5.25
2020-02-25,Chile Open,1st Round,Clay,Tabilo A.,Lorenzi P.,166.0,121.0,1.66,2.1,1.68,2.3,1.78,2.3
2020-02-25,Dubai Tennis Championships,1st Round,Hard,Krajinovic F.,Sousa J.,33.0,68.0,1.2,4.33,1.23,4.63,1.24,4.75
2020-02-25,Abierto Mexicano,1st Round,Hard,Dimitrov G.,Dzumhur D.,22.0,109.0,1.33,3.25,1.35,3.48,1.35,3.6
2020-02-25,Abierto Mexicano,1st Round,Hard,Paul T.,Mcdonald M.,66.0,196.0,1.44,2.62,1.43,3.02,1.48,3.26
2020-02-25,Abierto Mexicano,1st Round,Hard,Kecmanovic M.,De Minaur A.,50.0,25.0,2.0,1.72,1.99,1.89,2.3,1.92
2020-02-25,Abierto Mexicano,1st Round,Hard,Wawrinka S.,Tiafoe F.,16.0,82.0,1.36,3.0,1.41,3.15,1.5,3.42
2020-02-25,Abierto Mexicano,1st Round,Hard,Giron M.,Lopez Villasenor G.,115.0,518.0,1.12,6.0,1.12,7.25,1.16,7.95
2020-02-25,Abierto Mexicano,1st Round,Hard,Edmund K.,Lopez F.,44.0,52.0,1.3,3.4,1.32,3.67,1.35,3.8
2020-02-25,Abierto Mexicano,1st Round,Hard,Martinez P.,Albot R.,113.0,69.0,2.0,1.72,2.18,1.75,2.25,1.83
2020-02-25,Abierto Mexicano,1st Round,Hard,Kwon S.W.,Daniel T.,76.0,110.0,1.44,2.62,1.56,2.57,1.56,2.71
2020-02-25,Abierto Mexicano,1st Round,Hard,Auger-Aliassime F.,Bolt A.,19.0,137.0,1.4,2.75,1.37,3.35,1.45,3.35
2020-02-25,Chile Open,1st Round,Clay,Caruso S.,Kovalik J.,100.0,120.0,2.2,1.61,2.25,1.71,2.25,1.77
2020-02-26,Abierto Mexicano,1st Round,Hard,Humbert U.,Kyrgios N.,43.0,23.0,2.75,1.4,2.68,1.52,2.86,1.57
2020-02-26,Chile Open,2nd Round,Clay,Dellien H.,Barrios Vera M.T.,94.0,300.0,1.4,2.75,1.38,3.32,1.45,3.32
2020-02-26,Chile Open,2nd Round,Clay,Ruud C.,Tabilo A.,38.0,166.0,1.18,4.5,1.21,5.04,1.22,5.04
2020-02-26,Dubai Tennis Championships,2nd Round,Hard,Monfils G.,Uchiyama Y.,9.0,99.0,1.11,6.5,1.08,9.75,1.12,9.75
2020-02-26,Dubai Tennis Championships,2nd Round,Hard,Gasquet R.,Paire B.,56.0,21.0,1.8,1.9,1.96,1.94,1.96,2.0
2020-02-26,Dubai Tennis Championships,2nd Round,Hard,Djokovic N.,Kohlschreiber P.,1.0,80.0,1.02,19.0,1.03,19.66,1.03,21.0
2020-02-26,Dubai Tennis Championships,2nd Round,Hard,Struff J.L.,Basilashvili N.,34.0,29.0,1.4,2.75,1.48,2.87,1.48,2.95
2020-02-26,Abierto Mexicano,2nd Round,Hard,Edmund K.,Auger-Aliassime F.,44.0,19.0,1.66,2.1,1.71,2.27,1.74,2.37
2020-02-26,Dubai Tennis Championships,2nd Round,Hard,Tsitsipas S.,Bublik A.,6.0,47.0,1.16,5.0,1.18,5.65,1.25,5.65
2020-02-26,Dubai Tennis Championships,2nd Round,Hard,Rublev A.,Krajinovic F.,14.0,33.0,1.4,2.75,1.4,3.22,1.45,3.22
2020-02-26,Dubai Tennis Championships,2nd Round,Hard,Khachanov K.,Novak D.,17.0,96.0,1.25,3.75,1.31,3.86,1.32,4.28
2020-02-26,Abierto Mexicano,2nd Round,Hard,Isner J.,Giron M.,20.0,115.0,1.28,3.5,1.32,3.74,1.32,3.95
2020-02-26,Chile Open,2nd Round,Clay,Olivo R.,Cuevas P.,297.0,60.0,4.33,1.2,5.05,1.21,5.05,1.23
2020-02-26,Abierto Mexicano,2nd Round,Hard,Kwon S.W.,Lajovic D.,76.0,24.0,1.83,1.83,1.93,1.98,1.96,1.98
2020-02-26,Abierto Mexicano,1st Round,Hard,Lajovic D.,Johnson S.,24.0,73.0,2.0,1.72,2.14,1.78,2.2,1.84
2020-02-26,Abierto Mexicano,1st Round,Hard,Zverev A.,Jung J.,7.0,119.0,1.16,5.0,1.16,5.97,1.18,6.0
2020-02-26,Abierto Mexicano,1st Round,Hard,Nadal R.,Andujar P.,2.0,54.0,1.03,15.0,1.02,18.91,1.04,20.0
2020-02-26,Abierto Mexicano,1st Round,Hard,Fritz T.,Millman J.,35.0,40.0,1.83,1.83,1.87,2.03,2.0,2.03
2020-02-26,Abierto Mexicano,1st Round,Hard,Isner J.,Zverev M.,20.0,257.0,1.36,3.0,1.38,3.27,1.4,3.52
2020-02-26,Dubai Tennis Championships,2nd Round,Hard,Evans D.,Herbert P.H.,37.0,78.0,1.53,2.37,1.63,2.44,1.63,2.6
2020-02-26,Chile Open,2nd Round,Clay,Delbonis F.,Caruso S.,85.0,100.0,1.5,2.5,1.48,2.88,1.56,2.88
2020-02-27,Chile Open,2nd Round,Clay,Garin C.,Davidovich Fokina A.,18.0,98.0,1.33,3.25,1.32,3.74,1.35,3.74
2020-02-27,Chile Open,2nd Round,Clay,Ramos-Vinolas A.,Varillas J.P.,45.0,146.0,1.33,3.25,1.39,3.27,1.47,3.3
2020-02-27,Chile Open,2nd Round,Clay,Seyboth Wild T.,Londero J.I.,182.0,63.0,2.75,1.4,3.05,1.44,3.06,1.47
2020-02-27,Chile Open,2nd Round,Clay,Monteiro T.,Carballes Baena R.,88.0,97.0,1.5,2.5,1.62,2.46,1.63,2.56
2020-02-27,Dubai Tennis Championships,Quarterfinals,Hard,Djokovic N.,Khachanov K.,1.0,17.0,1.07,9.0,1.08,10.54,1.1,12.0
2020-02-27,Abierto Mexicano,2nd Round,Hard,Paul T.,Zverev A.,66.0,7.0,4.33,1.2,4.53,1.24,4.55,1.26
2020-02-27,Dubai Tennis Championships,Quarterfinals,Hard,Monfils G.,Gasquet R.,9.0,56.0,1.22,4.33,1.26,4.43,1.26,4.7
2020-02-27,Dubai Tennis Championships,Quarterfinals,Hard,Tsitsipas S.,Struff J.L.,6.0,34.0,1.4,3.0,1.41,3.2,1.45,3.2
2020-02-27,Dubai Tennis Championships,Quarterfinals,Hard,Evans D.,Rublev A.,37.0,14.0,4.0,1.25,4.37,1.26,4.37,1.27
2020-02-27,Abierto Mexicano,2nd Round,Hard,Dimitrov G.,Mannarino A.,22.0,42.0,1.33,3.25,1.39,3.3,1.39,3.35
2020-02-27,Abierto Mexicano,2nd Round,Hard,Fritz T.,Humbert U.,35.0,43.0,2.0,1.72,2.21,1.75,2.21,1.77
2020-02-27,Abierto Mexicano,2nd Round,Hard,Wawrinka S.,Martinez P.,16.0,113.0,1.12,6.0,1.16,6.25,1.17,6.6
2020-02-27,Abierto Mexicano,2nd Round,Hard,Nadal R.,Kecmanovic M.,2.0,50.0,1.07,9.0,1.08,10.19,1.09,10.2
2020-02-27,Abierto Mexicano,Quarterfinals,Hard,Isner J.,Paul T.,20.0,66.0,1.72,2.1,1.77,2.2,1.8,2.2
2020-02-28,Dubai Tennis Championships,Semifinals,Hard,Djokovic N.,Monfils G.,1.0,9.0,1.11,6.5,1.13,7.56,1.13,8.14
2020-02-28,Abierto Mexicano,Quarterfinals,Hard,Fritz T.,Edmund K.,35.0,44.0,2.3,1.61,2.37,1.67,2.4,1.67
2020-02-28,Abierto Mexicano,Quarterfinals,Hard,Nadal R.,Kwon S.W.,2.0,76.0,1.05,11.0,1.04,17.14,1.07,17.14
2020-02-28,Chile Open,Quarterfinals,Clay,Olivo R.,Dellien H.,297.0,94.0,2.75,1.44,3.13,1.43,3.13,1.48
2020-02-28,Chile Open,Quarterfinals,Clay,Ruud C.,Delbonis F.,38.0,85.0,1.44,2.75,1.54,2.69,1.56,2.81
2020-02-28,Dubai Tennis Championships,Semifinals,Hard,Tsitsipas S.,Evans D.,6.0,37.0,1.22,4.33,1.25,4.49,1.25,4.5
2020-02-28,Abierto Mexicano,Quarterfinals,Hard,Dimitrov G.,Wawrinka S.,22.0,16.0,2.37,1.57,2.72,1.53,2.72,1.58
2020-02-28,Chile Open,Quarterfinals,Clay,Ramos-Vinolas A.,Monteiro T.,45.0,88.0,2.1,1.72,2.11,1.83,2.12,1.88
2020-02-29,Chile Open,Semifinals,Clay,Seyboth Wild T.,Olivo R.,182.0,297.0,1.3,3.5,1.33,3.71,1.33,3.85
2020-02-29,Chile Open,Semifinals,Clay,Ruud C.,Ramos-Vinolas A.,38.0,45.0,1.57,2.37,1.6,2.54,1.64,2.54
2020-02-29,Chile Open,Quarterfinals,Clay,Seyboth Wild T.,Garin C.,182.0,18.0,2.62,1.5,2.77,1.52,2.88,1.52
2020-02-29,Abierto Mexicano,Semifinals,Hard,Nadal R.,Dimitrov G.,2.0,22.0,1.11,6.5,1.15,6.83,1.15,7.2
2020-02-29,Dubai Tennis Championships,The Final,Hard,Djokovic N.,Tsitsipas S.,1.0,6.0,1.3,3.5,1.36,3.49,1.38,3.54
2020-02-29,Abierto Mexicano,Semifinals,Hard,Fritz T.,Isner J.,35.0,20.0,1.9,1.9,1.87,2.06,1.92,2.06
2020-03-01,Abierto Mexicano,The Final,Hard,Nadal R.,Fritz T.,2.0,35.0,1.06,10.0,1.07,11.47,1.1,11.47
2020-03-01,Chile Open,The Final,Clay,Seyboth Wild T.,Ruud C.,182.0,38.0,3.4,1.33,3.37,1.35,3.78,1.36
2020-08-22,Western & Southern Financial Group Masters,1st Round,Hard,Berankis R.,Paul T.,72.0,57.0,2.05,1.7,2.2,1.75,2.25,1.76
2020-08-22,Western & Southern Financial Group Masters,1st Round,Hard,Murray A.,Tiafoe F.,134.0,81.0,1.57,2.25,1.62,2.67,1.75,2.46
2020-08-22,Western & Southern Financial Group Masters,1st Round,Hard,Krajinovic F.,Caruso S.,32.0,99.0,1.33,3.25,1.39,3.29,1.39,3.56
2020-08-22,Western & Southern Financial Group Masters,1st Round,Hard,Fritz T.,Harris L.,24.0,97.0,1.44,2.62,1.48,2.9,1.49,2.88
2020-08-22,Western & Southern Financial Group Masters,1st Round,Hard,Coric B.,Paire B.,33.0,22.0,1.61,2.2,1.6,2.51,1.66,2.51
2020-08-22,Western & Southern Financial Group Masters,1st Round,Hard,Anderson K.,Edmund K.,124.0,44.0,2.62,1.44,2.63,1.55,2.84,1.55
2020-08-22,Western & Southern Financial Group Masters,1st Round,Hard,Struff J.L.,De Minaur A.,34.0,26.0,2.37,1.53,2.85,1.48,2.85,1.58
2020-08-22,Western & Southern Financial Group Masters,1st Round,Hard,Carreno Busta P.,Lajovic D.,25.0,23.0,1.4,2.75,1.36,3.45,1.45,3.45
2020-08-22,Western & Southern Financial Group Masters,1st Round,Hard,Auger-Aliassime F.,Basilashvili N.,20.0,27.0,1.28,3.5,1.25,4.5,1.31,4.46
2020-08-22,Western & Southern Financial Group Masters,1st Round,Hard,Opelka R.,Norrie C.,39.0,77.0,1.66,2.1,1.61,2.5,1.68,2.48
2020-08-23,Western & Southern Financial Group Masters,1st Round,Hard,Evans D.,Rublev A.,28.0,14.0,2.62,1.44,2.76,1.51,2.88,1.54
2020-08-23,Western & Southern Financial Group Masters,1st Round,Hard,Millman J.,Mannarino A.,43.0,38.0,1.66,2.1,1.92,2.25,1.95,1.99
2020-08-23,Western & Southern Financial Group Masters,1st Round,Hard,Isner J.,Hurkacz H.,21.0,29.0,1.61,2.2,1.65,2.39,1.73,2.39
2020-08-23,Western & Southern Financial Group Masters,1st Round,Hard,Gasquet R.,Wolf J.J.,50.0,143.0,1.57,2.25,1.57,2.61,1.62,2.58
2020-08-23,Western & Southern Financial Group Masters,1st Round,Hard,Dimitrov G.,Humbert U.,19.0,42.0,1.9,1.8,1.83,2.1,2.2,2.1
2020-08-23,Western & Southern Financial Group Masters,1st Round,Hard,Fucsovics M.,Gombos N.,84.0,109.0,1.28,3.5,1.26,4.31,1.36,4.31
2020-08-23,Western & Southern Financial Group Masters,1st Round,Hard,Khachanov K.,Bublik A.,16.0,51.0,1.4,2.75,1.41,3.16,1.49,3.16
2020-08-23,Western & Southern Financial Group Masters,1st Round,Hard,Giron M.,Mcdonald M.,101.0,269.0,1.95,1.8,2.05,1.9,2.05,1.86
2020-08-23,Western & Southern Financial Group Masters,1st Round,Hard,Schwartzman D.,Ruud C.,13.0,36.0,1.44,2.62,1.53,2.8,1.56,2.7
2020-08-23,Western & Southern Financial Group Masters,1st Round,Hard,Sandgren T.,Sonego L.,55.0,46.0,1.5,2.5,1.55,2.63,1.56,2.75
2020-08-23,Western & Southern Financial Group Masters,1st Round,Hard,Shapovalov D.,Cilic M.,17.0,37.0,1.61,2.2,1.65,2.39,1.67,2.4
2020-08-23,Western & Southern Financial Group Masters,1st Round,Hard,Raonic M.,Querrey S.,30.0,45.0,1.7,2.05,1.65,2.4,1.91,2.4
2020-08-23,Western & Southern Financial Group Masters,1st Round,Hard,Bedene A.,Garin C.,61.0,18.0,1.53,2.37,1.56,2.6,1.64,2.6
2020-08-24,Western & Southern Financial Group Masters,2nd Round,Hard,Khachanov K.,Carreno Busta P.,16.0,25.0,1.61,2.2,1.8,2.13,1.8,2.35
2020-08-24,Western & Southern Financial Group Masters,2nd Round,Hard,Bautista Agut R.,Gasquet R.,12.0,50.0,1.5,2.5,1.57,2.65,1.57,2.59
2020-08-24,Western & Southern Financial Group Masters,2nd Round,Hard,Struff J.L.,Shapovalov D.,34.0,17.0,2.37,1.53,2.55,1.66,2.55,1.58
2020-08-24,Western & Southern Financial Group Masters,2nd Round,Hard,Opelka R.,Schwartzman D.,39.0,13.0,1.95,1.8,2.07,1.85,2.1,1.87
2020-08-24,Western & Southern Financial Group Masters,2nd Round,Hard,Isner J.,Millman J.,21.0,43.0,1.44,2.62,1.41,3.15,1.5,3.15
2020-08-24,Western & Southern Financial Group Masters,2nd Round,Hard,Murray A.,Zverev A.,134.0,7.0,2.62,1.44,2.94,1.5,3.15,1.46
2020-08-24,Western & Southern Financial Group Masters,2nd Round,Hard,Sandgren T.,Auger-Aliassime F.,55.0,20.0,3.0,1.36,3.11,1.42,3.15,1.44
2020-08-24,Western & Southern Financial Group Masters,2nd Round,Hard,Medvedev D.,Giron M.,5.0,101.0,1.14,5.5,1.17,5.87,1.18,6.3
2020-08-24,Western & Southern Financial Group Masters,1st Round,Hard,Ruusuvuori E.,Korda S.,100.0,225.0,1.36,3.0,1.44,3.2,1.47,3.03
2020-08-24,Western & Southern Financial Group Masters,2nd Round,Hard,Tsitsipas S.,Anderson K.,6.0,124.0,1.22,4.0,1.31,4.6,1.31,3.85
2020-08-24,Western & Southern Financial Group Masters,2nd Round,Hard,Raonic M.,Evans D.,30.0,28.0,1.53,2.37,1.61,2.48,1.63,2.49
2020-08-24,Western & Southern Financial Group Masters,2nd Round,Hard,Bedene A.,Fritz T.,61.0,24.0,3.25,1.33,3.23,1.4,3.38,1.4
2020-08-24,Western & Southern Financial Group Masters,2nd Round,Hard,Goffin D.,Coric B.,10.0,33.0,1.44,2.62,1.53,2.73,1.55,2.68
2020-08-25,Western & Southern Financial Group Masters,3rd Round,Hard,Opelka R.,Berrettini M.,39.0,8.0,2.37,1.53,2.34,1.69,2.53,1.69
2020-08-25,Western & Southern Financial Group Masters,3rd Round,Hard,Djokovic N.,Sandgren T.,1.0,55.0,1.16,5.0,1.17,6.02,1.18,6.1
2020-08-25,Western & Southern Financial Group Masters,3rd Round,Hard,Struff J.L.,Goffin D.,34.0,10.0,2.2,1.61,2.45,1.64,2.45,1.68
2020-08-25,Western & Southern Financial Group Masters,3rd Round,Hard,Medvedev D.,Bedene A.,5.0,61.0,1.2,4.33,1.23,4.81,1.25,4.85
2020-08-25,Western & Southern Financial Group Masters,3rd Round,Hard,Bautista Agut R.,Khachanov K.,12.0,16.0,1.57,2.25,1.57,2.6,1.77,2.6
2020-08-25,Western & Southern Financial Group Masters,2nd Round,Hard,Krajinovic F.,Thiem D.,32.0,3.0,5.0,1.16,5.59,1.18,5.8,1.21
2020-08-25,Western & Southern Financial Group Masters,2nd Round,Hard,Fucsovics M.,Dimitrov G.,84.0,19.0,1.8,1.95,2.0,1.95,2.02,1.91
2020-08-25,Western & Southern Financial Group Masters,2nd Round,Hard,Berrettini M.,Ruusuvuori E.,8.0,100.0,1.25,3.75,1.31,3.86,1.33,4.2
2020-08-25,Western & Southern Financial Group Masters,2nd Round,Hard,Djokovic N.,Berankis R.,1.0,72.0,1.07,9.0,1.07,10.78,1.08,11.25
2020-08-26,Western & Southern Financial Group Masters,3rd Round,Hard,Raonic M.,Murray A.,30.0,134.0,1.53,2.37,1.62,2.52,1.67,2.49
2020-08-26,Western & Southern Financial Group Masters,3rd Round,Hard,Tsitsipas S.,Isner J.,6.0,21.0,1.28,3.5,1.38,3.65,1.38,3.4
2020-08-26,Western & Southern Financial Group Masters,3rd Round,Hard,Krajinovic F.,Fucsovics M.,32.0,84.0,1.53,2.5,1.65,2.53,1.67,2.43
2020-08-26,Western & Southern Financial Group Masters,Quarterfinals,Hard,Bautista Agut R.,Medvedev D.,12.0,5.0,3.0,1.4,3.13,1.44,3.15,1.43
2020-08-26,Western & Southern Financial Group Masters,Quarterfinals,Hard,Djokovic N.,Struff J.L.,1.0,34.0,1.14,5.5,1.16,6.46,1.19,6.46
2020-08-27,Western & Southern Financial Group Masters,Quarterfinals,Hard,Tsitsipas S.,Opelka R.,6.0,39.0,1.4,3.0,1.47,3.12,1.47,2.94
2020-08-27,Western & Southern Financial Group Masters,Quarterfinals,Hard,Raonic M.,Krajinovic F.,30.0,32.0,1.44,2.75,1.5,2.84,1.57,2.85
2020-08-28,Western & Southern Financial Group Masters,Semifinals,Hard,Djokovic N.,Bautista Agut R.,1.0,12.0,1.2,4.5,1.16,6.4,1.22,6.4
2020-08-28,Western & Southern Financial Group Masters,Semifinals,Hard,Raonic M.,Tsitsipas S.,30.0,6.0,2.37,1.57,2.4,1.66,2.53,1.66
2020-08-29,Western & Southern Financial Group Masters,The Final,Hard,Djokovic N.,Raonic M.,1.0,30.0,1.36,3.2,1.37,3.44,1.39,3.6
2020-08-31,US Open,1st Round,Hard,Coric B.,Andujar P.,32.0,56.0,1.11,6.5,1.13,7.25,1.14,7.9
2020-08-31,US Open,1st Round,Hard,Davidovich Fokina A.,Novak D.,99.0,85.0,2.62,1.5,2.41,1.64,2.64,1.64
2020-08-31,US Open,1st Round,Hard,Coria F.,Jung J.,103.0,122.0,3.75,1.28,3.71,1.32,4.25,1.33
2020-08-31,US Open,1st Round,Hard,Gerasimov E.,Lajovic D.,72.0,24.0,2.2,1.66,2.18,1.77,2.26,1.77
2020-08-31,US Open,1st Round,Hard,Fritz T.,Koepfer D.,25.0,91.0,1.2,4.5,1.21,5.04,1.25,5.05
2020-08-31,US Open,1st Round,Hard,Londero J.I.,Donskoy E.,62.0,114.0,1.57,2.37,1.63,2.43,1.63,2.49
2020-08-31,US Open,1st Round,Hard,Norrie C.,Schwartzman D.,76.0,13.0,3.5,1.3,3.53,1.35,3.74,1.35
2020-08-31,US Open,1st Round,Hard,Shapovalov D.,Korda S.,17.0,205.0,1.11,6.5,1.13,7.17,1.16,7.45
2020-08-31,US Open,1st Round,Hard,Mannarino A.,Sonego L.,39.0,46.0,1.66,2.2,1.62,2.45,1.69,2.45
2020-08-31,US Open,1st Round,Hard,Zverev A.,Anderson K.,7.0,117.0,1.33,3.4,1.31,3.83,1.34,3.9
2020-08-31,US Open,1st Round,Hard,Sock J.,Cuevas P.,389.0,61.0,1.57,2.37,1.64,2.41,1.65,2.45
2020-08-31,US Open,1st Round,Hard,Hurkacz H.,Gojowczyk P.,33.0,127.0,1.22,4.33,1.21,5.05,1.23,5.05
2020-08-31,US Open,1st Round,Hard,Simon G.,Safwat M.,52.0,135.0,1.2,4.5,1.21,5.06,1.22,5.5
2020-08-31,US Open,1st Round,Hard,Krueger M.,Sousa P.,198.0,110.0,1.16,5.0,1.18,5.57,1.2,6.35
2020-08-31,US Open,1st Round,Hard,Nakashima B.,Lorenzi P.,223.0,125.0,1.2,4.5,1.18,5.59,1.23,5.59
2020-08-31,US Open,1st Round,Hard,Tsitsipas S.,Ramos-Vinolas A.,6.0,41.0,1.02,19.0,1.02,25.2,1.03,25.2
2020-08-31,US Open,1st Round,Hard,Cressy M.,Kovalik J.,168.0,123.0,1.57,2.37,1.59,2.54,1.6,2.63
2020-08-31,US Open,1st Round,Hard,Carreno Busta P.,Uchiyama Y.,27.0,86.0,1.16,5.0,1.12,7.48,1.18,7.95
2020-08-31,US Open,1st Round,Hard,Thompson J.,Travaglia S.,63.0,87.0,1.53,2.5,1.71,2.28,1.71,2.53
2020-08-31,US Open,1st Round,Hard,Kukushkin M.,Balazs A.,90.0,78.0,1.4,3.0,1.38,3.35,1.41,3.58
2020-08-31,US Open,1st Round,Hard,Giron M.,Polmans M.,96.0,121.0,1.28,3.75,1.33,3.7,1.35,3.85
2020-09-01,US Open,1st Round,Hard,Bautista Agut R.,Sandgren T.,11.0,48.0,1.16,5.0,1.2,5.3,1.2,7.1
2020-09-01,US Open,1st Round,Hard,Carballes Baena R.,Lopez F.,101.0,57.0,2.75,1.44,2.86,1.48,2.96,1.48
2020-09-01,US Open,1st Round,Hard,Wolf J.J.,Pella G.,138.0,36.0,1.57,2.37,1.66,2.37,1.66,2.45
2020-09-01,US Open,1st Round,Hard,Pospisil V.,Kohlschreiber P.,94.0,75.0,1.61,2.3,1.74,2.23,1.74,2.3
2020-09-01,US Open,1st Round,Hard,Evans D.,Seyboth Wild T.,31.0,113.0,1.12,6.0,1.17,5.86,1.17,6.6
2020-09-01,US Open,1st Round,Hard,Gombos N.,Albot R.,104.0,70.0,1.4,3.0,1.51,2.76,1.51,3.02
2020-09-01,US Open,1st Round,Hard,Barrere G.,Daniel T.,93.0,112.0,1.44,2.75,1.47,2.9,1.49,3.1
2020-09-01,US Open,1st Round,Hard,Rublev A.,Chardy J.,14.0,60.0,1.12,6.0,1.13,7.16,1.17,7.5
2020-09-01,US Open,1st Round,Hard,Cilic M.,Kudla D.,38.0,111.0,1.3,3.5,1.33,3.69,1.34,4.0
2020-09-01,US Open,1st Round,Hard,Auger-Aliassime F.,Monteiro T.,21.0,83.0,1.08,8.0,1.12,7.57,1.14,8.6
2020-09-01,US Open,1st Round,Hard,Thiem D.,Munar J.,3.0,105.0,1.05,11.0,1.05,13.44,1.07,13.44
2020-09-01,US Open,1st Round,Hard,Khachanov K.,Sinner J.,16.0,74.0,1.57,2.37,1.55,2.64,1.61,2.67
2020-09-01,US Open,1st Round,Hard,Harris L.,Cecchinato M.,95.0,108.0,1.2,4.5,1.25,4.48,1.28,4.8
2020-09-01,US Open,1st Round,Hard,Nagal S.,Klahn B.,124.0,129.0,2.62,1.5,2.53,1.59,2.9,1.63
2020-09-01,US Open,1st Round,Hard,Murray A.,Nishioka Y.,115.0,49.0,1.4,3.0,1.4,3.2,1.43,3.35
2020-09-01,US Open,1st Round,Hard,Kuznetsov An.,Querrey S.,34.0,45.0,6.0,1.12,7.7,1.12,7.75,1.17
2020-09-01,US Open,1st Round,Hard,Mmoh M.,Sousa J.,186.0,68.0,1.72,2.1,1.8,2.13,1.84,2.15
2020-09-01,US Open,1st Round,Hard,Garin C.,Blanch U.,19.0,244.0,1.36,3.2,1.38,3.34,1.41,3.35
2020-09-01,US Open,1st Round,Hard,Struff J.L.,Martinez P.,29.0,106.0,1.12,6.0,1.16,6.08,1.16,6.6
2020-09-01,US Open,1st Round,Hard,Kwon S.W.,Kwiatkowski T.S.,73.0,187.0,1.36,3.2,1.36,3.44,1.37,3.6
2020-09-01,US Open,1st Round,Hard,Berankis R.,Gaio F.,65.0,132.0,1.2,4.5,1.18,5.69,1.22,5.9
2020-09-01,US Open,1st Round,Hard,Edmund K.,Bublik A.,44.0,54.0,1.3,3.5,1.32,3.75,1.39,3.75
2020-09-01,US Open,1st Round,Hard,Johnson S.,Isner J.,64.0,22.0,3.4,1.33,3.19,1.41,3.41,1.42
2020-09-01,US Open,1st Round,Hard,Goffin D.,Opelka R.,10.0,35.0,1.57,2.37,1.6,2.52,1.63,2.6
2020-09-01,US Open,1st Round,Hard,Krajinovic F.,Ymer M.,26.0,71.0,1.12,6.0,1.16,6.09,1.18,6.6
2020-09-01,US Open,1st Round,Hard,Djokovic N.,Dzumhur D.,1.0,109.0,1.01,26.0,1.01,28.01,1.02,35.0
2020-09-01,US Open,1st Round,Hard,Ruud C.,Mcdonald M.,37.0,243.0,1.57,2.37,1.64,2.41,1.67,2.62
2020-09-01,US Open,1st Round,Hard,Ruusuvuori E.,Bedene A.,92.0,53.0,2.0,1.8,2.16,1.78,2.25,1.86
2020-09-02,US Open,2nd Round,Hard,Mannarino A.,Sock J.,39.0,389.0,1.44,2.75,1.48,2.86,1.5,3.1
2020-09-02,US Open,2nd Round,Hard,Goffin D.,Harris L.,10.0,95.0,1.16,5.0,1.16,6.26,1.18,6.26
2020-09-02,US Open,2nd Round,Hard,Thompson J.,Gerasimov E.,63.0,72.0,1.72,2.1,1.68,2.32,1.83,2.32
2020-09-02,US Open,2nd Round,Hard,Zverev A.,Nakashima B.,7.0,223.0,1.2,4.5,1.19,5.49,1.22,6.0
2020-09-02,US Open,2nd Round,Hard,Kukushkin M.,Garin C.,90.0,19.0,2.0,1.8,2.13,1.8,2.15,1.83
2020-09-02,US Open,1st Round,Hard,Kecmanovic M.,Mager G.,47.0,80.0,1.16,5.0,1.2,5.23,1.22,5.8
2020-09-02,US Open,1st Round,Hard,Raonic M.,Mayer L.,18.0,120.0,1.05,11.0,1.04,16.99,1.06,17.5
2020-09-02,US Open,1st Round,Hard,Moutet C.,Vesely J.,77.0,67.0,1.72,2.1,1.72,2.25,1.8,2.33
2020-09-02,US Open,1st Round,Hard,Dimitrov G.,Paul T.,20.0,58.0,1.53,2.5,1.57,2.57,1.59,2.7
2020-09-02,US Open,2nd Round,Hard,Struff J.L.,Mmoh M.,29.0,186.0,1.16,5.0,1.15,6.52,1.18,6.52
2020-09-02,US Open,1st Round,Hard,O Connell C.,Djere L.,116.0,81.0,1.57,2.37,1.71,2.27,1.73,2.44
2020-09-02,US Open,1st Round,Hard,Escobedo E.,Majchrzak K.,185.0,107.0,2.75,1.44,2.73,1.51,2.92,1.51
2020-09-02,US Open,1st Round,Hard,Gasquet R.,Karlovic I.,51.0,126.0,1.12,6.0,1.16,6.2,1.16,6.8
2020-09-02,US Open,1st Round,Hard,Tiafoe F.,Seppi A.,82.0,89.0,1.57,2.37,1.6,2.52,1.6,2.53
2020-09-02,US Open,1st Round,Hard,De Minaur A.,Martin A.,28.0,98.0,1.06,10.0,1.06,13.07,1.07,13.07
2020-09-02,US Open,1st Round,Hard,Berrettini M.,Soeda G.,8.0,119.0,1.03,15.0,1.04,15.22,1.04,21.0
2020-09-02,US Open,1st Round,Hard,Caruso S.,Duckworth J.,100.0,84.0,1.5,2.62,1.58,2.54,1.61,2.8
2020-09-02,US Open,1st Round,Hard,Millman J.,Basilashvili N.,43.0,30.0,1.3,3.5,1.34,3.61,1.34,3.92
2020-09-02,US Open,1st Round,Hard,Humbert U.,Sugita Y.,42.0,88.0,1.25,4.0,1.24,4.65,1.27,4.65
2020-09-02,US Open,1st Round,Hard,Fucsovics M.,Dellien H.,66.0,97.0,1.05,11.0,1.04,14.89,1.06,15.0
2020-09-02,US Open,1st Round,Hard,Medvedev D.,Delbonis F.,5.0,79.0,1.02,17.0,1.01,27.58,1.02,35.0
2020-09-02,US Open,2nd Round,Hard,Djokovic N.,Edmund K.,1.0,44.0,1.03,15.0,1.04,15.79,1.04,21.0
2020-09-02,US Open,2nd Round,Hard,Krajinovic F.,Giron M.,26.0,96.0,1.1,7.0,1.11,8.15,1.14,8.55
2020-09-02,US Open,2nd Round,Hard,Davidovich Fokina A.,Hurkacz H.,99.0,33.0,5.0,1.16,4.87,1.22,5.1,1.29
2020-09-03,US Open,2nd Round,Hard,Berrettini M.,Humbert U.,8.0,42.0,1.4,3.0,1.34,3.56,1.4,3.64
2020-09-03,US Open,2nd Round,Hard,Tiafoe F.,Millman J.,82.0,43.0,2.5,1.53,2.44,1.63,2.61,1.63
2020-09-03,US Open,2nd Round,Hard,Fucsovics M.,Dimitrov G.,66.0,20.0,2.37,1.57,2.42,1.64,2.45,1.68
2020-09-03,US Open,2nd Round,Hard,Wolf J.J.,Carballes Baena R.,138.0,101.0,1.28,3.75,1.35,3.52,1.36,3.84
2020-09-03,US Open,2nd Round,Hard,Thiem D.,Nagal S.,3.0,124.0,1.04,13.0,1.05,13.8,1.05,17.0
2020-09-03,US Open,2nd Round,Hard,Pospisil V.,Raonic M.,94.0,18.0,5.5,1.14,5.83,1.17,5.83,1.19
2020-09-03,US Open,2nd Round,Hard,Ruud C.,Ruusuvuori E.,37.0,92.0,2.5,1.53,2.52,1.6,2.6,1.6
2020-09-03,US Open,2nd Round,Hard,Caruso S.,Escobedo E.,100.0,185.0,1.9,1.9,1.93,1.97,2.0,1.97
2020-09-03,US Open,2nd Round,Hard,Carreno Busta P.,Krueger M.,27.0,198.0,1.12,6.0,1.13,7.35,1.15,7.4
2020-09-03,US Open,2nd Round,Hard,Khachanov K.,Kuznetsov An.,16.0,34.0,1.25,4.0,1.24,4.62,1.28,4.75
2020-09-03,US Open,2nd Round,Hard,De Minaur A.,Gasquet R.,28.0,51.0,1.3,3.5,1.38,3.33,1.39,3.72
2020-09-03,US Open,2nd Round,Hard,Bautista Agut R.,Kecmanovic M.,11.0,47.0,1.12,6.0,1.12,7.62,1.14,8.55
2020-09-03,US Open,2nd Round,Hard,Tsitsipas S.,Cressy M.,6.0,168.0,1.01,23.0,1.02,25.07,1.03,35.0
2020-09-03,US Open,2nd Round,Hard,Shapovalov D.,Kwon S.W.,17.0,73.0,1.22,4.33,1.18,5.59,1.27,5.59
2020-09-03,US Open,2nd Round,Hard,Berankis R.,Johnson S.,65.0,64.0,2.1,1.72,2.1,1.83,2.25,1.83
2020-09-03,US Open,2nd Round,Hard,Coric B.,Londero J.I.,32.0,62.0,1.22,4.33,1.26,4.3,1.26,4.8
2020-09-03,US Open,2nd Round,Hard,Fritz T.,Simon G.,25.0,52.0,1.5,2.62,1.44,3.02,1.51,3.02
2020-09-03,US Open,2nd Round,Hard,Cilic M.,Gombos N.,38.0,104.0,1.3,3.5,1.36,3.44,1.37,3.54
2020-09-03,US Open,2nd Round,Hard,Rublev A.,Barrere G.,14.0,93.0,1.1,7.0,1.1,8.99,1.11,9.3
2020-09-03,US Open,2nd Round,Hard,Norrie C.,Coria F.,76.0,103.0,1.05,11.0,1.08,10.13,1.1,17.0
2020-09-04,US Open,2nd Round,Hard,Medvedev D.,O Connell C.,5.0,116.0,1.01,23.0,1.02,20.98,1.02,35.0
2020-09-04,US Open,3rd Round,Hard,Davidovich Fokina A.,Norrie C.,99.0,76.0,2.75,1.44,2.84,1.49,2.9,1.53
2020-09-04,US Open,3rd Round,Hard,Goffin D.,Krajinovic F.,10.0,26.0,2.5,1.53,2.44,1.63,2.6,1.63
2020-09-04,US Open,3rd Round,Hard,Thompson J.,Kukushkin M.,63.0,90.0,1.36,3.2,1.36,3.46,1.42,3.46
2020-09-04,US Open,3rd Round,Hard,Carreno Busta P.,Berankis R.,27.0,65.0,1.33,3.4,1.29,4.05,1.34,4.05
2020-09-04,US Open,3rd Round,Hard,Shapovalov D.,Fritz T.,17.0,25.0,1.53,2.5,1.67,2.35,1.67,2.53
2020-09-04,US Open,2nd Round,Hard,Moutet C.,Evans D.,77.0,31.0,2.62,1.5,3.93,1.3,4.2,1.33
2020-09-04,US Open,2nd Round,Hard,Auger-Aliassime F.,Murray A.,21.0,115.0,1.53,2.5,1.58,2.56,1.61,2.7
2020-09-05,US Open,3rd Round,Hard,Coric B.,Tsitsipas S.,32.0,6.0,6.5,1.11,8.12,1.11,8.12,1.13
2020-09-05,US Open,3rd Round,Hard,Zverev A.,Mannarino A.,7.0,39.0,1.14,5.5,1.17,5.81,1.19,5.81
2020-09-05,US Open,3rd Round,Hard,Djokovic N.,Struff J.L.,1.0,29.0,1.05,11.0,1.04,14.91,1.05,17.0
2020-09-05,US Open,3rd Round,Hard,Rublev A.,Caruso S.,14.0,100.0,1.07,9.0,1.07,11.02,1.1,13.0
2020-09-05,US Open,3rd Round,Hard,Medvedev D.,Wolf J.J.,5.0,138.0,1.06,10.0,1.05,13.68,1.07,17.0
2020-09-05,US Open,3rd Round,Hard,Pospisil V.,Bautista Agut R.,94.0,11.0,3.2,1.36,3.92,1.3,3.92,1.36
2020-09-05,US Open,3rd Round,Hard,De Minaur A.,Khachanov K.,28.0,16.0,1.57,2.37,1.69,2.3,1.7,2.38
2020-09-05,US Open,3rd Round,Hard,Berrettini M.,Ruud C.,8.0,37.0,1.14,5.5,1.16,6.28,1.18,6.28
2020-09-05,US Open,3rd Round,Hard,Auger-Aliassime F.,Moutet C.,21.0,77.0,1.2,4.5,1.2,5.25,1.25,5.25
2020-09-05,US Open,3rd Round,Hard,Tiafoe F.,Fucsovics M.,82.0,66.0,2.37,1.57,2.65,1.55,2.65,1.67
2020-09-06,US Open,4th Round,Hard,Carreno Busta P.,Djokovic N.,27.0,1.0,11.0,1.05,19.18,1.03,19.18,1.05
2020-09-06,US Open,3rd Round,Hard,Thiem D.,Cilic M.,3.0,38.0,1.25,4.0,1.2,5.19,1.26,5.19
2020-09-06,US Open,4th Round,Hard,Zverev A.,Davidovich Fokina A.,7.0,99.0,1.11,6.5,1.13,7.29,1.15,7.95
2020-09-07,US Open,4th Round,Hard,Shapovalov D.,Goffin D.,17.0,10.0,2.1,1.72,2.17,1.79,2.3,1.79
2020-09-07,US Open,4th Round,Hard,De Minaur A.,Pospisil V.,28.0,94.0,1.44,2.75,1.46,3.0,1.55,3.0
2020-09-07,US Open,4th Round,Hard,Thiem D.,Auger-Aliassime F.,3.0,21.0,1.4,3.0,1.41,3.24,1.43,3.32
2020-09-07,US Open,4th Round,Hard,Coric B.,Thompson J.,32.0,63.0,1.5,2.62,1.53,2.73,1.62,2.73
2020-09-08,US Open,4th Round,Hard,Rublev A.,Berrettini M.,14.0,8.0,2.0,1.8,2.0,1.93,2.1,1.93
2020-09-08,US Open,4th Round,Hard,Medvedev D.,Tiafoe F.,5.0,82.0,1.12,6.0,1.11,8.64,1.14,8.64
2020-09-08,Generali Open,1st Round,Clay,Hurkacz H.,Sousa J.,33.0,68.0,1.53,2.37,1.54,2.62,1.58,2.7
2020-09-08,Generali Open,1st Round,Clay,Ofner S.,Albot R.,159.0,70.0,1.5,2.5,1.49,2.81,1.54,2.85
2020-09-08,Generali Open,1st Round,Clay,Kecmanovic M.,Nishikori K.,47.0,34.0,2.0,1.75,2.35,1.66,2.4,1.8
2020-09-08,Generali Open,1st Round,Clay,Pella G.,Nishioka Y.,36.0,49.0,1.53,2.37,1.59,2.5,1.62,2.55
2020-09-08,US Open,Quarterfinals,Hard,Zverev A.,Coric B.,7.0,32.0,1.36,3.2,1.37,3.45,1.44,3.58
2020-09-09,Generali Open,1st Round,Clay,Lopez F.,Herbert P.H.,57.0,69.0,3.25,1.33,3.19,1.4,3.45,1.41
2020-09-09,Generali Open,1st Round,Clay,Hanfmann Y.,Bublik A.,118.0,54.0,1.33,3.25,1.29,3.92,1.35,4.25
2020-09-09,Generali Open,1st Round,Clay,Huesler M.A.,Ruusuvuori E.,303.0,92.0,2.37,1.53,2.52,1.58,2.52,1.67
2020-09-09,US Open,Quarterfinals,Hard,Medvedev D.,Rublev A.,5.0,14.0,1.25,4.0,1.28,4.14,1.33,4.44
2020-09-09,Generali Open,1st Round,Clay,Sinner J.,Kohlschreiber P.,74.0,75.0,1.9,1.9,1.85,2.05,1.92,2.05
2020-09-09,Generali Open,1st Round,Clay,Delbonis F.,Londero J.I.,79.0,62.0,2.25,1.57,2.17,1.76,2.28,1.76
2020-09-09,Generali Open,1st Round,Clay,Thompson J.,Millman J.,63.0,43.0,3.0,1.36,3.19,1.4,3.2,1.44
2020-09-09,Generali Open,1st Round,Clay,Marterer M.,Novak D.,337.0,85.0,1.66,2.1,1.83,2.07,1.91,2.17
2020-09-09,Generali Open,1st Round,Clay,Djere L.,Ramos-Vinolas A.,81.0,41.0,1.61,2.2,1.66,2.34,1.69,2.45
2020-09-09,US Open,Quarterfinals,Hard,Carreno Busta P.,Shapovalov D.,27.0,17.0,2.2,1.66,2.31,1.7,2.31,1.73
2020-09-10,Generali Open,2nd Round,Clay,Hanfmann Y.,Lajovic D.,118.0,24.0,1.61,2.2,1.76,2.19,1.76,2.3
2020-09-10,Generali Open,2nd Round,Clay,Marterer M.,Hurkacz H.,337.0,33.0,2.2,1.61,2.48,1.61,2.55,1.68
2020-09-10,Generali Open,2nd Round,Clay,Delbonis F.,Basilashvili N.,79.0,30.0,1.33,3.25,1.42,3.13,1.45,3.25
2020-09-10,Generali Open,2nd Round,Clay,Djere L.,Sinner J.,81.0,74.0,3.0,1.36,2.73,1.52,3.12,1.52
2020-09-10,Generali Open,2nd Round,Clay,Kecmanovic M.,Thompson J.,47.0,63.0,1.3,3.4,1.44,3.03,1.44,3.46
2020-09-10,Generali Open,2nd Round,Clay,Schwartzman D.,Ofner S.,13.0,159.0,1.14,5.5,1.15,6.31,1.17,6.35
2020-09-10,Generali Open,2nd Round,Clay,Lopez F.,Pella G.,57.0,36.0,3.5,1.28,3.53,1.35,3.81,1.36
2020-09-10,Generali Open,2nd Round,Clay,Huesler M.A.,Fognini F.,303.0,12.0,3.0,1.36,3.26,1.39,3.26,1.4
2020-09-10,US Open,Quarterfinals,Hard,Thiem D.,De Minaur A.,3.0,28.0,1.16,5.0,1.22,5.0,1.22,5.54
2020-09-11,Generali Open,Quarterfinals,Clay,Hanfmann Y.,Marterer M.,118.0,337.0,1.75,2.0,1.82,2.1,1.84,2.15
2020-09-11,Generali Open,Quarterfinals,Clay,Djere L.,Schwartzman D.,81.0,13.0,2.37,1.53,2.62,1.56,2.62,1.6
2020-09-11,Generali Open,Quarterfinals,Clay,Kecmanovic M.,Delbonis F.,47.0,79.0,1.66,2.1,1.88,2.02,1.88,2.13
2020-09-11,Generali Open,Quarterfinals,Clay,Huesler M.A.,Lopez F.,303.0,57.0,2.2,1.61,2.36,1.67,2.37,1.8
2020-09-11,US Open,Semifinals,Hard,Zverev A.,Carreno Busta P.,7.0,27.0,1.36,3.2,1.37,3.43,1.39,3.5
2020-09-12,Generali Open,Semifinals,Clay,Kecmanovic M.,Huesler M.A.,47.0,303.0,1.28,3.5,1.32,3.74,1.34,3.74
2020-09-12,Generali Open,Semifinals,Clay,Hanfmann Y.,Djere L.,118.0,81.0,2.0,1.75,1.98,1.93,2.23,1.93
2020-09-12,US Open,Semifinals,Hard,Thiem D.,Medvedev D.,3.0,5.0,2.0,1.8,2.04,1.88,2.04,1.95
2020-09-13,US Open,The Final,Hard,Thiem D.,Zverev A.,3.0,7.0,1.25,4.0,1.3,4.0,1.31,4.33
2020-09-13,Generali Open,The Final,Clay,Kecmanovic M.,Hanfmann Y.,47.0,118.0,1.75,2.0,1.87,2.04,1.91,2.06
2020-09-14,Internazionali BNL d'Italia,1st Round,Clay,Krajinovic F.,Auger-Aliassime F.,29.0,20.0,1.53,2.37,1.69,2.3,1.69,2.5
2020-09-14,Internazionali BNL d'Italia,1st Round,Clay,Travaglia S.,Fritz T.,84.0,28.0,2.25,1.57,2.38,1.65,2.4,1.72
2020-09-14,Internazionali BNL d'Italia,1st Round,Clay,Sinner J.,Paire B.,81.0,24.0,1.25,3.75,1.29,4.05,1.34,4.2
2020-09-14,Internazionali BNL d'Italia,1st Round,Clay,Hurkacz H.,Evans D.,31.0,33.0,1.66,2.1,1.76,2.19,1.76,2.35
2020-09-14,Internazionali BNL d'Italia,1st Round,Clay,Humbert U.,Anderson K.,42.0,119.0,2.37,1.53,2.33,1.68,2.42,1.7
2020-09-14,Internazionali BNL d'Italia,1st Round,Clay,Nishikori K.,Ramos-Vinolas A.,35.0,44.0,1.44,2.62,1.58,2.55,1.59,2.75
2020-09-14,Internazionali BNL d'Italia,1st Round,Clay,Coric B.,Garin C.,26.0,21.0,2.05,1.7,2.04,1.87,2.1,1.9
2020-09-14,Internazionali BNL d'Italia,1st Round,Clay,Cilic M.,Bublik A.,40.0,56.0,1.3,3.4,1.36,3.46,1.38,3.46
2020-09-14,Internazionali BNL d'Italia,1st Round,Clay,Dimitrov G.,Mager G.,22.0,85.0,1.4,2.75,1.47,2.93,1.58,2.93
2020-09-14,Internazionali BNL d'Italia,1st Round,Clay,Ruud C.,Khachanov K.,34.0,16.0,1.9,1.9,2.06,1.85,2.1,1.91
2020-09-14,Internazionali BNL d'Italia,1st Round,Clay,Sonego L.,Basilashvili N.,47.0,32.0,1.36,3.0,1.38,3.31,1.42,3.44
2020-09-15,Internazionali BNL d'Italia,1st Round,Clay,Shapovalov D.,Pella G.,14.0,37.0,1.9,1.9,1.88,2.02,2.01,2.02
2020-09-15,Internazionali BNL d'Italia,1st Round,Clay,Musetti L.,Wawrinka S.,249.0,17.0,3.5,1.28,3.77,1.32,4.0,1.34
2020-09-15,Internazionali BNL d'Italia,1st Round,Clay,Raonic M.,Mannarino A.,19.0,38.0,1.18,4.5,1.18,5.67,1.23,5.67
2020-09-15,Internazionali BNL d'Italia,1st Round,Clay,Cecchinato M.,Edmund K.,113.0,45.0,1.95,1.8,2.14,1.79,2.14,2.05
2020-09-15,Internazionali BNL d'Italia,1st Round,Clay,Nishioka Y.,Kecmanovic M.,50.0,39.0,2.75,1.4,3.17,1.41,3.17,1.49
2020-09-15,Internazionali BNL d'Italia,1st Round,Clay,Lajovic D.,Davidovich Fokina A.,25.0,70.0,2.75,1.4,3.05,1.43,3.25,1.44
2020-09-15,Internazionali BNL d'Italia,1st Round,Clay,Millman J.,Sousa J.,43.0,74.0,1.5,2.5,1.52,2.72,1.56,2.75
2020-09-15,Internazionali BNL d'Italia,1st Round,Clay,Caruso S.,Sandgren T.,87.0,49.0,2.25,1.57,2.11,1.81,2.37,1.87
2020-09-15,Internazionali BNL d'Italia,1st Round,Clay,Koepfer D.,De Minaur A.,97.0,27.0,3.0,1.36,3.31,1.38,3.31,1.4
2020-09-15,Internazionali BNL d'Italia,1st Round,Clay,Coria F.,Struff J.L.,104.0,30.0,3.5,1.28,3.41,1.37,3.6,1.37
2020-09-15,Internazionali BNL d'Italia,1st Round,Clay,Rublev A.,Bagnis F.,12.0,135.0,1.18,4.5,1.23,4.77,1.23,5.54
2020-09-15,Internazionali BNL d'Italia,1st Round,Clay,Martinez P.,Querrey S.,109.0,46.0,1.33,3.25,1.36,3.45,1.4,3.5
2020-09-16,Internazionali BNL d'Italia,2nd Round,Clay,Dimitrov G.,Nishioka Y.,22.0,50.0,1.44,2.62,1.5,2.79,1.59,2.8
2020-09-16,Internazionali BNL d'Italia,2nd Round,Clay,Nadal R.,Carreno Busta P.,2.0,18.0,1.05,11.0,1.06,13.01,1.07,14.5
2020-09-16,Internazionali BNL d'Italia,2nd Round,Clay,Krajinovic F.,Cecchinato M.,29.0,113.0,1.36,3.0,1.36,3.44,1.46,3.52
2020-09-16,Internazionali BNL d'Italia,2nd Round,Clay,Sinner J.,Tsitsipas S.,81.0,6.0,3.5,1.28,3.87,1.31,3.95,1.31
2020-09-16,Internazionali BNL d'Italia,2nd Round,Clay,Travaglia S.,Coric B.,84.0,26.0,2.62,1.44,3.2,1.4,3.2,1.49
2020-09-16,Internazionali BNL d'Italia,2nd Round,Clay,Cilic M.,Goffin D.,40.0,11.0,2.75,1.4,2.77,1.51,3.05,1.51
2020-09-16,Internazionali BNL d'Italia,2nd Round,Clay,Berrettini M.,Coria F.,8.0,104.0,1.18,4.5,1.21,4.97,1.22,5.55
2020-09-16,Internazionali BNL d'Italia,2nd Round,Clay,Djokovic N.,Caruso S.,1.0,87.0,1.04,13.0,1.04,16.13,1.05,20.0
2020-09-17,Internazionali BNL d'Italia,2nd Round,Clay,Shapovalov D.,Martinez P.,14.0,109.0,1.25,3.75,1.37,3.4,1.37,3.89
2020-09-17,Internazionali BNL d'Italia,2nd Round,Clay,Schwartzman D.,Millman J.,15.0,43.0,1.3,3.4,1.32,3.79,1.33,3.8
2020-09-17,Internazionali BNL d'Italia,2nd Round,Clay,Lajovic D.,Raonic M.,25.0,19.0,3.0,1.36,3.4,1.37,3.44,1.4
2020-09-17,Internazionali BNL d'Italia,2nd Round,Clay,Humbert U.,Fognini F.,42.0,13.0,1.72,2.0,1.81,2.11,1.9,2.11
2020-09-17,Internazionali BNL d'Italia,2nd Round,Clay,Hurkacz H.,Rublev A.,31.0,12.0,4.33,1.2,5.81,1.17,5.81,1.22
2020-09-17,Internazionali BNL d'Italia,2nd Round,Clay,Ruud C.,Sonego L.,34.0,47.0,1.36,3.0,1.49,2.83,1.5,3.07
2020-09-17,Internazionali BNL d'Italia,2nd Round,Clay,Musetti L.,Nishikori K.,249.0,35.0,1.8,1.95,2.08,1.84,2.13,2.0
2020-09-17,Internazionali BNL d'Italia,2nd Round,Clay,Koepfer D.,Monfils G.,97.0,9.0,2.75,1.4,3.02,1.44,3.2,1.47
2020-09-18,Internazionali BNL d'Italia,3rd Round,Clay,Dimitrov G.,Sinner J.,22.0,81.0,1.95,1.8,2.05,1.88,2.07,1.88
2020-09-18,Internazionali BNL d'Italia,3rd Round,Clay,Nadal R.,Lajovic D.,2.0,25.0,1.02,17.0,1.02,24.1,1.04,35.0
2020-09-18,Internazionali BNL d'Italia,3rd Round,Clay,Schwartzman D.,Hurkacz H.,15.0,31.0,1.5,2.5,1.57,2.62,1.59,2.69
2020-09-18,Internazionali BNL d'Italia,3rd Round,Clay,Koepfer D.,Musetti L.,97.0,249.0,3.0,1.36,3.06,1.44,3.2,1.5
2020-09-18,Internazionali BNL d'Italia,3rd Round,Clay,Berrettini M.,Travaglia S.,8.0,84.0,1.25,3.75,1.26,4.4,1.27,4.45
2020-09-18,Internazionali BNL d'Italia,3rd Round,Clay,Ruud C.,Cilic M.,34.0,40.0,1.66,2.1,1.69,2.34,1.72,2.35
2020-09-18,Internazionali BNL d'Italia,3rd Round,Clay,Shapovalov D.,Humbert U.,14.0,42.0,1.33,3.25,1.35,3.56,1.36,3.56
2020-09-18,Internazionali BNL d'Italia,3rd Round,Clay,Djokovic N.,Krajinovic F.,1.0,29.0,1.16,5.0,1.2,5.27,1.21,5.54
2020-09-19,Internazionali BNL d'Italia,Quarterfinals,Clay,Ruud C.,Berrettini M.,34.0,8.0,2.37,1.57,2.36,1.68,2.4,1.69
2020-09-19,Internazionali BNL d'Italia,Quarterfinals,Clay,Djokovic N.,Koepfer D.,1.0,97.0,1.03,15.0,1.03,18.76,1.04,20.0
2020-09-19,Internazionali BNL d'Italia,Quarterfinals,Clay,Shapovalov D.,Dimitrov G.,14.0,22.0,2.0,1.8,2.03,1.9,2.2,1.98
2020-09-19,Internazionali BNL d'Italia,Quarterfinals,Clay,Schwartzman D.,Nadal R.,15.0,2.0,15.0,1.03,15.29,1.05,25.0,1.05
2020-09-20,Internazionali BNL d'Italia,Semifinals,Clay,Djokovic N.,Ruud C.,1.0,34.0,1.16,5.0,1.19,5.49,1.2,5.7
2020-09-20,Internazionali BNL d'Italia,Semifinals,Clay,Schwartzman D.,Shapovalov D.,15.0,14.0,1.61,2.3,1.7,2.31,1.7,2.38
2020-09-21,German Tennis Championships,1st Round,Clay,Paul T.,Anderson K.,59.0,118.0,1.57,2.25,1.66,2.34,1.74,2.49
2020-09-21,German Tennis Championships,1st Round,Clay,Vesely J.,Simon G.,75.0,52.0,1.8,1.95,1.81,2.1,1.87,2.1
2020-09-21,German Tennis Championships,1st Round,Clay,Rublev A.,Sandgren T.,14.0,48.0,1.28,3.5,1.3,3.83,1.32,3.9
2020-09-21,Internazionali BNL d'Italia,The Final,Clay,Djokovic N.,Schwartzman D.,1.0,15.0,1.16,5.0,1.16,6.31,1.19,6.31
2020-09-21,German Tennis Championships,1st Round,Clay,Cuevas P.,Fritz T.,64.0,29.0,2.0,1.75,2.01,1.88,2.14,1.88
2020-09-22,German Tennis Championships,1st Round,Clay,Lajovic D.,Mannarino A.,24.0,38.0,1.28,3.5,1.28,4.02,1.32,4.02
2020-09-22,German Tennis Championships,1st Round,Clay,Humbert U.,Medvedev D.,41.0,5.0,4.5,1.18,5.88,1.16,5.88,1.25
2020-09-22,German Tennis Championships,1st Round,Clay,Bublik A.,Ramos-Vinolas A.,56.0,44.0,2.25,1.57,2.51,1.58,2.51,1.63
2020-09-22,German Tennis Championships,1st Round,Clay,Auger-Aliassime F.,Sonego L.,21.0,46.0,1.4,2.75,1.39,3.21,1.47,3.21
2020-09-22,German Tennis Championships,1st Round,Clay,Khachanov K.,Struff J.L.,16.0,32.0,1.66,2.1,1.87,2.02,1.91,2.31
2020-09-22,German Tennis Championships,1st Round,Clay,Hanfmann Y.,Monfils G.,103.0,9.0,1.95,1.8,1.85,2.04,2.0,2.1
2020-09-22,German Tennis Championships,1st Round,Clay,Koepfer D.,Nishioka Y.,66.0,50.0,1.53,2.37,1.68,2.3,1.68,2.5
2020-09-22,German Tennis Championships,1st Round,Clay,Bautista Agut R.,Basilashvili N.,11.0,33.0,1.16,5.0,1.2,5.2,1.22,5.7
2020-09-22,German Tennis Championships,1st Round,Clay,Garin C.,Nishikori K.,22.0,35.0,1.75,2.0,1.89,2.0,1.94,2.1
2020-09-22,German Tennis Championships,1st Round,Clay,Fognini F.,Kohlschreiber P.,15.0,85.0,2.2,1.61,2.28,1.69,2.3,1.8
2020-09-23,German Tennis Championships,1st Round,Clay,Ruud C.,Paire B.,30.0,25.0,1.16,5.0,1.21,4.96,1.21,5.6
2020-09-23,German Tennis Championships,1st Round,Clay,Tsitsipas S.,Evans D.,6.0,34.0,1.14,5.5,1.17,5.74,1.19,5.8
2020-09-23,German Tennis Championships,2nd Round,Clay,Garin C.,Hanfmann Y.,22.0,103.0,1.61,2.2,1.73,2.24,1.76,2.31
2020-09-23,German Tennis Championships,2nd Round,Clay,Rublev A.,Paul T.,14.0,59.0,1.16,5.0,1.15,6.46,1.18,7.0
2020-09-23,German Tennis Championships,2nd Round,Clay,Bublik A.,Auger-Aliassime F.,56.0,21.0,4.33,1.2,4.83,1.22,4.9,1.24
2020-09-23,German Tennis Championships,2nd Round,Clay,Bautista Agut R.,Koepfer D.,11.0,66.0,1.25,3.75,1.32,3.71,1.35,3.89
2020-09-24,German Tennis Championships,2nd Round,Clay,Ruud C.,Fognini F.,30.0,15.0,1.44,2.62,1.37,3.39,1.49,3.4
2020-09-24,German Tennis Championships,2nd Round,Clay,Humbert U.,Vesely J.,41.0,75.0,1.53,2.37,1.58,2.56,1.61,2.72
2020-09-24,German Tennis Championships,2nd Round,Clay,Lajovic D.,Khachanov K.,24.0,16.0,1.95,1.8,2.04,1.87,2.04,1.92
2020-09-24,German Tennis Championships,2nd Round,Clay,Tsitsipas S.,Cuevas P.,6.0,64.0,1.2,4.33,1.22,4.81,1.22,5.8
2020-09-25,German Tennis Championships,Quarterfinals,Clay,Rublev A.,Bautista Agut R.,14.0,11.0,1.66,2.1,1.65,2.4,1.73,2.45
2020-09-25,German Tennis Championships,Quarterfinals,Clay,Tsitsipas S.,Lajovic D.,6.0,24.0,1.4,2.75,1.39,3.26,1.49,3.26
2020-09-25,German Tennis Championships,Quarterfinals,Clay,Ruud C.,Humbert U.,30.0,41.0,1.36,3.0,1.34,3.58,1.48,3.58
2020-09-25,German Tennis Championships,Quarterfinals,Clay,Garin C.,Bublik A.,22.0,56.0,1.28,3.5,1.34,3.62,1.36,3.7
2020-09-26,German Tennis Championships,Semifinals,Clay,Rublev A.,Ruud C.,14.0,30.0,1.44,2.62,1.5,2.81,1.51,3.0
2020-09-26,German Tennis Championships,Semifinals,Clay,Tsitsipas S.,Garin C.,6.0,22.0,1.33,3.25,1.31,3.79,1.34,4.12
2020-09-27,French Open,1st Round,Clay,Gombos N.,Coric B.,106.0,27.0,6.0,1.12,7.61,1.12,7.61,1.14
2020-09-27,French Open,1st Round,Clay,Schwartzman D.,Kecmanovic M.,14.0,41.0,1.2,4.5,1.22,4.81,1.22,5.0
2020-09-27,French Open,1st Round,Clay,Zverev A.,Novak D.,7.0,92.0,1.08,8.0,1.07,10.95,1.09,13.0
2020-09-27,French Open,1st Round,Clay,Wawrinka S.,Murray A.,17.0,111.0,1.33,3.4,1.39,3.28,1.4,3.52
2020-09-27,French Open,1st Round,Clay,Londero J.I.,Delbonis F.,69.0,81.0,2.2,1.66,2.34,1.68,2.37,1.69
2020-09-27,French Open,1st Round,Clay,Paire B.,Kwon S.W.,26.0,82.0,2.1,1.72,2.27,1.71,2.27,1.75
2020-09-27,French Open,1st Round,Clay,Albot R.,Thompson J.,79.0,55.0,2.5,1.53,2.73,1.52,2.73,1.55
2020-09-27,French Open,1st Round,Clay,Koepfer D.,Hoang A.,61.0,126.0,1.28,3.75,1.34,3.56,1.36,3.8
2020-09-27,French Open,1st Round,Clay,Cecchinato M.,De Minaur A.,110.0,28.0,1.72,2.1,1.71,2.27,1.82,2.27
2020-09-27,French Open,1st Round,Clay,Bonzi B.,Ruusuvuori E.,227.0,93.0,3.0,1.4,3.03,1.44,3.2,1.45
2020-09-27,French Open,1st Round,Clay,Travaglia S.,Andujar P.,74.0,51.0,2.2,1.66,2.24,1.73,2.29,1.75
2020-09-27,French Open,1st Round,Clay,Rodionov J.,Chardy J.,170.0,65.0,2.0,1.8,2.0,1.91,2.03,1.94
2020-09-27,French Open,1st Round,Clay,Coria F.,Jung J.,99.0,125.0,1.28,3.75,1.35,3.51,1.35,3.75
2020-09-27,French Open,1st Round,Clay,Nishikori K.,Evans D.,35.0,34.0,1.57,2.37,1.6,2.5,1.66,2.79
2020-09-27,French Open,1st Round,Clay,Fritz T.,Machac T.,30.0,253.0,1.4,3.0,1.43,3.05,1.43,3.25
2020-09-27,French Open,1st Round,Clay,Sinner J.,Goffin D.,75.0,13.0,1.9,1.9,2.16,1.78,2.16,1.92
2020-09-27,French Open,1st Round,Clay,Korda S.,Seppi A.,213.0,98.0,1.44,2.75,1.45,3.0,1.46,3.05
2020-09-27,German Tennis Championships,The Final,Clay,Rublev A.,Tsitsipas S.,14.0,6.0,1.7,2.05,1.84,2.1,1.9,2.16
2020-09-27,French Open,1st Round,Clay,Isner J.,Benchetrit E.,23.0,217.0,1.25,4.0,1.29,4.0,1.29,4.63
2020-09-28,French Open,1st Round,Clay,Milojevic N.,Krajinovic F.,144.0,29.0,8.0,1.08,10.03,1.08,10.2,1.09
2020-09-28,French Open,1st Round,Clay,Bublik A.,Monfils G.,49.0,9.0,2.1,1.72,2.3,1.69,2.3,1.75
2020-09-28,French Open,1st Round,Clay,Nadal R.,Gerasimov E.,2.0,83.0,0.971,34.0,1.01,30.08,1.02,35.0
2020-09-28,French Open,1st Round,Clay,Bedene A.,Rinderknech A.,56.0,162.0,1.33,3.4,1.42,3.11,1.42,3.41
2020-09-28,French Open,1st Round,Clay,Sandgren T.,Hurkacz H.,47.0,31.0,3.0,1.4,3.12,1.42,3.24,1.44
2020-09-28,French Open,1st Round,Clay,Fucsovics M.,Medvedev D.,63.0,5.0,4.33,1.22,4.89,1.22,4.89,1.23
2020-09-28,French Open,1st Round,Clay,Ramos-Vinolas A.,Mannarino A.,44.0,39.0,1.44,2.75,1.45,2.97,1.46,2.97
2020-09-28,French Open,1st Round,Clay,Khachanov K.,Majchrzak K.,16.0,100.0,1.3,3.5,1.35,3.5,1.38,3.56
2020-09-28,French Open,1st Round,Clay,Carreno Busta P.,Millman J.,18.0,43.0,1.28,3.75,1.27,4.19,1.32,4.25
2020-09-28,French Open,1st Round,Clay,Ruud C.,Sugita Y.,25.0,94.0,1.03,15.0,1.06,12.22,1.06,19.0
2020-09-28,French Open,1st Round,Clay,Galan D.,Norrie C.,153.0,72.0,1.72,2.1,1.77,2.18,1.77,2.23
2020-09-28,French Open,1st Round,Clay,Pella G.,Caruso S.,37.0,85.0,1.72,2.1,1.71,2.28,1.83,2.28
2020-09-28,French Open,1st Round,Clay,Altmaier D.,Lopez F.,186.0,57.0,1.44,2.75,1.47,2.9,1.5,2.92
2020-09-28,French Open,1st Round,Clay,Vesely J.,Broady L.,68.0,207.0,1.3,3.5,1.4,3.22,1.43,4.0
2020-09-28,French Open,1st Round,Clay,Thiem D.,Cilic M.,3.0,40.0,1.1,7.0,1.1,8.87,1.12,8.87
2020-09-28,French Open,1st Round,Clay,Nishioka Y.,Auger-Aliassime F.,52.0,22.0,4.5,1.2,5.16,1.2,5.16,1.23
2020-09-28,French Open,1st Round,Clay,Sock J.,Opelka R.,310.0,36.0,1.53,2.5,1.53,2.68,1.57,2.85
2020-09-28,French Open,1st Round,Clay,Gaston H.,Janvier M.,239.0,204.0,1.33,3.4,1.38,3.35,1.42,3.4
2020-09-28,French Open,1st Round,Clay,Martinez P.,Vukic A.,105.0,193.0,1.25,4.0,1.27,4.18,1.28,4.33
2020-09-28,French Open,1st Round,Clay,Struff J.L.,Tiafoe F.,32.0,67.0,1.5,2.62,1.5,2.8,1.53,2.8
2020-09-28,French Open,1st Round,Clay,Kukushkin M.,Fognini F.,88.0,15.0,3.2,1.36,3.33,1.38,3.33,1.42
2020-09-28,French Open,1st Round,Clay,Sonego L.,Gomez E.,46.0,156.0,1.28,3.75,1.35,3.53,1.36,3.76
2020-09-28,French Open,1st Round,Clay,Paul T.,Duckworth J.,58.0,91.0,1.22,4.33,1.2,5.17,1.25,5.45
2020-09-28,French Open,1st Round,Clay,Herbert P.H.,Mmoh M.,78.0,178.0,1.57,2.37,1.59,2.52,1.63,2.55
2020-09-28,French Open,1st Round,Clay,Mcdonald M.,Diez S.,236.0,181.0,2.75,1.44,3.05,1.43,3.1,1.47
2020-09-28,French Open,1st Round,Clay,Giustino L.,Moutet C.,157.0,71.0,2.2,1.66,5.21,1.2,5.3,1.24
2020-09-29,French Open,1st Round,Clay,Martin A.,Sousa J.,102.0,77.0,1.5,2.62,1.53,2.71,1.56,2.71
2020-09-29,French Open,1st Round,Clay,Bautista Agut R.,Gasquet R.,10.0,50.0,1.16,5.0,1.17,5.95,1.2,5.95
2020-09-29,French Open,1st Round,Clay,Dimitrov G.,Barrere G.,20.0,103.0,1.12,6.0,1.14,6.92,1.15,6.92
2020-09-29,French Open,1st Round,Clay,Shapovalov D.,Simon G.,11.0,54.0,1.12,6.0,1.13,7.11,1.14,7.5
2020-09-29,French Open,1st Round,Clay,Tsitsipas S.,Munar J.,6.0,109.0,1.08,8.0,1.12,7.61,1.14,8.1
2020-09-29,French Open,1st Round,Clay,Monteiro T.,Basilashvili N.,84.0,33.0,1.4,3.0,1.44,3.02,1.45,3.2
2020-09-29,French Open,1st Round,Clay,Cuevas P.,Laaksonen H.,60.0,135.0,1.44,2.75,1.49,2.84,1.51,2.98
2020-09-29,French Open,1st Round,Clay,Balazs A.,Uchiyama Y.,87.0,95.0,1.33,3.4,1.41,3.16,1.41,3.41
2020-09-29,French Open,1st Round,Clay,Carballes Baena R.,Johnson S.,101.0,64.0,1.53,2.5,1.59,2.52,1.62,2.63
2020-09-29,French Open,1st Round,Clay,Djokovic N.,Ymer M.,1.0,80.0,1.01,23.0,1.01,30.79,1.02,35.0
2020-09-29,French Open,1st Round,Clay,Berrettini M.,Pospisil V.,8.0,76.0,1.11,6.5,1.11,8.1,1.12,8.3
2020-09-29,French Open,1st Round,Clay,Giron M.,Halys Q.,96.0,202.0,1.72,2.1,1.88,2.03,1.91,2.1
2020-09-29,French Open,1st Round,Clay,Berankis R.,Dellien H.,66.0,104.0,2.62,1.5,2.61,1.56,2.7,1.57
2020-09-29,French Open,1st Round,Clay,Anderson K.,Djere L.,118.0,73.0,2.75,1.44,2.82,1.49,3.08,1.5
2020-09-29,French Open,1st Round,Clay,Lajovic D.,Mager G.,24.0,89.0,1.12,6.0,1.15,6.35,1.17,7.45
2020-09-29,French Open,1st Round,Clay,Davidovich Fokina A.,Mayot H.,70.0,412.0,1.14,5.5,1.14,6.65,1.16,6.9
2020-09-29,French Open,1st Round,Clay,Polmans M.,Humbert U.,122.0,38.0,6.5,1.11,6.62,1.14,7.45,1.14
2020-09-29,French Open,1st Round,Clay,Garin C.,Kohlschreiber P.,19.0,86.0,1.14,5.5,1.17,5.87,1.18,6.15
2020-09-29,French Open,1st Round,Clay,Rublev A.,Querrey S.,12.0,48.0,1.06,10.0,1.06,12.92,1.06,14.5
2020-09-29,French Open,1st Round,Clay,Harris L.,Popyrin A.,90.0,108.0,1.9,1.9,2.03,1.88,2.03,1.95
2020-09-30,French Open,2nd Round,Clay,Sonego L.,Bublik A.,46.0,49.0,2.37,1.57,2.34,1.68,2.41,1.7
2020-09-30,French Open,2nd Round,Clay,Sinner J.,Bonzi B.,75.0,227.0,1.08,8.0,1.11,8.06,1.11,17.0
2020-09-30,French Open,2nd Round,Clay,Ruud C.,Paul T.,25.0,58.0,1.2,4.5,1.19,5.4,1.22,5.5
2020-09-30,French Open,2nd Round,Clay,Travaglia S.,Nishikori K.,74.0,35.0,1.66,2.2,1.73,2.24,1.75,2.35
2020-09-30,French Open,2nd Round,Clay,Zverev A.,Herbert P.H.,7.0,78.0,1.1,7.0,1.13,7.21,1.14,8.0
2020-09-30,French Open,2nd Round,Clay,Cecchinato M.,Londero J.I.,110.0,69.0,1.25,4.0,1.34,3.6,1.35,4.0
2020-09-30,French Open,2nd Round,Clay,Coria F.,Paire B.,99.0,26.0,2.0,1.8,1.99,1.92,2.04,1.93
2020-09-30,French Open,2nd Round,Clay,Martinez P.,Kukushkin M.,105.0,88.0,1.44,2.75,1.48,2.88,1.54,2.88
2020-09-30,French Open,2nd Round,Clay,Schwartzman D.,Giustino L.,14.0,157.0,1.02,19.0,1.01,29.04,1.02,35.0
2020-09-30,French Open,2nd Round,Clay,Thiem D.,Sock J.,3.0,310.0,1.05,11.0,1.05,14.7,1.08,17.0
2020-09-30,French Open,2nd Round,Clay,Nadal R.,Mcdonald M.,2.0,236.0,1.01,26.0,0.974,36.86,1.02,36.86
2020-09-30,French Open,2nd Round,Clay,Korda S.,Isner J.,213.0,23.0,2.62,1.5,2.52,1.59,2.69,1.61
2020-09-30,French Open,2nd Round,Clay,Fritz T.,Albot R.,30.0,79.0,1.5,2.62,1.56,2.6,1.59,2.69
2020-09-30,French Open,2nd Round,Clay,Gaston H.,Nishioka Y.,239.0,52.0,3.5,1.3,3.82,1.31,3.85,1.33
2020-09-30,French Open,2nd Round,Clay,Gombos N.,Rodionov J.,106.0,170.0,1.4,3.0,1.47,2.93,1.47,3.0
2020-09-30,French Open,2nd Round,Clay,Wawrinka S.,Koepfer D.,17.0,61.0,1.28,3.75,1.29,3.97,1.3,4.2
2020-10-01,French Open,2nd Round,Clay,Carreno Busta P.,Pella G.,18.0,37.0,1.28,3.75,1.34,3.61,1.36,4.09
2020-10-01,French Open,2nd Round,Clay,Berrettini M.,Harris L.,8.0,90.0,1.1,7.0,1.08,9.89,1.11,10.0
2020-10-01,French Open,2nd Round,Clay,Rublev A.,Davidovich Fokina A.,12.0,70.0,1.22,4.33,1.2,5.17,1.22,5.25
2020-10-01,French Open,2nd Round,Clay,Bautista Agut R.,Balazs A.,10.0,87.0,1.05,11.0,1.05,13.98,1.09,13.98
2020-10-01,French Open,2nd Round,Clay,Anderson K.,Lajovic D.,118.0,24.0,2.62,1.5,2.46,1.62,2.75,1.62
2020-10-01,French Open,2nd Round,Clay,Tsitsipas S.,Cuevas P.,6.0,60.0,1.22,4.33,1.18,5.7,1.23,5.75
2020-10-01,French Open,2nd Round,Clay,Bedene A.,Milojevic N.,56.0,144.0,1.8,2.0,1.92,1.99,1.95,2.1
2020-10-01,French Open,2nd Round,Clay,Djokovic N.,Berankis R.,1.0,66.0,34.0,0.971,1.01,28.0,1.02,41.0
2020-10-01,French Open,2nd Round,Clay,Dimitrov G.,Martin A.,20.0,102.0,1.12,6.0,1.15,6.53,1.17,8.0
2020-10-01,French Open,2nd Round,Clay,Altmaier D.,Struff J.L.,186.0,32.0,3.2,1.36,3.21,1.4,3.3,1.45
2020-10-01,French Open,2nd Round,Clay,Khachanov K.,Vesely J.,16.0,68.0,1.25,4.0,1.31,3.84,1.31,4.2
2020-10-01,French Open,2nd Round,Clay,Monteiro T.,Giron M.,84.0,96.0,1.2,4.5,1.24,4.54,1.27,5.0
2020-10-01,French Open,2nd Round,Clay,Garin C.,Polmans M.,19.0,122.0,1.16,5.0,1.1,8.82,1.16,9.3
2020-10-01,French Open,2nd Round,Clay,Fucsovics M.,Ramos-Vinolas A.,63.0,44.0,1.44,2.75,1.48,2.86,1.49,2.95
2020-10-01,French Open,2nd Round,Clay,Carballes Baena R.,Shapovalov D.,101.0,11.0,5.0,1.16,4.64,1.24,5.5,1.27
2020-10-01,French Open,2nd Round,Clay,Galan D.,Sandgren T.,153.0,47.0,3.2,1.36,3.04,1.44,3.3,1.44
2020-10-02,French Open,3rd Round,Clay,Zverev A.,Cecchinato M.,7.0,110.0,1.44,2.75,1.47,2.89,1.47,3.1
2020-10-02,French Open,3rd Round,Clay,Schwartzman D.,Gombos N.,14.0,106.0,1.06,10.0,1.06,12.05,1.1,15.0
2020-10-02,French Open,3rd Round,Clay,Nadal R.,Travaglia S.,2.0,74.0,1.005,34.0,1.01,32.66,1.02,35.0
2020-10-02,French Open,3rd Round,Clay,Sinner J.,Coria F.,75.0,99.0,1.14,5.5,1.18,5.63,1.2,6.25
2020-10-02,French Open,3rd Round,Clay,Gaston H.,Wawrinka S.,239.0,17.0,11.0,1.05,13.26,1.05,15.25,1.06
2020-10-02,French Open,3rd Round,Clay,Korda S.,Martinez P.,213.0,105.0,3.0,1.4,2.85,1.49,3.03,1.49
2020-10-02,French Open,3rd Round,Clay,Thiem D.,Ruud C.,3.0,25.0,1.14,5.5,1.14,6.74,1.16,7.0
2020-10-02,French Open,3rd Round,Clay,Sonego L.,Fritz T.,46.0,30.0,2.0,1.8,2.01,1.89,2.04,1.94
2020-10-03,French Open,3rd Round,Clay,Altmaier D.,Berrettini M.,186.0,8.0,5.0,1.16,5.52,1.19,5.55,1.2
2020-10-03,French Open,3rd Round,Clay,Rublev A.,Anderson K.,12.0,118.0,1.2,4.5,1.25,4.48,1.25,4.95
2020-10-03,French Open,3rd Round,Clay,Carreno Busta P.,Bautista Agut R.,18.0,10.0,2.1,1.72,2.05,1.86,2.2,1.86
2020-10-03,French Open,3rd Round,Clay,Fucsovics M.,Monteiro T.,63.0,84.0,1.57,2.37,1.56,2.62,1.57,2.7
2020-10-03,French Open,3rd Round,Clay,Tsitsipas S.,Bedene A.,6.0,56.0,1.11,6.5,1.11,8.22,1.12,8.55
2020-10-03,French Open,3rd Round,Clay,Dimitrov G.,Carballes Baena R.,20.0,101.0,1.2,4.5,1.22,4.85,1.23,4.9
2020-10-03,French Open,3rd Round,Clay,Khachanov K.,Garin C.,16.0,19.0,2.1,1.72,2.71,1.53,2.71,1.8
2020-10-03,French Open,3rd Round,Clay,Djokovic N.,Galan D.,1.0,153.0,1.005,34.0,1.01,28.85,1.02,35.0
2020-10-04,French Open,4th Round,Clay,Schwartzman D.,Sonego L.,14.0,46.0,1.16,5.0,1.19,5.58,1.23,5.95
2020-10-04,French Open,4th Round,Clay,Thiem D.,Gaston H.,3.0,239.0,1.03,15.0,1.03,20.83,1.05,25.0
2020-10-04,French Open,4th Round,Clay,Nadal R.,Korda S.,2.0,213.0,1.01,26.0,1.01,34.13,1.02,35.0
2020-10-04,French Open,4th Round,Clay,Sinner J.,Zverev A.,75.0,7.0,2.75,1.44,2.9,1.48,2.9,1.51
2020-10-05,French Open,4th Round,Clay,Rublev A.,Fucsovics M.,12.0,63.0,1.25,4.0,1.25,4.62,1.29,4.75
2020-10-05,French Open,4th Round,Clay,Tsitsipas S.,Dimitrov G.,6.0,20.0,1.3,3.5,1.33,3.71,1.36,3.8
2020-10-05,French Open,4th Round,Clay,Djokovic N.,Khachanov K.,1.0,16.0,1.04,13.0,1.04,18.11,1.05,20.0
2020-10-05,French Open,4th Round,Clay,Carreno Busta P.,Altmaier D.,18.0,186.0,1.22,4.33,1.24,4.7,1.25,4.7
2020-10-06,French Open,Quarterfinals,Clay,Schwartzman D.,Thiem D.,14.0,3.0,2.75,1.44,3.41,1.38,3.41,1.46
2020-10-06,French Open,Quarterfinals,Clay,Nadal R.,Sinner J.,2.0,75.0,1.08,8.0,1.08,10.52,1.12,13.0
2020-10-07,French Open,Quarterfinals,Clay,Tsitsipas S.,Rublev A.,6.0,12.0,1.53,2.5,1.52,2.77,1.6,2.77
2020-10-07,French Open,Quarterfinals,Clay,Djokovic N.,Carreno Busta P.,1.0,18.0,1.06,10.0,1.07,12.01,1.08,15.0
2020-10-09,French Open,Semifinals,Clay,Djokovic N.,Tsitsipas S.,1.0,6.0,1.33,3.4,1.3,3.98,1.4,3.98
2020-10-09,French Open,Semifinals,Clay,Nadal R.,Schwartzman D.,2.0,14.0,1.14,5.5,1.15,6.7,1.2,6.7
2020-10-11,French Open,The Final,Clay,Nadal R.,Djokovic N.,2.0,1.0,1.72,2.1,1.71,2.29,1.73,2.38
2020-10-12,St. Petersburg Open,1st Round,Hard,Norrie C.,Fritz T.,75.0,28.0,3.0,1.36,3.13,1.41,3.25,1.41
2020-10-12,Forte Village Sardegna Open,1st Round,Clay,Musetti L.,Cuevas P.,143.0,63.0,1.53,2.37,1.61,2.44,1.63,2.45
2020-10-12,Forte Village Sardegna Open,1st Round,Clay,Vesely J.,Majchrzak K.,67.0,105.0,1.75,2.0,1.74,2.2,1.82,2.31
2020-10-12,St. Petersburg Open,1st Round,Hard,Donskoy E.,Gerasimov E.,121.0,85.0,3.25,1.33,3.35,1.37,3.64,1.37
2020-10-12,St. Petersburg Open,1st Round,Hard,Wawrinka S.,Evans D.,18.0,34.0,1.53,2.37,1.47,2.85,1.6,2.85
2020-10-12,St. Petersburg Open,1st Round,Hard,Bublik A.,Mcdonald M.,52.0,221.0,1.4,2.75,1.47,2.85,1.51,2.93
2020-10-12,St. Petersburg Open,1st Round,Hard,Karatsev A.,Sandgren T.,117.0,48.0,2.37,1.53,2.34,1.66,2.45,1.67
2020-10-12,Forte Village Sardegna Open,1st Round,Clay,Pellegrino A.,Travaglia S.,292.0,70.0,3.25,1.33,3.05,1.43,3.39,1.43
2020-10-12,bett1HULKS Indoors,1st Round,Hard,Novak D.,Thompson J.,94.0,59.0,2.05,1.7,2.25,1.71,2.35,1.8
2020-10-12,bett1HULKS Indoors,1st Round,Hard,Johnson S.,Krajinovic F.,68.0,30.0,4.33,1.2,5.2,1.19,5.2,1.25
2020-10-12,bett1HULKS Indoors,1st Round,Hard,Hurkacz H.,Polmans M.,31.0,116.0,1.36,3.0,1.35,3.48,1.36,3.55
2020-10-12,bett1HULKS Indoors,1st Round,Hard,Albot R.,Herbert P.H.,82.0,81.0,2.37,1.53,2.47,1.6,2.5,1.67
2020-10-12,bett1HULKS Indoors,1st Round,Hard,Zverev M.,Millman J.,268.0,44.0,3.75,1.25,4.41,1.25,4.9,1.28
2020-10-12,bett1HULKS Indoors,1st Round,Hard,Otte O.,Struff J.L.,142.0,32.0,2.62,1.44,3.17,1.4,3.17,1.53
2020-10-12,Forte Village Sardegna Open,1st Round,Clay,Paul T.,Martin A.,58.0,100.0,1.33,3.25,1.4,3.18,1.41,3.32
2020-10-13,St. Petersburg Open,1st Round,Hard,Coric B.,Lopez F.,27.0,60.0,1.4,2.75,1.41,3.14,1.45,3.38
2020-10-13,Forte Village Sardegna Open,1st Round,Clay,Cecchinato M.,Mager G.,103.0,91.0,1.4,2.75,1.44,2.97,1.45,3.0
2020-10-13,Forte Village Sardegna Open,1st Round,Clay,Delbonis F.,Seppi A.,78.0,102.0,1.22,4.0,1.31,3.8,1.31,4.2
2020-10-13,Forte Village Sardegna Open,1st Round,Clay,Carballes Baena R.,Coria F.,96.0,86.0,2.0,1.75,2.02,1.87,2.13,1.94
2020-10-13,Forte Village Sardegna Open,1st Round,Clay,Sonego L.,Zeppieri G.,42.0,317.0,1.3,3.4,1.29,3.9,1.32,4.5
2020-10-13,Forte Village Sardegna Open,1st Round,Clay,Djere L.,Nagal S.,74.0,129.0,1.5,2.5,1.63,2.4,1.63,2.56
2020-10-13,Forte Village Sardegna Open,1st Round,Clay,Andujar P.,Kovalik J.,54.0,125.0,1.57,2.25,1.67,2.33,1.69,2.46
2020-10-13,St. Petersburg Open,1st Round,Hard,Ivashka I.,Mannarino A.,141.0,39.0,2.0,1.75,2.16,1.76,2.2,1.8
2020-10-13,bett1HULKS Indoors,1st Round,Hard,Simon G.,Fucsovics M.,57.0,50.0,3.0,1.36,3.01,1.43,3.25,1.45
2020-10-13,St. Petersburg Open,1st Round,Hard,Kecmanovic M.,Kukushkin M.,41.0,88.0,1.57,2.25,1.59,2.5,1.67,2.55
2020-10-13,St. Petersburg Open,1st Round,Hard,Khachanov K.,Duckworth J.,17.0,93.0,1.08,8.0,1.1,8.16,1.13,8.16
2020-10-13,St. Petersburg Open,1st Round,Hard,Rublev A.,Pospisil V.,10.0,79.0,1.4,2.75,1.38,3.27,1.5,3.27
2020-10-13,bett1HULKS Indoors,1st Round,Hard,Laaksonen H.,Altmaier D.,139.0,122.0,2.1,1.66,2.29,1.69,2.35,1.72
2020-10-13,bett1HULKS Indoors,1st Round,Hard,Davidovich Fokina A.,Ruusuvuori E.,71.0,98.0,3.5,1.28,3.23,1.39,3.57,1.39
2020-10-13,bett1HULKS Indoors,1st Round,Hard,Cilic M.,Giron M.,40.0,90.0,1.25,3.75,1.27,4.09,1.32,4.2
2020-10-13,bett1HULKS Indoors,1st Round,Hard,Harris L.,Edmund K.,92.0,47.0,2.2,1.61,2.34,1.66,2.35,1.71
2020-10-13,bett1HULKS Indoors,1st Round,Hard,Verdasco F.,Murray A.,61.0,115.0,3.25,1.33,3.56,1.34,3.56,1.37
2020-10-13,St. Petersburg Open,1st Round,Hard,Raonic M.,Wolf J.J.,21.0,123.0,1.3,3.4,1.3,3.82,1.33,4.0
2020-10-14,St. Petersburg Open,2nd Round,Hard,Norrie C.,Kecmanovic M.,75.0,41.0,2.37,1.53,2.37,1.66,2.45,1.67
2020-10-14,St. Petersburg Open,1st Round,Hard,Medvedev D.,Gasquet R.,6.0,53.0,1.12,6.0,1.13,7.13,1.15,7.13
2020-10-14,St. Petersburg Open,1st Round,Hard,Humbert U.,Kotov P.,38.0,286.0,1.2,4.33,1.19,5.3,1.24,5.3
2020-10-14,St. Petersburg Open,1st Round,Hard,Safiullin R.,Gomez E.,199.0,151.0,1.44,2.62,1.57,2.55,1.59,2.63
2020-10-14,St. Petersburg Open,1st Round,Hard,Shapovalov D.,Troicki V.,12.0,197.0,1.11,6.5,1.13,7.04,1.13,7.7
2020-10-14,St. Petersburg Open,1st Round,Hard,Opelka R.,Serdarusic N.,36.0,308.0,1.16,5.0,1.23,4.69,1.24,5.08
2020-10-14,St. Petersburg Open,2nd Round,Hard,Wawrinka S.,Donskoy E.,18.0,121.0,1.2,4.33,1.2,5.26,1.25,5.26
2020-10-14,Forte Village Sardegna Open,2nd Round,Clay,Djere L.,Lajovic D.,74.0,24.0,2.0,1.75,2.18,1.77,2.25,1.78
2020-10-14,Forte Village Sardegna Open,2nd Round,Clay,Delbonis F.,Andujar P.,78.0,54.0,1.66,2.1,1.69,2.31,1.74,2.31
2020-10-14,Forte Village Sardegna Open,2nd Round,Clay,Petrovic D.,Carballes Baena R.,166.0,96.0,,,,,3.25,1.5
2020-10-14,bett1HULKS Indoors,2nd Round,Hard,Albot R.,Otte O.,82.0,142.0,2.25,1.57,2.31,1.69,2.37,1.74
2020-10-14,bett1HULKS Indoors,2nd Round,Hard,Hurkacz H.,Zverev M.,31.0,268.0,1.3,3.4,1.33,3.66,1.36,3.7
2020-10-14,bett1HULKS Indoors,2nd Round,Hard,Harris L.,Johnson S.,92.0,68.0,1.57,2.25,1.75,2.21,1.75,2.35
2020-10-14,Forte Village Sardegna Open,1st Round,Clay,Hanfmann Y.,Caruso S.,101.0,77.0,1.61,2.2,1.76,2.16,1.83,2.35
2020-10-14,Forte Village Sardegna Open,1st Round,Clay,Moutet C.,Tiafoe F.,73.0,64.0,2.2,1.61,2.07,1.83,2.4,1.83
2020-10-14,Forte Village Sardegna Open,2nd Round,Clay,Vesely J.,Sonego L.,67.0,42.0,2.1,1.66,2.33,1.68,2.33,1.72
2020-10-14,bett1HULKS Indoors,2nd Round,Hard,Novak D.,Paire B.,94.0,26.0,1.53,2.37,1.65,2.4,1.65,2.45
2020-10-15,St. Petersburg Open,2nd Round,Hard,Rublev A.,Humbert U.,10.0,38.0,1.18,4.5,1.16,6.06,1.2,6.06
2020-10-15,bett1HULKS Indoors,2nd Round,Hard,Davidovich Fokina A.,Cilic M.,71.0,40.0,2.37,1.53,2.58,1.57,2.58,1.62
2020-10-15,bett1HULKS Indoors,2nd Round,Hard,Auger-Aliassime F.,Laaksonen H.,22.0,139.0,1.28,3.5,1.27,4.23,1.32,4.33
2020-10-15,bett1HULKS Indoors,2nd Round,Hard,Bautista Agut R.,Simon G.,13.0,57.0,1.36,3.0,1.38,3.35,1.39,3.4
2020-10-15,Forte Village Sardegna Open,2nd Round,Clay,Musetti L.,Pellegrino A.,143.0,292.0,1.22,4.0,1.2,5.16,1.27,5.16
2020-10-15,Forte Village Sardegna Open,2nd Round,Clay,Hanfmann Y.,Ruud C.,101.0,25.0,3.0,1.36,3.05,1.43,3.12,1.45
2020-10-15,St. Petersburg Open,2nd Round,Hard,Shapovalov D.,Ivashka I.,12.0,141.0,1.18,4.5,1.16,6.16,1.21,6.16
2020-10-15,St. Petersburg Open,2nd Round,Hard,Coric B.,Safiullin R.,27.0,199.0,1.16,5.0,1.22,4.83,1.23,5.8
2020-10-15,bett1HULKS Indoors,2nd Round,Hard,Zverev A.,Verdasco F.,7.0,61.0,1.2,4.33,1.21,4.98,1.23,5.05
2020-10-15,Forte Village Sardegna Open,2nd Round,Clay,Cecchinato M.,Paul T.,103.0,58.0,1.36,3.0,1.59,2.52,1.59,3.0
2020-10-15,St. Petersburg Open,2nd Round,Hard,Khachanov K.,Karatsev A.,17.0,117.0,1.25,3.75,1.23,4.73,1.28,4.73
2020-10-15,Forte Village Sardegna Open,2nd Round,Clay,Ramos-Vinolas A.,Moutet C.,45.0,73.0,1.83,1.83,1.95,1.95,2.14,2.05
2020-10-15,St. Petersburg Open,2nd Round,Hard,Raonic M.,Bublik A.,21.0,52.0,1.4,2.75,1.43,3.06,1.45,3.25
2020-10-15,St. Petersburg Open,2nd Round,Hard,Opelka R.,Medvedev D.,36.0,6.0,4.33,1.2,5.71,1.18,5.71,1.24
2020-10-16,St. Petersburg Open,Quarterfinals,Hard,Rublev A.,Norrie C.,10.0,75.0,1.05,11.0,1.13,7.13,1.14,11.0
2020-10-16,St. Petersburg Open,Quarterfinals,Hard,Shapovalov D.,Wawrinka S.,12.0,18.0,1.44,2.62,1.51,2.77,1.58,2.8
2020-10-16,St. Petersburg Open,Quarterfinals,Hard,Coric B.,Opelka R.,27.0,36.0,1.95,1.8,1.91,2.0,1.95,2.05
2020-10-16,St. Petersburg Open,Quarterfinals,Hard,Raonic M.,Khachanov K.,21.0,17.0,1.5,2.5,1.48,2.87,1.53,2.92
2020-10-16,Forte Village Sardegna Open,Quarterfinals,Clay,Cecchinato M.,Ramos-Vinolas A.,103.0,45.0,1.7,2.05,1.84,2.08,1.85,2.22
2020-10-16,Forte Village Sardegna Open,Quarterfinals,Clay,Petrovic D.,Delbonis F.,166.0,78.0,3.75,1.25,4.34,1.26,4.4,1.29
2020-10-16,bett1HULKS Indoors,Quarterfinals,Hard,Davidovich Fokina A.,Novak D.,71.0,94.0,1.7,2.05,1.72,2.25,1.76,2.25
2020-10-16,bett1HULKS Indoors,Quarterfinals,Hard,Auger-Aliassime F.,Albot R.,22.0,82.0,1.2,4.33,1.22,4.96,1.23,4.96
2020-10-16,bett1HULKS Indoors,Quarterfinals,Hard,Bautista Agut R.,Hurkacz H.,13.0,31.0,1.33,3.25,1.37,3.38,1.4,3.38
2020-10-16,bett1HULKS Indoors,Quarterfinals,Hard,Zverev A.,Harris L.,7.0,92.0,1.14,5.5,1.12,7.6,1.16,7.6
2020-10-16,Forte Village Sardegna Open,Quarterfinals,Clay,Djere L.,Vesely J.,74.0,67.0,1.7,2.05,1.93,1.97,1.93,2.12
2020-10-16,Forte Village Sardegna Open,Quarterfinals,Clay,Musetti L.,Hanfmann Y.,143.0,101.0,1.66,2.1,1.88,2.02,1.9,2.2
2020-10-17,bett1HULKS Indoors,Semifinals,Hard,Zverev A.,Davidovich Fokina A.,7.0,71.0,1.14,5.5,1.15,6.42,1.16,6.5
2020-10-17,bett1HULKS Indoors,Semifinals,Hard,Auger-Aliassime F.,Bautista Agut R.,22.0,13.0,2.0,1.75,2.02,1.88,2.1,1.95
2020-10-17,St. Petersburg Open,Semifinals,Hard,Coric B.,Raonic M.,27.0,21.0,3.0,1.36,3.24,1.4,3.82,1.4
2020-10-17,Forte Village Sardegna Open,Semifinals,Clay,Cecchinato M.,Petrovic D.,103.0,166.0,1.12,6.0,1.23,4.66,1.25,6.0
2020-10-17,Forte Village Sardegna Open,Semifinals,Clay,Djere L.,Musetti L.,74.0,143.0,2.1,1.66,2.3,1.69,2.31,1.74
2020-10-17,St. Petersburg Open,Semifinals,Hard,Rublev A.,Shapovalov D.,10.0,12.0,1.66,2.1,1.65,2.39,1.72,2.39
2020-10-18,St. Petersburg Open,The Final,Hard,Rublev A.,Coric B.,10.0,27.0,1.22,4.0,1.29,4.12,1.3,4.33
2020-10-18,Forte Village Sardegna Open,The Final,Clay,Djere L.,Cecchinato M.,74.0,103.0,2.5,1.5,2.64,1.55,2.78,1.57
2020-10-18,bett1HULKS Indoors,The Final,Hard,Zverev A.,Auger-Aliassime F.,7.0,22.0,1.36,3.0,1.44,3.03,1.47,3.12
2020-10-19,bett1HULKS Championship,1st Round,Hard,Nishioka Y.,Edmund K.,56.0,47.0,2.5,1.5,2.42,1.63,2.61,1.63
2020-10-19,bett1HULKS Championship,1st Round,Hard,Gerasimov E.,Altmaier D.,87.0,124.0,1.75,2.0,1.85,2.05,1.9,2.1
2020-10-19,bett1HULKS Championship,1st Round,Hard,Mannarino A.,Popyrin A.,41.0,109.0,1.75,2.0,1.67,2.32,1.75,2.38
2020-10-19,bett1HULKS Championship,1st Round,Hard,Johnson S.,Cilic M.,71.0,40.0,3.0,1.36,3.5,1.35,3.5,1.4
2020-10-19,bett1HULKS Championship,1st Round,Hard,Kecmanovic M.,Nagal S.,39.0,130.0,1.16,5.0,1.2,5.16,1.2,5.8
2020-10-19,European Open,1st Round,Hard,Humbert U.,Coppejans K.,38.0,172.0,1.12,6.0,1.11,7.89,1.15,7.89
2020-10-19,European Open,1st Round,Hard,Tiafoe F.,Lajovic D.,63.0,25.0,1.44,2.62,1.51,2.74,1.56,2.74
2020-10-19,European Open,1st Round,Hard,Lopez F.,Paul T.,62.0,59.0,2.2,1.61,2.34,1.66,2.56,1.73
2020-10-19,bett1HULKS Championship,1st Round,Hard,Simon G.,Thompson J.,58.0,60.0,1.44,2.62,1.41,3.12,1.49,3.12
2020-10-20,bett1HULKS Championship,1st Round,Hard,Sinner J.,Duckworth J.,46.0,97.0,1.12,6.0,1.12,7.19,1.14,8.2
2020-10-20,bett1HULKS Championship,1st Round,Hard,Herbert P.H.,Sandgren T.,82.0,48.0,1.53,2.37,1.63,2.4,1.66,2.5
2020-10-20,bett1HULKS Championship,1st Round,Hard,Davidovich Fokina A.,Dzumhur D.,64.0,114.0,1.44,2.62,1.58,2.53,1.63,2.71
2020-10-20,bett1HULKS Championship,1st Round,Hard,Millman J.,Verdasco F.,44.0,61.0,1.7,2.05,1.78,2.15,1.85,2.2
2020-10-20,bett1HULKS Championship,1st Round,Hard,Otte O.,Novak D.,141.0,91.0,3.5,1.28,3.43,1.35,3.64,1.42
2020-10-20,European Open,1st Round,Hard,Harris L.,Moutet C.,90.0,74.0,1.53,2.37,1.48,2.83,1.6,2.83
2020-10-20,European Open,1st Round,Hard,Norrie C.,Ruusuvuori E.,70.0,100.0,2.25,1.57,2.58,1.56,2.58,1.63
2020-10-20,European Open,1st Round,Hard,Evans D.,Caruso S.,35.0,79.0,1.28,3.5,1.28,4.03,1.37,4.35
2020-10-20,European Open,1st Round,Hard,Giron M.,Nardi L.,94.0,917.0,1.12,6.0,1.09,8.64,1.12,8.64
2020-10-20,European Open,1st Round,Hard,Andujar P.,Coria F.,55.0,86.0,1.33,3.25,1.4,3.15,1.44,3.5
2020-10-20,European Open,1st Round,Hard,De Minaur A.,Gasquet R.,29.0,54.0,1.3,3.4,1.3,3.82,1.33,3.95
2020-10-20,European Open,1st Round,Hard,Bergs Z.,Ramos-Vinolas A.,528.0,45.0,3.0,1.36,3.35,1.37,3.65,1.4
2020-10-21,bett1HULKS Championship,2nd Round,Hard,Auger-Aliassime F.,Gerasimov E.,22.0,87.0,1.28,3.5,1.25,4.47,1.31,4.47
2020-10-21,bett1HULKS Championship,2nd Round,Hard,Zverev A.,Millman J.,7.0,44.0,1.12,6.0,1.13,7.33,1.14,7.5
2020-10-21,bett1HULKS Championship,2nd Round,Hard,Davidovich Fokina A.,Johnson S.,64.0,71.0,1.53,2.37,1.56,2.6,1.58,2.6
2020-10-21,bett1HULKS Championship,2nd Round,Hard,Mannarino A.,Kecmanovic M.,41.0,39.0,1.8,1.95,2.02,1.88,2.02,2.02
2020-10-21,bett1HULKS Championship,1st Round,Hard,Struff J.L.,Cecchinato M.,32.0,77.0,1.16,5.0,1.18,5.42,1.22,7.5
2020-10-21,European Open,2nd Round,Hard,Dimitrov G.,Andujar P.,20.0,55.0,1.11,6.5,1.15,6.37,1.19,6.5
2020-10-21,European Open,1st Round,Hard,Raonic M.,Bedene A.,19.0,52.0,1.14,5.5,1.16,6.06,1.19,6.4
2020-10-21,European Open,1st Round,Hard,Fritz T.,Opelka R.,28.0,33.0,1.75,2.0,1.8,2.11,1.83,2.16
2020-10-21,European Open,2nd Round,Hard,De Minaur A.,Lopez F.,29.0,62.0,1.25,3.75,1.25,4.51,1.31,4.51
2020-10-21,European Open,2nd Round,Hard,Evans D.,Tiafoe F.,35.0,63.0,1.8,1.95,1.78,2.16,2.05,2.16
2020-10-21,European Open,2nd Round,Hard,Humbert U.,Carreno Busta P.,38.0,15.0,1.95,1.8,1.93,1.97,2.15,1.98
2020-10-22,bett1HULKS Championship,2nd Round,Hard,Nishioka Y.,Struff J.L.,56.0,32.0,2.2,1.61,2.44,1.63,2.44,1.71
2020-10-22,bett1HULKS Championship,2nd Round,Hard,Schwartzman D.,Otte O.,9.0,141.0,1.28,3.5,1.26,4.38,1.31,4.6
2020-10-22,bett1HULKS Championship,2nd Round,Hard,Simon G.,Shapovalov D.,58.0,12.0,3.75,1.25,4.3,1.26,4.3,1.29
2020-10-22,European Open,2nd Round,Hard,Raonic M.,Norrie C.,19.0,70.0,1.14,5.5,1.16,6.12,1.19,6.2
2020-10-22,European Open,2nd Round,Hard,Harris L.,Fritz T.,90.0,28.0,2.62,1.44,2.77,1.51,2.77,1.54
2020-10-22,European Open,2nd Round,Hard,Khachanov K.,Bergs Z.,17.0,528.0,1.1,7.0,1.11,8.0,1.13,9.0
2020-10-22,European Open,2nd Round,Hard,Giron M.,Goffin D.,94.0,14.0,3.0,1.36,3.29,1.39,3.29,1.43
2020-10-22,bett1HULKS Championship,2nd Round,Hard,Sinner J.,Herbert P.H.,46.0,82.0,1.2,4.33,1.22,4.93,1.25,5.0
2020-10-23,European Open,Quarterfinals,Hard,Evans D.,Khachanov K.,35.0,17.0,1.66,2.1,1.76,2.19,1.77,2.28
2020-10-23,bett1HULKS Championship,Quarterfinals,Hard,Auger-Aliassime F.,Nishioka Y.,22.0,56.0,1.44,2.62,1.46,2.93,1.53,2.93
2020-10-23,bett1HULKS Championship,Quarterfinals,Hard,Zverev A.,Mannarino A.,7.0,41.0,1.12,6.0,1.14,6.88,1.19,7.0
2020-10-23,European Open,Quarterfinals,Hard,Humbert U.,Harris L.,38.0,90.0,1.44,2.62,1.56,2.59,1.58,2.71
2020-10-23,bett1HULKS Championship,Quarterfinals,Hard,Sinner J.,Simon G.,46.0,58.0,1.2,4.33,1.28,4.14,1.28,4.5
2020-10-23,bett1HULKS Championship,Quarterfinals,Hard,Schwartzman D.,Davidovich Fokina A.,9.0,64.0,1.3,3.4,1.34,3.56,1.36,3.63
2020-10-23,European Open,Quarterfinals,Hard,Dimitrov G.,Raonic M.,20.0,19.0,2.75,1.44,2.73,1.51,2.81,1.49
2020-10-23,European Open,Quarterfinals,Hard,De Minaur A.,Giron M.,29.0,94.0,1.14,5.5,1.15,6.36,1.17,6.6
2020-10-24,European Open,Semifinals,Hard,Humbert U.,Evans D.,38.0,35.0,1.61,2.2,1.62,2.45,1.82,2.5
2020-10-24,bett1HULKS Championship,Semifinals,Hard,Zverev A.,Sinner J.,7.0,46.0,1.8,1.95,1.88,2.04,1.95,2.05
2020-10-24,bett1HULKS Championship,Semifinals,Hard,Schwartzman D.,Auger-Aliassime F.,9.0,22.0,1.75,2.0,1.77,2.18,1.91,2.18
2020-10-24,European Open,Semifinals,Hard,De Minaur A.,Dimitrov G.,29.0,20.0,1.44,2.62,1.65,2.4,1.65,2.63
2020-10-25,European Open,The Final,Hard,Humbert U.,De Minaur A.,38.0,29.0,2.5,1.5,2.8,1.5,2.8,1.59
2020-10-25,bett1HULKS Championship,The Final,Hard,Zverev A.,Schwartzman D.,7.0,9.0,1.44,2.62,1.56,2.61,1.57,2.75
2020-10-26,Erste Bank Open,1st Round,Hard,Carreno Busta P.,Monfils G.,15.0,11.0,1.5,2.5,1.56,2.59,1.56,2.8
2020-10-26,Erste Bank Open,1st Round,Hard,Rodionov J.,Shapovalov D.,153.0,12.0,6.0,1.12,8.34,1.1,8.34,1.14
2020-10-26,Erste Bank Open,1st Round,Hard,Rublev A.,Gombos N.,8.0,104.0,1.05,11.0,1.07,10.44,1.1,11.25
2020-10-26,Erste Bank Open,1st Round,Hard,Anderson K.,Novak D.,111.0,92.0,1.44,2.62,1.56,2.58,1.57,2.79
2020-10-26,Erste Bank Open,1st Round,Hard,Coric B.,Fritz T.,24.0,29.0,1.4,2.75,1.54,2.64,1.54,2.93
2020-10-26,Astana Open,1st Round,Hard,Thompson J.,Norrie C.,60.0,70.0,2.37,1.53,2.47,1.6,2.6,1.64
2020-10-26,Astana Open,1st Round,Hard,Albot R.,Popko D.,85.0,172.0,1.66,2.1,1.68,2.3,1.8,2.34
2020-10-26,Astana Open,1st Round,Hard,Verdasco F.,Duckworth J.,61.0,97.0,1.44,2.62,1.53,2.66,1.54,2.86
2020-10-26,Astana Open,1st Round,Hard,Paul T.,Travaglia S.,59.0,73.0,1.57,2.25,1.66,2.35,1.7,2.37
2020-10-26,Astana Open,1st Round,Hard,Tiafoe F.,Moutet C.,64.0,74.0,1.44,2.62,1.54,2.62,1.54,2.8
2020-10-27,Erste Bank Open,1st Round,Hard,Garin C.,Wawrinka S.,22.0,19.0,3.5,1.28,4.23,1.26,4.23,1.31
2020-10-27,Erste Bank Open,1st Round,Hard,Thiem D.,Sachko V.,3.0,529.0,1.02,19.0,1.01,25.15,1.03,25.15
2020-10-27,Erste Bank Open,1st Round,Hard,Sonego L.,Lajovic D.,42.0,26.0,1.8,1.9,1.86,2.03,1.88,2.1
2020-10-27,Erste Bank Open,1st Round,Hard,Evans D.,Bedene A.,33.0,53.0,1.57,2.25,1.79,2.12,1.79,2.38
2020-10-27,Erste Bank Open,1st Round,Hard,Djokovic N.,Krajinovic F.,1.0,30.0,1.08,8.0,1.07,10.97,1.09,13.0
2020-10-27,Erste Bank Open,1st Round,Hard,Hurkacz H.,Balazs A.,31.0,88.0,1.1,7.0,1.12,7.41,1.12,9.0
2020-10-27,Erste Bank Open,1st Round,Hard,Dimitrov G.,Khachanov K.,20.0,18.0,1.75,2.0,1.81,2.1,1.87,2.17
2020-10-27,Astana Open,1st Round,Hard,Vesely J.,Sandgren T.,66.0,48.0,2.2,1.61,2.44,1.62,2.61,1.66
2020-10-27,Astana Open,1st Round,Hard,Gerasimov E.,Harris L.,83.0,80.0,1.7,2.05,1.82,2.08,1.83,2.15
2020-10-27,Astana Open,1st Round,Hard,Ruusuvuori E.,Skatov T.,98.0,438.0,1.08,8.0,1.1,8.44,1.1,9.0
2020-10-27,Astana Open,1st Round,Hard,Seppi A.,Karatsev A.,103.0,113.0,3.5,1.28,3.07,1.42,4.0,1.42
2020-10-27,Astana Open,1st Round,Hard,Sugita Y.,Dzumhur D.,101.0,115.0,3.0,1.36,3.55,1.34,3.55,1.4
2020-10-28,Erste Bank Open,1st Round,Hard,Tsitsipas S.,Struff J.L.,5.0,34.0,1.28,3.5,1.34,3.52,1.34,4.0
2020-10-28,Astana Open,1st Round,Hard,Kukushkin M.,Delbonis F.,91.0,76.0,1.33,3.25,1.44,2.99,1.44,3.3
2020-10-28,Astana Open,1st Round,Hard,Mcdonald M.,Bublik A.,209.0,49.0,2.62,1.44,2.83,1.48,2.83,1.54
2020-10-28,Astana Open,2nd Round,Hard,Paul T.,Albot R.,59.0,85.0,1.4,2.75,1.41,3.16,1.54,3.16
2020-10-28,Astana Open,2nd Round,Hard,Tiafoe F.,Kecmanovic M.,64.0,40.0,1.57,2.25,1.68,2.32,1.69,2.51
2020-10-28,Astana Open,2nd Round,Hard,Gerasimov E.,Vesely J.,83.0,66.0,1.61,2.2,1.68,2.32,1.68,2.5
2020-10-28,Astana Open,2nd Round,Hard,Millman J.,Verdasco F.,45.0,61.0,1.44,2.62,1.52,2.72,1.53,2.75
2020-10-28,Erste Bank Open,1st Round,Hard,Sinner J.,Ruud C.,43.0,27.0,1.22,4.0,1.25,4.36,1.29,4.65
2020-10-28,Erste Bank Open,2nd Round,Hard,Djokovic N.,Coric B.,1.0,24.0,1.12,6.0,1.1,8.55,1.14,8.55
2020-10-28,Erste Bank Open,2nd Round,Hard,Anderson K.,Carreno Busta P.,111.0,15.0,2.5,1.5,2.55,1.58,2.75,1.62
2020-10-28,Erste Bank Open,1st Round,Hard,Pospisil V.,Auger-Aliassime F.,81.0,21.0,2.5,1.5,2.45,1.61,2.65,1.61
2020-10-28,Erste Bank Open,1st Round,Hard,Medvedev D.,Jung J.,6.0,127.0,1.08,8.0,1.06,11.32,1.09,13.0
2020-10-29,Erste Bank Open,2nd Round,Hard,Evans D.,Rodionov J.,33.0,153.0,1.28,3.5,1.31,3.85,1.32,3.95
2020-10-29,Erste Bank Open,2nd Round,Hard,Sonego L.,Hurkacz H.,42.0,31.0,2.75,1.4,2.6,1.56,3.0,1.56
2020-10-29,Erste Bank Open,2nd Round,Hard,Medvedev D.,Pospisil V.,6.0,81.0,1.25,3.75,1.27,4.22,1.29,4.44
2020-10-29,Astana Open,2nd Round,Hard,Mannarino A.,Sugita Y.,39.0,101.0,1.33,3.25,1.36,3.44,1.43,3.45
2020-10-29,Erste Bank Open,2nd Round,Hard,Thiem D.,Garin C.,3.0,22.0,1.14,5.5,1.13,7.34,1.16,7.34
2020-10-29,Erste Bank Open,2nd Round,Hard,Dimitrov G.,Tsitsipas S.,20.0,5.0,2.62,1.44,2.93,1.47,3.15,1.52
2020-10-29,Astana Open,2nd Round,Hard,Mcdonald M.,Seppi A.,209.0,103.0,1.44,2.62,1.55,2.65,1.56,2.9
2020-10-29,Erste Bank Open,2nd Round,Hard,Rublev A.,Sinner J.,8.0,43.0,1.4,2.75,1.44,3.01,1.5,3.05
2020-10-29,Astana Open,2nd Round,Hard,Ruusuvuori E.,Thompson J.,98.0,60.0,1.36,3.0,1.45,2.97,1.5,3.0
2020-10-29,Astana Open,2nd Round,Hard,Kukushkin M.,Paire B.,91.0,28.0,1.36,3.0,1.43,3.06,1.45,3.2
2020-10-30,Erste Bank Open,Quarterfinals,Hard,Evans D.,Dimitrov G.,33.0,20.0,2.62,1.44,2.96,1.46,3.2,1.49
2020-10-30,Erste Bank Open,Quarterfinals,Hard,Sonego L.,Djokovic N.,42.0,1.0,15.0,1.03,20.0,1.03,25.0,1.04
2020-10-30,Erste Bank Open,Quarterfinals,Hard,Anderson K.,Medvedev D.,111.0,6.0,4.33,1.2,3.92,1.3,5.25,1.3
2020-10-30,Astana Open,Quarterfinals,Hard,Tiafoe F.,Gerasimov E.,64.0,83.0,1.61,2.2,1.71,2.28,1.71,2.33
2020-10-30,Erste Bank Open,Quarterfinals,Hard,Rublev A.,Thiem D.,8.0,3.0,2.0,1.75,2.03,1.88,2.25,1.88
2020-10-30,Astana Open,Quarterfinals,Hard,Mannarino A.,Mcdonald M.,39.0,209.0,1.44,2.75,1.53,2.71,1.54,2.9
2020-10-30,Astana Open,Quarterfinals,Hard,Ruusuvuori E.,Kukushkin M.,98.0,91.0,1.44,2.62,1.52,2.72,1.56,2.72
2020-10-30,Astana Open,Quarterfinals,Hard,Millman J.,Paul T.,45.0,59.0,1.8,1.95,1.98,1.93,2.0,1.95
2020-10-31,Astana Open,Semifinals,Hard,Millman J.,Tiafoe F.,45.0,64.0,2.2,1.61,2.17,1.78,2.38,1.78
2020-10-31,Astana Open,Semifinals,Hard,Mannarino A.,Ruusuvuori E.,39.0,98.0,1.8,1.95,2.01,1.89,2.05,2.05
2020-10-31,Erste Bank Open,Semifinals,Hard,Rublev A.,Anderson K.,8.0,111.0,1.2,4.33,1.24,4.55,1.26,5.08
2020-10-31,Erste Bank Open,Semifinals,Hard,Sonego L.,Evans D.,42.0,33.0,2.25,1.57,2.6,1.56,2.7,1.63
2020-11-01,Astana Open,The Final,Hard,Millman J.,Mannarino A.,45.0,39.0,2.2,1.61,2.38,1.65,2.54,1.73
2020-11-01,Erste Bank Open,The Final,Hard,Rublev A.,Sonego L.,8.0,42.0,1.14,5.5,1.13,7.51,1.18,7.51
2020-11-02,BNP Paribas Masters,1st Round,Hard,Humbert U.,Ruud C.,34.0,27.0,1.33,3.25,1.37,3.39,1.4,3.4
2020-11-02,BNP Paribas Masters,1st Round,Hard,Davidovich Fokina A.,Khachanov K.,63.0,19.0,2.37,1.53,2.43,1.63,2.5,1.65
2020-11-02,BNP Paribas Masters,1st Round,Hard,Carreno Busta P.,Gaston H.,15.0,161.0,1.28,3.5,1.29,4.05,1.36,4.3
2020-11-02,BNP Paribas Masters,1st Round,Hard,Cilic M.,Auger-Aliassime F.,43.0,21.0,3.0,1.36,3.31,1.38,3.6,1.54
2020-11-02,BNP Paribas Masters,1st Round,Hard,Bonzi B.,Coria F.,180.0,93.0,1.4,2.75,1.34,3.56,1.45,3.56
2020-11-02,BNP Paribas Masters,1st Round,Hard,De Minaur A.,Travaglia S.,25.0,74.0,1.18,4.5,1.16,6.16,1.22,6.16
2020-11-02,BNP Paribas Masters,1st Round,Hard,Struff J.L.,Basilashvili N.,35.0,39.0,1.12,6.0,1.17,6.01,1.19,6.7
2020-11-02,BNP Paribas Masters,1st Round,Hard,Albot R.,Hurkacz H.,90.0,33.0,3.75,1.25,3.67,1.33,3.94,1.37
2020-11-02,BNP Paribas Masters,1st Round,Hard,Thompson J.,Delbonis F.,61.0,78.0,1.53,2.37,1.68,2.32,1.68,2.75
2020-11-02,BNP Paribas Masters,1st Round,Hard,Moutet C.,Caruso S.,75.0,81.0,1.8,1.95,1.84,2.08,1.91,2.1
2020-11-02,BNP Paribas Masters,1st Round,Hard,Giron M.,Ramos-Vinolas A.,91.0,46.0,1.3,3.4,1.41,3.18,1.41,3.4
2020-11-02,BNP Paribas Masters,1st Round,Hard,Lopez F.,Krajinovic F.,64.0,30.0,3.75,1.25,4.28,1.26,4.3,1.31
2020-11-02,BNP Paribas Masters,1st Round,Hard,Coric B.,Fucsovics M.,24.0,52.0,1.4,2.75,1.52,2.72,1.52,3.13
2020-11-02,BNP Paribas Masters,1st Round,Hard,Gombos N.,Cecchinato M.,105.0,79.0,1.57,2.25,1.6,2.51,1.63,2.6
2020-11-03,BNP Paribas Masters,2nd Round,Hard,Giron M.,Berrettini M.,91.0,10.0,3.4,1.3,3.21,1.4,3.54,1.41
2020-11-03,BNP Paribas Masters,2nd Round,Hard,Humbert U.,Tsitsipas S.,34.0,6.0,2.5,1.5,2.7,1.53,3.2,1.53
2020-11-03,BNP Paribas Masters,2nd Round,Hard,Carreno Busta P.,Struff J.L.,15.0,35.0,1.75,2.0,1.96,1.94,1.96,2.26
2020-11-03,BNP Paribas Masters,2nd Round,Hard,Cilic M.,Moutet C.,43.0,75.0,1.33,3.25,1.43,3.04,1.43,3.4
2020-11-03,BNP Paribas Masters,2nd Round,Hard,Gombos N.,Goffin D.,105.0,14.0,2.25,1.57,2.19,1.76,2.54,1.76
2020-11-03,BNP Paribas Masters,1st Round,Hard,Kecmanovic M.,Millman J.,42.0,38.0,1.61,2.2,1.74,2.22,1.79,2.3
2020-11-03,BNP Paribas Masters,1st Round,Hard,Mannarino A.,Lajovic D.,36.0,26.0,1.8,1.95,1.79,2.14,1.87,2.2
2020-11-03,BNP Paribas Masters,1st Round,Hard,Sonego L.,Bublik A.,32.0,49.0,1.61,2.2,1.72,2.26,1.77,2.3
2020-11-03,BNP Paribas Masters,1st Round,Hard,Herbert P.H.,Sandgren T.,85.0,48.0,1.57,2.25,1.6,2.5,1.65,2.6
2020-11-03,BNP Paribas Masters,1st Round,Hard,Gasquet R.,Fritz T.,56.0,29.0,2.2,1.61,2.22,1.74,2.3,1.76
2020-11-03,BNP Paribas Masters,1st Round,Hard,Anderson K.,Djere L.,86.0,54.0,1.22,4.0,1.27,4.18,1.28,4.3
2020-11-03,BNP Paribas Masters,1st Round,Hard,Wawrinka S.,Evans D.,20.0,31.0,1.44,2.62,1.53,2.69,1.54,2.88
2020-11-03,BNP Paribas Masters,1st Round,Hard,Raonic M.,Bedene A.,17.0,53.0,1.18,4.5,1.21,5.09,1.22,5.09
2020-11-03,BNP Paribas Masters,1st Round,Hard,Nishioka Y.,Andujar P.,51.0,57.0,1.28,3.5,1.27,4.28,1.31,4.28
2020-11-03,BNP Paribas Masters,1st Round,Hard,Paul T.,Simon G.,55.0,59.0,2.62,1.44,2.72,1.52,2.75,1.56
2020-11-04,BNP Paribas Masters,2nd Round,Hard,Wawrinka S.,Paul T.,20.0,55.0,1.4,2.75,1.42,3.13,1.44,3.3
2020-11-04,BNP Paribas Masters,2nd Round,Hard,Rublev A.,Albot R.,8.0,90.0,1.08,8.0,1.07,10.66,1.1,12.0
2020-11-04,BNP Paribas Masters,2nd Round,Hard,Nadal R.,Lopez F.,2.0,64.0,1.11,6.5,1.08,10.62,1.12,11.25
2020-11-04,BNP Paribas Masters,2nd Round,Hard,Thompson J.,Coric B.,61.0,24.0,5.0,1.16,4.93,1.22,6.75,1.25
2020-11-04,BNP Paribas Masters,2nd Round,Hard,Zverev A.,Kecmanovic M.,7.0,42.0,1.33,3.25,1.35,3.53,1.4,3.55
2020-11-04,BNP Paribas Masters,2nd Round,Hard,Mannarino A.,Nishioka Y.,36.0,51.0,1.75,2.0,1.91,2.0,1.97,2.17
2020-11-04,BNP Paribas Masters,2nd Round,Hard,Raonic M.,Herbert P.H.,17.0,85.0,1.18,4.5,1.16,6.1,1.19,6.25
2020-11-04,BNP Paribas Masters,2nd Round,Hard,Schwartzman D.,Gasquet R.,9.0,56.0,1.44,2.62,1.55,2.65,1.57,3.04
2020-11-04,BNP Paribas Masters,2nd Round,Hard,Davidovich Fokina A.,Bonzi B.,63.0,180.0,1.2,4.33,1.26,4.3,1.26,4.6
2020-11-04,BNP Paribas Masters,2nd Round,Hard,Medvedev D.,Anderson K.,5.0,86.0,1.36,3.0,1.4,3.22,1.45,3.25
2020-11-04,BNP Paribas Masters,2nd Round,Hard,De Minaur A.,Sonego L.,25.0,32.0,1.44,2.62,1.47,2.92,1.47,3.0
2020-11-05,BNP Paribas Masters,3rd Round,Hard,Nadal R.,Thompson J.,2.0,61.0,1.06,10.0,1.07,11.62,1.08,15.0
2020-11-05,BNP Paribas Masters,3rd Round,Hard,Wawrinka S.,Rublev A.,20.0,8.0,4.5,1.2,5.11,1.21,5.11,1.22
2020-11-05,BNP Paribas Masters,3rd Round,Hard,Zverev A.,Mannarino A.,7.0,36.0,1.16,5.0,1.2,5.44,1.2,5.52
2020-11-05,BNP Paribas Masters,3rd Round,Hard,Carreno Busta P.,Gombos N.,15.0,105.0,1.3,3.5,1.35,3.59,1.38,3.95
2020-11-05,BNP Paribas Masters,3rd Round,Hard,Schwartzman D.,Davidovich Fokina A.,9.0,63.0,1.44,2.75,1.49,2.87,1.51,3.04
2020-11-05,BNP Paribas Masters,3rd Round,Hard,Raonic M.,Giron M.,17.0,91.0,1.14,5.5,1.12,7.7,1.16,7.7
2020-11-05,BNP Paribas Masters,3rd Round,Hard,Medvedev D.,De Minaur A.,5.0,25.0,1.53,2.5,1.59,2.55,1.67,2.6
2020-11-05,BNP Paribas Masters,3rd Round,Hard,Humbert U.,Cilic M.,34.0,43.0,1.53,2.5,1.63,2.47,1.71,2.61
2020-11-06,BNP Paribas Masters,Quarterfinals,Hard,Medvedev D.,Schwartzman D.,5.0,9.0,1.44,2.75,1.47,2.97,1.48,2.99
2020-11-06,BNP Paribas Masters,Quarterfinals,Hard,Raonic M.,Humbert U.,17.0,34.0,1.4,3.0,1.37,3.44,1.42,3.6
2020-11-06,BNP Paribas Masters,Quarterfinals,Hard,Nadal R.,Carreno Busta P.,2.0,15.0,1.12,6.0,1.19,5.49,1.19,6.15
2020-11-06,BNP Paribas Masters,Quarterfinals,Hard,Zverev A.,Wawrinka S.,7.0,20.0,1.44,2.75,1.49,2.87,1.5,3.0
2020-11-07,BNP Paribas Masters,Semifinals,Hard,Medvedev D.,Raonic M.,5.0,17.0,1.44,2.75,1.56,2.66,1.56,2.82
2020-11-07,BNP Paribas Masters,Semifinals,Hard,Zverev A.,Nadal R.,7.0,2.0,2.37,1.57,2.57,1.58,2.68,1.65
2020-11-08,BNP Paribas Masters,The Final,Hard,Medvedev D.,Zverev A.,5.0,7.0,1.9,1.9,2.01,1.92,2.05,2.0
2020-11-08,Sofia Open,1st Round,Hard,Millman J.,Andreev A.,38.0,666.0,1.14,5.5,1.13,6.86,1.16,6.86
2020-11-08,Sofia Open,1st Round,Hard,Albot R.,Sugita Y.,93.0,100.0,1.44,2.62,1.6,2.47,1.61,2.85
2020-11-09,Sofia Open,1st Round,Hard,Gerasimov E.,Troicki V.,81.0,196.0,1.3,3.4,1.42,3.07,1.43,3.42
2020-11-09,Sofia Open,1st Round,Hard,Forejtek J.,Cilic M.,399.0,41.0,6.0,1.12,7.79,1.11,8.75,1.17
2020-11-09,Sofia Open,1st Round,Hard,Caruso S.,Kuzmanov D.,82.0,291.0,1.28,3.5,1.38,3.26,1.38,3.57
2020-11-09,Sofia Open,1st Round,Hard,Huesler M.A.,Basilashvili N.,149.0,39.0,2.05,1.7,,,2.23,1.63
2020-11-09,Sofia Open,1st Round,Hard,Mannarino A.,Klizan M.,35.0,150.0,1.4,2.75,1.3,3.82,1.33,4.15
2020-11-09,Sofia Open,1st Round,Hard,Pospisil V.,Marchenko I.,74.0,216.0,1.14,5.5,1.16,6.03,1.18,6.1
2020-11-09,Sofia Open,1st Round,Hard,Karatsev A.,Daniel T.,114.0,115.0,1.7,2.05,1.87,2.02,1.87,2.31
2020-11-10,Sofia Open,1st Round,Hard,Gasquet R.,Carballes Baena R.,49.0,103.0,1.22,4.0,1.24,4.43,1.25,4.85
2020-11-10,Sofia Open,1st Round,Hard,Simon G.,Martin A.,62.0,105.0,1.12,6.0,1.12,7.51,1.14,8.5
2020-11-10,Sofia Open,1st Round,Hard,Sinner J.,Fucsovics M.,44.0,55.0,1.4,2.75,1.58,2.51,1.61,2.61
2020-11-10,Sofia Open,2nd Round,Hard,Albot R.,Shapovalov D.,93.0,12.0,4.0,1.22,4.16,1.28,4.25,1.28
2020-11-10,Sofia Open,2nd Round,Hard,Pospisil V.,Struff J.L.,74.0,36.0,2.1,1.66,2.15,1.79,2.25,1.91
2020-11-11,Sofia Open,2nd Round,Hard,Millman J.,Simon G.,38.0,62.0,2.0,1.72,2.2,1.75,2.2,1.8
2020-11-11,Sofia Open,2nd Round,Hard,Mannarino A.,Gerasimov E.,35.0,81.0,1.72,2.0,1.82,2.11,1.91,2.25
2020-11-11,Sofia Open,2nd Round,Hard,De Minaur A.,Karatsev A.,25.0,114.0,1.2,4.33,1.21,5.05,1.22,5.5
2020-11-11,Sofia Open,2nd Round,Hard,Sinner J.,Huesler M.A.,44.0,149.0,1.11,6.5,1.14,6.66,1.15,6.9
2020-11-11,Sofia Open,2nd Round,Hard,Caruso S.,Auger-Aliassime F.,82.0,21.0,4.0,1.22,4.3,1.26,4.3,1.3
2020-11-11,Sofia Open,2nd Round,Hard,Gasquet R.,Forejtek J.,49.0,399.0,1.25,3.75,1.26,4.33,1.34,4.44
2020-11-12,Sofia Open,Quarterfinals,Hard,Gasquet R.,Caruso S.,49.0,82.0,1.4,2.75,1.43,3.08,1.43,3.22
2020-11-12,Sofia Open,Quarterfinals,Hard,Pospisil V.,Millman J.,74.0,38.0,1.57,2.25,1.65,2.39,1.71,2.46
2020-11-12,Sofia Open,Quarterfinals,Hard,Mannarino A.,Albot R.,35.0,93.0,1.53,2.37,1.59,2.53,1.59,2.66
2020-11-12,Sofia Open,Quarterfinals,Hard,Sinner J.,De Minaur A.,44.0,25.0,1.66,2.1,1.78,2.16,1.8,2.3
2020-11-13,Sofia Open,Semifinals,Hard,Sinner J.,Mannarino A.,44.0,35.0,1.22,4.0,1.28,4.08,1.29,4.33
2020-11-13,Sofia Open,Semifinals,Hard,Pospisil V.,Gasquet R.,74.0,49.0,1.53,2.37,1.57,2.59,1.6,2.72
2020-11-14,Sofia Open,The Final,Hard,Sinner J.,Pospisil V.,44.0,74.0,1.4,2.75,1.45,2.97,1.48,3.0
2020-11-15,Masters Cup,Round Robin,Hard,Thiem D.,Tsitsipas S.,3.0,6.0,1.95,1.8,2.06,1.85,2.06,2.05
2020-11-15,Masters Cup,Round Robin,Hard,Nadal R.,Rublev A.,2.0,8.0,1.53,2.37,1.58,2.54,1.65,2.65
2020-11-16,Masters Cup,Round Robin,Hard,Medvedev D.,Zverev A.,4.0,7.0,1.7,2.05,1.74,2.22,1.8,2.28
2020-11-16,Masters Cup,Round Robin,Hard,Djokovic N.,Schwartzman D.,1.0,9.0,1.12,6.0,1.11,8.17,1.15,8.17
2020-11-17,Masters Cup,Round Robin,Hard,Thiem D.,Nadal R.,3.0,2.0,2.5,1.5,2.84,1.49,2.91,1.57
2020-11-17,Masters Cup,Round Robin,Hard,Tsitsipas S.,Rublev A.,6.0,8.0,1.7,2.05,1.83,2.1,1.86,2.26
2020-11-18,Masters Cup,Round Robin,Hard,Zverev A.,Schwartzman D.,7.0,9.0,1.28,3.5,1.36,3.49,1.38,3.8
2020-11-18,Masters Cup,Round Robin,Hard,Medvedev D.,Djokovic N.,4.0,1.0,2.75,1.4,3.07,1.43,3.36,1.45
2020-11-19,Masters Cup,Round Robin,Hard,Rublev A.,Thiem D.,8.0,3.0,2.5,1.5,2.29,1.7,2.6,1.7
2020-11-19,Masters Cup,Round Robin,Hard,Nadal R.,Tsitsipas S.,2.0,6.0,1.4,2.75,1.43,3.07,1.44,3.32
2020-11-20,Masters Cup,Round Robin,Hard,Djokovic N.,Zverev A.,1.0,7.0,1.33,3.25,1.32,3.78,1.35,3.92
2020-11-20,Masters Cup,Round Robin,Hard,Medvedev D.,Schwartzman D.,4.0,9.0,1.25,3.75,1.3,3.96,1.4,4.0
2020-11-21,Masters Cup,Semifinals,Hard,Medvedev D.,Nadal R.,4.0,2.0,1.75,2.0,1.88,2.04,1.95,2.2
2020-11-21,Masters Cup,Semifinals,Hard,Thiem D.,Djokovic N.,3.0,1.0,2.25,1.57,2.7,1.54,2.7,1.66
2020-11-22,Masters Cup,The Final,Hard,Medvedev D.,Thiem D.,4.0,3.0,1.66,2.2,1.66,2.4,1.85,2.4
