date,tournament,round,surface,winner,loser,wrank,lrank,odds_winner,odds_loser,pin_winner,pin_loser,max_winner,max_loser
2017-12-31,Brisbane International,1st Round,Hard,Dolgopolov O.,Schwartzman D.,169,26.0,2.2,1.61,2.24,1.71,2.29,1.77
2017-12-31,Brisbane International,1st Round,Hard,De Minaur A.,Johnson S.,209,44.0,2.75,1.4,3.14,1.41,3.25,1.44
2018-01-01,Tata Open,1st Round,Hard,Jarry N.,Andujar P.,113,1690.0,1.36,3.0,1.41,3.12,1.44,3.4
2018-01-01,Tata Open,1st Round,Hard,Fucsovics M.,Kicker N.,85,95.0,1.22,4.0,1.26,4.3,1.29,4.55
2018-01-01,Tata Open,1st Round,Hard,Kukushkin M.,Albot R.,74,86.0,1.53,2.37,1.65,2.37,1.66,2.45
2018-01-01,Tata Open,1st Round,Hard,Ojeda Lara R.,Vesely J.,198,62.0,3.25,1.33,3.27,1.38,3.5,1.38
2018-01-01,Qatar Exxon Mobil Open,1st Round,Hard,Tsitsipas S.,Mayer F.,91,69.0,1.53,2.37,1.54,2.64,1.57,2.82
2018-01-01,Qatar Exxon Mobil Open,1st Round,Hard,Basilashvili N.,Fabbiano T.,59,73.0,1.57,2.25,1.68,2.31,1.77,2.31
2018-01-01,Qatar Exxon Mobil Open,1st Round,Hard,Thiem D.,Donskoy E.,5,72.0,1.2,4.33,1.22,4.74,1.28,4.85
2018-01-01,Qatar Exxon Mobil Open,1st Round,Hard,Verdasco F.,Sela D.,35,68.0,1.36,3.0,1.41,3.14,1.45,3.32
2018-01-01,Qatar Exxon Mobil Open,1st Round,Hard,Rublev A.,Stebe C.M.,39,82.0,1.44,2.62,1.54,2.62,1.57,2.9
2018-01-01,Tata Open,1st Round,Hard,Herbert P.H.,Cecchinato M.,81,109.0,1.28,3.5,1.28,4.07,1.31,4.2
2018-01-01,Tata Open,1st Round,Hard,Simon G.,Sandgren T.,89,96.0,1.44,2.62,1.47,2.85,1.5,3.0
2018-01-01,Tata Open,1st Round,Hard,Ramanathan R.,Carballes Baena R.,148,106.0,1.68,2.3,1.73,2.1,1.73,2.36
2018-01-01,Brisbane International,1st Round,Hard,Donaldson J.,Thompson J.,54,94.0,1.83,1.83,1.99,1.9,2.0,2.02
2018-01-01,Brisbane International,1st Round,Hard,Harrison R.,Mayer L.,47,52.0,1.61,2.2,1.66,2.35,1.75,2.35
2018-01-01,Brisbane International,1st Round,Hard,Ebden M.,Tiafoe F.,76,79.0,2.5,1.5,2.38,1.64,2.52,1.65
2018-01-01,Brisbane International,1st Round,Hard,Zverev M.,Smith J.P.,33,218.0,1.4,2.75,1.44,3.0,1.57,3.0
2018-01-01,Brisbane International,1st Round,Hard,Zeballos H.,Escobedo E.,66,120.0,2.2,1.61,2.22,1.73,2.38,1.75
2018-01-02,Qatar Exxon Mobil Open,1st Round,Hard,Berrettini M.,Troicki V.,135,55.0,2.25,1.57,2.28,1.69,2.45,1.69
2018-01-02,Qatar Exxon Mobil Open,1st Round,Hard,Bedene A.,Jaziri M.,49,98.0,1.53,2.37,1.58,2.53,1.64,2.58
2018-01-02,Qatar Exxon Mobil Open,1st Round,Hard,Gojowczyk P.,Krajinovic F.,60,34.0,2.2,1.61,2.37,1.65,2.45,1.86
2018-01-02,Qatar Exxon Mobil Open,1st Round,Hard,Lopez F.,Garcia-Lopez G.,36,70.0,1.53,2.37,1.57,2.55,1.61,2.57
2018-01-02,Qatar Exxon Mobil Open,1st Round,Hard,Basic M.,Haider-Maurer A.,138,451.0,1.22,4.0,1.26,4.2,1.29,4.6
2018-01-02,Qatar Exxon Mobil Open,1st Round,Hard,Coric B.,Carreno Busta P.,48,10.0,1.72,2.0,1.76,2.16,1.84,2.17
2018-01-02,Qatar Exxon Mobil Open,1st Round,Hard,Gasquet R.,Estrella Burgos V.,31,83.0,1.12,6.0,1.13,7.12,1.15,8.2
2018-01-02,Brisbane International,1st Round,Hard,Mmoh M.,Delbonis F.,175,67.0,1.66,2.1,1.84,2.06,1.91,2.1
2018-01-02,Brisbane International,1st Round,Hard,Chung H.,Muller G.,58,25.0,1.53,2.37,1.7,2.26,1.7,2.55
2018-01-02,Brisbane International,1st Round,Hard,Millman J.,Polansky P.,128,137.0,1.33,3.25,1.33,3.57,1.42,3.65
2018-01-02,Brisbane International,1st Round,Hard,Istomin D.,Dzumhur D.,63,30.0,2.62,1.44,2.8,1.49,2.8,1.57
2018-01-02,Qatar Exxon Mobil Open,1st Round,Hard,Struff J.L.,Berdych T.,53,19.0,3.25,1.33,3.27,1.38,3.5,1.38
2018-01-02,Qatar Exxon Mobil Open,1st Round,Hard,Pella G.,Ramos-Vinolas A.,64,23.0,1.83,1.83,1.98,1.91,2.05,1.95
2018-01-02,Qatar Exxon Mobil Open,1st Round,Hard,Monfils G.,Lorenzi P.,46,43.0,1.22,4.0,1.25,4.36,1.26,4.45
2018-01-02,Tata Open,1st Round,Hard,Ivashka I.,Nagal S.,230,223.0,1.61,2.2,1.78,2.14,1.8,2.55
2018-01-02,Tata Open,1st Round,Hard,Djere L.,Copil M.,88,93.0,2.75,1.4,2.95,1.45,3.05,1.51
2018-01-02,Tata Open,1st Round,Hard,Haase R.,Kavcic B.,42,97.0,1.3,3.4,1.36,3.4,1.36,3.56
2018-01-02,Tata Open,1st Round,Hard,Bhambri Y.,Kadhe A.,118,610.0,1.08,8.0,1.08,9.44,1.1,9.44
2018-01-02,Tata Open,1st Round,Hard,Monteiro T.,Bemelmans R.,124,117.0,1.8,1.9,2.02,1.87,2.02,1.95
2018-01-02,Brisbane International,1st Round,Hard,Edmund K.,Shapovalov D.,50,51.0,1.72,2.0,1.81,2.1,1.9,2.2
2018-01-02,Qatar Exxon Mobil Open,1st Round,Hard,Travaglia S.,Al Mutawa J.,134,,1.005,34.0,1.01,25.62,1.02,34.0
2018-01-03,Tata Open,2nd Round,Hard,Kukushkin M.,Djere L.,74,88.0,1.33,3.25,1.38,3.34,1.41,3.4
2018-01-03,Tata Open,2nd Round,Hard,Ojeda Lara R.,Ivashka I.,198,230.0,2.75,1.4,2.86,1.48,3.0,1.5
2018-01-03,Qatar Exxon Mobil Open,2nd Round,Hard,Tsitsipas S.,Gasquet R.,91,31.0,3.0,1.36,3.05,1.43,3.38,1.44
2018-01-03,Tata Open,2nd Round,Hard,Paire B.,Fucsovics M.,41,85.0,2.1,1.66,2.2,1.75,2.22,1.81
2018-01-03,Tata Open,2nd Round,Hard,Herbert P.H.,Bhambri Y.,81,118.0,2.25,1.57,2.38,1.65,2.5,1.7
2018-01-03,Tata Open,2nd Round,Hard,Haase R.,Jarry N.,42,113.0,1.3,3.4,1.36,3.45,1.37,3.58
2018-01-03,Tata Open,2nd Round,Hard,Simon G.,Bautista Agut R.,89,20.0,3.5,1.28,3.85,1.31,4.0,1.35
2018-01-03,Tata Open,2nd Round,Hard,Cilic M.,Ramanathan R.,6,148.0,1.08,8.0,1.09,9.58,1.1,9.58
2018-01-03,Qatar Exxon Mobil Open,2nd Round,Hard,Monfils G.,Struff J.L.,46,53.0,1.57,2.25,1.65,2.38,1.71,2.6
2018-01-03,Tata Open,2nd Round,Hard,Anderson K.,Monteiro T.,14,124.0,1.08,8.0,1.1,8.59,1.12,8.59
2018-01-03,Qatar Exxon Mobil Open,2nd Round,Hard,Thiem D.,Bedene A.,5,49.0,1.28,3.5,1.3,3.89,1.35,4.14
2018-01-03,Brisbane International,2nd Round,Hard,De Minaur A.,Raonic M.,209,24.0,4.0,1.22,4.83,1.22,5.01,1.26
2018-01-03,Brisbane International,2nd Round,Hard,Mmoh M.,Zverev M.,175,33.0,2.37,1.53,2.7,1.53,2.7,1.63
2018-01-03,Brisbane International,2nd Round,Hard,Kyrgios N.,Ebden M.,21,76.0,1.14,5.5,1.18,5.64,1.22,5.85
2018-01-03,Brisbane International,2nd Round,Hard,Dolgopolov O.,Zeballos H.,169,66.0,1.33,3.25,1.36,3.45,1.39,3.45
2018-01-03,Qatar Exxon Mobil Open,2nd Round,Hard,Basic M.,Lopez F.,138,36.0,2.75,1.4,2.87,1.48,2.9,1.53
2018-01-03,Qatar Exxon Mobil Open,2nd Round,Hard,Rublev A.,Verdasco F.,39,35.0,2.2,1.61,2.29,1.7,2.29,1.78
2018-01-03,Qatar Exxon Mobil Open,2nd Round,Hard,Gojowczyk P.,Berrettini M.,60,135.0,1.61,2.2,1.6,2.51,1.62,2.58
2018-01-03,Qatar Exxon Mobil Open,2nd Round,Hard,Coric B.,Basilashvili N.,48,59.0,1.4,2.75,1.51,2.78,1.54,2.85
2018-01-03,Qatar Exxon Mobil Open,2nd Round,Hard,Pella G.,Travaglia S.,64,134.0,1.4,2.75,1.47,2.91,1.49,2.95
2018-01-04,Brisbane International,2nd Round,Hard,Harrison R.,Hanfmann Y.,47,119.0,1.36,3.0,1.34,3.6,1.44,3.64
2018-01-04,Tata Open,Quarterfinals,Hard,Anderson K.,Kukushkin M.,14,74.0,1.22,4.33,1.22,4.92,1.26,4.95
2018-01-04,Tata Open,Quarterfinals,Hard,Simon G.,Ojeda Lara R.,89,198.0,1.12,5.5,1.17,6.2,1.17,6.5
2018-01-04,Tata Open,Quarterfinals,Hard,Cilic M.,Herbert P.H.,6,81.0,1.16,5.0,1.19,5.57,1.21,5.7
2018-01-04,Qatar Exxon Mobil Open,Quarterfinals,Hard,Monfils G.,Gojowczyk P.,46,60.0,1.53,2.5,1.53,2.74,1.63,2.89
2018-01-04,Qatar Exxon Mobil Open,Quarterfinals,Hard,Thiem D.,Tsitsipas S.,5,91.0,1.4,3.0,1.4,3.28,1.45,3.32
2018-01-04,Qatar Exxon Mobil Open,Quarterfinals,Hard,Rublev A.,Coric B.,39,48.0,2.1,1.72,2.15,1.8,2.2,1.83
2018-01-04,Qatar Exxon Mobil Open,Quarterfinals,Hard,Pella G.,Basic M.,64,138.0,1.53,2.5,1.54,2.7,1.6,2.7
2018-01-04,Brisbane International,2nd Round,Hard,Dimitrov G.,Millman J.,3,128.0,1.16,5.0,1.2,5.24,1.22,5.6
2018-01-04,Brisbane International,2nd Round,Hard,Edmund K.,Chung H.,50,58.0,2.0,1.72,2.11,1.82,2.23,1.83
2018-01-04,Tata Open,Quarterfinals,Hard,Paire B.,Haase R.,41,42.0,2.2,1.66,2.23,1.75,2.29,1.76
2018-01-04,Brisbane International,2nd Round,Hard,Istomin D.,Donaldson J.,63,54.0,1.9,1.8,1.98,1.93,2.04,1.98
2018-01-05,Tata Open,Semifinals,Hard,Simon G.,Cilic M.,89,6.0,3.4,1.33,3.55,1.35,3.65,1.38
2018-01-05,Tata Open,Semifinals,Hard,Anderson K.,Paire B.,14,41.0,1.3,3.5,1.3,4.0,1.35,4.15
2018-01-05,Brisbane International,Quarterfinals,Hard,Kyrgios N.,Dolgopolov O.,21,169.0,1.44,2.75,1.44,3.08,1.53,3.1
2018-01-05,Qatar Exxon Mobil Open,Semifinals,Hard,Rublev A.,Pella G.,39,64.0,1.53,2.5,1.56,2.65,1.58,2.83
2018-01-05,Qatar Exxon Mobil Open,Semifinals,Hard,Monfils G.,Thiem D.,46,5.0,2.62,1.5,2.6,1.57,2.62,1.59
2018-01-05,Brisbane International,Quarterfinals,Hard,Harrison R.,Istomin D.,47,63.0,1.8,2.0,1.84,2.1,2.05,2.1
2018-01-05,Brisbane International,Quarterfinals,Hard,Dimitrov G.,Edmund K.,3,50.0,1.36,3.25,1.37,3.42,1.41,3.44
2018-01-05,Brisbane International,Quarterfinals,Hard,De Minaur A.,Mmoh M.,209,175.0,1.72,2.1,1.8,2.15,1.8,2.3
2018-01-06,Brisbane International,Semifinals,Hard,Harrison R.,De Minaur A.,47,209.0,1.66,2.2,1.59,2.56,1.75,2.56
2018-01-06,Brisbane International,Semifinals,Hard,Kyrgios N.,Dimitrov G.,21,3.0,2.0,1.8,2.2,1.77,2.2,1.84
2018-01-06,Qatar Exxon Mobil Open,The Final,Hard,Monfils G.,Rublev A.,46,39.0,1.61,2.3,1.63,2.47,1.67,2.52
2018-01-06,Tata Open,The Final,Hard,Simon G.,Anderson K.,89,14.0,2.75,1.44,2.94,1.47,2.95,1.51
2018-01-07,Brisbane International,The Final,Hard,Kyrgios N.,Harrison R.,21,47.0,1.2,4.5,1.23,4.88,1.25,5.3
2018-01-07,Sydney International,1st Round,Hard,Dzumhur D.,Struff J.L.,30,53.0,1.83,1.83,1.92,1.97,2.05,2.0
2018-01-07,ASB Classic,1st Round,Hard,Sousa J.,Young D.,59,63.0,1.72,2.0,1.8,2.11,1.83,2.25
2018-01-07,Sydney International,1st Round,Hard,Dolgopolov O.,Troicki V.,37,54.0,1.4,2.75,1.43,3.01,1.53,3.05
2018-01-07,Sydney International,1st Round,Hard,Lorenzi P.,Thompson J.,45,99.0,2.25,1.57,2.38,1.64,2.4,1.69
2018-01-08,Sydney International,1st Round,Hard,Berankis R.,Bolt A.,138,189.0,1.66,2.1,1.85,2.04,1.9,2.15
2018-01-08,Sydney International,1st Round,Hard,Mannarino A.,Donskoy E.,28,71.0,1.44,2.62,1.52,2.71,1.53,2.75
2018-01-08,Sydney International,1st Round,Hard,Medvedev D.,Kohlschreiber P.,84,29.0,2.25,1.57,2.39,1.64,2.43,1.71
2018-01-08,Sydney International,1st Round,Hard,Millman J.,Popyrin A.,127,621.0,1.14,5.5,1.17,5.84,1.22,5.84
2018-01-08,ASB Classic,1st Round,Hard,Ferrer D.,Wu Y.,38,313.0,1.2,4.33,1.23,4.67,1.26,4.85
2018-01-08,ASB Classic,1st Round,Hard,Cuevas P.,Daniel T.,33,98.0,,,,,1.39,2.94
2018-01-08,ASB Classic,1st Round,Hard,Khachanov K.,Sugita Y.,48,41.0,1.53,2.37,1.61,2.46,1.65,2.46
2018-01-08,ASB Classic,1st Round,Hard,Bautista Agut R.,Venus M.,21,40.0,1.03,12.0,1.02,21.97,1.06,21.97
2018-01-08,ASB Classic,1st Round,Hard,Shapovalov D.,Dutra Silva R.,50,100.0,1.33,3.25,1.35,3.44,1.38,3.65
2018-01-08,ASB Classic,1st Round,Hard,Gojowczyk P.,Smyczek T.,65,135.0,1.53,2.37,1.54,2.62,1.62,2.65
2018-01-09,ASB Classic,1st Round,Hard,Johnson S.,Caruana L.,46,397.0,,,,,1.13,7.8
2018-01-09,Sydney International,1st Round,Hard,Mayer L.,Zverev M.,52,34.0,2.0,1.72,2.01,1.88,2.06,1.92
2018-01-09,Sydney International,1st Round,Hard,Lopez F.,Vukic A.,36,462.0,1.3,3.4,1.34,3.54,1.38,3.67
2018-01-09,Sydney International,1st Round,Hard,De Minaur A.,Verdasco F.,167,40.0,2.5,1.5,2.46,1.61,2.62,1.62
2018-01-09,Sydney International,1st Round,Hard,Paire B.,Bedene A.,42,51.0,2.1,1.66,2.2,1.74,2.22,1.75
2018-01-09,Sydney International,1st Round,Hard,Donaldson J.,Simon G.,55,57.0,2.1,1.66,2.24,1.71,2.3,1.8
2018-01-09,ASB Classic,1st Round,Hard,Haase R.,Ruud C.,43,137.0,1.36,3.0,1.4,3.18,1.4,3.26
2018-01-09,ASB Classic,2nd Round,Hard,Bautista Agut R.,Johnson S.,21,46.0,1.28,3.5,1.3,3.96,1.35,3.96
2018-01-09,ASB Classic,1st Round,Hard,Chung H.,Sandgren T.,62,96.0,1.22,4.0,1.25,4.37,1.28,4.55
2018-01-09,ASB Classic,1st Round,Hard,Lacko L.,Tsitsipas S.,90,80.0,2.75,1.4,2.57,1.56,2.95,1.57
2018-01-09,ASB Classic,1st Round,Hard,Vesely J.,Albot R.,64,88.0,1.72,2.0,1.89,2.0,1.91,2.12
2018-01-10,Sydney International,2nd Round,Hard,Paire B.,Mayer L.,42,52.0,1.72,2.0,2.12,1.81,2.12,2.07
2018-01-10,Sydney International,2nd Round,Hard,Fognini F.,Dolgopolov O.,27,37.0,2.62,1.44,2.77,1.51,2.86,1.54
2018-01-10,Sydney International,2nd Round,Hard,Medvedev D.,Donaldson J.,84,55.0,1.83,1.83,1.88,2.03,1.89,2.17
2018-01-10,Sydney International,2nd Round,Hard,De Minaur A.,Dzumhur D.,167,30.0,2.1,1.66,2.2,1.75,2.27,1.85
2018-01-10,Sydney International,2nd Round,Hard,Lopez F.,Schwartzman D.,36,26.0,2.5,1.5,2.73,1.52,2.75,1.61
2018-01-10,Sydney International,2nd Round,Hard,Muller G.,Millman J.,25,127.0,2.0,1.72,2.2,1.75,2.2,1.8
2018-01-10,Sydney International,2nd Round,Hard,Mannarino A.,Berankis R.,28,138.0,1.28,3.5,1.32,3.71,1.36,3.8
2018-01-10,Sydney International,2nd Round,Hard,Lorenzi P.,Ramos-Vinolas A.,45,22.0,2.25,1.57,2.19,1.76,2.35,1.76
2018-01-10,ASB Classic,2nd Round,Hard,Khachanov K.,Cuevas P.,48,33.0,1.57,2.25,1.58,2.56,1.67,2.56
2018-01-10,ASB Classic,Quarterfinals,Hard,Bautista Agut R.,Vesely J.,21,64.0,1.16,5.0,1.2,5.29,1.22,5.5
2018-01-10,ASB Classic,2nd Round,Hard,Chung H.,Isner J.,62,16.0,2.1,1.66,2.25,1.72,2.26,1.83
2018-01-10,ASB Classic,2nd Round,Hard,Del Potro J.M.,Shapovalov D.,12,50.0,1.36,3.0,1.47,2.91,1.47,3.22
2018-01-10,ASB Classic,2nd Round,Hard,Ferrer D.,Sousa J.,38,59.0,1.61,2.2,1.73,2.24,1.83,2.25
2018-01-10,ASB Classic,2nd Round,Hard,Gojowczyk P.,Sock J.,65,8.0,2.75,1.4,2.8,1.5,3.13,1.51
2018-01-10,ASB Classic,2nd Round,Hard,Vesely J.,Querrey S.,64,13.0,2.62,1.44,2.96,1.46,3.0,1.5
2018-01-10,ASB Classic,2nd Round,Hard,Haase R.,Lacko L.,43,90.0,1.72,2.0,1.74,2.22,1.84,2.3
2018-01-11,ASB Classic,Quarterfinals,Hard,Del Potro J.M.,Khachanov K.,12,48.0,1.28,3.75,1.29,4.08,1.3,4.3
2018-01-11,ASB Classic,Quarterfinals,Hard,Ferrer D.,Chung H.,38,62.0,2.1,1.72,2.2,1.77,2.25,1.8
2018-01-11,ASB Classic,Quarterfinals,Hard,Haase R.,Gojowczyk P.,43,65.0,2.2,1.66,2.11,1.83,2.25,1.83
2018-01-11,Sydney International,Quarterfinals,Hard,De Minaur A.,Lopez F.,167,36.0,1.8,1.9,2.0,1.93,2.0,2.03
2018-01-11,Sydney International,Quarterfinals,Hard,Fognini F.,Mannarino A.,27,28.0,2.1,1.72,2.34,1.69,2.4,1.82
2018-01-11,Sydney International,Quarterfinals,Hard,Medvedev D.,Lorenzi P.,84,45.0,1.5,2.62,1.56,2.65,1.59,2.67
2018-01-11,Sydney International,Quarterfinals,Hard,Paire B.,Muller G.,42,25.0,2.1,1.72,2.36,1.68,2.4,1.78
2018-01-12,ASB Classic,Semifinals,Hard,Del Potro J.M.,Ferrer D.,12,38.0,1.3,3.5,1.29,4.05,1.35,4.05
2018-01-12,Sydney International,Semifinals,Hard,De Minaur A.,Paire B.,167,42.0,1.8,2.0,1.9,2.03,1.9,2.13
2018-01-12,Sydney International,Semifinals,Hard,Medvedev D.,Fognini F.,84,27.0,2.0,1.8,1.94,1.98,2.05,1.98
2018-01-12,ASB Classic,Semifinals,Hard,Bautista Agut R.,Haase R.,21,43.0,1.25,4.0,1.29,4.14,1.29,4.3
2018-01-13,ASB Classic,The Final,Hard,Bautista Agut R.,Del Potro J.M.,21,12.0,3.25,1.36,3.16,1.42,3.5,1.42
2018-01-13,Sydney International,The Final,Hard,Medvedev D.,De Minaur A.,84,167.0,2.2,1.66,2.13,1.82,2.34,1.82
2018-01-15,Australian Open,1st Round,Hard,Mcdonald M.,Ymer E.,186,140.0,1.9,1.9,1.95,1.95,2.0,1.95
2018-01-15,Australian Open,1st Round,Hard,Simon G.,Copil M.,57,92.0,1.4,3.0,1.41,3.18,1.43,3.3
2018-01-15,Australian Open,1st Round,Hard,Sugita Y.,Sock J.,41,9.0,3.0,1.4,2.95,1.46,3.05,1.46
2018-01-15,Australian Open,1st Round,Hard,Basilashvili N.,Melzer G.,61,102.0,1.5,2.62,1.54,2.66,1.55,2.76
2018-01-15,Australian Open,1st Round,Hard,Baghdatis M.,Bhambri Y.,123,119.0,1.72,2.1,1.86,2.05,2.15,2.15
2018-01-15,Australian Open,1st Round,Hard,Millman J.,Coric B.,122,46.0,2.1,1.72,2.18,1.77,2.2,2.03
2018-01-15,Australian Open,1st Round,Hard,Mayer L.,Jarry N.,52,101.0,1.44,2.75,1.46,2.96,1.49,3.01
2018-01-15,Australian Open,1st Round,Hard,Ruud C.,Halys Q.,138,134.0,1.8,2.0,1.9,2.01,1.96,2.1
2018-01-15,Australian Open,1st Round,Hard,Bemelmans R.,Pouille L.,117,18.0,5.0,1.16,5.39,1.19,5.39,1.22
2018-01-15,Australian Open,1st Round,Hard,Kyrgios N.,Dutra Silva R.,17,98.0,1.02,19.0,1.03,19.17,1.03,26.1
2018-01-15,Australian Open,1st Round,Hard,Nadal R.,Estrella Burgos V.,1,79.0,1.005,29.0,1.01,29.16,1.02,30.84
2018-01-15,Australian Open,1st Round,Hard,Jaziri M.,Caruso S.,100,210.0,1.66,2.2,1.72,2.25,2.0,2.25
2018-01-15,Australian Open,1st Round,Hard,Sousa J.,Brown D.,70,129.0,1.36,3.25,1.4,3.22,1.4,3.31
2018-01-15,Australian Open,1st Round,Hard,Tsonga J.W.,King K.,15,214.0,1.08,8.0,1.1,8.67,1.12,8.67
2018-01-15,Australian Open,1st Round,Hard,Karlovic I.,Djere L.,89,85.0,1.9,1.9,1.99,1.92,1.99,2.05
2018-01-15,Australian Open,1st Round,Hard,Dzumhur D.,Lorenzi P.,30,44.0,1.66,2.2,1.68,2.32,1.85,2.38
2018-01-15,Australian Open,1st Round,Hard,Ebden M.,Isner J.,78,16.0,3.5,1.3,3.6,1.34,3.6,1.39
2018-01-15,Australian Open,1st Round,Hard,Schwartzman D.,Lajovic D.,26,75.0,1.25,4.0,1.27,4.21,1.3,4.33
2018-01-15,Australian Open,1st Round,Hard,Dolgopolov O.,Haider-Maurer A.,37,448.0,1.04,13.0,1.03,18.28,1.06,21.25
2018-01-15,Australian Open,1st Round,Hard,Harrison R.,Sela D.,45,95.0,1.3,3.5,1.37,3.39,1.38,3.5
2018-01-15,Australian Open,1st Round,Hard,Edmund K.,Anderson K.,49,12.0,3.0,1.4,2.97,1.45,3.1,1.46
2018-01-15,Australian Open,1st Round,Hard,Carreno Busta P.,Kubler J.,11,243.0,1.28,3.75,1.27,4.22,1.33,4.3
2018-01-15,Australian Open,1st Round,Hard,Cuevas P.,Youzhny M.,34,90.0,1.72,2.1,1.77,2.18,1.77,2.45
2018-01-15,Australian Open,1st Round,Hard,Istomin D.,Herbert P.H.,60,74.0,1.66,2.2,1.71,2.27,1.76,2.28
2018-01-15,Australian Open,1st Round,Hard,Muller G.,Delbonis F.,28,67.0,1.25,4.0,1.27,4.22,1.28,4.3
2018-01-15,Australian Open,1st Round,Hard,Cilic M.,Pospisil V.,6,105.0,1.12,6.0,1.14,6.71,1.16,6.79
2018-01-15,Australian Open,1st Round,Hard,Rublev A.,Ferrer D.,32,33.0,1.9,1.9,1.9,2.01,2.15,2.01
2018-01-15,Australian Open,1st Round,Hard,Nishioka Y.,Kohlschreiber P.,168,29.0,3.5,1.3,3.89,1.3,3.89,1.33
2018-01-15,Australian Open,1st Round,Hard,Troicki V.,Bolt A.,65,188.0,1.25,4.0,1.31,3.8,1.31,4.2
2018-01-15,Australian Open,1st Round,Hard,Shapovalov D.,Tsitsipas S.,50,82.0,1.72,2.1,1.77,2.18,1.77,2.25
2018-01-15,Australian Open,1st Round,Hard,Dimitrov G.,Novak D.,3,226.0,1.01,21.0,1.02,22.73,1.03,26.86
2018-01-15,Australian Open,1st Round,Hard,Seppi A.,Moutet C.,76,155.0,1.33,3.4,1.34,3.59,1.36,3.59
2018-01-16,Australian Open,1st Round,Hard,Djokovic N.,Young D.,14,63.0,1.07,8.0,1.08,9.87,1.11,10.5
2018-01-16,Australian Open,1st Round,Hard,Sandgren T.,Chardy J.,97,84.0,2.1,1.72,2.11,1.81,2.17,1.85
2018-01-16,Australian Open,1st Round,Hard,Smyczek T.,Popyrin A.,131,550.0,1.28,3.75,1.26,4.31,1.3,4.4
2018-01-16,Australian Open,1st Round,Hard,Struff J.L.,Kwon S.W.,55,174.0,1.2,4.5,1.25,4.47,1.25,4.7
2018-01-16,Australian Open,1st Round,Hard,Medvedev D.,Kokkinakis T.,53,216.0,2.2,1.66,2.18,1.77,2.24,1.77
2018-01-16,Australian Open,1st Round,Hard,Monfils G.,Munar J.,39,187.0,1.08,8.0,1.12,7.82,1.12,9.0
2018-01-16,Australian Open,1st Round,Hard,Garcia-Lopez G.,Paire B.,71,42.0,2.75,1.44,3.14,1.42,3.15,1.48
2018-01-16,Australian Open,1st Round,Hard,Kudla D.,Johnson S.,190,48.0,3.75,1.28,3.75,1.32,3.98,1.32
2018-01-16,Australian Open,1st Round,Hard,Chung H.,Zverev M.,58,35.0,1.3,3.5,1.27,4.17,1.33,4.2
2018-01-16,Australian Open,1st Round,Hard,Berdych T.,De Minaur A.,20,127.0,1.44,2.75,1.48,2.88,1.48,3.0
2018-01-16,Australian Open,1st Round,Hard,Federer R.,Bedene A.,2,51.0,1.01,21.0,1.02,22.73,1.03,29.0
2018-01-16,Australian Open,1st Round,Hard,Thiem D.,Pella G.,5,56.0,1.25,4.0,1.28,4.14,1.31,4.7
2018-01-16,Australian Open,1st Round,Hard,Del Potro J.M.,Tiafoe F.,10,81.0,1.1,7.0,1.13,7.05,1.16,7.4
2018-01-16,Australian Open,1st Round,Hard,Khachanov K.,Polansky P.,47,139.0,1.2,4.5,1.21,4.97,1.26,4.97
2018-01-16,Australian Open,1st Round,Hard,Donskoy E.,Mayer F.,72,68.0,1.57,2.37,1.67,2.36,1.67,2.39
2018-01-16,Australian Open,1st Round,Hard,Gasquet R.,Kavcic B.,31,106.0,1.03,15.0,1.07,10.98,1.07,17.0
2018-01-16,Australian Open,1st Round,Hard,Wawrinka S.,Berankis R.,8,136.0,1.5,2.62,1.49,2.84,1.57,2.84
2018-01-16,Australian Open,1st Round,Hard,Ramos-Vinolas A.,Donaldson J.,22,54.0,2.1,1.72,2.18,1.77,2.25,1.81
2018-01-16,Australian Open,1st Round,Hard,Lacko L.,Raonic M.,86,23.0,5.5,1.14,5.68,1.18,5.75,1.19
2018-01-16,Australian Open,1st Round,Hard,Vesely J.,Safranek V.,64,225.0,1.25,4.0,1.25,4.46,1.29,4.46
2018-01-16,Australian Open,1st Round,Hard,Fucsovics M.,Albot R.,80,87.0,1.44,2.75,1.46,2.93,1.48,3.02
2018-01-16,Australian Open,1st Round,Hard,Verdasco F.,Bautista Agut R.,40,21.0,2.75,1.44,3.02,1.44,3.26,1.48
2018-01-16,Australian Open,1st Round,Hard,Benneteau J.,Daniel T.,59,96.0,1.53,2.5,1.51,2.75,1.61,2.75
2018-01-16,Australian Open,1st Round,Hard,Mannarino A.,Berrettini M.,27,130.0,1.3,3.5,1.31,3.81,1.32,4.1
2018-01-16,Australian Open,1st Round,Hard,Fognini F.,Zeballos H.,25,66.0,1.22,4.33,1.24,4.65,1.25,4.75
2018-01-16,Australian Open,1st Round,Hard,Marterer M.,Stebe C.M.,94,83.0,1.53,2.5,1.59,2.52,1.59,2.63
2018-01-16,Australian Open,1st Round,Hard,Sonego L.,Haase R.,219,43.0,3.75,1.28,3.53,1.35,4.0,1.35
2018-01-16,Australian Open,1st Round,Hard,Querrey S.,Lopez F.,13,38.0,1.72,2.1,1.81,2.11,1.81,2.27
2018-01-16,Australian Open,1st Round,Hard,Zverev A.,Fabbiano T.,4,73.0,1.01,23.0,1.02,22.73,1.03,29.0
2018-01-16,Australian Open,1st Round,Hard,Goffin D.,Bachinger M.,7,182.0,1.03,15.0,1.05,14.68,1.05,19.0
2018-01-16,Australian Open,1st Round,Hard,Gojowczyk P.,Kukushkin M.,62,69.0,1.53,2.5,1.55,2.63,1.61,2.69
2018-01-16,Australian Open,1st Round,Hard,Kicker N.,Thompson J.,93,99.0,5.5,1.14,6.2,1.16,6.2,1.18
2018-01-17,Australian Open,2nd Round,Hard,Dolgopolov O.,Ebden M.,37,78.0,1.53,2.5,1.52,2.73,1.56,2.76
2018-01-17,Australian Open,2nd Round,Hard,Dimitrov G.,Mcdonald M.,3,186.0,1.02,19.0,1.02,22.73,1.04,22.73
2018-01-17,Australian Open,2nd Round,Hard,Kyrgios N.,Troicki V.,17,65.0,1.06,10.0,1.07,11.52,1.08,11.7
2018-01-17,Australian Open,2nd Round,Hard,Rublev A.,Baghdatis M.,32,123.0,1.44,2.75,1.42,3.11,1.46,3.5
2018-01-17,Australian Open,2nd Round,Hard,Schwartzman D.,Ruud C.,26,138.0,1.25,4.0,1.29,4.04,1.29,4.5
2018-01-17,Australian Open,2nd Round,Hard,Nadal R.,Mayer L.,1,52.0,1.02,17.0,1.03,17.65,1.05,19.56
2018-01-17,Australian Open,2nd Round,Hard,Harrison R.,Cuevas P.,45,34.0,1.61,2.25,1.59,2.52,1.67,2.52
2018-01-17,Australian Open,2nd Round,Hard,Dzumhur D.,Millman J.,30,122.0,2.37,1.57,2.4,1.65,2.5,1.65
2018-01-17,Australian Open,2nd Round,Hard,Karlovic I.,Sugita Y.,89,41.0,2.5,1.53,2.45,1.62,2.58,1.62
2018-01-17,Australian Open,2nd Round,Hard,Edmund K.,Istomin D.,49,60.0,1.4,3.0,1.44,3.04,1.45,3.06
2018-01-17,Australian Open,2nd Round,Hard,Tsonga J.W.,Shapovalov D.,15,50.0,1.61,2.3,1.56,2.6,1.67,2.6
2018-01-17,Australian Open,2nd Round,Hard,Seppi A.,Nishioka Y.,76,168.0,1.57,2.37,1.58,2.54,1.65,2.54
2018-01-17,Australian Open,2nd Round,Hard,Muller G.,Jaziri M.,28,100.0,1.12,6.0,1.12,7.71,1.15,7.71
2018-01-17,Australian Open,2nd Round,Hard,Basilashvili N.,Bemelmans R.,61,117.0,1.72,2.1,1.79,2.14,1.9,2.15
2018-01-17,Australian Open,2nd Round,Hard,Cilic M.,Sousa J.,6,70.0,1.08,8.0,1.07,10.93,1.1,11.17
2018-01-17,Australian Open,2nd Round,Hard,Carreno Busta P.,Simon G.,11,57.0,2.2,1.66,2.34,1.68,2.34,1.75
2018-01-18,Australian Open,2nd Round,Hard,Federer R.,Struff J.L.,2,55.0,1.02,19.0,1.02,22.73,1.05,22.73
2018-01-18,Australian Open,2nd Round,Hard,Djokovic N.,Monfils G.,14,39.0,1.25,4.0,1.23,4.66,1.25,4.7
2018-01-18,Australian Open,2nd Round,Hard,Sandgren T.,Wawrinka S.,97,8.0,3.25,1.36,3.56,1.34,3.64,1.41
2018-01-18,Australian Open,2nd Round,Hard,Zverev A.,Gojowczyk P.,4,62.0,1.16,5.0,1.2,5.24,1.22,5.24
2018-01-18,Australian Open,2nd Round,Hard,Marterer M.,Verdasco F.,94,40.0,3.5,1.28,3.58,1.34,3.8,1.35
2018-01-18,Australian Open,2nd Round,Hard,Gasquet R.,Sonego L.,31,219.0,1.1,7.0,1.14,6.9,1.15,7.81
2018-01-18,Australian Open,2nd Round,Hard,Chung H.,Medvedev D.,58,53.0,1.44,2.75,1.46,2.95,1.5,3.0
2018-01-18,Australian Open,2nd Round,Hard,Benneteau J.,Goffin D.,59,7.0,8.0,1.08,7.04,1.13,8.0,1.13
2018-01-18,Australian Open,2nd Round,Hard,Del Potro J.M.,Khachanov K.,10,47.0,1.16,5.0,1.2,5.15,1.22,5.25
2018-01-18,Australian Open,2nd Round,Hard,Mannarino A.,Vesely J.,27,64.0,1.4,3.0,1.39,3.29,1.43,3.29
2018-01-18,Australian Open,2nd Round,Hard,Berdych T.,Garcia-Lopez G.,20,71.0,1.14,5.5,1.17,5.77,1.2,5.94
2018-01-18,Australian Open,2nd Round,Hard,Kicker N.,Lacko L.,93,86.0,5.5,1.14,5.5,1.19,5.68,1.19
2018-01-18,Australian Open,2nd Round,Hard,Thiem D.,Kudla D.,5,190.0,1.06,10.0,1.08,10.58,1.1,11.0
2018-01-18,Australian Open,2nd Round,Hard,Ramos-Vinolas A.,Smyczek T.,22,131.0,1.44,2.75,1.47,2.89,1.5,3.13
2018-01-18,Australian Open,2nd Round,Hard,Fucsovics M.,Querrey S.,80,13.0,3.4,1.33,3.38,1.37,3.65,1.37
2018-01-18,Australian Open,2nd Round,Hard,Fognini F.,Donskoy E.,25,72.0,1.3,3.5,1.37,3.41,1.37,3.65
2018-01-19,Australian Open,3rd Round,Hard,Cilic M.,Harrison R.,6,45.0,1.14,5.5,1.15,6.55,1.18,6.55
2018-01-19,Australian Open,3rd Round,Hard,Nadal R.,Dzumhur D.,1,30.0,1.02,17.0,1.04,17.22,1.05,18.36
2018-01-19,Australian Open,3rd Round,Hard,Kyrgios N.,Tsonga J.W.,17,15.0,1.4,3.0,1.38,3.36,1.45,3.5
2018-01-19,Australian Open,3rd Round,Hard,Schwartzman D.,Dolgopolov O.,26,37.0,2.1,1.72,2.19,1.78,2.27,1.79
2018-01-19,Australian Open,3rd Round,Hard,Dimitrov G.,Rublev A.,3,32.0,1.44,2.75,1.46,2.99,1.54,2.99
2018-01-19,Australian Open,3rd Round,Hard,Carreno Busta P.,Muller G.,11,28.0,1.61,2.3,1.76,2.22,1.76,2.49
2018-01-19,Australian Open,3rd Round,Hard,Edmund K.,Basilashvili N.,49,61.0,1.22,4.33,1.25,4.59,1.28,4.6
2018-01-19,Australian Open,3rd Round,Hard,Seppi A.,Karlovic I.,76,89.0,1.53,2.5,1.68,2.36,1.68,2.56
2018-01-20,Australian Open,3rd Round,Hard,Berdych T.,Del Potro J.M.,20,10.0,2.37,1.57,2.61,1.57,2.7,1.7
2018-01-20,Australian Open,3rd Round,Hard,Federer R.,Gasquet R.,2,31.0,1.07,9.0,1.08,10.98,1.1,11.5
2018-01-20,Australian Open,3rd Round,Hard,Djokovic N.,Ramos-Vinolas A.,14,22.0,1.08,8.0,1.09,9.61,1.13,9.61
2018-01-20,Australian Open,3rd Round,Hard,Fucsovics M.,Kicker N.,80,93.0,1.16,5.0,1.21,5.23,1.22,5.94
2018-01-20,Australian Open,3rd Round,Hard,Thiem D.,Mannarino A.,5,27.0,1.3,3.5,1.36,3.54,1.36,3.72
2018-01-20,Australian Open,3rd Round,Hard,Fognini F.,Benneteau J.,25,59.0,1.44,2.75,1.5,2.84,1.53,2.95
2018-01-20,Australian Open,3rd Round,Hard,Sandgren T.,Marterer M.,97,94.0,2.2,1.66,2.36,1.68,2.44,1.78
2018-01-20,Australian Open,3rd Round,Hard,Chung H.,Zverev A.,58,4.0,2.25,1.61,2.59,1.58,2.59,1.7
2018-01-21,Australian Open,4th Round,Hard,Cilic M.,Carreno Busta P.,6,11.0,1.25,4.0,1.23,4.85,1.27,4.85
2018-01-21,Australian Open,4th Round,Hard,Nadal R.,Schwartzman D.,1,26.0,1.06,10.0,1.06,13.84,1.08,14.25
2018-01-21,Australian Open,4th Round,Hard,Edmund K.,Seppi A.,49,76.0,1.36,3.25,1.4,3.28,1.43,3.35
2018-01-21,Australian Open,4th Round,Hard,Dimitrov G.,Kyrgios N.,3,17.0,2.3,1.61,2.4,1.66,2.49,1.67
2018-01-22,Australian Open,4th Round,Hard,Berdych T.,Fognini F.,20,25.0,1.3,3.5,1.3,4.03,1.36,4.03
2018-01-22,Australian Open,4th Round,Hard,Federer R.,Fucsovics M.,2,80.0,1.02,17.0,1.03,20.83,1.05,24.0
2018-01-22,Australian Open,4th Round,Hard,Sandgren T.,Thiem D.,97,5.0,7.0,1.1,7.4,1.13,7.8,1.13
2018-01-22,Australian Open,4th Round,Hard,Chung H.,Djokovic N.,58,14.0,4.0,1.25,4.4,1.26,4.5,1.29
2018-01-23,Australian Open,Quarterfinals,Hard,Edmund K.,Dimitrov G.,49,3.0,3.75,1.28,3.83,1.32,4.0,1.35
2018-01-23,Australian Open,Quarterfinals,Hard,Cilic M.,Nadal R.,6,1.0,4.0,1.25,4.18,1.28,4.5,1.3
2018-01-24,Australian Open,Quarterfinals,Hard,Federer R.,Berdych T.,2,20.0,1.14,5.5,1.18,5.8,1.2,6.0
2018-01-24,Australian Open,Quarterfinals,Hard,Chung H.,Sandgren T.,58,97.0,1.25,4.0,1.29,4.13,1.32,4.2
2018-01-25,Australian Open,Semifinals,Hard,Cilic M.,Edmund K.,6,49.0,1.33,3.4,1.33,3.83,1.36,3.9
2018-01-26,Australian Open,Semifinals,Hard,Federer R.,Chung H.,2,58.0,1.12,6.0,1.17,6.22,1.21,6.5
2018-01-28,Australian Open,The Final,Hard,Federer R.,Cilic M.,2,6.0,1.22,4.5,1.25,4.66,1.3,4.75
2018-02-05,Garanti Koza Sofia Open,1st Round,Hard,Sousa J.,Kuzmanov D.,68,340.0,1.22,4.0,1.24,4.46,1.25,4.8
2018-02-05,Garanti Koza Sofia Open,1st Round,Hard,Lacko L.,Donskoy E.,96,71.0,1.8,1.9,1.93,1.96,2.03,2.05
2018-02-05,Ecuador Open,1st Round,Clay,Martin A.,Dutra Silva R.,156,101.0,1.66,2.1,1.77,2.16,1.95,2.3
2018-02-05,Ecuador Open,1st Round,Clay,Ruud C.,Berlocq C.,122,119.0,1.57,2.25,1.66,2.34,1.84,2.4
2018-02-05,Open Sud de France,1st Round,Hard,Rublev A.,Garcia-Lopez G.,36,69.0,1.33,3.25,1.37,3.32,1.44,3.45
2018-02-05,Open Sud de France,1st Round,Hard,Paire B.,Zverev M.,44,53.0,1.5,2.5,1.56,2.59,1.59,2.78
2018-02-05,Ecuador Open,1st Round,Clay,Travaglia S.,Andujar P.,135,1753.0,1.44,2.62,1.53,2.67,1.62,2.95
2018-02-05,Ecuador Open,1st Round,Clay,Moutet C.,Menendez-Maceiras A.,152,131.0,1.61,2.2,1.6,2.48,1.73,2.48
2018-02-06,Garanti Koza Sofia Open,1st Round,Hard,Istomin D.,Andreev A.,74,211.0,1.02,17.0,1.02,18.7,1.04,23.0
2018-02-06,Ecuador Open,1st Round,Clay,Carballes Baena R.,Gaio F.,107,247.0,1.36,3.0,1.41,3.14,1.42,3.2
2018-02-06,Ecuador Open,1st Round,Clay,Monteiro T.,Zeballos H.,118,66.0,2.1,1.66,2.25,1.71,2.3,1.75
2018-02-06,Garanti Koza Sofia Open,1st Round,Hard,Basic M.,Mayer F.,129,72.0,,,,,1.5,2.78
2018-02-06,Garanti Koza Sofia Open,1st Round,Hard,Kovalik J.,Albot R.,187,89.0,1.9,1.8,1.95,1.93,2.0,2.0
2018-02-06,Garanti Koza Sofia Open,1st Round,Hard,Klizan M.,Donski A.,147,1529.0,1.03,15.0,1.03,17.13,1.05,19.75
2018-02-06,Garanti Koza Sofia Open,1st Round,Hard,Troicki V.,Gulbis E.,67,199.0,1.66,2.1,1.73,2.22,1.79,2.22
2018-02-06,Ecuador Open,1st Round,Clay,Estrella Burgos V.,Bellucci T.,86,108.0,1.57,2.25,1.71,2.24,1.74,2.4
2018-02-06,Open Sud de France,1st Round,Hard,Taberner C.,Gombos N.,190,137.0,3.75,1.25,4.17,1.27,4.3,1.28
2018-02-06,Open Sud de France,1st Round,Hard,Chardy J.,Tsitsipas S.,91,78.0,2.1,1.66,2.34,1.66,2.34,1.76
2018-02-06,Open Sud de France,1st Round,Hard,Berankis R.,Benneteau J.,117,55.0,2.75,1.4,2.8,1.49,3.0,1.51
2018-02-06,Open Sud de France,1st Round,Hard,Simon G.,Maden Y.,64,142.0,1.25,3.75,1.29,3.94,1.31,4.28
2018-02-06,Open Sud de France,1st Round,Hard,Khachanov K.,Ferrer D.,49,39.0,1.72,2.0,1.69,2.28,1.9,2.3
2018-02-07,Ecuador Open,1st Round,Clay,Giannessi A.,Polansky P.,159,141.0,1.4,2.75,1.42,3.08,1.45,3.26
2018-02-07,Garanti Koza Sofia Open,1st Round,Hard,Kavcic B.,Djere L.,111,88.0,2.1,1.66,2.02,1.87,2.15,1.87
2018-02-07,Garanti Koza Sofia Open,1st Round,Hard,Seppi A.,Youzhny M.,77,92.0,1.72,2.0,1.81,2.1,1.83,2.23
2018-02-07,Ecuador Open,1st Round,Clay,Melzer G.,Cecchinato M.,98,99.0,1.53,2.37,1.53,2.67,1.61,2.72
2018-02-07,Ecuador Open,1st Round,Clay,Quiroz R.,Hanfmann Y.,282,113.0,2.75,1.4,2.88,1.47,3.0,1.55
2018-02-07,Garanti Koza Sofia Open,2nd Round,Hard,Basic M.,Kohlschreiber P.,129,35.0,2.25,1.57,2.44,1.63,2.5,1.69
2018-02-07,Garanti Koza Sofia Open,2nd Round,Hard,Kovalik J.,Lacko L.,187,96.0,2.62,1.44,2.93,1.46,2.94,1.5
2018-02-07,Garanti Koza Sofia Open,1st Round,Hard,Baghdatis M.,Caruso S.,123,185.0,1.28,3.5,,,1.34,4.0
2018-02-07,Garanti Koza Sofia Open,1st Round,Hard,Marterer M.,Jaziri M.,82,110.0,1.36,3.0,1.39,3.23,1.45,3.23
2018-02-07,Ecuador Open,1st Round,Clay,Karlovic I.,Escobedo E.,90,133.0,1.53,2.37,1.59,2.5,1.63,2.5
2018-02-07,Ecuador Open,1st Round,Clay,Jarry N.,Bagnis F.,95,195.0,1.72,2.0,1.75,2.19,1.83,2.2
2018-02-07,Garanti Koza Sofia Open,1st Round,Hard,Copil M.,Haase R.,93,42.0,2.1,1.66,2.2,1.74,2.23,1.8
2018-02-07,Open Sud de France,1st Round,Hard,Gasquet R.,Medvedev D.,33,56.0,1.36,3.0,1.45,2.95,1.45,3.12
2018-02-07,Open Sud de France,1st Round,Hard,Herbert P.H.,De Schepper K.,76,146.0,1.83,1.83,1.96,1.93,2.05,2.01
2018-02-07,Open Sud de France,1st Round,Hard,Millman J.,Sugita Y.,109,41.0,1.44,2.62,1.58,2.52,1.59,2.65
2018-02-07,Open Sud de France,1st Round,Hard,Bemelmans R.,Hemery C.,121,148.0,1.66,2.1,1.63,2.4,1.7,2.47
2018-02-07,Open Sud de France,1st Round,Hard,Mahut N.,Brown D.,105,125.0,1.66,2.1,1.71,2.25,1.82,2.25
2018-02-07,Open Sud de France,2nd Round,Hard,Goffin D.,Simon G.,7,64.0,1.28,3.5,1.39,3.29,1.39,3.5
2018-02-07,Open Sud de France,2nd Round,Hard,Rublev A.,Chardy J.,36,91.0,1.5,2.5,1.4,3.24,1.53,3.24
2018-02-08,Open Sud de France,2nd Round,Hard,Pouille L.,Taberner C.,17,190.0,1.12,6.0,1.14,6.91,1.15,6.95
2018-02-08,Open Sud de France,2nd Round,Hard,Tsonga J.W.,Mahut N.,19,105.0,1.14,5.5,1.13,7.18,1.17,7.18
2018-02-08,Open Sud de France,2nd Round,Hard,Gasquet R.,Herbert P.H.,33,76.0,1.16,5.0,1.16,6.3,1.19,6.35
2018-02-08,Open Sud de France,2nd Round,Hard,Dzumhur D.,Bemelmans R.,30,121.0,1.57,2.25,1.65,2.38,1.68,2.48
2018-02-08,Garanti Koza Sofia Open,2nd Round,Hard,Marterer M.,Sousa J.,82,68.0,1.72,2.0,1.79,2.15,1.91,2.18
2018-02-08,Open Sud de France,2nd Round,Hard,Paire B.,Millman J.,44,109.0,1.61,2.2,1.76,2.19,1.76,2.31
2018-02-08,Garanti Koza Sofia Open,2nd Round,Hard,Muller G.,Seppi A.,28,77.0,1.61,2.2,1.71,2.27,1.74,2.35
2018-02-08,Garanti Koza Sofia Open,2nd Round,Hard,Copil M.,Kavcic B.,93,111.0,1.3,3.4,1.38,3.33,1.4,3.4
2018-02-08,Garanti Koza Sofia Open,2nd Round,Hard,Troicki V.,Istomin D.,67,74.0,1.61,2.2,1.72,2.25,1.72,2.45
2018-02-08,Open Sud de France,2nd Round,Hard,Khachanov K.,Berankis R.,49,117.0,1.4,2.75,1.43,3.05,1.44,3.26
2018-02-08,Garanti Koza Sofia Open,2nd Round,Hard,Baghdatis M.,Mannarino A.,123,25.0,2.25,1.57,2.44,1.63,2.45,1.7
2018-02-08,Garanti Koza Sofia Open,2nd Round,Hard,Wawrinka S.,Klizan M.,15,147.0,1.57,2.25,1.63,2.44,1.67,2.55
2018-02-08,Ecuador Open,2nd Round,Clay,Martin A.,Carreno Busta P.,156,10.0,3.75,1.25,4.35,1.26,4.35,1.31
2018-02-08,Ecuador Open,2nd Round,Clay,Monfils G.,Ruud C.,43,122.0,1.36,3.0,1.43,3.05,1.44,3.2
2018-02-08,Ecuador Open,2nd Round,Clay,Monteiro T.,Giannessi A.,118,159.0,1.57,2.25,1.71,2.28,1.74,2.37
2018-02-08,Ecuador Open,2nd Round,Clay,Ramos-Vinolas A.,Quiroz R.,21,282.0,1.14,5.5,1.14,6.68,1.17,7.21
2018-02-08,Ecuador Open,2nd Round,Clay,Moutet C.,Karlovic I.,152,90.0,2.25,1.57,2.67,1.54,2.67,1.74
2018-02-08,Ecuador Open,2nd Round,Clay,Jarry N.,Travaglia S.,95,135.0,1.53,2.37,1.68,2.34,1.68,2.55
2018-02-08,Ecuador Open,2nd Round,Clay,Carballes Baena R.,Lorenzi P.,107,46.0,2.1,1.66,2.11,1.81,2.45,1.81
2018-02-08,Ecuador Open,2nd Round,Clay,Melzer G.,Estrella Burgos V.,98,86.0,1.66,2.1,1.69,2.31,1.95,2.31
2018-02-09,Garanti Koza Sofia Open,Quarterfinals,Hard,Basic M.,Marterer M.,129,82.0,2.37,1.57,2.61,1.57,2.61,1.67
2018-02-09,Open Sud de France,Quarterfinals,Hard,Pouille L.,Paire B.,17,44.0,1.53,2.5,1.48,2.92,1.66,2.92
2018-02-09,Open Sud de France,Quarterfinals,Hard,Tsonga J.W.,Rublev A.,19,36.0,1.66,2.2,1.67,2.38,1.75,2.4
2018-02-09,Garanti Koza Sofia Open,Quarterfinals,Hard,Copil M.,Muller G.,93,28.0,2.37,1.57,2.35,1.68,2.48,1.7
2018-02-09,Open Sud de France,Quarterfinals,Hard,Gasquet R.,Dzumhur D.,33,30.0,1.3,3.5,1.35,3.61,1.35,3.8
2018-02-09,Open Sud de France,Quarterfinals,Hard,Goffin D.,Khachanov K.,7,49.0,1.3,3.5,1.33,3.75,1.37,4.8
2018-02-09,Garanti Koza Sofia Open,Quarterfinals,Hard,Kovalik J.,Baghdatis M.,187,123.0,3.25,1.36,3.35,1.39,3.35,1.44
2018-02-09,Ecuador Open,Quarterfinals,Clay,Carballes Baena R.,Jarry N.,107,95.0,2.0,1.8,2.15,1.8,2.15,1.87
2018-02-09,Ecuador Open,Quarterfinals,Clay,Martin A.,Moutet C.,156,152.0,1.72,2.1,1.76,2.22,1.8,2.44
2018-02-09,Ecuador Open,Quarterfinals,Clay,Monteiro T.,Monfils G.,118,43.0,4.33,1.22,4.9,1.23,4.9,1.26
2018-02-09,Ecuador Open,Quarterfinals,Clay,Ramos-Vinolas A.,Melzer G.,21,98.0,1.66,2.2,1.74,2.25,1.74,2.41
2018-02-09,Garanti Koza Sofia Open,Quarterfinals,Hard,Wawrinka S.,Troicki V.,15,67.0,1.5,2.62,1.51,2.82,1.55,2.83
2018-02-10,Garanti Koza Sofia Open,Semifinals,Hard,Basic M.,Wawrinka S.,129,15.0,3.75,1.28,3.8,1.32,3.98,1.33
2018-02-10,Garanti Koza Sofia Open,Semifinals,Hard,Copil M.,Kovalik J.,93,187.0,1.44,2.75,1.43,3.14,1.47,3.16
2018-02-10,Open Sud de France,Semifinals,Hard,Pouille L.,Tsonga J.W.,17,19.0,2.2,1.66,2.26,1.74,2.29,1.77
2018-02-10,Ecuador Open,Semifinals,Clay,Ramos-Vinolas A.,Monteiro T.,21,118.0,1.36,3.25,1.38,3.37,1.43,3.48
2018-02-10,Ecuador Open,Semifinals,Clay,Carballes Baena R.,Martin A.,107,156.0,1.8,2.0,1.88,2.04,1.94,2.13
2018-02-10,Open Sud de France,Semifinals,Hard,Gasquet R.,Goffin D.,33,7.0,2.3,1.61,2.2,1.77,2.55,1.77
2018-02-11,Open Sud de France,The Final,Hard,Pouille L.,Gasquet R.,17,33.0,2.25,1.61,2.36,1.68,2.4,1.71
2018-02-11,Ecuador Open,The Final,Clay,Carballes Baena R.,Ramos-Vinolas A.,107,21.0,3.0,1.4,3.37,1.38,3.64,1.44
2018-02-11,Garanti Koza Sofia Open,The Final,Hard,Basic M.,Copil M.,129,93.0,2.3,1.61,2.47,1.63,2.47,1.69
2018-02-12,ABN AMRO World Tennis Tournament,1st Round,Hard,Lopez F.,Klizan M.,37,150.0,2.0,1.72,2.07,1.83,2.18,1.87
2018-02-12,ABN AMRO World Tennis Tournament,1st Round,Hard,Berdych T.,Zverev M.,17,53.0,1.16,5.0,1.17,5.62,1.2,5.88
2018-02-12,ABN AMRO World Tennis Tournament,1st Round,Hard,Zverev A.,Ferrer D.,4,39.0,1.36,3.0,1.32,3.66,1.38,3.8
2018-02-12,ABN AMRO World Tennis Tournament,1st Round,Hard,Seppi A.,Sousa J.,81,68.0,1.8,1.9,1.8,2.11,1.94,2.15
2018-02-12,New York Open,1st Round,Hard,Karlovic I.,Donaldson J.,89,58.0,1.66,2.1,1.71,2.24,1.71,2.44
2018-02-12,New York Open,1st Round,Hard,Sela D.,Basilashvili N.,100,61.0,2.0,1.72,1.98,1.91,2.2,1.91
2018-02-12,Argentina Open,1st Round,Clay,Lajovic D.,Bagnis F.,88,190.0,2.0,1.72,1.95,1.93,2.1,1.95
2018-02-12,Argentina Open,1st Round,Clay,Pella G.,Kicker N.,59,87.0,1.44,2.62,1.49,2.8,1.51,2.85
2018-02-12,Argentina Open,1st Round,Clay,Garcia-Lopez G.,Berlocq C.,69,119.0,1.8,1.9,1.94,1.94,1.96,2.03
2018-02-12,Argentina Open,1st Round,Clay,Bellucci T.,Cachin P.,137,276.0,1.33,3.25,1.32,3.66,1.35,3.9
2018-02-12,Argentina Open,1st Round,Clay,Delbonis F.,Mayer F.,70,71.0,1.25,3.75,1.3,3.82,1.34,4.0
2018-02-13,New York Open,1st Round,Hard,Harrison R.,Young D.,44,65.0,1.4,2.75,1.43,3.01,1.5,3.22
2018-02-13,New York Open,1st Round,Hard,Tiafoe F.,Korda S.,98,873.0,1.16,5.0,1.16,5.94,1.23,6.2
2018-02-13,New York Open,1st Round,Hard,Menendez-Maceiras A.,Johnson S.,128,49.0,3.25,1.33,3.5,1.34,3.65,1.36
2018-02-13,New York Open,1st Round,Hard,Albot R.,Fratangelo B.,91,109.0,2.25,1.57,2.22,1.73,2.39,1.74
2018-02-13,New York Open,1st Round,Hard,Gojowczyk P.,Kavcic B.,63,108.0,1.2,4.33,1.24,4.47,1.26,4.65
2018-02-13,ABN AMRO World Tennis Tournament,1st Round,Hard,Griekspoor T.,Wawrinka S.,259,13.0,7.0,1.1,6.81,1.13,7.0,1.15
2018-02-13,New York Open,1st Round,Hard,Donskoy E.,Estrella Burgos V.,72,139.0,1.18,4.5,1.24,4.5,1.29,4.8
2018-02-13,ABN AMRO World Tennis Tournament,1st Round,Hard,Krajinovic F.,Auger-Aliassime F.,38,168.0,1.57,2.25,1.7,2.27,1.71,2.39
2018-02-13,ABN AMRO World Tennis Tournament,1st Round,Hard,Kohlschreiber P.,Khachanov K.,36,48.0,2.37,1.53,2.24,1.71,2.62,1.74
2018-02-13,ABN AMRO World Tennis Tournament,1st Round,Hard,Troicki V.,Struff J.L.,67,56.0,2.2,1.61,2.33,1.67,2.43,1.75
2018-02-13,ABN AMRO World Tennis Tournament,1st Round,Hard,Goffin D.,Mahut N.,7,101.0,1.12,6.0,1.15,6.16,1.18,6.25
2018-02-13,New York Open,1st Round,Hard,Chardy J.,Travaglia S.,95,132.0,1.53,2.37,1.62,2.43,1.71,2.43
2018-02-13,ABN AMRO World Tennis Tournament,1st Round,Hard,Medvedev D.,Muller G.,57,28.0,1.72,2.0,1.9,1.99,1.91,2.1
2018-02-13,Argentina Open,1st Round,Clay,Monfils G.,Cuevas P.,43,32.0,1.8,1.9,2.01,1.88,2.01,2.1
2018-02-13,Argentina Open,1st Round,Clay,Bedene A.,Vesely J.,51,60.0,1.9,1.8,2.06,1.84,2.14,1.91
2018-02-13,Argentina Open,1st Round,Clay,Mayer L.,Dutra Silva R.,50,105.0,1.44,2.62,1.5,2.75,1.51,2.96
2018-02-13,Argentina Open,1st Round,Clay,Verdasco F.,Monteiro T.,40,96.0,1.36,3.0,1.43,3.01,1.46,3.13
2018-02-13,Argentina Open,1st Round,Clay,Elias G.,Carballes Baena R.,114,76.0,2.1,1.66,2.06,1.84,2.17,1.87
2018-02-13,Argentina Open,1st Round,Clay,Zeballos H.,Cecchinato M.,66,102.0,1.66,2.1,1.78,2.14,1.8,2.3
2018-02-13,Argentina Open,1st Round,Clay,Schwartzman D.,Haider-Maurer A.,24,418.0,1.06,10.0,1.06,11.49,1.08,11.5
2018-02-14,ABN AMRO World Tennis Tournament,1st Round,Hard,Rublev A.,Pouille L.,34,16.0,1.72,2.0,1.87,2.02,1.92,2.1
2018-02-14,ABN AMRO World Tennis Tournament,2nd Round,Hard,Goffin D.,Lopez F.,7,37.0,1.2,4.5,1.19,5.42,1.22,5.8
2018-02-14,ABN AMRO World Tennis Tournament,1st Round,Hard,Federer R.,Bemelmans R.,2,116.0,1.03,15.0,1.03,16.83,1.04,17.54
2018-02-14,ABN AMRO World Tennis Tournament,1st Round,Hard,Dimitrov G.,Sugita Y.,5,41.0,1.22,4.0,1.24,4.46,1.26,4.7
2018-02-14,ABN AMRO World Tennis Tournament,1st Round,Hard,Haase R.,De Bakker T.,42,352.0,1.4,2.75,1.43,3.01,1.5,3.1
2018-02-14,ABN AMRO World Tennis Tournament,1st Round,Hard,Dzumhur D.,Copil M.,29,74.0,1.4,2.75,1.56,2.56,1.58,2.77
2018-02-14,New York Open,2nd Round,Hard,Menendez-Maceiras A.,Chardy J.,128,95.0,3.5,1.28,3.6,1.34,3.6,1.4
2018-02-14,New York Open,2nd Round,Hard,Mannarino A.,Gojowczyk P.,25,63.0,1.83,1.83,1.94,1.96,2.0,2.0
2018-02-14,New York Open,1st Round,Hard,Nishikori K.,Rubin N.,27,232.0,1.16,5.0,1.15,6.28,1.18,6.55
2018-02-14,New York Open,1st Round,Hard,Youzhny M.,Ebden M.,94,79.0,1.8,1.9,1.85,2.05,2.04,2.05
2018-02-14,ABN AMRO World Tennis Tournament,2nd Round,Hard,Berdych T.,Troicki V.,17,67.0,1.2,4.5,1.22,4.91,1.24,5.05
2018-02-14,Argentina Open,2nd Round,Clay,Schwartzman D.,Bellucci T.,24,137.0,1.22,4.0,1.27,4.18,1.3,4.3
2018-02-14,Argentina Open,2nd Round,Clay,Bedene A.,Ramos-Vinolas A.,51,20.0,2.0,1.72,2.05,1.86,2.18,1.91
2018-02-14,Argentina Open,2nd Round,Clay,Pella G.,Verdasco F.,59,40.0,2.5,1.5,2.5,1.6,2.58,1.65
2018-02-14,ABN AMRO World Tennis Tournament,1st Round,Hard,Herbert P.H.,Gasquet R.,80,33.0,3.0,1.36,3.27,1.38,3.5,1.44
2018-02-14,New York Open,1st Round,Hard,Escobedo E.,Mcdonald M.,131,146.0,2.2,1.61,2.35,1.66,2.4,1.73
2018-02-14,ABN AMRO World Tennis Tournament,2nd Round,Hard,Seppi A.,Zverev A.,81,4.0,5.0,1.16,5.76,1.18,5.95,1.22
2018-02-15,ABN AMRO World Tennis Tournament,2nd Round,Hard,Dimitrov G.,Krajinovic F.,5,38.0,1.16,5.0,1.17,5.8,1.19,6.25
2018-02-15,ABN AMRO World Tennis Tournament,2nd Round,Hard,Federer R.,Kohlschreiber P.,2,36.0,1.04,13.0,1.05,13.82,1.06,14.75
2018-02-15,ABN AMRO World Tennis Tournament,2nd Round,Hard,Medvedev D.,Herbert P.H.,57,80.0,1.53,2.37,1.58,2.56,1.6,2.65
2018-02-15,ABN AMRO World Tennis Tournament,2nd Round,Hard,Haase R.,Griekspoor T.,42,259.0,1.22,4.0,1.26,4.3,1.28,4.55
2018-02-15,ABN AMRO World Tennis Tournament,2nd Round,Hard,Rublev A.,Dzumhur D.,34,29.0,1.4,2.75,1.43,3.1,1.47,3.16
2018-02-15,Argentina Open,2nd Round,Clay,Delbonis F.,Elias G.,70,114.0,1.57,2.25,1.65,2.38,1.73,2.4
2018-02-15,Argentina Open,2nd Round,Clay,Garcia-Lopez G.,Carreno Busta P.,69,10.0,2.5,1.5,2.63,1.55,2.88,1.57
2018-02-15,Argentina Open,2nd Round,Clay,Monfils G.,Lajovic D.,43,88.0,1.36,3.0,1.39,3.27,1.44,3.4
2018-02-15,New York Open,2nd Round,Hard,Albot R.,Isner J.,91,18.0,4.5,1.2,4.65,1.24,5.05,1.25
2018-02-15,New York Open,2nd Round,Hard,Nishikori K.,Donskoy E.,27,72.0,1.22,4.0,1.25,4.42,1.3,4.55
2018-02-15,New York Open,2nd Round,Hard,Tiafoe F.,Sela D.,98,100.0,1.66,2.1,1.65,2.38,1.8,2.38
2018-02-15,New York Open,2nd Round,Hard,Karlovic I.,Harrison R.,89,44.0,2.0,1.72,2.08,1.84,2.11,1.87
2018-02-15,Argentina Open,2nd Round,Clay,Thiem D.,Zeballos H.,6,66.0,1.16,5.0,1.17,5.91,1.21,6.2
2018-02-15,New York Open,2nd Round,Hard,Anderson K.,Escobedo E.,11,131.0,1.2,4.5,1.23,4.77,1.25,5.05
2018-02-16,ABN AMRO World Tennis Tournament,Quarterfinals,Hard,Seppi A.,Medvedev D.,81,57.0,2.0,1.8,2.11,1.83,2.11,1.87
2018-02-16,ABN AMRO World Tennis Tournament,Quarterfinals,Hard,Federer R.,Haase R.,2,42.0,1.06,10.0,1.05,14.37,1.09,14.75
2018-02-16,ABN AMRO World Tennis Tournament,Quarterfinals,Hard,Dimitrov G.,Rublev A.,5,34.0,1.44,2.75,1.5,2.82,1.53,2.88
2018-02-16,ABN AMRO World Tennis Tournament,Quarterfinals,Hard,Goffin D.,Berdych T.,7,17.0,1.66,2.2,1.72,2.27,1.77,2.3
2018-02-16,New York Open,Quarterfinals,Hard,Mannarino A.,Menendez-Maceiras A.,25,128.0,1.2,4.5,1.23,4.77,1.25,5.0
2018-02-16,Argentina Open,Quarterfinals,Clay,Bedene A.,Schwartzman D.,51,24.0,2.75,1.44,2.83,1.5,3.08,1.56
2018-02-16,New York Open,Quarterfinals,Hard,Querrey S.,Karlovic I.,12,89.0,1.66,2.2,1.65,2.41,1.8,2.41
2018-02-16,New York Open,2nd Round,Hard,Querrey S.,Youzhny M.,12,94.0,1.3,3.4,1.39,3.28,1.39,3.72
2018-02-16,Argentina Open,Quarterfinals,Clay,Monfils G.,Mayer L.,43,50.0,1.5,2.62,1.56,2.65,1.6,2.7
2018-02-16,Argentina Open,Quarterfinals,Clay,Delbonis F.,Garcia-Lopez G.,70,69.0,1.66,2.2,1.72,2.27,1.74,2.37
2018-02-16,Argentina Open,2nd Round,Clay,Mayer L.,Fognini F.,50,22.0,2.25,1.57,2.43,1.63,2.54,1.65
2018-02-17,New York Open,Semifinals,Hard,Querrey S.,Mannarino A.,12,25.0,1.66,2.2,1.69,2.33,1.77,2.4
2018-02-17,New York Open,Quarterfinals,Hard,Anderson K.,Tiafoe F.,11,98.0,1.36,3.25,1.38,3.41,1.39,3.45
2018-02-17,New York Open,Quarterfinals,Hard,Nishikori K.,Albot R.,27,91.0,1.11,6.5,1.12,7.79,1.15,8.0
2018-02-17,ABN AMRO World Tennis Tournament,Semifinals,Hard,Federer R.,Seppi A.,2,81.0,1.05,11.0,1.05,14.37,1.07,15.0
2018-02-17,Argentina Open,Semifinals,Clay,Thiem D.,Monfils G.,6,43.0,1.36,3.25,1.4,3.3,1.48,3.44
2018-02-17,Argentina Open,Semifinals,Clay,Bedene A.,Delbonis F.,51,70.0,1.61,2.3,1.62,2.48,1.67,2.48
2018-02-17,Argentina Open,Quarterfinals,Clay,Thiem D.,Pella G.,6,59.0,1.28,3.75,1.35,3.6,1.35,4.0
2018-02-17,ABN AMRO World Tennis Tournament,Semifinals,Hard,Dimitrov G.,Goffin D.,5,7.0,1.61,2.3,1.63,2.47,1.69,2.47
2018-02-18,ABN AMRO World Tennis Tournament,The Final,Hard,Federer R.,Dimitrov G.,2,5.0,1.25,4.0,1.29,4.1,1.31,4.22
2018-02-18,New York Open,Semifinals,Hard,Anderson K.,Nishikori K.,11,27.0,2.37,1.57,2.31,1.7,2.5,1.73
2018-02-18,Argentina Open,The Final,Clay,Thiem D.,Bedene A.,6,51.0,1.2,4.5,1.21,5.21,1.25,5.35
2018-02-18,New York Open,The Final,Hard,Anderson K.,Querrey S.,11,12.0,1.8,2.0,1.77,2.2,1.8,2.21
2018-02-19,Rio Open,1st Round,Clay,Sandgren T.,Carballes Baena R.,60,72.0,2.75,1.4,3.35,1.37,3.44,1.44
2018-02-19,Rio Open,1st Round,Clay,Verdasco F.,Mayer L.,40,49.0,1.66,2.1,1.65,2.37,1.83,2.37
2018-02-19,Rio Open,1st Round,Clay,Cilic M.,Berlocq C.,3,139.0,1.16,5.0,1.17,5.81,1.22,6.0
2018-02-19,Rio Open,1st Round,Clay,Elias G.,Pella G.,114,55.0,3.4,1.3,3.66,1.32,3.8,1.36
2018-02-19,Open 13,1st Round,Hard,Fabbiano T.,Auger-Aliassime F.,81,167.0,2.25,1.57,2.55,1.57,2.66,1.67
2018-02-19,Open 13,1st Round,Hard,Benneteau J.,Jaziri M.,56,116.0,1.36,3.0,1.34,3.57,1.42,3.57
2018-02-19,Open 13,1st Round,Hard,Dzumhur D.,Kukushkin M.,29,89.0,1.33,3.25,1.36,3.42,1.38,3.58
2018-02-19,Rio Open,1st Round,Clay,Jarry N.,Garcia-Lopez G.,94,67.0,2.1,1.66,2.24,1.71,2.26,1.79
2018-02-19,Rio Open,1st Round,Clay,Ramos-Vinolas A.,Dutra Silva R.,19,106.0,1.28,3.5,1.29,3.9,1.33,4.1
2018-02-19,Delray Beach Open,1st Round,Hard,Chung H.,Norrie C.,30,115.0,1.25,3.75,1.27,4.13,1.3,4.45
2018-02-19,Delray Beach Open,1st Round,Hard,Young D.,Ramanathan R.,75,140.0,1.53,2.37,1.58,2.51,1.68,2.52
2018-02-19,Delray Beach Open,1st Round,Hard,Tiafoe F.,Ebden M.,91,88.0,1.66,2.1,1.74,2.2,1.77,2.28
2018-02-20,Delray Beach Open,1st Round,Hard,Skugor F.,Bublik A.,303,131.0,2.0,1.72,2.13,1.79,2.2,1.83
2018-02-20,Delray Beach Open,1st Round,Hard,Isner J.,Albot R.,18,87.0,1.28,3.5,1.31,3.78,1.38,4.0
2018-02-20,Delray Beach Open,1st Round,Hard,Johnson S.,Basilashvili N.,51,77.0,1.4,2.75,1.46,2.9,1.51,2.9
2018-02-20,Open 13,1st Round,Hard,Krajinovic F.,Sousa J.,36,71.0,1.53,2.37,1.68,2.3,1.74,2.5
2018-02-20,Open 13,1st Round,Hard,Ivashka I.,Djere L.,193,90.0,1.44,2.62,1.41,3.14,1.53,3.4
2018-02-20,Open 13,1st Round,Hard,Khachanov K.,Bemelmans R.,47,113.0,1.5,2.5,1.57,2.55,1.6,2.65
2018-02-20,Open 13,1st Round,Hard,Travaglia S.,Gaston H.,129,1341.0,1.05,9.0,1.06,12.24,1.06,14.5
2018-02-20,Open 13,1st Round,Hard,Simon G.,Marterer M.,66,70.0,1.61,2.2,1.69,2.28,1.74,2.46
2018-02-20,Rio Open,1st Round,Clay,Delbonis F.,Vesely J.,63,61.0,1.61,2.2,1.72,2.23,1.72,2.4
2018-02-20,Delray Beach Open,1st Round,Hard,Opelka R.,Harrison R.,228,58.0,2.62,1.44,3.03,1.43,3.1,1.5
2018-02-20,Rio Open,1st Round,Clay,Cuevas P.,Monteiro T.,33,104.0,1.44,2.62,1.52,2.69,1.53,2.79
2018-02-20,Rio Open,1st Round,Clay,Schwartzman D.,Ruud C.,23,120.0,1.25,3.75,1.31,3.79,1.32,3.9
2018-02-20,Rio Open,1st Round,Clay,Kicker N.,Estrella Burgos V.,86,138.0,1.3,3.4,1.38,3.31,1.4,3.45
2018-02-20,Rio Open,1st Round,Clay,Andujar P.,Melzer G.,1821,110.0,3.75,1.25,3.7,1.32,3.85,1.33
2018-02-20,Rio Open,1st Round,Clay,Fognini F.,Bellucci T.,21,123.0,1.4,2.75,1.45,2.96,1.49,3.03
2018-02-20,Open 13,1st Round,Hard,Herbert P.H.,Gombos N.,99,136.0,1.61,2.2,1.72,2.23,1.72,2.41
2018-02-20,Rio Open,1st Round,Clay,Bedene A.,Haider-Maurer A.,43,417.0,1.1,7.0,1.14,6.5,1.18,7.0
2018-02-20,Delray Beach Open,1st Round,Hard,Sock J.,Smith J.P.,8,225.0,1.3,3.4,1.31,3.76,1.36,4.1
2018-02-20,Rio Open,1st Round,Clay,Monfils G.,Zeballos H.,39,68.0,1.28,3.5,1.32,3.66,1.35,3.8
2018-02-20,Delray Beach Open,1st Round,Hard,Raonic M.,Daniel T.,32,105.0,1.16,5.0,1.14,6.5,1.18,6.5
2018-02-20,Delray Beach Open,1st Round,Hard,Donaldson J.,Polansky P.,57,143.0,1.36,3.0,1.38,3.29,1.4,3.35
2018-02-20,Delray Beach Open,1st Round,Hard,Donskoy E.,King D.,76,188.0,1.61,2.2,1.8,2.11,1.8,2.55
2018-02-20,Delray Beach Open,1st Round,Hard,Shapovalov D.,Karlovic I.,46,78.0,1.72,2.0,1.78,2.15,1.8,2.2
2018-02-20,Delray Beach Open,1st Round,Hard,Youzhny M.,Sela D.,93,97.0,2.1,1.66,2.16,1.77,2.24,1.85
2018-02-20,Delray Beach Open,1st Round,Hard,Fritz T.,Querrey S.,85,12.0,2.5,1.5,2.63,1.54,2.73,1.57
2018-02-20,Delray Beach Open,1st Round,Hard,Gojowczyk P.,Lacko L.,64,98.0,1.57,2.25,1.58,2.51,1.65,2.6
2018-02-20,Rio Open,1st Round,Clay,Carreno Busta P.,Cecchinato M.,11,102.0,1.4,2.75,1.43,3.01,1.44,3.29
2018-02-21,Delray Beach Open,1st Round,Hard,Del Potro J.M.,Chardy J.,10,96.0,1.16,5.0,1.2,5.07,1.22,5.5
2018-02-21,Delray Beach Open,2nd Round,Hard,Donskoy E.,Young D.,76,75.0,2.1,1.66,2.2,1.75,2.38,1.77
2018-02-21,Delray Beach Open,2nd Round,Hard,Gojowczyk P.,Isner J.,64,18.0,2.37,1.53,2.54,1.58,2.67,1.6
2018-02-21,Delray Beach Open,2nd Round,Hard,Johnson S.,Raonic M.,51,32.0,3.0,1.36,3.27,1.39,3.27,1.44
2018-02-21,Open 13,2nd Round,Hard,Benneteau J.,Bautista Agut R.,56,22.0,2.62,1.44,2.69,1.53,2.8,1.58
2018-02-21,Open 13,2nd Round,Hard,Pouille L.,Herbert P.H.,16,99.0,1.4,2.75,1.45,3.0,1.47,3.05
2018-02-21,Open 13,1st Round,Hard,Mahut N.,Tsitsipas S.,100,80.0,2.1,1.66,2.16,1.76,2.27,1.77
2018-02-21,Open 13,1st Round,Hard,Muller G.,Stakhovsky S.,28,118.0,1.44,2.62,1.47,2.85,1.52,2.9
2018-02-21,Open 13,1st Round,Hard,Zverev M.,Kavcic B.,53,109.0,1.36,3.0,1.41,3.1,1.42,3.23
2018-02-21,Delray Beach Open,2nd Round,Hard,Opelka R.,Sock J.,228,8.0,3.25,1.33,3.28,1.39,3.4,1.43
2018-02-21,Rio Open,2nd Round,Clay,Jarry N.,Ramos-Vinolas A.,94,19.0,3.0,1.36,2.91,1.47,3.07,1.49
2018-02-21,Rio Open,2nd Round,Clay,Schwartzman D.,Delbonis F.,23,63.0,1.36,3.0,1.45,2.97,1.46,3.15
2018-02-21,Rio Open,1st Round,Clay,Thiem D.,Lajovic D.,6,84.0,1.1,7.0,1.09,9.16,1.16,9.16
2018-02-21,Open 13,2nd Round,Hard,Dzumhur D.,Fabbiano T.,29,81.0,1.2,4.5,1.26,4.34,1.29,4.55
2018-02-22,Rio Open,2nd Round,Clay,Thiem D.,Andujar P.,6,1821.0,1.06,10.0,1.07,11.54,1.07,12.5
2018-02-22,Rio Open,2nd Round,Clay,Monfils G.,Cilic M.,39,3.0,3.0,1.36,2.82,1.49,3.0,1.49
2018-02-22,Rio Open,2nd Round,Clay,Fognini F.,Sandgren T.,21,60.0,1.22,4.0,1.29,4.05,1.29,4.25
2018-02-22,Rio Open,2nd Round,Clay,Cuevas P.,Elias G.,33,114.0,1.36,3.0,1.41,3.17,1.43,3.25
2018-02-22,Rio Open,2nd Round,Clay,Bedene A.,Carreno Busta P.,43,11.0,1.83,1.83,1.85,2.06,1.96,2.07
2018-02-22,Rio Open,2nd Round,Clay,Verdasco F.,Kicker N.,40,86.0,1.33,3.25,1.42,3.14,1.42,3.4
2018-02-22,Open 13,2nd Round,Hard,Khachanov K.,Zverev M.,47,53.0,,,,,1.56,2.75
2018-02-22,Delray Beach Open,2nd Round,Hard,Shapovalov D.,Donaldson J.,46,57.0,1.5,2.5,1.56,2.62,1.56,2.72
2018-02-22,Delray Beach Open,2nd Round,Hard,Chung H.,Skugor F.,30,303.0,1.11,6.5,1.13,7.05,1.15,7.5
2018-02-22,Open 13,2nd Round,Hard,Ivashka I.,Wawrinka S.,193,13.0,2.62,1.44,2.74,1.52,2.92,1.57
2018-02-22,Open 13,2nd Round,Hard,Berdych T.,Travaglia S.,17,129.0,1.12,6.0,1.15,6.35,1.17,6.66
2018-02-22,Open 13,2nd Round,Hard,Mahut N.,Muller G.,100,28.0,2.1,1.66,2.12,1.81,2.2,1.85
2018-02-22,Open 13,2nd Round,Hard,Krajinovic F.,Simon G.,36,66.0,2.25,1.57,2.31,1.69,2.4,1.87
2018-02-22,Delray Beach Open,2nd Round,Hard,Fritz T.,Youzhny M.,85,93.0,1.5,2.5,1.58,2.54,1.61,2.69
2018-02-23,Delray Beach Open,2nd Round,Hard,Tiafoe F.,Del Potro J.M.,91,10.0,4.33,1.2,4.42,1.25,4.7,1.26
2018-02-23,Delray Beach Open,Quarterfinals,Hard,Johnson S.,Donskoy E.,51,76.0,1.44,2.62,1.47,2.93,1.55,2.98
2018-02-23,Delray Beach Open,Quarterfinals,Hard,Gojowczyk P.,Opelka R.,64,228.0,1.5,2.5,1.56,2.65,1.62,2.7
2018-02-23,Delray Beach Open,Quarterfinals,Hard,Shapovalov D.,Fritz T.,46,85.0,1.61,2.25,1.73,2.26,1.73,2.34
2018-02-23,Rio Open,Quarterfinals,Clay,Jarry N.,Cuevas P.,94,33.0,2.75,1.44,2.74,1.53,2.85,1.57
2018-02-23,Rio Open,Quarterfinals,Clay,Verdasco F.,Thiem D.,40,6.0,4.0,1.25,4.3,1.27,4.5,1.29
2018-02-23,Open 13,Quarterfinals,Hard,Khachanov K.,Benneteau J.,47,56.0,1.66,2.2,1.72,2.27,1.75,2.31
2018-02-23,Open 13,Quarterfinals,Hard,Berdych T.,Dzumhur D.,17,29.0,1.3,3.5,1.35,3.55,1.36,3.65
2018-02-23,Open 13,Quarterfinals,Hard,Pouille L.,Krajinovic F.,16,36.0,1.44,2.75,1.4,3.28,1.45,3.3
2018-02-23,Open 13,Quarterfinals,Hard,Ivashka I.,Mahut N.,193,100.0,2.37,1.57,2.43,1.65,2.5,1.65
2018-02-23,Rio Open,Quarterfinals,Clay,Schwartzman D.,Monfils G.,23,39.0,1.8,2.0,1.85,2.08,1.92,2.1
2018-02-24,Rio Open,Quarterfinals,Clay,Fognini F.,Bedene A.,21,43.0,1.8,2.0,1.81,2.14,1.95,2.22
2018-02-24,Rio Open,Semifinals,Clay,Verdasco F.,Fognini F.,40,21.0,1.72,2.1,1.74,2.25,1.87,2.3
2018-02-24,Rio Open,Semifinals,Clay,Schwartzman D.,Jarry N.,23,94.0,1.28,3.75,1.29,4.05,1.32,4.22
2018-02-24,Open 13,Semifinals,Hard,Pouille L.,Ivashka I.,16,193.0,1.22,4.33,1.22,4.92,1.25,5.0
2018-02-24,Delray Beach Open,Quarterfinals,Hard,Tiafoe F.,Chung H.,91,30.0,3.25,1.36,3.28,1.4,3.8,1.45
2018-02-24,Delray Beach Open,Semifinals,Hard,Gojowczyk P.,Johnson S.,64,51.0,2.2,1.66,2.41,1.65,2.41,1.75
2018-02-24,Open 13,Semifinals,Hard,Khachanov K.,Berdych T.,47,17.0,2.2,1.66,2.26,1.73,2.27,1.77
2018-02-25,Delray Beach Open,Semifinals,Hard,Tiafoe F.,Shapovalov D.,91,46.0,2.5,1.53,2.59,1.58,2.61,1.67
2018-02-25,Delray Beach Open,The Final,Hard,Tiafoe F.,Gojowczyk P.,91,64.0,1.8,2.0,1.9,2.03,1.95,2.08
2018-02-25,Rio Open,The Final,Clay,Schwartzman D.,Verdasco F.,23,40.0,1.72,2.1,1.76,2.22,1.8,2.25
2018-02-25,Open 13,The Final,Hard,Khachanov K.,Pouille L.,47,16.0,2.0,1.8,2.04,1.88,2.1,1.97
2018-02-26,Brasil Open,1st Round,Clay,Domingues J.,Olivo R.,194,170.0,1.83,1.83,1.91,1.98,2.0,2.05
2018-02-26,Brasil Open,1st Round,Clay,Delbonis F.,Carballes Baena R.,65,79.0,1.61,2.2,1.56,2.57,1.67,2.6
2018-02-26,Brasil Open,1st Round,Clay,Garcia-Lopez G.,Melzer G.,67,109.0,1.61,2.2,1.72,2.23,1.75,2.3
2018-02-26,Dubai Tennis Championships,1st Round,Hard,Kohlschreiber P.,Sakharov G.,33,159.0,1.2,4.5,1.19,5.32,1.25,5.32
2018-02-26,Dubai Tennis Championships,1st Round,Hard,Tsitsipas S.,Kukushkin M.,82,88.0,1.53,2.37,1.6,2.47,1.69,2.47
2018-02-26,Dubai Tennis Championships,1st Round,Hard,Bautista Agut R.,Mayer F.,23,70.0,1.14,5.5,1.14,6.65,1.18,6.95
2018-02-26,Dubai Tennis Championships,1st Round,Hard,Haase R.,Halys Q.,43,115.0,1.4,2.75,1.47,2.85,1.56,3.02
2018-02-26,Dubai Tennis Championships,1st Round,Hard,Baghdatis M.,Troicki V.,112,66.0,1.72,2.0,1.74,2.21,1.85,2.21
2018-02-26,Brasil Open,1st Round,Clay,Mayer L.,Elias G.,49,102.0,1.44,2.62,1.41,3.13,1.5,3.13
2018-02-26,Abierto Mexicano,1st Round,Hard,Donaldson J.,Basilashvili N.,59,84.0,1.4,2.75,1.45,2.94,1.5,3.0
2018-02-26,Brasil Open,1st Round,Clay,Berlocq C.,Seyboth Wild T.,131,620.0,1.1,7.0,1.11,7.7,1.12,8.75
2018-02-26,Dubai Tennis Championships,1st Round,Hard,Paire B.,Nishioka Y.,46,179.0,1.5,2.5,1.47,2.87,1.61,2.98
2018-02-27,Dubai Tennis Championships,1st Round,Hard,Coric B.,Gasquet R.,50,37.0,2.25,1.57,2.25,1.71,3.0,1.71
2018-02-27,Dubai Tennis Championships,1st Round,Hard,Jaziri M.,Dimitrov G.,117,4.0,7.5,1.08,9.69,1.08,9.75,1.1
2018-02-27,Dubai Tennis Championships,1st Round,Hard,Herbert P.H.,Sousa J.,99,72.0,1.57,2.25,1.81,2.09,1.84,2.45
2018-02-27,Dubai Tennis Championships,1st Round,Hard,Krajinovic F.,Fabbiano T.,34,78.0,1.28,3.5,1.31,3.74,1.38,3.8
2018-02-27,Dubai Tennis Championships,1st Round,Hard,Pouille L.,Gulbis E.,15,195.0,1.4,2.75,1.44,3.0,1.51,3.02
2018-02-27,Dubai Tennis Championships,1st Round,Hard,Sugita Y.,Ivashka I.,42,147.0,1.4,2.75,1.63,2.4,1.72,2.93
2018-02-27,Dubai Tennis Championships,1st Round,Hard,Khachanov K.,Istomin D.,41,81.0,1.44,2.62,1.45,2.94,1.57,2.94
2018-02-27,Dubai Tennis Championships,1st Round,Hard,Struff J.L.,Haider-Maurer A.,56,417.0,1.1,7.0,1.07,10.44,1.1,11.75
2018-02-27,Dubai Tennis Championships,1st Round,Hard,Dzumhur D.,Maden Y.,30,138.0,1.5,2.5,1.43,3.01,1.57,3.01
2018-02-27,Brasil Open,1st Round,Clay,Kicker N.,Estrella Burgos V.,96,149.0,1.25,3.75,1.29,3.9,1.32,4.1
2018-02-27,Brasil Open,1st Round,Clay,Ofner S.,Cecchinato M.,143,103.0,2.5,1.5,2.67,1.53,2.7,1.6
2018-02-27,Brasil Open,1st Round,Clay,Dutra Silva R.,Sandgren T.,106,58.0,1.72,2.0,1.88,2.01,1.95,2.1
2018-02-27,Abierto Mexicano,1st Round,Hard,Harrison R.,Isner J.,60,19.0,2.25,1.57,2.24,1.71,2.41,1.73
2018-02-27,Abierto Mexicano,1st Round,Hard,Ferrer D.,Rublev A.,39,32.0,2.5,1.5,2.51,1.58,2.65,1.63
2018-02-27,Abierto Mexicano,1st Round,Hard,Anderson K.,Albot R.,8,86.0,1.14,5.5,1.17,5.62,1.2,6.05
2018-02-27,Abierto Mexicano,1st Round,Hard,Ebden M.,Querrey S.,87,11.0,4.0,1.22,4.3,1.26,4.58,1.29
2018-02-27,Abierto Mexicano,1st Round,Hard,Mannarino A.,Berankis R.,24,108.0,1.36,3.0,1.38,3.28,1.44,3.38
2018-02-27,Abierto Mexicano,1st Round,Hard,Shapovalov D.,Nishikori K.,45,26.0,2.62,1.44,2.85,1.47,2.98,1.53
2018-02-27,Brasil Open,1st Round,Clay,Pella G.,Moutet C.,57,135.0,1.28,3.5,1.32,3.66,1.38,3.75
2018-02-27,Brasil Open,1st Round,Clay,Zeballos H.,Bellucci T.,69,132.0,2.0,1.72,2.27,1.7,2.27,1.8
2018-02-27,Brasil Open,1st Round,Clay,Jarry N.,Lajovic D.,73,91.0,1.8,1.9,1.81,2.1,2.0,2.11
2018-02-27,Abierto Mexicano,1st Round,Hard,Chung H.,Young D.,29,89.0,1.28,3.5,1.24,4.44,1.31,4.44
2018-02-27,Dubai Tennis Championships,1st Round,Hard,Donskoy E.,Kavcic B.,74,116.0,1.3,3.4,1.4,3.18,1.43,3.6
2018-02-28,Brasil Open,2nd Round,Clay,Cuevas P.,Ofner S.,31,143.0,1.2,4.33,1.26,4.38,1.26,4.8
2018-02-28,Brasil Open,1st Round,Clay,Clezar G.,Monteiro T.,225,125.0,2.5,1.5,2.5,1.59,2.61,1.6
2018-02-28,Brasil Open,2nd Round,Clay,Mayer L.,Berlocq C.,49,131.0,1.4,2.75,1.4,3.22,1.41,3.5
2018-02-28,Dubai Tennis Championships,2nd Round,Hard,Bautista Agut R.,Herbert P.H.,23,99.0,1.28,3.5,1.27,4.22,1.32,4.3
2018-02-28,Dubai Tennis Championships,2nd Round,Hard,Coric B.,Paire B.,50,46.0,1.53,2.37,1.52,2.73,1.62,2.73
2018-02-28,Dubai Tennis Championships,2nd Round,Hard,Sugita Y.,Struff J.L.,42,56.0,1.83,1.83,2.09,1.83,2.11,1.96
2018-02-28,Dubai Tennis Championships,2nd Round,Hard,Pouille L.,Khachanov K.,15,41.0,1.83,1.83,2.16,1.78,2.18,1.95
2018-02-28,Dubai Tennis Championships,2nd Round,Hard,Donskoy E.,Dzumhur D.,74,30.0,2.25,1.57,2.52,1.59,2.58,1.67
2018-02-28,Dubai Tennis Championships,2nd Round,Hard,Tsitsipas S.,Kohlschreiber P.,82,33.0,2.37,1.53,2.4,1.65,2.53,1.69
2018-02-28,Dubai Tennis Championships,2nd Round,Hard,Jaziri M.,Haase R.,117,43.0,3.0,1.36,2.98,1.45,3.2,1.5
2018-02-28,Brasil Open,2nd Round,Clay,Garcia-Lopez G.,Delbonis F.,67,65.0,2.37,1.53,2.61,1.56,2.61,1.62
2018-02-28,Brasil Open,2nd Round,Clay,Fognini F.,Domingues J.,20,194.0,1.16,5.0,1.19,5.42,1.22,5.8
2018-02-28,Dubai Tennis Championships,2nd Round,Hard,Krajinovic F.,Baghdatis M.,34,112.0,1.66,2.1,1.79,2.15,1.8,2.18
2018-02-28,Abierto Mexicano,1st Round,Hard,Zverev A.,Mcdonald M.,5,140.0,,,,,1.06,9.4
2018-02-28,Abierto Mexicano,1st Round,Hard,Del Potro J.M.,Zverev M.,9,54.0,1.16,5.0,1.17,5.85,1.18,6.2
2018-02-28,Abierto Mexicano,1st Round,Hard,Escobedo E.,Sock J.,123,10.0,2.5,1.5,2.57,1.56,2.75,1.57
2018-02-28,Abierto Mexicano,1st Round,Hard,Kokkinakis T.,Bublik A.,199,142.0,1.66,2.1,1.75,2.19,1.79,2.3
2018-02-28,Abierto Mexicano,1st Round,Hard,Schwartzman D.,Verdasco F.,18,27.0,1.61,2.2,1.68,2.3,1.69,2.47
2018-02-28,Abierto Mexicano,1st Round,Hard,Lopez F.,Daniel T.,38,107.0,1.4,2.75,1.37,3.32,1.46,3.32
2018-02-28,Abierto Mexicano,1st Round,Hard,Thiem D.,Norrie C.,6,113.0,1.2,4.33,1.25,4.36,1.29,4.55
2018-02-28,Abierto Mexicano,1st Round,Hard,Gojowczyk P.,Gomez L.,51,828.0,1.05,11.0,1.09,9.16,1.09,11.3
2018-02-28,Abierto Mexicano,2nd Round,Hard,Chung H.,Escobedo E.,29,123.0,1.22,4.0,1.28,4.14,1.28,4.5
2018-02-28,Abierto Mexicano,2nd Round,Hard,Donaldson J.,Ebden M.,59,87.0,1.5,2.5,1.53,2.68,1.69,2.68
2018-02-28,Abierto Mexicano,2nd Round,Hard,Harrison R.,Schwartzman D.,60,18.0,2.37,1.53,2.56,1.58,2.61,1.61
2018-03-01,Brasil Open,2nd Round,Clay,Zeballos H.,Monfils G.,69,35.0,3.25,1.33,3.31,1.38,3.4,1.4
2018-03-01,Brasil Open,2nd Round,Clay,Ramos-Vinolas A.,Clezar G.,22,225.0,1.28,3.5,1.27,4.26,1.3,4.5
2018-03-01,Brasil Open,2nd Round,Clay,Jarry N.,Pella G.,73,57.0,2.5,1.5,2.66,1.54,2.75,1.58
2018-03-01,Abierto Mexicano,2nd Round,Hard,Zverev A.,Gojowczyk P.,5,51.0,1.28,3.5,1.28,4.06,1.33,4.15
2018-03-01,Abierto Mexicano,2nd Round,Hard,Thiem D.,Shapovalov D.,6,45.0,1.72,2.0,1.75,2.21,1.8,2.27
2018-03-01,Abierto Mexicano,2nd Round,Hard,Anderson K.,Mannarino A.,8,24.0,1.36,3.0,1.39,3.28,1.43,3.3
2018-03-01,Abierto Mexicano,Quarterfinals,Hard,Zverev A.,Harrison R.,5,60.0,1.28,3.75,1.32,3.79,1.33,3.95
2018-03-01,Abierto Mexicano,Quarterfinals,Hard,Donaldson J.,Lopez F.,59,38.0,1.8,2.0,1.93,2.0,1.95,2.1
2018-03-01,Abierto Mexicano,2nd Round,Hard,Del Potro J.M.,Ferrer D.,9,39.0,1.33,3.25,1.33,3.7,1.36,3.75
2018-03-01,Abierto Mexicano,2nd Round,Hard,Lopez F.,Kokkinakis T.,38,199.0,1.83,1.83,1.94,1.96,1.94,2.0
2018-03-01,Dubai Tennis Championships,Quarterfinals,Hard,Jaziri M.,Tsitsipas S.,117,82.0,2.5,1.53,2.65,1.56,2.68,1.67
2018-03-01,Dubai Tennis Championships,Quarterfinals,Hard,Pouille L.,Sugita Y.,15,42.0,1.44,2.75,1.47,2.95,1.49,3.05
2018-03-01,Dubai Tennis Championships,Quarterfinals,Hard,Bautista Agut R.,Coric B.,23,50.0,1.53,2.5,1.67,2.38,1.69,2.65
2018-03-01,Dubai Tennis Championships,Quarterfinals,Hard,Krajinovic F.,Donskoy E.,34,74.0,1.61,2.3,1.64,2.45,1.69,2.45
2018-03-02,Dubai Tennis Championships,Semifinals,Hard,Pouille L.,Krajinovic F.,15,34.0,1.57,2.37,1.66,2.4,1.69,2.4
2018-03-02,Dubai Tennis Championships,Semifinals,Hard,Bautista Agut R.,Jaziri M.,23,117.0,1.2,4.5,1.2,5.37,1.23,5.38
2018-03-02,Brasil Open,Quarterfinals,Clay,Cuevas P.,Mayer L.,31,49.0,1.72,2.1,1.81,2.15,1.83,2.19
2018-03-02,Brasil Open,Quarterfinals,Clay,Zeballos H.,Dutra Silva R.,69,106.0,1.8,2.0,1.88,2.05,1.92,2.05
2018-03-02,Abierto Mexicano,Quarterfinals,Hard,Anderson K.,Chung H.,8,29.0,1.72,2.1,1.74,2.26,1.85,2.26
2018-03-02,Abierto Mexicano,Quarterfinals,Hard,Del Potro J.M.,Thiem D.,9,6.0,1.8,2.0,1.77,2.2,2.0,2.2
2018-03-02,Brasil Open,2nd Round,Clay,Dutra Silva R.,Kicker N.,106,96.0,1.83,1.83,1.84,2.08,1.91,2.14
2018-03-02,Brasil Open,Quarterfinals,Clay,Jarry N.,Ramos-Vinolas A.,73,22.0,2.37,1.57,2.3,1.71,2.44,1.71
2018-03-02,Brasil Open,Quarterfinals,Clay,Fognini F.,Garcia-Lopez G.,20,67.0,1.44,2.75,1.48,2.92,1.51,3.0
2018-03-03,Brasil Open,Semifinals,Clay,Fognini F.,Cuevas P.,20,31.0,1.66,2.2,1.75,2.24,1.77,2.27
2018-03-03,Brasil Open,Semifinals,Clay,Jarry N.,Zeballos H.,73,69.0,1.9,1.9,1.85,2.09,1.91,2.09
2018-03-03,Abierto Mexicano,Semifinals,Hard,Del Potro J.M.,Zverev A.,9,5.0,1.9,1.9,1.98,1.94,2.05,2.0
2018-03-03,Dubai Tennis Championships,The Final,Hard,Bautista Agut R.,Pouille L.,23,15.0,1.66,2.2,1.65,2.43,1.7,2.47
2018-03-03,Abierto Mexicano,Semifinals,Hard,Anderson K.,Donaldson J.,8,59.0,1.3,3.5,1.34,3.63,1.36,3.75
2018-03-04,Brasil Open,The Final,Clay,Fognini F.,Jarry N.,20,73.0,1.36,3.25,1.38,3.38,1.43,3.5
2018-03-04,Abierto Mexicano,The Final,Hard,Del Potro J.M.,Anderson K.,9,8.0,1.5,2.62,1.52,2.75,1.54,3.1
2018-03-08,BNP Paribas Open,1st Round,Hard,Coric B.,Young D.,49,99.0,1.33,3.25,1.38,3.32,1.4,3.4
2018-03-08,BNP Paribas Open,1st Round,Hard,Lajovic D.,Lacko L.,91,103.0,1.66,2.1,1.75,2.2,1.8,2.27
2018-03-08,BNP Paribas Open,1st Round,Hard,Tsitsipas S.,Albot R.,71,88.0,1.36,3.0,1.45,2.97,1.45,3.05
2018-03-08,BNP Paribas Open,1st Round,Hard,Medvedev D.,Johnson S.,57,52.0,1.9,1.8,2.09,1.83,2.16,1.85
2018-03-08,BNP Paribas Open,1st Round,Hard,Marterer M.,Karlovic I.,73,80.0,1.83,1.83,1.98,1.93,2.0,1.97
2018-03-08,BNP Paribas Open,1st Round,Hard,Fritz T.,Opelka R.,74,199.0,1.36,3.0,1.39,3.27,1.4,3.35
2018-03-08,BNP Paribas Open,1st Round,Hard,Chardy J.,Benneteau J.,100,58.0,2.37,1.53,2.44,1.63,2.52,1.7
2018-03-08,BNP Paribas Open,1st Round,Hard,Zeballos H.,Sugita Y.,66,40.0,2.75,1.4,2.95,1.46,3.0,1.46
2018-03-09,BNP Paribas Open,1st Round,Hard,Daniel T.,Norrie C.,109,111.0,2.75,1.4,2.83,1.49,2.95,1.49
2018-03-09,BNP Paribas Open,1st Round,Hard,Fucsovics M.,Troicki V.,65,68.0,1.61,2.2,1.73,2.24,1.75,2.32
2018-03-09,BNP Paribas Open,1st Round,Hard,Herbert P.H.,Simon G.,93,70.0,2.25,1.57,2.37,1.66,2.37,1.72
2018-03-09,BNP Paribas Open,1st Round,Hard,Bhambri Y.,Mahut N.,110,101.0,1.83,1.83,2.0,1.91,2.05,1.92
2018-03-09,BNP Paribas Open,1st Round,Hard,Escobedo E.,Tiafoe F.,117,64.0,2.62,1.44,3.1,1.43,3.13,1.5
2018-03-09,BNP Paribas Open,1st Round,Hard,Monfils G.,Ebden M.,42,78.0,1.18,4.5,1.24,4.54,1.24,4.7
2018-03-09,BNP Paribas Open,1st Round,Hard,Baghdatis M.,Nishioka Y.,102,255.0,1.22,4.0,1.3,3.88,1.3,4.2
2018-03-09,BNP Paribas Open,1st Round,Hard,Sousa J.,Youzhny M.,85,95.0,1.53,2.37,1.64,2.42,1.64,2.54
2018-03-09,BNP Paribas Open,1st Round,Hard,Kicker N.,Vesely J.,94,63.0,2.25,1.57,2.54,1.58,2.55,1.66
2018-03-09,BNP Paribas Open,1st Round,Hard,Donaldson J.,King E.,48,200.0,1.22,4.0,1.26,4.38,1.29,4.45
2018-03-09,BNP Paribas Open,1st Round,Hard,Krueger M.,Paire B.,231,46.0,2.37,1.53,2.5,1.6,2.6,1.65
2018-03-09,BNP Paribas Open,1st Round,Hard,Delbonis F.,Harrison R.,67,54.0,3.25,1.33,3.69,1.33,3.75,1.36
2018-03-09,BNP Paribas Open,1st Round,Hard,Shapovalov D.,Berankis R.,44,106.0,1.36,3.0,1.4,3.2,1.4,3.32
2018-03-09,BNP Paribas Open,1st Round,Hard,Polansky P.,Copil M.,134,81.0,2.2,1.61,2.41,1.64,2.41,1.7
2018-03-09,BNP Paribas Open,1st Round,Hard,Verdasco F.,Pella G.,39,60.0,1.57,2.25,1.58,2.54,1.66,2.55
2018-03-09,BNP Paribas Open,1st Round,Hard,Donskoy E.,Khachanov K.,76,41.0,3.5,1.28,3.78,1.32,3.9,1.33
2018-03-10,BNP Paribas Open,2nd Round,Hard,Thiem D.,Tsitsipas S.,6,71.0,1.28,3.5,1.31,3.85,1.34,3.98
2018-03-10,BNP Paribas Open,2nd Round,Hard,Medvedev D.,Berrettini M.,57,108.0,1.4,2.75,1.47,2.93,1.53,3.13
2018-03-10,BNP Paribas Open,2nd Round,Hard,Fritz T.,Rublev A.,74,31.0,2.5,1.5,2.51,1.6,2.61,1.65
2018-03-10,BNP Paribas Open,2nd Round,Hard,Kicker N.,Dzumhur D.,94,30.0,3.5,1.28,3.44,1.36,3.64,1.38
2018-03-10,BNP Paribas Open,2nd Round,Hard,Chardy J.,Fognini F.,100,19.0,2.75,1.4,2.8,1.5,2.9,1.5
2018-03-10,BNP Paribas Open,2nd Round,Hard,Anderson K.,Donskoy E.,9,76.0,1.16,5.0,1.22,4.93,1.22,5.4
2018-03-10,BNP Paribas Open,2nd Round,Hard,Cuevas P.,Shapovalov D.,34,44.0,2.62,1.44,2.99,1.45,3.05,1.5
2018-03-10,BNP Paribas Open,2nd Round,Hard,Berdych T.,Marterer M.,15,73.0,1.33,3.25,1.34,3.6,1.37,3.6
2018-03-10,BNP Paribas Open,1st Round,Hard,De Minaur A.,Struff J.L.,141,56.0,1.9,1.8,1.88,2.02,2.0,2.03
2018-03-10,BNP Paribas Open,1st Round,Hard,Fabbiano T.,Klahn B.,77,166.0,1.83,1.83,1.88,2.02,1.89,2.06
2018-03-10,BNP Paribas Open,1st Round,Hard,Smyczek T.,Djere L.,126,90.0,1.36,3.0,1.34,3.61,1.38,3.65
2018-03-10,BNP Paribas Open,1st Round,Hard,Auger-Aliassime F.,Pospisil V.,169,75.0,2.75,1.4,2.8,1.5,2.85,1.55
2018-03-10,BNP Paribas Open,1st Round,Hard,Mayer L.,Estrella Burgos V.,47,153.0,1.14,5.5,1.15,6.41,1.18,6.85
2018-03-10,BNP Paribas Open,1st Round,Hard,Sandgren T.,Basilashvili N.,59,83.0,1.53,2.37,1.56,2.61,1.61,2.66
2018-03-10,BNP Paribas Open,1st Round,Hard,Sela D.,Gojowczyk P.,97,50.0,2.75,1.4,3.06,1.43,3.15,1.46
2018-03-10,BNP Paribas Open,1st Round,Hard,Zverev M.,Kukushkin M.,53,89.0,2.0,1.72,1.96,1.94,2.1,1.95
2018-03-11,BNP Paribas Open,2nd Round,Hard,Ferrer D.,Sandgren T.,33,59.0,1.5,2.5,1.63,2.44,1.63,2.6
2018-03-11,BNP Paribas Open,2nd Round,Hard,Querrey S.,Zverev M.,21,53.0,1.2,4.33,1.26,4.38,1.28,4.65
2018-03-11,BNP Paribas Open,2nd Round,Hard,Federer R.,Delbonis F.,1,67.0,1.02,17.0,1.03,20.5,1.03,21.0
2018-03-11,BNP Paribas Open,2nd Round,Hard,Mayer L.,Bemelmans R.,47,113.0,,,,,1.68,2.55
2018-03-11,BNP Paribas Open,2nd Round,Hard,Bhambri Y.,Pouille L.,110,12.0,3.25,1.33,3.41,1.37,3.7,1.4
2018-03-11,BNP Paribas Open,2nd Round,Hard,Lopez F.,Escobedo E.,32,117.0,1.83,1.83,1.85,2.06,1.93,2.06
2018-03-11,BNP Paribas Open,2nd Round,Hard,Daniel T.,Djokovic N.,109,13.0,7.0,1.1,8.3,1.11,8.3,1.14
2018-03-11,BNP Paribas Open,2nd Round,Hard,Sela D.,Edmund K.,97,24.0,3.5,1.28,3.64,1.33,3.8,1.36
2018-03-11,BNP Paribas Open,2nd Round,Hard,Kohlschreiber P.,Smyczek T.,37,126.0,1.33,3.25,1.38,3.33,1.43,3.35
2018-03-11,BNP Paribas Open,2nd Round,Hard,Herbert P.H.,Muller G.,93,27.0,2.0,1.72,2.11,1.81,2.11,1.91
2018-03-11,BNP Paribas Open,2nd Round,Hard,Chung H.,Lajovic D.,26,91.0,1.2,4.33,1.25,4.48,1.26,4.48
2018-03-11,BNP Paribas Open,2nd Round,Hard,Coric B.,Ramos-Vinolas A.,49,22.0,1.4,2.75,1.45,2.97,1.5,3.0
2018-03-11,BNP Paribas Open,2nd Round,Hard,Krajinovic F.,Krueger M.,28,231.0,1.22,4.0,1.26,4.39,1.27,4.6
2018-03-11,BNP Paribas Open,2nd Round,Hard,Verdasco F.,Dimitrov G.,39,4.0,2.75,1.4,3.11,1.42,3.11,1.53
2018-03-11,BNP Paribas Open,2nd Round,Hard,Carreno Busta P.,Zeballos H.,14,66.0,1.36,3.0,1.43,3.05,1.43,3.25
2018-03-11,BNP Paribas Open,2nd Round,Hard,Mannarino A.,Polansky P.,23,134.0,1.25,3.75,1.26,4.37,1.3,4.37
2018-03-11,BNP Paribas Open,2nd Round,Hard,Bautista Agut R.,Donaldson J.,16,48.0,1.4,2.75,1.45,2.97,1.5,3.0
2018-03-11,BNP Paribas Open,2nd Round,Hard,Monfils G.,Isner J.,42,18.0,1.57,2.25,1.77,2.18,1.77,2.3
2018-03-12,BNP Paribas Open,2nd Round,Hard,Baghdatis M.,Schwartzman D.,102,17.0,2.5,1.5,2.58,1.57,2.8,1.57
2018-03-12,BNP Paribas Open,3rd Round,Hard,Coric B.,Bautista Agut R.,49,16.0,2.37,1.53,2.58,1.58,2.61,1.61
2018-03-12,BNP Paribas Open,3rd Round,Hard,Carreno Busta P.,Medvedev D.,14,57.0,1.72,2.0,1.92,2.01,1.92,2.14
2018-03-12,BNP Paribas Open,3rd Round,Hard,Federer R.,Krajinovic F.,1,28.0,1.07,8.0,1.09,9.65,1.1,12.0
2018-03-12,BNP Paribas Open,3rd Round,Hard,Chardy J.,Mannarino A.,100,23.0,2.5,1.5,2.72,1.53,2.75,1.6
2018-03-12,BNP Paribas Open,2nd Round,Hard,Raonic M.,Auger-Aliassime F.,38,169.0,1.3,3.4,1.33,3.65,1.38,3.65
2018-03-12,BNP Paribas Open,2nd Round,Hard,Del Potro J.M.,De Minaur A.,8,141.0,1.14,5.5,1.16,6.25,1.17,6.25
2018-03-12,BNP Paribas Open,2nd Round,Hard,Sock J.,Fabbiano T.,10,77.0,1.25,3.75,1.31,3.85,1.31,3.9
2018-03-12,BNP Paribas Open,3rd Round,Hard,Fritz T.,Verdasco F.,74,39.0,2.37,1.53,2.49,1.62,2.55,1.62
2018-03-12,BNP Paribas Open,2nd Round,Hard,Cilic M.,Fucsovics M.,3,65.0,1.22,4.0,1.27,4.18,1.27,5.0
2018-03-12,BNP Paribas Open,2nd Round,Hard,Sousa J.,Zverev A.,85,5.0,5.0,1.16,5.8,1.17,5.8,1.21
2018-03-13,BNP Paribas Open,3rd Round,Hard,Raonic M.,Sousa J.,38,85.0,1.28,3.5,1.33,3.71,1.4,3.75
2018-03-13,BNP Paribas Open,3rd Round,Hard,Del Potro J.M.,Ferrer D.,8,33.0,1.14,5.5,1.21,5.21,1.21,5.85
2018-03-13,BNP Paribas Open,3rd Round,Hard,Querrey S.,Bhambri Y.,21,110.0,1.36,3.0,1.39,3.33,1.42,3.33
2018-03-13,BNP Paribas Open,3rd Round,Hard,Mayer L.,Daniel T.,47,109.0,1.44,2.62,1.46,2.99,1.5,2.99
2018-03-13,BNP Paribas Open,3rd Round,Hard,Anderson K.,Kicker N.,9,94.0,1.08,8.0,1.09,9.71,1.11,11.0
2018-03-13,BNP Paribas Open,3rd Round,Hard,Herbert P.H.,Monfils G.,93,42.0,3.5,1.28,3.45,1.37,3.7,1.37
2018-03-13,BNP Paribas Open,3rd Round,Hard,Chung H.,Berdych T.,26,15.0,2.1,1.66,2.35,1.68,2.35,1.8
2018-03-13,BNP Paribas Open,3rd Round,Hard,Cuevas P.,Thiem D.,34,6.0,4.0,1.22,4.4,1.26,4.6,1.28
2018-03-13,BNP Paribas Open,3rd Round,Hard,Kohlschreiber P.,Cilic M.,37,3.0,4.33,1.2,4.35,1.27,4.6,1.27
2018-03-14,BNP Paribas Open,3rd Round,Hard,Baghdatis M.,Sela D.,102,97.0,1.4,2.75,1.41,3.2,1.56,3.2
2018-03-14,BNP Paribas Open,3rd Round,Hard,Lopez F.,Sock J.,32,10.0,2.5,1.5,2.58,1.58,2.65,1.61
2018-03-14,BNP Paribas Open,4th Round,Hard,Coric B.,Fritz T.,49,74.0,1.4,3.0,1.44,3.07,1.49,3.16
2018-03-14,BNP Paribas Open,4th Round,Hard,Chung H.,Cuevas P.,26,34.0,1.3,3.5,1.34,3.62,1.38,3.72
2018-03-14,BNP Paribas Open,4th Round,Hard,Kohlschreiber P.,Herbert P.H.,37,93.0,1.44,2.75,1.53,2.72,1.56,2.8
2018-03-14,BNP Paribas Open,4th Round,Hard,Anderson K.,Carreno Busta P.,9,14.0,1.36,3.25,1.34,3.67,1.4,3.76
2018-03-14,BNP Paribas Open,4th Round,Hard,Federer R.,Chardy J.,1,100.0,1.03,15.0,1.04,17.24,1.06,17.24
2018-03-15,BNP Paribas Open,Quarterfinals,Hard,Coric B.,Anderson K.,49,9.0,2.62,1.5,2.56,1.59,2.67,1.65
2018-03-15,BNP Paribas Open,4th Round,Hard,Del Potro J.M.,Mayer L.,8,47.0,1.1,7.0,1.13,7.29,1.16,7.5
2018-03-15,BNP Paribas Open,4th Round,Hard,Querrey S.,Lopez F.,21,32.0,1.44,2.75,1.51,2.81,1.54,2.9
2018-03-15,BNP Paribas Open,4th Round,Hard,Raonic M.,Baghdatis M.,38,102.0,1.44,2.75,1.46,2.98,1.5,3.05
2018-03-16,BNP Paribas Open,Quarterfinals,Hard,Del Potro J.M.,Kohlschreiber P.,8,37.0,1.25,4.0,1.26,4.39,1.28,4.45
2018-03-16,BNP Paribas Open,Quarterfinals,Hard,Raonic M.,Querrey S.,38,21.0,2.1,1.72,2.1,1.84,2.15,1.87
2018-03-16,BNP Paribas Open,Quarterfinals,Hard,Federer R.,Chung H.,1,26.0,1.14,5.5,1.14,7.12,1.17,7.4
2018-03-17,BNP Paribas Open,Semifinals,Hard,Federer R.,Coric B.,1,49.0,1.07,9.0,1.08,10.98,1.1,11.5
2018-03-17,BNP Paribas Open,Semifinals,Hard,Del Potro J.M.,Raonic M.,8,38.0,1.44,2.75,1.47,2.94,1.5,3.02
2018-03-18,BNP Paribas Open,The Final,Hard,Del Potro J.M.,Federer R.,8,1.0,3.4,1.33,3.48,1.37,3.5,1.4
2018-03-21,Sony Ericsson Open,1st Round,Hard,Youzhny M.,Pella G.,102,61.0,2.62,1.44,2.5,1.6,2.85,1.6
2018-03-21,Sony Ericsson Open,1st Round,Hard,Pospisil V.,Karlovic I.,77,79.0,2.0,1.72,1.99,1.92,2.05,2.0
2018-03-21,Sony Ericsson Open,1st Round,Hard,Broady L.,Fratangelo B.,169,109.0,2.37,1.53,2.37,1.66,2.47,1.66
2018-03-21,Sony Ericsson Open,1st Round,Hard,Chardy J.,Dutra Silva R.,90,115.0,1.25,3.75,1.32,3.77,1.33,3.95
2018-03-21,Sony Ericsson Open,1st Round,Hard,Paire B.,Zverev M.,47,55.0,1.72,2.0,1.81,2.12,1.83,2.32
2018-03-21,Sony Ericsson Open,1st Round,Hard,Jarry N.,Norrie C.,65,105.0,2.37,1.53,2.58,1.57,2.6,1.63
2018-03-21,Sony Ericsson Open,1st Round,Hard,Donaldson J.,Baghdatis M.,49,82.0,1.72,2.0,1.87,2.04,1.87,2.15
2018-03-21,Sony Ericsson Open,1st Round,Hard,Mmoh M.,Eubanks C.,176,284.0,1.4,2.75,1.42,3.12,1.45,3.12
2018-03-21,Sony Ericsson Open,1st Round,Hard,Ymer M.,Struff J.L.,407,56.0,4.0,1.22,4.26,1.27,4.4,1.28
2018-03-21,Sony Ericsson Open,1st Round,Hard,Ebden M.,Simon G.,76,72.0,3.0,1.36,2.95,1.46,3.1,1.47
2018-03-21,Sony Ericsson Open,1st Round,Hard,Herbert P.H.,Fritz T.,81,71.0,2.37,1.53,2.39,1.65,2.5,1.65
2018-03-21,Sony Ericsson Open,1st Round,Hard,Marterer M.,Fucsovics M.,73,60.0,2.1,1.66,2.2,1.75,2.3,1.79
2018-03-21,Sony Ericsson Open,1st Round,Hard,Vesely J.,Lacko L.,64,104.0,1.72,2.0,1.87,2.04,1.87,2.15
2018-03-21,Sony Ericsson Open,1st Round,Hard,Sousa J.,Harrison R.,80,53.0,1.9,1.8,2.27,1.71,2.27,1.83
2018-03-21,Sony Ericsson Open,1st Round,Hard,Haase R.,Sugita Y.,44,43.0,1.83,1.83,1.87,2.04,1.91,2.13
2018-03-21,Sony Ericsson Open,1st Round,Hard,Millman J.,Gojowczyk P.,96,50.0,1.57,2.25,1.67,2.36,1.7,2.46
2018-03-22,Sony Ericsson Open,1st Round,Hard,Istomin D.,Kecmanovic M.,85,179.0,1.72,2.0,1.83,2.09,1.85,2.1
2018-03-22,Sony Ericsson Open,1st Round,Hard,Copil M.,Kukushkin M.,84,83.0,2.25,1.57,2.27,1.71,2.45,1.72
2018-03-22,Sony Ericsson Open,1st Round,Hard,Kokkinakis T.,Hemery C.,175,150.0,1.36,3.0,1.32,3.73,1.36,3.85
2018-03-22,Sony Ericsson Open,1st Round,Hard,Albot R.,Berankis R.,93,103.0,2.1,1.66,2.3,1.69,2.3,1.74
2018-03-22,Sony Ericsson Open,1st Round,Hard,Johnson S.,Estrella Burgos V.,54,152.0,1.1,7.0,1.1,8.67,1.12,9.5
2018-03-22,Sony Ericsson Open,1st Round,Hard,Bhambri Y.,Basic M.,107,75.0,1.44,2.62,1.5,2.8,1.55,2.85
2018-03-22,Sony Ericsson Open,1st Round,Hard,Lajovic D.,Zeballos H.,108,66.0,1.8,1.9,1.87,2.04,1.93,2.05
2018-03-22,Sony Ericsson Open,1st Round,Hard,Medvedev D.,Tsitsipas S.,52,70.0,1.72,2.0,1.84,2.08,1.85,2.14
2018-03-22,Sony Ericsson Open,1st Round,Hard,Donskoy E.,Bedene A.,88,48.0,2.25,1.57,2.4,1.65,2.45,1.66
2018-03-22,Sony Ericsson Open,1st Round,Hard,Basilashvili N.,Fabbiano T.,89,86.0,2.5,1.5,2.51,1.6,2.55,1.64
2018-03-22,Sony Ericsson Open,1st Round,Hard,Mayer L.,Young D.,45,110.0,1.4,2.75,1.45,3.0,1.51,3.1
2018-03-22,Sony Ericsson Open,1st Round,Hard,Kuhn N.,King D.,211,172.0,2.5,1.5,2.71,1.53,2.71,1.56
2018-03-22,Sony Ericsson Open,1st Round,Hard,Nishioka Y.,De Minaur A.,374,130.0,2.75,1.4,2.58,1.57,2.9,1.57
2018-03-22,Sony Ericsson Open,1st Round,Hard,Shapovalov D.,Troicki V.,46,68.0,1.4,2.75,1.38,3.33,1.55,3.5
2018-03-22,Sony Ericsson Open,1st Round,Hard,Garcia-Lopez G.,Sandgren T.,69,58.0,2.2,1.61,2.19,1.76,2.25,1.77
2018-03-23,Sony Ericsson Open,2nd Round,Hard,Nishikori K.,Millman J.,33,96.0,1.44,2.62,1.51,2.78,1.51,2.85
2018-03-23,Sony Ericsson Open,2nd Round,Hard,Youzhny M.,Muller G.,102,28.0,2.1,1.66,2.34,1.68,2.5,1.74
2018-03-23,Sony Ericsson Open,2nd Round,Hard,Chung H.,Ebden M.,23,76.0,1.16,5.0,1.15,6.41,1.18,6.65
2018-03-23,Sony Ericsson Open,2nd Round,Hard,Donaldson J.,Lopez F.,49,32.0,1.53,2.37,1.65,2.39,1.65,2.5
2018-03-23,Sony Ericsson Open,2nd Round,Hard,Pospisil V.,Rublev A.,77,34.0,2.62,1.44,2.84,1.49,2.84,1.53
2018-03-23,Sony Ericsson Open,2nd Round,Hard,Paire B.,Djokovic N.,47,12.0,4.33,1.2,4.85,1.22,4.9,1.25
2018-03-23,Sony Ericsson Open,2nd Round,Hard,Chardy J.,Gasquet R.,90,37.0,1.72,2.0,1.94,1.96,1.95,2.1
2018-03-23,Sony Ericsson Open,2nd Round,Hard,Isner J.,Vesely J.,17,64.0,1.36,3.0,1.33,3.64,1.4,3.64
2018-03-23,Sony Ericsson Open,2nd Round,Hard,Raonic M.,Ymer M.,25,407.0,1.12,6.0,1.17,5.98,1.17,6.5
2018-03-23,Sony Ericsson Open,2nd Round,Hard,Schwartzman D.,Jarry N.,16,65.0,1.33,3.25,1.3,3.88,1.36,4.0
2018-03-23,Sony Ericsson Open,2nd Round,Hard,Krajinovic F.,Broady L.,27,169.0,1.25,3.75,1.24,4.65,1.28,4.8
2018-03-23,Sony Ericsson Open,2nd Round,Hard,Mmoh M.,Bautista Agut R.,176,15.0,5.5,1.14,6.55,1.15,7.0,1.18
2018-03-23,Sony Ericsson Open,2nd Round,Hard,Sousa J.,Goffin D.,80,9.0,3.5,1.28,3.92,1.3,4.05,1.33
2018-03-23,Sony Ericsson Open,1st Round,Hard,Tiafoe F.,Kicker N.,63,87.0,1.28,3.5,1.29,4.03,1.3,4.2
2018-03-23,Sony Ericsson Open,2nd Round,Hard,Cilic M.,Herbert P.H.,3,81.0,1.18,4.5,1.21,5.0,1.22,5.25
2018-03-24,Sony Ericsson Open,2nd Round,Hard,Querrey S.,Albot R.,14,93.0,1.18,4.5,1.21,5.0,1.22,5.4
2018-03-24,Sony Ericsson Open,2nd Round,Hard,Carreno Busta P.,Istomin D.,19,85.0,1.36,3.0,1.42,3.11,1.43,3.2
2018-03-24,Sony Ericsson Open,2nd Round,Hard,Sock J.,Bhambri Y.,11,107.0,1.61,2.2,1.62,2.45,1.7,2.5
2018-03-24,Sony Ericsson Open,2nd Round,Hard,Johnson S.,Mannarino A.,54,22.0,1.72,2.0,1.93,1.97,1.96,2.05
2018-03-24,Sony Ericsson Open,2nd Round,Hard,Anderson K.,Basilashvili N.,8,89.0,1.1,7.0,1.11,8.1,1.13,8.1
2018-03-24,Sony Ericsson Open,2nd Round,Hard,Fognini F.,Kuhn N.,18,211.0,1.18,4.5,1.21,5.03,1.23,5.25
2018-03-24,Sony Ericsson Open,2nd Round,Hard,Kokkinakis T.,Federer R.,175,1.0,8.0,1.08,10.43,1.08,11.25,1.1
2018-03-24,Sony Ericsson Open,2nd Round,Hard,Verdasco F.,Garcia-Lopez G.,39,69.0,1.33,3.25,1.36,3.46,1.39,3.55
2018-03-24,Sony Ericsson Open,2nd Round,Hard,Berdych T.,Nishioka Y.,13,374.0,1.25,3.75,1.25,4.45,1.29,4.45
2018-03-24,Sony Ericsson Open,2nd Round,Hard,Ferrer D.,Donskoy E.,35,88.0,1.44,2.62,1.52,2.73,1.55,2.8
2018-03-24,Sony Ericsson Open,2nd Round,Hard,Tiafoe F.,Edmund K.,63,26.0,1.72,2.0,1.81,2.11,1.92,2.11
2018-03-24,Sony Ericsson Open,2nd Round,Hard,Zverev A.,Medvedev D.,5,52.0,1.36,3.0,1.35,3.52,1.41,3.52
2018-03-24,Sony Ericsson Open,2nd Round,Hard,Shapovalov D.,Dzumhur D.,46,30.0,1.5,2.5,1.56,2.6,1.59,2.78
2018-03-24,Sony Ericsson Open,2nd Round,Hard,Coric B.,Mayer L.,36,45.0,1.4,2.75,1.48,2.86,1.5,2.94
2018-03-24,Sony Ericsson Open,2nd Round,Hard,Dimitrov G.,Marterer M.,4,73.0,1.3,3.4,1.34,3.6,1.36,3.72
2018-03-24,Sony Ericsson Open,2nd Round,Hard,Del Potro J.M.,Haase R.,6,44.0,1.16,5.0,1.18,5.54,1.22,5.8
2018-03-24,Sony Ericsson Open,2nd Round,Hard,Khachanov K.,Copil M.,41,84.0,1.3,3.4,1.35,3.54,1.39,3.56
2018-03-25,Sony Ericsson Open,3rd Round,Hard,Chung H.,Mmoh M.,23,176.0,1.1,7.0,1.13,7.29,1.17,7.75
2018-03-25,Sony Ericsson Open,2nd Round,Hard,Kyrgios N.,Lajovic D.,20,108.0,1.28,3.5,1.31,3.84,1.34,4.0
2018-03-25,Sony Ericsson Open,3rd Round,Hard,Sousa J.,Donaldson J.,80,49.0,2.25,1.57,2.27,1.72,2.34,1.75
2018-03-25,Sony Ericsson Open,3rd Round,Hard,Krajinovic F.,Paire B.,27,47.0,1.57,2.25,1.65,2.41,1.7,2.45
2018-03-25,Sony Ericsson Open,3rd Round,Hard,Cilic M.,Pospisil V.,3,77.0,1.14,5.5,1.18,5.88,1.18,5.88
2018-03-25,Sony Ericsson Open,3rd Round,Hard,Del Potro J.M.,Nishikori K.,6,33.0,1.33,3.25,1.41,3.23,1.44,3.5
2018-03-25,Sony Ericsson Open,3rd Round,Hard,Chardy J.,Dimitrov G.,90,4.0,3.25,1.33,3.73,1.33,3.9,1.38
2018-03-25,Sony Ericsson Open,3rd Round,Hard,Isner J.,Youzhny M.,17,102.0,1.4,2.75,1.44,3.06,1.49,3.13
2018-03-26,Sony Ericsson Open,3rd Round,Hard,Kyrgios N.,Fognini F.,20,18.0,1.4,2.75,1.4,3.26,1.44,3.35
2018-03-26,Sony Ericsson Open,3rd Round,Hard,Anderson K.,Khachanov K.,8,41.0,1.44,2.62,1.54,2.69,1.57,2.8
2018-03-26,Sony Ericsson Open,3rd Round,Hard,Shapovalov D.,Querrey S.,46,14.0,2.1,1.66,2.2,1.77,2.2,1.82
2018-03-26,Sony Ericsson Open,3rd Round,Hard,Raonic M.,Schwartzman D.,25,16.0,1.61,2.2,1.65,2.43,1.68,2.45
2018-03-26,Sony Ericsson Open,3rd Round,Hard,Carreno Busta P.,Johnson S.,19,54.0,1.66,2.1,1.83,2.12,1.85,2.2
2018-03-26,Sony Ericsson Open,3rd Round,Hard,Verdasco F.,Kokkinakis T.,39,175.0,1.57,2.25,1.66,2.4,1.71,2.43
2018-03-27,Sony Ericsson Open,4th Round,Hard,Anderson K.,Tiafoe F.,8,63.0,1.36,3.25,1.35,3.61,1.4,3.8
2018-03-27,Sony Ericsson Open,3rd Round,Hard,Coric B.,Sock J.,36,11.0,1.57,2.25,1.67,2.38,1.72,2.5
2018-03-27,Sony Ericsson Open,3rd Round,Hard,Zverev A.,Ferrer D.,5,35.0,1.57,2.25,1.56,2.65,1.62,2.65
2018-03-27,Sony Ericsson Open,3rd Round,Hard,Tiafoe F.,Berdych T.,63,13.0,3.0,1.36,3.24,1.41,3.35,1.42
2018-03-27,Sony Ericsson Open,4th Round,Hard,Isner J.,Cilic M.,17,3.0,3.0,1.4,3.32,1.39,3.4,1.41
2018-03-27,Sony Ericsson Open,4th Round,Hard,Chung H.,Sousa J.,23,80.0,1.16,5.0,1.24,4.72,1.24,5.0
2018-03-27,Sony Ericsson Open,4th Round,Hard,Raonic M.,Chardy J.,25,90.0,1.4,3.0,1.42,3.19,1.45,3.3
2018-03-27,Sony Ericsson Open,4th Round,Hard,Del Potro J.M.,Krajinovic F.,6,27.0,1.2,4.5,1.23,4.88,1.24,5.1
2018-03-27,Sony Ericsson Open,4th Round,Hard,Carreno Busta P.,Verdasco F.,19,39.0,1.72,2.1,1.81,2.14,1.83,2.22
2018-03-27,Sony Ericsson Open,4th Round,Hard,Coric B.,Shapovalov D.,36,46.0,1.53,2.5,1.59,2.56,1.62,2.67
2018-03-28,Sony Ericsson Open,Quarterfinals,Hard,Isner J.,Chung H.,17,23.0,2.5,1.53,2.5,1.61,2.62,1.63
2018-03-28,Sony Ericsson Open,4th Round,Hard,Zverev A.,Kyrgios N.,5,20.0,2.37,1.57,2.38,1.67,2.5,1.71
2018-03-29,Sony Ericsson Open,Quarterfinals,Hard,Del Potro J.M.,Raonic M.,6,25.0,1.4,3.0,1.43,3.14,1.43,3.2
2018-03-29,Sony Ericsson Open,Quarterfinals,Hard,Carreno Busta P.,Anderson K.,19,8.0,2.75,1.44,2.9,1.48,3.05,1.51
2018-03-30,Sony Ericsson Open,Quarterfinals,Hard,Zverev A.,Coric B.,5,36.0,1.61,2.25,1.65,2.41,1.67,2.49
2018-03-30,Sony Ericsson Open,Semifinals,Hard,Isner J.,Del Potro J.M.,17,6.0,2.62,1.5,2.8,1.51,2.85,1.57
2018-03-31,Sony Ericsson Open,Semifinals,Hard,Zverev A.,Carreno Busta P.,5,19.0,1.4,3.0,1.41,3.2,1.46,3.3
2018-04-01,Sony Ericsson Open,The Final,Hard,Isner J.,Zverev A.,17,5.0,2.2,1.66,2.31,1.7,2.38,1.79
2018-04-09,Grand Prix Hassan II,1st Round,Clay,Simon G.,Paire B.,71,47.0,2.1,1.66,2.22,1.73,2.25,1.78
2018-04-09,Grand Prix Hassan II,1st Round,Clay,Gasquet R.,Fabbiano T.,38,102.0,1.16,5.0,1.19,5.32,1.23,5.32
2018-04-09,U.S. Men's Clay Court Championships,1st Round,Clay,Laaksonen H.,Brown D.,143,152.0,1.72,2.0,1.76,2.17,1.83,2.2
2018-04-09,U.S. Men's Clay Court Championships,1st Round,Clay,Sandgren T.,Kavcic B.,56,128.0,1.28,3.5,1.35,3.44,1.37,3.6
2018-04-09,U.S. Men's Clay Court Championships,1st Round,Clay,Fratangelo B.,Thompson J.,108,99.0,1.57,2.25,1.7,2.26,1.71,2.42
2018-04-10,U.S. Men's Clay Court Championships,1st Round,Clay,Kudla D.,Verdasco F.,122,36.0,4.0,1.22,4.02,1.28,4.2,1.33
2018-04-10,Grand Prix Hassan II,1st Round,Clay,Arnaboldi A.,Dolgopolov O.,221,52.0,3.25,1.33,3.2,1.4,3.35,1.41
2018-04-10,Grand Prix Hassan II,1st Round,Clay,Basic M.,Haase R.,94,44.0,3.5,1.28,3.59,1.33,3.8,1.34
2018-04-10,Grand Prix Hassan II,1st Round,Clay,Vatutin A.,Struff J.L.,160,60.0,2.5,1.5,2.94,1.45,3.16,1.5
2018-04-10,Grand Prix Hassan II,1st Round,Clay,Carballes Baena R.,Marterer M.,78,73.0,2.1,1.66,2.32,1.67,2.43,1.7
2018-04-10,Grand Prix Hassan II,1st Round,Clay,Basilashvili N.,Berrettini M.,86,104.0,2.5,1.5,2.68,1.52,2.75,1.57
2018-04-10,Grand Prix Hassan II,1st Round,Clay,Andujar P.,Ivashka I.,355,123.0,1.57,2.25,1.69,2.29,1.69,2.58
2018-04-10,Grand Prix Hassan II,1st Round,Clay,Garcia-Lopez G.,Hemery C.,67,135.0,1.53,2.37,1.69,2.28,1.75,2.45
2018-04-10,Grand Prix Hassan II,1st Round,Clay,Ramos-Vinolas A.,Ahouda A.,23,727.0,1.01,17.0,1.03,16.29,1.04,20.48
2018-04-10,Grand Prix Hassan II,1st Round,Clay,Zverev M.,Lorenzi P.,55,57.0,2.2,1.61,2.13,1.79,2.2,1.8
2018-04-10,Grand Prix Hassan II,1st Round,Clay,Edmund K.,Vesely J.,26,65.0,1.57,2.25,1.55,2.61,1.61,2.77
2018-04-10,U.S. Men's Clay Court Championships,1st Round,Clay,Pella G.,Kozlov S.,63,184.0,1.25,3.75,1.25,4.36,1.37,4.4
2018-04-10,U.S. Men's Clay Court Championships,1st Round,Clay,Harrison R.,Kecmanovic M.,54,187.0,1.66,2.1,1.97,1.92,2.05,2.2
2018-04-10,U.S. Men's Clay Court Championships,1st Round,Clay,Zeballos H.,Nishioka Y.,66,380.0,2.1,1.66,2.17,1.76,2.25,1.87
2018-04-10,U.S. Men's Clay Court Championships,1st Round,Clay,Kicker N.,Young D.,87,130.0,1.44,2.62,1.45,2.95,1.5,3.0
2018-04-10,U.S. Men's Clay Court Championships,1st Round,Clay,Karlovic I.,Daniel T.,88,111.0,1.72,2.0,1.85,2.04,1.97,2.1
2018-04-10,U.S. Men's Clay Court Championships,1st Round,Clay,Tiafoe F.,Mcdonald M.,58,142.0,1.28,3.5,1.28,4.06,1.34,4.2
2018-04-10,Grand Prix Hassan II,1st Round,Clay,Sousa J.,Martinez P.,70,228.0,1.28,3.5,1.32,3.72,1.34,3.85
2018-04-11,Grand Prix Hassan II,1st Round,Clay,Albot R.,Seppi A.,93,62.0,2.25,1.57,2.24,1.71,2.4,1.71
2018-04-11,Grand Prix Hassan II,1st Round,Clay,Ouahab L.,Kohlschreiber P.,617,34.0,5.5,1.14,5.95,1.16,6.05,1.16
2018-04-11,Grand Prix Hassan II,1st Round,Clay,Jaziri M.,Fucsovics M.,91,61.0,3.0,1.36,3.4,1.36,3.55,1.38
2018-04-11,Grand Prix Hassan II,2nd Round,Clay,Simon G.,Carballes Baena R.,71,78.0,1.83,1.83,2.11,1.81,2.11,1.96
2018-04-11,Grand Prix Hassan II,2nd Round,Clay,Andujar P.,Arnaboldi A.,355,221.0,1.33,3.25,1.38,3.33,1.45,3.45
2018-04-11,Grand Prix Hassan II,2nd Round,Clay,Gasquet R.,Garcia-Lopez G.,38,67.0,1.36,3.0,1.45,2.99,1.45,3.1
2018-04-11,U.S. Men's Clay Court Championships,2nd Round,Clay,Pella G.,Querrey S.,63,14.0,2.0,1.72,2.05,1.86,2.12,1.87
2018-04-11,U.S. Men's Clay Court Championships,2nd Round,Clay,Karlovic I.,Kudla D.,88,122.0,2.0,1.72,2.12,1.81,2.15,1.86
2018-04-11,U.S. Men's Clay Court Championships,2nd Round,Clay,Sandgren T.,Kicker N.,56,87.0,2.1,1.66,2.18,1.77,2.21,1.81
2018-04-11,U.S. Men's Clay Court Championships,1st Round,Clay,Fritz T.,Smyczek T.,72,124.0,1.36,3.0,1.3,3.82,1.41,3.82
2018-04-11,U.S. Men's Clay Court Championships,1st Round,Clay,Johnson S.,Escobedo E.,51,120.0,1.36,3.0,1.44,2.97,1.49,3.1
2018-04-11,Grand Prix Hassan II,2nd Round,Clay,Vatutin A.,Ramos-Vinolas A.,160,23.0,3.75,1.25,4.1,1.28,4.2,1.3
2018-04-12,Grand Prix Hassan II,2nd Round,Clay,Sousa J.,Basic M.,70,94.0,1.36,3.0,1.38,3.33,1.42,3.4
2018-04-12,Grand Prix Hassan II,2nd Round,Clay,Basilashvili N.,Ouahab L.,86,617.0,1.5,2.5,1.55,2.64,1.55,2.88
2018-04-12,Grand Prix Hassan II,2nd Round,Clay,Edmund K.,Albot R.,26,93.0,1.25,3.75,1.26,4.39,1.3,4.45
2018-04-12,U.S. Men's Clay Court Championships,2nd Round,Clay,Fritz T.,Harrison R.,72,54.0,2.1,1.66,2.2,1.75,2.2,1.84
2018-04-12,U.S. Men's Clay Court Championships,2nd Round,Clay,Johnson S.,Tiafoe F.,51,58.0,2.25,1.57,2.41,1.64,2.41,1.7
2018-04-12,U.S. Men's Clay Court Championships,2nd Round,Clay,Kyrgios N.,Fratangelo B.,24,108.0,1.2,4.33,1.29,4.04,1.29,4.4
2018-04-12,Grand Prix Hassan II,2nd Round,Clay,Jaziri M.,Zverev M.,91,55.0,2.0,1.72,2.16,1.78,2.16,1.87
2018-04-13,U.S. Men's Clay Court Championships,Quarterfinals,Clay,Karlovic I.,Kyrgios N.,88,24.0,3.5,1.3,3.85,1.32,4.0,1.35
2018-04-13,U.S. Men's Clay Court Championships,Quarterfinals,Clay,Fritz T.,Sock J.,72,16.0,3.25,1.36,3.32,1.39,3.44,1.45
2018-04-13,U.S. Men's Clay Court Championships,Quarterfinals,Clay,Sandgren T.,Pella G.,56,63.0,3.0,1.4,3.19,1.42,3.32,1.47
2018-04-13,U.S. Men's Clay Court Championships,2nd Round,Clay,Sock J.,Zeballos H.,16,66.0,1.53,2.37,1.74,2.23,1.74,2.37
2018-04-13,U.S. Men's Clay Court Championships,2nd Round,Clay,Isner J.,Laaksonen H.,9,143.0,1.16,5.0,1.17,5.91,1.2,6.3
2018-04-14,U.S. Men's Clay Court Championships,Semifinals,Clay,Sandgren T.,Karlovic I.,56,88.0,2.1,1.72,2.24,1.75,2.27,1.77
2018-04-14,U.S. Men's Clay Court Championships,Quarterfinals,Clay,Johnson S.,Isner J.,51,9.0,2.62,1.5,2.72,1.53,2.73,1.57
2018-04-14,Grand Prix Hassan II,Semifinals,Clay,Andujar P.,Sousa J.,355,70.0,2.5,1.53,2.59,1.58,2.6,1.61
2018-04-14,Grand Prix Hassan II,Quarterfinals,Clay,Sousa J.,Basilashvili N.,70,86.0,1.33,3.4,1.35,3.55,1.37,3.65
2018-04-14,Grand Prix Hassan II,Quarterfinals,Clay,Gasquet R.,Simon G.,38,71.0,1.4,3.0,1.38,3.36,1.45,3.45
2018-04-14,Grand Prix Hassan II,Quarterfinals,Clay,Andujar P.,Vatutin A.,355,160.0,1.57,2.37,1.63,2.47,1.65,2.64
2018-04-14,Grand Prix Hassan II,Quarterfinals,Clay,Edmund K.,Jaziri M.,26,91.0,1.28,3.75,1.28,4.22,1.33,4.4
2018-04-14,Grand Prix Hassan II,Semifinals,Clay,Edmund K.,Gasquet R.,26,38.0,1.72,2.1,1.69,2.33,1.8,2.33
2018-04-14,U.S. Men's Clay Court Championships,Semifinals,Clay,Johnson S.,Fritz T.,51,72.0,1.57,2.37,1.64,2.44,1.7,2.54
2018-04-15,Monte Carlo Masters,1st Round,Clay,Medvedev D.,Fucsovics M.,49,59.0,2.0,1.72,2.17,1.78,2.2,1.87
2018-04-15,Monte Carlo Masters,1st Round,Clay,Zverev M.,Auger-Aliassime F.,55,448.0,2.25,1.57,2.38,1.65,2.4,1.78
2018-04-15,U.S. Men's Clay Court Championships,The Final,Clay,Johnson S.,Sandgren T.,51,56.0,1.5,2.62,1.54,2.69,1.59,2.85
2018-04-15,Grand Prix Hassan II,The Final,Clay,Andujar P.,Edmund K.,355,26.0,3.75,1.28,4.18,1.28,4.18,1.33
2018-04-15,Monte Carlo Masters,1st Round,Clay,Khachanov K.,Kokkinakis T.,38,150.0,1.53,2.37,1.58,2.55,1.61,2.66
2018-04-16,Monte Carlo Masters,1st Round,Clay,Herbert P.H.,Lorenzi P.,82,63.0,1.44,2.62,1.48,2.86,1.53,2.94
2018-04-16,Monte Carlo Masters,1st Round,Clay,Tsitsipas S.,Shapovalov D.,71,45.0,1.66,2.1,1.68,2.34,1.73,2.35
2018-04-16,Monte Carlo Masters,1st Round,Clay,Bedene A.,Basic M.,58,92.0,1.22,4.0,1.21,5.0,1.25,5.25
2018-04-16,Monte Carlo Masters,1st Round,Clay,Djokovic N.,Lajovic D.,13,93.0,1.28,3.5,1.27,4.22,1.34,4.25
2018-04-16,Monte Carlo Masters,1st Round,Clay,Raonic M.,Catarina L.,22,365.0,1.01,23.0,1.01,29.16,1.02,30.0
2018-04-16,Monte Carlo Masters,1st Round,Clay,Muller G.,Mayer F.,28,74.0,1.61,2.2,1.71,2.27,1.75,2.35
2018-04-16,Monte Carlo Masters,1st Round,Clay,Coric B.,Benneteau J.,39,57.0,1.16,5.0,1.19,5.42,1.22,5.42
2018-04-16,Monte Carlo Masters,1st Round,Clay,Rublev A.,Haase R.,33,44.0,1.72,2.0,1.83,2.09,1.85,2.1
2018-04-16,Monte Carlo Masters,1st Round,Clay,Ramos-Vinolas A.,Donaldson J.,24,51.0,1.33,3.25,1.36,3.44,1.4,3.58
2018-04-16,Monte Carlo Masters,1st Round,Clay,Bautista Agut R.,Gojowczyk P.,16,50.0,1.14,5.5,1.18,5.55,1.25,5.9
2018-04-16,Monte Carlo Masters,1st Round,Clay,Nishikori K.,Berdych T.,36,18.0,2.0,1.72,1.95,1.95,2.18,1.95
2018-04-17,Monte Carlo Masters,1st Round,Clay,Kohlschreiber P.,Sandgren T.,40,47.0,1.2,4.33,1.29,3.99,1.29,4.85
2018-04-17,Monte Carlo Masters,2nd Round,Clay,Zverev A.,Muller G.,4,28.0,1.14,5.5,1.16,6.27,1.18,6.6
2018-04-17,Monte Carlo Masters,2nd Round,Clay,Goffin D.,Tsitsipas S.,10,71.0,1.83,1.83,1.74,2.23,1.87,2.23
2018-04-17,Monte Carlo Masters,2nd Round,Clay,Dimitrov G.,Herbert P.H.,5,82.0,1.33,3.25,1.38,3.35,1.39,3.45
2018-04-17,Monte Carlo Masters,2nd Round,Clay,Zverev M.,Pouille L.,55,11.0,5.0,1.14,5.68,1.18,6.1,1.25
2018-04-17,Monte Carlo Masters,2nd Round,Clay,Thiem D.,Rublev A.,7,33.0,1.25,3.75,1.28,4.1,1.3,4.25
2018-04-17,Monte Carlo Masters,1st Round,Clay,Gasquet R.,Chardy J.,34,84.0,1.57,2.25,1.61,2.47,1.68,2.47
2018-04-17,Monte Carlo Masters,1st Round,Clay,Lopez F.,Paire B.,30,48.0,2.2,1.61,2.32,1.68,2.35,1.73
2018-04-17,Monte Carlo Masters,1st Round,Clay,Schwartzman D.,Pella G.,15,60.0,1.44,2.62,1.45,2.97,1.48,3.1
2018-04-17,Monte Carlo Masters,1st Round,Clay,Fognini F.,Ivashka I.,20,122.0,1.18,4.5,1.23,4.73,1.24,4.95
2018-04-17,Monte Carlo Masters,1st Round,Clay,Struff J.L.,Sugita Y.,61,43.0,1.53,2.37,1.55,2.64,1.6,2.65
2018-04-17,Monte Carlo Masters,1st Round,Clay,Verdasco F.,Cuevas P.,37,41.0,1.8,1.9,1.84,2.08,1.95,2.08
2018-04-17,Monte Carlo Masters,1st Round,Clay,Simon G.,Mannarino A.,69,26.0,1.53,2.37,1.67,2.36,1.71,2.4
2018-04-17,Monte Carlo Masters,1st Round,Clay,Cecchinato M.,Dzumhur D.,100,31.0,1.72,2.0,1.93,1.97,1.95,2.05
2018-04-17,Monte Carlo Masters,1st Round,Clay,Seppi A.,Edmund K.,62,23.0,3.0,1.36,3.06,1.43,3.2,1.47
2018-04-18,Monte Carlo Masters,2nd Round,Clay,Seppi A.,Garcia-Lopez G.,62,68.0,1.53,2.37,1.65,2.38,1.65,2.5
2018-04-18,Monte Carlo Masters,2nd Round,Clay,Nadal R.,Bedene A.,1,58.0,1.04,13.0,1.04,15.18,1.06,16.0
2018-04-18,Monte Carlo Masters,2nd Round,Clay,Cilic M.,Verdasco F.,3,37.0,1.36,3.0,1.43,3.1,1.47,3.15
2018-04-18,Monte Carlo Masters,2nd Round,Clay,Raonic M.,Cecchinato M.,22,100.0,1.5,2.5,1.58,2.56,1.58,3.05
2018-04-18,Monte Carlo Masters,2nd Round,Clay,Gasquet R.,Schwartzman D.,34,15.0,2.37,1.53,2.4,1.65,2.47,1.66
2018-04-18,Monte Carlo Masters,2nd Round,Clay,Bautista Agut R.,Lopez F.,16,30.0,1.22,4.0,1.27,4.26,1.29,4.5
2018-04-18,Monte Carlo Masters,2nd Round,Clay,Djokovic N.,Coric B.,13,39.0,1.36,3.0,1.41,3.18,1.41,3.38
2018-04-18,Monte Carlo Masters,2nd Round,Clay,Struff J.L.,Fognini F.,61,20.0,3.0,1.36,3.22,1.4,3.3,1.4
2018-04-18,Monte Carlo Masters,2nd Round,Clay,Khachanov K.,Simon G.,38,69.0,1.36,3.0,1.44,3.01,1.46,3.06
2018-04-18,Monte Carlo Masters,2nd Round,Clay,Nishikori K.,Medvedev D.,36,49.0,1.28,3.5,1.34,3.6,1.37,3.65
2018-04-18,Monte Carlo Masters,2nd Round,Clay,Kohlschreiber P.,Ramos-Vinolas A.,40,24.0,1.61,2.2,1.72,2.25,1.74,2.27
2018-04-19,Monte Carlo Masters,3rd Round,Clay,Cilic M.,Raonic M.,3,22.0,1.44,2.75,1.49,2.89,1.51,3.12
2018-04-19,Monte Carlo Masters,3rd Round,Clay,Nadal R.,Khachanov K.,1,38.0,1.05,11.0,1.07,12.36,1.07,14.4
2018-04-19,Monte Carlo Masters,3rd Round,Clay,Gasquet R.,Zverev M.,34,55.0,1.2,4.5,1.22,5.09,1.23,5.2
2018-04-19,Monte Carlo Masters,3rd Round,Clay,Nishikori K.,Seppi A.,36,62.0,1.16,5.0,1.19,5.56,1.25,5.65
2018-04-19,Monte Carlo Masters,3rd Round,Clay,Dimitrov G.,Kohlschreiber P.,5,40.0,1.66,2.2,1.7,2.31,1.75,2.32
2018-04-19,Monte Carlo Masters,3rd Round,Clay,Zverev A.,Struff J.L.,4,61.0,1.25,4.0,1.28,4.18,1.29,4.3
2018-04-19,Monte Carlo Masters,3rd Round,Clay,Goffin D.,Bautista Agut R.,10,16.0,1.9,1.9,1.81,2.14,1.91,2.15
2018-04-19,Monte Carlo Masters,3rd Round,Clay,Thiem D.,Djokovic N.,7,13.0,2.3,1.61,2.36,1.68,2.44,1.75
2018-04-20,Monte Carlo Masters,Quarterfinals,Clay,Dimitrov G.,Goffin D.,5,10.0,2.0,1.8,2.17,1.79,2.21,1.85
2018-04-20,Monte Carlo Masters,Quarterfinals,Clay,Nadal R.,Thiem D.,1,7.0,1.14,5.5,1.18,5.77,1.2,6.2
2018-04-20,Monte Carlo Masters,Quarterfinals,Clay,Nishikori K.,Cilic M.,36,3.0,2.3,1.61,2.36,1.68,2.36,1.75
2018-04-20,Monte Carlo Masters,Quarterfinals,Clay,Zverev A.,Gasquet R.,4,34.0,1.5,2.62,1.52,2.75,1.61,2.75
2018-04-21,Monte Carlo Masters,Semifinals,Clay,Nishikori K.,Zverev A.,36,4.0,2.3,1.61,2.36,1.68,2.4,1.75
2018-04-21,Monte Carlo Masters,Semifinals,Clay,Nadal R.,Dimitrov G.,1,5.0,1.06,10.0,1.07,11.6,1.1,13.25
2018-04-22,Monte Carlo Masters,The Final,Clay,Nadal R.,Nishikori K.,1,36.0,1.05,11.0,1.07,12.2,1.1,14.75
2018-04-23,Gazprom Hungarian Open,1st Round,Clay,Sonego L.,Hurkacz H.,159,182.0,1.83,1.83,1.85,2.05,2.0,2.1
2018-04-23,Gazprom Hungarian Open,1st Round,Clay,Cecchinato M.,Basic M.,92,89.0,1.5,2.5,1.6,2.47,1.63,2.7
2018-04-23,Gazprom Hungarian Open,1st Round,Clay,Millman J.,Albot R.,94,97.0,1.83,1.83,1.99,1.9,2.06,1.92
2018-04-23,Open Banco Sabadell ,1st Round,Clay,Mayer L.,Zverev M.,45,52.0,1.44,2.62,1.49,2.8,1.51,2.85
2018-04-23,Gazprom Hungarian Open,1st Round,Clay,Bedene A.,Copil M.,57,84.0,1.18,4.5,1.19,5.22,1.25,5.25
2018-04-23,Open Banco Sabadell ,1st Round,Clay,Karlovic I.,Robredo T.,75,211.0,1.53,2.37,1.59,2.5,1.62,2.68
2018-04-23,Open Banco Sabadell ,1st Round,Clay,Cuevas P.,Ojeda Lara R.,46,207.0,1.14,5.0,1.14,6.49,1.15,6.95
2018-04-23,Open Banco Sabadell ,1st Round,Clay,Garcia-Lopez G.,Sugita Y.,69,42.0,1.44,2.62,1.49,2.8,1.56,2.81
2018-04-23,Open Banco Sabadell ,1st Round,Clay,Dutra Silva R.,Donaldson J.,125,51.0,1.66,2.1,1.74,2.2,1.77,2.3
2018-04-23,Open Banco Sabadell ,1st Round,Clay,Granollers M.,Kukushkin M.,129,95.0,1.66,2.1,1.65,2.37,1.76,2.49
2018-04-23,Open Banco Sabadell ,1st Round,Clay,Paire B.,Jarry N.,47,64.0,2.1,1.66,2.33,1.67,2.43,1.77
2018-04-23,Open Banco Sabadell ,1st Round,Clay,Jaziri M.,Sandgren T.,88,49.0,2.1,1.66,2.33,1.67,2.38,1.76
2018-04-23,Open Banco Sabadell ,1st Round,Clay,Lajovic D.,Martinez P.,91,226.0,1.25,3.75,1.29,3.9,1.3,4.05
2018-04-23,Open Banco Sabadell ,1st Round,Clay,Tsitsipas S.,Moutet C.,63,137.0,1.3,3.4,1.34,3.5,1.36,3.5
2018-04-24,Gazprom Hungarian Open,1st Round,Clay,Maden Y.,Fucsovics M.,134,59.0,2.75,1.4,2.94,1.45,3.08,1.48
2018-04-24,Gazprom Hungarian Open,1st Round,Clay,Marterer M.,Troicki V.,74,71.0,1.53,2.37,1.65,2.37,1.72,2.5
2018-04-24,Gazprom Hungarian Open,1st Round,Clay,Basilashvili N.,Lorenzi P.,79,66.0,1.9,1.8,2.02,1.87,2.05,1.91
2018-04-24,Gazprom Hungarian Open,1st Round,Clay,Seppi A.,Fabbiano T.,55,99.0,1.28,3.5,1.22,4.74,1.36,4.74
2018-04-24,Gazprom Hungarian Open,1st Round,Clay,Berrettini M.,Balazs A.,104,163.0,1.57,2.25,1.63,2.4,1.7,2.45
2018-04-24,Gazprom Hungarian Open,1st Round,Clay,Struff J.L.,Zopp J.,61,133.0,1.25,3.75,1.29,3.9,1.3,4.1
2018-04-24,Gazprom Hungarian Open,1st Round,Clay,Bublik A.,Istomin D.,143,87.0,2.62,1.44,2.5,1.59,2.63,1.59
2018-04-24,Open Banco Sabadell ,1st Round,Clay,Carballes Baena R.,Haider-Maurer A.,77,420.0,1.18,4.5,1.21,5.0,1.23,5.16
2018-04-24,Open Banco Sabadell ,1st Round,Clay,Klizan M.,Delbonis F.,140,76.0,1.61,2.2,1.67,2.33,1.69,2.45
2018-04-24,Open Banco Sabadell ,1st Round,Clay,Pella G.,Gojowczyk P.,60,50.0,1.25,3.75,1.31,3.74,1.33,3.9
2018-04-24,Open Banco Sabadell ,1st Round,Clay,Fratangelo B.,Vatutin A.,106,138.0,1.66,2.1,1.74,2.2,1.75,2.3
2018-04-24,Open Banco Sabadell ,1st Round,Clay,Simon G.,Ivashka I.,70,117.0,1.57,2.25,1.71,2.24,1.74,2.36
2018-04-24,Open Banco Sabadell ,1st Round,Clay,Munar J.,Sousa J.,174,67.0,2.5,1.5,2.47,1.6,2.65,1.61
2018-04-24,Open Banco Sabadell ,2nd Round,Clay,Goffin D.,Granollers M.,10,129.0,1.28,3.5,1.25,4.46,1.3,4.46
2018-04-24,Open Banco Sabadell ,2nd Round,Clay,Bautista Agut R.,Karlovic I.,15,75.0,1.36,3.0,1.34,3.56,1.4,3.56
2018-04-24,Open Banco Sabadell ,2nd Round,Clay,Lopez F.,Lajovic D.,30,91.0,1.72,2.0,1.69,2.3,1.75,2.3
2018-04-24,Open Banco Sabadell ,2nd Round,Clay,Jaziri M.,Escobedo E.,88,149.0,1.61,2.2,1.66,2.37,1.7,2.43
2018-04-24,Open Banco Sabadell ,2nd Round,Clay,Mannarino A.,Cuevas P.,27,46.0,3.5,1.28,3.92,1.3,3.98,1.35
2018-04-25,Open Banco Sabadell ,2nd Round,Clay,Garcia-Lopez G.,Nishikori K.,69,22.0,5.0,1.16,4.85,1.22,5.25,1.26
2018-04-25,Gazprom Hungarian Open,1st Round,Clay,Youzhny M.,Piros Z.,100,453.0,1.61,2.2,1.71,2.24,1.71,2.25
2018-04-25,Gazprom Hungarian Open,2nd Round,Clay,Cecchinato M.,Dzumhur D.,92,32.0,1.57,2.25,1.74,2.22,1.74,2.5
2018-04-25,Gazprom Hungarian Open,2nd Round,Clay,Struff J.L.,Bublik A.,61,143.0,1.22,4.0,1.25,4.46,1.29,16.7
2018-04-25,Gazprom Hungarian Open,2nd Round,Clay,Sonego L.,Gasquet R.,159,29.0,5.0,1.16,5.12,1.21,5.4,1.22
2018-04-25,Gazprom Hungarian Open,2nd Round,Clay,Bedene A.,Berrettini M.,57,104.0,1.36,3.0,1.38,3.33,1.41,3.42
2018-04-25,Open Banco Sabadell ,2nd Round,Clay,Andujar P.,Fratangelo B.,153,106.0,1.33,3.25,1.39,3.28,1.41,3.32
2018-04-25,Open Banco Sabadell ,2nd Round,Clay,Khachanov K.,Mayer L.,37,45.0,1.61,2.2,1.69,2.31,1.7,2.4
2018-04-25,Open Banco Sabadell ,2nd Round,Clay,Tsitsipas S.,Schwartzman D.,63,17.0,2.2,1.61,2.5,1.6,2.53,1.67
2018-04-25,Open Banco Sabadell ,2nd Round,Clay,Nadal R.,Carballes Baena R.,1,77.0,1.01,26.0,1.01,29.16,1.02,32.0
2018-04-25,Open Banco Sabadell ,2nd Round,Clay,Ramos-Vinolas A.,Dutra Silva R.,40,125.0,1.4,2.75,1.54,2.66,1.56,3.12
2018-04-25,Open Banco Sabadell ,2nd Round,Clay,Kovalik J.,Pella G.,146,60.0,3.75,1.25,3.6,1.34,3.75,1.36
2018-04-25,Open Banco Sabadell ,2nd Round,Clay,Klizan M.,Djokovic N.,140,12.0,5.0,1.16,4.85,1.22,5.1,1.25
2018-04-25,Open Banco Sabadell ,2nd Round,Clay,Thiem D.,Munar J.,7,174.0,1.1,7.0,1.08,9.87,1.12,9.9
2018-04-25,Open Banco Sabadell ,2nd Round,Clay,Dimitrov G.,Simon G.,5,70.0,1.3,3.4,1.33,3.64,1.38,3.72
2018-04-25,Open Banco Sabadell ,2nd Round,Clay,Carreno Busta P.,Paire B.,11,47.0,1.5,2.5,1.57,2.58,1.57,2.86
2018-04-26,Gazprom Hungarian Open,2nd Round,Clay,Basilashvili N.,Shapovalov D.,79,43.0,2.25,1.57,2.34,1.68,2.46,1.68
2018-04-26,Gazprom Hungarian Open,2nd Round,Clay,Maden Y.,Marterer M.,134,74.0,2.25,1.57,2.32,1.68,2.35,1.72
2018-04-26,Gazprom Hungarian Open,2nd Round,Clay,Millman J.,Pouille L.,94,14.0,3.5,1.28,3.74,1.32,3.9,1.34
2018-04-26,Gazprom Hungarian Open,2nd Round,Clay,Seppi A.,Youzhny M.,55,100.0,1.3,3.4,1.4,3.24,1.4,3.4
2018-04-26,Open Banco Sabadell ,3rd Round,Clay,Bautista Agut R.,Andujar P.,15,153.0,1.44,2.75,1.49,2.84,1.5,2.98
2018-04-26,Open Banco Sabadell ,3rd Round,Clay,Carreno Busta P.,Mannarino A.,11,27.0,1.28,3.75,1.31,3.83,1.33,3.98
2018-04-26,Open Banco Sabadell ,3rd Round,Clay,Goffin D.,Khachanov K.,10,37.0,1.8,2.0,1.79,2.14,1.87,2.14
2018-04-26,Open Banco Sabadell ,3rd Round,Clay,Nadal R.,Garcia-Lopez G.,1,69.0,1.01,26.0,1.01,29.16,1.02,31.25
2018-04-26,Open Banco Sabadell ,3rd Round,Clay,Dimitrov G.,Jaziri M.,5,88.0,1.14,5.5,1.16,6.16,1.2,6.4
2018-04-26,Open Banco Sabadell ,3rd Round,Clay,Tsitsipas S.,Ramos-Vinolas A.,63,40.0,1.66,2.2,1.67,2.35,1.67,2.44
2018-04-26,Open Banco Sabadell ,3rd Round,Clay,Thiem D.,Kovalik J.,7,146.0,1.07,9.0,1.08,10.44,1.1,11.5
2018-04-26,Open Banco Sabadell ,3rd Round,Clay,Klizan M.,Lopez F.,140,30.0,1.61,2.3,1.8,2.13,1.8,2.35
2018-04-27,Gazprom Hungarian Open,Quarterfinals,Clay,Bedene A.,Sonego L.,57,159.0,1.36,3.2,1.43,3.14,1.43,3.32
2018-04-27,Gazprom Hungarian Open,Quarterfinals,Clay,Seppi A.,Basilashvili N.,55,79.0,1.53,2.5,1.56,2.63,1.6,2.63
2018-04-27,Open Banco Sabadell ,Quarterfinals,Clay,Goffin D.,Bautista Agut R.,10,15.0,1.66,2.2,1.72,2.28,1.73,2.31
2018-04-27,Open Banco Sabadell ,Quarterfinals,Clay,Nadal R.,Klizan M.,1,140.0,1.02,15.0,1.06,13.3,1.06,17.0
2018-04-27,Open Banco Sabadell ,Quarterfinals,Clay,Carreno Busta P.,Dimitrov G.,11,5.0,2.2,1.66,2.16,1.79,2.25,1.8
2018-04-27,Open Banco Sabadell ,Quarterfinals,Clay,Tsitsipas S.,Thiem D.,63,7.0,3.2,1.36,3.41,1.38,3.44,1.4
2018-04-27,Gazprom Hungarian Open,Quarterfinals,Clay,Cecchinato M.,Struff J.L.,92,61.0,2.2,1.66,2.31,1.7,2.35,1.74
2018-04-28,Gazprom Hungarian Open,Semifinals,Clay,Cecchinato M.,Seppi A.,92,55.0,2.3,1.61,2.29,1.71,2.36,1.71
2018-04-28,Open Banco Sabadell ,Semifinals,Clay,Tsitsipas S.,Carreno Busta P.,63,11.0,2.0,1.8,2.01,1.92,2.16,2.02
2018-04-28,Open Banco Sabadell ,Semifinals,Clay,Nadal R.,Goffin D.,1,10.0,1.05,11.0,1.09,9.71,1.1,11.53
2018-04-28,Gazprom Hungarian Open,Quarterfinals,Clay,Millman J.,Maden Y.,94,134.0,1.72,2.1,1.83,2.12,1.83,2.12
2018-04-29,Gazprom Hungarian Open,The Final,Clay,Cecchinato M.,Millman J.,92,94.0,1.61,2.3,1.66,2.4,1.75,2.45
2018-04-29,Gazprom Hungarian Open,Semifinals,Clay,Millman J.,Bedene A.,94,57.0,2.75,1.44,3.0,1.46,3.05,1.57
2018-04-29,Open Banco Sabadell ,The Final,Clay,Nadal R.,Tsitsipas S.,1,63.0,1.04,13.0,1.06,13.84,1.06,16.45
2018-04-30,BMW Open,1st Round,Clay,Bachinger M.,Kukushkin M.,163,96.0,2.2,1.61,2.23,1.72,2.3,1.81
2018-04-30,Istanbul Open,1st Round,Clay,Troicki V.,Tomic B.,71,210.0,1.4,2.75,1.46,2.91,1.53,3.0
2018-04-30,BMW Open,1st Round,Clay,Hanfmann Y.,Baghdatis M.,118,80.0,1.83,1.83,1.82,2.09,1.91,2.17
2018-04-30,Istanbul Open,1st Round,Clay,Daniel T.,Berrettini M.,114,102.0,2.62,1.44,2.64,1.54,2.7,1.57
2018-04-30,Istanbul Open,1st Round,Clay,Lorenzi P.,Ilkel C.,76,251.0,1.25,3.75,1.29,3.98,1.29,4.5
2018-04-30,Istanbul Open,1st Round,Clay,Trungelliti M.,Ymer E.,186,135.0,1.83,1.83,1.93,1.95,1.95,2.08
2018-04-30,BMW Open,1st Round,Clay,Klizan M.,Mayer F.,122,72.0,1.25,3.75,1.29,3.9,1.34,4.15
2018-04-30,Istanbul Open,1st Round,Clay,Djere L.,Istomin D.,110,89.0,2.1,1.66,2.09,1.81,2.3,1.83
2018-04-30,Millennium Estoril Open,1st Round,Clay,De Minaur A.,Elias G.,111,108.0,1.66,2.1,1.85,2.05,1.9,2.1
2018-04-30,Millennium Estoril Open,1st Round,Clay,Sousa P.,Simon G.,143,70.0,3.5,1.28,3.6,1.33,3.75,1.34
2018-04-30,Millennium Estoril Open,1st Round,Clay,Tiafoe F.,Sandgren T.,64,51.0,1.5,2.5,1.49,2.8,1.53,2.82
2018-05-01,Istanbul Open,1st Round,Clay,Dutra Silva R.,Albot R.,121,98.0,1.4,2.75,1.51,2.73,1.51,3.05
2018-05-01,Istanbul Open,1st Round,Clay,Chardy J.,Basilashvili N.,87,75.0,1.44,2.62,1.5,2.76,1.62,2.76
2018-05-01,Istanbul Open,1st Round,Clay,Monteiro T.,Melzer G.,131,115.0,1.57,2.25,1.81,2.1,1.81,2.3
2018-05-01,Istanbul Open,1st Round,Clay,Vesely J.,Gimeno-Traver D.,84,230.0,2.2,1.61,2.2,1.74,2.25,1.8
2018-05-01,Istanbul Open,1st Round,Clay,Lajovic D.,Millman J.,92,69.0,1.5,2.5,1.59,2.5,1.59,2.79
2018-05-01,Istanbul Open,1st Round,Clay,Fabbiano T.,Youzhny M.,100,99.0,1.72,2.0,1.71,2.24,1.8,2.3
2018-05-01,Istanbul Open,1st Round,Clay,Jaziri M.,Ilhan M.,78,334.0,1.14,5.5,1.18,5.47,1.28,6.03
2018-05-01,Millennium Estoril Open,1st Round,Clay,Carballes Baena R.,Fratangelo B.,77,105.0,1.5,2.5,1.63,2.4,1.67,2.5
2018-05-01,Millennium Estoril Open,1st Round,Clay,Delbonis F.,Ramos-Vinolas A.,79,41.0,2.0,1.72,2.03,1.86,2.21,1.91
2018-05-01,BMW Open,1st Round,Clay,Struff J.L.,Masur D.,62,401.0,1.18,4.5,1.21,5.0,1.25,5.25
2018-05-01,BMW Open,1st Round,Clay,Kohlschreiber P.,Karlovic I.,34,82.0,1.4,2.75,1.38,3.31,1.44,3.48
2018-05-01,BMW Open,1st Round,Clay,Zverev M.,Haider-Maurer A.,54,422.0,1.22,4.0,1.27,4.1,1.3,4.5
2018-05-01,BMW Open,1st Round,Clay,Fucsovics M.,Pella G.,61,60.0,2.5,1.5,2.5,1.59,2.59,1.59
2018-05-01,BMW Open,1st Round,Clay,Basic M.,Monfils G.,90,40.0,3.5,1.28,3.5,1.34,3.77,1.38
2018-05-01,BMW Open,1st Round,Clay,Marterer M.,Brown D.,73,159.0,1.4,2.75,1.44,3.0,1.5,3.0
2018-05-01,BMW Open,1st Round,Clay,Ruud C.,Copil M.,193,86.0,1.8,1.9,2.07,1.83,2.33,1.94
2018-05-01,BMW Open,1st Round,Clay,Cecchinato M.,Fognini F.,59,19.0,2.75,1.4,2.73,1.51,3.05,1.51
2018-05-01,BMW Open,1st Round,Clay,Maden Y.,Sugita Y.,119,46.0,1.61,2.2,1.63,2.4,1.68,2.47
2018-05-01,Millennium Estoril Open,1st Round,Clay,Bolelli S.,Domingues J.,153,207.0,1.36,3.0,1.36,3.4,1.4,3.5
2018-05-01,Millennium Estoril Open,1st Round,Clay,Norrie C.,Haase R.,103,43.0,3.5,1.28,3.5,1.34,3.65,1.34
2018-05-01,Millennium Estoril Open,1st Round,Clay,Kicker N.,Smyczek T.,93,123.0,1.36,3.0,1.4,3.18,1.43,3.4
2018-05-01,Millennium Estoril Open,1st Round,Clay,Sousa J.,Medvedev D.,68,50.0,1.66,2.1,1.74,2.2,1.8,2.24
2018-05-01,Millennium Estoril Open,1st Round,Clay,Ojeda Lara R.,Silva F.F.,206,263.0,1.8,1.9,1.87,2.02,1.91,2.04
2018-05-01,Millennium Estoril Open,1st Round,Clay,Jarry N.,Mayer L.,65,45.0,2.2,1.61,2.3,1.68,2.52,1.69
2018-05-01,Millennium Estoril Open,1st Round,Clay,Tsitsipas S.,Andujar P.,44,132.0,1.57,2.25,1.62,2.43,1.72,2.67
2018-05-02,Millennium Estoril Open,2nd Round,Clay,Bolelli S.,Delbonis F.,153,79.0,1.9,1.8,2.02,1.88,2.03,1.96
2018-05-02,Millennium Estoril Open,2nd Round,Clay,Tiafoe F.,Muller G.,64,28.0,1.57,2.25,1.61,2.49,1.8,2.49
2018-05-02,Millennium Estoril Open,2nd Round,Clay,Sousa J.,Sousa P.,68,143.0,1.25,3.75,1.3,3.92,1.32,4.08
2018-05-02,Millennium Estoril Open,2nd Round,Clay,Edmund K.,De Minaur A.,23,111.0,1.4,2.75,1.4,3.22,1.46,3.3
2018-05-02,BMW Open,2nd Round,Clay,Klizan M.,Basic M.,122,90.0,1.25,3.75,1.31,3.85,1.35,4.25
2018-05-02,BMW Open,2nd Round,Clay,Struff J.L.,Maden Y.,62,119.0,1.53,2.37,1.54,2.67,1.66,2.7
2018-05-02,Istanbul Open,2nd Round,Clay,Lorenzi P.,Trungelliti M.,76,186.0,2.25,1.57,2.37,1.66,2.5,1.67
2018-05-02,Istanbul Open,2nd Round,Clay,Dutra Silva R.,Troicki V.,121,71.0,1.44,2.62,1.54,2.67,1.68,2.7
2018-05-02,Istanbul Open,2nd Round,Clay,Daniel T.,Bedene A.,114,63.0,3.5,1.28,3.74,1.32,3.9,1.36
2018-05-02,Istanbul Open,2nd Round,Clay,Djere L.,Seppi A.,110,48.0,4.0,1.22,3.7,1.33,4.18,1.34
2018-05-02,BMW Open,2nd Round,Clay,Chung H.,Bachinger M.,22,163.0,1.14,5.5,1.17,5.77,1.19,6.2
2018-05-02,BMW Open,2nd Round,Clay,Zverev A.,Hanfmann Y.,3,118.0,1.06,8.0,1.1,8.78,1.11,8.78
2018-05-03,BMW Open,2nd Round,Clay,Fucsovics M.,Cecchinato M.,61,59.0,2.2,1.61,2.05,1.86,2.35,1.86
2018-05-03,BMW Open,2nd Round,Clay,Marterer M.,Schwartzman D.,73,16.0,3.4,1.3,3.28,1.39,3.4,1.41
2018-05-03,BMW Open,2nd Round,Clay,Kohlschreiber P.,Zverev M.,34,54.0,1.2,4.33,1.24,4.55,1.28,4.75
2018-05-03,Millennium Estoril Open,2nd Round,Clay,Carballes Baena R.,Norrie C.,77,103.0,1.44,2.62,1.55,2.64,1.55,2.88
2018-05-03,BMW Open,2nd Round,Clay,Bautista Agut R.,Ruud C.,14,193.0,1.2,4.33,1.25,4.51,1.26,4.65
2018-05-03,Millennium Estoril Open,2nd Round,Clay,Carreno Busta P.,Kicker N.,11,93.0,1.3,3.4,1.36,3.44,1.36,3.65
2018-05-03,Millennium Estoril Open,2nd Round,Clay,Jarry N.,Ojeda Lara R.,65,206.0,1.33,3.25,1.28,4.14,1.33,4.25
2018-05-03,Millennium Estoril Open,2nd Round,Clay,Tsitsipas S.,Anderson K.,44,8.0,1.72,2.0,1.75,2.2,1.83,2.23
2018-05-03,Istanbul Open,2nd Round,Clay,Vesely J.,Monteiro T.,84,131.0,1.57,2.25,1.63,2.44,1.65,2.5
2018-05-03,Istanbul Open,2nd Round,Clay,Chardy J.,Lajovic D.,87,92.0,1.83,1.83,1.95,1.95,1.95,2.0
2018-05-03,Istanbul Open,2nd Round,Clay,Fabbiano T.,Dzumhur D.,100,32.0,2.37,1.53,2.55,1.58,2.6,1.67
2018-05-03,Istanbul Open,2nd Round,Clay,Jaziri M.,Cilic M.,78,4.0,3.75,1.25,4.02,1.29,4.4,1.29
2018-05-04,Millennium Estoril Open,Quarterfinals,Clay,Tsitsipas S.,Carballes Baena R.,44,77.0,1.28,3.75,1.31,3.92,1.33,4.1
2018-05-04,Millennium Estoril Open,Quarterfinals,Clay,Carreno Busta P.,Jarry N.,11,65.0,1.3,3.5,1.34,3.67,1.37,3.75
2018-05-04,Millennium Estoril Open,Quarterfinals,Clay,Tiafoe F.,Bolelli S.,64,153.0,1.9,1.9,1.9,2.03,1.95,2.05
2018-05-04,Millennium Estoril Open,Quarterfinals,Clay,Sousa J.,Edmund K.,68,23.0,3.0,1.4,3.2,1.41,3.35,1.41
2018-05-04,Istanbul Open,Quarterfinals,Clay,Daniel T.,Dutra Silva R.,114,121.0,2.2,1.66,2.32,1.7,2.38,1.72
2018-05-04,BMW Open,Quarterfinals,Clay,Kohlschreiber P.,Bautista Agut R.,34,14.0,1.8,2.0,1.8,2.15,1.8,2.21
2018-05-04,Istanbul Open,Quarterfinals,Clay,Chardy J.,Fabbiano T.,87,100.0,1.33,3.4,1.36,3.5,1.37,3.65
2018-05-04,Istanbul Open,Quarterfinals,Clay,Jaziri M.,Vesely J.,78,84.0,1.72,2.1,1.88,2.04,1.88,2.19
2018-05-04,Istanbul Open,Quarterfinals,Clay,Djere L.,Lorenzi P.,110,76.0,2.0,1.8,2.09,1.85,2.15,1.85
2018-05-04,BMW Open,Quarterfinals,Clay,Marterer M.,Fucsovics M.,73,61.0,1.9,1.9,1.91,2.02,2.02,2.02
2018-05-04,BMW Open,Quarterfinals,Clay,Zverev A.,Struff J.L.,3,62.0,1.22,4.33,1.28,4.14,1.28,4.85
2018-05-04,BMW Open,Quarterfinals,Clay,Chung H.,Klizan M.,22,122.0,1.4,3.0,1.43,3.13,1.43,3.22
2018-05-05,BMW Open,Semifinals,Clay,Zverev A.,Chung H.,3,22.0,1.61,2.3,1.68,2.35,1.68,2.42
2018-05-05,BMW Open,Semifinals,Clay,Kohlschreiber P.,Marterer M.,34,73.0,1.28,3.75,1.32,3.83,1.32,4.33
2018-05-05,Millennium Estoril Open,Semifinals,Clay,Sousa J.,Tsitsipas S.,68,44.0,2.37,1.57,2.4,1.66,2.45,1.69
2018-05-05,Millennium Estoril Open,Semifinals,Clay,Tiafoe F.,Carreno Busta P.,64,11.0,2.5,1.53,2.82,1.51,2.82,1.57
2018-05-05,Istanbul Open,Semifinals,Clay,Daniel T.,Chardy J.,114,87.0,3.25,1.36,3.48,1.37,3.65,1.4
2018-05-05,Istanbul Open,Semifinals,Clay,Jaziri M.,Djere L.,78,110.0,1.57,2.37,1.67,2.38,1.67,2.55
2018-05-06,Istanbul Open,The Final,Clay,Daniel T.,Jaziri M.,114,78.0,2.37,1.57,2.3,1.71,2.4,1.71
2018-05-06,BMW Open,The Final,Clay,Zverev A.,Kohlschreiber P.,3,34.0,1.44,2.75,1.5,2.85,1.54,2.9
2018-05-06,Mutua Madrid Open,1st Round,Clay,Shapovalov D.,Sandgren T.,43,58.0,2.1,1.66,2.07,1.85,2.2,1.85
2018-05-06,Mutua Madrid Open,1st Round,Clay,Gasquet R.,Berdych T.,29,17.0,1.72,2.0,1.91,2.0,1.97,2.02
2018-05-06,Millennium Estoril Open,The Final,Clay,Sousa J.,Tiafoe F.,68,64.0,2.37,1.57,2.4,1.66,2.45,1.68
2018-05-07,Mutua Madrid Open,1st Round,Clay,Djokovic N.,Nishikori K.,12,20.0,1.66,2.1,1.79,2.14,1.87,2.3
2018-05-07,Mutua Madrid Open,1st Round,Clay,Lopez F.,Andujar P.,30,134.0,2.0,1.72,2.01,1.9,2.21,1.9
2018-05-07,Mutua Madrid Open,1st Round,Clay,Kukushkin M.,Carballes Baena R.,96,73.0,2.25,1.57,2.33,1.68,2.4,1.72
2018-05-07,Mutua Madrid Open,1st Round,Clay,Monfils G.,Basilashvili N.,41,77.0,1.36,3.0,1.51,2.78,1.51,3.14
2018-05-07,Mutua Madrid Open,1st Round,Clay,Lajovic D.,Khachanov K.,95,38.0,2.62,1.44,2.6,1.56,2.85,1.58
2018-05-07,Mutua Madrid Open,1st Round,Clay,Raonic M.,Kicker N.,24,94.0,1.33,3.25,1.37,3.38,1.41,3.5
2018-05-07,Mutua Madrid Open,1st Round,Clay,Dzumhur D.,Benneteau J.,32,60.0,1.5,2.5,1.63,2.44,1.68,2.55
2018-05-07,Mutua Madrid Open,1st Round,Clay,Paire B.,Pouille L.,50,18.0,2.37,1.53,2.84,1.49,2.84,1.6
2018-05-07,Mutua Madrid Open,1st Round,Clay,Schwartzman D.,Mannarino A.,16,27.0,1.44,2.62,1.46,2.95,1.5,3.08
2018-05-07,Mutua Madrid Open,1st Round,Clay,Delbonis F.,Zverev M.,78,54.0,1.33,3.25,1.35,3.51,1.43,3.51
2018-05-08,Mutua Madrid Open,2nd Round,Clay,Del Potro J.M.,Dzumhur D.,6,32.0,1.16,5.0,1.16,6.15,1.18,6.5
2018-05-08,Mutua Madrid Open,2nd Round,Clay,Raonic M.,Dimitrov G.,24,4.0,2.1,1.66,2.26,1.72,2.27,1.8
2018-05-08,Mutua Madrid Open,2nd Round,Clay,Lajovic D.,Gasquet R.,95,29.0,3.4,1.3,3.73,1.32,3.75,1.4
2018-05-08,Mutua Madrid Open,1st Round,Clay,Edmund K.,Medvedev D.,22,51.0,1.36,3.0,1.44,3.01,1.44,3.3
2018-05-08,Mutua Madrid Open,1st Round,Clay,Harrison R.,Garcia-Lopez G.,59,69.0,2.37,1.53,2.44,1.63,2.56,1.63
2018-05-08,Mutua Madrid Open,1st Round,Clay,Verdasco F.,Lorenzi P.,37,72.0,1.18,4.5,1.21,5.0,1.24,5.1
2018-05-08,Mutua Madrid Open,1st Round,Clay,Struff J.L.,Copil M.,65,92.0,1.57,2.25,1.69,2.3,1.69,2.5
2018-05-08,Mutua Madrid Open,2nd Round,Clay,Shapovalov D.,Paire B.,43,50.0,2.1,1.66,2.16,1.78,2.2,1.8
2018-05-08,Mutua Madrid Open,1st Round,Clay,Ramos-Vinolas A.,Gojowczyk P.,42,52.0,1.36,3.0,1.42,3.14,1.44,3.24
2018-05-08,Mutua Madrid Open,1st Round,Clay,Cuevas P.,Sock J.,47,15.0,1.66,2.1,1.68,2.32,1.76,2.32
2018-05-08,Mutua Madrid Open,1st Round,Clay,Kohlschreiber P.,Sugita Y.,28,46.0,1.2,4.33,1.24,4.65,1.26,4.85
2018-05-08,Mutua Madrid Open,1st Round,Clay,Haase R.,Chung H.,44,21.0,3.25,1.33,4.1,1.28,4.1,1.36
2018-05-08,Mutua Madrid Open,1st Round,Clay,Mayer L.,Fognini F.,45,19.0,2.37,1.53,2.38,1.65,2.5,1.69
2018-05-08,Mutua Madrid Open,1st Round,Clay,Donskoy E.,Tsitsipas S.,90,40.0,4.0,1.22,4.89,1.22,4.89,1.31
2018-05-08,Mutua Madrid Open,1st Round,Clay,Bautista Agut R.,Donaldson J.,14,53.0,1.14,5.5,1.17,5.91,1.19,6.0
2018-05-08,Mutua Madrid Open,1st Round,Clay,Coric B.,Carreno Busta P.,35,11.0,1.72,2.0,1.91,2.0,1.95,2.1
2018-05-09,Mutua Madrid Open,2nd Round,Clay,Zverev A.,Donskoy E.,3,90.0,1.08,8.0,1.09,9.35,1.11,10.25
2018-05-09,Mutua Madrid Open,2nd Round,Clay,Thiem D.,Delbonis F.,7,78.0,1.2,4.33,1.25,4.48,1.25,4.8
2018-05-09,Mutua Madrid Open,2nd Round,Clay,Coric B.,Struff J.L.,35,65.0,1.33,3.25,1.35,3.52,1.37,3.6
2018-05-09,Mutua Madrid Open,2nd Round,Clay,Mayer L.,Verdasco F.,45,37.0,2.25,1.57,2.46,1.62,2.5,1.67
2018-05-09,Mutua Madrid Open,2nd Round,Clay,Schwartzman D.,Lopez F.,16,30.0,1.5,2.5,1.59,2.52,1.62,2.75
2018-05-09,Mutua Madrid Open,2nd Round,Clay,Isner J.,Harrison R.,9,59.0,1.4,2.75,1.4,3.22,1.44,3.3
2018-05-09,Mutua Madrid Open,2nd Round,Clay,Edmund K.,Djokovic N.,22,12.0,3.5,1.28,3.6,1.34,3.7,1.36
2018-05-09,Mutua Madrid Open,2nd Round,Clay,Cuevas P.,Ramos-Vinolas A.,47,42.0,1.4,2.75,1.5,2.8,1.5,3.0
2018-05-09,Mutua Madrid Open,2nd Round,Clay,Anderson K.,Kukushkin M.,8,96.0,1.3,3.4,1.36,3.44,1.37,3.55
2018-05-09,Mutua Madrid Open,2nd Round,Clay,Goffin D.,Haase R.,10,44.0,1.25,3.75,1.33,3.64,1.33,3.9
2018-05-09,Mutua Madrid Open,2nd Round,Clay,Kohlschreiber P.,Bautista Agut R.,28,14.0,1.8,1.9,1.83,2.09,1.85,2.15
2018-05-09,Mutua Madrid Open,2nd Round,Clay,Nadal R.,Monfils G.,1,41.0,1.02,17.0,1.04,15.92,1.04,18.25
2018-05-10,Mutua Madrid Open,3rd Round,Clay,Zverev A.,Mayer L.,3,45.0,1.22,4.33,1.25,4.55,1.26,4.65
2018-05-10,Mutua Madrid Open,3rd Round,Clay,Isner J.,Cuevas P.,9,47.0,1.9,1.9,1.9,2.03,1.95,2.03
2018-05-10,Mutua Madrid Open,3rd Round,Clay,Thiem D.,Coric B.,7,35.0,1.72,2.1,1.8,2.15,1.83,2.18
2018-05-10,Mutua Madrid Open,3rd Round,Clay,Nadal R.,Schwartzman D.,1,16.0,1.02,19.0,1.03,22.73,1.03,23.5
2018-05-10,Mutua Madrid Open,3rd Round,Clay,Anderson K.,Kohlschreiber P.,8,28.0,2.1,1.72,2.15,1.8,2.2,1.83
2018-05-10,Mutua Madrid Open,3rd Round,Clay,Edmund K.,Goffin D.,22,10.0,2.75,1.44,2.82,1.5,2.99,1.53
2018-05-10,Mutua Madrid Open,3rd Round,Clay,Lajovic D.,Del Potro J.M.,95,6.0,4.33,1.22,4.84,1.23,4.84,1.25
2018-05-10,Mutua Madrid Open,3rd Round,Clay,Shapovalov D.,Raonic M.,43,24.0,3.4,1.33,3.55,1.35,3.72,1.38
2018-05-11,Mutua Madrid Open,Quarterfinals,Clay,Anderson K.,Lajovic D.,8,95.0,1.5,2.62,1.54,2.69,1.57,2.73
2018-05-11,Mutua Madrid Open,Quarterfinals,Clay,Thiem D.,Nadal R.,7,1.0,11.0,1.05,10.67,1.08,13.5,1.1
2018-05-11,Mutua Madrid Open,Quarterfinals,Clay,Shapovalov D.,Edmund K.,43,22.0,2.75,1.44,2.97,1.47,3.02,1.51
2018-05-11,Mutua Madrid Open,Quarterfinals,Clay,Zverev A.,Isner J.,3,9.0,1.3,3.5,1.33,3.75,1.35,3.85
2018-05-12,Mutua Madrid Open,Semifinals,Clay,Thiem D.,Anderson K.,7,8.0,1.4,3.0,1.41,3.23,1.42,3.25
2018-05-12,Mutua Madrid Open,Semifinals,Clay,Zverev A.,Shapovalov D.,3,43.0,1.2,4.5,1.2,5.33,1.22,5.45
2018-05-13,Internazionali BNL d'Italia,1st Round,Clay,Harrison R.,Sugita Y.,57,46.0,1.44,2.62,1.52,2.73,1.53,2.8
2018-05-13,Internazionali BNL d'Italia,1st Round,Clay,Gojowczyk P.,Querrey S.,53,12.0,2.75,1.4,2.95,1.46,3.13,1.46
2018-05-13,Internazionali BNL d'Italia,1st Round,Clay,Sock J.,Ferrer D.,14,38.0,2.0,1.72,2.2,1.75,2.2,1.91
2018-05-13,Mutua Madrid Open,The Final,Clay,Zverev A.,Thiem D.,3,7.0,2.0,1.8,2.02,1.91,2.1,1.91
2018-05-13,Internazionali BNL d'Italia,1st Round,Clay,Sonego L.,Mannarino A.,140,27.0,1.57,2.25,1.67,2.36,1.72,2.36
2018-05-13,Internazionali BNL d'Italia,1st Round,Clay,Johnson S.,Wawrinka S.,48,23.0,2.0,1.72,2.14,1.79,2.2,1.87
2018-05-14,Internazionali BNL d'Italia,1st Round,Clay,Djokovic N.,Dolgopolov O.,18,54.0,1.12,6.0,1.15,6.52,1.16,6.6
2018-05-14,Internazionali BNL d'Italia,1st Round,Clay,Edmund K.,Jaziri M.,19,64.0,1.28,3.5,1.26,4.34,1.3,4.5
2018-05-14,Internazionali BNL d'Italia,1st Round,Clay,Paire B.,Gasquet R.,52,30.0,3.0,1.36,3.05,1.43,3.06,1.49
2018-05-14,Internazionali BNL d'Italia,1st Round,Clay,Berrettini M.,Tiafoe F.,103,63.0,2.62,1.44,2.68,1.53,2.75,1.57
2018-05-14,Internazionali BNL d'Italia,1st Round,Clay,Ramos-Vinolas A.,Delbonis F.,41,70.0,2.37,1.53,2.59,1.57,2.66,1.61
2018-05-14,Internazionali BNL d'Italia,1st Round,Clay,Fognini F.,Monfils G.,21,39.0,1.57,2.25,1.7,2.29,1.7,2.35
2018-05-14,Internazionali BNL d'Italia,1st Round,Clay,Kohlschreiber P.,Khachanov K.,28,36.0,1.57,2.25,1.74,2.22,1.75,2.4
2018-05-14,Internazionali BNL d'Italia,1st Round,Clay,Goffin D.,Mayer L.,10,42.0,1.28,3.5,1.37,3.4,1.37,3.64
2018-05-14,Internazionali BNL d'Italia,1st Round,Clay,Nishikori K.,Lopez F.,24,33.0,1.2,4.33,1.26,4.32,1.27,4.5
2018-05-14,Internazionali BNL d'Italia,1st Round,Clay,Haase R.,Medvedev D.,44,50.0,1.57,2.25,1.65,2.4,1.65,2.46
2018-05-14,Internazionali BNL d'Italia,1st Round,Clay,Carreno Busta P.,Donaldson J.,11,55.0,1.25,3.75,1.24,4.65,1.28,4.8
2018-05-14,Internazionali BNL d'Italia,1st Round,Clay,Bedene A.,Muller G.,65,35.0,1.36,3.0,1.42,3.11,1.47,3.2
2018-05-14,Internazionali BNL d'Italia,1st Round,Clay,Cecchinato M.,Cuevas P.,73,71.0,2.75,1.4,2.8,1.5,2.85,1.54
2018-05-15,Internazionali BNL d'Italia,2nd Round,Clay,Kohlschreiber P.,Sock J.,28,14.0,1.61,2.2,1.64,2.42,1.72,2.45
2018-05-15,Internazionali BNL d'Italia,2nd Round,Clay,Gojowczyk P.,Sonego L.,53,140.0,2.5,1.5,2.48,1.61,2.5,1.66
2018-05-15,Internazionali BNL d'Italia,2nd Round,Clay,Goffin D.,Cecchinato M.,10,73.0,1.25,3.75,1.25,4.46,1.3,4.8
2018-05-15,Internazionali BNL d'Italia,1st Round,Clay,Tsitsipas S.,Coric B.,43,40.0,2.37,1.53,2.39,1.65,2.5,1.69
2018-05-15,Internazionali BNL d'Italia,1st Round,Clay,Schwartzman D.,Jarry N.,15,62.0,1.36,3.0,1.45,3.0,1.45,3.1
2018-05-15,Internazionali BNL d'Italia,1st Round,Clay,Dzumhur D.,Verdasco F.,31,34.0,2.75,1.4,3.11,1.42,3.2,1.5
2018-05-15,Internazionali BNL d'Italia,1st Round,Clay,Basilashvili N.,Baldi F.,74,370.0,1.3,3.4,1.42,3.14,1.42,3.4
2018-05-15,Internazionali BNL d'Italia,1st Round,Clay,Pouille L.,Seppi A.,16,49.0,1.66,2.1,1.72,2.26,1.75,2.26
2018-05-15,Internazionali BNL d'Italia,1st Round,Clay,Shapovalov D.,Berdych T.,29,17.0,2.1,1.66,2.23,1.74,2.25,1.77
2018-05-16,Internazionali BNL d'Italia,2nd Round,Clay,Zverev A.,Berrettini M.,3,103.0,1.1,7.0,1.12,7.78,1.13,8.5
2018-05-16,Internazionali BNL d'Italia,2nd Round,Clay,Edmund K.,Pouille L.,19,16.0,1.66,2.1,1.76,2.2,1.8,2.3
2018-05-16,Internazionali BNL d'Italia,2nd Round,Clay,Shapovalov D.,Haase R.,29,44.0,1.53,2.37,1.65,2.4,1.67,2.48
2018-05-16,Internazionali BNL d'Italia,2nd Round,Clay,Paire B.,Schwartzman D.,52,15.0,2.62,1.44,2.84,1.49,2.9,1.54
2018-05-16,Internazionali BNL d'Italia,2nd Round,Clay,Del Potro J.M.,Tsitsipas S.,6,43.0,1.4,2.75,1.52,2.74,1.54,2.78
2018-05-16,Internazionali BNL d'Italia,2nd Round,Clay,Bedene A.,Anderson K.,65,7.0,2.62,1.44,2.55,1.58,2.62,1.59
2018-05-16,Internazionali BNL d'Italia,2nd Round,Clay,Nadal R.,Dzumhur D.,2,31.0,1.01,23.0,1.02,22.73,1.03,28.0
2018-05-16,Internazionali BNL d'Italia,2nd Round,Clay,Djokovic N.,Basilashvili N.,18,74.0,1.1,7.0,1.11,8.37,1.12,9.25
2018-05-16,Internazionali BNL d'Italia,2nd Round,Clay,Carreno Busta P.,Johnson S.,11,48.0,1.4,2.75,1.42,3.11,1.44,3.11
2018-05-16,Internazionali BNL d'Italia,2nd Round,Clay,Nishikori K.,Dimitrov G.,24,4.0,1.61,2.2,1.68,2.32,1.71,2.33
2018-05-16,Internazionali BNL d'Italia,2nd Round,Clay,Fognini F.,Thiem D.,21,8.0,3.0,1.36,3.14,1.42,3.2,1.42
2018-05-16,Internazionali BNL d'Italia,2nd Round,Clay,Ramos-Vinolas A.,Isner J.,41,9.0,2.5,1.5,2.64,1.55,2.7,1.62
2018-05-16,Internazionali BNL d'Italia,2nd Round,Clay,Cilic M.,Harrison R.,5,57.0,1.28,3.5,1.27,4.22,1.36,4.3
2018-05-17,Internazionali BNL d'Italia,3rd Round,Clay,Nishikori K.,Kohlschreiber P.,24,28.0,1.5,2.62,1.54,2.71,1.57,2.85
2018-05-17,Internazionali BNL d'Italia,3rd Round,Clay,Djokovic N.,Ramos-Vinolas A.,18,41.0,1.16,5.0,1.18,5.77,1.19,6.0
2018-05-17,Internazionali BNL d'Italia,3rd Round,Clay,Zverev A.,Edmund K.,3,19.0,1.33,3.4,1.33,3.7,1.35,3.8
2018-05-17,Internazionali BNL d'Italia,3rd Round,Clay,Cilic M.,Paire B.,5,52.0,1.44,2.75,1.54,2.7,1.54,2.9
2018-05-17,Internazionali BNL d'Italia,3rd Round,Clay,Goffin D.,Del Potro J.M.,10,6.0,2.3,1.61,2.42,1.65,2.44,1.73
2018-05-17,Internazionali BNL d'Italia,3rd Round,Clay,Carreno Busta P.,Bedene A.,11,65.0,1.66,2.2,1.75,2.23,1.75,2.29
2018-05-17,Internazionali BNL d'Italia,3rd Round,Clay,Fognini F.,Gojowczyk P.,21,53.0,1.2,4.5,1.26,4.4,1.26,4.65
2018-05-17,Internazionali BNL d'Italia,3rd Round,Clay,Nadal R.,Shapovalov D.,2,29.0,1.03,15.0,1.05,14.9,1.05,16.5
2018-05-18,Internazionali BNL d'Italia,Quarterfinals,Clay,Nadal R.,Fognini F.,2,21.0,1.07,9.0,1.1,9.05,1.12,9.25
2018-05-18,Internazionali BNL d'Italia,Quarterfinals,Clay,Cilic M.,Carreno Busta P.,5,11.0,1.44,2.62,1.53,2.74,1.55,2.85
2018-05-18,Internazionali BNL d'Italia,Quarterfinals,Clay,Djokovic N.,Nishikori K.,18,24.0,1.53,2.5,1.58,2.59,1.61,2.61
2018-05-18,Internazionali BNL d'Italia,Quarterfinals,Clay,Zverev A.,Goffin D.,3,10.0,1.44,2.75,1.46,2.98,1.54,3.05
2018-05-19,Internazionali BNL d'Italia,Semifinals,Clay,Zverev A.,Cilic M.,3,5.0,1.4,3.0,1.47,2.95,1.48,3.05
2018-05-19,Internazionali BNL d'Italia,Semifinals,Clay,Nadal R.,Djokovic N.,2,18.0,1.16,5.0,1.19,5.61,1.21,5.68
2018-05-20,Geneva Open,1st Round,Clay,Basic M.,Zverev M.,82,52.0,2.62,1.44,2.64,1.54,2.74,1.6
2018-05-20,Internazionali BNL d'Italia,The Final,Clay,Nadal R.,Zverev A.,2,3.0,1.16,5.0,1.18,5.77,1.22,6.0
2018-05-20,Lyon Open,1st Round,Clay,Hemery C.,Moutet C.,127,143.0,2.1,1.66,2.14,1.78,2.23,1.8
2018-05-20,Geneva Open,1st Round,Clay,Seppi A.,Cecchinato M.,51,72.0,1.83,1.83,1.87,2.02,2.0,2.05
2018-05-20,Lyon Open,1st Round,Clay,Albot R.,Delbonis F.,97,66.0,4.0,1.22,4.7,1.22,4.9,1.28
2018-05-21,Geneva Open,1st Round,Clay,Sandgren T.,Haider-Maurer A.,55,412.0,1.28,3.5,1.33,3.57,1.34,3.75
2018-05-21,Lyon Open,1st Round,Clay,Lajovic D.,Zeballos H.,68,101.0,1.36,3.0,1.36,3.4,1.4,3.55
2018-05-21,Lyon Open,1st Round,Clay,Coria F.,Kicker N.,335,84.0,4.5,1.18,,,4.5,1.24
2018-05-21,Lyon Open,1st Round,Clay,Carballes Baena R.,Djere L.,77,103.0,1.72,2.0,1.78,2.14,1.83,2.18
2018-05-21,Lyon Open,1st Round,Clay,Garcia-Lopez G.,Mannarino A.,71,27.0,1.83,1.83,1.96,1.93,2.05,1.96
2018-05-21,Lyon Open,1st Round,Clay,Simon G.,Samper-Montana J.,75,410.0,1.14,5.5,1.14,6.5,1.17,7.0
2018-05-21,Lyon Open,1st Round,Clay,Norrie C.,Hernandez-Fernandez J,102,266.0,1.5,2.5,1.53,2.67,1.57,2.75
2018-05-21,Geneva Open,1st Round,Clay,Pella G.,Koepfer D.,81,249.0,1.22,4.0,1.27,4.1,1.29,4.6
2018-05-21,Lyon Open,1st Round,Clay,Marterer M.,Monfils G.,69,38.0,2.37,1.53,2.47,1.6,2.8,1.65
2018-05-21,Geneva Open,1st Round,Clay,Donaldson J.,Istomin D.,57,98.0,1.5,2.5,1.61,2.45,1.66,2.61
2018-05-21,Geneva Open,1st Round,Clay,Rubin N.,Baghdatis M.,204,83.0,1.83,1.83,1.85,2.04,1.9,2.1
2018-05-21,Geneva Open,1st Round,Clay,Tiafoe F.,Harrison R.,61,56.0,1.44,2.62,1.55,2.61,1.6,2.78
2018-05-21,Geneva Open,1st Round,Clay,Gojowczyk P.,Karlovic I.,49,93.0,1.72,2.0,1.76,2.16,1.8,2.35
2018-05-21,Geneva Open,1st Round,Clay,Zapata Miralles B.,Mayer F.,281,90.0,2.75,1.4,2.62,1.54,2.85,1.57
2018-05-22,Lyon Open,1st Round,Clay,Horansky F.,Sousa J.,334,48.0,6.5,1.11,7.0,1.13,7.25,1.15
2018-05-22,Lyon Open,1st Round,Clay,Kukushkin M.,Barrere G.,91,196.0,1.53,2.37,1.63,2.42,1.67,2.61
2018-05-22,Lyon Open,1st Round,Clay,Fritz T.,Ebden M.,70,73.0,1.28,3.5,1.32,3.65,1.37,3.95
2018-05-22,Geneva Open,1st Round,Clay,Fucsovics M.,Ramos-Vinolas A.,60,36.0,2.37,1.53,2.37,1.65,2.6,1.65
2018-05-22,Lyon Open,2nd Round,Clay,Thiem D.,Carballes Baena R.,8,77.0,1.14,5.5,1.16,6.16,1.19,6.8
2018-05-22,Lyon Open,2nd Round,Clay,Garcia-Lopez G.,Hemery C.,71,127.0,1.5,2.5,1.46,2.95,1.5,3.0
2018-05-22,Geneva Open,1st Round,Clay,Johnson S.,Copil M.,47,95.0,1.4,2.75,1.47,2.88,1.48,3.04
2018-05-22,Geneva Open,1st Round,Clay,Rosol L.,Vesely J.,286,79.0,2.75,1.4,2.75,1.5,2.8,1.55
2018-05-22,Geneva Open,2nd Round,Clay,Gojowczyk P.,Ferrer D.,49,42.0,2.5,1.5,2.46,1.62,2.59,1.65
2018-05-23,Geneva Open,2nd Round,Clay,Seppi A.,Zapata Miralles B.,51,281.0,1.22,4.0,1.27,4.25,1.3,4.33
2018-05-23,Geneva Open,2nd Round,Clay,Sandgren T.,Basic M.,55,82.0,1.72,2.0,1.85,2.07,1.87,2.1
2018-05-23,Geneva Open,2nd Round,Clay,Fucsovics M.,Tiafoe F.,60,61.0,2.1,1.66,2.11,1.81,2.21,1.83
2018-05-23,Lyon Open,2nd Round,Clay,Simon G.,De Loore J.,75,351.0,1.25,3.75,1.3,3.92,1.34,4.1
2018-05-23,Lyon Open,2nd Round,Clay,Kukushkin M.,Coria F.,91,335.0,1.18,4.5,1.21,5.0,1.24,5.25
2018-05-23,Lyon Open,2nd Round,Clay,Norrie C.,Marterer M.,102,69.0,3.0,1.36,2.99,1.45,3.13,1.46
2018-05-23,Lyon Open,2nd Round,Clay,Lajovic D.,Horansky F.,68,334.0,1.12,6.0,1.13,6.99,1.17,7.25
2018-05-23,Lyon Open,2nd Round,Clay,Isner J.,Albot R.,10,97.0,1.28,3.5,1.31,3.81,1.36,3.9
2018-05-23,Lyon Open,2nd Round,Clay,Fritz T.,Sock J.,70,15.0,2.1,1.66,2.5,1.6,2.5,1.66
2018-05-23,Geneva Open,2nd Round,Clay,Wawrinka S.,Donaldson J.,25,57.0,1.44,2.62,1.49,2.84,1.5,2.98
2018-05-23,Geneva Open,2nd Round,Clay,Fognini F.,Rubin N.,19,204.0,1.25,3.75,1.29,4.05,1.33,4.15
2018-05-24,Lyon Open,Quarterfinals,Clay,Lajovic D.,Fritz T.,68,70.0,1.44,2.62,1.54,2.7,1.57,2.75
2018-05-24,Lyon Open,Quarterfinals,Clay,Simon G.,Kukushkin M.,75,91.0,1.66,2.2,1.77,2.2,1.78,2.25
2018-05-24,Lyon Open,Quarterfinals,Clay,Norrie C.,Isner J.,102,10.0,3.5,1.3,3.74,1.33,3.9,1.33
2018-05-24,Geneva Open,Quarterfinals,Clay,Gojowczyk P.,Seppi A.,49,51.0,1.9,1.9,2.07,1.86,2.07,2.02
2018-05-24,Geneva Open,Quarterfinals,Clay,Fucsovics M.,Wawrinka S.,60,25.0,2.75,1.44,2.76,1.52,2.93,1.52
2018-05-24,Geneva Open,Quarterfinals,Clay,Johnson S.,Pella G.,47,81.0,1.9,1.9,1.91,2.02,1.92,2.1
2018-05-24,Geneva Open,Quarterfinals,Clay,Fognini F.,Sandgren T.,19,55.0,1.36,3.25,1.36,3.54,1.42,3.58
2018-05-24,Geneva Open,2nd Round,Clay,Johnson S.,Rosol L.,47,286.0,1.3,3.4,1.36,3.46,1.37,3.7
2018-05-24,Geneva Open,2nd Round,Clay,Pella G.,Querrey S.,81,13.0,1.8,1.9,1.92,1.99,1.98,2.04
2018-05-25,Geneva Open,Semifinals,Clay,Fucsovics M.,Johnson S.,60,47.0,1.9,1.9,1.97,1.95,2.0,2.0
2018-05-25,Lyon Open,Semifinals,Clay,Thiem D.,Lajovic D.,8,68.0,1.3,3.5,1.43,3.13,1.44,3.6
2018-05-25,Lyon Open,Quarterfinals,Clay,Thiem D.,Garcia-Lopez G.,8,71.0,1.12,6.0,1.14,7.19,1.15,7.25
2018-05-25,Lyon Open,Semifinals,Clay,Simon G.,Norrie C.,75,102.0,1.72,2.1,1.71,2.29,1.8,2.31
2018-05-25,Geneva Open,Semifinals,Clay,Gojowczyk P.,Fognini F.,49,19.0,2.75,1.44,3.05,1.45,3.05,1.5
2018-05-26,Geneva Open,The Final,Clay,Fucsovics M.,Gojowczyk P.,60,49.0,1.9,1.9,1.93,2.0,1.94,2.01
2018-05-26,Lyon Open,The Final,Clay,Thiem D.,Simon G.,8,75.0,1.16,5.0,1.18,5.73,1.21,5.85
2018-05-27,French Open,1st Round,Clay,Goffin D.,Haase R.,9,44.0,1.14,5.5,1.16,6.28,1.17,6.28
2018-05-27,French Open,1st Round,Clay,Zverev A.,Berankis R.,3,102.0,1.01,21.0,1.01,25.99,1.03,28.5
2018-05-27,French Open,1st Round,Clay,Delbonis F.,Bellucci T.,69,278.0,1.53,2.5,1.53,2.71,1.58,2.71
2018-05-27,French Open,1st Round,Clay,Andreozzi G.,Fritz T.,108,68.0,1.5,2.62,1.54,2.66,1.57,2.66
2018-05-27,French Open,1st Round,Clay,Pouille L.,Medvedev D.,16,53.0,1.2,4.5,1.22,4.85,1.3,4.85
2018-05-27,French Open,1st Round,Clay,Berrettini M.,Otte O.,96,156.0,1.61,2.3,1.65,2.4,1.69,2.4
2018-05-27,French Open,1st Round,Clay,Verdasco F.,Nishioka Y.,35,266.0,1.25,4.0,1.25,4.46,1.29,4.55
2018-05-27,French Open,1st Round,Clay,Moutet C.,Karlovic I.,141,92.0,2.1,1.72,2.27,1.71,2.3,1.77
2018-05-27,French Open,1st Round,Clay,Dimitrov G.,Safwat M.,5,182.0,,,,,1.03,25.0
2018-05-27,French Open,1st Round,Clay,Carreno Busta P.,Kovalik J.,11,146.0,1.16,5.0,1.19,5.42,1.22,5.8
2018-05-27,French Open,1st Round,Clay,Klizan M.,Djere L.,117,101.0,1.5,2.62,1.46,2.95,1.57,2.95
2018-05-27,French Open,1st Round,Clay,Monfils G.,Benchetrit E.,37,306.0,1.16,5.0,1.2,5.24,1.2,6.13
2018-05-27,French Open,1st Round,Clay,Donaldson J.,Jarry N.,57,61.0,2.75,1.44,2.8,1.5,2.86,1.55
2018-05-27,French Open,1st Round,Clay,Dzumhur D.,Kudla D.,29,113.0,1.44,2.75,1.48,2.86,1.54,3.02
2018-05-27,French Open,1st Round,Clay,Albot R.,Barrere G.,97,197.0,2.0,1.8,2.12,1.81,2.18,1.91
2018-05-27,French Open,1st Round,Clay,Nishikori K.,Janvier M.,21,307.0,1.04,13.0,1.04,15.08,1.06,15.72
2018-05-28,French Open,1st Round,Clay,Giraldo S.,Baghdatis M.,315,84.0,1.44,2.75,1.43,3.05,1.51,3.05
2018-05-28,French Open,1st Round,Clay,Pavlasek A.,Basic M.,185,81.0,1.5,2.62,1.47,2.9,1.54,2.9
2018-05-28,French Open,1st Round,Clay,Ruud C.,Thompson J.,157,91.0,1.33,3.4,1.28,4.14,1.33,4.15
2018-05-28,French Open,1st Round,Clay,Simon G.,Basilashvili N.,65,77.0,1.57,2.37,1.56,2.6,1.62,2.63
2018-05-28,French Open,1st Round,Clay,Schwartzman D.,Hemery C.,12,130.0,1.11,7.0,1.11,8.05,1.14,8.5
2018-05-28,French Open,1st Round,Clay,Jaziri M.,Youzhny M.,63,98.0,1.3,3.5,1.32,3.74,1.33,3.8
2018-05-28,French Open,1st Round,Clay,Querrey S.,Tiafoe F.,15,58.0,2.1,1.72,2.2,1.75,2.21,1.77
2018-05-28,French Open,1st Round,Clay,Coric B.,Kohlschreiber P.,40,24.0,1.72,2.1,1.69,2.3,1.74,2.3
2018-05-28,French Open,1st Round,Clay,Gasquet R.,Seppi A.,32,50.0,1.36,3.2,1.33,3.64,1.39,3.64
2018-05-28,French Open,1st Round,Clay,Ramos-Vinolas A.,Kukushkin M.,36,83.0,1.61,2.3,1.66,2.37,1.67,2.39
2018-05-28,French Open,1st Round,Clay,Djokovic N.,Dutra Silva R.,22,134.0,1.06,11.0,1.06,12.02,1.07,12.5
2018-05-28,French Open,1st Round,Clay,Thiem D.,Ivashka I.,8,119.0,1.07,10.0,1.05,13.9,1.08,14.5
2018-05-28,French Open,1st Round,Clay,Bautista Agut R.,Istomin D.,13,100.0,1.08,9.0,1.09,9.01,1.1,9.6
2018-05-28,French Open,1st Round,Clay,Munar J.,Ferrer D.,155,41.0,2.75,1.44,2.8,1.5,2.9,1.5
2018-05-28,French Open,1st Round,Clay,Garcia-Lopez G.,Wawrinka S.,67,30.0,2.2,1.66,2.3,1.69,2.33,1.76
2018-05-28,French Open,1st Round,Clay,Paire B.,Carballes Baena R.,51,76.0,1.4,3.0,1.4,3.22,1.44,3.22
2018-05-28,French Open,1st Round,Clay,Tsitsipas S.,Taberner C.,39,213.0,1.14,5.5,1.11,8.05,1.14,8.5
2018-05-28,French Open,1st Round,Clay,Gulbis E.,Muller G.,160,34.0,1.4,3.0,1.5,2.8,1.5,3.0
2018-05-28,French Open,1st Round,Clay,Cecchinato M.,Copil M.,72,94.0,1.4,2.75,1.48,2.86,1.48,3.0
2018-05-28,French Open,1st Round,Clay,Trungelliti M.,Tomic B.,190,206.0,2.1,1.72,2.34,1.68,2.34,1.75
2018-05-28,French Open,1st Round,Clay,Norrie C.,Gojowczyk P.,85,43.0,2.5,1.53,2.6,1.56,2.6,1.58
2018-05-28,French Open,1st Round,Clay,Lajovic D.,Vesely J.,60,80.0,1.44,2.75,1.48,2.86,1.48,2.94
2018-05-28,French Open,1st Round,Clay,Khachanov K.,Haider-Maurer A.,38,412.0,1.06,11.0,1.04,15.92,1.07,15.92
2018-05-29,French Open,1st Round,Clay,Zeballos H.,Sugita Y.,103,48.0,1.44,2.75,1.47,2.93,1.47,3.49
2018-05-29,French Open,1st Round,Clay,Del Potro J.M.,Mahut N.,6,116.0,1.12,6.0,1.13,7.31,1.14,7.51
2018-05-29,French Open,1st Round,Clay,Zverev M.,Mayer F.,64,90.0,1.44,2.75,1.4,3.22,1.45,3.22
2018-05-29,French Open,1st Round,Clay,Ymer E.,Sela D.,122,104.0,1.14,5.5,1.17,6.02,1.18,6.15
2018-05-29,French Open,1st Round,Clay,Zopp J.,Sock J.,136,14.0,4.0,1.25,4.85,1.22,4.85,1.25
2018-05-29,French Open,1st Round,Clay,Nadal R.,Bolelli S.,1,129.0,1.005,29.0,1.01,32.24,1.02,29.0
2018-05-29,French Open,1st Round,Clay,Stakhovsky S.,Lopez F.,127,33.0,3.75,1.28,4.32,1.26,4.32,1.3
2018-05-29,French Open,1st Round,Clay,Johnson S.,Mannarino A.,46,26.0,1.5,2.62,1.5,2.8,1.52,2.8
2018-05-29,French Open,1st Round,Clay,Bemelmans R.,Bhambri Y.,110,93.0,1.9,1.9,1.87,2.04,1.97,2.04
2018-05-29,French Open,1st Round,Clay,Pella G.,Sousa J.,78,49.0,2.0,1.8,1.92,1.99,2.0,1.99
2018-05-29,French Open,1st Round,Clay,Edmund K.,De Minaur A.,17,105.0,1.12,6.0,1.12,7.42,1.16,7.42
2018-05-29,French Open,1st Round,Clay,Shapovalov D.,Millman J.,25,59.0,1.4,3.0,1.47,2.9,1.49,3.2
2018-05-29,French Open,1st Round,Clay,Fucsovics M.,Pospisil V.,45,88.0,1.16,5.0,1.19,5.42,1.21,5.5
2018-05-29,French Open,1st Round,Clay,Fognini F.,Andujar P.,18,128.0,1.3,3.5,1.36,3.48,1.37,3.6
2018-05-29,French Open,1st Round,Clay,Cilic M.,Duckworth J.,4,1072.0,1.01,21.0,1.01,25.99,1.03,28.4
2018-05-29,French Open,1st Round,Clay,Struff J.L.,Donskoy E.,71,79.0,1.4,3.0,1.38,3.33,1.44,3.33
2018-05-29,French Open,1st Round,Clay,Marterer M.,Harrison R.,70,56.0,1.66,2.2,1.71,2.27,1.71,2.33
2018-05-29,French Open,1st Round,Clay,Cuevas P.,Bedene A.,75,66.0,1.66,2.2,1.72,2.25,1.73,2.31
2018-05-29,French Open,1st Round,Clay,Anderson K.,Lorenzi P.,7,74.0,1.11,7.0,1.12,7.73,1.15,7.73
2018-05-29,French Open,1st Round,Clay,Fabbiano T.,Ebden M.,115,73.0,1.3,3.5,1.31,3.85,1.35,3.85
2018-05-29,French Open,1st Round,Clay,Isner J.,Rubin N.,10,173.0,1.16,5.0,1.14,6.69,1.04,23.0
2018-05-29,French Open,1st Round,Clay,Hurkacz H.,Sandgren T.,188,54.0,2.37,1.57,2.52,1.59,2.55,1.64
2018-05-30,French Open,2nd Round,Clay,Zverev A.,Lajovic D.,3,60.0,1.08,9.0,1.09,9.35,1.11,9.5
2018-05-30,French Open,2nd Round,Clay,Monfils G.,Klizan M.,37,117.0,1.66,2.2,1.72,2.25,1.76,2.28
2018-05-30,French Open,2nd Round,Clay,Khachanov K.,Garcia-Lopez G.,38,67.0,1.53,2.5,1.46,2.94,1.53,2.94
2018-05-30,French Open,2nd Round,Clay,Simon G.,Querrey S.,65,15.0,1.8,2.0,1.85,2.07,1.85,2.1
2018-05-30,French Open,2nd Round,Clay,Goffin D.,Moutet C.,9,141.0,1.1,8.0,1.08,9.87,1.1,9.9
2018-05-30,French Open,2nd Round,Clay,Berrettini M.,Gulbis E.,96,160.0,2.1,1.72,2.07,1.85,2.2,1.85
2018-05-30,French Open,2nd Round,Clay,Nishikori K.,Paire B.,21,51.0,1.22,4.33,1.24,4.55,1.28,4.73
2018-05-30,French Open,2nd Round,Clay,Dimitrov G.,Donaldson J.,5,57.0,1.14,5.5,1.15,6.35,1.17,6.38
2018-05-30,French Open,2nd Round,Clay,Cecchinato M.,Trungelliti M.,72,190.0,1.53,2.5,1.56,2.6,1.57,2.66
2018-05-30,French Open,2nd Round,Clay,Djokovic N.,Munar J.,22,155.0,1.07,9.0,1.05,13.44,1.07,13.5
2018-05-30,French Open,2nd Round,Clay,Bautista Agut R.,Giraldo S.,13,315.0,1.16,5.0,1.21,5.0,1.21,5.6
2018-05-30,French Open,2nd Round,Clay,Dzumhur D.,Albot R.,29,97.0,1.28,3.75,1.29,4.05,1.33,4.05
2018-05-30,French Open,2nd Round,Clay,Carreno Busta P.,Delbonis F.,11,69.0,1.4,3.0,1.5,2.8,1.5,3.07
2018-05-30,French Open,1st Round,Clay,Chardy J.,Berdych T.,86,20.0,2.62,1.5,2.75,1.51,2.75,1.56
2018-05-30,French Open,1st Round,Clay,Herbert P.H.,Polansky P.,87,124.0,1.3,3.5,1.29,4.05,1.3,4.08
2018-05-30,French Open,1st Round,Clay,Benneteau J.,Mayer L.,62,42.0,3.75,1.28,4.22,1.27,4.22,1.3
2018-05-30,French Open,2nd Round,Clay,Verdasco F.,Andreozzi G.,35,108.0,1.8,2.0,1.85,2.07,1.91,2.11
2018-05-31,French Open,2nd Round,Clay,Ramos-Vinolas A.,Ruud C.,36,157.0,1.44,2.75,1.51,2.75,1.51,2.94
2018-05-31,French Open,2nd Round,Clay,Coric B.,Fabbiano T.,40,115.0,1.07,10.0,1.07,11.52,1.1,11.52
2018-05-31,French Open,2nd Round,Clay,Nadal R.,Pella G.,1,78.0,1.01,21.0,1.02,24.52,1.02,27.25
2018-05-31,French Open,2nd Round,Clay,Pouille L.,Norrie C.,16,85.0,1.22,4.33,1.21,5.12,1.25,5.12
2018-05-31,French Open,2nd Round,Clay,Herbert P.H.,Chardy J.,87,86.0,2.62,1.5,2.86,1.48,2.9,1.5
2018-05-31,French Open,2nd Round,Clay,Del Potro J.M.,Benneteau J.,6,62.0,1.11,7.0,1.13,7.06,1.14,7.77
2018-05-31,French Open,2nd Round,Clay,Schwartzman D.,Pavlasek A.,12,185.0,1.16,5.0,1.16,6.16,1.18,6.7
2018-05-31,French Open,2nd Round,Clay,Isner J.,Zeballos H.,10,103.0,1.2,4.5,1.24,4.55,1.25,4.87
2018-05-31,French Open,2nd Round,Clay,Anderson K.,Cuevas P.,7,75.0,1.66,2.2,1.72,2.25,1.74,2.28
2018-05-31,French Open,2nd Round,Clay,Thiem D.,Tsitsipas S.,8,39.0,1.25,4.0,1.24,4.65,1.25,4.7
2018-05-31,French Open,2nd Round,Clay,Zverev M.,Stakhovsky S.,64,127.0,1.5,2.62,1.52,2.73,1.57,2.79
2018-05-31,French Open,2nd Round,Clay,Edmund K.,Fucsovics M.,17,45.0,1.33,3.4,1.32,3.74,1.36,3.74
2018-05-31,French Open,2nd Round,Clay,Gasquet R.,Jaziri M.,32,63.0,1.2,4.5,1.15,6.35,1.2,6.35
2018-05-31,French Open,2nd Round,Clay,Fognini F.,Ymer E.,18,122.0,1.16,5.0,1.2,5.24,1.22,5.24
2018-05-31,French Open,2nd Round,Clay,Johnson S.,Struff J.L.,46,71.0,1.66,2.2,1.71,2.27,1.71,2.31
2018-05-31,French Open,2nd Round,Clay,Marterer M.,Shapovalov D.,70,25.0,3.4,1.33,3.44,1.36,3.58,1.37
2018-05-31,French Open,2nd Round,Clay,Cilic M.,Hurkacz H.,4,188.0,1.07,10.0,1.06,12.52,1.09,13.0
2018-05-31,French Open,2nd Round,Clay,Zopp J.,Bemelmans R.,136,110.0,1.72,2.1,1.74,2.22,1.76,2.38
2018-06-01,French Open,3rd Round,Clay,Thiem D.,Berrettini M.,8,96.0,1.05,12.0,1.06,12.75,1.07,14.0
2018-06-01,French Open,3rd Round,Clay,Cecchinato M.,Carreno Busta P.,72,11.0,3.75,1.28,4.0,1.3,4.05,1.31
2018-06-01,French Open,3rd Round,Clay,Nishikori K.,Simon G.,21,65.0,1.22,4.33,1.24,4.72,1.28,4.72
2018-06-01,French Open,3rd Round,Clay,Verdasco F.,Dimitrov G.,35,5.0,2.2,1.66,2.42,1.65,2.42,1.73
2018-06-01,French Open,3rd Round,Clay,Zverev A.,Dzumhur D.,3,29.0,1.06,11.0,1.06,12.75,1.08,12.75
2018-06-01,French Open,3rd Round,Clay,Djokovic N.,Bautista Agut R.,22,13.0,1.16,5.0,1.2,5.37,1.24,5.37
2018-06-02,French Open,3rd Round,Clay,Goffin D.,Monfils G.,9,37.0,1.36,3.2,1.36,3.55,1.38,3.55
2018-06-02,French Open,3rd Round,Clay,Isner J.,Herbert P.H.,10,87.0,1.3,3.5,1.34,3.62,1.37,3.64
2018-06-02,French Open,3rd Round,Clay,Del Potro J.M.,Ramos-Vinolas A.,6,36.0,1.22,4.33,1.23,4.88,1.27,4.88
2018-06-02,French Open,3rd Round,Clay,Cilic M.,Johnson S.,4,46.0,1.2,4.5,1.21,5.14,1.24,5.14
2018-06-02,French Open,3rd Round,Clay,Nadal R.,Gasquet R.,1,32.0,1.02,19.0,1.03,19.78,1.04,20.5
2018-06-02,French Open,3rd Round,Clay,Schwartzman D.,Coric B.,12,40.0,2.3,1.61,2.39,1.66,2.4,1.71
2018-06-02,French Open,3rd Round,Clay,Anderson K.,Zverev M.,7,64.0,1.12,6.0,1.14,7.1,1.15,7.2
2018-06-02,French Open,3rd Round,Clay,Khachanov K.,Pouille L.,38,16.0,2.2,1.66,2.31,1.7,2.31,1.77
2018-06-02,French Open,3rd Round,Clay,Marterer M.,Zopp J.,70,136.0,1.25,4.0,1.25,4.55,1.27,4.65
2018-06-02,French Open,3rd Round,Clay,Fognini F.,Edmund K.,18,17.0,2.0,1.8,2.12,1.83,2.12,1.91
2018-06-03,French Open,4th Round,Clay,Zverev A.,Khachanov K.,3,38.0,1.33,3.4,1.32,3.8,1.38,3.8
2018-06-03,French Open,4th Round,Clay,Thiem D.,Nishikori K.,8,21.0,1.61,2.3,1.69,2.34,1.72,2.35
2018-06-03,French Open,4th Round,Clay,Djokovic N.,Verdasco F.,22,35.0,1.22,4.33,1.25,4.6,1.26,4.8
2018-06-03,French Open,4th Round,Clay,Cecchinato M.,Goffin D.,72,9.0,5.0,1.16,5.7,1.18,5.9,1.2
2018-06-04,French Open,4th Round,Clay,Del Potro J.M.,Isner J.,6,10.0,1.4,3.0,1.41,3.22,1.46,3.22
2018-06-04,French Open,4th Round,Clay,Cilic M.,Fognini F.,4,18.0,1.44,2.75,1.43,3.14,1.47,3.2
2018-06-04,French Open,4th Round,Clay,Schwartzman D.,Anderson K.,12,7.0,1.66,2.2,1.79,2.17,1.83,2.33
2018-06-04,French Open,4th Round,Clay,Nadal R.,Marterer M.,1,70.0,1.005,34.0,1.01,33.9,1.02,52.25
2018-06-05,French Open,Quarterfinals,Clay,Thiem D.,Zverev A.,8,3.0,1.57,2.37,1.63,2.46,1.65,2.64
2018-06-05,French Open,Quarterfinals,Clay,Cecchinato M.,Djokovic N.,72,22.0,9.0,1.08,10.36,1.08,10.5,1.11
2018-06-07,French Open,Quarterfinals,Clay,Nadal R.,Schwartzman D.,1,12.0,1.02,19.0,1.05,15.85,1.05,19.5
2018-06-07,French Open,Quarterfinals,Clay,Del Potro J.M.,Cilic M.,6,4.0,1.5,2.62,1.54,2.7,1.55,2.75
2018-06-08,French Open,Semifinals,Clay,Nadal R.,Del Potro J.M.,1,6.0,1.12,6.0,1.14,7.07,1.17,7.07
2018-06-08,French Open,Semifinals,Clay,Thiem D.,Cecchinato M.,8,72.0,1.12,6.0,1.14,7.35,1.15,7.5
2018-06-10,French Open,The Final,Clay,Nadal R.,Thiem D.,1,8.0,1.22,4.33,1.24,4.75,1.33,4.95
2018-06-11,Ricoh Open,1st Round,Grass,Sugita Y.,Basilashvili N.,53,87.0,1.4,2.75,1.38,3.31,1.54,3.85
2018-06-11,Ricoh Open,1st Round,Grass,Copil M.,Bedene A.,97,70.0,2.37,1.53,2.67,1.53,2.7,1.63
2018-06-11,Ricoh Open,1st Round,Grass,Haase R.,Karlovic I.,44,90.0,2.0,1.72,2.14,1.78,2.2,1.9
2018-06-11,Ricoh Open,1st Round,Grass,Medvedev D.,Bhambri Y.,52,84.0,1.33,3.25,1.4,3.18,1.5,3.42
2018-06-11,Mercedes Cup,1st Round,Grass,Molleker R.,Struff J.L.,303,65.0,6.0,1.12,6.83,1.13,7.0,1.17
2018-06-11,Mercedes Cup,1st Round,Grass,Mayer F.,Maden Y.,85,135.0,1.44,2.62,1.44,3.0,1.53,3.13
2018-06-11,Mercedes Cup,1st Round,Grass,Pella G.,Millman J.,75,64.0,2.62,1.44,3.05,1.43,3.2,1.46
2018-06-11,Mercedes Cup,1st Round,Grass,Zverev M.,Youzhny M.,54,93.0,1.53,2.37,1.54,2.62,1.6,2.65
2018-06-12,Mercedes Cup,1st Round,Grass,Simon G.,Viola M.,55,281.0,1.14,5.0,1.13,7.0,1.18,7.2
2018-06-12,Mercedes Cup,1st Round,Grass,Fucsovics M.,Kudla D.,46,112.0,1.66,2.1,1.87,2.02,2.0,2.25
2018-06-12,Mercedes Cup,1st Round,Grass,Istomin D.,Kohlschreiber P.,100,22.0,4.0,1.22,4.1,1.27,4.3,1.29
2018-06-12,Ricoh Open,1st Round,Grass,Bolt A.,Pospisil V.,176,88.0,2.75,1.4,2.73,1.51,3.08,1.51
2018-06-12,Ricoh Open,1st Round,Grass,Mcdonald M.,Seppi A.,110,49.0,2.75,1.4,2.94,1.45,3.18,1.49
2018-06-12,Ricoh Open,1st Round,Grass,Jaziri M.,Purcell M.,61,214.0,1.66,2.1,1.83,2.07,1.87,2.28
2018-06-12,Ricoh Open,1st Round,Grass,Tsitsipas S.,Smith J.P.,37,196.0,,,,,1.27,4.0
2018-06-12,Ricoh Open,1st Round,Grass,Ebden M.,Smyczek T.,69,125.0,1.33,3.25,1.33,3.62,1.38,3.62
2018-06-12,Ricoh Open,1st Round,Grass,Tomic B.,King K.,181,165.0,1.16,4.5,,,1.16,4.5
2018-06-12,Ricoh Open,1st Round,Grass,Donskoy E.,Skugor F.,76,350.0,1.83,1.83,1.83,2.07,1.95,2.11
2018-06-12,Ricoh Open,1st Round,Grass,Chardy J.,Garcia-Lopez G.,72,68.0,1.4,2.75,1.42,3.09,1.45,3.09
2018-06-13,Mercedes Cup,1st Round,Grass,Paire B.,Fritz T.,47,67.0,1.72,2.0,1.81,2.1,1.81,2.15
2018-06-13,Mercedes Cup,1st Round,Grass,Lopez F.,Troicki V.,33,91.0,1.3,3.4,1.32,3.7,1.33,3.7
2018-06-13,Mercedes Cup,1st Round,Grass,Marterer M.,Galovic V.,50,180.0,1.18,4.5,1.25,4.36,1.25,4.7
2018-06-13,Mercedes Cup,1st Round,Grass,Raonic M.,Basic M.,35,78.0,1.14,5.0,1.16,6.1,1.18,6.1
2018-06-13,Mercedes Cup,1st Round,Grass,Gunneswaran P.,Shapovalov D.,169,23.0,6.0,1.12,5.95,1.16,6.55,1.21
2018-06-13,Mercedes Cup,2nd Round,Grass,Federer R.,Zverev M.,2,54.0,1.14,5.5,1.16,6.2,1.17,6.56
2018-06-13,Mercedes Cup,2nd Round,Grass,Pouille L.,Molleker R.,17,303.0,1.22,4.0,1.28,4.14,1.29,4.5
2018-06-13,Ricoh Open,2nd Round,Grass,Verdasco F.,Medvedev D.,34,52.0,2.25,1.57,2.66,1.54,2.7,1.6
2018-06-13,Ricoh Open,2nd Round,Grass,Ebden M.,Muller G.,69,32.0,2.25,1.57,2.37,1.66,2.51,1.67
2018-06-13,Ricoh Open,2nd Round,Grass,Tomic B.,Haase R.,181,44.0,2.1,1.66,2.1,1.83,2.2,1.92
2018-06-13,Ricoh Open,2nd Round,Grass,Copil M.,Sugita Y.,97,53.0,2.1,1.66,2.07,1.85,2.37,1.85
2018-06-13,Mercedes Cup,2nd Round,Grass,Istomin D.,Mayer F.,100,85.0,1.72,2.0,1.71,2.27,1.84,2.27
2018-06-14,Mercedes Cup,2nd Round,Grass,Lopez F.,Simon G.,33,55.0,1.44,2.62,1.53,2.71,1.53,3.06
2018-06-14,Mercedes Cup,2nd Round,Grass,Kyrgios N.,Marterer M.,24,50.0,1.4,2.75,1.42,3.11,1.49,3.11
2018-06-14,Mercedes Cup,2nd Round,Grass,Berdych T.,Paire B.,19,47.0,1.57,2.25,1.6,2.5,1.67,2.5
2018-06-14,Mercedes Cup,2nd Round,Grass,Raonic M.,Fucsovics M.,35,46.0,1.36,3.0,1.34,3.56,1.44,3.56
2018-06-14,Mercedes Cup,2nd Round,Grass,Pella G.,Gunneswaran P.,75,169.0,1.4,2.75,1.38,3.33,1.45,3.33
2018-06-14,Ricoh Open,2nd Round,Grass,Mcdonald M.,Bolt A.,110,176.0,1.72,2.0,1.78,2.16,1.76,2.15
2018-06-14,Ricoh Open,2nd Round,Grass,Chardy J.,Mannarino A.,72,25.0,1.8,1.9,1.8,2.13,1.87,2.25
2018-06-14,Ricoh Open,2nd Round,Grass,Tsitsipas S.,Jaziri M.,37,61.0,1.4,2.75,1.52,2.73,1.6,2.82
2018-06-14,Ricoh Open,2nd Round,Grass,Gasquet R.,Donskoy E.,30,76.0,1.22,4.0,1.22,4.94,1.25,4.94
2018-06-15,Mercedes Cup,Quarterfinals,Grass,Pouille L.,Istomin D.,17,100.0,1.44,2.75,1.47,2.96,1.51,2.96
2018-06-15,Ricoh Open,Quarterfinals,Grass,Gasquet R.,Tsitsipas S.,30,37.0,1.4,3.0,1.43,3.14,1.44,3.22
2018-06-15,Ricoh Open,Quarterfinals,Grass,Tomic B.,Verdasco F.,181,34.0,1.8,2.0,1.82,2.13,1.87,2.15
2018-06-15,Ricoh Open,Quarterfinals,Grass,Ebden M.,Copil M.,69,97.0,1.53,2.5,1.61,2.52,1.65,2.55
2018-06-15,Ricoh Open,Quarterfinals,Grass,Chardy J.,Mcdonald M.,72,110.0,1.36,3.25,1.41,3.22,1.43,3.32
2018-06-15,Mercedes Cup,Quarterfinals,Grass,Kyrgios N.,Lopez F.,24,33.0,1.72,2.1,1.69,2.33,1.8,2.33
2018-06-15,Mercedes Cup,Quarterfinals,Grass,Raonic M.,Berdych T.,35,19.0,1.44,2.75,1.47,2.96,1.57,2.96
2018-06-15,Mercedes Cup,Quarterfinals,Grass,Federer R.,Pella G.,2,75.0,1.08,8.0,1.09,10.04,1.09,11.68
2018-06-16,Mercedes Cup,Semifinals,Grass,Federer R.,Kyrgios N.,2,24.0,1.33,3.4,1.38,3.4,1.39,3.48
2018-06-16,Mercedes Cup,Semifinals,Grass,Raonic M.,Pouille L.,35,17.0,1.33,3.4,1.3,3.97,1.35,4.15
2018-06-16,Ricoh Open,Semifinals,Grass,Chardy J.,Ebden M.,72,69.0,1.72,2.1,1.81,2.14,1.83,2.18
2018-06-16,Ricoh Open,Semifinals,Grass,Gasquet R.,Tomic B.,30,181.0,1.44,2.75,1.51,2.82,1.54,3.23
2018-06-17,Mercedes Cup,The Final,Grass,Federer R.,Raonic M.,2,35.0,1.3,3.5,1.38,3.41,1.4,3.7
2018-06-17,Ricoh Open,The Final,Grass,Gasquet R.,Chardy J.,30,72.0,1.44,2.75,1.41,3.22,1.5,3.3
2018-06-18,AEGON Championships,1st Round,Grass,Muller G.,Shapovalov D.,46,23.0,2.1,1.66,2.07,1.83,2.2,1.83
2018-06-18,AEGON Championships,1st Round,Grass,Cilic M.,Verdasco F.,6,33.0,1.2,4.33,1.23,4.6,1.25,5.1
2018-06-18,AEGON Championships,1st Round,Grass,Querrey S.,Clarke J.,13,223.0,1.1,7.0,1.1,8.33,1.12,8.5
2018-06-18,AEGON Championships,1st Round,Grass,Medvedev D.,Sock J.,53,14.0,1.66,2.1,1.67,2.33,1.82,2.4
2018-06-18,AEGON Championships,1st Round,Grass,Wawrinka S.,Norrie C.,261,80.0,1.66,2.1,1.65,2.37,1.73,2.45
2018-06-18,AEGON Championships,1st Round,Grass,Tiafoe F.,Donaldson J.,62,55.0,1.83,1.83,1.83,2.07,1.97,2.13
2018-06-18,Gerry Weber Open,1st Round,Grass,Sugita Y.,Marterer M.,52,49.0,2.37,1.53,2.3,1.68,2.62,1.74
2018-06-18,Gerry Weber Open,1st Round,Grass,Haase R.,Sousa J.,43,47.0,1.4,2.75,1.49,2.79,1.51,2.89
2018-06-18,Gerry Weber Open,1st Round,Grass,Bautista Agut R.,Struff J.L.,16,67.0,1.36,3.0,1.45,2.94,1.46,3.48
2018-06-18,Gerry Weber Open,1st Round,Grass,Nishikori K.,Bachinger M.,27,159.0,1.18,4.5,1.19,5.35,1.23,5.35
2018-06-18,Gerry Weber Open,1st Round,Grass,Kudla D.,Lacko L.,109,96.0,1.53,2.37,1.59,2.5,1.63,2.51
2018-06-18,Gerry Weber Open,1st Round,Grass,Thiem D.,Youzhny M.,7,94.0,1.25,3.75,1.31,3.74,1.37,3.92
2018-06-19,Gerry Weber Open,1st Round,Grass,Kohlschreiber P.,Fucsovics M.,24,45.0,1.4,2.75,1.47,2.85,1.53,3.08
2018-06-19,AEGON Championships,1st Round,Grass,Dimitrov G.,Dzumhur D.,5,29.0,1.16,4.5,1.16,6.1,1.21,6.15
2018-06-19,AEGON Championships,1st Round,Grass,Raonic M.,Bhambri Y.,31,84.0,1.12,6.0,1.11,7.74,1.14,8.0
2018-06-19,AEGON Championships,1st Round,Grass,Mayer L.,Anderson K.,38,8.0,4.33,1.2,4.41,1.25,4.7,1.25
2018-06-19,AEGON Championships,1st Round,Grass,Benneteau J.,Berdych T.,66,19.0,3.25,1.33,3.34,1.37,3.7,1.37
2018-06-19,AEGON Championships,1st Round,Grass,Djokovic N.,Millman J.,22,63.0,1.12,6.0,1.17,5.85,1.19,6.05
2018-06-19,AEGON Championships,1st Round,Grass,Chardy J.,Smyczek T.,61,121.0,1.36,3.0,1.38,3.27,1.43,3.45
2018-06-19,AEGON Championships,1st Round,Grass,Kyrgios N.,Murray A.,21,156.0,1.3,3.4,1.3,3.82,1.32,4.15
2018-06-19,AEGON Championships,1st Round,Grass,Lopez F.,Goffin D.,37,9.0,2.1,1.66,2.14,1.78,2.29,1.83
2018-06-19,AEGON Championships,1st Round,Grass,Edmund K.,Harrison R.,17,58.0,1.33,3.25,1.38,3.27,1.4,3.32
2018-06-19,Gerry Weber Open,1st Round,Grass,Coric B.,Zverev A.,34,3.0,3.25,1.33,3.78,1.31,3.94,1.36
2018-06-19,Gerry Weber Open,1st Round,Grass,Seppi A.,Berrettini M.,50,81.0,1.57,2.25,1.63,2.42,1.67,2.49
2018-06-19,Gerry Weber Open,1st Round,Grass,Federer R.,Bedene A.,1,72.0,1.04,11.0,1.06,11.82,1.07,13.0
2018-06-19,Gerry Weber Open,1st Round,Grass,Ebden M.,Jaziri M.,60,59.0,1.4,2.75,1.44,2.97,1.56,2.97
2018-06-19,Gerry Weber Open,1st Round,Grass,Mayer F.,Gasquet R.,82,25.0,3.75,1.25,4.25,1.26,4.33,1.33
2018-06-19,Gerry Weber Open,1st Round,Grass,Khachanov K.,Zverev M.,36,65.0,2.0,1.72,2.14,1.78,2.14,1.91
2018-06-19,Gerry Weber Open,1st Round,Grass,Tsitsipas S.,Pouille L.,35,18.0,2.5,1.5,2.46,1.61,2.61,1.61
2018-06-19,AEGON Championships,1st Round,Grass,Mannarino A.,Evans D.,26,340.0,1.83,1.83,1.93,1.96,2.0,2.0
2018-06-19,Gerry Weber Open,1st Round,Grass,Paire B.,Johnson S.,48,44.0,1.9,1.8,2.1,1.81,2.1,2.1
2018-06-20,AEGON Championships,2nd Round,Grass,Lopez F.,Raonic M.,37,31.0,,,,,2.6,1.5
2018-06-20,AEGON Championships,2nd Round,Grass,Tiafoe F.,Mayer L.,62,38.0,1.8,1.9,2.02,1.88,2.05,1.91
2018-06-20,AEGON Championships,2nd Round,Grass,Chardy J.,Medvedev D.,61,53.0,1.9,1.8,2.02,1.88,2.1,1.91
2018-06-20,Gerry Weber Open,2nd Round,Grass,Bautista Agut R.,Haase R.,16,43.0,1.36,3.0,1.4,3.22,1.4,3.44
2018-06-20,AEGON Championships,2nd Round,Grass,Cilic M.,Muller G.,6,46.0,1.22,4.0,1.24,4.58,1.29,4.7
2018-06-20,Gerry Weber Open,1st Round,Grass,Basilashvili N.,Molleker R.,85,286.0,1.44,2.62,1.6,2.49,1.61,2.7
2018-06-20,AEGON Championships,2nd Round,Grass,Querrey S.,Wawrinka S.,13,261.0,1.53,2.37,1.56,2.6,1.63,2.61
2018-06-20,Gerry Weber Open,2nd Round,Grass,Khachanov K.,Nishikori K.,36,27.0,2.2,1.61,2.37,1.66,2.41,1.68
2018-06-20,Gerry Weber Open,2nd Round,Grass,Kudla D.,Tsitsipas S.,109,35.0,2.25,1.57,2.66,1.54,2.66,1.63
2018-06-20,Gerry Weber Open,2nd Round,Grass,Sugita Y.,Thiem D.,52,7.0,3.5,1.28,4.3,1.26,4.35,1.3
2018-06-21,AEGON Championships,2nd Round,Grass,Kyrgios N.,Edmund K.,21,17.0,1.53,2.37,1.58,2.56,1.61,2.65
2018-06-21,AEGON Championships,2nd Round,Grass,Djokovic N.,Dimitrov G.,22,5.0,1.36,3.0,1.38,3.33,1.41,3.48
2018-06-21,Gerry Weber Open,2nd Round,Grass,Federer R.,Paire B.,1,48.0,1.06,10.0,1.05,13.21,1.07,13.21
2018-06-21,Gerry Weber Open,2nd Round,Grass,Seppi A.,Mayer F.,50,82.0,2.0,1.72,2.1,1.83,2.17,1.83
2018-06-21,AEGON Championships,2nd Round,Grass,Mannarino A.,Benneteau J.,26,66.0,1.9,1.8,2.11,1.81,2.12,1.87
2018-06-21,Gerry Weber Open,2nd Round,Grass,Coric B.,Basilashvili N.,34,85.0,1.16,4.5,1.21,5.09,1.21,5.38
2018-06-21,Gerry Weber Open,2nd Round,Grass,Ebden M.,Kohlschreiber P.,60,24.0,2.62,1.44,2.83,1.49,2.86,1.53
2018-06-22,AEGON Championships,Quarterfinals,Grass,Djokovic N.,Mannarino A.,22,26.0,1.08,8.0,1.1,9.05,1.14,9.05
2018-06-22,AEGON Championships,Quarterfinals,Grass,Kyrgios N.,Lopez F.,21,37.0,1.5,2.62,1.5,2.82,1.57,2.82
2018-06-22,AEGON Championships,Quarterfinals,Grass,Cilic M.,Querrey S.,6,13.0,1.33,3.4,1.38,3.41,1.41,3.5
2018-06-22,AEGON Championships,Quarterfinals,Grass,Chardy J.,Tiafoe F.,61,62.0,1.5,2.62,1.52,2.75,1.57,2.75
2018-06-22,Gerry Weber Open,Quarterfinals,Grass,Federer R.,Ebden M.,1,60.0,1.07,9.0,1.08,11.02,1.1,11.35
2018-06-22,Gerry Weber Open,Quarterfinals,Grass,Coric B.,Seppi A.,34,50.0,1.44,2.75,1.46,3.0,1.53,3.0
2018-06-22,Gerry Weber Open,Quarterfinals,Grass,Bautista Agut R.,Khachanov K.,16,36.0,2.0,1.8,2.06,1.87,2.06,1.91
2018-06-22,Gerry Weber Open,Quarterfinals,Grass,Kudla D.,Sugita Y.,109,52.0,2.1,1.72,2.17,1.79,2.21,1.81
2018-06-23,Gerry Weber Open,Semifinals,Grass,Coric B.,Bautista Agut R.,34,16.0,1.8,2.0,1.78,2.18,1.85,2.18
2018-06-23,Gerry Weber Open,Semifinals,Grass,Federer R.,Kudla D.,1,109.0,1.06,10.0,1.07,11.56,1.08,12.5
2018-06-23,AEGON Championships,Semifinals,Grass,Cilic M.,Kyrgios N.,6,21.0,1.66,2.2,1.76,2.22,1.76,2.3
2018-06-23,AEGON Championships,Semifinals,Grass,Djokovic N.,Chardy J.,22,61.0,1.11,6.5,1.14,6.92,1.15,7.0
2018-06-24,Antalya Open,1st Round,Grass,Sousa J.,Mayer F.,47,89.0,1.72,2.0,1.9,1.99,1.91,2.08
2018-06-24,Antalya Open,1st Round,Grass,Basilashvili N.,Carballes Baena R.,76,74.0,1.33,3.25,1.37,3.34,1.37,3.72
2018-06-24,AEGON Championships,The Final,Grass,Cilic M.,Djokovic N.,6,22.0,2.2,1.66,2.23,1.75,2.3,1.77
2018-06-24,Gerry Weber Open,The Final,Grass,Coric B.,Federer R.,34,1.0,6.0,1.12,5.77,1.18,6.1,1.18
2018-06-25,Eastbourne International,1st Round,Grass,Istomin D.,Seppi A.,91,43.0,2.37,1.53,2.37,1.65,2.45,1.69
2018-06-25,Eastbourne International,1st Round,Grass,Murray A.,Wawrinka S.,156,225.0,1.53,2.37,1.52,2.7,1.6,2.92
2018-06-25,Eastbourne International,1st Round,Grass,Ferrer D.,Berrettini M.,38,80.0,1.83,1.83,2.02,1.87,2.1,1.89
2018-06-25,Eastbourne International,1st Round,Grass,Clarke J.,Harrison R.,236,58.0,4.33,1.2,4.46,1.24,4.6,1.27
2018-06-25,Eastbourne International,1st Round,Grass,Millman J.,Muller G.,62,60.0,2.62,1.44,2.8,1.49,3.02,1.51
2018-06-25,Eastbourne International,1st Round,Grass,Donaldson J.,Fritz T.,54,68.0,2.1,1.66,2.07,1.83,2.22,1.84
2018-06-25,Antalya Open,1st Round,Grass,Vesely J.,Thompson J.,103,99.0,2.1,1.66,2.12,1.79,2.17,1.82
2018-06-25,Antalya Open,1st Round,Grass,Herbert P.H.,Delbonis F.,75,81.0,1.36,3.0,1.34,3.5,1.39,3.65
2018-06-25,Antalya Open,1st Round,Grass,Berankis R.,Donskoy E.,96,82.0,2.25,1.57,2.43,1.62,2.5,1.67
2018-06-25,Antalya Open,1st Round,Grass,Sugita Y.,Pella G.,45,72.0,1.5,2.5,1.53,2.67,1.58,2.7
2018-06-25,Antalya Open,1st Round,Grass,Lajovic D.,Horansky F.,57,301.0,1.22,4.0,1.24,4.46,1.26,4.8
2018-06-25,Antalya Open,1st Round,Grass,Garcia-Lopez G.,Daniel T.,69,87.0,1.57,2.25,1.63,2.42,1.67,2.6
2018-06-25,Antalya Open,1st Round,Grass,Kavcic B.,Baghdatis M.,176,84.0,3.75,1.25,3.7,1.32,3.8,1.36
2018-06-26,Antalya Open,1st Round,Grass,Haase R.,Youzhny M.,44,100.0,1.72,2.0,1.9,1.99,1.91,2.06
2018-06-26,Eastbourne International,1st Round,Grass,Zverev M.,Jarry N.,67,66.0,1.33,3.25,1.41,3.14,1.41,3.48
2018-06-26,Eastbourne International,1st Round,Grass,Johnson S.,Medvedev D.,42,59.0,1.83,1.83,2.06,1.84,2.1,1.93
2018-06-26,Eastbourne International,1st Round,Grass,Lacko L.,Quiroz R.,94,244.0,1.28,3.5,1.34,3.52,1.38,3.62
2018-06-26,Eastbourne International,1st Round,Grass,Mayer L.,Simon G.,36,53.0,2.0,1.72,2.12,1.79,2.2,1.83
2018-06-26,Eastbourne International,1st Round,Grass,Kukushkin M.,De Minaur A.,90,77.0,3.75,1.25,4.06,1.28,4.06,1.34
2018-06-26,Eastbourne International,1st Round,Grass,Norrie C.,Brands D.,79,316.0,1.83,1.83,1.96,1.93,2.2,1.95
2018-06-26,Antalya Open,1st Round,Grass,Basic M.,Lorenzi P.,78,86.0,1.3,3.4,1.35,3.44,1.43,3.5
2018-06-26,Antalya Open,1st Round,Grass,Copil M.,Ilkel C.,95,247.0,1.18,4.5,1.28,4.06,1.29,4.5
2018-06-26,Antalya Open,2nd Round,Grass,Basilashvili N.,Lajovic D.,76,57.0,2.25,1.57,2.41,1.64,2.54,1.66
2018-06-26,Antalya Open,2nd Round,Grass,Vesely J.,Verdasco F.,103,33.0,2.62,1.44,2.59,1.56,2.71,1.56
2018-06-27,Eastbourne International,2nd Round,Grass,Kukushkin M.,Ferrer D.,90,38.0,1.72,2.0,1.88,2.03,1.9,2.1
2018-06-27,Eastbourne International,2nd Round,Grass,Zverev M.,Johnson S.,67,42.0,2.1,1.66,2.44,1.63,2.44,1.7
2018-06-27,Eastbourne International,2nd Round,Grass,Lacko L.,Schwartzman D.,94,11.0,1.72,2.0,1.81,2.11,1.97,2.14
2018-06-27,Eastbourne International,2nd Round,Grass,Shapovalov D.,Donaldson J.,26,54.0,1.5,2.5,1.5,2.82,2.48,2.82
2018-06-27,Eastbourne International,2nd Round,Grass,Cecchinato M.,Istomin D.,31,91.0,3.4,1.3,3.98,1.29,4.0,1.33
2018-06-27,Eastbourne International,2nd Round,Grass,Norrie C.,Clarke J.,79,236.0,1.4,2.75,1.4,3.22,1.52,3.3
2018-06-27,Antalya Open,2nd Round,Grass,Sousa J.,Basic M.,47,78.0,1.4,2.75,1.48,2.86,1.56,2.86
2018-06-27,Antalya Open,2nd Round,Grass,Mannarino A.,Berankis R.,24,96.0,1.25,3.75,1.35,3.52,1.35,3.9
2018-06-27,Antalya Open,2nd Round,Grass,Monfils G.,Kavcic B.,41,176.0,1.2,4.33,1.22,4.91,1.24,5.0
2018-06-27,Antalya Open,2nd Round,Grass,Dzumhur D.,Copil M.,30,95.0,1.83,1.83,2.03,1.88,2.05,1.94
2018-06-27,Antalya Open,2nd Round,Grass,Herbert P.H.,Sugita Y.,75,45.0,2.2,1.61,2.15,1.79,2.25,1.79
2018-06-27,Eastbourne International,2nd Round,Grass,Edmund K.,Murray A.,18,156.0,2.5,1.5,2.56,1.58,2.61,1.59
2018-06-27,Antalya Open,2nd Round,Grass,Garcia-Lopez G.,Haase R.,69,44.0,2.25,1.57,2.44,1.63,2.44,2.28
2018-06-27,Eastbourne International,2nd Round,Grass,Millman J.,Mayer L.,62,36.0,1.83,1.83,1.88,2.03,2.15,2.03
2018-06-28,Antalya Open,Quarterfinals,Grass,Dzumhur D.,Herbert P.H.,30,75.0,2.1,1.72,2.27,1.72,2.27,1.87
2018-06-28,Eastbourne International,Quarterfinals,Grass,Lacko L.,Norrie C.,94,79.0,1.9,1.9,1.83,2.12,1.9,2.12
2018-06-28,Eastbourne International,Quarterfinals,Grass,Cecchinato M.,Millman J.,31,62.0,2.75,1.44,2.74,1.53,2.9,1.55
2018-06-28,Eastbourne International,Quarterfinals,Grass,Zverev M.,Shapovalov D.,67,26.0,2.2,1.66,2.17,1.79,2.3,1.79
2018-06-28,Eastbourne International,Quarterfinals,Grass,Kukushkin M.,Edmund K.,90,18.0,3.75,1.28,4.28,1.27,4.28,1.32
2018-06-28,Antalya Open,Quarterfinals,Grass,Mannarino A.,Sousa J.,24,47.0,1.53,2.37,1.54,2.7,1.57,2.77
2018-06-28,Antalya Open,Quarterfinals,Grass,Vesely J.,Basilashvili N.,103,76.0,1.57,2.37,1.57,2.6,1.67,2.6
2018-06-28,Antalya Open,Quarterfinals,Grass,Monfils G.,Garcia-Lopez G.,41,69.0,1.53,2.5,1.61,2.5,1.65,2.55
2018-06-29,Antalya Open,Semifinals,Grass,Mannarino A.,Monfils G.,24,41.0,2.0,1.8,2.04,1.88,2.14,1.88
2018-06-29,Antalya Open,Semifinals,Grass,Dzumhur D.,Vesely J.,30,103.0,1.9,1.9,1.96,1.96,2.0,2.05
2018-06-29,Eastbourne International,Semifinals,Grass,Lacko L.,Cecchinato M.,94,31.0,1.8,2.0,1.85,2.08,2.05,2.08
2018-06-29,Eastbourne International,Semifinals,Grass,Zverev M.,Kukushkin M.,67,90.0,1.53,2.5,1.56,2.63,1.6,2.65
2018-06-30,Antalya Open,The Final,Grass,Dzumhur D.,Mannarino A.,30,24.0,2.2,1.66,2.47,1.63,2.47,1.7
2018-06-30,Eastbourne International,The Final,Grass,Zverev M.,Lacko L.,67,94.0,1.5,2.62,1.53,2.74,1.6,2.74
2018-07-02,Wimbledon,1st Round,Grass,Seppi A.,Smith J.P.,50,211.0,1.44,2.75,1.53,2.7,1.53,3.15
2018-07-02,Wimbledon,1st Round,Grass,Millman J.,Travaglia S.,56,137.0,1.44,2.75,1.43,3.06,1.53,3.06
2018-07-02,Wimbledon,1st Round,Grass,Wawrinka S.,Dimitrov G.,224,6.0,4.0,1.25,4.66,1.23,4.71,1.25
2018-07-02,Wimbledon,1st Round,Grass,Tsitsipas S.,Barrere G.,35,188.0,1.2,4.33,1.22,4.9,1.25,4.9
2018-07-02,Wimbledon,1st Round,Grass,Monfils G.,Gasquet R.,44,31.0,2.5,1.53,2.71,1.53,2.71,1.56
2018-07-02,Wimbledon,1st Round,Grass,Anderson K.,Gombos N.,8,190.0,1.08,9.0,1.07,11.51,1.1,11.51
2018-07-02,Wimbledon,1st Round,Grass,Mannarino A.,Garin C.,26,167.0,1.25,4.0,1.28,4.06,1.29,4.5
2018-07-02,Wimbledon,1st Round,Grass,Bemelmans R.,Johnson S.,104,42.0,2.75,1.44,3.01,1.44,3.01,1.48
2018-07-02,Wimbledon,1st Round,Grass,Lorenzi P.,Djere L.,86,90.0,1.72,2.1,1.77,2.17,1.89,2.55
2018-07-02,Wimbledon,1st Round,Grass,Fabbiano T.,Bhambri Y.,133,85.0,1.5,2.62,1.55,2.64,1.56,2.8
2018-07-02,Wimbledon,1st Round,Grass,Harrison R.,Carballes Baena R.,59,79.0,1.12,6.0,1.13,7.38,1.16,7.38
2018-07-02,Wimbledon,1st Round,Grass,Bedene A.,Norrie C.,71,75.0,1.5,2.62,1.53,2.7,1.55,2.9
2018-07-02,Wimbledon,1st Round,Grass,Lacko L.,Bonzi B.,73,284.0,1.2,4.5,1.24,4.58,1.28,4.8
2018-07-02,Wimbledon,1st Round,Grass,Donaldson J.,Jaziri M.,54,61.0,1.5,2.62,1.53,2.7,1.53,2.72
2018-07-02,Wimbledon,1st Round,Grass,Isner J.,Maden Y.,10,134.0,1.11,6.0,1.17,6.02,1.17,7.19
2018-07-02,Wimbledon,1st Round,Grass,Struff J.L.,Mayer L.,64,36.0,2.62,1.5,2.66,1.54,2.69,1.54
2018-07-02,Wimbledon,1st Round,Grass,Medvedev D.,Coric B.,67,20.0,4.5,1.22,4.34,1.26,4.55,1.27
2018-07-02,Wimbledon,1st Round,Grass,Raonic M.,Broady L.,32,173.0,1.1,7.0,1.09,9.01,1.1,10.43
2018-07-02,Wimbledon,1st Round,Grass,Cilic M.,Nishioka Y.,5,256.0,1.03,15.0,1.03,20.5,1.04,21.0
2018-07-02,Wimbledon,1st Round,Grass,Jarry N.,Krajinovic F.,66,30.0,1.44,2.75,1.56,2.6,1.56,2.8
2018-07-02,Wimbledon,1st Round,Grass,Kohlschreiber P.,Donskoy E.,27,83.0,1.16,5.0,1.21,5.12,1.22,5.47
2018-07-02,Wimbledon,1st Round,Grass,Querrey S.,Thompson J.,13,101.0,1.12,6.0,1.14,6.87,1.17,6.87
2018-07-02,Wimbledon,1st Round,Grass,Muller G.,Mmoh M.,60,119.0,1.28,3.75,1.29,4.02,1.32,4.02
2018-07-02,Wimbledon,1st Round,Grass,Pouille L.,Kudla D.,19,84.0,1.61,2.25,1.68,2.34,1.69,2.4
2018-07-02,Wimbledon,1st Round,Grass,Stakhovsky S.,Sousa J.,109,45.0,1.61,2.25,1.74,2.22,1.75,2.25
2018-07-02,Wimbledon,1st Round,Grass,Federer R.,Lajovic D.,2,58.0,1.01,23.0,1.03,17.65,1.03,29.92
2018-07-02,Wimbledon,1st Round,Grass,Pella G.,Kubler J.,82,147.0,1.57,2.37,1.69,2.3,1.73,2.45
2018-07-02,Wimbledon,1st Round,Grass,Mcdonald M.,Berankis R.,103,96.0,1.53,2.5,1.61,2.49,1.65,2.75
2018-07-02,Wimbledon,1st Round,Grass,Karlovic I.,Youzhny M.,112,102.0,1.9,1.9,1.83,2.09,1.93,2.1
2018-07-02,Wimbledon,1st Round,Grass,Garcia-Lopez G.,Elias G.,65,118.0,1.11,7.0,1.1,8.55,1.13,9.4
2018-07-02,Wimbledon,1st Round,Grass,Novak D.,Polansky P.,171,110.0,1.57,2.37,1.56,2.6,1.63,2.6
2018-07-03,Wimbledon,1st Round,Grass,Baghdatis M.,Thiem D.,95,7.0,6.0,1.12,6.7,1.14,6.75,1.16
2018-07-03,Wimbledon,1st Round,Grass,Nadal R.,Sela D.,1,127.0,1.02,19.0,1.04,15.92,1.04,21.77
2018-07-03,Wimbledon,1st Round,Grass,Fognini F.,Daniel T.,16,87.0,1.28,3.75,1.3,3.88,1.33,4.0
2018-07-03,Wimbledon,1st Round,Grass,Khachanov K.,Ferrer D.,40,37.0,1.22,4.33,1.25,4.46,1.28,4.5
2018-07-03,Wimbledon,1st Round,Grass,Ebden M.,Goffin D.,51,9.0,2.75,1.44,2.95,1.46,2.95,1.51
2018-07-03,Wimbledon,1st Round,Grass,Kukushkin M.,Pospisil V.,77,97.0,1.61,2.3,1.67,2.35,1.67,2.4
2018-07-03,Wimbledon,1st Round,Grass,Berrettini M.,Sock J.,81,15.0,2.2,1.66,2.3,1.69,2.3,1.75
2018-07-03,Wimbledon,1st Round,Grass,Shapovalov D.,Chardy J.,25,46.0,2.1,1.72,2.15,1.79,2.2,1.79
2018-07-03,Wimbledon,1st Round,Grass,Zeballos H.,Andreozzi G.,126,105.0,1.72,2.1,1.75,2.2,1.79,2.2
2018-07-03,Wimbledon,1st Round,Grass,Simon G.,Basilashvili N.,53,74.0,1.33,3.4,1.36,3.47,1.37,3.5
2018-07-03,Wimbledon,1st Round,Grass,Benneteau J.,Fucsovics M.,63,49.0,1.61,2.3,1.64,2.42,1.67,2.45
2018-07-03,Wimbledon,1st Round,Grass,Paire B.,Jung J.,47,155.0,1.4,3.0,1.51,2.72,1.56,4.5
2018-07-03,Wimbledon,1st Round,Grass,Djokovic N.,Sandgren T.,21,57.0,1.03,15.0,1.03,18.09,1.04,20.0
2018-07-03,Wimbledon,1st Round,Grass,De Minaur A.,Cecchinato M.,80,29.0,1.44,2.75,1.47,2.92,1.5,3.0
2018-07-03,Wimbledon,1st Round,Grass,Herbert P.H.,Zverev M.,72,41.0,2.62,1.5,2.75,1.51,2.8,1.53
2018-07-03,Wimbledon,1st Round,Grass,Robert S.,Ramos-Vinolas A.,158,38.0,2.37,1.57,2.46,1.62,2.57,1.62
2018-07-03,Wimbledon,1st Round,Grass,Lopez F.,Delbonis F.,70,88.0,1.11,7.0,1.12,7.64,1.13,8.0
2018-07-03,Wimbledon,1st Round,Grass,Tiafoe F.,Verdasco F.,52,34.0,2.1,1.72,2.22,1.74,2.23,1.77
2018-07-03,Wimbledon,1st Round,Grass,Gulbis E.,Clarke J.,138,218.0,1.16,5.0,1.22,4.85,1.24,5.3
2018-07-03,Wimbledon,1st Round,Grass,Tomic B.,Hurkacz H.,184,122.0,1.36,3.2,1.34,3.56,1.37,3.56
2018-07-03,Wimbledon,1st Round,Grass,Del Potro J.M.,Gojowczyk P.,4,39.0,1.12,6.0,1.11,8.05,1.15,8.05
2018-07-03,Wimbledon,1st Round,Grass,Dzumhur D.,Marterer M.,23,48.0,1.72,2.1,1.71,2.27,1.75,2.31
2018-07-03,Wimbledon,1st Round,Grass,Nishikori K.,Harrison C.,28,198.0,1.1,8.0,1.08,9.87,1.12,10.5
2018-07-03,Wimbledon,1st Round,Grass,Vesely J.,Mayer F.,93,91.0,1.5,2.62,1.46,2.93,1.5,3.0
2018-07-03,Wimbledon,1st Round,Grass,Albot R.,Carreno Busta P.,98,12.0,3.0,1.4,3.14,1.42,3.14,1.44
2018-07-03,Wimbledon,1st Round,Grass,Bolelli S.,Cuevas P.,154,76.0,1.66,2.2,1.63,2.44,1.67,2.44
2018-07-03,Wimbledon,1st Round,Grass,Kyrgios N.,Istomin D.,18,92.0,1.12,6.0,1.13,7.05,1.15,7.3
2018-07-03,Wimbledon,1st Round,Grass,Klahn B.,Sugita Y.,168,69.0,3.5,1.3,3.32,1.38,3.5,1.43
2018-07-03,Wimbledon,1st Round,Grass,Schwartzman D.,Basic M.,11,78.0,1.5,2.62,1.45,3.0,1.5,3.0
2018-07-03,Wimbledon,1st Round,Grass,Fritz T.,Sonego L.,68,121.0,1.25,4.0,1.31,3.85,1.31,4.16
2018-07-03,Wimbledon,1st Round,Grass,Haase R.,Copil M.,43,94.0,1.5,2.62,1.59,2.52,1.7,2.65
2018-07-03,Wimbledon,1st Round,Grass,Zverev A.,Duckworth J.,3,748.0,1.03,15.0,1.06,13.0,1.06,16.75
2018-07-03,Wimbledon,1st Round,Grass,Edmund K.,Bolt A.,17,204.0,1.16,5.0,1.18,5.65,1.21,5.65
2018-07-04,Wimbledon,2nd Round,Grass,Federer R.,Lacko L.,2,73.0,1.02,19.0,1.02,22.73,1.03,27.25
2018-07-04,Wimbledon,2nd Round,Grass,Struff J.L.,Karlovic I.,64,112.0,2.37,1.57,2.37,1.66,2.41,1.67
2018-07-04,Wimbledon,2nd Round,Grass,Mannarino A.,Harrison R.,26,59.0,1.44,2.75,1.5,2.8,1.52,2.99
2018-07-04,Wimbledon,2nd Round,Grass,Albot R.,Bedene A.,98,71.0,3.4,1.33,3.19,1.41,3.4,1.42
2018-07-04,Wimbledon,2nd Round,Grass,Mcdonald M.,Jarry N.,103,66.0,1.66,2.2,1.68,2.34,1.8,2.34
2018-07-04,Wimbledon,2nd Round,Grass,Medvedev D.,Garcia-Lopez G.,67,65.0,1.33,3.5,1.38,3.31,1.4,3.5
2018-07-04,Wimbledon,2nd Round,Grass,Monfils G.,Lorenzi P.,44,86.0,1.07,9.0,1.08,10.44,1.08,11.5
2018-07-04,Wimbledon,2nd Round,Grass,Raonic M.,Millman J.,32,56.0,1.12,6.0,1.11,8.05,1.15,8.4
2018-07-04,Wimbledon,2nd Round,Grass,Querrey S.,Stakhovsky S.,13,109.0,1.16,5.0,1.2,5.24,1.22,5.24
2018-07-04,Wimbledon,2nd Round,Grass,Novak D.,Pouille L.,171,19.0,4.0,1.25,3.8,1.31,4.08,1.31
2018-07-05,Wimbledon,2nd Round,Grass,Djokovic N.,Zeballos H.,21,126.0,1.01,23.0,1.02,24.52,1.03,29.75
2018-07-05,Wimbledon,2nd Round,Grass,Fognini F.,Bolelli S.,16,154.0,1.53,2.5,1.53,2.69,1.6,2.69
2018-07-05,Wimbledon,2nd Round,Grass,Edmund K.,Klahn B.,17,168.0,1.14,5.5,1.14,6.62,1.17,6.62
2018-07-05,Wimbledon,2nd Round,Grass,Del Potro J.M.,Lopez F.,4,70.0,1.3,3.5,1.34,3.63,1.39,3.63
2018-07-05,Wimbledon,2nd Round,Grass,Nishikori K.,Tomic B.,28,184.0,1.5,2.62,1.46,2.93,1.54,2.93
2018-07-05,Wimbledon,2nd Round,Grass,Paire B.,Shapovalov D.,47,25.0,3.25,1.36,3.19,1.41,3.25,1.45
2018-07-05,Wimbledon,2nd Round,Grass,Gulbis E.,Dzumhur D.,138,23.0,2.75,1.44,3.05,1.43,3.3,1.45
2018-07-05,Wimbledon,2nd Round,Grass,Vesely J.,Schwartzman D.,93,11.0,1.8,2.0,1.88,2.02,1.95,2.02
2018-07-05,Wimbledon,2nd Round,Grass,Ebden M.,Robert S.,51,158.0,1.2,4.5,1.16,6.16,1.2,6.16
2018-07-05,Wimbledon,2nd Round,Grass,Khachanov K.,Baghdatis M.,40,95.0,1.3,3.5,1.27,4.23,1.3,4.23
2018-07-05,Wimbledon,2nd Round,Grass,Isner J.,Bemelmans R.,10,104.0,1.25,4.0,1.24,4.55,1.28,4.55
2018-07-05,Wimbledon,2nd Round,Grass,Fabbiano T.,Wawrinka S.,133,224.0,3.5,1.3,3.59,1.34,3.7,1.35
2018-07-05,Wimbledon,2nd Round,Grass,Tsitsipas S.,Donaldson J.,35,54.0,1.61,2.25,1.65,2.4,1.7,2.4
2018-07-05,Wimbledon,2nd Round,Grass,Anderson K.,Seppi A.,8,50.0,1.25,4.0,1.29,4.05,1.29,4.2
2018-07-05,Wimbledon,2nd Round,Grass,Nadal R.,Kukushkin M.,1,77.0,1.04,13.0,1.07,10.68,1.09,13.0
2018-07-05,Wimbledon,2nd Round,Grass,Pella G.,Cilic M.,82,5.0,13.0,1.04,18.03,1.03,20.0,1.05
2018-07-05,Wimbledon,2nd Round,Grass,Kohlschreiber P.,Muller G.,27,60.0,1.44,2.75,1.47,2.93,1.5,3.0
2018-07-05,Wimbledon,2nd Round,Grass,De Minaur A.,Herbert P.H.,80,72.0,1.8,2.0,1.88,2.02,1.89,2.1
2018-07-05,Wimbledon,2nd Round,Grass,Simon G.,Berrettini M.,53,81.0,1.44,2.75,1.43,3.08,1.45,3.14
2018-07-05,Wimbledon,2nd Round,Grass,Tiafoe F.,Benneteau J.,52,63.0,2.0,1.8,2.02,1.88,2.05,1.95
2018-07-05,Wimbledon,2nd Round,Grass,Kyrgios N.,Haase R.,18,43.0,1.16,5.0,1.17,6.02,1.2,6.02
2018-07-06,Wimbledon,3rd Round,Grass,Mcdonald M.,Pella G.,103,82.0,2.2,1.66,2.33,1.69,2.33,1.71
2018-07-06,Wimbledon,3rd Round,Grass,Isner J.,Albot R.,10,98.0,1.16,5.0,1.15,6.61,1.18,6.61
2018-07-06,Wimbledon,3rd Round,Grass,Tsitsipas S.,Fabbiano T.,35,133.0,1.4,3.0,1.42,3.17,1.43,3.2
2018-07-06,Wimbledon,3rd Round,Grass,Federer R.,Struff J.L.,2,64.0,1.02,17.0,1.03,21.1,1.03,24.75
2018-07-06,Wimbledon,3rd Round,Grass,Monfils G.,Querrey S.,44,13.0,2.75,1.44,3.0,1.46,3.0,1.49
2018-07-06,Wimbledon,3rd Round,Grass,Anderson K.,Kohlschreiber P.,8,27.0,1.36,3.2,1.38,3.36,1.41,3.4
2018-07-06,Wimbledon,2nd Round,Grass,Zverev A.,Fritz T.,3,68.0,1.12,6.0,1.13,7.38,1.16,7.6
2018-07-06,Wimbledon,3rd Round,Grass,Mannarino A.,Medvedev D.,26,67.0,2.0,1.8,2.04,1.88,2.13,1.88
2018-07-07,Wimbledon,3rd Round,Grass,Nishikori K.,Kyrgios N.,28,18.0,3.0,1.4,2.95,1.47,3.25,1.49
2018-07-07,Wimbledon,3rd Round,Grass,Djokovic N.,Edmund K.,21,17.0,1.25,4.0,1.27,4.26,1.3,4.28
2018-07-07,Wimbledon,3rd Round,Grass,Khachanov K.,Tiafoe F.,40,52.0,1.61,2.3,1.63,2.47,1.65,2.5
2018-07-07,Wimbledon,3rd Round,Grass,Vesely J.,Fognini F.,93,16.0,2.5,1.53,2.65,1.56,2.65,1.6
2018-07-07,Wimbledon,3rd Round,Grass,Gulbis E.,Zverev A.,138,3.0,5.5,1.14,5.77,1.18,5.77,1.19
2018-07-07,Wimbledon,3rd Round,Grass,Raonic M.,Novak D.,32,171.0,1.08,9.0,1.09,9.59,1.09,9.85
2018-07-07,Wimbledon,3rd Round,Grass,Simon G.,Ebden M.,53,51.0,2.2,1.66,2.36,1.68,2.36,1.73
2018-07-07,Wimbledon,3rd Round,Grass,Del Potro J.M.,Paire B.,4,47.0,1.11,7.0,1.12,8.03,1.13,8.4
2018-07-07,Wimbledon,3rd Round,Grass,Nadal R.,De Minaur A.,1,80.0,1.1,8.0,1.1,9.05,1.1,9.6
2018-07-09,Wimbledon,4th Round,Grass,Nadal R.,Vesely J.,1,93.0,1.08,9.0,1.07,12.18,1.1,12.18
2018-07-09,Wimbledon,4th Round,Grass,Federer R.,Mannarino A.,2,26.0,1.02,19.0,1.03,21.1,1.04,24.55
2018-07-09,Wimbledon,4th Round,Grass,Raonic M.,Mcdonald M.,32,103.0,1.11,7.0,1.1,9.31,1.12,9.31
2018-07-09,Wimbledon,4th Round,Grass,Nishikori K.,Gulbis E.,28,138.0,1.25,3.75,1.3,4.02,1.32,4.1
2018-07-09,Wimbledon,4th Round,Grass,Isner J.,Tsitsipas S.,10,35.0,1.5,2.62,1.5,2.85,1.53,2.85
2018-07-09,Wimbledon,4th Round,Grass,Anderson K.,Monfils G.,8,44.0,1.61,2.2,1.57,2.6,1.74,2.6
2018-07-09,Wimbledon,4th Round,Grass,Djokovic N.,Khachanov K.,21,40.0,1.11,7.0,1.12,7.83,1.15,7.83
2018-07-10,Wimbledon,4th Round,Grass,Del Potro J.M.,Simon G.,4,53.0,1.12,6.0,1.12,8.03,1.15,8.5
2018-07-11,Wimbledon,Quarterfinals,Grass,Djokovic N.,Nishikori K.,21,28.0,1.12,6.0,1.15,6.7,1.17,6.95
2018-07-11,Wimbledon,Quarterfinals,Grass,Anderson K.,Federer R.,8,2.0,10.0,1.07,9.52,1.09,12.6,1.1
2018-07-11,Wimbledon,Quarterfinals,Grass,Nadal R.,Del Potro J.M.,1,4.0,1.36,3.2,1.41,3.24,1.43,3.35
2018-07-11,Wimbledon,Quarterfinals,Grass,Isner J.,Raonic M.,10,32.0,2.2,1.66,2.38,1.67,2.38,1.72
2018-07-13,Wimbledon,Semifinals,Grass,Anderson K.,Isner J.,8,10.0,2.0,1.8,2.15,1.82,2.15,1.93
2018-07-14,Wimbledon,Semifinals,Grass,Djokovic N.,Nadal R.,21,1.0,1.9,1.9,2.05,1.9,2.05,1.95
2018-07-15,Wimbledon,The Final,Grass,Djokovic N.,Anderson K.,21,8.0,1.16,5.0,1.21,5.3,1.25,5.6
2018-07-16,Hall of Fame Championships,1st Round,Grass,Thompson J.,Duckworth J.,101,663.0,1.53,2.37,1.61,2.44,1.64,2.64
2018-07-16,Hall of Fame Championships,1st Round,Grass,Smyczek T.,Fratangelo B.,123,133.0,1.72,2.0,1.75,2.18,1.83,2.26
2018-07-16,Croatia Open,1st Round,Clay,Pella G.,Daniel T.,72,89.0,1.4,2.75,1.49,2.81,1.5,2.97
2018-07-16,Croatia Open,1st Round,Clay,Djere L.,Cuevas P.,100,74.0,2.37,1.53,2.57,1.56,2.6,1.59
2018-07-16,Hall of Fame Championships,1st Round,Grass,Pospisil V.,Young D.,98,232.0,1.57,2.25,1.64,2.38,1.67,2.49
2018-07-16,Hall of Fame Championships,1st Round,Grass,Kudla D.,Bemelmans R.,86,113.0,1.44,2.62,1.5,2.75,1.54,2.86
2018-07-16,SkiStar Swedish Open,1st Round,Clay,Berrettini M.,Mayer L.,75,36.0,2.1,1.66,2.16,1.76,2.48,1.8
2018-07-16,SkiStar Swedish Open,1st Round,Clay,Ruud C.,Munar J.,147,90.0,1.9,1.8,2.14,1.78,2.25,1.8
2018-07-17,Croatia Open,1st Round,Clay,Marterer M.,Serdarusic N.,49,193.0,1.28,3.5,1.26,4.21,1.31,4.21
2018-07-17,Hall of Fame Championships,1st Round,Grass,Granollers M.,Aragone J.,124,289.0,1.4,2.75,1.47,2.89,1.49,3.1
2018-07-17,Hall of Fame Championships,1st Round,Grass,Jung J.,Stakhovsky S.,131,116.0,3.0,1.36,3.06,1.42,3.32,1.42
2018-07-17,Hall of Fame Championships,1st Round,Grass,Sela D.,Tomic B.,156,155.0,3.5,1.28,3.84,1.3,4.02,1.32
2018-07-17,Hall of Fame Championships,1st Round,Grass,Muller G.,Baghdatis M.,95,96.0,2.0,1.72,1.97,1.92,2.1,1.92
2018-07-17,Hall of Fame Championships,1st Round,Grass,Harrison C.,Bolt A.,208,176.0,2.2,1.61,2.23,1.72,2.29,1.77
2018-07-17,Croatia Open,1st Round,Clay,Vesely J.,Travaglia S.,73,141.0,1.5,2.5,1.54,2.62,1.57,2.85
2018-07-17,Hall of Fame Championships,1st Round,Grass,Ramanathan R.,Estrella Burgos V.,161,198.0,1.44,2.62,1.53,2.66,1.6,2.78
2018-07-17,Hall of Fame Championships,1st Round,Grass,Karlovic I.,De Minaur A.,110,68.0,2.0,1.72,2.12,1.79,2.2,1.89
2018-07-17,Croatia Open,1st Round,Clay,Trungelliti M.,Skugor F.,188,350.0,1.4,2.75,1.41,3.1,1.45,3.15
2018-07-17,Croatia Open,1st Round,Clay,Klizan M.,Jarry N.,127,69.0,1.83,1.83,1.99,1.89,2.1,1.92
2018-07-17,Croatia Open,1st Round,Clay,Haase R.,Dutra Silva R.,38,138.0,1.66,2.1,1.88,2.01,1.88,2.23
2018-07-17,Croatia Open,1st Round,Clay,Lajovic D.,Basilashvili N.,66,82.0,1.33,3.25,1.34,3.53,1.39,3.6
2018-07-17,Croatia Open,1st Round,Clay,Fucsovics M.,Paire B.,51,54.0,1.83,1.83,1.96,1.93,2.05,1.95
2018-07-17,Croatia Open,1st Round,Clay,Auger-Aliassime F.,Martin A.,144,157.0,1.5,2.5,,,1.5,2.9
2018-07-17,Hall of Fame Championships,1st Round,Grass,Mahut N.,Harrison R.,134,55.0,1.9,1.8,2.02,1.87,2.21,1.87
2018-07-17,Croatia Open,1st Round,Clay,Donskoy E.,Lorenzi P.,83,88.0,2.25,1.57,2.33,1.67,2.5,1.67
2018-07-17,Croatia Open,1st Round,Clay,Bedene A.,Sousa J.,81,44.0,1.66,2.1,1.8,2.11,1.81,2.15
2018-07-17,SkiStar Swedish Open,1st Round,Clay,Delbonis F.,Zeballos H.,87,120.0,1.4,2.75,1.54,2.62,1.56,2.93
2018-07-17,SkiStar Swedish Open,1st Round,Clay,Bolelli S.,Carballes Baena R.,153,78.0,1.5,2.5,1.51,2.73,1.57,2.8
2018-07-17,SkiStar Swedish Open,1st Round,Clay,Monteiro T.,Ymer E.,145,111.0,2.25,1.57,2.28,1.69,2.3,1.74
2018-07-17,SkiStar Swedish Open,1st Round,Clay,Millman J.,Andreozzi G.,52,104.0,1.66,2.1,1.74,2.2,1.74,2.33
2018-07-17,SkiStar Swedish Open,1st Round,Clay,Melzer G.,Moutet C.,115,117.0,2.0,1.72,2.1,1.81,2.12,1.91
2018-07-17,SkiStar Swedish Open,1st Round,Clay,Ferrer D.,Kolar Z.,39,221.0,1.36,3.0,1.37,3.34,1.4,3.4
2018-07-17,SkiStar Swedish Open,1st Round,Clay,Verdasco F.,Sonego L.,33,118.0,1.3,3.4,1.39,3.23,1.41,3.4
2018-07-17,SkiStar Swedish Open,1st Round,Clay,Laaksonen H.,Londero J.I.,148,137.0,,,,,,
2018-07-17,SkiStar Swedish Open,1st Round,Clay,Sousa P.,Albot R.,136,93.0,1.72,2.0,1.85,2.05,1.94,2.13
2018-07-17,SkiStar Swedish Open,1st Round,Clay,Ymer M.,Istomin D.,337,91.0,1.72,2.0,1.9,1.99,1.93,2.1
2018-07-18,SkiStar Swedish Open,2nd Round,Clay,Laaksonen H.,Berrettini M.,148,75.0,3.0,1.36,3.31,1.38,3.51,1.4
2018-07-18,Hall of Fame Championships,2nd Round,Grass,Pospisil V.,Zverev M.,98,47.0,2.5,1.5,2.69,1.53,2.69,1.58
2018-07-18,Hall of Fame Championships,2nd Round,Grass,Johnson S.,Harrison C.,48,208.0,1.25,3.75,1.29,4.01,1.34,4.35
2018-07-18,Hall of Fame Championships,2nd Round,Grass,Ramanathan R.,Kudla D.,161,86.0,4.0,1.22,4.81,1.22,4.81,1.3
2018-07-18,Hall of Fame Championships,2nd Round,Grass,Granollers M.,Muller G.,124,95.0,2.62,1.44,2.7,1.53,3.08,1.63
2018-07-18,Hall of Fame Championships,2nd Round,Grass,Sela D.,Karlovic I.,156,110.0,3.25,1.33,3.23,1.4,3.3,1.46
2018-07-18,Hall of Fame Championships,2nd Round,Grass,Smyczek T.,Ebden M.,123,43.0,4.33,1.2,4.07,1.28,4.33,1.29
2018-07-18,Hall of Fame Championships,2nd Round,Grass,Mannarino A.,Thompson J.,26,101.0,1.3,3.4,1.37,3.39,1.37,3.7
2018-07-18,SkiStar Swedish Open,2nd Round,Clay,Bolelli S.,Schwartzman D.,153,12.0,3.4,1.3,3.68,1.33,3.68,1.38
2018-07-18,SkiStar Swedish Open,2nd Round,Clay,Verdasco F.,Sousa P.,33,136.0,1.28,3.5,1.34,3.57,1.37,3.62
2018-07-18,SkiStar Swedish Open,2nd Round,Clay,Carreno Busta P.,Monteiro T.,13,145.0,1.4,2.75,1.41,3.18,1.44,3.18
2018-07-18,Croatia Open,2nd Round,Clay,Pella G.,Bedene A.,72,81.0,1.66,2.1,1.72,2.26,1.75,2.31
2018-07-18,Croatia Open,2nd Round,Clay,Lajovic D.,Ramos-Vinolas A.,66,41.0,1.53,2.37,1.57,2.57,1.62,2.63
2018-07-18,Croatia Open,2nd Round,Clay,Cecchinato M.,Vesely J.,27,73.0,1.66,2.1,1.76,2.18,1.8,2.28
2018-07-18,Hall of Fame Championships,2nd Round,Grass,Jung J.,Mahut N.,131,134.0,2.75,1.4,3.22,1.4,3.25,1.46
2018-07-18,Croatia Open,2nd Round,Clay,Djere L.,Marterer M.,100,49.0,2.1,1.66,2.16,1.78,2.21,1.81
2018-07-19,Croatia Open,2nd Round,Clay,Haase R.,Klizan M.,38,127.0,2.0,1.72,2.24,1.73,2.35,1.74
2018-07-19,SkiStar Swedish Open,2nd Round,Clay,Gasquet R.,Melzer G.,29,115.0,1.22,4.0,1.26,4.34,1.3,4.55
2018-07-19,SkiStar Swedish Open,2nd Round,Clay,Fognini F.,Ymer M.,15,337.0,1.2,4.33,1.24,4.64,1.25,5.0
2018-07-19,Croatia Open,2nd Round,Clay,Donskoy E.,Dzumhur D.,83,23.0,3.75,1.25,4.04,1.29,4.15,1.34
2018-07-19,SkiStar Swedish Open,2nd Round,Clay,Delbonis F.,Millman J.,87,52.0,1.72,2.0,1.93,1.97,1.95,2.04
2018-07-19,Croatia Open,2nd Round,Clay,Trungelliti M.,Fucsovics M.,188,51.0,3.25,1.33,3.27,1.39,3.48,1.41
2018-07-19,Hall of Fame Championships,Quarterfinals,Grass,Ramanathan R.,Pospisil V.,161,98.0,2.62,1.44,2.83,1.5,2.83,1.56
2018-07-19,Hall of Fame Championships,Quarterfinals,Grass,Smyczek T.,Jung J.,123,131.0,1.9,1.9,1.95,1.97,2.0,1.97
2018-07-19,SkiStar Swedish Open,2nd Round,Clay,Ruud C.,Ferrer D.,147,39.0,2.37,1.53,2.37,1.66,2.47,1.69
2018-07-19,Croatia Open,2nd Round,Clay,Rublev A.,Auger-Aliassime F.,35,144.0,1.83,1.83,1.79,2.14,2.0,2.15
2018-07-20,Hall of Fame Championships,Quarterfinals,Grass,Granollers M.,Mannarino A.,124,26.0,2.75,1.44,2.99,1.46,3.1,1.48
2018-07-20,Croatia Open,Quarterfinals,Clay,Cecchinato M.,Djere L.,27,100.0,1.57,2.37,1.6,2.54,1.67,2.54
2018-07-20,Croatia Open,Quarterfinals,Clay,Pella G.,Lajovic D.,72,66.0,1.9,1.9,1.96,1.96,2.1,1.96
2018-07-20,Hall of Fame Championships,Quarterfinals,Grass,Johnson S.,Sela D.,48,156.0,1.4,3.0,1.41,3.21,1.45,3.3
2018-07-20,SkiStar Swedish Open,Quarterfinals,Clay,Verdasco F.,Carreno Busta P.,33,13.0,2.0,1.8,2.04,1.88,2.1,1.88
2018-07-20,SkiStar Swedish Open,Quarterfinals,Clay,Fognini F.,Delbonis F.,15,87.0,1.8,2.0,1.81,2.14,1.85,2.18
2018-07-20,SkiStar Swedish Open,Quarterfinals,Clay,Gasquet R.,Ruud C.,29,147.0,1.5,2.62,1.56,2.65,1.56,2.78
2018-07-20,SkiStar Swedish Open,Quarterfinals,Clay,Laaksonen H.,Bolelli S.,148,153.0,3.25,1.36,3.45,1.37,3.45,1.41
2018-07-20,Croatia Open,Quarterfinals,Clay,Trungelliti M.,Donskoy E.,188,83.0,1.57,2.37,1.63,2.45,1.7,2.45
2018-07-20,Croatia Open,Quarterfinals,Clay,Haase R.,Rublev A.,38,35.0,1.8,2.0,1.92,2.01,1.95,2.05
2018-07-21,Hall of Fame Championships,Semifinals,Grass,Johnson S.,Granollers M.,48,124.0,1.4,3.0,1.42,3.17,1.45,3.17
2018-07-21,Croatia Open,Semifinals,Clay,Pella G.,Haase R.,72,38.0,1.66,2.2,1.71,2.3,1.75,2.31
2018-07-21,SkiStar Swedish Open,Semifinals,Clay,Gasquet R.,Laaksonen H.,29,148.0,1.2,4.5,1.24,4.65,1.24,5.23
2018-07-21,Hall of Fame Championships,Semifinals,Grass,Ramanathan R.,Smyczek T.,161,123.0,2.0,1.8,2.07,1.87,2.07,1.87
2018-07-21,SkiStar Swedish Open,Semifinals,Clay,Fognini F.,Verdasco F.,15,33.0,2.0,1.8,2.02,1.91,2.1,1.91
2018-07-21,Croatia Open,Semifinals,Clay,Cecchinato M.,Trungelliti M.,27,188.0,1.4,3.0,1.38,3.36,1.43,3.36
2018-07-22,SkiStar Swedish Open,The Final,Clay,Fognini F.,Gasquet R.,15,29.0,1.8,2.0,1.97,1.95,1.97,2.16
2018-07-22,Croatia Open,The Final,Clay,Cecchinato M.,Pella G.,27,72.0,1.72,2.1,1.81,2.14,1.82,2.2
2018-07-22,Hall of Fame Championships,The Final,Grass,Johnson S.,Ramanathan R.,48,161.0,1.22,4.33,1.26,4.43,1.26,4.6
2018-07-23,German Tennis Championships,1st Round,Clay,Kovalik J.,Dzumhur D.,113,24.0,2.25,1.57,2.27,1.7,2.49,1.7
2018-07-23,German Tennis Championships,1st Round,Clay,Masur D.,Marterer M.,349,47.0,3.75,1.25,3.9,1.29,3.9,1.42
2018-07-23,German Tennis Championships,1st Round,Clay,Molleker R.,Ferrer D.,272,62.0,3.0,1.36,3.5,1.34,3.5,1.41
2018-07-23,German Tennis Championships,1st Round,Clay,Carreno Busta P.,Mayer F.,13,94.0,1.18,4.5,1.17,5.75,1.21,6.2
2018-07-23,Suisse Open Gstaad,1st Round,Clay,Auger-Aliassime F.,Andreozzi G.,139,118.0,1.57,2.25,1.69,2.29,1.71,2.5
2018-07-23,Suisse Open Gstaad,1st Round,Clay,Carballes Baena R.,Garcia-Lopez G.,75,67.0,2.2,1.61,2.24,1.71,2.35,1.74
2018-07-23,Suisse Open Gstaad,1st Round,Clay,Daniel T.,Ymer E.,88,111.0,1.66,2.1,1.71,2.24,1.74,2.28
2018-07-23,Suisse Open Gstaad,1st Round,Clay,Munar J.,Menendez-Maceiras A.,89,149.0,1.4,2.75,1.5,2.76,1.5,3.32
2018-07-23,Suisse Open Gstaad,1st Round,Clay,Zopp J.,Hanfmann Y.,107,99.0,2.75,1.4,3.14,1.41,3.14,1.48
2018-07-23,German Tennis Championships,1st Round,Clay,Schwartzman D.,Ruud C.,12,141.0,1.28,3.5,1.28,4.02,1.32,4.34
2018-07-23,German Tennis Championships,1st Round,Clay,Mayer L.,Ramos-Vinolas A.,36,40.0,1.61,2.2,1.69,2.28,1.75,2.3
2018-07-23,BB&T Atlanta Open,1st Round,Hard,De Minaur A.,Hurkacz H.,68,125.0,1.44,2.62,1.51,2.73,1.56,2.85
2018-07-23,BB&T Atlanta Open,1st Round,Hard,Lacko L.,Gunneswaran P.,71,186.0,1.57,2.25,1.53,2.67,1.65,2.68
2018-07-24,Suisse Open Gstaad,1st Round,Clay,Bagnis F.,Sousa J.,177,41.0,2.37,1.53,2.53,1.58,2.67,1.61
2018-07-24,Suisse Open Gstaad,1st Round,Clay,Djere L.,Istomin D.,101,90.0,1.4,2.75,1.53,2.67,1.53,2.9
2018-07-24,Suisse Open Gstaad,1st Round,Clay,Galovic V.,Haase R.,267,38.0,4.0,1.22,3.99,1.28,4.5,1.3
2018-07-24,Suisse Open Gstaad,1st Round,Clay,Berrettini M.,Albot R.,84,97.0,1.53,2.37,1.58,2.52,1.63,2.52
2018-07-24,Suisse Open Gstaad,1st Round,Clay,Lopez F.,Delbonis F.,66,82.0,2.1,1.66,2.25,1.71,2.25,1.83
2018-07-24,Suisse Open Gstaad,1st Round,Clay,Roca Batalla O.,Lorenzi P.,314,109.0,1.25,3.75,,,1.71,4.0
2018-07-24,Suisse Open Gstaad,1st Round,Clay,Huesler M.A.,Almagro N.,402,661.0,3.25,1.33,3.09,1.42,3.25,1.46
2018-07-24,German Tennis Championships,1st Round,Clay,Monfils G.,Cecchinato M.,37,22.0,1.66,2.1,1.78,2.14,1.9,2.14
2018-07-24,BB&T Atlanta Open,1st Round,Hard,Fritz T.,Ramanathan R.,65,115.0,1.3,3.4,1.37,3.34,1.37,3.5
2018-07-24,German Tennis Championships,1st Round,Clay,Monteiro T.,Simon G.,146,39.0,2.25,1.57,2.63,1.54,2.66,1.62
2018-07-24,German Tennis Championships,1st Round,Clay,Verdasco F.,Lajovic D.,33,63.0,1.8,1.9,2.01,1.88,2.05,1.96
2018-07-24,German Tennis Championships,1st Round,Clay,Jarry N.,Gojowczyk P.,69,44.0,2.0,1.72,2.02,1.87,2.2,1.87
2018-07-24,BB&T Atlanta Open,1st Round,Hard,Chardy J.,Berankis R.,43,96.0,1.44,2.62,1.48,2.84,1.53,2.84
2018-07-24,BB&T Atlanta Open,1st Round,Hard,Norrie C.,Jaziri M.,73,60.0,1.61,2.2,1.64,2.38,1.67,2.45
2018-07-24,German Tennis Championships,1st Round,Clay,Cuevas P.,Fucsovics M.,72,49.0,1.66,2.1,1.83,2.07,1.83,2.3
2018-07-24,BB&T Atlanta Open,1st Round,Hard,Harrison R.,Duckworth J.,53,660.0,1.36,3.0,1.46,2.92,1.46,3.14
2018-07-24,German Tennis Championships,1st Round,Clay,Gasquet R.,Paire B.,28,52.0,1.61,2.2,1.66,2.35,1.75,2.35
2018-07-24,BB&T Atlanta Open,1st Round,Hard,Rubin N.,Kokkinakis T.,164,172.0,2.5,1.5,2.8,1.49,2.85,1.55
2018-07-24,BB&T Atlanta Open,1st Round,Hard,Tiafoe F.,Copil M.,42,93.0,1.33,3.25,1.33,3.58,1.4,3.8
2018-07-24,BB&T Atlanta Open,1st Round,Hard,Zverev M.,Smyczek T.,45,102.0,1.57,2.25,1.58,2.53,1.67,2.59
2018-07-24,German Tennis Championships,1st Round,Clay,Bedene A.,Laaksonen H.,80,135.0,1.3,3.4,1.38,3.3,1.38,3.47
2018-07-24,German Tennis Championships,1st Round,Clay,Basilashvili N.,Kohlschreiber P.,81,25.0,3.5,1.28,3.74,1.31,4.25,1.32
2018-07-24,German Tennis Championships,1st Round,Clay,Millman J.,Struff J.L.,50,51.0,1.9,1.8,2.1,1.81,2.14,1.91
2018-07-24,German Tennis Championships,1st Round,Clay,Thiem D.,Moutet C.,8,119.0,1.1,7.0,1.14,6.65,1.16,7.26
2018-07-24,BB&T Atlanta Open,1st Round,Hard,Young D.,Karlovic I.,230,117.0,2.62,1.44,2.67,1.53,2.7,1.57
2018-07-25,BB&T Atlanta Open,2nd Round,Hard,Chung H.,Fritz T.,23,65.0,2.0,1.72,1.92,1.99,2.05,1.99
2018-07-25,BB&T Atlanta Open,2nd Round,Hard,Harrison R.,Lacko L.,53,71.0,1.53,2.37,1.65,2.4,1.71,2.44
2018-07-25,BB&T Atlanta Open,2nd Round,Hard,Zverev M.,Youzhny M.,45,105.0,1.44,2.62,1.48,2.88,1.54,2.88
2018-07-25,German Tennis Championships,2nd Round,Clay,Jarry N.,Gasquet R.,69,28.0,3.0,1.36,2.87,1.48,3.13,1.48
2018-07-25,German Tennis Championships,2nd Round,Clay,Mayer L.,Monfils G.,36,37.0,2.37,1.53,2.35,1.67,2.46,1.67
2018-07-25,German Tennis Championships,2nd Round,Clay,Kovalik J.,Molleker R.,113,272.0,1.36,3.0,1.41,3.15,1.43,3.32
2018-07-25,Suisse Open Gstaad,2nd Round,Clay,Bautista Agut R.,Munar J.,17,89.0,1.44,2.62,1.55,2.64,1.55,2.68
2018-07-25,Suisse Open Gstaad,2nd Round,Clay,Lopez F.,Roca Batalla O.,66,314.0,1.25,3.75,1.29,4.05,1.29,4.1
2018-07-25,Suisse Open Gstaad,2nd Round,Clay,Berrettini M.,Rublev A.,84,46.0,2.1,1.66,2.16,1.78,2.2,1.78
2018-07-25,Suisse Open Gstaad,2nd Round,Clay,Daniel T.,Carballes Baena R.,88,75.0,2.1,1.66,2.3,1.69,2.35,1.69
2018-07-25,German Tennis Championships,2nd Round,Clay,Monteiro T.,Verdasco F.,146,33.0,3.5,1.28,3.56,1.34,3.64,1.4
2018-07-25,BB&T Atlanta Open,1st Round,Hard,Youzhny M.,Reinberg E.,105,1032.0,1.12,6.0,1.14,6.49,1.15,7.4
2018-07-25,German Tennis Championships,2nd Round,Clay,Schwartzman D.,Masur D.,12,349.0,1.16,5.0,1.16,6.28,1.2,6.3
2018-07-25,BB&T Atlanta Open,1st Round,Hard,Baghdatis M.,Bolt A.,95,169.0,1.61,2.2,1.68,2.31,1.7,2.4
2018-07-26,German Tennis Championships,2nd Round,Clay,Carreno Busta P.,Bedene A.,13,80.0,1.61,2.2,1.66,2.37,1.76,2.4
2018-07-26,German Tennis Championships,2nd Round,Clay,Thiem D.,Millman J.,8,50.0,1.16,5.0,1.17,5.77,1.18,5.77
2018-07-26,German Tennis Championships,2nd Round,Clay,Basilashvili N.,Cuevas P.,81,72.0,3.25,1.33,3.14,1.42,3.26,1.42
2018-07-26,BB&T Atlanta Open,2nd Round,Hard,Ebden M.,Young D.,55,230.0,1.57,2.25,1.58,2.55,1.62,2.55
2018-07-26,BB&T Atlanta Open,2nd Round,Hard,Baghdatis M.,Tiafoe F.,95,42.0,2.62,1.44,2.75,1.51,2.75,1.56
2018-07-26,BB&T Atlanta Open,2nd Round,Hard,Norrie C.,Chardy J.,73,43.0,2.37,1.53,2.44,1.63,2.6,1.63
2018-07-26,Suisse Open Gstaad,2nd Round,Clay,Bagnis F.,Huesler M.A.,177,402.0,1.16,5.0,1.24,4.63,1.24,5.54
2018-07-26,Suisse Open Gstaad,2nd Round,Clay,Zopp J.,Fognini F.,107,14.0,4.33,1.22,4.14,1.28,4.33,1.29
2018-07-26,Suisse Open Gstaad,2nd Round,Clay,Djere L.,Coric B.,101,21.0,3.25,1.33,3.85,1.31,4.0,1.39
2018-07-26,Suisse Open Gstaad,2nd Round,Clay,Galovic V.,Auger-Aliassime F.,267,139.0,3.0,1.36,3.22,1.4,3.22,1.45
2018-07-26,BB&T Atlanta Open,2nd Round,Hard,Isner J.,De Minaur A.,9,68.0,1.25,3.75,1.26,4.3,1.3,4.4
2018-07-27,BB&T Atlanta Open,2nd Round,Hard,Kyrgios N.,Rubin N.,18,164.0,1.2,4.5,1.22,4.93,1.22,5.05
2018-07-27,BB&T Atlanta Open,Quarterfinals,Hard,Ebden M.,Baghdatis M.,55,95.0,2.3,1.61,2.21,1.76,2.3,1.76
2018-07-27,BB&T Atlanta Open,Quarterfinals,Hard,Isner J.,Zverev M.,9,45.0,1.3,3.4,1.34,3.62,1.36,3.7
2018-07-27,BB&T Atlanta Open,Quarterfinals,Hard,Harrison R.,Chung H.,53,23.0,3.0,1.4,3.11,1.43,3.11,1.45
2018-07-27,German Tennis Championships,Quarterfinals,Clay,Kovalik J.,Monteiro T.,113,146.0,1.5,2.62,1.54,2.71,1.55,2.75
2018-07-27,German Tennis Championships,Quarterfinals,Clay,Jarry N.,Thiem D.,69,8.0,7.0,1.1,7.55,1.13,7.75,1.14
2018-07-27,German Tennis Championships,Quarterfinals,Clay,Basilashvili N.,Carreno Busta P.,81,13.0,3.0,1.4,3.32,1.39,3.32,1.42
2018-07-27,Suisse Open Gstaad,Quarterfinals,Clay,Berrettini M.,Lopez F.,84,66.0,1.8,2.0,1.81,2.14,1.87,2.14
2018-07-27,Suisse Open Gstaad,Quarterfinals,Clay,Zopp J.,Bagnis F.,107,177.0,2.1,1.72,2.24,1.75,2.24,1.85
2018-07-27,Suisse Open Gstaad,Quarterfinals,Clay,Djere L.,Galovic V.,101,267.0,1.4,3.0,1.4,3.29,1.44,3.29
2018-07-27,Suisse Open Gstaad,Quarterfinals,Clay,Bautista Agut R.,Daniel T.,17,88.0,1.36,3.25,1.35,3.56,1.38,3.56
2018-07-27,German Tennis Championships,Quarterfinals,Clay,Mayer L.,Schwartzman D.,36,12.0,2.2,1.66,2.44,1.64,2.44,1.71
2018-07-28,German Tennis Championships,Semifinals,Clay,Basilashvili N.,Jarry N.,81,69.0,2.2,1.66,2.34,1.69,2.34,1.76
2018-07-28,German Tennis Championships,Semifinals,Clay,Mayer L.,Kovalik J.,36,113.0,1.5,2.62,1.55,2.68,1.55,2.75
2018-07-28,Suisse Open Gstaad,Semifinals,Clay,Bautista Agut R.,Djere L.,17,101.0,1.3,3.5,1.33,3.77,1.34,4.1
2018-07-28,BB&T Atlanta Open,Quarterfinals,Hard,Norrie C.,Kyrgios N.,73,18.0,4.33,1.22,4.78,1.23,4.8,1.27
2018-07-28,BB&T Atlanta Open,Semifinals,Hard,Isner J.,Ebden M.,9,55.0,1.2,4.5,1.22,4.98,1.23,5.1
2018-07-28,Suisse Open Gstaad,Semifinals,Clay,Berrettini M.,Zopp J.,84,107.0,1.36,3.25,1.39,3.33,1.39,3.35
2018-07-29,BB&T Atlanta Open,Semifinals,Hard,Harrison R.,Norrie C.,53,73.0,1.8,2.0,1.85,2.09,1.85,2.15
2018-07-29,BB&T Atlanta Open,The Final,Hard,Isner J.,Harrison R.,9,53.0,1.28,3.75,1.28,4.18,1.3,4.2
2018-07-29,German Tennis Championships,The Final,Clay,Basilashvili N.,Mayer L.,81,36.0,2.62,1.5,2.74,1.53,2.74,1.57
2018-07-29,Suisse Open Gstaad,The Final,Clay,Berrettini M.,Bautista Agut R.,84,17.0,2.62,1.5,2.56,1.59,2.7,1.59
2018-07-30,Citi Open,1st Round,Hard,Smyczek T.,Berankis R.,101,94.0,1.66,2.1,1.81,2.09,1.81,2.36
2018-07-30,Citi Open,1st Round,Hard,Hurkacz H.,Ivashka I.,120,126.0,1.72,2.0,1.75,2.19,1.8,2.26
2018-07-30,Generali Open,1st Round,Clay,Novak D.,Rodionov J.,136,268.0,1.8,1.9,1.78,2.14,1.91,2.16
2018-07-30,Generali Open,1st Round,Clay,Istomin D.,Delbonis F.,95,107.0,2.37,1.53,2.73,1.51,2.73,1.57
2018-07-30,Citi Open,1st Round,Hard,Jaziri M.,Donskoy E.,64,76.0,1.8,1.9,1.81,2.1,1.97,2.2
2018-07-30,Generali Open,1st Round,Clay,Munar J.,Hanfmann Y.,88,135.0,1.9,1.8,2.08,1.83,2.13,1.95
2018-07-30,Generali Open,1st Round,Clay,Kukushkin M.,Moutet C.,87,109.0,1.83,1.83,1.85,2.05,1.92,2.05
2018-07-30,Generali Open,1st Round,Clay,Lajovic D.,Garcia-Lopez G.,66,71.0,1.4,2.75,1.44,2.98,1.45,3.05
2018-07-31,Abierto Mexicano Mifel,1st Round,Hard,Fritz T.,Kokkinakis T.,65,164.0,1.66,2.1,1.74,2.21,1.75,2.25
2018-07-31,Abierto Mexicano Mifel,1st Round,Hard,Ymer E.,Karlovic I.,108,113.0,2.5,1.5,2.73,1.51,2.75,1.56
2018-07-31,Abierto Mexicano Mifel,1st Round,Hard,Fabbiano T.,Garanganga T.,106,451.0,1.14,5.5,1.14,6.58,1.18,7.19
2018-07-31,Citi Open,1st Round,Hard,Murray A.,Mcdonald M.,832,80.0,1.25,3.75,1.28,4.07,1.3,4.25
2018-07-31,Citi Open,1st Round,Hard,Medvedev D.,Watanuki Y.,63,287.0,1.36,3.0,1.37,3.32,1.42,3.34
2018-07-31,Citi Open,1st Round,Hard,Copil M.,Basic M.,93,83.0,1.61,2.2,1.68,2.3,1.69,2.3
2018-07-31,Citi Open,1st Round,Hard,Donaldson J.,Thompson J.,62,97.0,1.4,2.75,1.47,2.86,1.5,3.01
2018-07-31,Citi Open,1st Round,Hard,Duckworth J.,Kwiatkowski T.S.,654,393.0,1.4,2.75,1.45,2.96,1.5,3.1
2018-07-31,Citi Open,1st Round,Hard,Baghdatis M.,Paire B.,91,55.0,1.72,2.0,1.89,1.99,1.89,2.15
2018-07-31,Citi Open,1st Round,Hard,De Minaur A.,Pospisil V.,72,92.0,1.57,2.25,1.66,2.35,1.67,2.4
2018-07-31,Abierto Mexicano Mifel,1st Round,Hard,Mmoh M.,Escobedo E.,121,195.0,2.0,1.72,1.94,1.94,2.06,1.94
2018-07-31,Citi Open,1st Round,Hard,Rubin N.,Youzhny M.,152,102.0,1.57,2.25,1.67,2.32,1.69,2.32
2018-07-31,Abierto Mexicano Mifel,1st Round,Hard,Nishioka Y.,Elias G.,247,127.0,1.25,3.75,1.31,3.76,1.34,3.9
2018-07-31,Citi Open,1st Round,Hard,Kudla D.,Lacko L.,85,75.0,1.72,2.0,1.83,2.06,2.0,2.05
2018-07-31,Generali Open,1st Round,Clay,Daniel T.,Struff J.L.,81,56.0,2.1,1.66,2.34,1.66,2.5,1.67
2018-07-31,Generali Open,1st Round,Clay,Albot R.,Kovalik J.,98,82.0,3.25,1.33,3.3,1.38,3.4,1.4
2018-07-31,Generali Open,1st Round,Clay,Marterer M.,Zopp J.,47,96.0,1.53,2.37,1.56,2.57,1.61,2.6
2018-07-31,Generali Open,1st Round,Clay,Jarry N.,Carballes Baena R.,53,84.0,1.61,2.2,1.56,2.56,1.67,2.6
2018-07-31,Generali Open,1st Round,Clay,Klizan M.,Ofner S.,112,157.0,1.36,3.0,1.44,2.99,1.5,3.05
2018-07-31,Generali Open,1st Round,Clay,Berrettini M.,Simon G.,54,40.0,1.9,1.8,1.83,2.07,2.1,2.1
2018-07-31,Generali Open,1st Round,Clay,Djere L.,Basilashvili N.,90,35.0,1.61,2.2,1.7,2.26,1.74,2.48
2018-08-01,Generali Open,2nd Round,Clay,Marterer M.,Kukushkin M.,47,87.0,1.66,2.1,1.75,2.2,1.75,2.3
2018-08-01,Generali Open,2nd Round,Clay,Daniel T.,Djere L.,81,90.0,2.25,1.57,2.2,1.76,2.35,1.77
2018-08-01,Generali Open,2nd Round,Clay,Istomin D.,Kohlschreiber P.,95,29.0,3.5,1.28,3.43,1.36,3.65,1.37
2018-08-01,Citi Open,2nd Round,Hard,Duckworth J.,Kubler J.,654,105.0,,,,,4.0,1.22
2018-08-01,Citi Open,1st Round,Hard,Young D.,Wawrinka S.,234,198.0,3.25,1.33,3.41,1.36,3.41,1.38
2018-08-01,Citi Open,1st Round,Hard,Herbert P.H.,Krueger M.,78,217.0,1.53,2.37,1.57,2.54,1.65,2.54
2018-08-01,Citi Open,1st Round,Hard,Millot V.,Sugita Y.,291,73.0,3.5,1.28,3.39,1.36,3.65,1.38
2018-08-01,Citi Open,1st Round,Hard,Paul T.,Bolt A.,256,166.0,1.66,2.1,1.78,2.14,1.8,2.19
2018-08-01,Citi Open,2nd Round,Hard,Copil M.,Chardy J.,93,43.0,2.5,1.5,2.52,1.59,2.62,1.59
2018-08-01,Citi Open,2nd Round,Hard,Tiafoe F.,Hurkacz H.,41,120.0,1.44,2.62,1.49,2.85,1.49,2.94
2018-08-01,Citi Open,2nd Round,Hard,Kudla D.,Khachanov K.,85,37.0,3.0,1.36,3.08,1.43,3.2,1.44
2018-08-01,Generali Open,2nd Round,Clay,Munar J.,Haase R.,88,38.0,1.9,1.8,2.12,1.81,2.15,1.86
2018-08-01,Citi Open,2nd Round,Hard,Zverev M.,Smyczek T.,42,101.0,1.5,2.5,1.59,2.53,1.63,2.58
2018-08-01,Citi Open,2nd Round,Hard,Tsitsipas S.,Donaldson J.,32,62.0,1.66,2.1,1.79,2.15,1.83,2.15
2018-08-01,Citi Open,2nd Round,Hard,Chung H.,Baghdatis M.,23,91.0,1.5,2.5,1.54,2.66,1.59,2.7
2018-08-01,Citi Open,2nd Round,Hard,Pouille L.,Millot V.,19,291.0,1.22,4.0,1.26,4.3,1.31,4.3
2018-08-01,Citi Open,2nd Round,Hard,Murray A.,Edmund K.,832,18.0,2.25,1.57,2.44,1.63,2.44,1.74
2018-08-01,Generali Open,2nd Round,Clay,Klizan M.,Thiem D.,112,8.0,4.33,1.2,4.14,1.28,4.5,1.28
2018-08-01,Generali Open,2nd Round,Clay,Berrettini M.,Albot R.,54,98.0,1.44,2.62,1.47,2.91,1.48,3.0
2018-08-01,Generali Open,2nd Round,Clay,Lajovic D.,Novak D.,66,136.0,1.36,3.0,1.37,3.4,1.38,3.5
2018-08-01,Citi Open,2nd Round,Hard,Shapovalov D.,Medvedev D.,26,63.0,1.5,2.5,1.65,2.39,1.65,2.55
2018-08-01,Generali Open,2nd Round,Clay,Jarry N.,Verdasco F.,53,33.0,2.1,1.66,2.2,1.75,2.2,1.82
2018-08-01,Abierto Mexicano Mifel,1st Round,Hard,Querrey S.,Gomez L.,28,693.0,1.02,15.0,1.04,15.42,1.04,18.0
2018-08-01,Abierto Mexicano Mifel,1st Round,Hard,Norrie C.,Gunneswaran P.,74,177.0,1.25,3.75,1.27,4.15,1.3,4.15
2018-08-01,Abierto Mexicano Mifel,1st Round,Hard,Gerasimov E.,Tomic B.,301,153.0,2.75,1.4,3.01,1.43,3.01,1.46
2018-08-01,Abierto Mexicano Mifel,1st Round,Hard,Lopez F.,Safwat M.,69,173.0,1.22,4.0,1.3,3.87,1.35,4.3
2018-08-01,Abierto Mexicano Mifel,1st Round,Hard,Giron M.,Arevalo M.,446,145.0,1.72,2.0,1.79,2.13,1.82,2.15
2018-08-01,Abierto Mexicano Mifel,1st Round,Hard,Polansky P.,Galan D.E.,122,176.0,1.53,2.37,1.59,2.49,1.61,2.58
2018-08-01,Abierto Mexicano Mifel,1st Round,Hard,Halys Q.,Muller G.,150,104.0,1.9,1.8,2.14,1.78,2.24,1.87
2018-08-02,Citi Open,2nd Round,Hard,Goffin D.,Herbert P.H.,11,78.0,1.36,3.0,1.45,2.97,1.45,3.0
2018-08-02,Citi Open,2nd Round,Hard,Zverev A.,Jaziri M.,3,64.0,1.11,6.5,1.15,6.57,1.15,7.0
2018-08-02,Citi Open,2nd Round,Hard,De Minaur A.,Johnson S.,72,34.0,2.37,1.53,2.54,1.58,2.6,1.61
2018-08-02,Generali Open,Quarterfinals,Clay,Munar J.,Daniel T.,88,81.0,1.8,2.0,1.92,2.01,1.95,2.1
2018-08-02,Citi Open,2nd Round,Hard,Rubin N.,Isner J.,152,9.0,4.5,1.18,5.31,1.2,5.31,1.2
2018-08-02,Citi Open,2nd Round,Hard,Nishikori K.,Young D.,20,234.0,1.16,5.0,1.17,5.89,1.23,6.0
2018-08-02,Generali Open,Quarterfinals,Clay,Klizan M.,Lajovic D.,112,66.0,2.2,1.66,2.23,1.75,2.3,1.78
2018-08-02,Generali Open,Quarterfinals,Clay,Istomin D.,Marterer M.,95,47.0,2.37,1.57,2.74,1.53,2.74,1.63
2018-08-02,Abierto Mexicano Mifel,2nd Round,Hard,Dzumhur D.,Fabbiano T.,24,106.0,1.53,2.37,1.61,2.48,1.61,2.51
2018-08-02,Abierto Mexicano Mifel,2nd Round,Hard,Nishioka Y.,Fritz T.,247,65.0,2.75,1.4,2.9,1.47,2.95,1.49
2018-08-02,Abierto Mexicano Mifel,2nd Round,Hard,Norrie C.,Lopez F.,74,69.0,1.66,2.1,1.88,2.03,1.88,2.25
2018-08-02,Citi Open,2nd Round,Hard,Rublev A.,Paul T.,46,256.0,1.5,2.5,1.51,2.75,1.56,2.75
2018-08-02,Abierto Mexicano Mifel,2nd Round,Hard,Mannarino A.,Ymer E.,25,108.0,1.4,2.75,1.54,2.66,1.54,2.83
2018-08-02,Abierto Mexicano Mifel,2nd Round,Hard,Mmoh M.,Polansky P.,121,122.0,1.66,2.1,1.63,2.44,1.68,2.45
2018-08-02,Abierto Mexicano Mifel,2nd Round,Hard,Gerasimov E.,Querrey S.,301,28.0,5.0,1.16,4.62,1.24,5.5,1.24
2018-08-02,Abierto Mexicano Mifel,2nd Round,Hard,Fognini F.,Halys Q.,15,150.0,1.4,2.75,1.52,2.72,1.52,2.83
2018-08-02,Generali Open,Quarterfinals,Clay,Jarry N.,Berrettini M.,53,54.0,1.9,1.9,2.11,1.83,2.11,2.0
2018-08-02,Abierto Mexicano Mifel,2nd Round,Hard,Del Potro J.M.,Giron M.,4,446.0,1.05,10.0,1.03,17.92,1.07,17.92
2018-08-03,Citi Open,3rd Round,Hard,De Minaur A.,Chung H.,72,23.0,3.0,1.36,2.8,1.5,3.0,1.5
2018-08-03,Citi Open,3rd Round,Hard,Rublev A.,Rubin N.,46,152.0,1.5,2.5,1.65,2.39,1.65,2.6
2018-08-03,Citi Open,3rd Round,Hard,Nishikori K.,Shapovalov D.,20,26.0,1.57,2.25,1.65,2.39,1.65,2.44
2018-08-03,Citi Open,3rd Round,Hard,Kudla D.,Pouille L.,85,19.0,1.9,1.8,2.05,1.86,2.17,1.91
2018-08-03,Citi Open,3rd Round,Hard,Murray A.,Copil M.,832,93.0,1.22,4.0,1.25,4.46,1.27,4.46
2018-08-03,Citi Open,Quarterfinals,Hard,Tsitsipas S.,Goffin D.,32,11.0,2.5,1.53,2.57,1.58,2.63,1.6
2018-08-03,Citi Open,3rd Round,Hard,Zverev A.,Zverev M.,3,42.0,1.2,4.33,1.24,4.55,1.25,4.7
2018-08-03,Citi Open,3rd Round,Hard,Tsitsipas S.,Duckworth J.,32,654.0,1.33,3.25,1.43,3.08,1.43,3.25
2018-08-03,Citi Open,3rd Round,Hard,Goffin D.,Tiafoe F.,11,41.0,1.72,2.0,1.81,2.12,1.92,2.12
2018-08-03,Abierto Mexicano Mifel,Quarterfinals,Hard,Del Potro J.M.,Gerasimov E.,4,301.0,1.08,8.0,1.11,8.55,1.11,9.25
2018-08-03,Abierto Mexicano Mifel,Quarterfinals,Hard,Norrie C.,Mannarino A.,74,25.0,1.72,2.1,1.9,2.03,1.9,2.13
2018-08-03,Abierto Mexicano Mifel,Quarterfinals,Hard,Fognini F.,Nishioka Y.,15,247.0,1.57,2.37,1.63,2.48,1.67,2.51
2018-08-03,Abierto Mexicano Mifel,Quarterfinals,Hard,Dzumhur D.,Mmoh M.,24,121.0,1.66,2.2,1.62,2.48,1.67,2.5
2018-08-03,Generali Open,Semifinals,Clay,Klizan M.,Munar J.,112,88.0,1.66,2.2,1.68,2.36,1.74,2.52
2018-08-03,Generali Open,Semifinals,Clay,Istomin D.,Jarry N.,95,53.0,2.5,1.53,2.58,1.58,2.6,1.63
2018-08-04,Abierto Mexicano Mifel,Semifinals,Hard,Del Potro J.M.,Dzumhur D.,4,24.0,1.16,5.0,1.15,6.52,1.2,6.52
2018-08-04,Abierto Mexicano Mifel,Semifinals,Hard,Fognini F.,Norrie C.,15,74.0,1.8,2.0,1.81,2.14,1.83,2.15
2018-08-04,Generali Open,The Final,Clay,Klizan M.,Istomin D.,112,95.0,1.53,2.5,1.59,2.55,1.66,2.6
2018-08-04,Citi Open,Quarterfinals,Hard,De Minaur A.,Murray A.,72,832.0,2.0,1.8,2.09,1.85,2.11,1.91
2018-08-04,Citi Open,Quarterfinals,Hard,Zverev A.,Nishikori K.,3,20.0,1.66,2.2,1.63,2.46,1.71,2.46
2018-08-04,Citi Open,Quarterfinals,Hard,Rublev A.,Kudla D.,46,85.0,1.57,2.37,1.63,2.48,1.68,2.5
2018-08-04,Citi Open,Semifinals,Hard,Zverev A.,Tsitsipas S.,3,32.0,1.3,3.5,1.34,3.62,1.37,3.77
2018-08-05,Abierto Mexicano Mifel,The Final,Hard,Fognini F.,Del Potro J.M.,15,4.0,3.75,1.28,4.46,1.26,4.65,1.29
2018-08-05,Citi Open,The Final,Hard,Zverev A.,De Minaur A.,3,72.0,1.14,5.5,1.17,6.0,1.2,6.55
2018-08-05,Citi Open,Semifinals,Hard,De Minaur A.,Rublev A.,72,46.0,2.2,1.66,2.1,1.84,2.37,1.84
2018-08-06,Rogers Masters,1st Round,Hard,Paire B.,Donaldson J.,55,62.0,2.0,1.72,2.04,1.87,2.1,1.87
2018-08-06,Rogers Masters,1st Round,Hard,Polansky P.,Ebden M.,121,52.0,2.25,1.57,2.59,1.56,2.59,1.62
2018-08-06,Rogers Masters,1st Round,Hard,Ivashka I.,Sugita Y.,125,74.0,1.61,2.2,1.71,2.27,1.72,2.3
2018-08-06,Rogers Masters,1st Round,Hard,Verdasco F.,Gojowczyk P.,31,48.0,1.5,2.5,1.63,2.44,1.63,2.55
2018-08-06,Rogers Masters,1st Round,Hard,Fucsovics M.,Sousa J.,51,63.0,1.61,2.2,1.68,2.32,1.75,2.32
2018-08-06,Rogers Masters,1st Round,Hard,Medvedev D.,Sock J.,68,19.0,1.53,2.37,1.6,2.51,1.63,2.68
2018-08-06,Rogers Masters,1st Round,Hard,Klahn B.,Ferrer D.,116,69.0,1.72,2.0,1.75,2.2,2.37,2.21
2018-08-06,Rogers Masters,1st Round,Hard,Herbert P.H.,Ramos-Vinolas A.,80,40.0,1.5,2.5,1.49,2.85,1.55,2.9
2018-08-07,Rogers Masters,1st Round,Hard,Tsitsipas S.,Dzumhur D.,27,24.0,1.53,2.37,1.51,2.76,1.57,2.76
2018-08-07,Rogers Masters,2nd Round,Hard,Dimitrov G.,Verdasco F.,5,31.0,1.66,2.1,1.66,2.37,1.75,2.37
2018-08-07,Rogers Masters,1st Round,Hard,Donskoy E.,Rublev A.,87,37.0,3.0,1.36,3.25,1.4,3.3,1.43
2018-08-07,Rogers Masters,1st Round,Hard,Auger-Aliassime F.,Pouille L.,133,18.0,2.62,1.44,2.71,1.53,2.88,1.55
2018-08-07,Rogers Masters,1st Round,Hard,Fognini F.,Johnson S.,14,33.0,1.72,2.0,1.78,2.17,1.78,2.28
2018-08-07,Rogers Masters,1st Round,Hard,Djokovic N.,Basic M.,10,84.0,1.04,11.0,1.03,17.65,1.06,17.65
2018-08-07,Rogers Masters,1st Round,Hard,Harrison R.,Mcdonald M.,57,83.0,1.5,2.5,1.52,2.72,1.6,2.85
2018-08-07,Rogers Masters,1st Round,Hard,Tiafoe F.,Cecchinato M.,41,21.0,1.36,3.0,1.4,3.24,1.49,3.24
2018-08-07,Rogers Masters,1st Round,Hard,Querrey S.,Mannarino A.,32,25.0,1.57,2.25,1.69,2.31,1.71,2.45
2018-08-07,Rogers Masters,1st Round,Hard,Haase R.,Nishikori K.,39,22.0,4.5,1.18,4.89,1.22,5.0,1.24
2018-08-07,Rogers Masters,1st Round,Hard,Wawrinka S.,Kyrgios N.,195,17.0,2.5,1.5,2.94,1.46,2.94,1.53
2018-08-07,Rogers Masters,1st Round,Hard,Khachanov K.,Krajinovic F.,38,30.0,1.33,3.25,1.4,3.24,1.41,3.46
2018-08-07,Rogers Masters,1st Round,Hard,Coric B.,Pospisil V.,20,94.0,1.28,3.5,1.37,3.37,1.38,3.5
2018-08-07,Rogers Masters,1st Round,Hard,Schwartzman D.,Edmund K.,12,16.0,3.25,1.33,3.22,1.4,3.37,1.43
2018-08-07,Rogers Masters,1st Round,Hard,Raonic M.,Goffin D.,29,11.0,1.4,2.75,1.49,2.84,1.56,2.85
2018-08-07,Rogers Masters,1st Round,Hard,Carreno Busta P.,Nishioka Y.,13,206.0,1.5,2.5,1.57,2.57,1.59,2.75
2018-08-08,Rogers Masters,2nd Round,Hard,Tsitsipas S.,Thiem D.,27,8.0,1.8,1.9,1.93,1.97,1.98,2.0
2018-08-08,Rogers Masters,2nd Round,Hard,Shapovalov D.,Fognini F.,26,14.0,1.53,2.37,1.67,2.35,1.67,2.42
2018-08-08,Rogers Masters,2nd Round,Hard,Isner J.,Herbert P.H.,9,80.0,1.28,3.5,1.28,4.09,1.33,4.2
2018-08-08,Rogers Masters,2nd Round,Hard,Tiafoe F.,Raonic M.,41,29.0,3.75,1.25,4.18,1.27,4.2,1.29
2018-08-08,Rogers Masters,2nd Round,Hard,Ivashka I.,Harrison R.,125,57.0,2.75,1.4,2.8,1.5,3.01,1.5
2018-08-08,Rogers Masters,2nd Round,Hard,Anderson K.,Donskoy E.,6,87.0,1.25,3.75,1.25,4.46,1.26,4.6
2018-08-08,Rogers Masters,2nd Round,Hard,Haase R.,Youzhny M.,39,104.0,1.25,3.75,,,1.44,11.63
2018-08-08,Rogers Masters,2nd Round,Hard,Djokovic N.,Polansky P.,10,121.0,1.06,10.0,1.05,13.89,1.06,13.89
2018-08-08,Rogers Masters,2nd Round,Hard,Cilic M.,Coric B.,7,20.0,1.53,2.37,1.66,2.37,1.67,2.45
2018-08-08,Rogers Masters,1st Round,Hard,Shapovalov D.,Chardy J.,26,46.0,1.36,3.0,1.37,3.4,1.42,3.45
2018-08-08,Rogers Masters,2nd Round,Hard,Khachanov K.,Carreno Busta P.,38,13.0,1.66,2.1,1.65,2.38,1.75,2.45
2018-08-09,Rogers Masters,3rd Round,Hard,Khachanov K.,Isner J.,38,9.0,2.37,1.53,2.42,1.65,2.45,1.65
2018-08-09,Rogers Masters,3rd Round,Hard,Haase R.,Shapovalov D.,39,26.0,3.0,1.36,3.51,1.36,3.6,1.4
2018-08-09,Rogers Masters,3rd Round,Hard,Zverev A.,Medvedev D.,3,68.0,1.14,5.5,1.14,6.92,1.17,7.1
2018-08-09,Rogers Masters,3rd Round,Hard,Cilic M.,Schwartzman D.,7,12.0,1.44,2.62,1.43,3.11,1.45,3.11
2018-08-09,Rogers Masters,3rd Round,Hard,Tsitsipas S.,Djokovic N.,27,10.0,4.0,1.22,4.54,1.25,4.54,1.29
2018-08-09,Rogers Masters,3rd Round,Hard,Anderson K.,Ivashka I.,6,125.0,1.25,3.75,1.27,4.34,1.31,4.4
2018-08-09,Rogers Masters,2nd Round,Hard,Schwartzman D.,Querrey S.,12,32.0,1.8,1.9,2.06,1.85,2.1,1.91
2018-08-09,Rogers Masters,2nd Round,Hard,Medvedev D.,Auger-Aliassime F.,68,133.0,1.57,2.25,1.66,2.38,1.73,2.4
2018-08-09,Rogers Masters,2nd Round,Hard,Wawrinka S.,Fucsovics M.,195,51.0,1.83,1.83,1.89,2.02,1.94,2.05
2018-08-09,Rogers Masters,2nd Round,Hard,Nadal R.,Paire B.,1,55.0,1.08,8.0,1.13,7.37,1.13,9.9
2018-08-09,Rogers Masters,2nd Round,Hard,Zverev A.,Klahn B.,3,116.0,1.08,7.5,1.11,8.36,1.14,9.2
2018-08-09,Rogers Masters,3rd Round,Hard,Dimitrov G.,Tiafoe F.,5,41.0,1.53,2.37,1.55,2.67,1.62,2.67
2018-08-10,Rogers Masters,3rd Round,Hard,Nadal R.,Wawrinka S.,1,195.0,1.1,7.0,1.1,8.91,1.12,9.25
2018-08-10,Rogers Masters,Quarterfinals,Hard,Anderson K.,Dimitrov G.,6,5.0,1.61,2.3,1.65,2.43,1.74,2.85
2018-08-10,Rogers Masters,Quarterfinals,Hard,Tsitsipas S.,Zverev A.,27,3.0,3.75,1.28,3.92,1.31,4.15,1.31
2018-08-10,Rogers Masters,Quarterfinals,Hard,Khachanov K.,Haase R.,38,39.0,1.44,2.75,1.49,2.86,1.53,2.9
2018-08-11,Rogers Masters,Semifinals,Hard,Tsitsipas S.,Anderson K.,27,6.0,3.0,1.4,3.19,1.41,3.25,1.5
2018-08-11,Rogers Masters,Quarterfinals,Hard,Nadal R.,Cilic M.,1,7.0,1.36,3.25,1.39,3.32,1.4,3.38
2018-08-12,Rogers Masters,The Final,Hard,Nadal R.,Tsitsipas S.,1,27.0,1.16,5.0,1.21,5.17,1.25,5.28
2018-08-12,Western & Southern Financial Group Masters,1st Round,Hard,Mannarino A.,Cecchinato M.,28,22.0,1.4,2.75,1.5,2.81,1.53,2.9
2018-08-12,Rogers Masters,Semifinals,Hard,Nadal R.,Khachanov K.,1,38.0,1.2,4.5,1.23,4.85,1.23,5.0
2018-08-13,Western & Southern Financial Group Masters,1st Round,Hard,Chardy J.,Verdasco F.,46,30.0,2.25,1.57,2.29,1.7,2.46,1.7
2018-08-13,Western & Southern Financial Group Masters,1st Round,Hard,Querrey S.,Isner J.,34,9.0,2.37,1.53,2.72,1.52,2.75,1.63
2018-08-13,Western & Southern Financial Group Masters,1st Round,Hard,Paire B.,Ferrer D.,57,79.0,1.61,2.2,1.66,2.36,1.74,2.54
2018-08-13,Western & Southern Financial Group Masters,1st Round,Hard,Mayer L.,Mmoh M.,50,133.0,1.66,2.1,1.64,2.41,1.67,2.5
2018-08-13,Western & Southern Financial Group Masters,1st Round,Hard,Shapovalov D.,Tiafoe F.,32,38.0,1.83,1.83,1.87,2.04,1.96,2.07
2018-08-13,Western & Southern Financial Group Masters,1st Round,Hard,Klahn B.,Marterer M.,102,45.0,1.66,2.1,1.66,2.37,1.68,2.51
2018-08-13,Western & Southern Financial Group Masters,1st Round,Hard,Nishikori K.,Rublev A.,23,37.0,1.44,2.62,1.52,2.73,1.59,3.14
2018-08-13,Western & Southern Financial Group Masters,1st Round,Hard,Gojowczyk P.,Sousa J.,47,61.0,2.1,1.66,2.05,1.86,2.7,1.86
2018-08-13,Western & Southern Financial Group Masters,1st Round,Hard,Carreno Busta P.,Gasquet R.,13,26.0,1.66,2.1,1.68,2.33,1.75,2.35
2018-08-13,Western & Southern Financial Group Masters,1st Round,Hard,Edmund K.,Mcdonald M.,16,81.0,1.36,3.0,1.37,3.41,1.44,3.41
2018-08-13,Western & Southern Financial Group Masters,1st Round,Hard,Pouille L.,Murray A.,17,375.0,3.25,1.33,3.45,1.36,3.77,1.36
2018-08-14,Western & Southern Financial Group Masters,1st Round,Hard,Coric B.,Medvedev D.,21,56.0,1.4,2.75,1.4,3.2,1.44,3.25
2018-08-14,Western & Southern Financial Group Masters,2nd Round,Hard,Mayer L.,Pouille L.,50,17.0,2.0,1.72,2.06,1.86,2.15,1.87
2018-08-14,Western & Southern Financial Group Masters,1st Round,Hard,Zverev M.,Dzumhur D.,44,24.0,2.1,1.66,2.16,1.78,2.33,1.85
2018-08-14,Western & Southern Financial Group Masters,1st Round,Hard,Fucsovics M.,Hurkacz H.,48,114.0,1.61,2.2,1.72,2.25,1.72,2.35
2018-08-14,Western & Southern Financial Group Masters,1st Round,Hard,Goffin D.,Tsitsipas S.,11,15.0,1.61,2.2,1.78,2.17,1.8,2.27
2018-08-14,Western & Southern Financial Group Masters,1st Round,Hard,Copil M.,Kohlschreiber P.,92,35.0,2.0,1.72,2.05,1.86,2.1,1.87
2018-08-14,Western & Southern Financial Group Masters,1st Round,Hard,Kyrgios N.,Kudla D.,18,77.0,1.36,3.0,1.42,3.14,1.42,3.32
2018-08-14,Western & Southern Financial Group Masters,1st Round,Hard,Chung H.,Sock J.,25,20.0,1.61,2.2,1.58,2.54,1.65,2.54
2018-08-14,Western & Southern Financial Group Masters,1st Round,Hard,Raonic M.,Lajovic D.,29,64.0,1.25,3.75,1.23,4.76,1.26,4.76
2018-08-14,Western & Southern Financial Group Masters,1st Round,Hard,Haase R.,Krajinovic F.,55,31.0,1.5,2.5,1.58,2.54,1.58,2.63
2018-08-14,Western & Southern Financial Group Masters,1st Round,Hard,Djokovic N.,Johnson S.,10,33.0,1.14,5.5,1.16,6.07,1.2,6.11
2018-08-14,Western & Southern Financial Group Masters,1st Round,Hard,Wawrinka S.,Schwartzman D.,151,12.0,2.0,1.72,2.18,1.77,2.2,1.84
2018-08-14,Western & Southern Financial Group Masters,1st Round,Hard,Khachanov K.,Ramos-Vinolas A.,27,41.0,1.22,4.0,1.24,4.64,1.25,4.7
2018-08-15,Western & Southern Financial Group Masters,2nd Round,Hard,Haase R.,Zverev A.,55,4.0,5.5,1.14,5.67,1.18,6.43,1.18
2018-08-15,Western & Southern Financial Group Masters,2nd Round,Hard,Carreno Busta P.,Klahn B.,13,102.0,1.53,2.37,1.66,2.37,1.66,2.5
2018-08-15,Western & Southern Financial Group Masters,2nd Round,Hard,Raonic M.,Jaziri M.,29,60.0,1.05,10.0,1.06,12.02,1.1,13.25
2018-08-15,Western & Southern Financial Group Masters,2nd Round,Hard,Anderson K.,Chardy J.,6,46.0,1.28,3.5,1.36,3.46,1.36,3.55
2018-08-15,Western & Southern Financial Group Masters,2nd Round,Hard,Goffin D.,Paire B.,11,57.0,1.4,2.75,1.45,2.97,1.47,3.1
2018-08-15,Western & Southern Financial Group Masters,2nd Round,Hard,Cilic M.,Copil M.,7,92.0,1.18,4.5,1.16,6.12,1.19,6.42
2018-08-15,Western & Southern Financial Group Masters,2nd Round,Hard,Khachanov K.,Querrey S.,27,34.0,1.8,1.9,1.83,2.09,1.87,2.17
2018-08-15,Western & Southern Financial Group Masters,2nd Round,Hard,Shapovalov D.,Edmund K.,32,16.0,2.0,1.72,2.19,1.76,2.2,1.8
2018-08-15,Western & Southern Financial Group Masters,2nd Round,Hard,Federer R.,Gojowczyk P.,2,47.0,1.05,10.0,1.06,12.93,1.08,13.75
2018-08-15,Western & Southern Financial Group Masters,2nd Round,Hard,Djokovic N.,Mannarino A.,10,28.0,1.1,7.0,1.1,8.98,1.12,9.5
2018-08-15,Western & Southern Financial Group Masters,2nd Round,Hard,Dimitrov G.,Zverev M.,5,44.0,1.36,3.0,1.46,2.93,1.48,3.1
2018-08-16,Western & Southern Financial Group Masters,3rd Round,Hard,Raonic M.,Shapovalov D.,29,32.0,1.44,2.62,1.5,2.82,1.55,2.85
2018-08-16,Western & Southern Financial Group Masters,3rd Round,Hard,Carreno Busta P.,Haase R.,13,55.0,1.61,2.2,1.71,2.3,1.81,2.3
2018-08-16,Western & Southern Financial Group Masters,2nd Round,Hard,Del Potro J.M.,Chung H.,3,25.0,1.28,3.5,1.32,3.77,1.32,3.8
2018-08-16,Western & Southern Financial Group Masters,2nd Round,Hard,Kyrgios N.,Coric B.,18,21.0,2.37,1.53,2.55,1.58,2.55,1.6
2018-08-16,Western & Southern Financial Group Masters,2nd Round,Hard,Fucsovics M.,Garcia-Lopez G.,48,71.0,1.4,2.75,1.54,2.67,1.54,2.93
2018-08-16,Western & Southern Financial Group Masters,2nd Round,Hard,Wawrinka S.,Nishikori K.,151,23.0,2.5,1.5,2.58,1.57,2.58,1.59
2018-08-17,Western & Southern Financial Group Masters,3rd Round,Hard,Del Potro J.M.,Kyrgios N.,3,18.0,1.44,2.62,1.5,2.82,1.57,2.85
2018-08-17,Western & Southern Financial Group Masters,3rd Round,Hard,Goffin D.,Anderson K.,11,6.0,2.62,1.44,2.65,1.56,2.8,1.56
2018-08-17,Western & Southern Financial Group Masters,3rd Round,Hard,Djokovic N.,Dimitrov G.,10,5.0,1.25,3.75,1.27,4.25,1.29,4.25
2018-08-17,Western & Southern Financial Group Masters,3rd Round,Hard,Cilic M.,Khachanov K.,7,27.0,1.5,2.5,1.54,2.7,1.7,2.7
2018-08-17,Western & Southern Financial Group Masters,3rd Round,Hard,Wawrinka S.,Fucsovics M.,151,48.0,1.4,2.75,1.48,2.92,1.47,3.0
2018-08-17,Western & Southern Financial Group Masters,3rd Round,Hard,Federer R.,Mayer L.,2,50.0,1.11,6.5,1.12,8.01,1.13,8.01
2018-08-17,Western & Southern Financial Group Masters,Quarterfinals,Hard,Cilic M.,Carreno Busta P.,7,13.0,1.3,3.5,1.31,3.88,1.35,3.88
2018-08-17,Western & Southern Financial Group Masters,Quarterfinals,Hard,Djokovic N.,Raonic M.,10,29.0,1.36,3.25,1.41,3.24,1.41,3.75
2018-08-18,Western & Southern Financial Group Masters,Quarterfinals,Hard,Federer R.,Wawrinka S.,2,151.0,1.22,4.33,1.24,4.71,1.26,4.78
2018-08-18,Western & Southern Financial Group Masters,Quarterfinals,Hard,Goffin D.,Del Potro J.M.,11,3.0,3.0,1.4,2.88,1.49,3.0,1.49
2018-08-18,Western & Southern Financial Group Masters,Semifinals,Hard,Djokovic N.,Cilic M.,10,7.0,1.44,2.75,1.5,2.83,1.55,2.83
2018-08-19,Winston-Salem Open at Wake Forest University,1st Round,Hard,Medvedev D.,Basic M.,57,81.0,1.4,2.75,1.37,3.31,1.42,3.52
2018-08-19,Winston-Salem Open at Wake Forest University,1st Round,Hard,Garcia-Lopez G.,Baghdatis M.,69,92.0,2.5,1.5,2.61,1.55,2.65,1.57
2018-08-19,Western & Southern Financial Group Masters,Semifinals,Hard,Federer R.,Goffin D.,2,11.0,1.2,4.5,1.24,4.74,1.25,4.8
2018-08-19,Western & Southern Financial Group Masters,The Final,Hard,Djokovic N.,Federer R.,10,2.0,2.1,1.72,2.14,1.81,2.3,1.87
2018-08-20,Winston-Salem Open at Wake Forest University,1st Round,Hard,Zeballos H.,Lacko L.,149,77.0,2.2,1.61,2.15,1.77,2.27,1.83
2018-08-20,Winston-Salem Open at Wake Forest University,1st Round,Hard,Fritz T.,Jaziri M.,70,59.0,1.36,3.0,1.38,3.31,1.45,3.4
2018-08-20,Winston-Salem Open at Wake Forest University,1st Round,Hard,Andreozzi G.,Fucsovics M.,118,40.0,4.0,1.22,4.85,1.22,5.05,1.25
2018-08-20,Winston-Salem Open at Wake Forest University,1st Round,Hard,Berrettini M.,Benneteau J.,60,58.0,1.57,2.25,1.69,2.29,1.74,2.5
2018-08-20,Winston-Salem Open at Wake Forest University,1st Round,Hard,Skugor F.,Herbert P.H.,385,74.0,3.5,1.28,4.13,1.27,4.4,1.3
2018-08-20,Winston-Salem Open at Wake Forest University,1st Round,Hard,Munar J.,Schnur B.,85,263.0,1.61,2.2,1.71,2.25,1.75,2.44
2018-08-20,Winston-Salem Open at Wake Forest University,1st Round,Hard,Struff J.L.,Paire B.,52,55.0,2.2,1.61,2.25,1.71,2.46,1.74
2018-08-20,Winston-Salem Open at Wake Forest University,1st Round,Hard,Mayer L.,Sugita Y.,41,93.0,1.33,3.25,1.39,3.25,1.4,3.5
2018-08-20,Winston-Salem Open at Wake Forest University,1st Round,Hard,Paul T.,Djere L.,392,90.0,1.36,3.0,1.41,3.11,1.5,3.2
2018-08-20,Winston-Salem Open at Wake Forest University,1st Round,Hard,Sandgren T.,Berankis R.,61,104.0,1.66,2.1,1.7,2.27,1.82,2.47
2018-08-20,Winston-Salem Open at Wake Forest University,1st Round,Hard,Carballes Baena R.,Pella G.,89,65.0,4.33,1.2,4.89,1.21,5.0,1.3
2018-08-20,Winston-Salem Open at Wake Forest University,1st Round,Hard,Seppi A.,Sousa J.,50,67.0,2.1,1.66,2.29,1.68,2.3,1.84
2018-08-20,Winston-Salem Open at Wake Forest University,1st Round,Hard,Daniel T.,Millman J.,76,54.0,2.62,1.44,2.77,1.5,2.85,1.5
2018-08-20,Winston-Salem Open at Wake Forest University,2nd Round,Hard,Struff J.L.,Cecchinato M.,52,22.0,1.5,2.5,1.59,2.53,1.66,2.6
2018-08-21,Winston-Salem Open at Wake Forest University,2nd Round,Hard,Carballes Baena R.,Ramos-Vinolas A.,89,51.0,2.2,1.61,2.58,1.57,2.64,1.66
2018-08-21,Winston-Salem Open at Wake Forest University,2nd Round,Hard,Munar J.,Rublev A.,85,37.0,3.25,1.33,3.64,1.33,3.8,1.36
2018-08-21,Winston-Salem Open at Wake Forest University,2nd Round,Hard,Chung H.,Garcia-Lopez G.,23,69.0,1.22,4.0,1.32,3.71,1.33,4.0
2018-08-21,Winston-Salem Open at Wake Forest University,2nd Round,Hard,Koepfer D.,Sandgren T.,243,61.0,,,,,3.05,1.4
2018-08-21,Winston-Salem Open at Wake Forest University,2nd Round,Hard,Medvedev D.,De Minaur A.,57,43.0,2.0,1.72,2.2,1.75,2.4,1.75
2018-08-21,Winston-Salem Open at Wake Forest University,2nd Round,Hard,Jarry N.,Seppi A.,47,50.0,2.1,1.66,2.19,1.76,2.25,1.76
2018-08-21,Winston-Salem Open at Wake Forest University,2nd Round,Hard,Gojowczyk P.,Zeballos H.,45,149.0,1.53,2.37,1.56,2.62,1.56,2.75
2018-08-21,Winston-Salem Open at Wake Forest University,2nd Round,Hard,Berrettini M.,Basilashvili N.,60,36.0,1.4,2.75,1.47,2.89,1.53,2.95
2018-08-21,Winston-Salem Open at Wake Forest University,2nd Round,Hard,Johnson S.,Paul T.,34,392.0,1.4,2.75,1.43,3.07,1.47,3.1
2018-08-21,Winston-Salem Open at Wake Forest University,1st Round,Hard,Harrison R.,Gojo B.,56,497.0,1.14,5.5,1.17,5.81,1.2,6.25
2018-08-22,Winston-Salem Open at Wake Forest University,3rd Round,Hard,Johnson S.,Munar J.,34,85.0,1.4,3.0,1.39,3.27,1.43,3.27
2018-08-22,Winston-Salem Open at Wake Forest University,3rd Round,Hard,Chung H.,Berrettini M.,23,60.0,1.53,2.5,1.6,2.5,1.61,2.61
2018-08-22,Winston-Salem Open at Wake Forest University,3rd Round,Hard,Medvedev D.,Andreozzi G.,57,118.0,1.33,3.4,1.34,3.61,1.4,3.7
2018-08-22,Winston-Salem Open at Wake Forest University,3rd Round,Hard,Jarry N.,Struff J.L.,47,52.0,2.1,1.72,2.3,1.69,2.35,1.8
2018-08-22,Winston-Salem Open at Wake Forest University,3rd Round,Hard,Edmund K.,Carballes Baena R.,16,89.0,1.14,5.5,1.18,5.57,1.18,5.8
2018-08-22,Winston-Salem Open at Wake Forest University,2nd Round,Hard,Carreno Busta P.,Skugor F.,12,385.0,1.16,4.5,1.19,5.54,1.22,5.54
2018-08-22,Winston-Salem Open at Wake Forest University,2nd Round,Hard,Krajinovic F.,Fritz T.,32,70.0,2.62,1.44,2.94,1.46,3.0,1.91
2018-08-22,Winston-Salem Open at Wake Forest University,2nd Round,Hard,Andreozzi G.,Albot R.,118,96.0,2.37,1.53,2.61,1.56,2.61,1.62
2018-08-22,Winston-Salem Open at Wake Forest University,2nd Round,Hard,Harrison R.,Simon G.,56,39.0,1.61,2.2,1.68,2.34,1.69,2.35
2018-08-22,Winston-Salem Open at Wake Forest University,2nd Round,Hard,Edmund K.,Mayer L.,16,41.0,1.44,2.62,1.55,2.64,1.58,2.7
2018-08-22,Winston-Salem Open at Wake Forest University,2nd Round,Hard,Daniel T.,Querrey S.,76,35.0,3.5,1.28,4.34,1.26,4.35,1.3
2018-08-23,Winston-Salem Open at Wake Forest University,Quarterfinals,Hard,Johnson S.,Edmund K.,34,16.0,2.62,1.5,2.59,1.58,2.76,1.58
2018-08-23,Winston-Salem Open at Wake Forest University,3rd Round,Hard,Harrison R.,Krajinovic F.,56,32.0,1.72,2.1,1.85,2.07,1.85,2.27
2018-08-23,Winston-Salem Open at Wake Forest University,Quarterfinals,Hard,Carreno Busta P.,Chung H.,12,23.0,2.2,1.66,2.35,1.68,2.35,1.76
2018-08-23,Winston-Salem Open at Wake Forest University,3rd Round,Hard,Carreno Busta P.,Gojowczyk P.,12,45.0,1.5,2.62,1.5,2.82,1.53,2.85
2018-08-23,Winston-Salem Open at Wake Forest University,3rd Round,Hard,Daniel T.,Koepfer D.,76,243.0,1.44,2.75,1.48,2.89,1.5,2.95
2018-08-24,Winston-Salem Open at Wake Forest University,Quarterfinals,Hard,Medvedev D.,Harrison R.,57,56.0,2.0,1.8,2.15,1.8,2.2,2.0
2018-08-24,Winston-Salem Open at Wake Forest University,Quarterfinals,Hard,Daniel T.,Jarry N.,76,47.0,2.3,1.61,2.22,1.75,2.4,1.75
2018-08-25,Winston-Salem Open at Wake Forest University,Semifinals,Hard,Medvedev D.,Daniel T.,57,76.0,1.44,2.75,1.47,2.95,1.5,3.19
2018-08-25,Winston-Salem Open at Wake Forest University,Semifinals,Hard,Johnson S.,Carreno Busta P.,34,12.0,2.0,1.8,2.06,1.87,2.06,1.93
2018-08-25,Winston-Salem Open at Wake Forest University,The Final,Hard,Medvedev D.,Johnson S.,57,34.0,2.0,1.8,2.11,1.83,2.13,1.91
2018-08-27,US Open,1st Round,Hard,Carballes Baena R.,Krueger M.,97,267.0,2.0,1.8,2.01,1.9,2.08,1.91
2018-08-27,US Open,1st Round,Hard,Chardy J.,Rublev A.,46,38.0,2.37,1.57,2.57,1.57,2.68,1.62
2018-08-27,US Open,1st Round,Hard,Johnson S.,Istomin D.,31,76.0,1.28,3.75,1.33,3.64,1.34,4.0
2018-08-27,US Open,1st Round,Hard,Coric B.,Mayer F.,20,193.0,1.03,15.0,1.05,14.32,1.05,18.56
2018-08-27,US Open,1st Round,Hard,Seppi A.,Querrey S.,51,35.0,3.5,1.3,3.56,1.34,3.9,1.34
2018-08-27,US Open,1st Round,Hard,Norrie C.,Thompson J.,67,108.0,1.4,3.0,1.41,3.14,1.42,3.19
2018-08-27,US Open,1st Round,Hard,Pospisil V.,Lacko L.,88,77.0,1.61,2.3,1.69,2.3,1.75,2.38
2018-08-27,US Open,1st Round,Hard,Anderson K.,Harrison R.,5,53.0,1.22,4.33,1.24,4.64,1.3,4.64
2018-08-27,US Open,1st Round,Hard,Medvedev D.,Donskoy E.,36,80.0,1.36,3.2,1.37,3.4,1.4,3.5
2018-08-27,US Open,1st Round,Hard,Tsitsipas S.,Robredo T.,15,214.0,1.14,5.5,1.12,7.48,1.17,7.48
2018-08-27,US Open,1st Round,Hard,Kudla D.,Berrettini M.,72,57.0,2.0,1.8,2.06,1.85,2.06,1.87
2018-08-27,US Open,1st Round,Hard,Lajovic D.,Dzumhur D.,62,27.0,1.72,2.1,1.73,2.24,1.81,2.25
2018-08-27,US Open,1st Round,Hard,Shapovalov D.,Auger-Aliassime F.,28,117.0,1.36,3.2,1.35,3.52,1.37,3.54
2018-08-27,US Open,1st Round,Hard,Fritz T.,Zverev M.,74,48.0,1.8,2.0,1.83,2.09,1.91,2.2
2018-08-27,US Open,1st Round,Hard,Humbert U.,Altamirano C.,139,345.0,1.57,2.37,1.53,2.69,1.61,2.69
2018-08-27,US Open,1st Round,Hard,Basilashvili N.,Bedene A.,37,78.0,1.66,2.2,1.68,2.34,1.74,2.34
2018-08-27,US Open,1st Round,Hard,Verdasco F.,Lopez F.,32,63.0,1.53,2.5,1.62,2.46,1.62,2.64
2018-08-27,US Open,1st Round,Hard,Simon G.,Harris L.,40,145.0,2.0,1.8,2.07,1.84,2.2,1.85
2018-08-27,US Open,1st Round,Hard,Lorenzi P.,Edmund K.,94,16.0,8.0,1.1,8.76,1.1,9.1,1.11
2018-08-27,US Open,1st Round,Hard,Sonego L.,Muller G.,121,127.0,2.37,1.57,2.3,1.69,2.45,1.72
2018-08-27,US Open,1st Round,Hard,Pella G.,Ruud C.,66,143.0,1.72,2.1,1.7,2.28,1.77,2.28
2018-08-27,US Open,1st Round,Hard,Sock J.,Andreozzi G.,18,113.0,1.4,3.0,1.38,3.35,1.4,3.4
2018-08-27,US Open,1st Round,Hard,Khachanov K.,Ramos-Vinolas A.,26,52.0,1.1,8.0,1.11,8.37,1.11,9.4
2018-08-27,US Open,1st Round,Hard,Wawrinka S.,Dimitrov G.,101,8.0,1.72,2.1,1.91,2.0,1.91,2.19
2018-08-27,US Open,1st Round,Hard,Jarry N.,Gojowczyk P.,42,47.0,1.8,2.0,2.06,1.85,2.06,2.05
2018-08-27,US Open,1st Round,Hard,Murray A.,Duckworth J.,382,448.0,1.1,8.0,1.11,8.2,1.15,8.3
2018-08-27,US Open,1st Round,Hard,Kubler J.,Bautista Agut R.,98,22.0,3.5,1.3,3.78,1.32,4.0,1.35
2018-08-27,US Open,1st Round,Hard,Isner J.,Klahn B.,11,92.0,1.16,5.0,1.19,5.43,1.22,5.43
2018-08-27,US Open,1st Round,Hard,Raonic M.,Berlocq C.,24,172.0,1.03,15.0,1.02,21.68,1.04,21.68
2018-08-28,US Open,1st Round,Hard,Zverev A.,Polansky P.,4,119.0,1.06,11.0,1.06,12.26,1.09,12.6
2018-08-28,US Open,1st Round,Hard,Fognini F.,Mmoh M.,14,120.0,1.22,4.33,1.24,4.57,1.25,4.7
2018-08-28,US Open,1st Round,Hard,Kohlschreiber P.,Hanfmann Y.,34,129.0,1.36,3.2,1.33,3.7,1.37,3.75
2018-08-28,US Open,1st Round,Hard,Haase R.,Mcdonald M.,49,79.0,1.53,2.5,1.55,2.64,1.57,2.65
2018-08-28,US Open,1st Round,Hard,Pouille L.,Maden Y.,17,125.0,1.5,2.62,1.52,2.72,1.54,2.85
2018-08-28,US Open,1st Round,Hard,Ebden M.,Krajinovic F.,54,33.0,2.2,1.66,2.29,1.7,2.38,1.7
2018-08-28,US Open,1st Round,Hard,Nishikori K.,Marterer M.,19,50.0,1.12,6.0,1.17,5.85,1.18,6.25
2018-08-28,US Open,1st Round,Hard,Goffin D.,Gaio F.,10,242.0,1.06,11.0,1.12,7.79,1.12,11.49
2018-08-28,US Open,1st Round,Hard,Paire B.,Novak D.,56,140.0,1.61,2.3,1.66,2.36,1.7,2.38
2018-08-28,US Open,1st Round,Hard,Tiafoe F.,Mannarino A.,44,29.0,1.53,2.5,1.57,2.57,1.57,2.63
2018-08-28,US Open,1st Round,Hard,Herbert P.H.,Bhambri Y.,75,96.0,1.44,2.75,1.45,2.98,1.49,3.04
2018-08-28,US Open,1st Round,Hard,De Minaur A.,Daniel T.,45,64.0,1.5,2.62,1.45,2.99,1.52,2.99
2018-08-28,US Open,1st Round,Hard,Mahut N.,Moutet C.,131,112.0,1.66,2.2,1.78,2.17,1.8,2.25
2018-08-28,US Open,1st Round,Hard,Baghdatis M.,Youzhny M.,93,106.0,1.4,3.0,1.42,3.11,1.42,3.2
2018-08-28,US Open,1st Round,Hard,Munar J.,Bemelmans R.,85,128.0,1.66,2.2,1.77,2.18,1.77,2.27
2018-08-28,US Open,1st Round,Hard,Monfils G.,Bagnis F.,39,149.0,1.33,3.4,1.37,3.42,1.37,3.6
2018-08-28,US Open,1st Round,Hard,Schwartzman D.,Delbonis F.,13,111.0,1.16,5.0,1.16,6.09,1.2,6.15
2018-08-28,US Open,1st Round,Hard,Thiem D.,Basic M.,9,81.0,1.14,5.5,1.12,7.45,1.15,7.45
2018-08-28,US Open,1st Round,Hard,Del Potro J.M.,Young D.,3,246.0,1.05,12.0,1.06,12.38,1.09,12.38
2018-08-28,US Open,1st Round,Hard,Nadal R.,Ferrer D.,1,148.0,1.01,23.0,1.01,29.16,1.03,29.16
2018-08-28,US Open,1st Round,Hard,Chung H.,Berankis R.,23,104.0,1.11,7.0,1.11,8.24,1.12,8.4
2018-08-28,US Open,1st Round,Hard,Djokovic N.,Fucsovics M.,6,41.0,1.02,19.0,1.04,16.99,1.05,20.0
2018-08-28,US Open,1st Round,Hard,Kukushkin M.,Rubin N.,84,135.0,2.0,1.8,2.04,1.87,2.05,1.95
2018-08-28,US Open,1st Round,Hard,Struff J.L.,Smyczek T.,58,103.0,1.44,2.75,1.56,2.6,1.56,2.85
2018-08-28,US Open,1st Round,Hard,Djere L.,Mayer L.,89,43.0,5.0,1.16,5.12,1.21,5.52,1.21
2018-08-28,US Open,1st Round,Hard,Sousa J.,Granollers M.,68,107.0,1.9,1.9,1.86,2.05,1.91,2.05
2018-08-28,US Open,1st Round,Hard,Hurkacz H.,Travaglia S.,109,141.0,1.57,2.37,1.63,2.44,1.7,2.5
2018-08-28,US Open,1st Round,Hard,Cilic M.,Copil M.,7,82.0,1.1,8.0,1.07,11.51,1.1,11.51
2018-08-28,US Open,1st Round,Hard,Sandgren T.,Troicki V.,61,102.0,1.22,4.33,1.17,5.8,1.3,5.84
2018-08-28,US Open,1st Round,Hard,Carreno Busta P.,Jaziri M.,12,59.0,1.12,6.0,1.13,6.98,1.16,7.29
2018-08-28,US Open,1st Round,Hard,Benneteau J.,Cecchinato M.,60,21.0,2.3,1.61,2.29,1.7,2.41,1.7
2018-08-28,US Open,1st Round,Hard,Millman J.,Brooksby J.,55,1229.0,1.02,17.0,1.05,14.02,1.06,17.0
2018-08-28,US Open,1st Round,Hard,Gasquet R.,Sugita Y.,25,91.0,1.16,5.0,1.18,5.76,1.22,5.8
2018-08-29,US Open,2nd Round,Hard,Del Potro J.M.,Kudla D.,3,72.0,1.08,9.0,1.08,10.07,1.09,10.28
2018-08-29,US Open,2nd Round,Hard,Khachanov K.,Sonego L.,26,121.0,1.06,11.0,1.07,11.64,1.09,13.5
2018-08-29,US Open,2nd Round,Hard,Shapovalov D.,Seppi A.,28,51.0,1.36,3.2,1.42,3.14,1.42,3.5
2018-08-29,US Open,2nd Round,Hard,Anderson K.,Chardy J.,5,46.0,1.28,3.75,1.29,3.97,1.3,4.02
2018-08-29,US Open,2nd Round,Hard,Pella G.,Lorenzi P.,66,94.0,1.44,2.75,1.5,2.8,1.54,2.85
2018-08-29,US Open,2nd Round,Hard,Isner J.,Jarry N.,11,42.0,1.2,4.5,1.21,5.13,1.22,5.3
2018-08-29,US Open,2nd Round,Hard,Lajovic D.,Norrie C.,62,67.0,2.1,1.72,2.05,1.86,2.24,1.86
2018-08-29,US Open,2nd Round,Hard,Verdasco F.,Murray A.,32,382.0,2.3,1.61,2.32,1.68,2.44,1.68
2018-08-29,US Open,2nd Round,Hard,Coric B.,Carballes Baena R.,20,97.0,1.08,9.0,1.08,9.87,1.11,10.0
2018-08-29,US Open,2nd Round,Hard,Thiem D.,Johnson S.,9,31.0,1.57,2.37,1.56,2.6,1.6,2.6
2018-08-29,US Open,2nd Round,Hard,Raonic M.,Simon G.,24,40.0,1.25,4.0,1.27,4.26,1.28,4.51
2018-08-29,US Open,2nd Round,Hard,Wawrinka S.,Humbert U.,101,139.0,1.08,9.0,1.11,8.04,1.13,9.1
2018-08-29,US Open,2nd Round,Hard,Medvedev D.,Tsitsipas S.,36,15.0,2.37,1.57,2.52,1.59,2.55,1.65
2018-08-29,US Open,1st Round,Hard,Kyrgios N.,Albot R.,30,95.0,1.11,7.0,1.12,7.52,1.14,8.1
2018-08-29,US Open,1st Round,Hard,Federer R.,Nishioka Y.,2,177.0,1.02,17.0,1.02,22.77,1.05,28.0
2018-08-29,US Open,2nd Round,Hard,Fritz T.,Kubler J.,74,98.0,1.57,2.37,1.56,2.59,1.6,2.59
2018-08-30,US Open,2nd Round,Hard,Sousa J.,Carreno Busta P.,68,12.0,3.75,1.28,3.78,1.32,4.0,1.32
2018-08-30,US Open,2nd Round,Hard,De Minaur A.,Tiafoe F.,45,44.0,2.0,1.8,2.33,1.68,2.33,1.95
2018-08-30,US Open,2nd Round,Hard,Goffin D.,Haase R.,10,49.0,1.25,4.0,1.29,4.05,1.29,4.2
2018-08-30,US Open,2nd Round,Hard,Pouille L.,Baghdatis M.,17,93.0,1.5,2.62,1.56,2.61,1.56,2.75
2018-08-30,US Open,2nd Round,Hard,Federer R.,Paire B.,2,56.0,1.04,13.0,1.05,14.62,1.05,15.0
2018-08-30,US Open,2nd Round,Hard,Struff J.L.,Benneteau J.,58,60.0,1.5,2.62,1.53,2.71,1.55,2.92
2018-08-30,US Open,2nd Round,Hard,Kohlschreiber P.,Ebden M.,34,54.0,1.5,2.62,1.53,2.71,1.53,2.88
2018-08-30,US Open,2nd Round,Hard,Kukushkin M.,Chung H.,84,23.0,3.0,1.4,2.9,1.47,3.2,1.47
2018-08-30,US Open,2nd Round,Hard,Schwartzman D.,Munar J.,13,85.0,1.16,5.0,1.22,4.93,1.22,5.6
2018-08-30,US Open,2nd Round,Hard,Kyrgios N.,Herbert P.H.,30,75.0,1.2,4.5,1.21,4.97,1.24,5.03
2018-08-30,US Open,2nd Round,Hard,Millman J.,Fognini F.,55,14.0,2.62,1.5,2.73,1.52,2.9,1.64
2018-08-30,US Open,2nd Round,Hard,Zverev A.,Mahut N.,4,131.0,1.04,13.0,1.04,15.01,1.05,16.1
2018-08-30,US Open,2nd Round,Hard,Nadal R.,Pospisil V.,1,88.0,1.02,19.0,1.02,23.34,1.03,25.0
2018-08-30,US Open,2nd Round,Hard,Basilashvili N.,Sock J.,37,18.0,3.2,1.36,3.31,1.38,3.4,1.53
2018-08-31,US Open,3rd Round,Hard,Anderson K.,Shapovalov D.,5,28.0,1.44,2.75,1.45,2.99,1.46,3.08
2018-08-31,US Open,3rd Round,Hard,Nadal R.,Khachanov K.,1,26.0,1.08,9.0,1.09,9.58,1.11,10.4
2018-08-31,US Open,3rd Round,Hard,Thiem D.,Fritz T.,9,74.0,1.25,4.0,1.3,3.89,1.3,4.65
2018-08-31,US Open,3rd Round,Hard,Basilashvili N.,Pella G.,37,66.0,2.1,1.72,2.22,1.74,2.25,1.81
2018-08-31,US Open,3rd Round,Hard,Isner J.,Lajovic D.,11,62.0,1.2,4.5,1.23,4.74,1.23,5.2
2018-08-31,US Open,2nd Round,Hard,Nishikori K.,Monfils G.,19,39.0,1.44,2.75,1.43,3.08,1.5,3.16
2018-08-31,US Open,2nd Round,Hard,Djokovic N.,Sandgren T.,6,61.0,1.02,17.0,1.02,21.08,1.04,22.5
2018-08-31,US Open,2nd Round,Hard,Cilic M.,Hurkacz H.,7,109.0,1.08,9.0,1.07,11.23,1.1,11.27
2018-08-31,US Open,2nd Round,Hard,Gasquet R.,Djere L.,25,89.0,1.12,6.0,1.13,7.01,1.18,7.01
2018-09-01,US Open,3rd Round,Hard,Nishikori K.,Schwartzman D.,19,13.0,1.5,2.62,1.49,2.82,1.53,2.92
2018-09-01,US Open,3rd Round,Hard,Kohlschreiber P.,Zverev A.,34,4.0,8.0,1.1,7.48,1.12,8.5,1.14
2018-09-01,US Open,3rd Round,Hard,Federer R.,Kyrgios N.,2,30.0,1.28,3.75,1.28,4.13,1.3,4.29
2018-09-01,US Open,3rd Round,Hard,Sousa J.,Pouille L.,68,17.0,2.62,1.5,3.08,1.43,3.22,1.52
2018-09-01,US Open,3rd Round,Hard,Del Potro J.M.,Verdasco F.,3,32.0,1.14,5.5,1.16,6.25,1.18,6.35
2018-09-01,US Open,3rd Round,Hard,Raonic M.,Wawrinka S.,24,101.0,1.66,2.2,1.62,2.46,1.77,2.5
2018-09-01,US Open,3rd Round,Hard,Coric B.,Medvedev D.,20,36.0,1.61,2.3,1.62,2.46,1.65,2.6
2018-09-01,US Open,3rd Round,Hard,Millman J.,Kukushkin M.,55,84.0,1.66,2.2,1.69,2.3,1.74,2.3
2018-09-02,US Open,4th Round,Hard,Isner J.,Raonic M.,11,24.0,2.37,1.57,2.36,1.68,2.4,1.73
2018-09-02,US Open,3rd Round,Hard,Goffin D.,Struff J.L.,10,58.0,1.14,5.5,1.16,6.23,1.18,6.5
2018-09-02,US Open,3rd Round,Hard,Djokovic N.,Gasquet R.,6,25.0,1.08,9.0,1.06,11.74,1.1,12.5
2018-09-02,US Open,3rd Round,Hard,Cilic M.,De Minaur A.,7,45.0,1.14,5.5,1.16,6.19,1.2,6.35
2018-09-02,US Open,4th Round,Hard,Thiem D.,Anderson K.,9,5.0,2.37,1.57,2.43,1.65,2.5,1.69
2018-09-02,US Open,4th Round,Hard,Nadal R.,Basilashvili N.,1,37.0,1.04,13.0,1.04,18.49,1.06,22.0
2018-09-03,US Open,4th Round,Hard,Djokovic N.,Sousa J.,6,68.0,1.02,19.0,1.03,21.78,1.04,23.0
2018-09-03,US Open,4th Round,Hard,Cilic M.,Goffin D.,7,10.0,1.5,2.62,1.57,2.61,1.6,2.75
2018-09-03,US Open,4th Round,Hard,Del Potro J.M.,Coric B.,3,20.0,1.25,4.0,1.31,3.9,1.31,4.3
2018-09-03,US Open,4th Round,Hard,Nishikori K.,Kohlschreiber P.,19,34.0,1.25,4.0,1.27,4.3,1.29,4.53
2018-09-04,US Open,4th Round,Hard,Millman J.,Federer R.,55,2.0,15.0,1.03,16.59,1.04,19.5,1.05
2018-09-04,US Open,Quarterfinals,Hard,Del Potro J.M.,Isner J.,3,11.0,1.28,3.75,1.34,3.68,1.34,4.0
2018-09-05,US Open,Quarterfinals,Hard,Nadal R.,Thiem D.,1,9.0,1.25,4.0,1.29,4.1,1.29,4.33
2018-09-05,US Open,Quarterfinals,Hard,Nishikori K.,Cilic M.,19,7.0,2.37,1.57,2.47,1.63,2.63,1.67
2018-09-06,US Open,Quarterfinals,Hard,Djokovic N.,Millman J.,6,55.0,1.06,11.0,1.08,10.7,1.1,11.5
2018-09-07,US Open,Semifinals,Hard,Del Potro J.M.,Nadal R.,3,1.0,2.3,1.61,2.36,1.68,2.5,1.71
2018-09-08,US Open,Semifinals,Hard,Djokovic N.,Nishikori K.,6,19.0,1.16,5.0,1.19,5.61,1.22,5.8
2018-09-09,US Open,The Final,Hard,Djokovic N.,Del Potro J.M.,6,3.0,1.44,2.75,1.48,2.92,1.49,3.08
2018-09-17,St. Petersburg Open,1st Round,Hard,Wawrinka S.,Bedene A.,88,76.0,1.28,3.5,1.34,3.57,1.36,3.62
2018-09-17,St. Petersburg Open,1st Round,Hard,Klizan M.,Donskoy E.,65,84.0,1.57,2.25,1.65,2.37,1.65,2.5
2018-09-17,Open de Moselle,1st Round,Hard,Maden Y.,Zverev M.,120,63.0,2.37,1.53,,,2.78,1.61
2018-09-17,Open de Moselle,1st Round,Hard,Berankis R.,Marterer M.,103,57.0,2.25,1.57,2.34,1.66,2.45,1.69
2018-09-18,Open de Moselle,1st Round,Hard,Lestienne C.,Zopp J.,167,122.0,1.4,2.75,1.47,2.86,1.53,2.93
2018-09-18,St. Petersburg Open,1st Round,Hard,Lacko L.,Bemelmans R.,77,109.0,2.1,1.66,2.33,1.67,2.5,1.83
2018-09-18,St. Petersburg Open,1st Round,Hard,Struff J.L.,Rublev A.,50,69.0,2.1,1.66,2.28,1.69,2.35,1.81
2018-09-18,St. Petersburg Open,1st Round,Hard,Berrettini M.,Garcia-Lopez G.,62,80.0,1.44,2.62,1.55,2.61,1.58,2.85
2018-09-18,St. Petersburg Open,1st Round,Hard,Dzumhur D.,Miedler L.,28,207.0,1.36,3.0,1.37,3.34,1.41,3.56
2018-09-18,St. Petersburg Open,1st Round,Hard,Medvedev D.,Sousa J.,35,49.0,1.57,2.25,1.65,2.35,1.69,2.48
2018-09-18,Open de Moselle,1st Round,Hard,Basilashvili N.,De Schepper K.,31,186.0,1.66,2.1,1.78,2.15,1.78,2.34
2018-09-18,Open de Moselle,1st Round,Hard,Humbert U.,Tomic B.,108,129.0,1.83,1.83,1.98,1.91,2.0,1.98
2018-09-18,Open de Moselle,1st Round,Hard,Bachinger M.,Munar J.,166,82.0,1.72,2.0,1.79,2.13,1.8,2.2
2018-09-18,Open de Moselle,1st Round,Hard,Gojowczyk P.,Tsonga J.W.,45,71.0,1.66,2.1,1.74,2.2,1.83,2.25
2018-09-18,Open de Moselle,1st Round,Hard,Albot R.,Herbert P.H.,107,68.0,2.25,1.57,2.4,1.63,2.4,1.72
2018-09-19,Open de Moselle,1st Round,Hard,Fucsovics M.,Mannarino A.,43,32.0,1.72,2.0,1.93,1.96,1.95,2.24
2018-09-19,St. Petersburg Open,2nd Round,Hard,Klizan M.,Fognini F.,65,13.0,2.2,1.61,2.23,1.74,2.37,1.74
2018-09-19,St. Petersburg Open,2nd Round,Hard,Wawrinka S.,Khachanov K.,88,24.0,2.2,1.61,2.34,1.68,2.46,1.69
2018-09-19,St. Petersburg Open,1st Round,Hard,Youzhny M.,Basic M.,110,78.0,1.57,2.25,1.68,2.3,1.7,2.4
2018-09-19,Open de Moselle,1st Round,Hard,Krajinovic F.,Moutet C.,33,105.0,1.53,2.37,1.71,2.24,1.74,2.4
2018-09-19,St. Petersburg Open,1st Round,Hard,Shapovalov D.,Menendez-Maceiras A.,34,126.0,1.16,4.5,1.18,5.4,1.21,5.98
2018-09-19,St. Petersburg Open,1st Round,Hard,Bautista Agut R.,Vanni L.,26,170.0,1.16,4.5,1.18,5.4,1.21,5.55
2018-09-19,St. Petersburg Open,1st Round,Hard,Kukushkin M.,Istomin D.,87,61.0,1.53,2.37,1.65,2.37,1.66,2.43
2018-09-19,Open de Moselle,1st Round,Hard,Paire B.,Halys Q.,53,136.0,1.36,3.0,1.38,3.27,1.43,3.3
2018-09-19,St. Petersburg Open,1st Round,Hard,Pella G.,Ivashka I.,60,100.0,2.0,1.72,2.1,1.81,2.3,1.84
2018-09-19,Open de Moselle,1st Round,Hard,Simon G.,Vesely J.,39,91.0,1.25,3.75,1.34,3.51,1.37,3.75
2018-09-19,Open de Moselle,2nd Round,Hard,Nishikori K.,Gojowczyk P.,12,45.0,1.25,3.75,1.31,3.83,1.34,3.88
2018-09-19,Open de Moselle,2nd Round,Hard,Gasquet R.,Lestienne C.,25,167.0,1.28,3.5,1.29,4.01,1.32,4.05
2018-09-20,St. Petersburg Open,2nd Round,Hard,Bautista Agut R.,Youzhny M.,26,110.0,1.18,4.5,1.23,4.73,1.25,5.1
2018-09-20,St. Petersburg Open,2nd Round,Hard,Thiem D.,Struff J.L.,8,50.0,1.4,2.75,1.42,3.11,1.42,3.22
2018-09-20,St. Petersburg Open,2nd Round,Hard,Cecchinato M.,Lacko L.,22,77.0,2.25,1.57,2.37,1.66,2.37,1.74
2018-09-20,St. Petersburg Open,2nd Round,Hard,Medvedev D.,Kukushkin M.,35,87.0,1.36,3.0,1.5,2.8,1.53,3.0
2018-09-20,St. Petersburg Open,2nd Round,Hard,Dzumhur D.,Pella G.,28,60.0,1.61,2.2,1.69,2.3,1.75,2.43
2018-09-20,St. Petersburg Open,2nd Round,Hard,Shapovalov D.,Berrettini M.,34,62.0,1.44,2.62,1.5,2.81,1.55,2.9
2018-09-20,Open de Moselle,2nd Round,Hard,Berankis R.,Tsitsipas S.,103,15.0,3.4,1.3,3.83,1.31,3.98,1.34
2018-09-20,Open de Moselle,2nd Round,Hard,Albot R.,Fucsovics M.,107,43.0,3.4,1.3,3.23,1.4,3.5,1.4
2018-09-20,Open de Moselle,2nd Round,Hard,Simon G.,Krajinovic F.,39,33.0,1.66,2.1,1.68,2.33,1.74,2.35
2018-09-20,Open de Moselle,2nd Round,Hard,Bachinger M.,Barrere G.,166,155.0,1.57,2.25,1.76,2.19,1.83,2.3
2018-09-20,Open de Moselle,2nd Round,Hard,Basilashvili N.,Humbert U.,31,108.0,1.57,2.25,1.67,2.36,1.69,2.41
2018-09-20,Open de Moselle,2nd Round,Hard,Maden Y.,Paire B.,120,53.0,3.0,1.36,3.31,1.38,3.35,1.4
2018-09-21,St. Petersburg Open,Quarterfinals,Hard,Bautista Agut R.,Cecchinato M.,26,22.0,1.28,3.75,1.33,3.74,1.33,4.2
2018-09-21,Open de Moselle,Quarterfinals,Hard,Albot R.,Berankis R.,107,103.0,2.1,1.72,2.11,1.83,2.13,1.86
2018-09-21,Open de Moselle,Quarterfinals,Hard,Simon G.,Gasquet R.,39,25.0,2.37,1.57,2.5,1.61,2.61,1.62
2018-09-21,Open de Moselle,Quarterfinals,Hard,Nishikori K.,Basilashvili N.,12,31.0,1.2,4.5,1.26,4.44,1.26,4.88
2018-09-21,Open de Moselle,Quarterfinals,Hard,Bachinger M.,Maden Y.,166,120.0,1.9,1.9,1.94,1.98,2.1,1.98
2018-09-21,St. Petersburg Open,Quarterfinals,Hard,Thiem D.,Medvedev D.,8,35.0,1.53,2.5,1.61,2.52,1.61,3.0
2018-09-21,St. Petersburg Open,Quarterfinals,Hard,Klizan M.,Shapovalov D.,65,34.0,2.62,1.5,2.56,1.59,2.7,1.59
2018-09-21,St. Petersburg Open,Quarterfinals,Hard,Wawrinka S.,Dzumhur D.,88,28.0,1.44,2.75,1.5,2.82,1.5,2.98
2018-09-22,St. Petersburg Open,Semifinals,Hard,Klizan M.,Wawrinka S.,65,88.0,2.75,1.44,2.89,1.49,3.02,1.49
2018-09-22,St. Petersburg Open,Semifinals,Hard,Thiem D.,Bautista Agut R.,8,26.0,1.5,2.62,1.54,2.69,1.57,2.73
2018-09-22,Open de Moselle,Semifinals,Hard,Bachinger M.,Nishikori K.,166,12.0,5.5,1.14,6.46,1.16,6.5,1.18
2018-09-22,Open de Moselle,Semifinals,Hard,Simon G.,Albot R.,39,107.0,1.33,3.4,1.39,3.33,1.39,3.5
2018-09-23,Open de Moselle,The Final,Hard,Simon G.,Bachinger M.,39,166.0,1.3,3.5,1.29,4.05,1.3,4.15
2018-09-23,St. Petersburg Open,The Final,Hard,Thiem D.,Klizan M.,8,65.0,1.4,3.0,1.42,3.19,1.42,3.3
2018-09-24,Chengdu Open,1st Round,Hard,Sousa J.,Smyczek T.,50,109.0,1.3,3.4,1.34,3.5,1.38,3.6
2018-09-24,Chengdu Open,1st Round,Hard,Tomic B.,Klahn B.,123,95.0,1.61,2.2,1.72,2.23,1.74,2.3
2018-09-24,Shenzhen Open,1st Round,Hard,Ramos-Vinolas A.,Seppi A.,52,46.0,2.5,1.5,2.66,1.53,2.66,1.6
2018-09-24,Shenzhen Open,1st Round,Hard,Norrie C.,Wu D.,73,287.0,1.28,3.5,1.36,3.42,1.38,3.7
2018-09-24,Shenzhen Open,1st Round,Hard,Nishioka Y.,Kudla D.,171,65.0,1.83,1.83,1.79,2.13,1.85,2.22
2018-09-24,Shenzhen Open,1st Round,Hard,Herbert P.H.,Lajovic D.,67,53.0,2.1,1.66,2.39,1.64,2.45,1.72
2018-09-24,Shenzhen Open,1st Round,Hard,Troicki V.,Garcia-Lopez G.,131,81.0,2.5,1.5,2.65,1.53,2.92,1.53
2018-09-25,Shenzhen Open,1st Round,Hard,Shapovalov D.,Ivashka I.,31,101.0,1.3,3.4,1.34,3.55,1.4,3.62
2018-09-25,Shenzhen Open,1st Round,Hard,Daniel T.,Ito T.,74,184.0,1.53,2.37,1.54,2.62,1.62,2.68
2018-09-25,Shenzhen Open,1st Round,Hard,Murray A.,Zhang Zh.,311,340.0,1.08,8.0,1.13,7.0,1.16,8.5
2018-09-25,Shenzhen Open,1st Round,Hard,De Minaur A.,Sugita Y.,40,100.0,1.33,3.25,1.29,3.9,1.33,4.0
2018-09-25,Shenzhen Open,1st Round,Hard,Verdasco F.,Jung J.,28,122.0,1.33,3.25,1.35,3.47,1.41,3.47
2018-09-25,Shenzhen Open,1st Round,Hard,Mcdonald M.,Lacko L.,80,77.0,1.66,2.1,1.76,2.16,1.83,2.16
2018-09-25,Chengdu Open,1st Round,Hard,Jaziri M.,Baghdatis M.,63,92.0,2.37,1.53,2.8,1.49,2.85,1.59
2018-09-25,Shenzhen Open,1st Round,Hard,Ramanathan R.,Vesely J.,134,90.0,2.37,1.53,2.49,1.6,2.55,1.61
2018-09-25,Chengdu Open,1st Round,Hard,Querrey S.,Pella G.,58,59.0,1.61,2.2,1.68,2.3,1.71,2.38
2018-09-25,Chengdu Open,1st Round,Hard,Bemelmans R.,Zverev M.,114,69.0,1.9,1.8,2.08,1.83,2.1,1.91
2018-09-25,Chengdu Open,1st Round,Hard,Fritz T.,Tseng C.H.,62,440.0,1.18,4.5,1.22,4.76,1.25,4.89
2018-09-25,Chengdu Open,1st Round,Hard,Auger-Aliassime F.,Wu Y.,147,423.0,1.4,2.75,1.48,2.82,1.49,2.95
2018-09-25,Chengdu Open,1st Round,Hard,Pospisil V.,Albot R.,86,102.0,1.72,2.0,1.89,2.0,1.91,2.1
2018-09-25,Chengdu Open,1st Round,Hard,Ebden M.,Donskoy E.,47,85.0,1.8,1.9,1.81,2.1,1.91,2.1
2018-09-25,Chengdu Open,1st Round,Hard,Harris L.,Monfils G.,129,38.0,2.75,1.4,2.94,1.45,3.08,1.48
2018-09-25,Chengdu Open,1st Round,Hard,Kukushkin M.,Sandgren T.,87,55.0,1.53,2.37,1.57,2.55,1.59,2.63
2018-09-26,Chengdu Open,2nd Round,Hard,Sousa J.,Pospisil V.,50,86.0,1.5,2.5,1.59,2.52,1.67,2.55
2018-09-26,Shenzhen Open,2nd Round,Hard,Ramos-Vinolas A.,Troicki V.,52,131.0,1.5,2.5,1.56,2.61,1.57,2.72
2018-09-26,Shenzhen Open,2nd Round,Hard,Herbert P.H.,Tsitsipas S.,67,15.0,2.5,1.5,2.66,1.54,2.7,1.63
2018-09-26,Shenzhen Open,2nd Round,Hard,Nishioka Y.,Shapovalov D.,171,31.0,2.62,1.44,2.76,1.51,2.78,1.57
2018-09-26,Shenzhen Open,2nd Round,Hard,Norrie C.,Coric B.,73,18.0,3.0,1.36,3.53,1.35,3.74,1.36
2018-09-26,Chengdu Open,1st Round,Hard,Berrettini M.,Gunneswaran P.,60,164.0,1.28,3.5,1.32,3.65,1.44,3.72
2018-09-26,Chengdu Open,2nd Round,Hard,Auger-Aliassime F.,Chung H.,147,23.0,2.75,1.4,2.95,1.46,3.21,1.5
2018-09-26,Chengdu Open,2nd Round,Hard,Jaziri M.,Mannarino A.,63,33.0,2.75,1.4,2.8,1.5,2.9,1.53
2018-09-26,Chengdu Open,2nd Round,Hard,Tomic B.,Harris L.,123,129.0,2.0,1.72,1.93,1.97,2.08,1.97
2018-09-27,Shenzhen Open,2nd Round,Hard,Dzumhur D.,Ramanathan R.,39,134.0,1.36,3.0,1.46,2.95,1.46,3.26
2018-09-27,Shenzhen Open,2nd Round,Hard,Murray A.,Goffin D.,311,11.0,2.2,1.61,2.31,1.69,2.43,1.72
2018-09-27,Shenzhen Open,2nd Round,Hard,Verdasco F.,Daniel T.,28,74.0,1.28,3.5,1.33,3.7,1.35,3.72
2018-09-27,Shenzhen Open,2nd Round,Hard,De Minaur A.,Mcdonald M.,40,80.0,1.28,3.5,1.33,3.69,1.36,3.8
2018-09-27,Chengdu Open,2nd Round,Hard,Querrey S.,Basilashvili N.,58,35.0,1.44,2.62,1.53,2.68,1.58,2.7
2018-09-27,Chengdu Open,2nd Round,Hard,Fognini F.,Bemelmans R.,13,114.0,1.4,2.75,1.52,2.73,1.52,3.18
2018-09-27,Chengdu Open,2nd Round,Hard,Fritz T.,Kukushkin M.,62,87.0,1.8,1.9,1.93,1.97,1.97,2.0
2018-09-27,Chengdu Open,2nd Round,Hard,Ebden M.,Berrettini M.,47,60.0,2.25,1.57,2.34,1.68,2.4,1.75
2018-09-28,Chengdu Open,Quarterfinals,Hard,Tomic B.,Auger-Aliassime F.,123,147.0,2.0,1.8,2.12,1.83,2.12,1.91
2018-09-28,Chengdu Open,Quarterfinals,Hard,Sousa J.,Jaziri M.,50,63.0,1.53,2.5,1.54,2.7,1.61,2.7
2018-09-28,Chengdu Open,Quarterfinals,Hard,Fritz T.,Querrey S.,62,58.0,2.37,1.57,2.6,1.57,2.6,1.61
2018-09-28,Chengdu Open,Quarterfinals,Hard,Fognini F.,Ebden M.,13,47.0,1.4,3.0,1.45,3.01,1.45,3.2
2018-09-28,Shenzhen Open,Quarterfinals,Hard,Herbert P.H.,Ramos-Vinolas A.,67,52.0,1.5,2.62,1.5,2.83,1.52,2.85
2018-09-28,Shenzhen Open,Quarterfinals,Hard,De Minaur A.,Dzumhur D.,40,39.0,1.57,2.37,1.66,2.4,1.68,2.45
2018-09-28,Shenzhen Open,Quarterfinals,Hard,Nishioka Y.,Norrie C.,171,73.0,2.1,1.72,2.26,1.73,2.26,1.81
2018-09-28,Shenzhen Open,Quarterfinals,Hard,Verdasco F.,Murray A.,28,311.0,2.62,1.5,2.65,1.56,2.74,1.59
2018-09-29,Chengdu Open,Semifinals,Hard,Tomic B.,Sousa J.,123,50.0,1.8,2.0,1.91,2.02,1.95,2.08
2018-09-29,Chengdu Open,Semifinals,Hard,Fognini F.,Fritz T.,13,62.0,1.66,2.2,1.69,2.34,1.73,2.34
2018-09-29,Shenzhen Open,Semifinals,Hard,Nishioka Y.,Verdasco F.,171,28.0,2.5,1.53,2.68,1.55,2.68,1.63
2018-09-29,Shenzhen Open,Semifinals,Hard,Herbert P.H.,De Minaur A.,67,40.0,2.75,1.44,2.79,1.51,2.9,1.51
2018-09-30,Shenzhen Open,The Final,Hard,Nishioka Y.,Herbert P.H.,171,67.0,1.72,2.1,1.86,2.07,1.88,2.15
2018-09-30,Chengdu Open,The Final,Hard,Tomic B.,Fognini F.,123,13.0,2.75,1.44,2.71,1.54,2.8,1.54
2018-10-01,Rakuten Japan Open Tennis Championships,1st Round,Hard,Paire B.,Jarry N.,63,47.0,1.5,2.5,1.52,2.71,1.6,2.75
2018-10-01,Rakuten Japan Open Tennis Championships,1st Round,Hard,Shapovalov D.,Chung H.,31,23.0,1.66,2.1,1.63,2.4,1.73,2.4
2018-10-01,Rakuten Japan Open Tennis Championships,1st Round,Hard,Watanuki Y.,Haase R.,273,44.0,2.75,1.4,2.5,1.59,2.8,1.61
2018-10-01,Rakuten Japan Open Tennis Championships,1st Round,Hard,Nishikori K.,Sugita Y.,12,110.0,1.08,8.0,1.12,7.43,1.14,8.25
2018-10-01,Rakuten Japan Open Tennis Championships,1st Round,Hard,Klizan M.,Johnson S.,51,30.0,1.66,2.1,1.81,2.1,1.81,2.25
2018-10-01,Rakuten Japan Open Tennis Championships,1st Round,Hard,Medvedev D.,Schwartzman D.,32,14.0,1.66,2.1,1.74,2.2,1.74,2.39
2018-10-01,Rakuten Japan Open Tennis Championships,1st Round,Hard,Raonic M.,Mannarino A.,20,33.0,1.2,4.33,1.25,4.36,1.24,4.8
2018-10-01,China Open,1st Round,Hard,Jaziri M.,Wu Y.,61,422.0,1.66,2.1,1.68,2.3,1.73,2.48
2018-10-01,China Open,1st Round,Hard,Lajovic D.,Pospisil V.,55,83.0,1.57,2.25,1.71,2.25,1.72,2.38
2018-10-01,China Open,1st Round,Hard,Edmund K.,Gojowczyk P.,16,70.0,1.44,2.62,1.53,2.67,1.53,2.94
2018-10-01,China Open,1st Round,Hard,Fucsovics M.,Seppi A.,45,46.0,1.66,2.1,1.83,2.07,1.83,2.15
2018-10-01,China Open,1st Round,Hard,Khachanov K.,Querrey S.,24,54.0,1.53,2.37,1.59,2.49,1.65,2.5
2018-10-01,China Open,1st Round,Hard,Lopez F.,Coric B.,71,18.0,3.75,1.25,4.28,1.26,4.4,1.3
2018-10-02,Rakuten Japan Open Tennis Championships,1st Round,Hard,Tiafoe F.,Marterer M.,41,57.0,1.57,2.25,1.61,2.44,1.65,2.47
2018-10-02,Rakuten Japan Open Tennis Championships,1st Round,Hard,Gasquet R.,Kudla D.,25,65.0,1.4,2.75,1.42,3.06,1.43,3.2
2018-10-02,Rakuten Japan Open Tennis Championships,1st Round,Hard,Wawrinka S.,Fritz T.,74,60.0,1.4,2.75,1.51,2.74,1.51,2.96
2018-10-02,Rakuten Japan Open Tennis Championships,1st Round,Hard,Chardy J.,Dzumhur D.,42,40.0,2.0,1.72,2.0,1.89,2.15,1.89
2018-10-02,China Open,1st Round,Hard,Rublev A.,Sousa J.,68,43.0,1.66,2.1,1.81,2.09,1.85,2.2
2018-10-02,Rakuten Japan Open Tennis Championships,1st Round,Hard,Tsitsipas S.,Daniel T.,15,72.0,1.36,3.0,1.4,3.2,1.4,3.35
2018-10-02,China Open,1st Round,Hard,Berrettini M.,Mayer L.,58,52.0,1.44,2.62,1.51,2.74,1.52,2.9
2018-10-02,China Open,1st Round,Hard,Verdasco F.,Monfils G.,28,39.0,1.83,1.83,2.01,1.88,2.01,2.08
2018-10-02,China Open,1st Round,Hard,Krajinovic F.,Zverev M.,36,69.0,1.44,2.62,1.45,2.95,1.5,3.04
2018-10-02,China Open,1st Round,Hard,Dimitrov G.,Sandgren T.,8,59.0,,,1.22,4.74,1.27,4.74
2018-10-02,China Open,1st Round,Hard,Basilashvili N.,Sock J.,34,17.0,1.8,1.9,1.83,2.07,1.88,2.1
2018-10-02,China Open,1st Round,Hard,Del Potro J.M.,Ramos-Vinolas A.,4,50.0,1.1,7.0,1.12,7.14,1.13,8.0
2018-10-02,Rakuten Japan Open Tennis Championships,1st Round,Hard,Struff J.L.,Cilic M.,56,6.0,4.33,1.2,4.5,1.24,5.0,1.24
2018-10-02,China Open,1st Round,Hard,Cecchinato M.,Baghdatis M.,22,116.0,2.2,1.61,2.26,1.7,2.3,1.78
2018-10-02,China Open,1st Round,Hard,Fognini F.,Albot R.,13,102.0,1.4,2.75,1.45,2.94,1.48,3.2
2018-10-02,China Open,1st Round,Hard,Zverev A.,Bautista Agut R.,5,26.0,1.36,3.0,1.36,3.38,1.36,3.68
2018-10-03,China Open,2nd Round,Hard,Lajovic D.,Dimitrov G.,55,8.0,3.0,1.36,3.48,1.36,3.66,1.38
2018-10-03,China Open,2nd Round,Hard,Krajinovic F.,Lopez F.,36,71.0,1.5,2.5,1.55,2.64,1.55,2.7
2018-10-03,Rakuten Japan Open Tennis Championships,1st Round,Hard,De Minaur A.,Simon G.,38,29.0,1.9,1.8,2.03,1.86,2.15,1.87
2018-10-03,Rakuten Japan Open Tennis Championships,1st Round,Hard,Anderson K.,Ebden M.,9,48.0,1.2,4.33,1.23,4.66,1.23,5.1
2018-10-03,Rakuten Japan Open Tennis Championships,2nd Round,Hard,Nishikori K.,Paire B.,12,63.0,1.2,4.33,1.27,4.27,1.27,4.45
2018-10-03,Rakuten Japan Open Tennis Championships,2nd Round,Hard,Medvedev D.,Klizan M.,32,51.0,1.72,2.0,1.77,2.18,1.77,2.2
2018-10-03,Rakuten Japan Open Tennis Championships,2nd Round,Hard,Raonic M.,Watanuki Y.,20,273.0,1.11,6.5,1.13,7.38,1.14,7.5
2018-10-03,Rakuten Japan Open Tennis Championships,2nd Round,Hard,Shapovalov D.,Wawrinka S.,31,74.0,2.37,1.53,2.28,1.71,2.45,1.71
2018-10-03,China Open,2nd Round,Hard,Del Potro J.M.,Khachanov K.,4,24.0,1.36,3.0,1.42,3.13,1.43,3.2
2018-10-03,China Open,2nd Round,Hard,Edmund K.,Berrettini M.,16,58.0,1.66,2.1,1.75,2.2,1.77,2.25
2018-10-03,Rakuten Japan Open Tennis Championships,1st Round,Hard,Kyrgios N.,Nishioka Y.,27,95.0,1.3,3.4,1.36,3.42,1.36,3.63
2018-10-04,Rakuten Japan Open Tennis Championships,2nd Round,Hard,Struff J.L.,Chardy J.,56,42.0,1.66,2.1,1.78,2.17,1.8,2.25
2018-10-04,Rakuten Japan Open Tennis Championships,2nd Round,Hard,Tsitsipas S.,De Minaur A.,15,38.0,1.66,2.1,1.79,2.14,1.8,2.4
2018-10-04,Rakuten Japan Open Tennis Championships,2nd Round,Hard,Anderson K.,Tiafoe F.,9,41.0,1.4,2.75,1.43,3.07,1.5,3.07
2018-10-04,Rakuten Japan Open Tennis Championships,2nd Round,Hard,Gasquet R.,Kyrgios N.,25,27.0,2.5,1.5,2.48,1.61,2.55,1.63
2018-10-04,China Open,2nd Round,Hard,Basilashvili N.,Verdasco F.,34,28.0,2.2,1.61,2.44,1.63,2.45,1.69
2018-10-04,China Open,2nd Round,Hard,Fognini F.,Rublev A.,13,68.0,1.83,1.83,1.91,2.0,1.92,2.06
2018-10-04,China Open,2nd Round,Hard,Jaziri M.,Zverev A.,61,5.0,8.0,1.08,10.89,1.07,10.89,1.1
2018-10-04,China Open,2nd Round,Hard,Fucsovics M.,Cecchinato M.,45,22.0,1.4,2.75,1.47,2.89,1.49,2.95
2018-10-05,China Open,Quarterfinals,Hard,Basilashvili N.,Jaziri M.,34,61.0,1.53,2.5,1.55,2.67,1.61,2.7
2018-10-05,China Open,Quarterfinals,Hard,Edmund K.,Lajovic D.,16,55.0,1.61,2.3,1.61,2.52,1.67,2.52
2018-10-05,China Open,Quarterfinals,Hard,Del Potro J.M.,Krajinovic F.,4,36.0,1.12,6.0,1.16,6.35,1.18,6.6
2018-10-05,China Open,Quarterfinals,Hard,Fognini F.,Fucsovics M.,13,45.0,1.5,2.62,1.57,2.62,1.57,2.75
2018-10-05,Rakuten Japan Open Tennis Championships,Quarterfinals,Hard,Gasquet R.,Anderson K.,25,9.0,2.2,1.66,2.19,1.78,2.25,1.8
2018-10-05,Rakuten Japan Open Tennis Championships,Quarterfinals,Hard,Shapovalov D.,Struff J.L.,31,56.0,1.44,2.75,1.49,2.88,1.49,3.15
2018-10-05,Rakuten Japan Open Tennis Championships,Quarterfinals,Hard,Medvedev D.,Raonic M.,32,20.0,2.75,1.44,2.87,1.49,2.87,1.53
2018-10-05,Rakuten Japan Open Tennis Championships,Quarterfinals,Hard,Nishikori K.,Tsitsipas S.,12,15.0,1.44,2.75,1.46,3.0,1.48,3.05
2018-10-06,Rakuten Japan Open Tennis Championships,Semifinals,Hard,Nishikori K.,Gasquet R.,12,25.0,1.4,3.0,1.45,3.02,1.47,3.12
2018-10-06,Rakuten Japan Open Tennis Championships,Semifinals,Hard,Medvedev D.,Shapovalov D.,32,31.0,1.72,2.1,1.9,2.03,1.9,2.2
2018-10-06,China Open,Semifinals,Hard,Basilashvili N.,Edmund K.,34,16.0,2.5,1.53,2.56,1.59,2.75,1.63
2018-10-06,China Open,Semifinals,Hard,Del Potro J.M.,Fognini F.,4,13.0,1.2,4.5,1.22,5.02,1.23,5.1
2018-10-07,Shanghai Masters,1st Round,Hard,Gojowczyk P.,Sock J.,68,17.0,2.1,1.66,2.09,1.83,2.2,1.83
2018-10-07,Shanghai Masters,1st Round,Hard,Khachanov K.,Johnson S.,27,32.0,1.4,2.75,1.47,2.92,1.51,2.92
2018-10-07,Shanghai Masters,1st Round,Hard,Jarry N.,Zverev M.,48,71.0,1.57,2.25,1.61,2.49,1.67,2.49
2018-10-07,Rakuten Japan Open Tennis Championships,The Final,Hard,Medvedev D.,Nishikori K.,32,12.0,3.2,1.36,3.42,1.38,3.42,1.4
2018-10-07,Shanghai Masters,1st Round,Hard,Chardy J.,Marterer M.,41,64.0,1.4,2.75,1.53,2.69,1.53,2.85
2018-10-07,China Open,The Final,Hard,Basilashvili N.,Del Potro J.M.,34,4.0,5.5,1.14,6.39,1.16,6.4,1.19
2018-10-08,Shanghai Masters,1st Round,Hard,Wu Y.,Li Z.,415,254.0,1.4,2.75,1.45,3.0,1.5,3.0
2018-10-08,Shanghai Masters,1st Round,Hard,Seppi A.,Mannarino A.,47,46.0,1.9,1.8,1.89,2.01,2.03,2.05
2018-10-08,Shanghai Masters,1st Round,Hard,Klahn B.,Kyrgios N.,104,38.0,3.75,1.25,4.08,1.28,4.33,1.3
2018-10-08,Shanghai Masters,1st Round,Hard,Mcdonald M.,Raonic M.,78,20.0,5.5,1.14,6.42,1.15,6.5,1.18
2018-10-08,Shanghai Masters,1st Round,Hard,Cecchinato M.,Simon G.,21,31.0,3.75,1.25,3.88,1.3,3.95,1.3
2018-10-08,Shanghai Masters,1st Round,Hard,Coric B.,Wawrinka S.,19,69.0,2.25,1.57,2.14,1.79,2.33,1.8
2018-10-08,Shanghai Masters,1st Round,Hard,Querrey S.,Schwartzman D.,57,16.0,1.9,1.8,2.0,1.91,2.13,1.95
2018-10-08,Shanghai Masters,1st Round,Hard,Fritz T.,Haase R.,59,44.0,1.5,2.5,1.59,2.52,1.6,2.7
2018-10-08,Shanghai Masters,1st Round,Hard,Fucsovics M.,Dzumhur D.,42,39.0,1.72,2.0,1.78,2.17,1.8,2.25
2018-10-08,Shanghai Masters,1st Round,Hard,Bautista Agut R.,Rublev A.,28,73.0,1.57,2.25,1.64,2.41,1.65,2.43
2018-10-08,Shanghai Masters,1st Round,Hard,Ebden M.,Tiafoe F.,51,40.0,2.62,1.44,2.76,1.51,2.84,1.51
2018-10-08,Shanghai Masters,1st Round,Hard,Tsitsipas S.,Monfils G.,15,37.0,1.8,1.9,1.88,2.03,1.91,2.11
2018-10-09,Shanghai Masters,1st Round,Hard,Edmund K.,Krajinovic F.,14,35.0,1.44,2.62,1.51,2.77,1.54,2.93
2018-10-09,Shanghai Masters,2nd Round,Hard,Coric B.,Klahn B.,19,104.0,1.28,3.5,1.33,3.64,1.33,3.96
2018-10-09,Shanghai Masters,2nd Round,Hard,Jarry N.,Cilic M.,48,6.0,5.0,1.16,5.28,1.2,5.3,1.23
2018-10-09,Shanghai Masters,2nd Round,Hard,Djokovic N.,Chardy J.,3,41.0,1.08,8.0,1.06,11.81,1.09,12.03
2018-10-09,Shanghai Masters,2nd Round,Hard,Ebden M.,Thiem D.,51,7.0,5.0,1.16,4.93,1.22,5.1,1.23
2018-10-09,Shanghai Masters,2nd Round,Hard,Gojowczyk P.,Fucsovics M.,68,42.0,2.25,1.57,2.41,1.64,2.53,1.67
2018-10-09,Shanghai Masters,1st Round,Hard,Kukushkin M.,Ramos-Vinolas A.,83,50.0,1.44,2.62,1.63,2.44,1.63,2.63
2018-10-09,Shanghai Masters,1st Round,Hard,Chung H.,Hurkacz H.,26,93.0,1.28,3.5,1.43,3.08,1.43,3.6
2018-10-09,Shanghai Masters,1st Round,Hard,Medvedev D.,Zhang Ze,22,216.0,1.11,6.5,1.15,6.62,1.15,7.0
2018-10-09,Shanghai Masters,1st Round,Hard,De Minaur A.,Pospisil V.,33,82.0,1.4,2.75,1.52,2.74,1.53,2.85
2018-10-09,Shanghai Masters,1st Round,Hard,Gasquet R.,Mayer L.,25,53.0,1.36,3.0,1.44,3.03,1.45,3.24
2018-10-09,Shanghai Masters,1st Round,Hard,Paire B.,Carreno Busta P.,62,24.0,1.57,2.25,1.74,2.23,1.74,2.32
2018-10-09,Shanghai Masters,1st Round,Hard,Basilashvili N.,Shapovalov D.,23,29.0,2.5,1.5,2.56,1.58,2.6,1.61
2018-10-10,Shanghai Masters,2nd Round,Hard,Bautista Agut R.,Mcdonald M.,28,78.0,1.33,3.25,1.36,3.44,1.36,3.5
2018-10-10,Shanghai Masters,2nd Round,Hard,Federer R.,Medvedev D.,2,22.0,1.22,4.0,1.22,4.92,1.27,4.95
2018-10-10,Shanghai Masters,2nd Round,Hard,Querrey S.,Fritz T.,57,59.0,1.8,1.9,1.81,2.11,1.86,2.15
2018-10-10,Shanghai Masters,2nd Round,Hard,Nishikori K.,Wu Y.,12,415.0,1.1,7.0,1.11,8.05,1.11,8.25
2018-10-10,Shanghai Masters,2nd Round,Hard,Anderson K.,Kukushkin M.,8,83.0,1.36,3.0,1.4,3.22,1.4,3.4
2018-10-10,Shanghai Masters,2nd Round,Hard,Zverev A.,Basilashvili N.,5,23.0,1.4,2.75,1.47,2.93,1.49,3.5
2018-10-10,Shanghai Masters,2nd Round,Hard,Cecchinato M.,Chung H.,21,26.0,4.0,1.22,3.88,1.3,4.4,1.3
2018-10-10,Shanghai Masters,2nd Round,Hard,Tsitsipas S.,Khachanov K.,15,27.0,2.25,1.57,2.47,1.61,2.5,1.65
2018-10-10,Shanghai Masters,2nd Round,Hard,Edmund K.,Seppi A.,14,47.0,1.28,3.5,1.37,3.4,1.37,3.6
2018-10-10,Shanghai Masters,2nd Round,Hard,De Minaur A.,Paire B.,33,62.0,1.61,2.2,1.63,2.44,1.73,2.45
2018-10-10,Shanghai Masters,2nd Round,Hard,Del Potro J.M.,Gasquet R.,4,25.0,1.33,3.25,1.37,3.42,1.4,3.5
2018-10-11,Shanghai Masters,3rd Round,Hard,Coric B.,Del Potro J.M.,19,4.0,2.3,1.61,2.25,1.74,2.6,1.74
2018-10-11,Shanghai Masters,3rd Round,Hard,Federer R.,Bautista Agut R.,2,28.0,1.14,5.5,1.13,7.25,1.17,7.75
2018-10-11,Shanghai Masters,3rd Round,Hard,Ebden M.,Gojowczyk P.,51,68.0,1.8,2.0,1.85,2.09,1.9,2.12
2018-10-11,Shanghai Masters,3rd Round,Hard,Nishikori K.,Querrey S.,12,57.0,1.44,2.75,1.52,2.77,1.53,2.81
2018-10-11,Shanghai Masters,3rd Round,Hard,Edmund K.,Jarry N.,14,48.0,1.44,2.75,1.49,2.86,1.5,2.9
2018-10-11,Shanghai Masters,3rd Round,Hard,Anderson K.,Tsitsipas S.,8,15.0,1.57,2.37,1.65,2.43,1.66,2.5
2018-10-11,Shanghai Masters,3rd Round,Hard,Zverev A.,De Minaur A.,5,33.0,1.3,3.5,1.33,3.77,1.33,3.8
2018-10-11,Shanghai Masters,3rd Round,Hard,Djokovic N.,Cecchinato M.,3,21.0,1.05,12.0,1.06,13.13,1.07,17.75
2018-10-12,Shanghai Masters,Quarterfinals,Hard,Zverev A.,Edmund K.,5,14.0,1.33,3.4,1.36,3.52,1.36,3.7
2018-10-12,Shanghai Masters,Quarterfinals,Hard,Djokovic N.,Anderson K.,3,8.0,1.16,5.0,1.18,5.69,1.19,5.8
2018-10-12,Shanghai Masters,Quarterfinals,Hard,Coric B.,Ebden M.,19,51.0,1.36,3.2,1.41,3.22,1.41,3.25
2018-10-12,Shanghai Masters,Quarterfinals,Hard,Federer R.,Nishikori K.,2,12.0,1.4,3.0,1.47,2.94,1.48,3.05
2018-10-13,Shanghai Masters,Semifinals,Hard,Djokovic N.,Zverev A.,3,5.0,1.33,3.4,1.38,3.41,1.38,3.5
2018-10-13,Shanghai Masters,Semifinals,Hard,Coric B.,Federer R.,19,2.0,3.4,1.33,4.0,1.3,4.0,1.36
2018-10-14,Shanghai Masters,The Final,Hard,Djokovic N.,Coric B.,3,19.0,1.12,6.0,1.16,6.26,1.25,7.04
2018-10-15,Stockholm Open,1st Round,Hard,Kudla D.,Garcia-Lopez G.,63,94.0,1.44,2.62,1.57,2.55,1.57,2.73
2018-10-15,Kremlin Cup,1st Round,Hard,Mannarino A.,Karlovskiy E.,49,218.0,1.4,2.75,1.44,3.0,1.47,3.22
2018-10-15,Stockholm Open,1st Round,Hard,Ymer E.,Marterer M.,135,67.0,2.0,1.72,2.18,1.75,2.21,1.8
2018-10-15,Kremlin Cup,1st Round,Hard,Rosol L.,Berrettini M.,172,52.0,3.0,1.36,3.07,1.42,3.15,1.44
2018-10-15,Kremlin Cup,1st Round,Hard,Bedene A.,Djere L.,72,86.0,1.22,4.0,1.29,3.9,1.29,4.46
2018-10-15,European Open,1st Round,Hard,Pospisil V.,Mayer L.,79,53.0,1.66,2.1,1.81,2.1,1.81,2.3
2018-10-15,European Open,1st Round,Hard,Vesely J.,Munar J.,93,80.0,1.72,2.0,1.74,2.2,1.83,2.25
2018-10-15,European Open,1st Round,Hard,Mcdonald M.,Jarry N.,84,43.0,1.9,1.8,1.96,1.93,2.06,1.93
2018-10-15,European Open,1st Round,Hard,Lopez F.,Tiafoe F.,70,45.0,2.62,1.44,2.76,1.5,2.76,1.53
2018-10-16,Kremlin Cup,1st Round,Hard,Berankis R.,Istomin D.,107,89.0,2.37,1.53,2.55,1.57,2.7,1.61
2018-10-16,Kremlin Cup,1st Round,Hard,Gerasimov E.,Dzumhur D.,217,39.0,2.25,1.57,2.45,1.61,2.66,1.75
2018-10-16,Kremlin Cup,1st Round,Hard,Donskoy E.,Kukushkin M.,105,73.0,2.75,1.4,3.05,1.43,3.1,1.45
2018-10-16,Stockholm Open,1st Round,Hard,Kohlschreiber P.,De Minaur A.,35,31.0,2.25,1.57,2.5,1.59,2.62,1.61
2018-10-16,Kremlin Cup,1st Round,Hard,Paire B.,Zverev M.,57,71.0,1.5,2.5,1.53,2.67,1.58,2.86
2018-10-16,Kremlin Cup,1st Round,Hard,Lajovic D.,Horansky F.,50,215.0,1.18,4.5,1.26,4.26,1.27,4.5
2018-10-16,Stockholm Open,1st Round,Hard,Klahn B.,Copil M.,102,90.0,2.1,1.66,2.33,1.67,2.48,1.76
2018-10-16,Stockholm Open,1st Round,Hard,Chung H.,Fritz T.,27,56.0,1.72,2.0,1.85,2.05,1.91,2.12
2018-10-16,Stockholm Open,1st Round,Hard,Millman J.,Popyrin A.,33,180.0,1.36,3.0,1.47,2.86,1.5,3.1
2018-10-16,Stockholm Open,1st Round,Hard,Verdasco F.,Ebden M.,29,40.0,1.53,2.37,1.56,2.58,1.6,2.6
2018-10-16,Stockholm Open,1st Round,Hard,Sandgren T.,Pouille L.,62,22.0,2.62,1.44,2.8,1.49,2.9,1.5
2018-10-16,Stockholm Open,1st Round,Hard,Lacko L.,Daniel T.,81,69.0,2.0,1.72,2.11,1.8,2.25,1.83
2018-10-16,Stockholm Open,1st Round,Hard,Gulbis E.,Ymer M.,145,289.0,1.44,2.62,1.41,3.13,1.53,3.13
2018-10-16,Kremlin Cup,1st Round,Hard,Seppi A.,Klizan M.,46,47.0,2.5,1.5,2.47,1.6,2.78,1.61
2018-10-16,Kremlin Cup,1st Round,Hard,Kyrgios N.,Rublev A.,37,78.0,1.57,2.25,1.72,2.23,1.72,2.41
2018-10-16,Kremlin Cup,1st Round,Hard,Basic M.,Jaziri M.,76,54.0,2.0,1.72,2.21,1.74,2.31,1.77
2018-10-16,European Open,1st Round,Hard,Monfils G.,Bemelmans R.,38,110.0,1.36,3.0,1.39,3.22,1.42,3.3
2018-10-16,European Open,1st Round,Hard,Tsonga J.W.,Pella G.,75,65.0,1.53,2.37,1.61,2.46,1.62,2.66
2018-10-16,European Open,1st Round,Hard,Simon G.,Stakhovsky S.,32,150.0,1.33,3.25,1.34,3.55,1.37,3.6
2018-10-16,European Open,1st Round,Hard,Ramos-Vinolas A.,Robert S.,64,158.0,1.5,2.5,1.54,2.62,1.66,2.65
2018-10-16,European Open,1st Round,Hard,Struff J.L.,Lestienne C.,58,154.0,1.5,2.5,1.49,2.8,1.52,2.98
2018-10-16,European Open,1st Round,Hard,Ivashka I.,Haase R.,97,48.0,1.9,1.8,1.96,1.93,2.05,1.93
2018-10-17,European Open,2nd Round,Hard,Simon G.,Mcdonald M.,32,84.0,1.44,2.62,1.49,2.84,1.5,2.85
2018-10-17,Kremlin Cup,2nd Round,Hard,Mannarino A.,Cecchinato M.,49,19.0,1.57,2.25,1.62,2.45,1.68,2.45
2018-10-17,Kremlin Cup,2nd Round,Hard,Khachanov K.,Rosol L.,26,172.0,1.14,5.5,1.16,6.19,1.17,6.35
2018-10-17,Kremlin Cup,2nd Round,Hard,Gerasimov E.,Paire B.,217,57.0,2.2,1.61,2.43,1.63,2.5,1.68
2018-10-17,Kremlin Cup,2nd Round,Hard,Berankis R.,Bedene A.,107,72.0,2.25,1.57,2.3,1.69,2.37,1.69
2018-10-17,Kremlin Cup,1st Round,Hard,Herbert P.H.,Bublik A.,51,219.0,1.5,2.5,1.6,2.48,1.65,2.63
2018-10-17,European Open,2nd Round,Hard,Struff J.L.,Lopez F.,58,70.0,1.5,2.5,1.61,2.47,1.65,2.55
2018-10-17,European Open,2nd Round,Hard,Gasquet R.,Vesely J.,28,93.0,1.25,3.75,1.26,4.3,1.28,4.6
2018-10-17,European Open,2nd Round,Hard,Pospisil V.,Raonic M.,79,20.0,4.0,1.22,4.46,1.25,4.6,1.29
2018-10-17,Stockholm Open,1st Round,Hard,Otte O.,Zopp J.,193,133.0,1.83,1.83,1.95,1.93,2.05,2.02
2018-10-17,Stockholm Open,1st Round,Hard,Shapovalov D.,Polansky P.,30,130.0,1.2,4.33,1.21,4.93,1.25,4.95
2018-10-17,Stockholm Open,2nd Round,Hard,Tsitsipas S.,Millman J.,16,33.0,1.53,2.37,1.54,2.67,1.55,2.87
2018-10-17,Stockholm Open,2nd Round,Hard,Sock J.,Ymer E.,18,135.0,1.4,2.75,1.52,2.73,1.54,2.93
2018-10-17,Stockholm Open,2nd Round,Hard,Chung H.,Kudla D.,27,63.0,1.4,2.75,1.46,2.94,1.46,3.1
2018-10-17,European Open,1st Round,Hard,Caruso S.,Bhambri Y.,167,100.0,1.4,2.75,1.58,2.53,1.58,3.1
2018-10-17,European Open,1st Round,Hard,Norrie C.,Granollers M.,87,95.0,1.83,1.83,1.94,1.94,2.0,2.05
2018-10-18,Stockholm Open,2nd Round,Hard,Sandgren T.,Otte O.,62,193.0,1.4,2.75,1.42,3.11,1.44,3.11
2018-10-18,Stockholm Open,2nd Round,Hard,Fognini F.,Lacko L.,14,81.0,1.33,3.25,1.41,3.16,1.41,3.4
2018-10-18,Stockholm Open,2nd Round,Hard,Kohlschreiber P.,Verdasco F.,35,29.0,2.25,1.57,2.2,1.75,2.3,1.82
2018-10-18,Stockholm Open,2nd Round,Hard,Gulbis E.,Shapovalov D.,145,30.0,2.5,1.5,2.92,1.47,3.1,1.5
2018-10-18,European Open,2nd Round,Hard,Schwartzman D.,Norrie C.,17,87.0,1.57,2.25,1.56,2.6,1.61,2.6
2018-10-18,Stockholm Open,2nd Round,Hard,Isner J.,Klahn B.,10,102.0,1.25,3.75,1.27,4.18,1.3,4.18
2018-10-18,European Open,2nd Round,Hard,Edmund K.,Ramos-Vinolas A.,15,64.0,1.2,4.33,1.23,4.72,1.25,4.8
2018-10-18,Kremlin Cup,2nd Round,Hard,Basic M.,Kyrgios N.,76,37.0,4.5,1.18,4.55,1.24,4.65,1.24
2018-10-18,Kremlin Cup,2nd Round,Hard,Medvedev D.,Lajovic D.,21,50.0,1.3,3.4,1.37,3.42,1.37,3.5
2018-10-18,Kremlin Cup,2nd Round,Hard,Krajinovic F.,Donskoy E.,34,105.0,1.36,3.0,1.45,3.0,1.48,3.07
2018-10-18,Kremlin Cup,2nd Round,Hard,Seppi A.,Herbert P.H.,46,51.0,1.9,1.8,2.08,1.84,2.1,1.9
2018-10-18,European Open,2nd Round,Hard,Monfils G.,Tsonga J.W.,38,75.0,1.53,2.37,1.53,2.68,1.65,2.78
2018-10-18,European Open,2nd Round,Hard,Ivashka I.,Caruso S.,97,167.0,1.25,3.75,1.3,3.96,1.32,4.0
2018-10-19,European Open,Quarterfinals,Hard,Edmund K.,Ivashka I.,15,97.0,1.22,4.33,1.25,4.53,1.27,4.7
2018-10-19,European Open,Quarterfinals,Hard,Monfils G.,Pospisil V.,38,79.0,1.61,2.3,1.55,2.68,1.62,2.68
2018-10-19,European Open,Quarterfinals,Hard,Gasquet R.,Struff J.L.,28,58.0,1.53,2.5,1.58,2.58,1.63,2.6
2018-10-19,European Open,Quarterfinals,Hard,Schwartzman D.,Simon G.,17,32.0,2.5,1.53,2.4,1.66,2.55,1.66
2018-10-19,Kremlin Cup,Quarterfinals,Hard,Medvedev D.,Berankis R.,21,107.0,1.14,5.5,1.19,5.57,1.19,5.7
2018-10-19,Kremlin Cup,Quarterfinals,Hard,Khachanov K.,Basic M.,26,76.0,1.11,7.0,1.15,6.75,1.15,7.5
2018-10-19,Kremlin Cup,Quarterfinals,Hard,Mannarino A.,Gerasimov E.,49,217.0,1.72,2.1,1.77,2.2,1.82,2.2
2018-10-19,Kremlin Cup,Quarterfinals,Hard,Seppi A.,Krajinovic F.,46,34.0,2.2,1.66,2.42,1.65,2.45,1.73
2018-10-19,Stockholm Open,Quarterfinals,Hard,Tsitsipas S.,Kohlschreiber P.,16,35.0,1.53,2.5,1.59,2.56,1.59,2.65
2018-10-19,Stockholm Open,Quarterfinals,Hard,Gulbis E.,Sock J.,145,18.0,1.66,2.2,1.89,2.04,1.89,2.2
2018-10-19,Stockholm Open,Quarterfinals,Hard,Isner J.,Sandgren T.,10,62.0,1.3,3.5,1.32,3.78,1.34,3.8
2018-10-19,Stockholm Open,Quarterfinals,Hard,Fognini F.,Chung H.,14,27.0,2.3,1.61,2.37,1.67,2.37,1.77
2018-10-20,Stockholm Open,Semifinals,Hard,Gulbis E.,Isner J.,145,10.0,2.2,1.66,2.5,1.61,2.55,1.69
2018-10-20,Stockholm Open,Semifinals,Hard,Tsitsipas S.,Fognini F.,16,14.0,1.66,2.2,1.69,2.33,1.74,2.38
2018-10-20,European Open,Semifinals,Hard,Edmund K.,Gasquet R.,15,28.0,1.57,2.37,1.72,2.28,1.72,2.5
2018-10-20,European Open,Semifinals,Hard,Monfils G.,Schwartzman D.,38,17.0,1.66,2.2,1.65,2.42,1.7,2.55
2018-10-20,Kremlin Cup,Semifinals,Hard,Khachanov K.,Medvedev D.,26,21.0,1.9,1.9,1.92,2.01,2.0,2.01
2018-10-20,Kremlin Cup,Semifinals,Hard,Mannarino A.,Seppi A.,49,46.0,2.2,1.66,2.26,1.73,2.3,1.74
2018-10-21,Kremlin Cup,The Final,Hard,Khachanov K.,Mannarino A.,26,49.0,1.2,4.5,1.23,4.86,1.25,4.97
2018-10-21,European Open,The Final,Hard,Edmund K.,Monfils G.,15,38.0,2.1,1.72,2.06,1.87,2.2,1.91
2018-10-21,Stockholm Open,The Final,Hard,Tsitsipas S.,Gulbis E.,16,145.0,1.4,3.0,1.45,3.01,1.46,3.05
2018-10-22,Erste Bank Open,1st Round,Hard,Anderson K.,Basilashvili N.,8,24.0,1.36,3.0,1.41,3.13,1.42,3.16
2018-10-22,Erste Bank Open,1st Round,Hard,Rublev A.,Kudla D.,76,62.0,1.66,2.1,1.63,2.4,1.73,2.4
2018-10-22,Erste Bank Open,1st Round,Hard,Melzer J.,Raonic M.,426,22.0,4.5,1.18,5.39,1.19,6.92,1.2
2018-10-22,Erste Bank Open,1st Round,Hard,Fucsovics M.,Auger-Aliassime F.,40,109.0,1.57,2.25,1.58,2.52,1.65,2.56
2018-10-22,Erste Bank Open,1st Round,Hard,Coric B.,Ramos-Vinolas A.,13,64.0,1.11,6.5,1.11,7.65,1.15,8.27
2018-10-22,Swiss Indoors,1st Round,Hard,Cilic M.,Shapovalov D.,6,29.0,1.44,2.62,1.47,2.89,1.5,3.05
2018-10-22,Swiss Indoors,1st Round,Hard,Fritz T.,Djere L.,57,87.0,1.57,2.25,1.66,2.34,1.7,2.37
2018-10-22,Swiss Indoors,1st Round,Hard,Laaksonen H.,Cecchinato M.,175,21.0,2.2,1.61,2.4,1.63,2.43,1.67
2018-10-22,Swiss Indoors,1st Round,Hard,Copil M.,Harrison R.,93,59.0,1.57,2.25,1.57,2.55,1.65,2.6
2018-10-23,Erste Bank Open,1st Round,Hard,Querrey S.,Tsonga J.W.,56,113.0,2.2,1.61,2.13,1.79,2.33,1.79
2018-10-23,Erste Bank Open,1st Round,Hard,Thiem D.,Bemelmans R.,7,134.0,1.16,5.0,1.13,6.84,1.18,6.84
2018-10-23,Erste Bank Open,1st Round,Hard,Fognini F.,Dzumhur D.,15,51.0,1.66,2.1,1.69,2.28,1.74,2.3
2018-10-23,Erste Bank Open,1st Round,Hard,Pouille L.,Kohlschreiber P.,23,34.0,2.2,1.61,2.31,1.68,2.36,1.69
2018-10-23,Erste Bank Open,1st Round,Hard,Isner J.,Norrie C.,9,85.0,1.57,2.25,1.56,2.59,1.65,2.65
2018-10-23,Erste Bank Open,1st Round,Hard,Verdasco F.,Herbert P.H.,30,50.0,1.72,2.0,1.78,2.14,1.87,2.15
2018-10-23,Erste Bank Open,1st Round,Hard,Nishikori K.,Tiafoe F.,11,45.0,1.28,3.5,1.26,4.3,1.3,4.35
2018-10-23,Swiss Indoors,1st Round,Hard,Seppi A.,Daniel T.,43,74.0,1.44,2.62,1.56,2.58,1.56,2.8
2018-10-23,Swiss Indoors,1st Round,Hard,Federer R.,Krajinovic F.,3,35.0,1.08,8.0,1.1,8.33,1.11,8.5
2018-10-23,Swiss Indoors,1st Round,Hard,Medvedev D.,Marterer M.,20,67.0,1.25,3.75,1.27,4.13,1.28,4.25
2018-10-23,Swiss Indoors,1st Round,Hard,Struff J.L.,Millman J.,52,36.0,1.9,1.8,1.93,1.96,2.0,1.96
2018-10-23,Swiss Indoors,1st Round,Hard,Gojowczyk P.,Jarry N.,60,42.0,1.72,2.0,1.93,1.96,1.93,2.08
2018-10-23,Swiss Indoors,1st Round,Hard,Simon G.,Mayer L.,32,54.0,1.4,2.75,1.45,2.94,1.47,2.95
2018-10-23,Swiss Indoors,1st Round,Hard,Popyrin A.,Ebden M.,174,39.0,2.2,1.61,2.31,1.68,2.4,1.75
2018-10-24,Swiss Indoors,2nd Round,Hard,Fritz T.,Laaksonen H.,57,175.0,1.28,3.5,1.35,3.53,1.37,3.6
2018-10-24,Swiss Indoors,2nd Round,Hard,Copil M.,Cilic M.,93,6.0,4.0,1.22,5.05,1.21,5.15,1.24
2018-10-24,Erste Bank Open,1st Round,Hard,Khachanov K.,Novak D.,19,137.0,1.2,4.33,1.19,5.39,1.21,6.0
2018-10-24,Swiss Indoors,1st Round,Hard,Bautista Agut R.,Sousa J.,26,48.0,1.25,3.75,1.31,3.75,1.32,3.85
2018-10-24,Swiss Indoors,1st Round,Hard,Lajovic D.,Mannarino A.,49,44.0,2.0,1.72,1.95,1.93,2.08,1.93
2018-10-24,Erste Bank Open,1st Round,Hard,Kukushkin M.,Dimitrov G.,71,10.0,4.0,1.22,3.51,1.33,4.2,1.52
2018-10-24,Swiss Indoors,1st Round,Hard,Gulbis E.,Sock J.,104,18.0,2.0,1.72,2.1,1.81,2.1,1.87
2018-10-24,Erste Bank Open,2nd Round,Hard,Fucsovics M.,Fognini F.,40,15.0,2.37,1.53,2.56,1.58,2.79,1.63
2018-10-24,Erste Bank Open,1st Round,Hard,Edmund K.,Schwartzman D.,14,17.0,1.44,2.62,1.56,2.56,1.57,2.79
2018-10-24,Swiss Indoors,1st Round,Hard,Tsitsipas S.,Chardy J.,16,41.0,1.4,2.75,1.45,2.96,1.47,3.0
2018-10-24,Erste Bank Open,2nd Round,Hard,Anderson K.,Melzer J.,8,426.0,1.18,4.5,1.19,5.52,1.2,5.81
2018-10-24,Erste Bank Open,2nd Round,Hard,Coric B.,Pouille L.,13,23.0,1.53,2.37,1.53,2.69,1.57,2.74
2018-10-24,Swiss Indoors,1st Round,Hard,Zverev A.,Haase R.,5,47.0,1.18,4.5,1.21,4.91,1.22,5.16
2018-10-24,Erste Bank Open,1st Round,Hard,Monfils G.,Johnson S.,33,37.0,1.57,2.25,1.54,2.64,1.6,2.7
2018-10-25,Erste Bank Open,2nd Round,Hard,Nishikori K.,Khachanov K.,11,19.0,1.57,2.25,1.61,2.47,1.63,2.6
2018-10-25,Erste Bank Open,2nd Round,Hard,Verdasco F.,Edmund K.,30,14.0,2.62,1.44,2.67,1.54,2.9,1.54
2018-10-25,Erste Bank Open,2nd Round,Hard,Kukushkin M.,Rublev A.,71,76.0,2.0,1.72,2.14,1.79,2.2,1.95
2018-10-25,Erste Bank Open,2nd Round,Hard,Thiem D.,Querrey S.,7,56.0,1.44,2.62,1.49,2.84,1.49,3.0
2018-10-25,Erste Bank Open,2nd Round,Hard,Monfils G.,Isner J.,33,9.0,1.57,2.25,1.69,2.3,1.71,2.4
2018-10-25,Swiss Indoors,2nd Round,Hard,Simon G.,Gulbis E.,32,104.0,1.4,2.75,1.47,2.92,1.54,2.92
2018-10-25,Swiss Indoors,2nd Round,Hard,Tsitsipas S.,Gojowczyk P.,16,60.0,1.33,3.25,1.3,3.93,1.35,4.05
2018-10-25,Swiss Indoors,2nd Round,Hard,Federer R.,Struff J.L.,3,52.0,1.18,4.5,1.17,5.81,1.2,5.9
2018-10-25,Swiss Indoors,2nd Round,Hard,Medvedev D.,Seppi A.,20,43.0,1.36,3.0,1.37,3.41,1.42,3.41
2018-10-25,Swiss Indoors,2nd Round,Hard,Zverev A.,Popyrin A.,5,174.0,1.1,7.0,1.12,7.71,1.13,8.6
2018-10-25,Swiss Indoors,2nd Round,Hard,Bautista Agut R.,Lajovic D.,26,49.0,1.33,3.25,1.36,3.43,1.39,3.5
2018-10-26,Swiss Indoors,Quarterfinals,Hard,Copil M.,Fritz T.,93,57.0,1.8,2.0,2.0,1.93,2.0,2.1
2018-10-26,Erste Bank Open,Quarterfinals,Hard,Verdasco F.,Monfils G.,30,33.0,2.5,1.53,2.61,1.57,2.68,1.62
2018-10-26,Erste Bank Open,Quarterfinals,Hard,Anderson K.,Coric B.,8,13.0,1.66,2.2,1.75,2.24,1.83,2.24
2018-10-26,Erste Bank Open,Quarterfinals,Hard,Nishikori K.,Thiem D.,11,7.0,1.8,2.0,1.86,2.07,1.94,2.07
2018-10-26,Erste Bank Open,Quarterfinals,Hard,Kukushkin M.,Fucsovics M.,71,40.0,1.66,2.2,1.81,2.14,1.83,2.26
2018-10-26,Swiss Indoors,Quarterfinals,Hard,Federer R.,Simon G.,3,32.0,1.16,5.0,1.21,5.17,1.21,5.65
2018-10-26,Swiss Indoors,Quarterfinals,Hard,Medvedev D.,Tsitsipas S.,20,16.0,2.2,1.66,2.3,1.71,2.39,1.72
2018-10-26,Swiss Indoors,Quarterfinals,Hard,Zverev A.,Bautista Agut R.,5,26.0,1.28,3.75,1.27,4.3,1.31,4.3
2018-10-27,Swiss Indoors,Semifinals,Hard,Copil M.,Zverev A.,93,5.0,4.5,1.2,6.08,1.17,6.08,1.23
2018-10-27,Swiss Indoors,Semifinals,Hard,Federer R.,Medvedev D.,3,20.0,1.36,3.2,1.32,3.84,1.4,3.84
2018-10-27,Erste Bank Open,Semifinals,Hard,Nishikori K.,Kukushkin M.,11,71.0,1.11,7.0,1.15,6.7,1.15,7.4
2018-10-27,Erste Bank Open,Semifinals,Hard,Anderson K.,Verdasco F.,8,30.0,1.44,2.75,1.53,2.74,1.53,2.77
2018-10-28,Swiss Indoors,The Final,Hard,Federer R.,Copil M.,3,93.0,1.12,6.0,1.13,7.38,1.15,7.5
2018-10-28,Erste Bank Open,The Final,Hard,Anderson K.,Nishikori K.,8,11.0,2.75,1.44,2.74,1.53,3.0,1.53
2018-10-29,BNP Paribas Masters,1st Round,Hard,Lopez F.,De Minaur A.,71,33.0,2.37,1.53,2.5,1.6,2.5,1.63
2018-10-29,BNP Paribas Masters,1st Round,Hard,Tiafoe F.,Mahut N.,44,169.0,1.66,2.1,1.72,2.25,1.74,2.39
2018-10-29,BNP Paribas Masters,1st Round,Hard,Sousa J.,Cecchinato M.,48,20.0,1.4,2.75,1.43,3.09,1.43,3.35
2018-10-29,BNP Paribas Masters,1st Round,Hard,Gasquet R.,Shapovalov D.,28,29.0,1.53,2.37,1.58,2.56,1.67,2.6
2018-10-29,BNP Paribas Masters,1st Round,Hard,Mannarino A.,Humbert U.,46,99.0,1.66,2.1,1.81,2.12,1.83,2.25
2018-10-29,BNP Paribas Masters,1st Round,Hard,Basilashvili N.,Millman J.,22,35.0,1.57,2.25,1.68,2.33,1.69,2.56
2018-10-29,BNP Paribas Masters,1st Round,Hard,Kohlschreiber P.,Haase R.,43,47.0,1.5,2.5,1.67,2.35,1.67,2.55
2018-10-29,BNP Paribas Masters,1st Round,Hard,Khachanov K.,Krajinovic F.,18,34.0,1.33,3.25,1.33,3.67,1.38,3.68
2018-10-29,BNP Paribas Masters,1st Round,Hard,Dzumhur D.,Gojowczyk P.,52,61.0,2.25,1.57,2.35,1.67,2.52,1.68
2018-10-29,BNP Paribas Masters,1st Round,Hard,Bautista Agut R.,Johnson S.,25,36.0,1.36,3.0,1.43,3.09,1.43,3.26
2018-10-30,BNP Paribas Masters,2nd Round,Hard,Cilic M.,Kohlschreiber P.,7,43.0,1.36,3.0,1.41,3.17,1.41,3.3
2018-10-30,BNP Paribas Masters,2nd Round,Hard,Djokovic N.,Sousa J.,2,48.0,1.02,17.0,1.03,18.14,1.04,24.5
2018-10-30,BNP Paribas Masters,2nd Round,Hard,Dzumhur D.,Tsitsipas S.,52,16.0,3.4,1.3,3.81,1.31,3.95,1.35
2018-10-30,BNP Paribas Masters,2nd Round,Hard,Khachanov K.,Ebden M.,18,39.0,1.2,4.33,1.23,4.76,1.27,4.8
2018-10-30,BNP Paribas Masters,1st Round,Hard,Raonic M.,Tsonga J.W.,21,256.0,1.66,2.1,1.65,2.38,1.78,2.38
2018-10-30,BNP Paribas Masters,1st Round,Hard,Fucsovics M.,Paire B.,42,56.0,2.1,1.66,2.26,1.71,2.26,1.75
2018-10-30,BNP Paribas Masters,1st Round,Hard,Kukushkin M.,Herbert P.H.,54,57.0,2.2,1.61,2.16,1.78,2.27,1.8
2018-10-30,BNP Paribas Masters,1st Round,Hard,Verdasco F.,Chardy J.,27,40.0,1.57,2.25,1.74,2.22,1.75,2.3
2018-10-30,BNP Paribas Masters,1st Round,Hard,Medvedev D.,Carreno Busta P.,17,24.0,1.28,3.5,1.32,3.76,1.35,3.76
2018-10-30,BNP Paribas Masters,1st Round,Hard,Simon G.,Pouille L.,31,32.0,1.57,2.25,1.63,2.44,1.65,2.45
2018-10-31,BNP Paribas Masters,2nd Round,Hard,Schwartzman D.,Lopez F.,19,71.0,1.53,2.37,1.65,2.4,1.67,2.75
2018-10-31,BNP Paribas Masters,2nd Round,Hard,Coric B.,Medvedev D.,13,17.0,1.83,1.83,1.87,2.04,1.95,2.05
2018-10-31,BNP Paribas Masters,2nd Round,Hard,Thiem D.,Simon G.,8,31.0,1.5,2.5,1.51,2.75,1.63,2.8
2018-10-31,BNP Paribas Masters,2nd Round,Hard,Federer R.,Raonic M.,3,21.0,1.36,3.0,1.35,3.5,1.37,3.5
2018-10-31,BNP Paribas Masters,2nd Round,Hard,Fognini F.,Fucsovics M.,14,42.0,2.0,1.72,1.95,1.95,2.0,1.95
2018-10-31,BNP Paribas Masters,2nd Round,Hard,Jaziri M.,Verdasco F.,55,27.0,3.25,1.33,,,3.42,1.33
2018-10-31,BNP Paribas Masters,2nd Round,Hard,Isner J.,Kukushkin M.,9,54.0,1.4,2.75,1.4,3.22,1.49,3.5
2018-10-31,BNP Paribas Masters,2nd Round,Hard,Sock J.,Gasquet R.,23,28.0,3.4,1.3,3.74,1.32,3.9,1.34
2018-10-31,BNP Paribas Masters,2nd Round,Hard,Dimitrov G.,Bautista Agut R.,10,25.0,2.1,1.66,2.11,1.81,2.2,1.81
2018-10-31,BNP Paribas Masters,2nd Round,Hard,Zverev A.,Tiafoe F.,5,44.0,1.28,3.5,1.27,4.26,1.3,4.26
2018-10-31,BNP Paribas Masters,2nd Round,Hard,Nishikori K.,Mannarino A.,11,46.0,1.16,5.0,1.16,6.24,1.18,6.33
2018-10-31,BNP Paribas Masters,2nd Round,Hard,Anderson K.,Basilashvili N.,6,22.0,1.5,2.5,1.45,2.99,1.54,3.2
2018-11-01,BNP Paribas Masters,3rd Round,Hard,Thiem D.,Coric B.,8,13.0,1.8,2.0,1.83,2.11,1.86,2.15
2018-11-01,BNP Paribas Masters,3rd Round,Hard,Nishikori K.,Anderson K.,11,6.0,1.72,2.1,1.75,2.24,1.76,2.25
2018-11-01,BNP Paribas Masters,3rd Round,Hard,Federer R.,Fognini F.,3,14.0,1.12,6.0,1.15,6.61,1.15,7.25
2018-11-01,BNP Paribas Masters,3rd Round,Hard,Sock J.,Jaziri M.,23,55.0,1.36,3.2,1.4,3.29,1.41,3.35
2018-11-01,BNP Paribas Masters,3rd Round,Hard,Cilic M.,Dimitrov G.,7,10.0,1.44,2.75,1.48,2.9,1.5,2.9
2018-11-01,BNP Paribas Masters,3rd Round,Hard,Djokovic N.,Dzumhur D.,2,52.0,1.03,15.0,1.04,16.78,1.06,19.5
2018-11-01,BNP Paribas Masters,3rd Round,Hard,Khachanov K.,Isner J.,18,9.0,1.5,2.62,1.56,2.63,1.57,2.7
2018-11-01,BNP Paribas Masters,3rd Round,Hard,Zverev A.,Schwartzman D.,5,19.0,1.28,3.75,1.29,4.05,1.31,4.18
2018-11-02,BNP Paribas Masters,Quarterfinals,Hard,Khachanov K.,Zverev A.,18,5.0,2.75,1.44,2.88,1.49,2.95,1.49
2018-11-02,BNP Paribas Masters,Quarterfinals,Hard,Thiem D.,Sock J.,8,23.0,1.33,3.4,1.29,4.05,1.45,4.05
2018-11-02,BNP Paribas Masters,Quarterfinals,Hard,Djokovic N.,Cilic M.,2,7.0,1.14,5.5,1.19,5.61,1.19,6.0
2018-11-02,BNP Paribas Masters,Quarterfinals,Hard,Federer R.,Nishikori K.,3,11.0,1.44,2.75,1.47,2.93,1.5,2.93
2018-11-03,BNP Paribas Masters,Semifinals,Hard,Khachanov K.,Thiem D.,18,8.0,2.0,1.8,1.98,1.94,2.03,2.0
2018-11-03,BNP Paribas Masters,Semifinals,Hard,Djokovic N.,Federer R.,2,3.0,1.4,3.0,1.43,3.12,1.47,3.25
2018-11-04,BNP Paribas Masters,The Final,Hard,Khachanov K.,Djokovic N.,18,2.0,5.0,1.16,5.5,1.19,5.5,1.25
2018-11-11,Masters Cup,Round Robin,Hard,Nishikori K.,Federer R.,9,3.0,4.0,1.22,4.05,1.29,4.2,1.3
2018-11-11,Masters Cup,Round Robin,Hard,Anderson K.,Thiem D.,6,8.0,1.72,2.0,1.81,2.12,1.9,2.12
2018-11-12,Masters Cup,Round Robin,Hard,Zverev A.,Cilic M.,5,7.0,1.8,2.0,1.85,2.06,1.87,2.13
2018-11-12,Masters Cup,Round Robin,Hard,Djokovic N.,Isner J.,1,10.0,1.11,7.0,1.12,7.5,1.13,7.5
2018-11-13,Masters Cup,Round Robin,Hard,Anderson K.,Nishikori K.,6,9.0,2.2,1.66,2.24,1.73,2.35,1.74
2018-11-13,Masters Cup,Round Robin,Hard,Federer R.,Thiem D.,3,8.0,1.3,3.0,1.37,3.42,1.4,3.65
2018-11-14,Masters Cup,Round Robin,Hard,Djokovic N.,Zverev A.,1,5.0,1.14,5.5,1.18,5.73,1.2,6.0
2018-11-14,Masters Cup,Round Robin,Hard,Cilic M.,Isner J.,7,10.0,1.44,2.75,1.49,2.82,1.5,2.95
2018-11-15,Masters Cup,Round Robin,Hard,Thiem D.,Nishikori K.,8,9.0,2.62,1.5,2.57,1.57,2.74,1.57
2018-11-15,Masters Cup,Round Robin,Hard,Federer R.,Anderson K.,3,6.0,1.36,3.2,1.37,3.38,1.44,3.4
2018-11-16,Masters Cup,Round Robin,Hard,Zverev A.,Isner J.,5,10.0,1.36,3.2,1.4,3.22,1.44,3.4
2018-11-16,Masters Cup,Round Robin,Hard,Djokovic N.,Cilic M.,1,7.0,1.2,4.5,1.2,5.23,1.22,6.03
2018-11-17,Masters Cup,Semifinals,Hard,Djokovic N.,Anderson K.,1,6.0,1.11,7.0,1.12,7.72,1.15,7.72
2018-11-17,Masters Cup,Semifinals,Hard,Zverev A.,Federer R.,5,3.0,3.2,1.36,3.24,1.41,3.4,1.45
2018-11-18,Masters Cup,The Final,Hard,Zverev A.,Djokovic N.,5,1.0,5.5,1.14,6.36,1.16,6.36,1.22
