date,tournament,round,surface,winner,loser,wrank,lrank,odds_winner,odds_loser,pin_winner,pin_loser,max_winner,max_loser
2023-01-01,Adelaide International 1,1st Round,Hard,Giron M.,Gasquet R.,61.0,68.0,1.91,1.91,1.93,1.95,1.99,1.95
2023-01-01,Adelaide International 1,1st Round,Hard,Mcdonald M.,Galan D.E.,63.0,67.0,1.36,3.2,1.39,3.25,1.44,3.4
2023-01-02,Maharashtra Open,1st Round,Hard,Carballes Baena R.,Zapata Miralles B.,74.0,72.0,2.0,1.8,2.08,1.83,2.1,1.83
2023-01-02,Maharashtra Open,1st Round,Hard,Bonzi B.,Tseng C.H.,60.0,115.0,1.4,3.0,1.43,3.04,1.43,3.1
2023-01-02,Maharashtra Open,1st Round,Hard,Djere L.,Molcan A.,70.0,50.0,1.91,1.91,1.89,2.0,1.95,2.0
2023-01-02,Maharashtra Open,1st Round,Hard,Cecchinato M.,Basilashvili N.,101.0,91.0,2.75,1.44,2.87,1.47,3.0,1.47
2023-01-02,Maharashtra Open,1st Round,Hard,Krajinovic F.,Nagal S.,54.0,503.0,1.25,4.0,1.28,3.99,1.28,4.33
2023-01-02,Maharashtra Open,1st Round,Hard,Mmoh M.,Dhamne M.,113.0,,1.002,41.0,1.01,38.66,1.02,41.0
2023-01-02,Maharashtra Open,1st Round,Hard,Griekspoor T.,Munar J.,95.0,58.0,1.8,2.0,1.88,2.01,1.9,2.03
2023-01-02,Adelaide International 1,1st Round,Hard,Nishioka Y.,Rune H.,36.0,11.0,3.75,1.29,4.0,1.28,4.0,1.31
2023-01-02,Adelaide International 1,1st Round,Hard,Safiullin R.,Ymer M.,88.0,69.0,2.2,1.67,2.27,1.7,2.36,1.71
2023-01-02,Adelaide International 1,1st Round,Hard,Kokkinakis T.,Cressy M.,93.0,34.0,1.91,1.91,1.97,1.92,2.0,2.12
2023-01-02,Adelaide International 1,1st Round,Hard,Halys Q.,Thompson J.,64.0,84.0,2.1,1.73,2.14,1.78,2.15,1.83
2023-01-02,Adelaide International 1,1st Round,Hard,Kecmanovic M.,O Connell C.,29.0,78.0,1.57,2.38,1.58,2.53,1.64,2.53
2023-01-02,Adelaide International 1,1st Round,Hard,Draper J.,Kwon S.W.,42.0,83.0,1.67,2.2,1.69,2.29,1.7,2.4
2023-01-02,Adelaide International 1,1st Round,Hard,Popyrin A.,Auger-Aliassime F.,120.0,6.0,6.5,1.11,6.2,1.15,6.75,1.18
2023-01-03,Maharashtra Open,1st Round,Hard,Martinez P.,Ramanathan R.,62.0,435.0,1.57,2.38,1.66,2.34,1.75,2.4
2023-01-03,Maharashtra Open,1st Round,Hard,Karatsev A.,Andujar P.,59.0,121.0,1.3,3.5,1.31,3.79,1.33,3.79
2023-01-03,Maharashtra Open,1st Round,Hard,Cobolli F.,Mukund S.,171.0,340.0,1.33,3.4,1.37,3.37,1.38,3.53
2023-01-03,Adelaide International 1,1st Round,Hard,Medvedev D.,Sonego L.,7.0,45.0,1.11,6.5,1.13,7.18,1.15,7.18
2023-01-03,Adelaide International 1,1st Round,Hard,Korda S.,Murray A.,33.0,49.0,1.57,2.38,1.62,2.44,1.63,2.56
2023-01-03,Adelaide International 1,1st Round,Hard,Bautista Agut R.,Rublev A.,21.0,8.0,3.0,1.4,2.72,1.5,3.0,1.5
2023-01-03,Adelaide International 1,1st Round,Hard,Shapovalov D.,Hijikata R.,18.0,164.0,1.25,4.0,1.29,3.96,1.29,4.1
2023-01-03,Adelaide International 1,1st Round,Hard,Sinner J.,Edmund K.,15.0,582.0,1.13,6.0,1.13,7.01,1.15,7.01
2023-01-03,Adelaide International 1,1st Round,Hard,Djokovic N.,Lestienne C.,5.0,65.0,1.03,17.0,1.02,18.89,1.04,18.89
2023-01-03,Adelaide International 1,1st Round,Hard,Khachanov K.,Cachin P.,20.0,57.0,1.17,5.0,1.18,5.52,1.24,5.52
2023-01-03,Maharashtra Open,1st Round,Hard,Marterer M.,Ymer E.,159.0,127.0,2.1,1.73,2.06,1.83,2.15,1.83
2023-01-03,Maharashtra Open,1st Round,Hard,Van Rijthoven T.,Albot R.,111.0,103.0,1.8,2.0,1.83,2.08,1.87,2.11
2023-01-04,Maharashtra Open,2nd Round,Hard,Martinez P.,Baez S.,62.0,43.0,1.91,1.91,1.97,1.93,1.97,1.95
2023-01-04,Maharashtra Open,2nd Round,Hard,Griekspoor T.,Cecchinato M.,95.0,101.0,1.33,3.4,1.31,3.85,1.36,3.85
2023-01-04,Maharashtra Open,2nd Round,Hard,Van De Zandschulp B.,Cobolli F.,35.0,171.0,1.29,3.75,1.29,3.97,1.3,4.04
2023-01-04,Maharashtra Open,2nd Round,Hard,Bonzi B.,Ruusuvuori E.,60.0,40.0,2.3,1.62,2.3,1.69,2.45,1.7
2023-01-04,Maharashtra Open,2nd Round,Hard,Cilic M.,Carballes Baena R.,17.0,74.0,1.22,4.33,1.23,4.68,1.25,4.68
2023-01-04,Maharashtra Open,2nd Round,Hard,Marterer M.,Djere L.,159.0,70.0,2.38,1.57,2.36,1.67,2.58,1.67
2023-01-04,Maharashtra Open,2nd Round,Hard,Krajinovic F.,Mmoh M.,54.0,113.0,1.8,2.0,1.86,2.05,1.86,2.16
2023-01-04,Maharashtra Open,2nd Round,Hard,Karatsev A.,Van Rijthoven T.,59.0,111.0,1.57,2.38,1.74,2.23,1.76,2.38
2023-01-04,Adelaide International 1,2nd Round,Hard,Nishioka Y.,Mcdonald M.,36.0,63.0,1.62,2.3,1.69,2.31,1.7,2.45
2023-01-04,Adelaide International 1,2nd Round,Hard,Khachanov K.,Draper J.,20.0,42.0,2.3,1.62,2.43,1.63,2.46,1.82
2023-01-04,Adelaide International 1,2nd Round,Hard,Medvedev D.,Kecmanovic M.,7.0,29.0,1.14,5.5,1.18,5.66,1.18,6.0
2023-01-04,Adelaide International 1,2nd Round,Hard,Popyrin A.,Giron M.,120.0,61.0,1.73,2.1,1.78,2.17,1.85,2.22
2023-01-05,Maharashtra Open,Quarterfinals,Hard,Griekspoor T.,Cilic M.,95.0,17.0,2.75,1.44,3.07,1.43,3.07,1.47
2023-01-05,Maharashtra Open,Quarterfinals,Hard,Karatsev A.,Martinez P.,59.0,62.0,1.5,2.63,1.5,2.81,1.54,2.81
2023-01-05,Adelaide International 1,2nd Round,Hard,Shapovalov D.,Safiullin R.,18.0,88.0,1.4,3.0,1.51,2.78,1.51,3.02
2023-01-05,Maharashtra Open,Quarterfinals,Hard,Van De Zandschulp B.,Marterer M.,35.0,159.0,1.4,3.0,1.4,3.23,1.47,3.45
2023-01-05,Adelaide International 1,2nd Round,Hard,Djokovic N.,Halys Q.,5.0,64.0,1.03,15.0,1.04,19.16,1.03,20.42
2023-01-05,Adelaide International 1,2nd Round,Hard,Korda S.,Bautista Agut R.,33.0,21.0,1.8,2.0,1.85,2.06,1.85,2.24
2023-01-05,Adelaide International 1,2nd Round,Hard,Sinner J.,Kokkinakis T.,15.0,93.0,1.25,4.0,1.27,4.25,1.29,4.25
2023-01-05,Maharashtra Open,Quarterfinals,Hard,Bonzi B.,Krajinovic F.,60.0,54.0,1.5,2.63,1.6,2.52,1.62,2.65
2023-01-06,Adelaide International 1,Quarterfinals,Hard,Nishioka Y.,Popyrin A.,36.0,120.0,1.73,2.1,1.76,2.18,1.77,2.35
2023-01-06,Adelaide International 1,Quarterfinals,Hard,Korda S.,Sinner J.,33.0,15.0,2.5,1.53,2.51,1.6,2.56,1.6
2023-01-06,Maharashtra Open,Semifinals,Hard,Griekspoor T.,Karatsev A.,95.0,59.0,2.63,1.5,2.53,1.59,2.63,1.62
2023-01-06,Adelaide International 1,Quarterfinals,Hard,Medvedev D.,Khachanov K.,7.0,20.0,1.25,4.0,1.26,4.31,1.3,4.31
2023-01-06,Adelaide International 1,Quarterfinals,Hard,Djokovic N.,Shapovalov D.,5.0,18.0,1.14,5.5,1.17,5.96,1.19,5.96
2023-01-06,Maharashtra Open,Semifinals,Hard,Bonzi B.,Van De Zandschulp B.,60.0,35.0,2.3,1.62,2.25,1.72,2.33,1.72
2023-01-07,Maharashtra Open,The Final,Hard,Griekspoor T.,Bonzi B.,95.0,60.0,2.3,1.62,2.31,1.69,2.38,1.73
2023-01-07,Adelaide International 1,Semifinals,Hard,Djokovic N.,Medvedev D.,5.0,7.0,1.53,2.5,1.62,2.47,1.62,2.78
2023-01-07,Adelaide International 1,Semifinals,Hard,Korda S.,Nishioka Y.,33.0,36.0,1.33,3.4,1.37,3.39,1.4,3.5
2023-01-08,ASB Classic,1st Round,Hard,Lestienne C.,Cachin P.,65.0,59.0,1.62,2.3,1.65,2.38,1.71,2.38
2023-01-08,Adelaide International 1,The Final,Hard,Djokovic N.,Korda S.,5.0,33.0,1.14,5.5,1.16,6.14,1.18,6.14
2023-01-09,ASB Classic,1st Round,Hard,Goffin D.,Bublik A.,53.0,36.0,2.1,1.73,2.28,1.69,2.28,1.8
2023-01-09,ASB Classic,1st Round,Hard,Wolf J.J.,Mannarino A.,66.0,43.0,2.0,1.8,2.12,1.79,2.12,1.83
2023-01-09,ASB Classic,1st Round,Hard,Barrere G.,Isner J.,88.0,42.0,2.5,1.53,2.39,1.64,2.7,1.64
2023-01-09,ASB Classic,1st Round,Hard,Giron M.,Coria F.,60.0,76.0,1.14,5.5,1.23,4.66,1.25,5.5
2023-01-09,Adelaide International 2,1st Round,Hard,Kokkinakis T.,Popyrin A.,110.0,113.0,1.73,2.1,1.75,2.18,1.75,2.3
2023-01-09,ASB Classic,1st Round,Hard,Gasquet R.,Pannu K.,67.0,575.0,1.06,10.0,1.06,12.25,1.06,12.25
2023-01-09,ASB Classic,1st Round,Hard,Brooksby J.,Fognini F.,48.0,57.0,1.4,3.0,1.41,3.13,1.44,3.15
2023-01-09,Adelaide International 2,1st Round,Hard,Mcdonald M.,Evans D.,63.0,27.0,2.5,1.53,2.57,1.56,2.6,1.56
2023-01-09,Adelaide International 2,1st Round,Hard,Draper J.,Sonego L.,40.0,44.0,1.44,2.75,1.48,2.83,1.48,2.9
2023-01-09,Adelaide International 2,1st Round,Hard,Kecmanovic M.,Edmund K.,28.0,583.0,1.17,5.0,1.23,4.67,1.23,5.0
2023-01-09,Adelaide International 2,1st Round,Hard,Davidovich Fokina A.,Nakashima B.,32.0,47.0,2.75,1.44,2.88,1.47,2.95,1.47
2023-01-10,ASB Classic,1st Round,Hard,Eubanks C.,Humbert U.,123.0,108.0,2.1,1.73,2.14,1.78,2.24,1.81
2023-01-10,ASB Classic,1st Round,Hard,Halys Q.,Molcan A.,64.0,54.0,1.36,3.2,1.44,2.99,1.44,3.25
2023-01-10,ASB Classic,1st Round,Hard,Lehecka J.,Monteiro T.,78.0,69.0,1.57,2.38,1.57,2.54,1.58,2.55
2023-01-10,ASB Classic,1st Round,Hard,Shelton B.,Baez S.,92.0,41.0,1.4,3.0,1.47,2.86,1.51,3.1
2023-01-10,ASB Classic,1st Round,Hard,Djere L.,Munar J.,70.0,62.0,1.73,2.1,1.78,2.15,1.81,2.21
2023-01-10,Adelaide International 2,1st Round,Hard,Paul T.,O Connell C.,35.0,79.0,1.44,2.75,1.51,2.73,1.51,3.0
2023-01-10,Adelaide International 2,1st Round,Hard,Millman J.,Ramos-Vinolas A.,148.0,38.0,1.57,2.38,1.6,2.48,1.61,2.5
2023-01-10,Adelaide International 2,1st Round,Hard,Kubler J.,Etcheverry T.,86.0,80.0,1.44,2.75,1.44,2.97,1.46,3.39
2023-01-10,Adelaide International 2,1st Round,Hard,Ymer M.,Ruusuvuori E.,77.0,46.0,1.8,2.0,1.74,2.21,1.83,2.25
2023-01-10,Adelaide International 2,1st Round,Hard,Kwon S.W.,Machac T.,84.0,115.0,1.8,2.0,1.93,1.96,2.0,2.19
2023-01-10,Adelaide International 2,1st Round,Hard,Huesler M.A.,Rinderknech A.,55.0,45.0,2.3,1.62,2.16,1.77,2.3,1.8
2023-01-10,Adelaide International 2,1st Round,Hard,Haase R.,Bonzi B.,257.0,50.0,,,,,,
2023-01-10,ASB Classic,2nd Round,Hard,Brooksby J.,Schwartzman D.,48.0,25.0,1.53,2.5,1.54,2.67,1.57,2.67
2023-01-10,ASB Classic,2nd Round,Hard,Giron M.,Wolf J.J.,60.0,66.0,2.2,1.67,2.34,1.68,2.36,1.7
2023-01-11,ASB Classic,2nd Round,Hard,Gasquet R.,Sousa J.,67.0,82.0,1.36,3.2,1.48,2.87,1.48,3.4
2023-01-11,ASB Classic,2nd Round,Hard,Halys Q.,Shelton B.,64.0,92.0,1.8,2.0,1.71,2.27,1.82,2.28
2023-01-11,ASB Classic,2nd Round,Hard,Goffin D.,Eubanks C.,53.0,123.0,1.57,2.38,1.62,2.46,1.63,2.61
2023-01-11,ASB Classic,2nd Round,Hard,Lestienne C.,Barrere G.,65.0,88.0,1.91,1.91,1.91,2.0,1.92,2.0
2023-01-11,ASB Classic,2nd Round,Hard,Djere L.,Ruud C.,70.0,3.0,5.0,1.17,5.03,1.21,5.75,1.21
2023-01-11,ASB Classic,2nd Round,Hard,Norrie C.,Lehecka J.,12.0,78.0,1.25,4.0,1.32,3.72,1.32,4.11
2023-01-11,Adelaide International 2,2nd Round,Hard,Bautista Agut R.,Haase R.,26.0,257.0,1.11,6.5,1.1,8.83,1.12,8.83
2023-01-11,Adelaide International 2,2nd Round,Hard,Davidovich Fokina A.,Millman J.,32.0,148.0,1.4,3.0,1.5,2.89,1.53,3.0
2023-01-11,Adelaide International 2,2nd Round,Hard,Draper J.,Paul T.,40.0,35.0,1.8,2.0,1.88,2.04,1.88,2.1
2023-01-11,Adelaide International 2,2nd Round,Hard,Khachanov K.,Huesler M.A.,20.0,55.0,1.33,3.4,1.38,3.36,1.39,3.39
2023-01-11,Adelaide International 2,2nd Round,Hard,Ymer M.,Mcdonald M.,77.0,63.0,1.73,2.1,1.68,2.33,1.74,2.33
2023-01-11,Adelaide International 2,2nd Round,Hard,Kokkinakis T.,Rublev A.,110.0,6.0,3.4,1.33,3.4,1.37,3.6,1.37
2023-01-11,Adelaide International 2,2nd Round,Hard,Kecmanovic M.,Kubler J.,28.0,86.0,1.53,2.5,1.54,2.66,1.61,2.66
2023-01-11,Adelaide International 2,2nd Round,Hard,Kwon S.W.,Carreno Busta P.,84.0,15.0,2.63,1.5,2.58,1.57,2.65,1.57
2023-01-12,ASB Classic,Quarterfinals,Hard,Norrie C.,Giron M.,12.0,60.0,1.29,3.75,1.34,3.61,1.34,3.66
2023-01-12,ASB Classic,Quarterfinals,Hard,Lestienne C.,Djere L.,65.0,70.0,2.2,1.67,2.27,1.71,2.28,1.86
2023-01-12,ASB Classic,Quarterfinals,Hard,Brooksby J.,Halys Q.,48.0,64.0,1.91,1.91,1.93,1.97,2.06,2.1
2023-01-12,Adelaide International 2,Quarterfinals,Hard,Draper J.,Khachanov K.,40.0,20.0,2.0,1.8,1.9,1.99,2.12,2.09
2023-01-12,Adelaide International 2,Quarterfinals,Hard,Kwon S.W.,Ymer M.,84.0,77.0,2.2,1.67,2.21,1.75,2.3,1.75
2023-01-12,Adelaide International 2,Quarterfinals,Hard,Bautista Agut R.,Davidovich Fokina A.,26.0,32.0,1.62,2.3,1.72,2.26,1.72,2.44
2023-01-12,Adelaide International 2,Quarterfinals,Hard,Kokkinakis T.,Kecmanovic M.,110.0,28.0,1.62,2.3,1.72,2.26,1.74,2.38
2023-01-12,ASB Classic,Quarterfinals,Hard,Gasquet R.,Goffin D.,67.0,53.0,2.3,1.62,2.39,1.65,2.5,1.68
2023-01-13,ASB Classic,Semifinals,Hard,Gasquet R.,Lestienne C.,67.0,65.0,1.5,2.63,1.48,2.88,1.57,2.88
2023-01-13,ASB Classic,Semifinals,Hard,Norrie C.,Brooksby J.,12.0,48.0,1.36,3.2,1.39,3.29,1.46,3.36
2023-01-13,Adelaide International 2,Semifinals,Hard,Bautista Agut R.,Kokkinakis T.,26.0,110.0,1.8,2.0,1.9,2.01,1.91,2.1
2023-01-13,Adelaide International 2,Semifinals,Hard,Kwon S.W.,Draper J.,84.0,40.0,3.2,1.36,3.27,1.39,3.32,1.42
2023-01-14,Adelaide International 2,The Final,Hard,Kwon S.W.,Bautista Agut R.,84.0,26.0,2.75,1.44,2.49,1.61,3.0,1.62
2023-01-14,ASB Classic,The Final,Hard,Gasquet R.,Norrie C.,67.0,12.0,3.75,1.29,4.18,1.27,4.18,1.3
2023-01-16,Australian Open,1st Round,Hard,Lehecka J.,Coric B.,71.0,23.0,3.2,1.36,3.34,1.38,3.34,1.39
2023-01-16,Australian Open,1st Round,Hard,Kubler J.,Baez S.,84.0,44.0,1.33,3.4,1.36,3.48,1.36,3.66
2023-01-16,Australian Open,1st Round,Hard,Svrcina D.,Munar J.,216.0,64.0,2.75,1.44,2.74,1.52,2.8,1.52
2023-01-16,Australian Open,1st Round,Hard,Millman J.,Huesler M.A.,140.0,51.0,2.2,1.67,2.25,1.72,2.3,1.78
2023-01-16,Australian Open,1st Round,Hard,Eubanks C.,Kwon S.W.,116.0,52.0,2.38,1.57,2.65,1.55,2.65,1.62
2023-01-16,Australian Open,1st Round,Hard,Fucsovics M.,Coria F.,78.0,76.0,1.14,5.5,1.17,5.96,1.22,6.0
2023-01-16,Australian Open,1st Round,Hard,Molcan A.,Wawrinka S.,53.0,139.0,3.75,1.29,3.89,1.3,4.0,1.31
2023-01-16,Australian Open,1st Round,Hard,Hijikata R.,Hanfmann Y.,169.0,128.0,2.0,1.8,1.98,1.93,2.1,1.93
2023-01-16,Australian Open,1st Round,Hard,Norrie C.,Van Assche L.,12.0,143.0,1.06,10.0,1.07,11.47,1.09,11.47
2023-01-16,Australian Open,1st Round,Hard,Auger-Aliassime F.,Pospisil V.,7.0,99.0,1.07,9.0,1.08,10.82,1.08,10.82
2023-01-16,Australian Open,1st Round,Hard,Tsitsipas S.,Halys Q.,4.0,61.0,1.14,5.5,1.14,6.96,1.18,6.96
2023-01-16,Australian Open,1st Round,Hard,Lestienne C.,Monteiro T.,55.0,77.0,2.1,1.73,2.19,1.76,2.19,1.84
2023-01-16,Australian Open,1st Round,Hard,Harris L.,Musetti L.,186.0,19.0,3.4,1.33,3.61,1.34,3.61,1.39
2023-01-16,Australian Open,1st Round,Hard,Medvedev D.,Giron M.,8.0,56.0,1.03,17.0,1.04,18.34,1.08,18.34
2023-01-16,Australian Open,1st Round,Hard,Sonego L.,Borges N.,47.0,111.0,1.3,3.5,1.37,3.37,1.38,3.6
2023-01-16,Australian Open,1st Round,Hard,Daniel T.,Escobedo E.,94.0,313.0,1.57,2.38,1.57,2.57,1.63,2.57
2023-01-16,Australian Open,1st Round,Hard,Shapovalov D.,Lajovic D.,22.0,86.0,1.08,8.0,1.09,9.82,1.1,9.82
2023-01-16,Australian Open,1st Round,Hard,Tiafoe F.,Altmaier D.,17.0,92.0,1.1,7.0,1.1,8.65,1.12,8.65
2023-01-16,Australian Open,1st Round,Hard,Moutet C.,Wu Y.,62.0,114.0,2.38,1.57,2.4,1.65,2.4,1.66
2023-01-16,Australian Open,1st Round,Hard,Watanuki Y.,Rinderknech A.,138.0,59.0,2.3,1.62,2.18,1.77,2.45,1.77
2023-01-16,Australian Open,1st Round,Hard,Nadal R.,Draper J.,2.0,38.0,1.36,3.2,1.44,3.02,1.44,3.3
2023-01-16,Australian Open,1st Round,Hard,Etcheverry T.,Barrere G.,79.0,83.0,2.3,1.62,2.43,1.63,2.55,1.67
2023-01-16,Australian Open,1st Round,Hard,Sinner J.,Edmund K.,16.0,581.0,1.06,10.0,1.05,15.72,1.07,15.72
2023-01-16,Australian Open,1st Round,Hard,Cerundolo F.,Pella G.,29.0,181.0,1.13,6.0,1.17,6.06,1.2,6.06
2023-01-16,Australian Open,1st Round,Hard,Shang J.,Otte O.,194.0,74.0,2.75,1.44,2.86,1.48,3.0,1.5
2023-01-16,Australian Open,1st Round,Hard,Van De Zandschulp B.,Ivashka I.,34.0,73.0,1.36,3.2,1.47,2.91,1.52,3.3
2023-01-16,Australian Open,1st Round,Hard,Korda S.,Garin C.,31.0,87.0,1.08,8.0,1.1,9.05,1.11,9.25
2023-01-16,Australian Open,1st Round,Hard,Nishioka Y.,Ymer M.,33.0,69.0,1.91,1.91,2.02,1.88,2.04,2.0
2023-01-16,Australian Open,1st Round,Hard,Griekspoor T.,Kotov P.,63.0,117.0,1.36,3.2,1.42,3.1,1.42,3.4
2023-01-16,Australian Open,1st Round,Hard,Mcdonald M.,Nakashima B.,65.0,49.0,2.5,1.53,2.59,1.56,2.72,1.6
2023-01-16,Australian Open,1st Round,Hard,Khachanov K.,Zapata Miralles B.,20.0,72.0,1.07,9.0,1.06,13.0,1.09,13.0
2023-01-16,Australian Open,1st Round,Hard,Hurkacz H.,Martinez P.,11.0,60.0,1.06,10.0,1.06,13.22,1.06,13.22
2023-01-17,Australian Open,1st Round,Hard,Shelton B.,Zhang Zh.,89.0,96.0,1.4,3.0,1.46,2.95,1.46,3.0
2023-01-17,Australian Open,1st Round,Hard,Murray A.,Berrettini M.,66.0,14.0,4.0,1.25,4.62,1.24,4.8,1.26
2023-01-17,Australian Open,1st Round,Hard,Zverev A.,Varillas J. P.,13.0,103.0,1.06,10.0,1.1,8.9,1.1,10.0
2023-01-17,Australian Open,1st Round,Hard,Paul T.,Struff J.L.,35.0,167.0,1.4,3.0,1.4,3.24,1.43,3.24
2023-01-17,Australian Open,1st Round,Hard,Popyrin A.,Tseng C. H.,113.0,115.0,1.17,5.0,1.16,6.33,1.17,6.33
2023-01-17,Australian Open,1st Round,Hard,De Minaur A.,Hsu Y.,24.0,209.0,1.04,13.0,1.06,13.57,1.07,17.0
2023-01-17,Australian Open,1st Round,Hard,Ruud C.,Machac T.,3.0,110.0,1.17,5.0,1.19,5.52,1.22,6.26
2023-01-17,Australian Open,1st Round,Hard,Djokovic N.,Carballes Baena R.,5.0,75.0,1.01,29.0,1.02,30.3,1.02,30.3
2023-01-17,Australian Open,1st Round,Hard,Rune H.,Krajinovic F.,10.0,54.0,1.14,5.5,1.18,5.65,1.21,5.65
2023-01-17,Australian Open,1st Round,Hard,Brooksby J.,O Connell C.,39.0,80.0,1.44,2.75,1.49,2.84,1.51,2.96
2023-01-17,Australian Open,1st Round,Hard,Fritz T.,Basilashvili N.,9.0,90.0,1.03,17.0,1.04,16.86,1.04,18.0
2023-01-17,Australian Open,1st Round,Hard,Rublev A.,Thiem D.,6.0,98.0,1.25,4.0,1.28,4.13,1.3,4.2
2023-01-17,Australian Open,1st Round,Hard,Carreno Busta P.,Cachin P.,15.0,58.0,1.08,8.0,1.09,9.27,1.12,9.27
2023-01-17,Australian Open,1st Round,Hard,Davidovich Fokina A.,Bublik A.,32.0,36.0,1.73,2.1,1.76,2.2,1.82,2.25
2023-01-17,Australian Open,1st Round,Hard,Jarry N.,Kecmanovic M.,154.0,27.0,3.5,1.3,3.87,1.31,3.87,1.35
2023-01-17,Australian Open,1st Round,Hard,Schwartzman D.,Krutykh O.,26.0,188.0,1.5,2.63,1.58,2.52,1.64,2.78
2023-01-17,Australian Open,1st Round,Hard,Djere L.,Bergs Z.,68.0,130.0,1.44,2.75,1.51,2.75,1.54,2.79
2023-01-17,Australian Open,1st Round,Hard,Dimitrov G.,Karatsev A.,28.0,82.0,1.4,3.0,1.41,3.17,1.5,3.17
2023-01-17,Australian Open,1st Round,Hard,Bonzi B.,Bellucci M.,48.0,152.0,1.4,3.0,1.4,3.23,1.42,3.25
2023-01-17,Australian Open,1st Round,Hard,Evans D.,Bagnis F.,30.0,91.0,1.11,6.5,1.14,7.05,1.15,7.05
2023-01-17,Australian Open,1st Round,Hard,Chardy J.,Galan D.E.,,70.0,3.2,1.36,3.32,1.38,3.38,1.4
2023-01-17,Australian Open,1st Round,Hard,Wolf J.J.,Thompson J.,67.0,88.0,1.57,2.38,1.65,2.39,1.65,2.5
2023-01-18,Australian Open,2nd Round,Hard,Fucsovics M.,Harris L.,78.0,186.0,1.8,2.0,1.91,1.98,1.91,2.05
2023-01-18,Australian Open,2nd Round,Hard,Khachanov K.,Kubler J.,20.0,84.0,1.29,3.75,1.29,3.93,1.3,4.11
2023-01-18,Australian Open,2nd Round,Hard,Medvedev D.,Millman J.,8.0,140.0,1.02,19.0,1.02,27.6,1.04,28.58
2023-01-18,Australian Open,2nd Round,Hard,Nishioka Y.,Svrcina D.,33.0,216.0,1.25,4.0,1.27,4.24,1.28,4.45
2023-01-18,Australian Open,2nd Round,Hard,Cerundolo F.,Moutet C.,29.0,62.0,1.91,1.91,2.05,1.85,2.05,1.95
2023-01-18,Australian Open,2nd Round,Hard,Griekspoor T.,Van De Zandschulp B.,63.0,34.0,2.1,1.73,2.17,1.78,2.29,1.79
2023-01-18,Australian Open,2nd Round,Hard,Hurkacz H.,Sonego L.,11.0,47.0,1.25,4.0,1.29,4.05,1.34,4.25
2023-01-18,Australian Open,2nd Round,Hard,Tsitsipas S.,Hijikata R.,4.0,169.0,1.05,11.0,1.03,19.14,1.08,19.14
2023-01-18,Australian Open,2nd Round,Hard,Korda S.,Watanuki Y.,31.0,138.0,1.22,4.33,1.21,5.01,1.25,5.01
2023-01-18,Australian Open,2nd Round,Hard,Lehecka J.,Eubanks C.,71.0,116.0,1.44,2.75,1.46,2.9,1.52,3.01
2023-01-18,Australian Open,2nd Round,Hard,Norrie C.,Lestienne C.,12.0,55.0,1.1,7.0,1.11,8.07,1.12,8.34
2023-01-18,Australian Open,2nd Round,Hard,Shapovalov D.,Daniel T.,22.0,94.0,1.17,5.0,1.19,5.48,1.2,5.85
2023-01-18,Australian Open,2nd Round,Hard,Tiafoe F.,Shang J.,17.0,194.0,1.14,5.5,1.1,8.34,1.15,8.34
2023-01-18,Australian Open,2nd Round,Hard,Auger-Aliassime F.,Molcan A.,7.0,53.0,1.05,11.0,1.08,11.09,1.1,14.0
2023-01-18,Australian Open,2nd Round,Hard,Sinner J.,Etcheverry T.,16.0,79.0,1.05,11.0,1.04,17.66,1.07,18.0
2023-01-18,Australian Open,1st Round,Hard,Ruusuvuori E.,Purcell M.,46.0,205.0,1.36,3.2,1.41,3.18,1.41,3.35
2023-01-18,Australian Open,2nd Round,Hard,Mcdonald M.,Nadal R.,65.0,2.0,9.0,1.07,9.06,1.09,9.52,1.12
2023-01-18,Australian Open,1st Round,Hard,Kudla D.,Safiullin R.,108.0,97.0,3.2,1.36,3.47,1.35,3.47,1.41
2023-01-18,Australian Open,1st Round,Hard,Mmoh M.,Lokoli L.,107.0,175.0,1.53,2.5,,,1.62,2.5
2023-01-18,Australian Open,1st Round,Hard,Mannarino A.,Isner J.,45.0,43.0,2.0,1.8,2.01,1.9,2.16,1.9
2023-01-18,Australian Open,1st Round,Hard,Humbert U.,Gasquet R.,106.0,42.0,2.1,1.73,2.05,1.86,2.02,2.03
2023-01-18,Australian Open,1st Round,Hard,Bautista Agut R.,Sousa J.,25.0,81.0,1.08,8.0,1.09,9.27,1.1,9.43
2023-01-18,Australian Open,1st Round,Hard,Couacaud E.,Dellien H.,191.0,131.0,1.11,6.5,1.13,7.08,1.19,7.33
2023-01-18,Australian Open,1st Round,Hard,Cressy M.,Ramos-Vinolas A.,41.0,37.0,1.36,3.2,1.41,3.17,1.41,3.35
2023-01-18,Australian Open,1st Round,Hard,Kokkinakis T.,Fognini F.,159.0,57.0,1.17,5.0,1.19,5.56,1.22,6.0
2023-01-18,Australian Open,1st Round,Hard,Holt B.,Vukic A.,215.0,146.0,2.38,1.57,2.38,1.65,2.45,1.65
2023-01-19,Australian Open,2nd Round,Hard,Dimitrov G.,Djere L.,28.0,68.0,1.29,3.75,1.27,4.16,1.3,4.35
2023-01-19,Australian Open,2nd Round,Hard,Murray A.,Kokkinakis T.,66.0,159.0,2.38,1.57,2.56,1.58,2.56,1.64
2023-01-19,Australian Open,2nd Round,Hard,Djokovic N.,Couacaud E.,5.0,191.0,1.01,29.0,1.01,42.0,1.02,42.0
2023-01-19,Australian Open,2nd Round,Hard,De Minaur A.,Mannarino A.,24.0,45.0,1.17,5.0,1.18,5.68,1.19,5.68
2023-01-19,Australian Open,2nd Round,Hard,Bonzi B.,Carreno Busta P.,48.0,15.0,3.2,1.36,3.41,1.37,3.41,1.4
2023-01-19,Australian Open,2nd Round,Hard,Bautista Agut R.,Holt B.,25.0,215.0,1.1,7.0,1.1,8.84,1.13,8.84
2023-01-19,Australian Open,2nd Round,Hard,Rune H.,Cressy M.,10.0,41.0,1.17,5.0,1.2,5.21,1.2,5.5
2023-01-19,Australian Open,2nd Round,Hard,Mmoh M.,Zverev A.,107.0,13.0,4.5,1.2,5.26,1.2,5.26,1.22
2023-01-19,Australian Open,2nd Round,Hard,Paul T.,Davidovich Fokina A.,35.0,32.0,1.5,2.63,1.49,2.84,1.54,2.84
2023-01-19,Australian Open,2nd Round,Hard,Popyrin A.,Fritz T.,113.0,9.0,6.5,1.11,8.3,1.11,8.3,1.12
2023-01-19,Australian Open,2nd Round,Hard,Evans D.,Chardy J.,30.0,,1.13,6.0,1.13,7.49,1.19,7.49
2023-01-19,Australian Open,2nd Round,Hard,Brooksby J.,Ruud C.,39.0,3.0,3.4,1.33,3.61,1.34,3.64,1.36
2023-01-19,Australian Open,2nd Round,Hard,Humbert U.,Kudla D.,106.0,108.0,1.44,2.75,1.45,2.97,1.49,2.97
2023-01-19,Australian Open,2nd Round,Hard,Shelton B.,Jarry N.,89.0,154.0,1.8,2.0,1.85,2.06,1.9,2.24
2023-01-19,Australian Open,2nd Round,Hard,Wolf J.J.,Schwartzman D.,67.0,26.0,1.53,2.5,1.49,2.83,1.59,2.83
2023-01-19,Australian Open,2nd Round,Hard,Rublev A.,Ruusuvuori E.,6.0,46.0,1.22,4.33,1.23,4.69,1.27,5.3
2023-01-20,Australian Open,3rd Round,Hard,Sinner J.,Fucsovics M.,16.0,78.0,1.1,7.0,1.13,7.22,1.17,7.22
2023-01-20,Australian Open,3rd Round,Hard,Tsitsipas S.,Griekspoor T.,4.0,63.0,1.1,7.0,1.09,9.21,1.11,9.43
2023-01-20,Australian Open,3rd Round,Hard,Nishioka Y.,Mcdonald M.,33.0,65.0,1.57,2.38,1.61,2.49,1.61,2.56
2023-01-20,Australian Open,3rd Round,Hard,Auger-Aliassime F.,Cerundolo F.,7.0,29.0,1.11,6.5,1.1,8.61,1.13,8.61
2023-01-20,Australian Open,3rd Round,Hard,Lehecka J.,Norrie C.,71.0,12.0,3.4,1.33,4.04,1.29,4.04,1.34
2023-01-20,Australian Open,3rd Round,Hard,Hurkacz H.,Shapovalov D.,11.0,22.0,1.91,1.91,1.91,2.0,1.94,2.05
2023-01-20,Australian Open,3rd Round,Hard,Khachanov K.,Tiafoe F.,20.0,17.0,2.0,1.8,2.06,1.86,2.06,1.91
2023-01-20,Australian Open,3rd Round,Hard,Korda S.,Medvedev D.,31.0,8.0,4.5,1.2,4.83,1.22,4.83,1.23
2023-01-21,Australian Open,3rd Round,Hard,Djokovic N.,Dimitrov G.,5.0,28.0,1.2,4.5,1.25,4.52,1.25,5.5
2023-01-21,Australian Open,3rd Round,Hard,Shelton B.,Popyrin A.,89.0,113.0,2.3,1.62,2.4,1.65,2.63,1.69
2023-01-21,Australian Open,3rd Round,Hard,Paul T.,Brooksby J.,35.0,39.0,1.67,2.2,1.71,2.27,1.74,2.35
2023-01-21,Australian Open,3rd Round,Hard,Bautista Agut R.,Murray A.,25.0,66.0,1.33,3.4,1.37,3.41,1.4,4.0
2023-01-21,Australian Open,3rd Round,Hard,Wolf J.J.,Mmoh M.,67.0,107.0,1.33,3.4,1.35,3.52,1.42,3.6
2023-01-21,Australian Open,3rd Round,Hard,Rune H.,Humbert U.,10.0,106.0,1.17,5.0,1.22,4.93,1.22,5.2
2023-01-21,Australian Open,3rd Round,Hard,Rublev A.,Evans D.,6.0,30.0,1.3,3.5,1.36,3.46,1.36,3.75
2023-01-21,Australian Open,3rd Round,Hard,De Minaur A.,Bonzi B.,24.0,48.0,1.22,4.33,1.23,4.78,1.27,4.78
2023-01-22,Australian Open,4th Round,Hard,Korda S.,Hurkacz H.,31.0,11.0,1.53,2.5,1.64,2.41,1.65,2.65
2023-01-22,Australian Open,4th Round,Hard,Khachanov K.,Nishioka Y.,20.0,33.0,1.4,3.0,1.47,2.95,1.53,3.0
2023-01-22,Australian Open,4th Round,Hard,Lehecka J.,Auger-Aliassime F.,71.0,7.0,4.5,1.2,4.72,1.23,4.89,1.25
2023-01-22,Australian Open,4th Round,Hard,Tsitsipas S.,Sinner J.,4.0,16.0,1.44,2.75,1.51,2.77,1.52,3.11
2023-01-23,Australian Open,4th Round,Hard,Djokovic N.,De Minaur A.,5.0,24.0,1.2,4.5,1.25,4.51,1.26,4.75
2023-01-23,Australian Open,4th Round,Hard,Paul T.,Bautista Agut R.,35.0,25.0,1.73,2.1,1.77,2.18,1.81,2.3
2023-01-23,Australian Open,4th Round,Hard,Rublev A.,Rune H.,6.0,10.0,2.1,1.73,2.17,1.78,2.25,1.78
2023-01-23,Australian Open,4th Round,Hard,Shelton B.,Wolf J.J.,89.0,67.0,1.91,1.91,2.0,1.9,2.0,2.0
2023-01-24,Australian Open,Quarterfinals,Hard,Khachanov K.,Korda S.,20.0,31.0,2.0,1.8,2.13,1.8,2.24,1.86
2023-01-24,Australian Open,Quarterfinals,Hard,Tsitsipas S.,Lehecka J.,4.0,71.0,1.14,5.5,1.18,5.79,1.2,6.0
2023-01-25,Australian Open,Quarterfinals,Hard,Paul T.,Shelton B.,35.0,89.0,1.33,3.4,1.33,3.67,1.39,3.67
2023-01-25,Australian Open,Quarterfinals,Hard,Djokovic N.,Rublev A.,5.0,6.0,1.11,6.5,1.15,6.53,1.18,7.1
2023-01-27,Australian Open,Semifinals,Hard,Tsitsipas S.,Khachanov K.,4.0,20.0,1.3,3.5,1.3,3.95,1.4,3.95
2023-01-27,Australian Open,Semifinals,Hard,Djokovic N.,Paul T.,5.0,35.0,1.05,11.0,1.08,10.57,1.08,12.29
2023-01-29,Australian Open,The Final,Hard,Djokovic N.,Tsitsipas S.,5.0,4.0,1.2,4.8,1.22,4.85,1.23,5.25
2023-02-06,Open Sud de France,1st Round,Hard,Basilashvili N.,Lestienne C.,87.0,48.0,3.0,1.4,3.01,1.43,3.2,1.47
2023-02-06,Open Sud de France,1st Round,Hard,Fils A.,Gasquet R.,163.0,45.0,2.63,1.5,2.68,1.52,2.74,1.55
2023-02-06,Cordoba Open,1st Round,Clay,Zapata Miralles B.,Carballes Baena R.,76.0,77.0,2.63,1.5,2.58,1.56,2.95,1.56
2023-02-06,Cordoba Open,1st Round,Clay,Lajovic D.,Varillas J. P.,89.0,98.0,2.2,1.67,2.19,1.75,2.2,1.8
2023-02-07,Cordoba Open,1st Round,Clay,Cerundolo J.M.,Andujar P.,114.0,153.0,1.2,4.5,1.22,4.76,1.25,5.08
2023-02-07,Open Sud de France,1st Round,Hard,Halys Q.,Chidekh C.,70.0,434.0,1.33,3.4,1.35,3.5,1.35,3.6
2023-02-07,Open Sud de France,1st Round,Hard,Krajinovic F.,Karatsev A.,71.0,95.0,1.8,2.0,1.83,2.06,1.87,2.08
2023-02-07,Open Sud de France,1st Round,Hard,Huesler M.A.,Van Assche L.,49.0,145.0,1.44,2.75,1.46,2.9,1.5,3.0
2023-02-07,Open Sud de France,1st Round,Hard,Sonego L.,Bonzi B.,56.0,42.0,2.0,1.8,2.0,1.89,2.0,1.92
2023-02-07,Open Sud de France,1st Round,Hard,Rinderknech A.,Nardi L.,68.0,164.0,1.57,2.38,1.66,2.34,1.67,2.45
2023-02-07,Dallas Open,1st Round,Hard,Wolf J.J.,Holt B.,43.0,195.0,1.33,3.4,1.33,3.6,1.37,3.84
2023-02-07,Dallas Open,1st Round,Hard,Mannarino A.,Johnson S.,63.0,120.0,1.57,2.38,1.58,2.51,1.62,2.53
2023-02-07,Open Sud de France,1st Round,Hard,Cressy M.,Bellier A.,51.0,190.0,1.22,4.33,1.23,4.67,1.28,4.67
2023-02-07,Dallas Open,1st Round,Hard,Mcdonald M.,Verdasco F.,59.0,118.0,1.25,4.0,1.26,4.64,1.28,4.64
2023-02-07,Dallas Open,1st Round,Hard,Giron M.,Rybakov A.,55.0,378.0,1.14,5.5,1.18,5.61,1.18,5.8
2023-02-07,Dallas Open,1st Round,Hard,Sock J.,Ivashka I.,141.0,74.0,3.0,1.4,2.88,1.47,3.0,1.48
2023-02-07,Dallas Open,1st Round,Hard,Thompson J.,Kudla D.,84.0,92.0,1.73,2.1,1.74,2.2,1.8,2.23
2023-02-07,Open Sud de France,1st Round,Hard,Fucsovics M.,Blancaneaux G.,69.0,151.0,1.29,3.75,1.34,3.55,1.34,3.75
2023-02-07,Cordoba Open,1st Round,Clay,Darderi L.,Gaston H.,200.0,101.0,1.73,2.1,1.76,2.17,1.76,2.42
2023-02-07,Cordoba Open,1st Round,Clay,Coria F.,Monteiro T.,67.0,78.0,1.62,2.3,1.63,2.4,1.67,2.4
2023-02-07,Cordoba Open,1st Round,Clay,Barrios M.,Galan D.E.,212.0,83.0,1.8,2.0,1.85,2.05,2.0,2.05
2023-02-07,Cordoba Open,1st Round,Clay,Garin C.,Martinez P.,103.0,72.0,1.8,2.0,1.77,2.16,1.87,2.16
2023-02-07,Cordoba Open,1st Round,Clay,Delbonis F.,Tabilo A.,131.0,146.0,2.0,1.8,2.0,1.89,2.0,1.9
2023-02-08,Dallas Open,1st Round,Hard,Gomez E.,Diallo G.,102.0,211.0,1.73,2.1,1.87,2.05,2.0,1.8
2023-02-08,Dallas Open,1st Round,Hard,Altmaier D.,Svajda Z.,99.0,265.0,1.91,1.91,1.98,1.91,2.01,2.0
2023-02-08,Dallas Open,2nd Round,Hard,Wolf J.J.,Albot R.,43.0,123.0,1.14,5.5,1.17,5.85,1.17,6.05
2023-02-08,Open Sud de France,2nd Round,Hard,Fils A.,Bautista Agut R.,163.0,24.0,3.75,1.29,3.99,1.29,4.12,1.32
2023-02-08,Open Sud de France,1st Round,Hard,Davidovich Fokina A.,Humbert U.,32.0,85.0,2.2,1.67,2.22,1.73,2.25,1.74
2023-02-08,Open Sud de France,1st Round,Hard,Barrere G.,Bublik A.,75.0,50.0,1.8,2.0,1.89,2.0,1.9,2.1
2023-02-08,Dallas Open,1st Round,Hard,Isner J.,Tseng C. H.,39.0,108.0,1.25,4.0,1.32,3.7,1.33,4.04
2023-02-08,Open Sud de France,1st Round,Hard,Ruusuvuori E.,Ymer M.,53.0,73.0,2.0,1.8,1.95,1.93,2.0,1.95
2023-02-08,Cordoba Open,1st Round,Clay,Pella G.,Vavassori A.,1018.0,221.0,2.5,1.53,2.64,1.54,2.64,1.57
2023-02-08,Open Sud de France,2nd Round,Hard,Sinner J.,Fucsovics M.,17.0,69.0,1.14,5.5,1.18,5.57,1.18,5.82
2023-02-08,Dallas Open,1st Round,Hard,Wu Y.,Mmoh M.,97.0,86.0,1.67,2.2,1.71,2.25,1.78,2.3
2023-02-08,Dallas Open,1st Round,Hard,Otte O.,Eubanks C.,80.0,104.0,2.3,1.62,2.61,1.55,2.65,1.64
2023-02-08,Cordoba Open,1st Round,Clay,Sousa J.,Etcheverry T.,162.0,81.0,3.75,1.29,3.9,1.29,3.9,1.29
2023-02-08,Cordoba Open,1st Round,Clay,Cecchinato M.,Bagnis F.,93.0,88.0,2.1,1.73,2.14,1.78,2.2,1.8
2023-02-08,Cordoba Open,1st Round,Clay,Dellien H.,Cachin P.,138.0,66.0,1.62,2.3,1.63,2.42,1.65,2.42
2023-02-08,Cordoba Open,2nd Round,Clay,Barrios M.,Zapata Miralles B.,212.0,76.0,2.38,1.57,2.22,1.74,2.4,1.74
2023-02-08,Dallas Open,1st Round,Hard,Albot R.,Krall L.,123.0,,1.05,11.0,1.07,11.44,1.07,13.0
2023-02-09,Cordoba Open,2nd Round,Clay,Cerundolo F.,Delbonis F.,31.0,131.0,1.53,2.5,1.6,2.52,1.62,2.61
2023-02-09,Cordoba Open,2nd Round,Clay,Coria F.,Cecchinato M.,67.0,93.0,1.57,2.38,1.55,2.64,1.62,2.67
2023-02-09,Open Sud de France,2nd Round,Hard,Barrere G.,Basilashvili N.,75.0,87.0,1.53,2.5,1.63,2.45,1.63,2.88
2023-02-09,Open Sud de France,2nd Round,Hard,Rune H.,Huesler M.A.,9.0,49.0,1.3,3.5,1.33,3.67,1.34,3.67
2023-02-09,Open Sud de France,2nd Round,Hard,Coric B.,Rinderknech A.,23.0,68.0,1.4,3.0,1.46,2.95,1.48,3.0
2023-02-09,Open Sud de France,2nd Round,Hard,Sonego L.,Krajinovic F.,56.0,71.0,1.53,2.5,1.61,2.47,1.67,2.61
2023-02-09,Cordoba Open,2nd Round,Clay,Sousa J.,Garin C.,162.0,103.0,4.0,1.25,4.24,1.27,4.24,1.33
2023-02-09,Cordoba Open,2nd Round,Clay,Baez S.,Darderi L.,47.0,200.0,1.44,2.75,1.52,2.73,1.55,2.78
2023-02-09,Open Sud de France,2nd Round,Hard,Halys Q.,Davidovich Fokina A.,70.0,32.0,2.1,1.73,2.08,1.84,2.19,1.84
2023-02-09,Dallas Open,2nd Round,Hard,Isner J.,Altmaier D.,39.0,99.0,1.44,2.75,1.46,2.94,1.54,3.75
2023-02-09,Dallas Open,2nd Round,Hard,Mannarino A.,Thompson J.,63.0,84.0,1.53,2.5,1.59,2.53,1.61,2.53
2023-02-09,Dallas Open,2nd Round,Hard,Gomez E.,Kecmanovic M.,102.0,33.0,3.75,1.29,3.89,1.3,4.0,1.31
2023-02-09,Dallas Open,2nd Round,Hard,Wu Y.,Shapovalov D.,97.0,27.0,3.2,1.36,3.04,1.44,3.32,1.45
2023-02-09,Dallas Open,2nd Round,Hard,Tiafoe F.,Mcdonald M.,14.0,59.0,1.5,2.63,1.56,2.61,1.58,2.63
2023-02-09,Cordoba Open,2nd Round,Clay,Dellien H.,Pella G.,138.0,1018.0,1.44,2.75,1.47,2.91,1.48,2.91
2023-02-09,Open Sud de France,2nd Round,Hard,Cressy M.,Ruusuvuori E.,51.0,53.0,2.75,1.44,2.82,1.5,2.87,1.57
2023-02-09,Cordoba Open,2nd Round,Clay,Ramos-Vinolas A.,Lajovic D.,54.0,89.0,1.73,2.1,1.85,2.07,1.85,2.21
2023-02-10,Open Sud de France,Quarterfinals,Hard,Sinner J.,Sonego L.,17.0,56.0,1.3,3.5,1.34,3.57,1.34,3.85
2023-02-10,Open Sud de France,Quarterfinals,Hard,Rune H.,Barrere G.,9.0,75.0,1.2,4.5,1.19,5.36,1.21,5.54
2023-02-10,Open Sud de France,Quarterfinals,Hard,Cressy M.,Coric B.,51.0,23.0,3.2,1.36,3.26,1.39,3.26,1.43
2023-02-10,Open Sud de France,Quarterfinals,Hard,Fils A.,Halys Q.,163.0,70.0,2.0,1.8,2.08,1.84,2.15,1.84
2023-02-10,Dallas Open,2nd Round,Hard,Fritz T.,Sock J.,8.0,141.0,1.11,6.5,1.14,6.68,1.15,6.68
2023-02-10,Cordoba Open,Quarterfinals,Clay,Ramos-Vinolas A.,Sousa J.,54.0,162.0,1.36,3.2,1.4,3.2,1.4,3.26
2023-02-10,Cordoba Open,Quarterfinals,Clay,Coria F.,Cerundolo F.,67.0,31.0,1.67,2.2,1.7,2.29,1.72,2.35
2023-02-10,Cordoba Open,Quarterfinals,Clay,Baez S.,Barrios M.,47.0,212.0,1.36,3.2,1.4,3.22,1.4,3.3
2023-02-10,Cordoba Open,Quarterfinals,Clay,Dellien H.,Cerundolo J.M.,138.0,114.0,2.3,1.62,2.3,1.69,2.33,1.71
2023-02-10,Dallas Open,Quarterfinals,Hard,Isner J.,Gomez E.,39.0,102.0,1.25,4.0,1.27,4.17,1.28,4.33
2023-02-10,Dallas Open,Quarterfinals,Hard,Wolf J.J.,Tiafoe F.,43.0,14.0,2.75,1.44,2.91,1.47,2.91,1.48
2023-02-10,Dallas Open,2nd Round,Hard,Giron M.,Otte O.,55.0,80.0,1.5,2.63,1.54,2.66,1.57,2.7
2023-02-10,Cordoba Open,2nd Round,Clay,Cerundolo J.M.,Schwartzman D.,114.0,28.0,2.1,1.73,2.05,1.87,2.11,1.87
2023-02-11,Cordoba Open,Semifinals,Clay,Coria F.,Ramos-Vinolas A.,67.0,54.0,1.73,2.1,1.82,2.1,1.82,2.13
2023-02-11,Open Sud de France,Semifinals,Hard,Cressy M.,Rune H.,51.0,9.0,4.0,1.25,4.37,1.26,4.37,1.28
2023-02-11,Dallas Open,Quarterfinals,Hard,Fritz T.,Giron M.,8.0,55.0,1.22,4.33,1.26,4.31,1.27,4.7
2023-02-11,Dallas Open,Quarterfinals,Hard,Wu Y.,Mannarino A.,97.0,63.0,2.0,1.8,2.09,1.83,2.1,1.83
2023-02-11,Dallas Open,Semifinals,Hard,Isner J.,Wolf J.J.,39.0,43.0,2.1,1.73,2.22,1.74,2.25,1.78
2023-02-11,Dallas Open,Semifinals,Hard,Wu Y.,Fritz T.,97.0,8.0,3.75,1.29,3.88,1.3,3.9,1.33
2023-02-11,Cordoba Open,Semifinals,Clay,Baez S.,Dellien H.,47.0,138.0,1.44,2.75,1.52,2.72,1.53,2.8
2023-02-11,Open Sud de France,Semifinals,Hard,Sinner J.,Fils A.,17.0,163.0,1.25,4.0,1.25,4.5,1.27,4.5
2023-02-12,Open Sud de France,The Final,Hard,Sinner J.,Cressy M.,17.0,51.0,1.3,3.5,1.33,3.69,1.35,4.03
2023-02-12,Dallas Open,The Final,Hard,Wu Y.,Isner J.,97.0,39.0,1.8,2.0,1.87,2.04,1.92,2.1
2023-02-12,Cordoba Open,The Final,Clay,Baez S.,Coria F.,47.0,67.0,1.53,2.5,1.67,2.35,1.67,2.62
2023-02-13,ABN AMRO World Tennis Tournament,1st Round,Hard,Dimitrov G.,Karatsev A.,28.0,98.0,1.4,3.0,1.41,3.12,1.41,3.6
2023-02-13,ABN AMRO World Tennis Tournament,1st Round,Hard,Gasquet R.,Carreno Busta P.,45.0,16.0,2.75,1.44,2.83,1.48,2.9,1.48
2023-02-13,Delray Beach Open,1st Round,Hard,Kudla D.,Thompson J.,95.0,93.0,1.62,2.3,1.62,2.43,1.64,2.5
2023-02-13,Delray Beach Open,1st Round,Hard,Gomez E.,Wu T.L.,94.0,172.0,1.91,1.91,1.97,1.92,1.97,2.06
2023-02-13,Delray Beach Open,1st Round,Hard,Borges N.,Johnson S.,104.0,118.0,1.36,3.2,1.38,3.29,1.44,3.29
2023-02-13,Delray Beach Open,1st Round,Hard,Nishioka Y.,Otte O.,34.0,80.0,1.3,3.5,1.35,3.46,1.39,3.5
2023-02-13,ABN AMRO World Tennis Tournament,1st Round,Hard,Wawrinka S.,Bublik A.,130.0,50.0,1.8,2.0,1.77,2.16,1.83,2.16
2023-02-13,ABN AMRO World Tennis Tournament,1st Round,Hard,Barrere G.,Goffin D.,71.0,41.0,2.2,1.67,2.3,1.68,2.3,1.73
2023-02-13,Argentina Open,1st Round,Clay,Djere L.,Fognini F.,57.0,66.0,1.36,3.2,1.32,3.72,1.36,3.72
2023-02-13,Argentina Open,1st Round,Clay,Cachin P.,Monteiro T.,68.0,78.0,2.2,1.67,2.17,1.76,2.2,1.76
2023-02-13,Argentina Open,1st Round,Clay,Zapata Miralles B.,Martinez P.,74.0,73.0,1.91,1.91,1.83,2.07,1.91,2.07
2023-02-14,Delray Beach Open,1st Round,Hard,Mcdonald M.,Daniel T.,56.0,106.0,1.36,3.2,1.39,3.24,1.43,3.25
2023-02-14,Delray Beach Open,1st Round,Hard,Mmoh M.,Kovacevic A.,87.0,122.0,1.73,2.1,1.7,2.26,1.83,2.26
2023-02-14,Delray Beach Open,1st Round,Hard,Vukic A.,Eubanks C.,171.0,102.0,2.38,1.57,2.3,1.68,2.4,1.68
2023-02-14,Delray Beach Open,1st Round,Hard,Albot R.,Verdasco F.,113.0,133.0,1.57,2.38,1.53,2.67,1.66,2.7
2023-02-14,Delray Beach Open,1st Round,Hard,Pecotic M.,Sock J.,784.0,143.0,4.0,1.25,4.25,1.26,4.5,1.26
2023-02-14,Delray Beach Open,1st Round,Hard,Wolf J.J.,Ivashka I.,39.0,77.0,1.36,3.2,1.43,3.04,1.43,3.2
2023-02-14,Delray Beach Open,1st Round,Hard,Mannarino A.,Altmaier D.,59.0,97.0,1.4,3.0,1.42,3.07,1.43,3.16
2023-02-14,Argentina Open,1st Round,Clay,Lajovic D.,Baez S.,90.0,36.0,2.75,1.44,3.01,1.43,3.1,1.53
2023-02-14,ABN AMRO World Tennis Tournament,1st Round,Hard,Hurkacz H.,Bautista Agut R.,10.0,24.0,1.62,2.3,1.68,2.31,1.7,2.46
2023-02-14,Argentina Open,1st Round,Clay,Munar J.,Pella G.,67.0,723.0,1.44,2.75,1.59,2.49,1.59,2.75
2023-02-14,Argentina Open,1st Round,Clay,Carballes Baena R.,Ramos-Vinolas A.,76.0,44.0,2.2,1.67,2.31,1.68,2.31,1.68
2023-02-14,Argentina Open,1st Round,Clay,Etcheverry T.,Dellien H.,82.0,107.0,2.1,1.73,2.11,1.81,2.15,1.81
2023-02-14,Argentina Open,1st Round,Clay,Ugo Carabelli C.,Galan D.E.,127.0,85.0,1.57,2.38,1.71,2.25,1.71,2.38
2023-02-14,Argentina Open,1st Round,Clay,Cerundolo F.,Hanfmann Y.,30.0,134.0,1.57,2.38,1.63,2.41,1.65,2.41
2023-02-14,Argentina Open,1st Round,Clay,Diaz Acosta F.,Coria F.,191.0,49.0,2.38,1.57,2.56,1.56,2.58,1.6
2023-02-14,Argentina Open,1st Round,Clay,Varillas J. P.,Sousa J.,101.0,142.0,1.44,2.75,1.49,2.79,1.49,2.83
2023-02-14,ABN AMRO World Tennis Tournament,1st Round,Hard,Brouwer G.,Huesler M.A.,160.0,47.0,3.75,1.29,3.71,1.32,3.85,1.33
2023-02-14,ABN AMRO World Tennis Tournament,1st Round,Hard,Medvedev D.,Davidovich Fokina A.,11.0,31.0,1.17,5.0,1.17,5.85,1.19,6.55
2023-02-14,ABN AMRO World Tennis Tournament,1st Round,Hard,Auger-Aliassime F.,Sonego L.,8.0,60.0,1.29,3.75,1.34,3.5,1.35,3.75
2023-02-14,ABN AMRO World Tennis Tournament,1st Round,Hard,Zverev A.,Kwon S.W.,17.0,63.0,1.53,2.5,1.57,2.54,1.58,2.62
2023-02-14,ABN AMRO World Tennis Tournament,1st Round,Hard,Griekspoor T.,Ymer M.,61.0,72.0,1.8,2.0,1.9,1.98,1.91,2.06
2023-02-14,ABN AMRO World Tennis Tournament,1st Round,Hard,Tsitsipas S.,Ruusuvuori E.,3.0,52.0,1.14,5.5,1.17,5.88,1.2,6.26
2023-02-15,ABN AMRO World Tennis Tournament,2nd Round,Hard,Dimitrov G.,Hurkacz H.,28.0,10.0,2.0,1.8,2.02,1.89,2.02,2.0
2023-02-15,ABN AMRO World Tennis Tournament,2nd Round,Hard,Griekspoor T.,Zverev A.,61.0,17.0,3.0,1.4,2.85,1.49,3.0,1.5
2023-02-15,ABN AMRO World Tennis Tournament,2nd Round,Hard,Wawrinka S.,Gasquet R.,130.0,45.0,1.67,2.2,1.68,2.34,1.68,2.51
2023-02-15,ABN AMRO World Tennis Tournament,1st Round,Hard,De Minaur A.,Rublev A.,25.0,5.0,2.63,1.5,2.8,1.49,2.92,1.5
2023-02-15,ABN AMRO World Tennis Tournament,1st Round,Hard,Van De Zandschulp B.,Halys Q.,35.0,62.0,1.67,2.2,1.78,2.14,1.78,2.25
2023-02-15,ABN AMRO World Tennis Tournament,1st Round,Hard,Rune H.,Lestienne C.,9.0,54.0,1.14,5.5,1.15,6.47,1.17,6.5
2023-02-15,Delray Beach Open,2nd Round,Hard,Giron M.,Pecotic M.,55.0,784.0,1.13,6.0,1.19,5.46,1.19,6.05
2023-02-15,ABN AMRO World Tennis Tournament,1st Round,Hard,Sinner J.,Bonzi B.,14.0,48.0,1.17,5.0,1.15,6.33,1.2,6.88
2023-02-15,Delray Beach Open,2nd Round,Hard,Kecmanovic M.,Borges N.,33.0,104.0,1.44,2.75,1.53,2.71,1.53,3.0
2023-02-15,Argentina Open,2nd Round,Clay,Etcheverry T.,Carballes Baena R.,82.0,76.0,1.91,1.91,1.83,2.09,1.91,2.09
2023-02-15,Argentina Open,1st Round,Clay,Thiem D.,Molcan A.,99.0,51.0,1.67,2.2,1.69,2.29,1.76,2.32
2023-02-15,Delray Beach Open,2nd Round,Hard,Mcdonald M.,Nishioka Y.,56.0,34.0,2.1,1.73,1.99,1.92,2.15,1.92
2023-02-15,ABN AMRO World Tennis Tournament,1st Round,Hard,Cressy M.,Van Rijthoven T.,40.0,110.0,1.5,2.63,1.48,2.85,1.57,2.85
2023-02-15,Argentina Open,2nd Round,Clay,Lajovic D.,Ugo Carabelli C.,90.0,127.0,1.53,2.5,1.57,2.57,1.65,2.57
2023-02-15,Delray Beach Open,1st Round,Hard,Giron M.,Shelton B.,55.0,42.0,2.2,1.67,2.16,1.77,2.35,1.77
2023-02-15,Argentina Open,2nd Round,Clay,Norrie C.,Diaz Acosta F.,12.0,191.0,1.29,3.75,1.31,3.84,1.33,3.85
2023-02-16,ABN AMRO World Tennis Tournament,2nd Round,Hard,De Minaur A.,Cressy M.,25.0,40.0,1.4,3.0,1.4,3.22,1.44,3.22
2023-02-16,ABN AMRO World Tennis Tournament,2nd Round,Hard,Sinner J.,Tsitsipas S.,14.0,3.0,2.2,1.67,2.13,1.8,2.25,1.8
2023-02-16,ABN AMRO World Tennis Tournament,2nd Round,Hard,Medvedev D.,Van De Zandschulp B.,11.0,35.0,1.13,6.0,1.14,6.96,1.16,6.96
2023-02-16,Delray Beach Open,2nd Round,Hard,Mannarino A.,Wolf J.J.,59.0,39.0,2.38,1.57,2.46,1.62,2.58,1.67
2023-02-16,Delray Beach Open,2nd Round,Hard,Paul T.,Kudla D.,18.0,95.0,1.17,5.0,1.17,6.05,1.18,6.05
2023-02-16,Delray Beach Open,2nd Round,Hard,Albot R.,Vukic A.,113.0,171.0,2.1,1.73,2.21,1.75,2.21,1.76
2023-02-16,Delray Beach Open,2nd Round,Hard,Mmoh M.,Shapovalov D.,87.0,27.0,3.75,1.29,4.01,1.29,4.01,1.3
2023-02-16,Argentina Open,2nd Round,Clay,Zapata Miralles B.,Schwartzman D.,74.0,32.0,2.38,1.57,2.37,1.66,2.68,1.66
2023-02-16,Argentina Open,2nd Round,Clay,Musetti L.,Cachin P.,20.0,68.0,1.33,3.4,1.34,3.59,1.36,3.59
2023-02-16,Argentina Open,2nd Round,Clay,Cerundolo F.,Munar J.,30.0,67.0,1.62,2.3,1.56,2.6,1.62,2.6
2023-02-16,Argentina Open,2nd Round,Clay,Varillas J. P.,Thiem D.,101.0,99.0,3.2,1.36,3.16,1.41,3.2,1.44
2023-02-16,Argentina Open,2nd Round,Clay,Alcaraz C.,Djere L.,2.0,57.0,1.25,4.0,1.28,4.07,1.3,4.1
2023-02-16,ABN AMRO World Tennis Tournament,2nd Round,Hard,Auger-Aliassime F.,Barrere G.,8.0,71.0,1.2,4.5,1.23,5.02,1.23,5.34
2023-02-16,ABN AMRO World Tennis Tournament,2nd Round,Hard,Brouwer G.,Rune H.,160.0,9.0,8.0,1.08,8.75,1.1,9.33,1.1
2023-02-17,ABN AMRO World Tennis Tournament,Quarterfinals,Hard,Medvedev D.,Auger-Aliassime F.,11.0,8.0,1.67,2.2,1.64,2.42,1.74,2.42
2023-02-17,ABN AMRO World Tennis Tournament,Quarterfinals,Hard,Sinner J.,Wawrinka S.,14.0,130.0,1.22,4.33,1.2,5.29,1.23,5.45
2023-02-17,ABN AMRO World Tennis Tournament,Quarterfinals,Hard,Griekspoor T.,Brouwer G.,61.0,160.0,1.33,3.4,1.38,3.36,1.4,3.51
2023-02-17,ABN AMRO World Tennis Tournament,Quarterfinals,Hard,Dimitrov G.,De Minaur A.,28.0,25.0,2.0,1.8,2.01,1.9,2.12,1.9
2023-02-17,Argentina Open,Quarterfinals,Clay,Norrie C.,Etcheverry T.,12.0,82.0,1.57,2.38,1.66,2.38,1.66,2.5
2023-02-17,Argentina Open,Quarterfinals,Clay,Alcaraz C.,Lajovic D.,2.0,90.0,1.14,5.5,1.17,6.2,1.18,6.81
2023-02-17,Delray Beach Open,Quarterfinals,Hard,Albot R.,Paul T.,113.0,18.0,5.5,1.14,6.61,1.15,6.61,1.16
2023-02-17,Delray Beach Open,Quarterfinals,Hard,Kecmanovic M.,Giron M.,33.0,55.0,1.91,1.91,2.11,1.82,2.11,1.91
2023-02-17,Delray Beach Open,2nd Round,Hard,Fritz T.,Gomez E.,7.0,94.0,1.07,9.0,1.1,9.0,1.1,9.33
2023-02-17,Argentina Open,Quarterfinals,Clay,Varillas J. P.,Musetti L.,101.0,20.0,3.5,1.3,3.8,1.31,3.8,1.33
2023-02-18,Delray Beach Open,Semifinals,Hard,Kecmanovic M.,Albot R.,33.0,113.0,1.33,3.4,1.38,3.31,1.38,3.45
2023-02-18,Delray Beach Open,Quarterfinals,Hard,Fritz T.,Mannarino A.,7.0,59.0,1.22,4.33,1.28,4.07,1.28,4.33
2023-02-18,Delray Beach Open,Quarterfinals,Hard,Mcdonald M.,Mmoh M.,56.0,87.0,1.53,2.5,1.55,2.65,1.64,2.68
2023-02-18,Argentina Open,Semifinals,Clay,Alcaraz C.,Zapata Miralles B.,2.0,74.0,1.11,6.5,1.12,7.96,1.12,7.96
2023-02-18,Argentina Open,Semifinals,Clay,Norrie C.,Varillas J. P.,12.0,101.0,1.53,2.5,1.57,2.58,1.61,2.67
2023-02-18,Argentina Open,Quarterfinals,Clay,Zapata Miralles B.,Cerundolo F.,74.0,30.0,2.63,1.5,2.72,1.52,2.79,1.57
2023-02-18,ABN AMRO World Tennis Tournament,Semifinals,Hard,Sinner J.,Griekspoor T.,14.0,61.0,1.14,5.5,1.17,5.84,1.18,6.55
2023-02-18,ABN AMRO World Tennis Tournament,Semifinals,Hard,Medvedev D.,Dimitrov G.,11.0,28.0,1.2,4.5,1.28,4.08,1.29,4.5
2023-02-19,ABN AMRO World Tennis Tournament,The Final,Hard,Medvedev D.,Sinner J.,11.0,14.0,1.57,2.38,1.67,2.35,1.67,2.4
2023-02-19,Delray Beach Open,Semifinals,Hard,Fritz T.,Mcdonald M.,7.0,56.0,1.3,3.5,1.33,3.7,1.35,3.7
2023-02-19,Argentina Open,The Final,Clay,Alcaraz C.,Norrie C.,2.0,12.0,1.17,5.0,1.21,5.13,1.21,5.5
2023-02-19,Delray Beach Open,The Final,Hard,Fritz T.,Kecmanovic M.,7.0,33.0,1.29,3.75,1.31,3.85,1.32,3.85
2023-02-20,Open 13,1st Round,Hard,Bonzi B.,Van Assche L.,60.0,146.0,1.5,2.63,1.5,2.75,1.51,2.79
2023-02-20,Rio Open,1st Round,Clay,Monteiro T.,Thiem D.,83.0,96.0,3.0,1.4,2.74,1.51,3.0,1.51
2023-02-20,Rio Open,1st Round,Clay,Martinez P.,Garin C.,76.0,98.0,2.2,1.67,2.51,1.58,2.62,1.68
2023-02-20,Rio Open,1st Round,Clay,Molcan A.,Fonseca J.,54.0,827.0,1.07,9.0,1.1,8.66,1.14,10.55
2023-02-20,Rio Open,1st Round,Clay,Dellien H.,Sousa J.,111.0,143.0,1.4,3.0,1.45,2.93,1.46,3.0
2023-02-20,Open 13,1st Round,Hard,Bublik A.,Krajinovic F.,50.0,67.0,1.57,2.38,1.59,2.5,1.65,2.7
2023-02-20,Open 13,1st Round,Hard,Wawrinka S.,Bergs Z.,105.0,132.0,1.3,3.5,1.31,3.75,1.31,3.82
2023-02-20,Qatar Exxon Mobil Open,1st Round,Hard,O Connell C.,Verdasco F.,94.0,154.0,1.36,3.2,1.36,3.39,1.4,3.43
2023-02-20,Qatar Exxon Mobil Open,1st Round,Hard,Davidovich Fokina A.,Lestienne C.,31.0,53.0,1.5,2.63,1.53,2.65,1.58,2.7
2023-02-20,Qatar Exxon Mobil Open,1st Round,Hard,Murray A.,Sonego L.,70.0,71.0,1.67,2.2,1.74,2.2,1.78,2.26
2023-02-20,Qatar Exxon Mobil Open,1st Round,Hard,Broady L.,Krutykh O.,147.0,167.0,1.36,3.2,1.38,3.31,1.38,3.45
2023-02-20,Rio Open,1st Round,Clay,Djere L.,Bagnis F.,57.0,87.0,1.44,2.75,1.44,2.98,1.46,3.01
2023-02-20,Qatar Exxon Mobil Open,1st Round,Hard,Kubler J.,Karatsev A.,74.0,101.0,1.73,2.1,1.84,2.06,1.84,2.15
2023-02-21,Open 13,1st Round,Hard,Gasquet R.,Lokoli L.,43.0,173.0,1.25,4.0,1.31,3.72,1.31,4.2
2023-02-21,Open 13,1st Round,Hard,Cressy M.,Blancaneaux G.,37.0,152.0,1.2,4.5,1.23,4.76,1.23,4.76
2023-02-21,Open 13,1st Round,Hard,Barrere G.,Huesler M.A.,58.0,48.0,1.67,2.2,1.67,2.32,1.7,2.32
2023-02-21,Open 13,1st Round,Hard,Brouwer G.,Ymer E.,116.0,172.0,1.53,2.5,1.58,2.52,1.58,2.59
2023-02-21,Open 13,1st Round,Hard,Ritschard A.,Andujar P.,187.0,211.0,1.25,4.0,1.26,4.24,1.28,4.25
2023-02-21,Open 13,1st Round,Hard,Riedi L.,Rinderknech A.,133.0,72.0,2.3,1.62,2.24,1.72,2.35,1.72
2023-02-21,Open 13,1st Round,Hard,Goffin D.,Klein L.,41.0,142.0,1.44,2.75,1.44,2.96,1.45,3.0
2023-02-21,Rio Open,1st Round,Clay,Jarry N.,Musetti L.,139.0,18.0,2.63,1.5,2.44,1.61,2.63,1.61
2023-02-21,Qatar Exxon Mobil Open,1st Round,Hard,Lehecka J.,Dzumhur D.,52.0,213.0,1.17,5.0,1.2,5.42,1.21,5.42
2023-02-21,Rio Open,1st Round,Clay,Galan D.E.,Cachin P.,88.0,59.0,2.5,1.53,2.38,1.64,2.51,1.68
2023-02-21,Qatar Exxon Mobil Open,1st Round,Hard,Griekspoor T.,Halys Q.,40.0,64.0,1.62,2.3,1.71,2.24,1.71,2.32
2023-02-21,Qatar Exxon Mobil Open,1st Round,Hard,Van De Zandschulp B.,Ivashka I.,34.0,79.0,1.57,2.38,1.67,2.32,1.71,2.45
2023-02-21,Qatar Exxon Mobil Open,1st Round,Hard,Ruusuvuori E.,Evans D.,51.0,29.0,1.8,2.0,1.91,1.98,1.95,2.04
2023-02-21,Qatar Exxon Mobil Open,1st Round,Hard,Muller A.,Basilashvili N.,170.0,113.0,2.2,1.67,2.23,1.72,2.24,1.77
2023-02-21,Qatar Exxon Mobil Open,1st Round,Hard,Kwon S.W.,Shelbayh A.,68.0,276.0,1.25,4.0,1.24,4.45,1.3,4.45
2023-02-21,Rio Open,1st Round,Clay,Cerundolo F.,Carballes Baena R.,33.0,73.0,1.44,2.75,1.48,2.83,1.5,3.05
2023-02-21,Qatar Exxon Mobil Open,1st Round,Hard,Bautista Agut R.,Fucsovics M.,28.0,78.0,1.3,3.5,1.32,3.6,1.33,3.71
2023-02-21,Rio Open,1st Round,Clay,Norrie C.,Cerundolo J.M.,13.0,107.0,1.36,3.2,1.36,3.4,1.44,3.4
2023-02-21,Rio Open,1st Round,Clay,Varillas J.P.,Gaston H.,81.0,106.0,1.53,2.5,1.56,2.58,1.6,2.61
2023-02-22,Rio Open,1st Round,Clay,Fognini F.,Barrios M.,86.0,196.0,2.2,1.67,2.25,1.71,2.25,1.72
2023-02-22,Open 13,2nd Round,Hard,Wawrinka S.,Gasquet R.,105.0,43.0,1.44,2.75,1.5,2.81,1.5,2.95
2023-02-22,Rio Open,1st Round,Clay,Ramos-Vinolas A.,Etcheverry T.,47.0,75.0,1.73,2.1,1.93,1.95,1.94,2.1
2023-02-22,Rio Open,1st Round,Clay,Lajovic D.,Schwartzman D.,80.0,38.0,1.62,2.3,1.65,2.37,1.65,2.37
2023-02-22,Rio Open,1st Round,Clay,Zapata Miralles B.,Munar J.,63.0,66.0,1.73,2.1,1.71,2.24,1.74,2.24
2023-02-22,Rio Open,1st Round,Clay,Alcaraz C.,Alves M.,2.0,556.0,1.02,21.0,1.01,22.82,1.03,25.0
2023-02-22,Open 13,2nd Round,Hard,Bublik A.,Barrere G.,50.0,58.0,2.0,1.8,2.11,1.82,2.11,1.86
2023-02-22,Rio Open,2nd Round,Clay,Dellien H.,Molcan A.,111.0,54.0,1.73,2.1,1.78,2.17,1.83,2.17
2023-02-22,Open 13,1st Round,Hard,Fils A.,Safiullin R.,118.0,97.0,1.57,2.38,1.74,2.21,1.74,2.38
2023-02-22,Qatar Exxon Mobil Open,2nd Round,Hard,Davidovich Fokina A.,Kwon S.W.,31.0,68.0,1.73,2.1,1.74,2.23,1.8,2.23
2023-02-22,Qatar Exxon Mobil Open,2nd Round,Hard,Murray A.,Zverev A.,70.0,16.0,2.2,1.67,2.36,1.67,2.36,1.68
2023-02-22,Qatar Exxon Mobil Open,2nd Round,Hard,O Connell C.,Bautista Agut R.,94.0,28.0,4.33,1.22,4.38,1.26,4.38,1.26
2023-02-22,Qatar Exxon Mobil Open,2nd Round,Hard,Medvedev D.,Broady L.,8.0,147.0,1.06,10.0,1.08,10.14,1.1,11.0
2023-02-22,Qatar Exxon Mobil Open,2nd Round,Hard,Lehecka J.,Ruusuvuori E.,52.0,51.0,1.8,2.0,1.9,2.01,1.9,2.1
2023-02-22,Open 13,2nd Round,Hard,Bonzi B.,Cressy M.,60.0,37.0,2.3,1.62,2.29,1.7,2.32,1.7
2023-02-22,Rio Open,1st Round,Clay,Baez S.,Bellucci T.,35.0,915.0,1.03,15.0,1.05,15.23,1.06,15.23
2023-02-22,Qatar Exxon Mobil Open,2nd Round,Hard,Rublev A.,Griekspoor T.,5.0,40.0,1.29,3.75,1.28,4.11,1.31,4.11
2023-02-22,Qatar Exxon Mobil Open,2nd Round,Hard,Muller A.,Van De Zandschulp B.,170.0,34.0,3.5,1.3,3.41,1.37,3.65,1.37
2023-02-22,Open 13,1st Round,Hard,Ymer M.,Albot R.,69.0,99.0,1.3,3.5,1.32,3.69,1.32,3.83
2023-02-22,Qatar Exxon Mobil Open,2nd Round,Hard,Auger-Aliassime F.,Kubler J.,9.0,74.0,1.17,5.0,1.21,5.12,1.21,5.25
2023-02-23,Rio Open,2nd Round,Clay,Jarry N.,Martinez P.,139.0,76.0,1.36,3.2,1.37,3.4,1.4,3.42
2023-02-23,Open 13,2nd Round,Hard,Ymer M.,Goffin D.,69.0,41.0,2.0,1.8,2.01,1.9,2.05,1.9
2023-02-23,Open 13,2nd Round,Hard,Hurkacz H.,Riedi L.,11.0,133.0,1.25,4.0,1.27,4.18,1.3,4.18
2023-02-23,Open 13,2nd Round,Hard,Dimitrov G.,Brouwer G.,25.0,116.0,1.2,4.5,1.2,5.34,1.23,5.55
2023-02-23,Qatar Exxon Mobil Open,Quarterfinals,Hard,Lehecka J.,Rublev A.,52.0,5.0,2.75,1.44,2.68,1.53,3.33,1.55
2023-02-23,Qatar Exxon Mobil Open,Quarterfinals,Hard,Murray A.,Muller A.,70.0,170.0,1.36,3.2,1.39,3.29,1.42,3.29
2023-02-23,Qatar Exxon Mobil Open,Quarterfinals,Hard,Medvedev D.,O Connell C.,8.0,94.0,1.05,11.0,1.06,13.58,1.06,13.72
2023-02-23,Qatar Exxon Mobil Open,Quarterfinals,Hard,Auger-Aliassime F.,Davidovich Fokina A.,9.0,31.0,1.33,3.4,1.34,3.63,1.38,3.63
2023-02-23,Open 13,2nd Round,Hard,Fils A.,Sinner J.,118.0,12.0,4.5,1.2,4.91,1.22,5.16,1.22
2023-02-23,Open 13,2nd Round,Hard,De Minaur A.,Ritschard A.,23.0,187.0,1.07,9.0,1.08,10.48,1.09,10.48
2023-02-23,Rio Open,2nd Round,Clay,Alcaraz C.,Fognini F.,2.0,86.0,1.06,10.0,1.08,10.23,1.08,10.23
2023-02-23,Rio Open,2nd Round,Clay,Zapata Miralles B.,Cerundolo F.,63.0,33.0,2.38,1.57,2.42,1.64,2.45,1.64
2023-02-23,Rio Open,2nd Round,Clay,Ramos-Vinolas A.,Galan D.E.,47.0,88.0,1.5,2.63,1.61,2.49,1.61,2.63
2023-02-23,Rio Open,2nd Round,Clay,Baez S.,Varillas J.P.,35.0,81.0,1.53,2.5,1.56,2.6,1.6,2.64
2023-02-23,Rio Open,2nd Round,Clay,Norrie C.,Monteiro T.,13.0,83.0,1.29,3.75,1.36,3.44,1.36,3.75
2023-02-24,Rio Open,Quarterfinals,Clay,Norrie C.,Dellien H.,13.0,111.0,1.4,3.0,1.42,3.11,1.46,3.26
2023-02-24,Rio Open,2nd Round,Clay,Lajovic D.,Djere L.,80.0,57.0,2.3,1.62,2.48,1.61,2.48,1.62
2023-02-24,Rio Open,Quarterfinals,Clay,Alcaraz C.,Lajovic D.,2.0,80.0,1.13,6.0,1.15,6.61,1.16,6.61
2023-02-24,Rio Open,Quarterfinals,Clay,Zapata Miralles B.,Ramos-Vinolas A.,63.0,47.0,1.73,2.1,1.79,2.14,1.89,2.16
2023-02-24,Open 13,Quarterfinals,Hard,Hurkacz H.,Ymer M.,11.0,69.0,1.33,3.4,1.38,3.34,1.4,3.4
2023-02-24,Open 13,Quarterfinals,Hard,Bonzi B.,De Minaur A.,60.0,23.0,3.4,1.33,3.54,1.35,3.54,1.36
2023-02-24,Open 13,Quarterfinals,Hard,Fils A.,Wawrinka S.,118.0,105.0,1.67,2.2,1.79,2.14,1.81,2.22
2023-02-24,Open 13,Quarterfinals,Hard,Bublik A.,Dimitrov G.,50.0,25.0,2.63,1.5,2.88,1.48,2.88,1.54
2023-02-24,Qatar Exxon Mobil Open,Semifinals,Hard,Murray A.,Lehecka J.,70.0,52.0,2.63,1.5,2.65,1.55,2.65,1.57
2023-02-24,Qatar Exxon Mobil Open,Semifinals,Hard,Medvedev D.,Auger-Aliassime F.,8.0,9.0,1.4,3.0,1.37,3.38,1.42,3.38
2023-02-25,Open 13,Semifinals,Hard,Bonzi B.,Fils A.,60.0,118.0,2.2,1.67,2.15,1.79,2.22,1.79
2023-02-25,Rio Open,Semifinals,Clay,Alcaraz C.,Jarry N.,2.0,139.0,1.2,4.5,1.26,4.38,1.26,5.0
2023-02-25,Rio Open,Quarterfinals,Clay,Jarry N.,Baez S.,139.0,35.0,1.73,2.1,1.82,2.1,1.82,2.19
2023-02-25,Rio Open,Semifinals,Clay,Norrie C.,Zapata Miralles B.,13.0,63.0,1.44,2.75,1.45,2.99,1.46,3.04
2023-02-25,Open 13,Semifinals,Hard,Hurkacz H.,Bublik A.,11.0,50.0,1.62,2.3,1.56,2.61,1.64,2.61
2023-02-25,Qatar Exxon Mobil Open,The Final,Hard,Medvedev D.,Murray A.,8.0,70.0,1.14,5.5,1.14,6.76,1.17,7.0
2023-02-26,Open 13,The Final,Hard,Hurkacz H.,Bonzi B.,11.0,60.0,1.5,2.63,1.5,2.81,1.54,3.1
2023-02-26,Rio Open,The Final,Clay,Norrie C.,Alcaraz C.,13.0,2.0,4.33,1.22,4.81,1.23,4.9,1.24
2023-02-27,Dubai Tennis Championships,1st Round,Hard,Griekspoor T.,Lestienne C.,39.0,56.0,1.33,3.4,1.37,3.33,1.37,3.6
2023-02-27,Dubai Tennis Championships,1st Round,Hard,Davidovich Fokina A.,Jaziri M.,29.0,444.0,1.02,21.0,1.02,26.68,1.02,28.11
2023-02-27,Dubai Tennis Championships,1st Round,Hard,Kotov P.,Popyrin A.,138.0,98.0,2.38,1.57,2.57,1.56,2.72,1.65
2023-02-27,Dubai Tennis Championships,1st Round,Hard,Rublev A.,Krajinovic F.,6.0,70.0,1.17,5.0,1.2,5.06,1.2,5.54
2023-02-27,Dubai Tennis Championships,1st Round,Hard,Zverev A.,Lehecka J.,16.0,47.0,1.8,2.0,1.81,2.11,1.92,2.14
2023-02-27,Chile Open,1st Round,Clay,Hanfmann Y.,Martinez P.,153.0,117.0,1.73,2.1,1.63,2.41,1.73,2.41
2023-02-27,Chile Open,1st Round,Clay,Cerundolo J.M.,Cachin P.,108.0,61.0,1.5,2.63,1.56,2.39,1.56,2.65
2023-02-27,Chile Open,1st Round,Clay,Bonadio R.,Galan D.E.,182.0,83.0,2.75,1.44,2.5,1.59,2.78,1.59
2023-02-27,Dubai Tennis Championships,1st Round,Hard,Kokkinakis T.,Halys Q.,101.0,73.0,1.57,2.38,1.7,2.27,1.7,2.43
2023-02-27,Dubai Tennis Championships,1st Round,Hard,Sonego L.,Huesler M.A.,67.0,51.0,1.5,2.63,1.47,2.88,1.55,3.0
2023-02-27,Chile Open,1st Round,Clay,Munar J.,Tabilo A.,66.0,186.0,2.3,1.62,2.26,1.7,2.38,1.71
2023-02-28,Chile Open,1st Round,Clay,Monteiro T.,Ramos-Vinolas A.,84.0,50.0,2.2,1.67,2.25,1.71,2.25,1.74
2023-02-28,Chile Open,1st Round,Clay,Jarry N.,Varillas J.P.,87.0,77.0,1.57,2.38,1.57,2.55,1.62,2.61
2023-02-28,Chile Open,1st Round,Clay,Cecchinato M.,Bagnis F.,91.0,94.0,2.2,1.67,2.24,1.71,2.27,1.73
2023-02-28,Chile Open,1st Round,Clay,Djere L.,Sousa J.,55.0,147.0,1.22,4.33,1.23,4.57,1.25,4.57
2023-02-28,Chile Open,1st Round,Clay,Carballes Baena R.,Taberner C.,74.0,181.0,1.36,3.2,1.41,3.12,1.42,3.25
2023-02-28,Dubai Tennis Championships,1st Round,Hard,O Connell C.,Ruusuvuori E.,92.0,54.0,2.63,1.5,2.63,1.54,2.63,1.55
2023-02-28,Dubai Tennis Championships,1st Round,Hard,Auger-Aliassime F.,Cressy M.,9.0,36.0,1.3,3.5,1.34,3.52,1.36,3.63
2023-02-28,Dubai Tennis Championships,1st Round,Hard,Van De Zandschulp B.,Khachanov K.,33.0,14.0,3.0,1.4,3.13,1.41,3.6,1.44
2023-02-28,Dubai Tennis Championships,1st Round,Hard,Ymer M.,Passaro F.,59.0,110.0,1.25,4.0,1.22,4.83,1.26,4.83
2023-02-28,Dubai Tennis Championships,1st Round,Hard,Bublik A.,Lazarov A.,46.0,301.0,1.2,4.5,1.25,4.34,1.28,4.65
2023-02-28,Chile Open,1st Round,Clay,Garin C.,Thiem D.,100.0,99.0,2.2,1.67,2.25,1.71,2.25,1.75
2023-02-28,Dubai Tennis Championships,1st Round,Hard,Djokovic N.,Machac T.,1.0,130.0,1.05,11.0,1.04,15.85,1.06,16.05
2023-02-28,Dubai Tennis Championships,1st Round,Hard,Hurkacz H.,Shevchenko A.,11.0,119.0,1.1,7.0,1.1,8.9,1.1,10.8
2023-02-28,Chile Open,1st Round,Clay,Lajovic D.,Ugo Carabelli C.,75.0,122.0,1.36,3.2,1.36,3.37,1.4,3.45
2023-02-28,Dubai Tennis Championships,1st Round,Hard,Coric B.,Evans D.,20.0,28.0,1.53,2.5,1.56,2.58,1.58,2.58
2023-02-28,Chile Open,1st Round,Clay,Etcheverry T.,Fognini F.,76.0,82.0,1.62,2.3,1.7,2.26,1.7,2.43
2023-02-28,Dubai Tennis Championships,1st Round,Hard,Medvedev D.,Arnaldi M.,7.0,111.0,1.02,19.0,1.02,25.83,1.02,25.83
2023-02-28,Abierto Mexicano,1st Round,Hard,Tiafoe F.,Nishioka Y.,15.0,34.0,1.5,2.63,1.52,2.71,1.55,2.71
2023-02-28,Abierto Mexicano,1st Round,Hard,Ruud C.,Andreozzi G.,4.0,342.0,1.07,9.0,1.09,9.58,1.09,10.25
2023-02-28,Abierto Mexicano,1st Round,Hard,Paul T.,Gomez E.,23.0,90.0,1.14,5.5,1.17,5.89,1.17,5.89
2023-02-28,Abierto Mexicano,1st Round,Hard,Daniel T.,Wolf J.J.,125.0,44.0,2.75,1.44,3.39,1.36,3.39,1.53
2023-02-28,Abierto Mexicano,1st Round,Hard,Lopez F.,Eubanks C.,1035.0,105.0,5.5,1.14,5.56,1.18,5.56,1.18
2023-02-28,Abierto Mexicano,1st Round,Hard,Rune H.,Shelton B.,10.0,41.0,1.33,3.4,1.38,3.28,1.4,3.4
2023-02-28,Abierto Mexicano,1st Round,Hard,Shapovalov D.,Kecmanovic M.,30.0,31.0,1.67,2.2,1.7,2.27,1.74,2.33
2023-02-28,Abierto Mexicano,1st Round,Hard,Mmoh M.,Giron M.,86.0,69.0,2.5,1.53,2.4,1.63,2.55,1.63
2023-02-28,Abierto Mexicano,1st Round,Hard,Fritz T.,Isner J.,5.0,38.0,1.29,3.75,1.29,3.97,1.33,4.01
2023-03-01,Dubai Tennis Championships,2nd Round,Hard,Van De Zandschulp B.,Ymer M.,33.0,59.0,1.8,2.0,1.89,2.02,1.89,2.1
2023-03-01,Dubai Tennis Championships,2nd Round,Hard,Sonego L.,Auger-Aliassime F.,67.0,9.0,4.0,1.25,3.6,1.34,4.0,1.34
2023-03-01,Dubai Tennis Championships,2nd Round,Hard,Zverev A.,O Connell C.,16.0,92.0,1.29,3.75,1.29,4.04,1.3,4.07
2023-03-01,Dubai Tennis Championships,2nd Round,Hard,Coric B.,Kokkinakis T.,20.0,101.0,1.73,2.1,1.79,2.15,1.8,2.21
2023-03-01,Dubai Tennis Championships,2nd Round,Hard,Djokovic N.,Griekspoor T.,1.0,39.0,1.06,10.0,1.08,10.49,1.09,10.67
2023-03-01,Dubai Tennis Championships,2nd Round,Hard,Medvedev D.,Bublik A.,7.0,46.0,1.14,5.5,1.16,6.37,1.16,6.55
2023-03-01,Dubai Tennis Championships,2nd Round,Hard,Hurkacz H.,Kotov P.,11.0,138.0,1.2,4.5,1.25,4.52,1.27,4.7
2023-03-01,Dubai Tennis Championships,2nd Round,Hard,Rublev A.,Davidovich Fokina A.,6.0,29.0,1.3,3.5,1.35,3.55,1.4,3.86
2023-03-01,Abierto Mexicano,1st Round,Hard,Ymer E.,Mannarino A.,170.0,64.0,3.0,1.4,,,3.0,1.42
2023-03-01,Abierto Mexicano,1st Round,Hard,Mcdonald M.,Darderi L.,62.0,184.0,1.14,5.5,1.17,5.64,1.25,5.64
2023-03-01,Abierto Mexicano,1st Round,Hard,Berrettini J.,Otte O.,842.0,78.0,5.5,1.14,5.73,1.17,5.73,1.18
2023-03-01,Abierto Mexicano,1st Round,Hard,Berrettini M.,Molcan A.,24.0,57.0,1.17,5.0,1.22,4.82,1.22,5.05
2023-03-01,Abierto Mexicano,1st Round,Hard,De Minaur A.,Pacheco Mendez R.,22.0,1244.0,1.02,19.0,1.02,35.33,1.03,35.33
2023-03-01,Chile Open,2nd Round,Clay,Hanfmann Y.,Carballes Baena R.,153.0,74.0,1.53,2.5,1.57,2.58,1.58,2.58
2023-03-01,Chile Open,2nd Round,Clay,Munar J.,Musetti L.,66.0,18.0,2.75,1.44,3.08,1.43,3.08,1.45
2023-03-01,Chile Open,2nd Round,Clay,Monteiro T.,Cecchinato M.,84.0,91.0,1.57,2.38,1.61,2.47,1.61,2.54
2023-03-01,Chile Open,2nd Round,Clay,Jarry N.,Schwartzman D.,87.0,37.0,1.36,3.2,1.38,3.28,1.4,3.5
2023-03-01,Abierto Mexicano,1st Round,Hard,Nakashima B.,Altmaier D.,49.0,95.0,1.44,2.75,1.51,2.74,1.51,2.85
2023-03-01,Abierto Mexicano,1st Round,Hard,Borges N.,Chappell N.,85.0,432.0,1.11,6.5,1.12,7.65,1.18,7.66
2023-03-02,Chile Open,2nd Round,Clay,Lajovic D.,Cerundolo J.M.,75.0,108.0,1.5,2.63,1.58,2.55,1.59,2.72
2023-03-02,Chile Open,2nd Round,Clay,Djere L.,Bonadio R.,55.0,182.0,1.17,5.0,1.18,5.7,1.19,6.38
2023-03-02,Chile Open,2nd Round,Clay,Etcheverry T.,Cerundolo F.,76.0,32.0,2.3,1.62,2.28,1.71,2.3,1.71
2023-03-02,Chile Open,2nd Round,Clay,Baez S.,Garin C.,35.0,100.0,1.67,2.2,1.65,2.4,1.67,2.5
2023-03-02,Dubai Tennis Championships,Quarterfinals,Hard,Zverev A.,Sonego L.,16.0,67.0,1.44,2.75,1.51,2.76,1.51,3.0
2023-03-02,Abierto Mexicano,2nd Round,Hard,De Minaur A.,Berrettini J.,22.0,842.0,1.03,15.0,1.04,20.18,1.04,20.18
2023-03-02,Dubai Tennis Championships,Quarterfinals,Hard,Medvedev D.,Coric B.,7.0,20.0,1.2,4.5,1.19,5.37,1.23,5.37
2023-03-02,Dubai Tennis Championships,Quarterfinals,Hard,Djokovic N.,Hurkacz H.,1.0,11.0,1.1,7.0,1.12,7.59,1.13,7.66
2023-03-02,Dubai Tennis Championships,Quarterfinals,Hard,Rublev A.,Van De Zandschulp B.,6.0,33.0,1.4,3.0,1.38,3.31,1.46,3.31
2023-03-02,Abierto Mexicano,Quarterfinals,Hard,Paul T.,Mcdonald M.,23.0,62.0,1.62,2.3,1.62,2.45,1.68,2.45
2023-03-02,Abierto Mexicano,2nd Round,Hard,Mcdonald M.,Nakashima B.,62.0,49.0,1.91,1.91,1.9,2.01,1.91,2.05
2023-03-02,Abierto Mexicano,2nd Round,Hard,Tiafoe F.,Lopez F.,15.0,1035.0,1.06,10.0,1.09,9.56,1.13,10.0
2023-03-02,Abierto Mexicano,2nd Round,Hard,Daniel T.,Ruud C.,125.0,4.0,3.5,1.3,3.52,1.35,3.75,1.35
2023-03-02,Abierto Mexicano,2nd Round,Hard,Paul T.,Mmoh M.,23.0,86.0,1.36,3.2,1.37,3.42,1.4,3.42
2023-03-02,Abierto Mexicano,2nd Round,Hard,Rune H.,Borges N.,10.0,85.0,1.2,4.5,1.23,4.71,1.24,4.98
2023-03-02,Abierto Mexicano,2nd Round,Hard,Fritz T.,Shapovalov D.,5.0,30.0,1.62,2.3,1.62,2.46,1.7,2.46
2023-03-02,Abierto Mexicano,2nd Round,Hard,Berrettini M.,Ymer E.,24.0,170.0,1.08,8.0,1.09,9.37,1.1,9.5
2023-03-03,Abierto Mexicano,Quarterfinals,Hard,Fritz T.,Tiafoe F.,5.0,15.0,1.44,2.75,1.56,2.54,1.56,2.75
2023-03-03,Abierto Mexicano,Quarterfinals,Hard,De Minaur A.,Daniel T.,22.0,125.0,1.25,4.0,1.28,4.15,1.28,4.33
2023-03-03,Chile Open,Quarterfinals,Clay,Baez S.,Djere L.,35.0,55.0,1.53,2.5,1.63,2.44,1.64,2.6
2023-03-03,Dubai Tennis Championships,Semifinals,Hard,Medvedev D.,Djokovic N.,7.0,1.0,2.75,1.44,2.89,1.47,2.95,1.48
2023-03-03,Abierto Mexicano,Quarterfinals,Hard,Rune H.,Berrettini M.,10.0,24.0,1.8,2.0,1.86,2.06,1.87,2.08
2023-03-03,Chile Open,Quarterfinals,Clay,Etcheverry T.,Lajovic D.,76.0,75.0,2.0,1.8,1.98,1.93,2.1,1.93
2023-03-03,Dubai Tennis Championships,Semifinals,Hard,Rublev A.,Zverev A.,6.0,16.0,2.2,1.67,2.23,1.74,2.3,1.74
2023-03-03,Chile Open,Quarterfinals,Clay,Munar J.,Monteiro T.,66.0,84.0,1.67,2.2,1.69,2.31,1.76,2.45
2023-03-04,Chile Open,Semifinals,Clay,Etcheverry T.,Baez S.,76.0,35.0,2.63,1.5,2.61,1.56,2.68,1.56
2023-03-04,Chile Open,Semifinals,Clay,Jarry N.,Munar J.,87.0,66.0,1.44,2.75,1.47,2.91,1.53,2.92
2023-03-04,Chile Open,Quarterfinals,Clay,Jarry N.,Hanfmann Y.,87.0,153.0,1.57,2.38,1.6,2.52,1.63,2.52
2023-03-04,Abierto Mexicano,Semifinals,Hard,Paul T.,Fritz T.,23.0,5.0,2.5,1.53,2.6,1.58,2.72,1.58
2023-03-04,Dubai Tennis Championships,The Final,Hard,Medvedev D.,Rublev A.,7.0,6.0,1.22,4.33,1.25,4.46,1.25,4.51
2023-03-04,Abierto Mexicano,Semifinals,Hard,De Minaur A.,Rune H.,22.0,10.0,2.75,1.44,2.69,1.53,2.75,1.54
2023-03-05,Abierto Mexicano,The Final,Hard,De Minaur A.,Paul T.,22.0,23.0,1.67,2.2,1.67,2.35,1.72,2.35
2023-03-05,Chile Open,The Final,Clay,Jarry N.,Etcheverry T.,87.0,76.0,1.91,1.91,1.97,1.93,2.1,2.06
2023-03-08,BNP Paribas Open,1st Round,Hard,Lehecka J.,Rinderknech A.,47.0,72.0,1.25,4.0,1.29,3.87,1.29,4.0
2023-03-08,BNP Paribas Open,1st Round,Hard,Wu Y.,Munar J.,67.0,58.0,1.36,3.2,1.4,3.11,1.41,3.21
2023-03-08,BNP Paribas Open,1st Round,Hard,Garin C.,Galan D.E.,97.0,89.0,1.4,3.0,1.46,2.89,1.46,3.0
2023-03-08,BNP Paribas Open,1st Round,Hard,Daniel T.,Carballes Baena R.,103.0,79.0,1.36,3.2,1.46,2.91,1.46,3.2
2023-03-08,BNP Paribas Open,1st Round,Hard,Cachin P.,Basilashvili N.,66.0,118.0,2.1,1.73,2.19,1.75,2.2,1.78
2023-03-08,BNP Paribas Open,1st Round,Hard,Ruusuvuori E.,Lestienne C.,59.0,62.0,1.44,2.75,1.49,2.81,1.49,2.9
2023-03-08,BNP Paribas Open,1st Round,Hard,Kubler J.,Sonego L.,75.0,60.0,2.75,1.44,2.74,1.51,2.75,1.51
2023-03-08,BNP Paribas Open,1st Round,Hard,Otte O.,Djere L.,82.0,54.0,2.38,1.57,2.51,1.58,2.52,1.58
2023-03-08,BNP Paribas Open,1st Round,Hard,Ivashka I.,Safiullin R.,85.0,113.0,2.0,1.8,2.04,1.85,2.1,1.9
2023-03-08,BNP Paribas Open,1st Round,Hard,Giron M.,Kovacevic A.,73.0,107.0,1.62,2.3,1.74,2.21,1.74,2.46
2023-03-08,BNP Paribas Open,1st Round,Hard,Humbert U.,Zapata Miralles B.,77.0,42.0,1.44,2.75,1.48,2.85,1.53,2.87
2023-03-08,BNP Paribas Open,1st Round,Hard,Nakashima B.,Isner J.,48.0,39.0,1.91,1.91,2.03,1.86,2.03,1.98
2023-03-09,BNP Paribas Open,1st Round,Hard,Martinez P.,Huesler M.A.,120.0,51.0,2.75,1.44,2.61,1.55,2.9,1.55
2023-03-09,BNP Paribas Open,1st Round,Hard,Murray A.,Etcheverry T.,55.0,61.0,1.29,3.75,1.32,3.69,1.32,4.11
2023-03-09,BNP Paribas Open,1st Round,Hard,Molcan A.,Ramos-Vinolas A.,63.0,50.0,2.2,1.67,2.26,1.7,2.33,1.72
2023-03-09,BNP Paribas Open,1st Round,Hard,Fucsovics M.,Wolf J.J.,84.0,44.0,2.3,1.62,2.38,1.64,2.4,1.65
2023-03-09,BNP Paribas Open,1st Round,Hard,Shelton B.,Fognini F.,41.0,88.0,1.25,4.0,1.27,4.1,1.29,4.14
2023-03-09,BNP Paribas Open,1st Round,Hard,Kokkinakis T.,Holt B.,94.0,193.0,1.22,4.33,1.25,4.39,1.25,4.5
2023-03-09,BNP Paribas Open,1st Round,Hard,Wawrinka S.,Vukic A.,100.0,186.0,1.44,2.75,1.46,2.89,1.5,3.04
2023-03-09,BNP Paribas Open,1st Round,Hard,Pella G.,Monteiro T.,739.0,78.0,2.63,1.5,2.62,1.54,2.65,1.54
2023-03-09,BNP Paribas Open,1st Round,Hard,Struff J.L.,Halys Q.,134.0,81.0,1.67,2.2,1.8,2.11,1.8,2.33
2023-03-09,BNP Paribas Open,1st Round,Hard,Mcdonald M.,Krajinovic F.,53.0,74.0,1.44,2.75,1.42,3.08,1.48,3.08
2023-03-09,BNP Paribas Open,1st Round,Hard,Wu T.L.,Bublik A.,175.0,46.0,4.0,1.25,4.04,1.28,4.08,1.33
2023-03-09,BNP Paribas Open,1st Round,Hard,Tabilo A.,Marterer M.,187.0,156.0,1.8,2.0,1.91,1.98,1.91,2.1
2023-03-09,BNP Paribas Open,1st Round,Hard,Thompson J.,Monfils G.,87.0,210.0,1.57,2.38,1.68,2.32,1.68,2.45
2023-03-09,BNP Paribas Open,1st Round,Hard,Schwartzman D.,Coria F.,38.0,64.0,1.5,2.63,1.61,2.46,1.61,2.66
2023-03-09,BNP Paribas Open,1st Round,Hard,Draper J.,Riedi L.,56.0,135.0,1.44,2.75,1.6,2.48,1.6,2.8
2023-03-10,BNP Paribas Open,2nd Round,Hard,Zverev A.,Cachin P.,14.0,66.0,1.08,8.0,1.08,10.54,1.09,10.86
2023-03-10,BNP Paribas Open,2nd Round,Hard,Davidovich Fokina A.,Wu Y.,28.0,67.0,1.8,2.0,1.82,2.09,1.88,2.1
2023-03-10,BNP Paribas Open,2nd Round,Hard,Tabilo A.,Cressy M.,187.0,37.0,2.63,1.5,2.71,1.52,2.71,1.53
2023-03-10,BNP Paribas Open,2nd Round,Hard,Kubler J.,Dimitrov G.,75.0,25.0,3.4,1.33,3.33,1.37,3.45,1.38
2023-03-10,BNP Paribas Open,2nd Round,Hard,Thompson J.,Tsitsipas S.,87.0,3.0,5.5,1.14,5.25,1.19,6.0,1.19
2023-03-10,BNP Paribas Open,2nd Round,Hard,Ruusuvuori E.,Bautista Agut R.,59.0,27.0,2.3,1.62,2.4,1.63,2.43,1.66
2023-03-10,BNP Paribas Open,2nd Round,Hard,Ivashka I.,Van De Zandschulp B.,85.0,33.0,2.5,1.53,2.48,1.6,2.56,1.6
2023-03-10,BNP Paribas Open,2nd Round,Hard,Humbert U.,Shapovalov D.,77.0,30.0,2.63,1.5,2.49,1.59,2.75,1.59
2023-03-10,BNP Paribas Open,2nd Round,Hard,Garin C.,Nishioka Y.,97.0,34.0,2.5,1.53,2.58,1.56,2.58,1.63
2023-03-10,BNP Paribas Open,2nd Round,Hard,Norrie C.,Wu T.L.,12.0,175.0,1.1,7.0,1.1,8.46,1.12,8.46
2023-03-10,BNP Paribas Open,1st Round,Hard,Popyrin A.,Zhang Zh.,101.0,93.0,1.53,2.5,1.52,2.69,1.59,2.75
2023-03-10,BNP Paribas Open,1st Round,Hard,Sock J.,Barrere G.,154.0,65.0,2.3,1.62,2.44,1.62,2.62,1.67
2023-03-10,BNP Paribas Open,1st Round,Hard,Mannarino A.,Thiem D.,68.0,102.0,1.8,2.0,1.82,2.09,1.86,2.09
2023-03-10,BNP Paribas Open,1st Round,Hard,Gasquet R.,Gojo B.,43.0,121.0,2.3,1.62,2.42,1.63,2.42,1.68
2023-03-10,BNP Paribas Open,1st Round,Hard,Hijikata R.,Ymer M.,130.0,57.0,3.75,1.29,3.82,1.3,3.85,1.3
2023-03-10,BNP Paribas Open,2nd Round,Hard,Ruud C.,Schwartzman D.,4.0,38.0,1.25,4.0,1.29,3.96,1.33,4.33
2023-03-11,BNP Paribas Open,2nd Round,Hard,Mannarino A.,Musetti L.,68.0,21.0,1.91,1.91,1.96,1.93,1.96,1.95
2023-03-11,BNP Paribas Open,2nd Round,Hard,Fritz T.,Shelton B.,5.0,41.0,1.25,4.0,1.25,4.37,1.27,4.4
2023-03-11,BNP Paribas Open,2nd Round,Hard,Griekspoor T.,Pella G.,36.0,739.0,1.2,4.5,1.23,4.66,1.24,4.66
2023-03-11,BNP Paribas Open,2nd Round,Hard,Cerundolo F.,Sock J.,32.0,154.0,1.91,1.91,2.04,1.85,2.04,2.0
2023-03-11,BNP Paribas Open,2nd Round,Hard,Murray A.,Albot R.,55.0,109.0,1.29,3.75,1.25,4.35,1.31,4.35
2023-03-11,BNP Paribas Open,2nd Round,Hard,Fucsovics M.,De Minaur A.,84.0,18.0,3.75,1.29,3.71,1.32,4.0,1.32
2023-03-11,BNP Paribas Open,2nd Round,Hard,Paul T.,Struff J.L.,19.0,134.0,1.3,3.5,1.29,3.98,1.32,3.98
2023-03-11,BNP Paribas Open,2nd Round,Hard,Molcan A.,Coric B.,63.0,20.0,3.5,1.3,3.62,1.33,3.62,1.35
2023-03-11,BNP Paribas Open,2nd Round,Hard,Sinner J.,Gasquet R.,13.0,43.0,1.11,6.5,1.09,9.41,1.12,11.0
2023-03-11,BNP Paribas Open,2nd Round,Hard,Auger-Aliassime F.,Martinez P.,10.0,120.0,1.08,8.0,1.1,8.69,1.11,9.33
2023-03-11,BNP Paribas Open,2nd Round,Hard,Draper J.,Evans D.,56.0,29.0,1.36,3.2,1.41,3.12,1.43,3.25
2023-03-11,BNP Paribas Open,2nd Round,Hard,Rublev A.,Lehecka J.,7.0,47.0,1.44,2.75,1.49,2.81,1.5,2.88
2023-03-11,BNP Paribas Open,2nd Round,Hard,Tiafoe F.,Giron M.,16.0,73.0,1.36,3.2,1.41,3.12,1.42,3.2
2023-03-11,BNP Paribas Open,2nd Round,Hard,Medvedev D.,Nakashima B.,6.0,48.0,1.1,7.0,1.1,8.72,1.1,8.72
2023-03-11,BNP Paribas Open,2nd Round,Hard,Khachanov K.,Otte O.,15.0,82.0,1.29,3.75,1.3,3.85,1.3,4.0
2023-03-11,BNP Paribas Open,2nd Round,Hard,Daniel T.,Berrettini M.,103.0,23.0,3.5,1.3,3.36,1.37,3.5,1.37
2023-03-11,BNP Paribas Open,2nd Round,Hard,Wawrinka S.,Kecmanovic M.,100.0,31.0,2.2,1.67,2.12,1.79,2.22,1.83
2023-03-12,BNP Paribas Open,3rd Round,Hard,Zverev A.,Ruusuvuori E.,14.0,59.0,1.3,3.5,1.38,3.33,1.39,3.5
2023-03-12,BNP Paribas Open,3rd Round,Hard,Rublev A.,Humbert U.,7.0,77.0,1.22,4.33,1.25,4.48,1.25,4.48
2023-03-12,BNP Paribas Open,3rd Round,Hard,Tiafoe F.,Kubler J.,16.0,75.0,1.2,4.5,1.29,4.02,1.29,4.54
2023-03-12,BNP Paribas Open,3rd Round,Hard,Davidovich Fokina A.,Khachanov K.,28.0,15.0,2.3,1.62,2.29,1.7,2.33,1.7
2023-03-12,BNP Paribas Open,3rd Round,Hard,Norrie C.,Daniel T.,12.0,103.0,1.22,4.33,1.2,5.24,1.24,5.24
2023-03-12,BNP Paribas Open,2nd Round,Hard,Hurkacz H.,Popyrin A.,11.0,101.0,1.22,4.33,1.22,4.82,1.23,4.96
2023-03-12,BNP Paribas Open,2nd Round,Hard,Alcaraz C.,Kokkinakis T.,2.0,94.0,1.33,3.4,1.39,3.25,1.39,3.6
2023-03-12,BNP Paribas Open,2nd Round,Hard,Rune H.,Mcdonald M.,8.0,53.0,1.36,3.2,1.36,3.39,1.41,3.5
2023-03-12,BNP Paribas Open,2nd Round,Hard,Baez S.,Hijikata R.,35.0,130.0,2.0,1.8,1.95,1.93,2.1,1.93
2023-03-12,BNP Paribas Open,3rd Round,Hard,Garin C.,Ruud C.,97.0,4.0,4.33,1.22,4.04,1.29,4.5,1.29
2023-03-13,BNP Paribas Open,3rd Round,Hard,Medvedev D.,Ivashka I.,6.0,85.0,1.03,15.0,1.04,17.03,1.04,17.03
2023-03-13,BNP Paribas Open,3rd Round,Hard,Tabilo A.,Thompson J.,187.0,87.0,2.2,1.67,2.12,1.81,2.22,1.81
2023-03-13,BNP Paribas Open,3rd Round,Hard,Paul T.,Hurkacz H.,19.0,11.0,2.1,1.73,2.11,1.82,2.17,1.82
2023-03-13,BNP Paribas Open,3rd Round,Hard,Auger-Aliassime F.,Cerundolo F.,10.0,32.0,1.2,4.5,1.21,5.07,1.22,5.25
2023-03-13,BNP Paribas Open,3rd Round,Hard,Wawrinka S.,Rune H.,100.0,8.0,4.33,1.22,4.26,1.27,4.33,1.3
2023-03-13,BNP Paribas Open,3rd Round,Hard,Fucsovics M.,Molcan A.,84.0,63.0,1.57,2.38,1.63,2.43,1.67,2.43
2023-03-13,BNP Paribas Open,3rd Round,Hard,Fritz T.,Baez S.,5.0,35.0,1.11,6.5,1.13,7.23,1.13,7.23
2023-03-13,BNP Paribas Open,3rd Round,Hard,Sinner J.,Mannarino A.,13.0,68.0,1.1,7.0,1.12,7.65,1.12,7.65
2023-03-14,BNP Paribas Open,4th Round,Hard,Tiafoe F.,Tabilo A.,16.0,187.0,1.2,4.5,1.2,5.25,1.21,5.5
2023-03-14,BNP Paribas Open,4th Round,Hard,Norrie C.,Rublev A.,12.0,7.0,2.3,1.62,2.22,1.74,2.32,1.74
2023-03-14,BNP Paribas Open,4th Round,Hard,Medvedev D.,Zverev A.,6.0,14.0,1.25,4.0,1.25,4.42,1.3,4.42
2023-03-14,BNP Paribas Open,4th Round,Hard,Fritz T.,Fucsovics M.,5.0,84.0,1.2,4.5,1.27,4.18,1.27,4.54
2023-03-14,BNP Paribas Open,3rd Round,Hard,Alcaraz C.,Griekspoor T.,2.0,36.0,1.1,7.0,1.14,6.99,1.14,7.5
2023-03-14,BNP Paribas Open,3rd Round,Hard,Draper J.,Murray A.,56.0,55.0,1.67,2.2,1.67,2.36,1.69,2.36
2023-03-14,BNP Paribas Open,4th Round,Hard,Davidovich Fokina A.,Garin C.,28.0,97.0,1.4,3.0,1.51,2.77,1.51,3.0
2023-03-15,BNP Paribas Open,4th Round,Hard,Alcaraz C.,Draper J.,2.0,56.0,1.3,3.5,1.32,3.76,1.32,3.86
2023-03-15,BNP Paribas Open,4th Round,Hard,Sinner J.,Wawrinka S.,13.0,100.0,1.17,5.0,1.2,5.25,1.22,5.76
2023-03-15,BNP Paribas Open,4th Round,Hard,Auger-Aliassime F.,Paul T.,10.0,19.0,1.8,2.0,1.88,2.03,1.91,2.03
2023-03-15,BNP Paribas Open,Quarterfinals,Hard,Tiafoe F.,Norrie C.,16.0,12.0,2.38,1.57,2.64,1.55,2.64,1.62
2023-03-15,BNP Paribas Open,Quarterfinals,Hard,Medvedev D.,Davidovich Fokina A.,6.0,28.0,1.22,4.33,1.26,4.32,1.27,4.4
2023-03-16,BNP Paribas Open,Quarterfinals,Hard,Sinner J.,Fritz T.,13.0,5.0,1.67,2.2,1.69,2.3,1.74,2.38
2023-03-17,BNP Paribas Open,Quarterfinals,Hard,Alcaraz C.,Auger-Aliassime F.,2.0,10.0,1.36,3.2,1.43,3.02,1.43,3.5
2023-03-18,BNP Paribas Open,Semifinals,Hard,Medvedev D.,Tiafoe F.,6.0,16.0,1.25,4.0,1.25,4.46,1.26,4.89
2023-03-18,BNP Paribas Open,Semifinals,Hard,Alcaraz C.,Sinner J.,2.0,13.0,1.53,2.5,1.63,2.42,1.65,2.6
2023-03-19,BNP Paribas Open,The Final,Hard,Alcaraz C.,Medvedev D.,2.0,6.0,1.73,2.1,1.82,2.11,1.86,2.15
2023-03-22,Miami Open,1st Round,Hard,Humbert U.,Monfils G.,78.0,280.0,1.29,3.75,1.29,3.89,1.37,3.89
2023-03-22,Miami Open,1st Round,Hard,Struff J.L.,Fognini F.,103.0,91.0,1.29,3.75,1.34,3.57,1.34,4.0
2023-03-22,Miami Open,1st Round,Hard,Wu Y.,Edmund K.,64.0,544.0,1.13,6.0,1.14,6.74,1.15,6.74
2023-03-22,Miami Open,1st Round,Hard,Ruusuvuori E.,Borges N.,54.0,68.0,1.36,3.2,1.39,3.25,1.39,3.5
2023-03-22,Miami Open,1st Round,Hard,Lajovic D.,Murray A.,76.0,52.0,4.5,1.2,4.41,1.25,4.55,1.25
2023-03-22,Miami Open,1st Round,Hard,Ivashka I.,Altmaier D.,80.0,114.0,1.53,2.5,1.56,2.56,1.59,2.56
2023-03-22,Miami Open,1st Round,Hard,Wolf J.J.,Bublik A.,50.0,48.0,1.73,2.1,1.78,2.14,1.82,2.2
2023-03-22,Miami Open,1st Round,Hard,Daniel T.,Rinderknech A.,97.0,72.0,1.44,2.75,1.5,2.77,1.55,2.87
2023-03-22,Miami Open,1st Round,Hard,Djere L.,Vukic A.,58.0,168.0,2.2,1.67,2.21,1.74,2.25,1.74
2023-03-22,Miami Open,1st Round,Hard,Pella G.,Varillas J.P.,581.0,88.0,1.8,2.0,1.84,2.06,1.9,2.06
2023-03-22,Miami Open,1st Round,Hard,Fucsovics M.,Cachin P.,74.0,63.0,1.22,4.33,1.22,4.8,1.26,5.34
2023-03-22,Miami Open,1st Round,Hard,Bagnis F.,Meligeni Alves F.,100.0,164.0,1.62,2.3,1.68,2.31,1.7,2.38
2023-03-22,Miami Open,1st Round,Hard,Huesler M.A.,Ramos-Vinolas A.,47.0,51.0,1.67,2.2,1.78,2.15,1.78,2.4
2023-03-22,Miami Open,1st Round,Hard,Nakashima B.,Otte O.,45.0,85.0,1.33,3.4,1.34,3.55,1.36,3.55
2023-03-22,Miami Open,1st Round,Hard,Popyrin A.,Ymer M.,93.0,53.0,1.8,2.0,1.78,2.14,1.83,2.22
2023-03-23,Miami Open,1st Round,Hard,Sonego L.,Thiem D.,59.0,106.0,1.62,2.3,1.61,2.45,1.69,2.45
2023-03-23,Miami Open,1st Round,Hard,Etcheverry T.,Kotov P.,73.0,117.0,1.8,2.0,1.83,2.07,1.91,2.07
2023-03-23,Miami Open,1st Round,Hard,Barrere G.,Safiullin R.,65.0,104.0,2.3,1.62,2.33,1.67,2.38,1.67
2023-03-23,Miami Open,1st Round,Hard,Monteiro T.,Kubler J.,81.0,70.0,3.0,1.4,3.19,1.4,3.38,1.4
2023-03-23,Miami Open,1st Round,Hard,Gasquet R.,O Connell C.,40.0,86.0,1.8,2.0,1.8,2.11,1.86,2.16
2023-03-23,Miami Open,1st Round,Hard,Watanuki Y.,Paire B.,123.0,170.0,1.62,2.3,1.59,2.5,1.63,2.55
2023-03-23,Miami Open,1st Round,Hard,Mcdonald M.,Galan D.E.,55.0,89.0,1.11,6.5,1.14,6.54,1.14,7.3
2023-03-23,Miami Open,1st Round,Hard,Eubanks C.,Kudla D.,119.0,122.0,1.67,2.2,1.75,2.19,1.75,2.28
2023-03-23,Miami Open,1st Round,Hard,Carballes Baena R.,Zapata Miralles B.,84.0,41.0,2.1,1.73,2.06,1.84,2.2,1.87
2023-03-23,Miami Open,1st Round,Hard,Molcan A.,Thompson J.,56.0,83.0,2.3,1.62,2.28,1.69,2.32,1.71
2023-03-23,Miami Open,1st Round,Hard,Mannarino A.,Shang J.,62.0,181.0,1.36,3.2,1.35,3.44,1.38,3.44
2023-03-23,Miami Open,1st Round,Hard,Garin C.,Giron M.,82.0,71.0,1.73,2.1,1.81,2.09,1.83,2.15
2023-03-23,Miami Open,1st Round,Hard,Halys Q.,Martinez P.,79.0,121.0,1.33,3.4,1.36,3.42,1.37,3.61
2023-03-23,Miami Open,1st Round,Hard,Lehecka J.,Coria F.,44.0,67.0,1.1,7.0,1.13,6.86,1.15,7.66
2023-03-23,Miami Open,1st Round,Hard,Kovacevic A.,Munar J.,102.0,66.0,1.53,2.5,1.61,2.45,1.66,2.67
2023-03-23,Miami Open,1st Round,Hard,Nava E.,Isner J.,182.0,46.0,4.0,1.25,4.37,1.25,4.37,1.29
2023-03-24,Miami Open,2nd Round,Hard,Rune H.,Fucsovics M.,8.0,74.0,1.33,3.4,1.32,3.69,1.33,3.69
2023-03-24,Miami Open,2nd Round,Hard,Ruud C.,Ivashka I.,4.0,80.0,1.4,3.0,1.45,2.96,1.45,3.23
2023-03-24,Miami Open,2nd Round,Hard,Davidovich Fokina A.,Nakashima B.,25.0,45.0,1.57,2.38,1.61,2.46,1.62,2.48
2023-03-24,Miami Open,2nd Round,Hard,Alcaraz C.,Bagnis F.,1.0,100.0,1.01,23.0,1.02,31.56,1.02,32.56
2023-03-24,Miami Open,2nd Round,Hard,Dimitrov G.,Struff J.L.,27.0,103.0,1.44,2.75,1.54,2.63,1.57,2.75
2023-03-24,Miami Open,2nd Round,Hard,Kecmanovic M.,Humbert U.,35.0,78.0,1.91,1.91,2.07,1.83,2.07,1.92
2023-03-24,Miami Open,2nd Round,Hard,Fritz T.,Nava E.,10.0,182.0,1.06,10.0,1.07,11.85,1.07,11.85
2023-03-24,Miami Open,2nd Round,Hard,Lajovic D.,Cressy M.,76.0,37.0,2.38,1.57,2.3,1.68,2.58,1.68
2023-03-24,Miami Open,2nd Round,Hard,Van De Zandschulp B.,Popyrin A.,32.0,93.0,1.73,2.1,1.9,1.99,1.95,2.12
2023-03-24,Miami Open,2nd Round,Hard,Schwartzman D.,Wu Y.,38.0,64.0,2.75,1.44,2.72,1.51,2.9,1.58
2023-03-24,Miami Open,2nd Round,Hard,Sinner J.,Djere L.,11.0,58.0,1.07,9.0,1.08,10.17,1.09,10.22
2023-03-24,Miami Open,2nd Round,Hard,Rublev A.,Wolf J.J.,7.0,50.0,1.25,4.0,1.26,4.29,1.29,4.44
2023-03-24,Miami Open,2nd Round,Hard,Shapovalov D.,Pella G.,30.0,581.0,1.22,4.33,1.26,4.29,1.26,5.16
2023-03-24,Miami Open,2nd Round,Hard,Paul T.,Huesler M.A.,19.0,47.0,1.17,5.0,1.17,5.77,1.17,6.37
2023-03-24,Miami Open,2nd Round,Hard,Ruusuvuori E.,Bautista Agut R.,54.0,28.0,1.73,2.1,1.86,2.03,1.86,2.17
2023-03-24,Miami Open,1st Round,Hard,Kokkinakis T.,Bergs Z.,94.0,135.0,1.17,5.0,1.16,6.16,1.18,6.16
2023-03-25,Miami Open,2nd Round,Hard,Khachanov K.,Etcheverry T.,16.0,73.0,1.3,3.5,1.3,3.81,1.32,3.81
2023-03-25,Miami Open,2nd Round,Hard,Hurkacz H.,Kokkinakis T.,9.0,94.0,1.3,3.5,1.35,3.44,1.35,3.65
2023-03-25,Miami Open,2nd Round,Hard,Sonego L.,Evans D.,59.0,29.0,1.44,2.75,1.48,2.83,1.5,3.27
2023-03-25,Miami Open,2nd Round,Hard,Auger-Aliassime F.,Monteiro T.,6.0,81.0,1.07,9.0,1.08,9.95,1.08,10.75
2023-03-25,Miami Open,2nd Round,Hard,Halys Q.,De Minaur A.,79.0,18.0,3.5,1.3,3.7,1.32,3.7,1.32
2023-03-25,Miami Open,2nd Round,Hard,Molcan A.,Nishioka Y.,56.0,34.0,2.0,1.8,2.15,1.77,2.15,1.8
2023-03-25,Miami Open,2nd Round,Hard,Medvedev D.,Carballes Baena R.,5.0,84.0,1.02,19.0,1.03,22.22,1.03,22.22
2023-03-25,Miami Open,2nd Round,Hard,Garin C.,Baez S.,82.0,33.0,1.53,2.5,1.6,2.48,1.6,2.5
2023-03-25,Miami Open,2nd Round,Hard,Lehecka J.,Musetti L.,44.0,21.0,1.4,3.0,1.46,2.9,1.46,3.08
2023-03-25,Miami Open,2nd Round,Hard,Tsitsipas S.,Gasquet R.,3.0,40.0,1.17,5.0,1.23,4.69,1.23,5.36
2023-03-25,Miami Open,2nd Round,Hard,Eubanks C.,Coric B.,119.0,20.0,3.2,1.36,3.3,1.38,3.3,1.42
2023-03-25,Miami Open,2nd Round,Hard,Cerundolo F.,Kovacevic A.,31.0,102.0,1.67,2.2,1.79,2.13,1.79,2.22
2023-03-25,Miami Open,2nd Round,Hard,Daniel T.,Zverev A.,97.0,15.0,4.5,1.2,5.1,1.2,5.1,1.21
2023-03-25,Miami Open,2nd Round,Hard,Mcdonald M.,Berrettini M.,55.0,23.0,2.75,1.44,2.93,1.45,3.0,1.51
2023-03-26,Miami Open,3rd Round,Hard,Alcaraz C.,Lajovic D.,1.0,76.0,1.03,15.0,1.03,24.76,1.03,24.76
2023-03-26,Miami Open,3rd Round,Hard,Ruusuvuori E.,Daniel T.,54.0,97.0,1.57,2.38,1.62,2.46,1.62,2.6
2023-03-26,Miami Open,3rd Round,Hard,Fritz T.,Shapovalov D.,10.0,30.0,1.36,3.2,1.39,3.27,1.39,3.46
2023-03-26,Miami Open,3rd Round,Hard,Rune H.,Schwartzman D.,8.0,38.0,1.17,5.0,1.19,5.36,1.19,5.36
2023-03-26,Miami Open,3rd Round,Hard,Rublev A.,Kecmanovic M.,7.0,35.0,1.22,4.33,1.23,4.69,1.29,4.8
2023-03-26,Miami Open,2nd Round,Hard,Mannarino A.,Shelton B.,62.0,39.0,2.2,1.67,2.31,1.68,2.36,1.7
2023-03-26,Miami Open,2nd Round,Hard,Barrere G.,Norrie C.,65.0,12.0,6.0,1.13,5.91,1.16,6.5,1.16
2023-03-26,Miami Open,2nd Round,Hard,Tiafoe F.,Watanuki Y.,14.0,123.0,1.17,5.0,1.16,5.99,1.22,6.04
2023-03-26,Miami Open,3rd Round,Hard,Paul T.,Davidovich Fokina A.,19.0,25.0,1.62,2.3,1.58,2.56,1.63,2.56
2023-03-27,Miami Open,3rd Round,Hard,Sinner J.,Dimitrov G.,11.0,27.0,1.22,4.33,1.25,4.44,1.25,4.44
2023-03-27,Miami Open,3rd Round,Hard,Van De Zandschulp B.,Ruud C.,32.0,4.0,3.5,1.3,3.54,1.35,3.6,1.37
2023-03-27,Miami Open,3rd Round,Hard,Medvedev D.,Molcan A.,5.0,56.0,1.05,11.0,1.06,13.8,1.06,13.8
2023-03-27,Miami Open,3rd Round,Hard,Khachanov K.,Lehecka J.,16.0,44.0,1.73,2.1,1.83,2.09,1.83,2.19
2023-03-27,Miami Open,3rd Round,Hard,Tsitsipas S.,Garin C.,3.0,82.0,1.3,3.5,1.3,3.91,1.35,4.0
2023-03-27,Miami Open,3rd Round,Hard,Halys Q.,Mcdonald M.,79.0,55.0,2.38,1.57,2.34,1.68,2.55,1.71
2023-03-27,Miami Open,3rd Round,Hard,Cerundolo F.,Auger-Aliassime F.,31.0,6.0,4.33,1.22,4.61,1.24,4.67,1.24
2023-03-27,Miami Open,3rd Round,Hard,Mannarino A.,Hurkacz H.,62.0,9.0,4.0,1.25,3.68,1.33,4.01,1.33
2023-03-27,Miami Open,3rd Round,Hard,Eubanks C.,Barrere G.,119.0,65.0,2.1,1.73,2.18,1.77,2.25,1.91
2023-03-28,Miami Open,4th Round,Hard,Khachanov K.,Tsitsipas S.,16.0,3.0,1.91,1.91,1.87,2.02,2.0,2.03
2023-03-28,Miami Open,4th Round,Hard,Eubanks C.,Mannarino A.,119.0,62.0,2.5,1.53,2.66,1.54,2.69,1.65
2023-03-28,Miami Open,4th Round,Hard,Alcaraz C.,Paul T.,1.0,19.0,1.13,6.0,1.17,6.02,1.17,6.05
2023-03-28,Miami Open,4th Round,Hard,Fritz T.,Rune H.,10.0,8.0,1.62,2.3,1.74,2.24,1.74,2.3
2023-03-28,Miami Open,4th Round,Hard,Ruusuvuori E.,Van De Zandschulp B.,54.0,32.0,1.67,2.2,1.63,2.44,1.68,2.44
2023-03-28,Miami Open,4th Round,Hard,Sinner J.,Rublev A.,11.0,7.0,1.5,2.63,1.56,2.6,1.58,2.69
2023-03-28,Miami Open,3rd Round,Hard,Sonego L.,Tiafoe F.,59.0,14.0,3.4,1.33,3.28,1.39,3.4,1.4
2023-03-29,Miami Open,4th Round,Hard,Cerundolo F.,Sonego L.,31.0,59.0,2.3,1.62,2.37,1.66,2.37,1.66
2023-03-29,Miami Open,4th Round,Hard,Medvedev D.,Halys Q.,5.0,79.0,1.07,9.0,1.09,9.1,1.1,9.59
2023-03-29,Miami Open,Quarterfinals,Hard,Sinner J.,Ruusuvuori E.,11.0,54.0,1.13,6.0,1.14,7.04,1.2,7.04
2023-03-30,Miami Open,Quarterfinals,Hard,Medvedev D.,Eubanks C.,5.0,119.0,1.04,13.0,1.05,15.04,1.05,15.39
2023-03-30,Miami Open,Quarterfinals,Hard,Khachanov K.,Cerundolo F.,16.0,31.0,1.36,3.2,1.41,3.18,1.41,3.25
2023-03-31,Miami Open,Semifinals,Hard,Medvedev D.,Khachanov K.,5.0,16.0,1.2,4.5,1.23,4.77,1.23,5.34
2023-03-31,Miami Open,Quarterfinals,Hard,Alcaraz C.,Fritz T.,1.0,10.0,1.22,4.33,1.26,4.28,1.26,4.59
2023-04-01,Miami Open,Semifinals,Hard,Sinner J.,Alcaraz C.,11.0,1.0,3.0,1.4,3.05,1.44,3.23,1.44
2023-04-02,Miami Open,The Final,Hard,Medvedev D.,Sinner J.,5.0,11.0,1.91,1.91,1.93,1.98,1.99,2.02
2023-04-03,U.S. Men's Clay Court Championships,1st Round,Clay,Kudla D.,Vukic A.,137.0,151.0,3.2,1.36,3.21,1.39,3.21,1.4
2023-04-03,U.S. Men's Clay Court Championships,1st Round,Clay,Brouwer G.,Kovacevic A.,123.0,101.0,1.91,1.91,1.8,2.11,1.91,2.11
2023-04-03,Grand Prix Hassan II,1st Round,Clay,Gaston H.,Struff J.L.,104.0,100.0,2.5,1.53,2.79,1.49,2.79,1.53
2023-04-03,Grand Prix Hassan II,1st Round,Clay,Passaro F.,Karatsev A.,115.0,124.0,2.1,1.73,2.21,1.74,2.21,1.8
2023-04-03,Grand Prix Hassan II,1st Round,Clay,Munar J.,Benchetrit E.,83.0,445.0,1.1,7.0,1.16,6.05,1.16,7.0
2023-04-03,Grand Prix Hassan II,1st Round,Clay,Popyrin A.,Lalami Laaroussi Y.,95.0,937.0,1.03,15.0,1.04,17.65,1.04,17.65
2023-04-03,Estoril Open,1st Round,Clay,Fognini F.,Giannessi A.,97.0,224.0,1.5,2.63,1.52,2.7,1.57,2.75
2023-04-03,Estoril Open,1st Round,Clay,Cecchinato M.,Schwartzman D.,96.0,36.0,3.2,1.36,3.17,1.4,3.45,1.41
2023-04-03,Estoril Open,1st Round,Clay,Cachin P.,Tseng C.H.,67.0,145.0,1.62,2.3,1.7,2.26,1.7,2.38
2023-04-03,Estoril Open,1st Round,Clay,Baez S.,Albot R.,32.0,106.0,1.14,5.5,1.14,6.54,1.15,6.54
2023-04-03,U.S. Men's Clay Court Championships,1st Round,Clay,Galan D.E.,Zhang Zh.,94.0,93.0,2.2,1.67,2.2,1.74,2.22,1.8
2023-04-04,Grand Prix Hassan II,1st Round,Clay,Vavassori A.,Jarry N.,201.0,59.0,3.2,1.36,3.37,1.36,3.37,1.42
2023-04-04,U.S. Men's Clay Court Championships,1st Round,Clay,Kubler J.,Verdasco F.,71.0,232.0,1.22,4.33,1.24,4.44,1.26,4.44
2023-04-04,U.S. Men's Clay Court Championships,1st Round,Clay,Johnson S.,Bagnis F.,152.0,113.0,2.63,1.5,2.72,1.51,2.72,1.57
2023-04-04,U.S. Men's Clay Court Championships,1st Round,Clay,Hanfmann Y.,Watanuki Y.,134.0,107.0,1.44,2.75,1.44,3.0,1.46,3.0
2023-04-04,U.S. Men's Clay Court Championships,1st Round,Clay,Wolf J.J.,Thompson J.,54.0,84.0,1.73,2.1,1.78,2.13,1.78,2.18
2023-04-04,U.S. Men's Clay Court Championships,1st Round,Clay,Etcheverry T.,Cerundolo J.M.,73.0,119.0,1.44,2.75,1.48,2.82,1.5,2.91
2023-04-04,U.S. Men's Clay Court Championships,1st Round,Clay,Giron M.,Gomez E.,69.0,99.0,1.36,3.2,1.39,3.23,1.39,3.4
2023-04-04,Grand Prix Hassan II,1st Round,Clay,Muller A.,Gasquet R.,126.0,42.0,2.2,1.67,2.18,1.76,2.25,1.77
2023-04-04,Grand Prix Hassan II,1st Round,Clay,O Connell C.,Bonadio R.,87.0,181.0,1.73,2.1,1.78,2.15,1.8,2.15
2023-04-04,Grand Prix Hassan II,1st Round,Clay,Ymer E.,Moundir A.,157.0,720.0,1.13,6.0,1.13,6.88,1.14,6.88
2023-04-04,Grand Prix Hassan II,1st Round,Clay,Kuzmanov D.,Grenier H.,207.0,129.0,1.53,2.5,1.6,2.45,1.6,2.5
2023-04-04,U.S. Men's Clay Court Championships,1st Round,Clay,Garin C.,Dellien H.,74.0,112.0,1.53,2.5,1.6,2.48,1.67,2.65
2023-04-04,Grand Prix Hassan II,1st Round,Clay,Carballes Baena R.,Cressy M.,82.0,38.0,1.53,2.5,1.52,2.69,1.59,2.71
2023-04-04,Grand Prix Hassan II,1st Round,Clay,Kotov P.,Martinez P.,114.0,125.0,2.0,1.8,2.01,1.88,2.05,1.89
2023-04-04,Estoril Open,1st Round,Clay,Kecmanovic M.,Nardi L.,40.0,161.0,1.29,3.75,1.32,3.64,1.33,3.75
2023-04-04,Estoril Open,1st Round,Clay,Zapata Miralles B.,Rocha H.,43.0,596.0,1.2,4.5,1.24,4.46,1.25,4.7
2023-04-04,Estoril Open,1st Round,Clay,Shelton B.,Lestienne C.,39.0,63.0,1.57,2.38,1.62,2.44,1.73,2.59
2023-04-04,Estoril Open,1st Round,Clay,Van Assche L.,Sousa P.,91.0,475.0,1.33,3.4,1.41,3.14,1.41,3.55
2023-04-04,Estoril Open,1st Round,Clay,Halys Q.,Borges N.,80.0,65.0,2.38,1.57,2.46,1.61,2.6,1.61
2023-04-04,Estoril Open,1st Round,Clay,Sousa J.,Zeppieri G.,147.0,121.0,2.5,1.53,2.42,1.63,2.5,1.63
2023-04-04,Estoril Open,1st Round,Clay,Rodionov J.,Ramos-Vinolas A.,120.0,52.0,3.5,1.3,3.22,1.39,3.53,1.4
2023-04-04,Estoril Open,1st Round,Clay,Thiem D.,Ofner S.,111.0,122.0,1.62,2.3,1.56,2.57,1.63,2.63
2023-04-05,U.S. Men's Clay Court Championships,1st Round,Clay,Machac T.,Sock J.,138.0,166.0,1.4,3.0,1.45,2.95,1.45,3.11
2023-04-05,Grand Prix Hassan II,1st Round,Clay,Bonzi B.,Vatutin A.,50.0,295.0,1.36,3.2,1.39,3.16,1.4,3.67
2023-04-05,Estoril Open,2nd Round,Clay,Baez S.,Cachin P.,32.0,67.0,1.36,3.2,1.41,3.15,1.42,3.5
2023-04-05,Estoril Open,2nd Round,Clay,Cecchinato M.,Fognini F.,96.0,97.0,2.38,1.57,2.67,1.54,2.67,1.63
2023-04-05,Estoril Open,2nd Round,Clay,Davidovich Fokina A.,Van Assche L.,24.0,91.0,1.4,3.0,1.38,3.35,1.44,3.35
2023-04-05,Estoril Open,2nd Round,Clay,Ruud C.,Sousa J.,5.0,147.0,1.11,6.5,1.12,7.69,1.13,7.69
2023-04-06,Estoril Open,2nd Round,Clay,Kecmanovic M.,Rodionov J.,40.0,120.0,1.36,3.2,1.36,3.46,1.4,3.5
2023-04-06,Estoril Open,2nd Round,Clay,Thiem D.,Shelton B.,111.0,39.0,1.67,2.2,1.74,2.22,1.77,2.25
2023-04-06,Estoril Open,2nd Round,Clay,Zapata Miralles B.,Hurkacz H.,43.0,12.0,3.0,1.4,3.08,1.43,3.15,1.46
2023-04-06,Grand Prix Hassan II,2nd Round,Clay,Muller A.,Passaro F.,126.0,115.0,1.57,2.38,1.51,2.74,1.58,2.75
2023-04-06,Estoril Open,2nd Round,Clay,Halys Q.,Bautista Agut R.,80.0,28.0,2.38,1.57,2.33,1.68,2.38,1.68
2023-04-06,Grand Prix Hassan II,2nd Round,Clay,Musetti L.,Gaston H.,21.0,104.0,1.57,2.38,1.5,2.71,1.57,2.76
2023-04-06,Grand Prix Hassan II,2nd Round,Clay,Evans D.,Popyrin A.,30.0,95.0,2.2,1.67,2.29,1.68,2.31,1.75
2023-04-06,Grand Prix Hassan II,2nd Round,Clay,Vavassori A.,Munar J.,201.0,83.0,2.63,1.5,2.59,1.56,2.75,1.58
2023-04-06,Grand Prix Hassan II,2nd Round,Clay,Kuzmanov D.,Carballes Baena R.,207.0,82.0,3.0,1.4,3.01,1.43,3.43,1.46
2023-04-06,Grand Prix Hassan II,2nd Round,Clay,O Connell C.,Van De Zandschulp B.,87.0,31.0,2.63,1.5,2.65,1.53,2.8,1.53
2023-04-06,Grand Prix Hassan II,2nd Round,Clay,Griekspoor T.,Ymer E.,35.0,157.0,1.25,4.0,1.27,4.1,1.27,4.1
2023-04-06,Grand Prix Hassan II,2nd Round,Clay,Kotov P.,Bonzi B.,114.0,50.0,2.38,1.57,2.5,1.59,2.52,1.62
2023-04-07,Grand Prix Hassan II,Quarterfinals,Clay,Kotov P.,O Connell C.,114.0,87.0,2.1,1.73,2.09,1.83,2.24,1.83
2023-04-07,Grand Prix Hassan II,Quarterfinals,Clay,Evans D.,Vavassori A.,30.0,201.0,1.62,2.3,1.74,2.23,1.76,2.32
2023-04-07,Grand Prix Hassan II,Quarterfinals,Clay,Carballes Baena R.,Griekspoor T.,82.0,35.0,2.38,1.57,2.63,1.55,2.63,1.66
2023-04-07,U.S. Men's Clay Court Championships,1st Round,Clay,Purcell M.,Altmaier D.,86.0,108.0,3.5,1.3,3.56,1.34,3.56,1.34
2023-04-07,Estoril Open,Quarterfinals,Clay,Cecchinato M.,Davidovich Fokina A.,96.0,24.0,4.33,1.22,4.67,1.23,4.67,1.26
2023-04-07,Estoril Open,Quarterfinals,Clay,Kecmanovic M.,Zapata Miralles B.,40.0,43.0,1.62,2.3,1.71,2.28,1.71,2.36
2023-04-07,Estoril Open,Quarterfinals,Clay,Halys Q.,Thiem D.,80.0,111.0,2.1,1.73,2.14,1.79,2.22,1.79
2023-04-07,Grand Prix Hassan II,Quarterfinals,Clay,Muller A.,Musetti L.,126.0,21.0,3.0,1.4,3.13,1.42,3.13,1.51
2023-04-07,Estoril Open,Quarterfinals,Clay,Ruud C.,Baez S.,5.0,32.0,1.44,2.75,1.44,3.02,1.45,3.15
2023-04-08,Grand Prix Hassan II,Semifinals,Clay,Muller A.,Kotov P.,126.0,114.0,1.53,2.5,1.56,2.59,1.62,2.61
2023-04-08,Grand Prix Hassan II,Semifinals,Clay,Carballes Baena R.,Evans D.,82.0,30.0,1.8,2.0,1.78,2.17,1.85,2.17
2023-04-08,U.S. Men's Clay Court Championships,2nd Round,Clay,Brouwer G.,Isner J.,123.0,46.0,2.5,1.53,2.65,1.55,2.65,1.59
2023-04-08,U.S. Men's Clay Court Championships,2nd Round,Clay,Wolf J.J.,Kudla D.,54.0,137.0,1.36,3.2,1.42,3.11,1.42,3.2
2023-04-08,U.S. Men's Clay Court Championships,2nd Round,Clay,Kubler J.,Galan D.E.,71.0,94.0,1.8,2.0,1.83,2.08,1.85,2.1
2023-04-08,U.S. Men's Clay Court Championships,2nd Round,Clay,Tiafoe F.,Johnson S.,15.0,152.0,1.17,5.0,1.21,5.05,1.22,5.07
2023-04-08,U.S. Men's Clay Court Championships,2nd Round,Clay,Garin C.,Bergs Z.,74.0,167.0,1.2,4.5,1.22,4.86,1.3,5.16
2023-04-08,Estoril Open,Semifinals,Clay,Ruud C.,Halys Q.,5.0,80.0,1.22,4.33,1.28,4.11,1.3,4.34
2023-04-08,U.S. Men's Clay Court Championships,2nd Round,Clay,Hanfmann Y.,Paul T.,134.0,18.0,2.5,1.53,2.87,1.48,2.87,1.53
2023-04-08,U.S. Men's Clay Court Championships,2nd Round,Clay,Etcheverry T.,Purcell M.,73.0,86.0,1.36,3.2,1.32,3.82,1.36,3.82
2023-04-08,U.S. Men's Clay Court Championships,Quarterfinals,Clay,Tiafoe F.,Kubler J.,15.0,71.0,1.4,3.0,1.35,3.45,1.44,3.54
2023-04-08,U.S. Men's Clay Court Championships,Quarterfinals,Clay,Brouwer G.,Wolf J.J.,123.0,54.0,2.63,1.5,2.67,1.53,2.75,1.53
2023-04-08,U.S. Men's Clay Court Championships,Quarterfinals,Clay,Etcheverry T.,Garin C.,73.0,74.0,2.2,1.67,2.14,1.78,2.2,1.8
2023-04-08,U.S. Men's Clay Court Championships,2nd Round,Clay,Machac T.,Giron M.,138.0,69.0,1.67,2.2,1.65,2.39,1.72,2.4
2023-04-08,Estoril Open,Semifinals,Clay,Kecmanovic M.,Cecchinato M.,40.0,96.0,1.3,3.5,1.37,3.4,1.37,3.53
2023-04-09,Monte Carlo Masters,1st Round,Clay,Munar J.,Huesler M.A.,83.0,60.0,1.53,2.5,1.55,2.6,1.55,2.63
2023-04-09,Monte Carlo Masters,1st Round,Clay,Hurkacz H.,Djere L.,13.0,62.0,1.5,2.63,1.56,2.56,1.62,2.63
2023-04-09,Monte Carlo Masters,1st Round,Clay,Jarry N.,Coric B.,58.0,20.0,2.0,1.8,2.01,1.88,2.1,1.94
2023-04-09,Grand Prix Hassan II,The Final,Clay,Carballes Baena R.,Muller A.,82.0,126.0,1.73,2.1,1.78,2.17,1.81,2.18
2023-04-09,U.S. Men's Clay Court Championships,Semifinals,Clay,Etcheverry T.,Hanfmann Y.,73.0,134.0,1.8,2.0,1.87,2.04,1.91,2.04
2023-04-09,Estoril Open,The Final,Clay,Ruud C.,Kecmanovic M.,5.0,40.0,1.44,2.75,1.43,3.05,1.47,3.12
2023-04-09,U.S. Men's Clay Court Championships,Quarterfinals,Clay,Hanfmann Y.,Machac T.,134.0,138.0,1.8,2.0,1.91,1.98,1.91,2.0
2023-04-09,U.S. Men's Clay Court Championships,Semifinals,Clay,Tiafoe F.,Brouwer G.,15.0,123.0,1.29,3.75,1.3,3.92,1.3,3.92
2023-04-09,U.S. Men's Clay Court Championships,The Final,Clay,Tiafoe F.,Etcheverry T.,15.0,73.0,1.4,3.0,1.43,3.03,1.43,3.23
2023-04-10,Monte Carlo Masters,1st Round,Clay,Gakhov I.,Mcdonald M.,198.0,52.0,2.38,1.57,2.8,1.49,2.8,1.64
2023-04-10,Monte Carlo Masters,1st Round,Clay,Thiem D.,Gasquet R.,106.0,43.0,1.57,2.38,1.58,2.52,1.63,2.68
2023-04-10,Monte Carlo Masters,1st Round,Clay,Bautista Agut R.,Krajinovic F.,29.0,78.0,1.5,2.63,1.5,2.77,1.53,2.83
2023-04-10,Monte Carlo Masters,1st Round,Clay,De Minaur A.,Murray A.,19.0,54.0,1.53,2.5,1.53,2.67,1.55,2.67
2023-04-10,Monte Carlo Masters,1st Round,Clay,Schwartzman D.,Goffin D.,37.0,85.0,1.62,2.3,1.7,2.27,1.7,2.45
2023-04-10,Monte Carlo Masters,1st Round,Clay,Berrettini M.,Cressy M.,22.0,40.0,1.22,4.33,1.22,4.72,1.25,4.76
2023-04-10,Monte Carlo Masters,1st Round,Clay,Draper J.,Baez S.,56.0,32.0,2.75,1.44,2.78,1.49,2.83,1.5
2023-04-10,Monte Carlo Masters,1st Round,Clay,Popyrin A.,Lajovic D.,94.0,69.0,2.75,1.44,3.03,1.43,3.03,1.44
2023-04-10,Monte Carlo Masters,1st Round,Clay,Cerundolo F.,Norrie C.,33.0,14.0,2.5,1.53,2.46,1.61,2.51,1.61
2023-04-10,Monte Carlo Masters,1st Round,Clay,Bonzi B.,Zapata Miralles B.,48.0,41.0,2.75,1.44,2.77,1.5,2.91,1.5
2023-04-10,Monte Carlo Masters,1st Round,Clay,Wawrinka S.,Griekspoor T.,90.0,35.0,2.0,1.8,1.88,2.0,2.03,2.0
2023-04-10,Monte Carlo Masters,1st Round,Clay,Van De Zandschulp B.,Fucsovics M.,31.0,73.0,2.2,1.67,2.18,1.75,2.35,1.75
2023-04-10,Monte Carlo Masters,1st Round,Clay,Struff J.L.,Ramos-Vinolas A.,100.0,50.0,1.57,2.38,1.63,2.42,1.63,2.52
2023-04-11,Monte Carlo Masters,2nd Round,Clay,Tsitsipas S.,Bonzi B.,3.0,48.0,1.17,5.0,1.14,6.9,1.18,6.9
2023-04-11,Monte Carlo Masters,2nd Round,Clay,Hurkacz H.,Draper J.,13.0,56.0,1.57,2.38,1.61,2.49,1.67,2.51
2023-04-11,Monte Carlo Masters,2nd Round,Clay,Djokovic N.,Gakhov I.,1.0,198.0,1.02,19.0,1.02,26.9,1.03,26.9
2023-04-11,Monte Carlo Masters,2nd Round,Clay,Rublev A.,Munar J.,6.0,83.0,1.2,4.5,1.2,5.31,1.28,5.36
2023-04-11,Monte Carlo Masters,1st Round,Clay,Ivashka I.,Evans D.,74.0,28.0,1.67,2.2,1.63,2.41,1.72,2.42
2023-04-11,Monte Carlo Masters,1st Round,Clay,Musetti L.,Kecmanovic M.,21.0,34.0,1.8,2.0,1.85,2.04,1.96,2.1
2023-04-11,Monte Carlo Masters,1st Round,Clay,Nardi L.,Vacherot V.,159.0,357.0,1.29,3.75,1.27,4.12,1.3,4.12
2023-04-11,Monte Carlo Masters,1st Round,Clay,Zverev A.,Bublik A.,16.0,53.0,1.14,5.5,1.16,5.99,1.2,5.99
2023-04-11,Monte Carlo Masters,1st Round,Clay,Sonego L.,Humbert U.,45.0,79.0,1.5,2.63,1.5,2.78,1.53,2.78
2023-04-11,Monte Carlo Masters,1st Round,Clay,Dimitrov G.,Shelton B.,25.0,39.0,1.2,4.5,1.22,4.75,1.25,5.0
2023-04-11,Monte Carlo Masters,1st Round,Clay,Lehecka J.,Ruusuvuori E.,42.0,38.0,1.57,2.38,1.57,2.54,1.6,2.54
2023-04-11,Monte Carlo Masters,1st Round,Clay,Khachanov K.,Davidovich Fokina A.,12.0,24.0,1.91,1.91,1.82,2.09,1.92,2.23
2023-04-12,Monte Carlo Masters,2nd Round,Clay,Khachanov K.,Ivashka I.,12.0,74.0,1.22,4.33,1.24,4.53,1.28,4.53
2023-04-12,Monte Carlo Masters,2nd Round,Clay,Berrettini M.,Cerundolo F.,22.0,33.0,1.8,2.0,1.88,2.04,1.88,2.1
2023-04-12,Monte Carlo Masters,2nd Round,Clay,Rune H.,Thiem D.,9.0,106.0,1.44,2.75,1.51,2.75,1.51,2.85
2023-04-12,Monte Carlo Masters,2nd Round,Clay,Fritz T.,Wawrinka S.,10.0,90.0,1.5,2.63,1.53,2.69,1.53,2.8
2023-04-12,Monte Carlo Masters,2nd Round,Clay,Medvedev D.,Sonego L.,5.0,45.0,1.33,3.4,1.34,3.62,1.36,3.62
2023-04-12,Monte Carlo Masters,2nd Round,Clay,Sinner J.,Schwartzman D.,8.0,37.0,1.11,6.5,1.14,7.54,1.17,7.54
2023-04-12,Monte Carlo Masters,2nd Round,Clay,Struff J.L.,De Minaur A.,100.0,19.0,2.38,1.57,2.55,1.58,2.55,1.62
2023-04-12,Monte Carlo Masters,2nd Round,Clay,Musetti L.,Nardi L.,21.0,159.0,1.2,4.5,1.22,4.92,1.23,4.92
2023-04-12,Monte Carlo Masters,2nd Round,Clay,Lehecka J.,Dimitrov G.,42.0,25.0,2.1,1.73,2.18,1.76,2.3,1.76
2023-04-12,Monte Carlo Masters,2nd Round,Clay,Ruud C.,Van De Zandschulp B.,4.0,31.0,1.2,4.5,1.23,4.55,1.25,4.73
2023-04-12,Monte Carlo Masters,2nd Round,Clay,Jarry N.,Popyrin A.,58.0,94.0,1.33,3.4,1.41,3.18,1.44,3.4
2023-04-12,Monte Carlo Masters,2nd Round,Clay,Zverev A.,Bautista Agut R.,16.0,29.0,1.4,3.0,1.42,3.13,1.44,3.2
2023-04-13,Monte Carlo Masters,3rd Round,Clay,Rune H.,Berrettini M.,9.0,22.0,1.44,2.75,1.46,2.9,1.45,2.9
2023-04-13,Monte Carlo Masters,3rd Round,Clay,Musetti L.,Djokovic N.,21.0,1.0,5.0,1.17,5.72,1.18,5.85,1.18
2023-04-13,Monte Carlo Masters,3rd Round,Clay,Fritz T.,Lehecka J.,10.0,42.0,1.62,2.3,1.68,2.33,1.71,2.38
2023-04-13,Monte Carlo Masters,3rd Round,Clay,Medvedev D.,Zverev A.,5.0,16.0,1.57,2.38,1.63,2.42,1.64,2.61
2023-04-13,Monte Carlo Masters,3rd Round,Clay,Rublev A.,Khachanov K.,6.0,12.0,1.91,1.91,1.86,2.05,1.92,2.05
2023-04-13,Monte Carlo Masters,3rd Round,Clay,Struff J.L.,Ruud C.,100.0,4.0,3.5,1.3,3.62,1.34,3.62,1.34
2023-04-13,Monte Carlo Masters,3rd Round,Clay,Sinner J.,Hurkacz H.,8.0,13.0,1.22,4.33,1.24,4.64,1.26,4.73
2023-04-13,Monte Carlo Masters,3rd Round,Clay,Tsitsipas S.,Jarry N.,3.0,58.0,1.25,4.0,1.29,4.0,1.3,4.0
2023-04-14,Monte Carlo Masters,Quarterfinals,Clay,Rublev A.,Struff J.L.,6.0,100.0,1.4,3.0,1.46,2.95,1.46,3.02
2023-04-14,Monte Carlo Masters,Quarterfinals,Clay,Fritz T.,Tsitsipas S.,10.0,3.0,3.4,1.33,3.49,1.35,3.66,1.36
2023-04-14,Monte Carlo Masters,Quarterfinals,Clay,Rune H.,Medvedev D.,9.0,5.0,1.73,2.1,1.78,2.17,1.78,2.25
2023-04-14,Monte Carlo Masters,Quarterfinals,Clay,Sinner J.,Musetti L.,8.0,21.0,1.33,3.4,1.3,3.89,1.34,3.89
2023-04-15,Monte Carlo Masters,Semifinals,Clay,Rune H.,Sinner J.,9.0,8.0,2.5,1.53,2.5,1.6,2.65,1.6
2023-04-15,Monte Carlo Masters,Semifinals,Clay,Rublev A.,Fritz T.,6.0,10.0,1.91,1.91,1.94,1.96,2.0,2.03
2023-04-16,Monte Carlo Masters,The Final,Clay,Rublev A.,Rune H.,6.0,9.0,2.5,1.53,2.55,1.58,2.63,1.64
2023-04-17,BMW Open,1st Round,Clay,Giron M.,Carballes Baena R.,68.0,53.0,2.75,1.44,2.79,1.49,2.9,1.49
2023-04-17,BMW Open,1st Round,Clay,Cobolli F.,Thompson J.,208.0,91.0,1.62,2.3,1.73,2.22,1.73,2.4
2023-04-17,BMW Open,1st Round,Clay,Hanfmann Y.,Monteiro T.,112.0,89.0,1.53,2.5,1.58,2.53,1.58,2.63
2023-04-17,Srpska Open,1st Round,Clay,Molcan A.,Daniel T.,73.0,100.0,2.1,1.73,2.11,1.8,2.2,1.83
2023-04-17,Barcelona Open,1st Round,Clay,Kovalik J.,Martinez P.,155.0,136.0,2.5,1.53,2.43,1.62,2.6,1.62
2023-04-17,Barcelona Open,1st Round,Clay,Kotov P.,Krutykh O.,108.0,180.0,1.5,2.63,1.55,2.62,1.58,2.64
2023-04-17,Barcelona Open,1st Round,Clay,Borges N.,Ivashka I.,79.0,61.0,2.38,1.57,2.42,1.63,2.5,1.64
2023-04-17,Barcelona Open,1st Round,Clay,Etcheverry T.,Andujar P.,59.0,323.0,1.13,6.0,1.14,6.62,1.22,7.0
2023-04-17,Srpska Open,1st Round,Clay,Van Assche L.,Wawrinka S.,87.0,84.0,2.2,1.67,2.2,1.74,2.44,1.74
2023-04-17,Barcelona Open,1st Round,Clay,Shelton B.,Mcdonald M.,37.0,54.0,2.1,1.73,2.28,1.69,2.31,1.8
2023-04-17,Barcelona Open,1st Round,Clay,Zapata Miralles B.,Balazs A.,41.0,745.0,1.02,19.0,1.04,15.68,1.04,25.56
2023-04-17,Barcelona Open,1st Round,Clay,Jarry N.,Trungelliti M.,51.0,240.0,1.22,4.33,1.22,4.78,1.23,5.0
2023-04-17,Barcelona Open,1st Round,Clay,Ruusuvuori E.,Bublik A.,40.0,55.0,1.44,2.75,1.46,2.9,1.47,3.0
2023-04-17,Srpska Open,1st Round,Clay,Popyrin A.,Griekspoor T.,81.0,34.0,2.5,1.53,2.48,1.6,2.56,1.62
2023-04-18,BMW Open,1st Round,Clay,Otte O.,Baez S.,94.0,30.0,2.75,1.44,2.97,1.44,3.01,1.46
2023-04-18,BMW Open,1st Round,Clay,Huesler M.A.,Edmund K.,63.0,509.0,1.36,3.2,1.4,3.17,1.42,3.27
2023-04-18,BMW Open,1st Round,Clay,O Connell C.,Humbert U.,82.0,72.0,1.91,1.91,1.93,1.96,2.1,1.96
2023-04-18,BMW Open,1st Round,Clay,Ritschard A.,Struff J.L.,209.0,64.0,6.0,1.13,6.97,1.13,7.09,1.13
2023-04-18,BMW Open,1st Round,Clay,Sonego L.,Halys Q.,45.0,65.0,1.73,2.1,1.78,2.14,1.8,2.14
2023-04-18,Srpska Open,1st Round,Clay,Lajovic D.,Krajinovic F.,70.0,74.0,1.67,2.2,1.75,2.19,1.75,2.2
2023-04-18,Srpska Open,1st Round,Clay,Gasquet R.,Prizmic D.,42.0,342.0,1.67,2.2,1.79,2.13,1.86,2.25
2023-04-18,Srpska Open,1st Round,Clay,Albot R.,Coria F.,110.0,76.0,2.1,1.73,2.0,1.89,2.1,1.89
2023-04-18,Srpska Open,1st Round,Clay,Djere L.,Safiullin R.,78.0,106.0,1.3,3.5,1.32,3.68,1.34,3.68
2023-04-18,Srpska Open,1st Round,Clay,Shelbayh A.,Ymer E.,267.0,139.0,2.63,1.5,2.53,1.58,2.63,1.62
2023-04-18,BMW Open,1st Round,Clay,Thiem D.,Lestienne C.,101.0,60.0,1.22,4.33,1.22,4.71,1.25,5.1
2023-04-18,BMW Open,1st Round,Clay,Fucsovics M.,Rehberg M.,75.0,412.0,1.07,9.0,1.09,9.47,1.09,9.5
2023-04-18,BMW Open,1st Round,Clay,Garin C.,Topo M.,86.0,478.0,1.13,6.0,1.14,6.77,1.15,6.77
2023-04-18,Barcelona Open,2nd Round,Clay,Ruud C.,Shelton B.,3.0,37.0,1.14,5.5,1.15,6.31,1.17,6.31
2023-04-18,Barcelona Open,1st Round,Clay,Shevchenko A.,Giustino L.,98.0,223.0,1.33,3.4,1.3,3.87,1.34,4.16
2023-04-18,Barcelona Open,1st Round,Clay,Schwartzman D.,Wu Y.,48.0,56.0,1.44,2.75,1.54,2.63,1.54,2.8
2023-04-18,Barcelona Open,1st Round,Clay,Arnaldi M.,Munar J.,105.0,83.0,2.75,1.44,2.62,1.54,2.96,1.54
2023-04-18,Barcelona Open,1st Round,Clay,Gomez E.,Ramos-Vinolas A.,120.0,58.0,5.5,1.14,5.67,1.17,5.8,1.2
2023-04-18,Barcelona Open,1st Round,Clay,Goffin D.,Lopez F.,99.0,593.0,1.14,5.5,1.19,5.34,1.19,6.0
2023-04-18,Barcelona Open,1st Round,Clay,Cachin P.,Brouwer G.,69.0,121.0,1.53,2.5,1.56,2.57,1.58,2.72
2023-04-18,Barcelona Open,1st Round,Clay,Kubler J.,Rincon D.,66.0,300.0,1.3,3.5,1.32,3.68,1.33,3.94
2023-04-18,Barcelona Open,2nd Round,Clay,Davidovich Fokina A.,Etcheverry T.,38.0,59.0,1.57,2.38,1.69,2.29,1.7,2.4
2023-04-18,Barcelona Open,2nd Round,Clay,Ruusuvuori E.,Tiafoe F.,40.0,12.0,2.5,1.53,2.61,1.55,2.61,1.58
2023-04-18,Barcelona Open,2nd Round,Clay,Bautista Agut R.,Zapata Miralles B.,25.0,41.0,1.67,2.2,1.68,2.32,1.69,2.4
2023-04-18,Barcelona Open,2nd Round,Clay,Alcaraz C.,Borges N.,2.0,79.0,1.05,11.0,1.04,17.63,1.05,17.63
2023-04-18,Barcelona Open,1st Round,Clay,Passaro F.,Verdasco F.,125.0,244.0,1.33,3.4,1.35,3.45,1.41,3.45
2023-04-19,Barcelona Open,2nd Round,Clay,Shapovalov D.,Kovalik J.,28.0,155.0,1.29,3.75,1.31,3.74,1.31,4.0
2023-04-19,Srpska Open,1st Round,Clay,Barrere G.,Medjedovic H.,57.0,212.0,2.2,1.67,2.25,1.71,2.25,1.75
2023-04-19,Srpska Open,2nd Round,Clay,Molcan A.,Popyrin A.,73.0,81.0,1.8,2.0,1.83,2.1,1.86,2.18
2023-04-19,Srpska Open,1st Round,Clay,Lehecka J.,Monfils G.,36.0,322.0,1.17,5.0,1.18,5.6,1.19,5.67
2023-04-19,Srpska Open,2nd Round,Clay,Djere L.,Coric B.,78.0,21.0,1.67,2.2,1.68,2.32,1.73,2.36
2023-04-19,Srpska Open,2nd Round,Clay,Djokovic N.,Van Assche L.,1.0,87.0,1.06,10.0,1.07,11.48,1.07,11.48
2023-04-19,Barcelona Open,2nd Round,Clay,Dimitrov G.,Gomez E.,31.0,120.0,1.07,9.0,1.09,9.68,1.09,10.2
2023-04-19,Barcelona Open,2nd Round,Clay,Cerundolo F.,Passaro F.,32.0,125.0,1.3,3.5,1.35,3.49,1.37,3.58
2023-04-19,Srpska Open,1st Round,Clay,Varillas J. P.,Gaston H.,92.0,107.0,1.62,2.3,1.68,2.32,1.7,2.4
2023-04-19,Barcelona Open,2nd Round,Clay,Sinner J.,Schwartzman D.,8.0,48.0,1.08,8.0,1.09,9.13,1.09,9.7
2023-04-19,Barcelona Open,2nd Round,Clay,Khachanov K.,Jarry N.,11.0,51.0,1.5,2.63,1.5,2.76,1.57,2.83
2023-04-19,Barcelona Open,2nd Round,Clay,De Minaur A.,Shevchenko A.,19.0,98.0,1.44,2.75,1.51,2.72,1.52,2.97
2023-04-19,Barcelona Open,2nd Round,Clay,Tsitsipas S.,Cachin P.,5.0,69.0,1.08,8.0,1.11,7.91,1.12,8.69
2023-04-19,Barcelona Open,2nd Round,Clay,Evans D.,Arnaldi M.,26.0,105.0,2.1,1.73,2.11,1.8,2.22,1.94
2023-04-19,Barcelona Open,2nd Round,Clay,Musetti L.,Kubler J.,20.0,66.0,1.22,4.33,1.27,4.13,1.29,4.33
2023-04-19,Barcelona Open,2nd Round,Clay,Nishioka Y.,Goffin D.,35.0,99.0,2.3,1.62,2.47,1.6,2.5,1.63
2023-04-19,Srpska Open,1st Round,Clay,Dzumhur D.,Broady L.,202.0,132.0,2.2,1.67,2.2,1.74,2.22,1.8
2023-04-19,Barcelona Open,2nd Round,Clay,Norrie C.,Kotov P.,13.0,108.0,1.25,4.0,1.26,4.26,1.27,4.4
2023-04-20,BMW Open,2nd Round,Clay,Rune H.,Hanfmann Y.,7.0,112.0,1.29,3.75,1.32,3.76,1.32,4.33
2023-04-20,BMW Open,2nd Round,Clay,Van De Zandschulp B.,Karatsev A.,29.0,129.0,1.44,2.75,1.48,2.84,1.5,2.85
2023-04-20,BMW Open,2nd Round,Clay,Fritz T.,Fucsovics M.,10.0,75.0,1.3,3.5,1.36,3.49,1.36,3.5
2023-04-20,Barcelona Open,3rd Round,Clay,De Minaur A.,Dimitrov G.,19.0,31.0,2.0,1.8,2.18,1.77,2.18,1.82
2023-04-20,Barcelona Open,3rd Round,Clay,Sinner J.,Nishioka Y.,8.0,35.0,1.05,11.0,1.06,14.0,1.06,14.7
2023-04-20,Barcelona Open,3rd Round,Clay,Davidovich Fokina A.,Ruusuvuori E.,38.0,40.0,1.4,3.0,1.46,2.96,1.48,3.0
2023-04-20,Barcelona Open,3rd Round,Clay,Tsitsipas S.,Shapovalov D.,5.0,28.0,1.2,4.5,1.24,4.56,1.26,5.0
2023-04-20,Barcelona Open,3rd Round,Clay,Musetti L.,Norrie C.,20.0,13.0,1.91,1.91,2.0,1.9,2.0,1.95
2023-04-20,BMW Open,1st Round,Clay,Karatsev A.,Altmaier D.,129.0,93.0,2.0,1.8,2.17,1.76,2.24,1.85
2023-04-20,BMW Open,2nd Round,Clay,Cobolli F.,Otte O.,208.0,94.0,2.75,1.44,2.56,1.58,2.78,1.58
2023-04-20,BMW Open,2nd Round,Clay,Giron M.,Ritschard A.,68.0,209.0,1.44,2.75,1.53,2.68,1.55,2.78
2023-04-20,Barcelona Open,3rd Round,Clay,Alcaraz C.,Bautista Agut R.,2.0,25.0,1.06,10.0,1.07,11.88,1.09,12.4
2023-04-20,BMW Open,2nd Round,Clay,O Connell C.,Zverev A.,82.0,16.0,5.5,1.14,5.57,1.18,5.75,1.18
2023-04-20,Srpska Open,2nd Round,Clay,Lehecka J.,Albot R.,36.0,110.0,1.22,4.33,1.25,4.46,1.28,4.51
2023-04-20,Srpska Open,2nd Round,Clay,Rublev A.,Varillas J. P.,6.0,92.0,1.17,5.0,1.22,4.84,1.22,5.25
2023-04-20,Srpska Open,2nd Round,Clay,Dzumhur D.,Gasquet R.,202.0,42.0,2.75,1.44,3.06,1.43,3.06,1.47
2023-04-20,Srpska Open,2nd Round,Clay,Kecmanovic M.,Shelbayh A.,33.0,267.0,1.2,4.5,1.22,4.87,1.25,4.87
2023-04-20,Srpska Open,2nd Round,Clay,Lajovic D.,Barrere G.,70.0,57.0,1.36,3.2,1.34,3.56,1.39,3.56
2023-04-20,Barcelona Open,3rd Round,Clay,Evans D.,Khachanov K.,26.0,11.0,4.0,1.25,4.21,1.27,4.3,1.32
2023-04-20,Barcelona Open,3rd Round,Clay,Cerundolo F.,Ruud C.,32.0,3.0,2.75,1.44,2.89,1.47,3.08,1.49
2023-04-20,BMW Open,2nd Round,Clay,Garin C.,Sonego L.,86.0,45.0,1.8,2.0,1.85,2.07,1.85,2.15
2023-04-21,BMW Open,Quarterfinals,Clay,O Connell C.,Cobolli F.,82.0,208.0,1.44,2.75,1.52,2.73,1.52,2.85
2023-04-21,BMW Open,2nd Round,Clay,Thiem D.,Huesler M.A.,101.0,63.0,1.33,3.4,1.39,3.3,1.39,3.4
2023-04-21,BMW Open,Quarterfinals,Clay,Van De Zandschulp B.,Giron M.,29.0,68.0,1.4,3.0,1.42,3.11,1.45,3.15
2023-04-21,BMW Open,Quarterfinals,Clay,Fritz T.,Thiem D.,10.0,101.0,1.53,2.5,1.45,2.96,1.54,3.03
2023-04-21,BMW Open,Quarterfinals,Clay,Rune H.,Garin C.,7.0,86.0,1.25,4.0,1.29,4.05,1.32,4.05
2023-04-21,Srpska Open,Quarterfinals,Clay,Molcan A.,Djere L.,73.0,78.0,2.5,1.53,2.36,1.67,2.51,1.67
2023-04-21,Barcelona Open,Quarterfinals,Clay,Tsitsipas S.,De Minaur A.,5.0,19.0,1.22,4.33,1.27,4.26,1.27,4.6
2023-04-21,Srpska Open,Quarterfinals,Clay,Kecmanovic M.,Lehecka J.,33.0,36.0,3.0,1.4,3.09,1.43,3.09,1.46
2023-04-21,Srpska Open,Quarterfinals,Clay,Lajovic D.,Djokovic N.,70.0,1.0,8.0,1.08,8.11,1.11,8.75,1.14
2023-04-21,Srpska Open,Quarterfinals,Clay,Rublev A.,Dzumhur D.,6.0,202.0,1.06,10.0,1.07,11.71,1.09,11.71
2023-04-21,Barcelona Open,Quarterfinals,Clay,Evans D.,Cerundolo F.,26.0,32.0,3.4,1.33,3.2,1.4,3.43,1.4
2023-04-21,Barcelona Open,Quarterfinals,Clay,Alcaraz C.,Davidovich Fokina A.,2.0,38.0,1.08,8.0,1.11,8.38,1.12,9.33
2023-04-21,Barcelona Open,Quarterfinals,Clay,Musetti L.,Sinner J.,20.0,8.0,3.2,1.36,3.3,1.39,3.6,1.4
2023-04-22,Srpska Open,Semifinals,Clay,Lajovic D.,Kecmanovic M.,70.0,33.0,2.2,1.67,2.2,1.75,2.2,1.76
2023-04-22,Srpska Open,Semifinals,Clay,Rublev A.,Molcan A.,6.0,73.0,1.17,5.0,1.23,4.67,1.25,5.0
2023-04-22,Barcelona Open,Semifinals,Clay,Alcaraz C.,Evans D.,2.0,26.0,1.05,11.0,1.06,12.62,1.11,12.62
2023-04-22,Barcelona Open,Semifinals,Clay,Tsitsipas S.,Musetti L.,5.0,20.0,1.33,3.4,1.41,3.17,1.41,3.4
2023-04-22,BMW Open,Semifinals,Clay,Van De Zandschulp B.,Fritz T.,29.0,10.0,2.75,1.44,2.79,1.5,2.8,1.73
2023-04-22,BMW Open,Semifinals,Clay,Rune H.,O Connell C.,7.0,82.0,1.2,4.5,1.18,5.62,1.21,5.62
2023-04-23,BMW Open,The Final,Clay,Rune H.,Van De Zandschulp B.,7.0,29.0,1.25,4.0,1.26,4.48,1.29,4.48
2023-04-23,Srpska Open,The Final,Clay,Lajovic D.,Rublev A.,70.0,6.0,4.0,1.25,4.19,1.27,4.25,1.3
2023-04-23,Barcelona Open,The Final,Clay,Alcaraz C.,Tsitsipas S.,2.0,5.0,1.25,4.0,1.22,4.9,1.31,4.9
2023-04-26,Mutua Madrid Open,1st Round,Clay,Monteiro T.,Gojo B.,97.0,110.0,1.91,1.91,2.0,1.89,2.02,2.0
2023-04-26,Mutua Madrid Open,1st Round,Clay,Munar J.,Kokkinakis T.,88.0,111.0,1.8,2.0,1.81,2.1,1.92,2.12
2023-04-26,Mutua Madrid Open,1st Round,Clay,Ruusuvuori E.,Humbert U.,41.0,77.0,1.5,2.63,1.53,2.66,1.56,2.85
2023-04-26,Mutua Madrid Open,1st Round,Clay,Arnaldi M.,Paire B.,105.0,161.0,1.53,2.5,1.57,2.55,1.58,2.9
2023-04-26,Mutua Madrid Open,1st Round,Clay,Otte O.,Kotov P.,98.0,101.0,1.73,2.1,1.79,2.09,1.79,2.2
2023-04-26,Mutua Madrid Open,1st Round,Clay,Gasquet R.,Landaluce M.,43.0,894.0,1.14,5.5,1.16,6.07,1.17,6.1
2023-04-26,Mutua Madrid Open,1st Round,Clay,Wawrinka S.,Cressy M.,84.0,39.0,1.44,2.75,1.45,2.94,1.45,3.16
2023-04-26,Mutua Madrid Open,1st Round,Clay,Grenier H.,Schwartzman D.,128.0,72.0,4.0,1.25,3.96,1.29,4.0,1.3
2023-04-26,Mutua Madrid Open,1st Round,Clay,Carballes Baena R.,Goffin D.,53.0,95.0,1.5,2.63,1.6,2.49,1.6,2.69
2023-04-26,Mutua Madrid Open,1st Round,Clay,Ramos-Vinolas A.,Ivashka I.,60.0,69.0,2.2,1.67,2.36,1.65,2.48,1.7
2023-04-26,Mutua Madrid Open,1st Round,Clay,Gaston H.,Chardy J.,106.0,635.0,1.3,3.5,1.36,3.43,1.4,3.5
2023-04-26,Mutua Madrid Open,1st Round,Clay,Barrere G.,Nava E.,56.0,173.0,1.53,2.5,1.56,2.57,1.58,2.75
2023-04-26,Mutua Madrid Open,1st Round,Clay,Hanfmann Y.,Varillas J. P.,108.0,87.0,1.44,2.75,1.46,2.9,1.6,3.03
2023-04-26,Mutua Madrid Open,1st Round,Clay,Halys Q.,Popyrin A.,66.0,75.0,1.67,2.2,1.74,2.2,1.77,2.3
2023-04-26,Mutua Madrid Open,1st Round,Clay,Bublik A.,Galan D.E.,55.0,100.0,1.8,2.0,1.93,1.95,1.93,2.0
2023-04-26,Mutua Madrid Open,1st Round,Clay,Molcan A.,Wu Y.,58.0,57.0,1.4,3.0,1.44,2.99,1.46,3.3
2023-04-27,Mutua Madrid Open,1st Round,Clay,Karatsev A.,Djere L.,121.0,70.0,2.3,1.62,2.33,1.67,2.38,1.68
2023-04-27,Mutua Madrid Open,1st Round,Clay,Zapata Miralles B.,Mcdonald M.,42.0,54.0,1.57,2.38,1.63,2.42,1.65,2.45
2023-04-27,Mutua Madrid Open,1st Round,Clay,Lajovic D.,Kubler J.,40.0,63.0,1.53,2.5,1.57,2.54,1.65,2.66
2023-04-27,Mutua Madrid Open,1st Round,Clay,Vavassori A.,Murray A.,164.0,52.0,2.3,1.62,2.3,1.68,2.51,1.72
2023-04-27,Mutua Madrid Open,1st Round,Clay,O Connell C.,Krajinovic F.,81.0,79.0,1.67,2.2,1.81,2.11,1.82,2.23
2023-04-27,Mutua Madrid Open,1st Round,Clay,Giron M.,Borges N.,61.0,74.0,2.1,1.73,2.1,1.81,2.29,1.85
2023-04-27,Mutua Madrid Open,1st Round,Clay,Struff J.L.,Sonego L.,65.0,47.0,2.1,1.73,2.09,1.82,2.35,1.82
2023-04-27,Mutua Madrid Open,1st Round,Clay,Cecchinato M.,Fucsovics M.,85.0,83.0,2.38,1.57,2.59,1.56,2.59,1.59
2023-04-27,Mutua Madrid Open,1st Round,Clay,Garin C.,Huesler M.A.,73.0,76.0,1.29,3.75,1.39,3.25,1.4,3.75
2023-04-27,Mutua Madrid Open,1st Round,Clay,Watanuki Y.,Moutet C.,117.0,64.0,1.5,2.63,1.53,2.65,1.57,2.65
2023-04-27,Mutua Madrid Open,1st Round,Clay,Zhang Zh.,Rodionov J.,99.0,119.0,2.1,1.73,2.21,1.74,2.26,1.76
2023-04-27,Mutua Madrid Open,1st Round,Clay,Thiem D.,Edmund K.,93.0,498.0,1.14,5.5,1.18,5.49,1.22,5.55
2023-04-27,Mutua Madrid Open,1st Round,Clay,Safiullin R.,Jarry N.,112.0,51.0,3.2,1.36,3.19,1.4,3.38,1.4
2023-04-27,Mutua Madrid Open,1st Round,Clay,Shevchenko A.,Wolf J.J.,96.0,49.0,1.53,2.5,1.68,2.31,1.69,2.5
2023-04-27,Mutua Madrid Open,1st Round,Clay,Etcheverry T.,Mannarino A.,59.0,46.0,1.2,4.5,1.27,4.13,1.31,4.54
2023-04-27,Mutua Madrid Open,1st Round,Clay,Cachin P.,Shelbayh A.,67.0,243.0,1.4,3.0,1.52,2.69,1.56,3.0
2023-04-28,Mutua Madrid Open,2nd Round,Clay,Bautista Agut R.,Halys Q.,25.0,66.0,1.67,2.2,1.84,2.08,1.84,2.2
2023-04-28,Mutua Madrid Open,2nd Round,Clay,Zverev A.,Carballes Baena R.,16.0,53.0,1.22,4.33,1.3,3.87,1.3,4.58
2023-04-28,Mutua Madrid Open,2nd Round,Clay,Davidovich Fokina A.,Ramos-Vinolas A.,35.0,60.0,1.2,4.5,1.19,5.5,1.23,5.5
2023-04-28,Mutua Madrid Open,2nd Round,Clay,Rune H.,Bublik A.,7.0,55.0,1.13,6.0,1.17,5.98,1.19,6.05
2023-04-28,Mutua Madrid Open,2nd Round,Clay,Hurkacz H.,Gasquet R.,15.0,43.0,1.25,4.0,1.27,4.24,1.27,4.34
2023-04-28,Mutua Madrid Open,2nd Round,Clay,Grenier H.,Korda S.,128.0,28.0,3.4,1.33,3.46,1.34,3.6,1.38
2023-04-28,Mutua Madrid Open,2nd Round,Clay,Coric B.,Gaston H.,20.0,106.0,1.44,2.75,1.48,2.86,1.5,2.9
2023-04-28,Mutua Madrid Open,2nd Round,Clay,Alcaraz C.,Ruusuvuori E.,2.0,41.0,1.04,13.0,1.04,16.71,1.05,17.8
2023-04-28,Mutua Madrid Open,2nd Round,Clay,Altmaier D.,Otte O.,92.0,98.0,2.0,1.8,2.04,1.87,2.05,1.96
2023-04-28,Mutua Madrid Open,2nd Round,Clay,Dimitrov G.,Barrere G.,32.0,56.0,1.17,5.0,1.23,4.72,1.23,5.25
2023-04-28,Mutua Madrid Open,2nd Round,Clay,Rublev A.,Wawrinka S.,6.0,84.0,1.29,3.75,1.32,3.75,1.33,4.0
2023-04-28,Mutua Madrid Open,2nd Round,Clay,Hanfmann Y.,Musetti L.,108.0,18.0,3.0,1.4,2.98,1.45,3.0,1.5
2023-04-28,Mutua Madrid Open,2nd Round,Clay,Nishioka Y.,Molcan A.,34.0,58.0,2.38,1.57,2.58,1.57,2.58,1.63
2023-04-28,Mutua Madrid Open,2nd Round,Clay,Munar J.,Griekspoor T.,88.0,36.0,2.0,1.8,2.05,1.87,2.12,1.9
2023-04-28,Mutua Madrid Open,2nd Round,Clay,Arnaldi M.,Ruud C.,105.0,4.0,5.0,1.17,5.21,1.2,5.21,1.22
2023-04-28,Mutua Madrid Open,2nd Round,Clay,Khachanov K.,Monteiro T.,12.0,97.0,1.25,4.0,1.27,4.31,1.28,4.31
2023-04-29,Mutua Madrid Open,2nd Round,Clay,Fritz T.,O Connell C.,10.0,81.0,1.3,3.5,1.29,4.01,1.31,4.01
2023-04-29,Mutua Madrid Open,2nd Round,Clay,Zhang Zh.,Shapovalov D.,99.0,27.0,2.75,1.44,2.9,1.47,2.95,1.49
2023-04-29,Mutua Madrid Open,2nd Round,Clay,Norrie C.,Watanuki Y.,13.0,117.0,1.25,4.0,1.24,4.57,1.28,4.57
2023-04-29,Mutua Madrid Open,2nd Round,Clay,Cachin P.,Cerundolo F.,67.0,30.0,3.5,1.3,3.44,1.36,3.6,1.37
2023-04-29,Mutua Madrid Open,2nd Round,Clay,Garin C.,Kecmanovic M.,73.0,33.0,1.91,1.91,1.88,2.04,2.1,2.07
2023-04-29,Mutua Madrid Open,2nd Round,Clay,Tsitsipas S.,Thiem D.,5.0,93.0,1.2,4.5,1.23,4.81,1.23,5.27
2023-04-29,Mutua Madrid Open,2nd Round,Clay,Tiafoe F.,Etcheverry T.,11.0,59.0,1.62,2.3,1.61,2.48,1.63,2.48
2023-04-29,Mutua Madrid Open,2nd Round,Clay,Baez S.,Giron M.,31.0,61.0,1.53,2.5,1.63,2.44,1.63,2.5
2023-04-29,Mutua Madrid Open,2nd Round,Clay,Karatsev A.,Van De Zandschulp B.,121.0,29.0,2.75,1.44,2.67,1.54,2.8,1.54
2023-04-29,Mutua Madrid Open,2nd Round,Clay,Zapata Miralles B.,Evans D.,42.0,24.0,2.1,1.73,2.15,1.79,2.17,1.81
2023-04-29,Mutua Madrid Open,2nd Round,Clay,De Minaur A.,Cecchinato M.,19.0,85.0,1.44,2.75,1.47,2.89,1.51,2.89
2023-04-29,Mutua Madrid Open,2nd Round,Clay,Shevchenko A.,Lehecka J.,96.0,37.0,3.2,1.36,3.0,1.45,3.2,1.47
2023-04-29,Mutua Madrid Open,2nd Round,Clay,Struff J.L.,Shelton B.,65.0,38.0,1.44,2.75,1.4,3.21,1.46,3.21
2023-04-29,Mutua Madrid Open,2nd Round,Clay,Medvedev D.,Vavassori A.,3.0,164.0,1.11,6.5,1.12,7.57,1.12,7.85
2023-04-29,Mutua Madrid Open,2nd Round,Clay,Safiullin R.,Paul T.,112.0,17.0,2.63,1.5,2.74,1.52,2.75,1.56
2023-04-29,Mutua Madrid Open,2nd Round,Clay,Lajovic D.,Auger-Aliassime F.,40.0,9.0,2.1,1.73,2.11,1.81,2.21,1.81
2023-04-30,Mutua Madrid Open,3rd Round,Clay,Khachanov K.,Bautista Agut R.,12.0,25.0,1.57,2.38,1.61,2.48,1.64,2.48
2023-04-30,Mutua Madrid Open,3rd Round,Clay,Munar J.,Arnaldi M.,88.0,105.0,2.0,1.8,2.12,1.81,2.12,1.87
2023-04-30,Mutua Madrid Open,3rd Round,Clay,Rublev A.,Nishioka Y.,6.0,34.0,1.14,5.5,1.21,5.14,1.23,5.5
2023-04-30,Mutua Madrid Open,3rd Round,Clay,Zverev A.,Grenier H.,16.0,128.0,1.1,7.0,1.13,7.48,1.13,8.4
2023-04-30,Mutua Madrid Open,3rd Round,Clay,Coric B.,Hurkacz H.,20.0,15.0,2.63,1.5,2.83,1.49,2.85,1.54
2023-04-30,Mutua Madrid Open,3rd Round,Clay,Alcaraz C.,Dimitrov G.,2.0,32.0,1.1,7.0,1.09,9.42,1.1,9.7
2023-04-30,Mutua Madrid Open,3rd Round,Clay,Altmaier D.,Hanfmann Y.,92.0,108.0,2.75,1.44,2.88,1.48,2.9,1.5
2023-04-30,Mutua Madrid Open,3rd Round,Clay,Davidovich Fokina A.,Rune H.,35.0,7.0,2.75,1.44,2.91,1.47,2.92,1.52
2023-05-01,Mutua Madrid Open,3rd Round,Clay,Zhang Zh.,Norrie C.,99.0,13.0,4.33,1.22,4.23,1.27,4.5,1.27
2023-05-01,Mutua Madrid Open,3rd Round,Clay,Tsitsipas S.,Baez S.,5.0,31.0,1.14,5.5,1.17,5.79,1.17,6.07
2023-05-01,Mutua Madrid Open,3rd Round,Clay,Zapata Miralles B.,Safiullin R.,42.0,112.0,1.57,2.38,1.68,2.34,1.75,2.6
2023-05-01,Mutua Madrid Open,3rd Round,Clay,Fritz T.,Garin C.,10.0,73.0,1.44,2.75,1.51,2.75,1.54,2.8
2023-05-01,Mutua Madrid Open,3rd Round,Clay,Struff J.L.,Lajovic D.,65.0,40.0,2.2,1.67,2.25,1.72,2.3,1.73
2023-05-01,Mutua Madrid Open,3rd Round,Clay,Cachin P.,Tiafoe F.,67.0,11.0,3.75,1.29,3.91,1.3,4.0,1.32
2023-05-01,Mutua Madrid Open,3rd Round,Clay,Karatsev A.,De Minaur A.,121.0,19.0,2.38,1.57,2.46,1.62,2.5,1.62
2023-05-01,Mutua Madrid Open,3rd Round,Clay,Medvedev D.,Shevchenko A.,3.0,96.0,1.13,6.0,1.16,6.27,1.18,6.76
2023-05-02,Mutua Madrid Open,4th Round,Clay,Altmaier D.,Munar J.,92.0,88.0,2.38,1.57,2.4,1.65,2.45,1.69
2023-05-02,Mutua Madrid Open,4th Round,Clay,Khachanov K.,Rublev A.,12.0,6.0,2.63,1.5,2.71,1.53,2.79,1.55
2023-05-02,Mutua Madrid Open,4th Round,Clay,Karatsev A.,Medvedev D.,121.0,3.0,3.75,1.29,3.81,1.31,4.0,1.35
2023-05-02,Mutua Madrid Open,4th Round,Clay,Coric B.,Davidovich Fokina A.,20.0,35.0,2.5,1.53,2.57,1.57,2.61,1.58
2023-05-02,Mutua Madrid Open,4th Round,Clay,Zhang Zh.,Fritz T.,99.0,10.0,5.0,1.17,6.44,1.15,6.65,1.24
2023-05-02,Mutua Madrid Open,4th Round,Clay,Struff J.L.,Cachin P.,65.0,67.0,1.62,2.3,1.68,2.32,1.75,2.35
2023-05-02,Mutua Madrid Open,4th Round,Clay,Tsitsipas S.,Zapata Miralles B.,5.0,42.0,1.14,5.5,1.17,5.91,1.18,6.05
2023-05-02,Mutua Madrid Open,4th Round,Clay,Alcaraz C.,Zverev A.,2.0,16.0,1.22,4.33,1.24,4.59,1.26,4.59
2023-05-03,Mutua Madrid Open,Quarterfinals,Clay,Alcaraz C.,Khachanov K.,2.0,12.0,1.07,9.0,1.11,8.15,1.11,10.6
2023-05-03,Mutua Madrid Open,Quarterfinals,Clay,Coric B.,Altmaier D.,20.0,92.0,1.5,2.63,1.52,2.73,1.61,2.75
2023-05-04,Mutua Madrid Open,Quarterfinals,Clay,Struff J.L.,Tsitsipas S.,65.0,5.0,4.5,1.2,4.93,1.2,5.35,1.23
2023-05-04,Mutua Madrid Open,Quarterfinals,Clay,Karatsev A.,Zhang Zh.,121.0,99.0,1.57,2.38,1.67,2.35,1.68,2.57
2023-05-05,Mutua Madrid Open,Semifinals,Clay,Struff J.L.,Karatsev A.,65.0,121.0,2.0,1.8,2.11,1.82,2.17,1.85
2023-05-05,Mutua Madrid Open,Semifinals,Clay,Alcaraz C.,Coric B.,2.0,20.0,1.06,10.0,1.08,10.65,1.12,10.65
2023-05-07,Mutua Madrid Open,The Final,Clay,Alcaraz C.,Struff J.L.,2.0,65.0,1.06,10.0,1.08,11.06,1.09,12.75
2023-05-10,Internazionali BNL d'Italia,1st Round,Clay,Barrere G.,Nakashima B.,63.0,47.0,2.1,1.73,2.15,1.78,2.25,1.78
2023-05-10,Internazionali BNL d'Italia,1st Round,Clay,Rinderknech A.,Cobolli F.,89.0,183.0,3.0,1.4,2.99,1.44,3.2,1.45
2023-05-10,Internazionali BNL d'Italia,1st Round,Clay,Fognini F.,Murray A.,130.0,42.0,2.63,1.5,2.51,1.59,2.75,1.59
2023-05-10,Internazionali BNL d'Italia,1st Round,Clay,Safiullin R.,Giron M.,103.0,60.0,1.57,2.38,1.63,2.4,1.7,2.44
2023-05-10,Internazionali BNL d'Italia,1st Round,Clay,Kokkinakis T.,Munar J.,104.0,75.0,1.73,2.1,1.77,2.16,1.78,2.23
2023-05-10,Internazionali BNL d'Italia,1st Round,Clay,Fils A.,Cerundolo J.M.,119.0,105.0,1.8,2.0,1.91,1.98,1.91,2.1
2023-05-10,Internazionali BNL d'Italia,1st Round,Clay,Bublik A.,Martinez P.,49.0,142.0,2.2,1.67,2.22,1.73,2.26,1.79
2023-05-10,Internazionali BNL d'Italia,1st Round,Clay,Popyrin A.,O Connell C.,77.0,78.0,1.8,2.0,1.89,2.0,1.89,2.07
2023-05-10,Internazionali BNL d'Italia,1st Round,Clay,Wu Y.,Gasquet R.,57.0,44.0,3.0,1.4,3.11,1.41,3.16,1.43
2023-05-10,Internazionali BNL d'Italia,1st Round,Clay,Garin C.,Cachin P.,79.0,68.0,1.57,2.38,1.75,2.19,1.75,2.4
2023-05-10,Internazionali BNL d'Italia,1st Round,Clay,Djere L.,Lestienne C.,62.0,70.0,1.13,6.0,1.15,6.47,1.2,6.47
2023-05-10,Internazionali BNL d'Italia,1st Round,Clay,Baez S.,Varillas J.P.,40.0,97.0,1.4,3.0,1.47,2.86,1.49,3.05
2023-05-10,Internazionali BNL d'Italia,1st Round,Clay,Etcheverry T.,Van Assche L.,61.0,85.0,1.67,2.2,1.7,2.27,1.75,2.3
2023-05-10,Internazionali BNL d'Italia,1st Round,Clay,Fucsovics M.,Krajinovic F.,92.0,74.0,1.8,2.0,1.9,1.99,1.91,2.05
2023-05-10,Internazionali BNL d'Italia,1st Round,Clay,Wawrinka S.,Ivashka I.,84.0,73.0,1.5,2.63,1.52,2.71,1.62,2.8
2023-05-10,Internazionali BNL d'Italia,1st Round,Clay,Muller A.,Edmund K.,100.0,473.0,1.25,4.0,1.26,4.21,1.28,4.21
2023-05-11,Internazionali BNL d'Italia,1st Round,Clay,Sonego L.,Chardy J.,48.0,591.0,1.08,8.0,1.12,7.47,1.13,8.3
2023-05-11,Internazionali BNL d'Italia,1st Round,Clay,Arnaldi M.,Schwartzman D.,99.0,91.0,1.57,2.38,1.65,2.37,1.65,2.5
2023-05-11,Internazionali BNL d'Italia,1st Round,Clay,Molcan A.,Napolitano S.,59.0,555.0,1.17,5.0,1.19,5.23,1.24,5.64
2023-05-11,Internazionali BNL d'Italia,1st Round,Clay,Wolf J.J.,Grenier H.,54.0,124.0,1.67,2.2,1.76,2.17,1.76,2.4
2023-05-11,Internazionali BNL d'Italia,1st Round,Clay,Hanfmann Y.,Jarry N.,101.0,56.0,2.0,1.8,1.94,1.94,2.05,1.96
2023-05-11,Internazionali BNL d'Italia,1st Round,Clay,Marozsan F.,Moutet C.,135.0,67.0,1.57,2.38,1.64,2.38,1.66,2.5
2023-05-11,Internazionali BNL d'Italia,1st Round,Clay,Borges N.,Lajovic D.,88.0,46.0,3.2,1.36,3.26,1.38,3.32,1.4
2023-05-11,Internazionali BNL d'Italia,1st Round,Clay,Ramos-Vinolas A.,Passaro F.,72.0,126.0,1.8,2.0,1.86,2.03,1.95,2.03
2023-05-11,Internazionali BNL d'Italia,1st Round,Clay,Kubler J.,Huesler M.A.,66.0,82.0,1.8,2.0,1.94,1.94,1.94,2.12
2023-05-11,Internazionali BNL d'Italia,1st Round,Clay,Cecchinato M.,Mcdonald M.,83.0,55.0,1.57,2.38,1.69,2.28,1.71,2.4
2023-05-11,Internazionali BNL d'Italia,1st Round,Clay,Ruusuvuori E.,Humbert U.,43.0,50.0,1.62,2.3,1.7,2.26,1.7,2.6
2023-05-11,Internazionali BNL d'Italia,1st Round,Clay,Goffin D.,Nardi L.,107.0,151.0,1.5,2.63,1.55,2.6,1.61,2.73
2023-05-11,Internazionali BNL d'Italia,1st Round,Clay,Monteiro T.,Mannarino A.,98.0,45.0,1.44,2.75,1.52,2.71,1.54,2.92
2023-05-11,Internazionali BNL d'Italia,1st Round,Clay,Carballes Baena R.,Dellien H.,51.0,157.0,1.44,2.75,1.47,2.88,1.5,3.1
2023-05-11,Internazionali BNL d'Italia,1st Round,Clay,Altmaier D.,Zeppieri G.,65.0,120.0,1.53,2.5,1.52,2.7,1.57,2.73
2023-05-11,Internazionali BNL d'Italia,1st Round,Clay,Pella G.,Cressy M.,484.0,41.0,2.0,1.8,2.01,1.88,2.01,1.94
2023-05-12,Internazionali BNL d'Italia,2nd Round,Clay,Fognini F.,Kecmanovic M.,130.0,37.0,2.5,1.53,2.6,1.56,2.75,1.58
2023-05-12,Internazionali BNL d'Italia,2nd Round,Clay,Ruud C.,Rinderknech A.,4.0,89.0,1.17,5.0,1.17,5.9,1.19,6.05
2023-05-12,Internazionali BNL d'Italia,2nd Round,Clay,Rune H.,Fils A.,7.0,119.0,1.14,5.5,1.21,5.14,1.21,5.5
2023-05-12,Internazionali BNL d'Italia,2nd Round,Clay,Djokovic N.,Etcheverry T.,1.0,61.0,1.11,6.5,1.13,7.11,1.14,7.25
2023-05-12,Internazionali BNL d'Italia,2nd Round,Clay,Bublik A.,Shelton B.,49.0,35.0,2.1,1.73,2.36,1.67,2.39,1.78
2023-05-12,Internazionali BNL d'Italia,2nd Round,Clay,Garin C.,Paul T.,79.0,17.0,1.8,2.0,1.88,2.02,1.91,2.11
2023-05-12,Internazionali BNL d'Italia,2nd Round,Clay,Barrere G.,Khachanov K.,63.0,11.0,5.5,1.14,5.72,1.18,5.8,1.18
2023-05-12,Internazionali BNL d'Italia,2nd Round,Clay,Djere L.,Van De Zandschulp B.,62.0,30.0,1.91,1.91,1.87,2.04,1.91,2.06
2023-05-12,Internazionali BNL d'Italia,2nd Round,Clay,Dimitrov G.,Wawrinka S.,33.0,84.0,1.8,2.0,1.78,2.17,1.82,2.18
2023-05-12,Internazionali BNL d'Italia,2nd Round,Clay,Shevchenko A.,Baez S.,93.0,40.0,2.63,1.5,3.29,1.39,3.29,1.54
2023-05-12,Internazionali BNL d'Italia,2nd Round,Clay,Fucsovics M.,De Minaur A.,92.0,18.0,2.3,1.62,2.49,1.61,2.49,1.66
2023-05-12,Internazionali BNL d'Italia,2nd Round,Clay,Sinner J.,Kokkinakis T.,8.0,104.0,1.11,6.5,1.14,7.03,1.14,7.03
2023-05-12,Internazionali BNL d'Italia,2nd Round,Clay,Cerundolo F.,Wu Y.,31.0,57.0,1.36,3.2,1.42,3.13,1.42,3.76
2023-05-12,Internazionali BNL d'Italia,2nd Round,Clay,Norrie C.,Muller A.,13.0,100.0,1.33,3.4,1.35,3.49,1.36,3.7
2023-05-12,Internazionali BNL d'Italia,2nd Round,Clay,Popyrin A.,Auger-Aliassime F.,77.0,10.0,3.2,1.36,2.71,1.53,3.2,1.53
2023-05-12,Internazionali BNL d'Italia,2nd Round,Clay,Safiullin R.,Korda S.,103.0,29.0,1.67,2.2,1.7,2.29,1.75,2.3
2023-05-13,Internazionali BNL d'Italia,2nd Round,Clay,Zapata Miralles B.,Kubler J.,38.0,66.0,1.57,2.38,1.65,2.39,1.65,2.41
2023-05-13,Internazionali BNL d'Italia,2nd Round,Clay,Davidovich Fokina A.,Pella G.,34.0,484.0,1.17,5.0,1.19,5.74,1.21,5.74
2023-05-13,Internazionali BNL d'Italia,2nd Round,Clay,Sonego L.,Nishioka Y.,48.0,32.0,1.44,2.75,1.45,2.98,1.46,3.02
2023-05-13,Internazionali BNL d'Italia,2nd Round,Clay,Wolf J.J.,Hurkacz H.,54.0,15.0,3.75,1.29,4.28,1.26,4.3,1.29
2023-05-13,Internazionali BNL d'Italia,2nd Round,Clay,Rublev A.,Molcan A.,6.0,59.0,1.17,5.0,1.2,5.25,1.21,5.5
2023-05-13,Internazionali BNL d'Italia,2nd Round,Clay,Carballes Baena R.,Evans D.,51.0,24.0,1.67,2.2,1.67,2.36,1.67,2.36
2023-05-13,Internazionali BNL d'Italia,2nd Round,Clay,Coric B.,Monteiro T.,16.0,98.0,1.36,3.2,1.43,3.09,1.38,3.25
2023-05-13,Internazionali BNL d'Italia,2nd Round,Clay,Alcaraz C.,Ramos-Vinolas A.,2.0,72.0,1.03,17.0,1.03,21.0,1.03,21.0
2023-05-14,Internazionali BNL d'Italia,3rd Round,Clay,Djere L.,Garin C.,62.0,79.0,1.73,2.1,1.81,2.13,1.82,2.14
2023-05-14,Internazionali BNL d'Italia,3rd Round,Clay,Djokovic N.,Dimitrov G.,1.0,33.0,1.14,5.5,1.15,6.4,1.19,6.4
2023-05-14,Internazionali BNL d'Italia,2nd Round,Clay,Musetti L.,Arnaldi M.,19.0,99.0,1.36,3.2,1.39,3.26,1.42,3.27
2023-05-14,Internazionali BNL d'Italia,3rd Round,Clay,Norrie C.,Fucsovics M.,13.0,92.0,1.44,2.75,1.47,2.91,1.51,2.95
2023-05-14,Internazionali BNL d'Italia,3rd Round,Clay,Sinner J.,Shevchenko A.,8.0,93.0,1.08,8.0,1.09,9.61,1.11,9.7
2023-05-14,Internazionali BNL d'Italia,3rd Round,Clay,Rune H.,Fognini F.,7.0,130.0,1.2,4.5,1.2,5.28,1.21,5.35
2023-05-14,Internazionali BNL d'Italia,3rd Round,Clay,Ruud C.,Bublik A.,4.0,49.0,1.17,5.0,1.18,5.7,1.18,5.8
2023-05-14,Internazionali BNL d'Italia,3rd Round,Clay,Cerundolo F.,Barrere G.,31.0,63.0,1.36,3.2,1.36,3.43,1.4,3.62
2023-05-14,Internazionali BNL d'Italia,2nd Round,Clay,Hanfmann Y.,Fritz T.,101.0,9.0,2.75,1.44,2.95,1.46,2.98,1.52
2023-05-14,Internazionali BNL d'Italia,2nd Round,Clay,Zverev A.,Goffin D.,22.0,107.0,1.22,4.33,1.24,4.6,1.27,4.68
2023-05-14,Internazionali BNL d'Italia,2nd Round,Clay,Tiafoe F.,Altmaier D.,12.0,65.0,1.53,2.5,1.56,2.62,1.56,2.62
2023-05-14,Internazionali BNL d'Italia,2nd Round,Clay,Marozsan F.,Lehecka J.,135.0,39.0,2.75,1.44,2.88,1.47,3.05,1.47
2023-05-14,Internazionali BNL d'Italia,2nd Round,Clay,Tsitsipas S.,Borges N.,5.0,88.0,1.11,6.5,1.12,7.92,1.12,7.92
2023-05-14,Internazionali BNL d'Italia,2nd Round,Clay,Medvedev D.,Ruusuvuori E.,3.0,43.0,1.4,3.0,1.42,3.13,1.42,3.55
2023-05-14,Internazionali BNL d'Italia,2nd Round,Clay,Cecchinato M.,Bautista Agut R.,83.0,25.0,2.5,1.53,2.47,1.61,2.56,1.61
2023-05-14,Internazionali BNL d'Italia,3rd Round,Clay,Popyrin A.,Safiullin R.,77.0,103.0,1.73,2.1,1.84,2.08,1.84,2.14
2023-05-15,Internazionali BNL d'Italia,3rd Round,Clay,Medvedev D.,Zapata Miralles B.,3.0,38.0,1.22,4.33,1.22,4.92,1.26,4.92
2023-05-15,Internazionali BNL d'Italia,3rd Round,Clay,Coric B.,Carballes Baena R.,16.0,51.0,1.44,2.75,1.49,2.83,1.52,2.87
2023-05-15,Internazionali BNL d'Italia,3rd Round,Clay,Hanfmann Y.,Cecchinato M.,101.0,83.0,1.73,2.1,1.73,2.24,1.82,2.26
2023-05-15,Internazionali BNL d'Italia,3rd Round,Clay,Marozsan F.,Alcaraz C.,135.0,2.0,23.0,1.01,30.5,1.02,30.5,1.03
2023-05-15,Internazionali BNL d'Italia,3rd Round,Clay,Rublev A.,Davidovich Fokina A.,6.0,34.0,1.5,2.63,1.53,2.7,1.54,2.76
2023-05-16,Internazionali BNL d'Italia,4th Round,Clay,Hanfmann Y.,Rublev A.,101.0,6.0,3.4,1.33,3.43,1.36,3.58,1.38
2023-05-16,Internazionali BNL d'Italia,4th Round,Clay,Tsitsipas S.,Musetti L.,5.0,19.0,1.36,3.2,1.37,3.39,1.69,3.79
2023-05-16,Internazionali BNL d'Italia,4th Round,Clay,Coric B.,Marozsan F.,16.0,135.0,1.44,2.75,1.55,2.64,1.59,2.92
2023-05-16,Internazionali BNL d'Italia,4th Round,Clay,Medvedev D.,Zverev A.,3.0,22.0,1.67,2.2,1.74,2.2,1.74,2.54
2023-05-16,Internazionali BNL d'Italia,4th Round,Clay,Cerundolo F.,Sinner J.,31.0,8.0,6.0,1.13,5.75,1.18,6.42,1.2
2023-05-16,Internazionali BNL d'Italia,4th Round,Clay,Rune H.,Popyrin A.,7.0,77.0,1.17,5.0,1.2,5.31,1.22,5.31
2023-05-16,Internazionali BNL d'Italia,4th Round,Clay,Djokovic N.,Norrie C.,1.0,13.0,1.17,5.0,1.15,6.51,1.17,6.51
2023-05-16,Internazionali BNL d'Italia,3rd Round,Clay,Musetti L.,Tiafoe F.,19.0,12.0,1.44,2.75,1.5,2.8,1.54,2.9
2023-05-16,Internazionali BNL d'Italia,3rd Round,Clay,Tsitsipas S.,Sonego L.,5.0,48.0,1.2,4.5,1.22,4.91,1.24,5.0
2023-05-16,Internazionali BNL d'Italia,3rd Round,Clay,Zverev A.,Wolf J.J.,22.0,54.0,1.22,4.33,1.29,4.05,1.29,4.5
2023-05-16,Internazionali BNL d'Italia,4th Round,Clay,Ruud C.,Djere L.,4.0,62.0,1.4,3.0,1.44,3.03,1.48,3.07
2023-05-17,Internazionali BNL d'Italia,Quarterfinals,Clay,Rune H.,Djokovic N.,7.0,1.0,3.4,1.33,3.54,1.35,3.54,1.56
2023-05-17,Internazionali BNL d'Italia,Quarterfinals,Clay,Ruud C.,Cerundolo F.,4.0,31.0,1.62,2.3,1.6,2.51,1.63,2.51
2023-05-18,Internazionali BNL d'Italia,Quarterfinals,Clay,Medvedev D.,Hanfmann Y.,3.0,101.0,1.4,3.0,1.43,3.06,1.46,3.11
2023-05-18,Internazionali BNL d'Italia,Quarterfinals,Clay,Tsitsipas S.,Coric B.,5.0,16.0,1.29,3.75,1.32,3.76,1.4,3.81
2023-05-20,Internazionali BNL d'Italia,Semifinals,Clay,Medvedev D.,Tsitsipas S.,3.0,5.0,2.3,1.62,2.38,1.65,2.46,1.72
2023-05-20,Internazionali BNL d'Italia,Semifinals,Clay,Rune H.,Ruud C.,7.0,4.0,1.57,2.38,1.65,2.4,1.7,2.43
2023-05-21,Internazionali BNL d'Italia,The Final,Clay,Medvedev D.,Rune H.,3.0,7.0,1.91,1.91,1.99,1.92,2.2,1.99
2023-05-21,Geneva Open,1st Round,Clay,Cecchinato M.,Shelton B.,73.0,733.0,1.91,1.91,1.88,2.01,1.91,2.1
2023-05-21,Geneva Open,1st Round,Clay,Eubanks C.,Paire B.,75.0,729.0,2.5,1.53,2.5,1.59,2.53,1.59
2023-05-21,Lyon Open,1st Round,Clay,Draper J.,Muller A.,60.0,832.0,1.73,2.1,1.82,2.08,1.82,2.34
2023-05-21,Lyon Open,1st Round,Clay,Barrere G.,Moutet C.,55.0,846.0,1.57,2.38,1.6,2.48,1.68,2.48
2023-05-21,Lyon Open,1st Round,Clay,Varillas J. P.,Ramos-Vinolas A.,97.0,648.0,1.8,2.0,1.82,2.09,1.84,2.1
2023-05-22,Lyon Open,1st Round,Clay,Goffin D.,Lopez San Martin A.,113.0,550.0,1.3,3.5,1.28,4.06,1.31,4.1
2023-05-22,Lyon Open,1st Round,Clay,Kecmanovic M.,Roca Batalla O.,36.0,1055.0,1.1,7.0,1.11,7.19,1.11,8.0
2023-05-22,Lyon Open,1st Round,Clay,Nakashima B.,Schwartzman D.,52.0,877.0,2.2,1.67,2.27,1.7,2.45,1.72
2023-05-22,Lyon Open,1st Round,Clay,Ymer M.,Gasquet R.,53.0,876.0,1.91,1.91,1.93,1.96,1.98,1.96
2023-05-22,Lyon Open,1st Round,Clay,Rinderknech A.,Harris L.,78.0,725.0,1.67,2.2,1.8,2.12,1.8,2.22
2023-05-22,Lyon Open,1st Round,Clay,Fils A.,Zhang Zh.,112.0,559.0,1.73,2.1,1.73,2.21,1.83,2.25
2023-05-22,Geneva Open,1st Round,Clay,Jarry N.,Lajovic D.,54.0,862.0,1.91,1.91,1.89,2.0,1.93,2.0
2023-05-22,Geneva Open,1st Round,Clay,Zapata Miralles B.,Sachko V.,37.0,1041.0,1.3,3.5,1.3,3.87,1.31,4.3
2023-05-22,Geneva Open,1st Round,Clay,Mannarino A.,Krajinovic F.,47.0,917.0,3.2,1.36,3.1,1.41,3.2,1.41
2023-05-22,Geneva Open,1st Round,Clay,Carballes Baena R.,Rincon D.,58.0,841.0,1.29,3.75,1.23,4.59,1.31,4.59
2023-05-22,Geneva Open,1st Round,Clay,Wu Y.,Huesler M.A.,59.0,839.0,2.1,1.73,2.29,1.69,2.35,1.75
2023-05-22,Geneva Open,1st Round,Clay,Giron M.,Bublik A.,74.0,730.0,2.1,1.73,2.1,1.81,2.19,1.86
2023-05-23,Geneva Open,1st Round,Clay,Wolf J.J.,Dellien H.,49.0,905.0,1.67,2.2,1.78,2.15,1.78,2.33
2023-05-23,Geneva Open,1st Round,Clay,O Connell C.,Serdarusic N.,85.0,702.0,1.36,3.2,1.4,3.19,1.4,3.2
2023-05-23,Lyon Open,1st Round,Clay,Baez S.,Fucsovics M.,44.0,955.0,1.67,2.2,1.62,2.43,1.74,2.43
2023-05-23,Lyon Open,1st Round,Clay,Llamas Ruiz P.,Purcell M.,240.0,236.0,1.5,2.63,1.65,2.37,1.65,2.66
2023-05-23,Geneva Open,1st Round,Clay,Ivashka I.,Pella G.,86.0,696.0,1.57,2.38,1.65,2.36,1.68,2.4
2023-05-23,Lyon Open,1st Round,Clay,Cachin P.,Monfils G.,63.0,793.0,1.3,3.5,1.32,3.65,1.35,3.65
2023-05-23,Lyon Open,2nd Round,Clay,Draper J.,Kecmanovic M.,60.0,832.0,2.0,1.8,2.08,1.84,2.13,1.84
2023-05-23,Lyon Open,2nd Round,Clay,Nakashima B.,Rinderknech A.,52.0,877.0,1.91,1.91,1.95,1.95,1.95,2.0
2023-05-23,Geneva Open,2nd Round,Clay,Wu Y.,Cecchinato M.,59.0,839.0,2.3,1.62,2.44,1.63,2.47,1.66
2023-05-23,Geneva Open,2nd Round,Clay,Zverev A.,Eubanks C.,27.0,1360.0,1.11,6.5,1.13,7.09,1.16,7.09
2023-05-23,Lyon Open,2nd Round,Clay,Cerundolo F.,Varillas J. P.,28.0,1345.0,1.36,3.2,1.38,3.33,1.39,3.36
2023-05-23,Geneva Open,1st Round,Clay,Griekspoor T.,Travaglia S.,39.0,1024.0,1.53,2.5,1.54,2.63,1.55,2.63
2023-05-24,Lyon Open,2nd Round,Clay,Baez S.,Cachin P.,44.0,955.0,1.36,3.2,1.45,2.97,1.45,3.2
2023-05-24,Lyon Open,2nd Round,Clay,Paul T.,Barrere G.,17.0,2135.0,1.5,2.63,1.5,2.79,1.58,2.79
2023-05-24,Lyon Open,2nd Round,Clay,Norrie C.,Goffin D.,14.0,2520.0,1.33,3.4,1.4,3.22,1.44,3.4
2023-05-24,Lyon Open,2nd Round,Clay,Fils A.,Ymer M.,112.0,559.0,1.67,2.2,1.72,2.25,1.74,2.35
2023-05-24,Lyon Open,2nd Round,Clay,Auger-Aliassime F.,Llamas Ruiz P.,10.0,3065.0,1.22,4.33,1.22,4.95,1.25,4.95
2023-05-24,Geneva Open,2nd Round,Clay,Ruud C.,Wolf J.J.,4.0,4915.0,1.2,4.5,1.22,4.94,1.23,4.94
2023-05-24,Geneva Open,2nd Round,Clay,Jarry N.,Griekspoor T.,54.0,862.0,1.57,2.38,1.61,2.49,1.64,2.61
2023-05-24,Geneva Open,2nd Round,Clay,Dimitrov G.,Carballes Baena R.,33.0,1125.0,1.4,3.0,1.42,3.11,1.45,3.19
2023-05-24,Geneva Open,2nd Round,Clay,Fritz T.,Giron M.,9.0,3390.0,1.33,3.4,1.32,3.77,1.36,3.79
2023-05-24,Geneva Open,2nd Round,Clay,O Connell C.,Zapata Miralles B.,85.0,702.0,2.38,1.57,2.3,1.69,2.38,1.69
2023-05-24,Geneva Open,2nd Round,Clay,Ivashka I.,Mannarino A.,86.0,696.0,1.4,3.0,1.49,2.84,1.49,3.0
2023-05-25,Geneva Open,Quarterfinals,Clay,Jarry N.,Ruud C.,54.0,862.0,3.4,1.33,3.54,1.35,3.64,1.37
2023-05-25,Geneva Open,Quarterfinals,Clay,Zverev A.,Wu Y.,27.0,1360.0,1.2,4.5,1.22,4.96,1.22,4.96
2023-05-25,Geneva Open,Quarterfinals,Clay,Dimitrov G.,O Connell C.,33.0,1125.0,1.33,3.4,1.39,3.3,1.43,3.4
2023-05-25,Geneva Open,Quarterfinals,Clay,Fritz T.,Ivashka I.,9.0,3390.0,1.2,4.5,1.24,4.65,1.25,4.66
2023-05-25,Lyon Open,Quarterfinals,Clay,Norrie C.,Baez S.,14.0,2520.0,1.44,2.75,1.5,2.8,1.5,3.05
2023-05-25,Lyon Open,Quarterfinals,Clay,Cerundolo F.,Draper J.,28.0,1345.0,1.5,2.63,1.56,2.6,1.56,2.63
2023-05-25,Lyon Open,Quarterfinals,Clay,Fils A.,Auger-Aliassime F.,112.0,559.0,2.75,1.44,2.62,1.56,2.8,1.56
2023-05-25,Lyon Open,Quarterfinals,Clay,Nakashima B.,Paul T.,52.0,877.0,2.75,1.44,2.73,1.52,2.92,1.52
2023-05-26,Lyon Open,Semifinals,Clay,Cerundolo F.,Norrie C.,28.0,1345.0,2.2,1.67,2.25,1.72,2.39,1.75
2023-05-26,Lyon Open,Semifinals,Clay,Fils A.,Nakashima B.,112.0,559.0,1.73,2.1,1.76,2.19,1.9,2.19
2023-05-26,Geneva Open,Semifinals,Clay,Jarry N.,Zverev A.,54.0,862.0,2.75,1.44,2.68,1.53,2.8,1.53
2023-05-26,Geneva Open,Semifinals,Clay,Dimitrov G.,Fritz T.,33.0,1125.0,2.5,1.53,2.41,1.64,2.69,1.64
2023-05-27,Lyon Open,The Final,Clay,Fils A.,Cerundolo F.,112.0,559.0,3.75,1.29,3.78,1.32,3.78,1.37
2023-05-27,Geneva Open,The Final,Clay,Jarry N.,Dimitrov G.,54.0,862.0,1.73,2.1,1.78,2.17,1.8,2.26
2023-05-28,French Open,1st Round,Clay,Arnaldi M.,Galan D.E.,106.0,91.0,1.44,2.75,1.55,2.63,1.56,2.75
2023-05-28,French Open,1st Round,Clay,Humbert U.,Mannarino A.,40.0,47.0,1.22,4.33,1.31,3.85,1.33,4.33
2023-05-28,French Open,1st Round,Clay,Shevchenko A.,Otte O.,87.0,120.0,1.4,3.0,1.46,2.94,1.49,3.1
2023-05-28,French Open,1st Round,Clay,Pouille L.,Rodionov J.,675.0,134.0,1.73,2.1,1.75,2.21,1.76,2.25
2023-05-28,French Open,1st Round,Clay,Moutet C.,Cazaux A.,61.0,190.0,1.8,2.0,1.98,1.93,1.99,2.09
2023-05-28,French Open,1st Round,Clay,Rublev A.,Djere L.,7.0,60.0,1.22,4.33,1.24,4.6,1.24,4.75
2023-05-28,French Open,1st Round,Clay,Musetti L.,Ymer M.,18.0,56.0,1.2,4.5,1.21,5.02,1.23,5.15
2023-05-28,French Open,1st Round,Clay,Carballes Baena R.,Nava E.,57.0,242.0,1.25,4.0,1.28,4.1,1.29,4.1
2023-05-28,French Open,1st Round,Clay,Korda S.,Mcdonald M.,30.0,59.0,1.5,2.63,1.55,2.65,1.55,2.66
2023-05-28,French Open,1st Round,Clay,Sonego L.,Shelton B.,48.0,36.0,1.4,3.0,1.47,2.92,1.51,3.0
2023-05-28,French Open,1st Round,Clay,Kubler J.,Diaz Acosta F.,69.0,137.0,2.3,1.62,2.44,1.63,2.45,1.67
2023-05-28,French Open,1st Round,Clay,Khachanov K.,Lestienne C.,11.0,70.0,1.02,21.0,1.04,19.52,1.04,21.0
2023-05-28,French Open,1st Round,Clay,Hurkacz H.,Goffin D.,14.0,111.0,1.36,3.2,1.37,3.4,1.46,3.51
2023-05-28,French Open,1st Round,Clay,Ofner S.,Cressy M.,118.0,44.0,1.3,3.5,1.31,3.8,1.36,3.8
2023-05-28,French Open,1st Round,Clay,Griekspoor T.,Martinez P.,39.0,135.0,2.1,1.73,2.15,1.79,2.2,1.8
2023-05-28,French Open,1st Round,Clay,Borges N.,Isner J.,80.0,90.0,1.4,3.0,1.41,3.15,1.45,3.15
2023-05-28,French Open,1st Round,Clay,Kokkinakis T.,Evans D.,108.0,25.0,2.0,1.8,2.02,1.88,2.05,1.9
2023-05-28,French Open,1st Round,Clay,Fucsovics M.,Grenier H.,83.0,122.0,1.2,4.5,1.21,5.04,1.24,5.18
2023-05-28,French Open,1st Round,Clay,Tsitsipas S.,Vesely J.,5.0,455.0,1.02,19.0,1.02,22.09,1.03,22.09
2023-05-28,French Open,1st Round,Clay,Albot R.,Kypson P.,113.0,329.0,1.36,3.2,1.42,3.12,1.46,3.2
2023-05-29,French Open,1st Round,Clay,Sinner J.,Muller A.,9.0,101.0,1.03,15.0,1.05,15.4,1.05,16.0
2023-05-29,French Open,1st Round,Clay,Van Assche L.,Cecchinato M.,82.0,72.0,1.8,2.0,1.84,2.08,1.9,2.12
2023-05-29,French Open,1st Round,Clay,Zhang Zh.,Lajovic D.,71.0,53.0,2.5,1.53,2.78,1.51,2.79,1.59
2023-05-29,French Open,1st Round,Clay,Tiafoe F.,Krajinovic F.,12.0,93.0,1.2,4.5,1.28,4.13,1.28,4.54
2023-05-29,French Open,1st Round,Clay,Altmaier D.,Huesler M.A.,79.0,84.0,1.36,3.2,1.45,2.99,1.48,3.2
2023-05-29,French Open,1st Round,Clay,Alcaraz C.,Cobolli F.,1.0,159.0,1.02,21.0,1.03,25.73,1.03,28.0
2023-05-29,French Open,1st Round,Clay,Davidovich Fokina A.,Fils A.,34.0,63.0,1.36,3.2,1.37,3.37,1.38,3.6
2023-05-29,French Open,1st Round,Clay,Lehecka J.,Struff J.L.,41.0,28.0,2.3,1.62,2.24,1.73,2.35,1.73
2023-05-29,French Open,1st Round,Clay,Giron M.,Medjedovic H.,75.0,168.0,2.1,1.73,2.13,1.8,2.25,1.8
2023-05-29,French Open,1st Round,Clay,Coric B.,Coria F.,16.0,96.0,1.13,6.0,1.12,7.64,1.15,7.64
2023-05-29,French Open,1st Round,Clay,Tirante T.A.,Van De Zandschulp B.,153.0,31.0,4.5,1.2,4.67,1.23,5.0,1.23
2023-05-29,French Open,1st Round,Clay,Cachin P.,Thiem D.,64.0,92.0,2.2,1.67,2.22,1.74,2.26,1.74
2023-05-29,French Open,1st Round,Clay,Daniel T.,O Connell C.,112.0,77.0,2.2,1.67,2.23,1.74,2.4,1.75
2023-05-29,French Open,1st Round,Clay,Norrie C.,Paire B.,13.0,149.0,1.11,6.5,1.13,7.45,1.14,7.45
2023-05-29,French Open,1st Round,Clay,Schwartzman D.,Zapata Miralles B.,95.0,38.0,2.1,1.73,2.24,1.73,2.32,1.8
2023-05-29,French Open,1st Round,Clay,Varillas J.P.,Shang J.,94.0,200.0,1.57,2.38,1.57,2.57,1.59,2.7
2023-05-29,French Open,1st Round,Clay,De Minaur A.,Ivashka I.,19.0,73.0,1.29,3.75,1.31,3.84,1.32,3.9
2023-05-29,French Open,1st Round,Clay,Shapovalov D.,Nakashima B.,32.0,45.0,2.1,1.73,2.15,1.79,2.24,1.8
2023-05-29,French Open,1st Round,Clay,Karatsev A.,Popyrin A.,62.0,85.0,1.67,2.2,1.72,2.26,1.72,2.3
2023-05-29,French Open,1st Round,Clay,Bautista Agut R.,Wu Y.,24.0,54.0,1.4,3.0,1.41,3.19,1.46,3.19
2023-05-29,French Open,1st Round,Clay,Fognini F.,Auger-Aliassime F.,130.0,10.0,3.2,1.36,3.49,1.35,3.51,1.39
2023-05-29,French Open,1st Round,Clay,Wawrinka S.,Ramos-Vinolas A.,89.0,67.0,1.36,3.2,1.43,3.07,1.43,3.4
2023-05-29,French Open,1st Round,Clay,Etcheverry T.,Draper J.,49.0,55.0,1.67,2.2,1.75,2.21,1.8,2.25
2023-05-29,French Open,1st Round,Clay,Djokovic N.,Kovacevic A.,3.0,114.0,1.01,29.0,1.02,37.53,1.02,37.53
2023-05-30,French Open,1st Round,Clay,Ruusuvuori E.,Barrere G.,46.0,58.0,1.53,2.5,1.63,2.39,1.64,2.59
2023-05-30,French Open,1st Round,Clay,Monfils G.,Baez S.,394.0,42.0,3.4,1.33,3.31,1.38,3.6,1.38
2023-05-30,French Open,1st Round,Clay,Hanfmann Y.,Monteiro T.,65.0,98.0,1.36,3.2,1.37,3.39,1.43,3.39
2023-05-30,French Open,1st Round,Clay,Dimitrov G.,Skatov T.,29.0,147.0,1.1,7.0,1.14,7.0,1.14,8.0
2023-05-30,French Open,1st Round,Clay,Fritz T.,Mmoh M.,8.0,123.0,1.02,19.0,1.04,16.94,1.04,19.0
2023-05-30,French Open,1st Round,Clay,Rinderknech A.,Gasquet R.,78.0,52.0,2.2,1.67,2.27,1.71,2.3,1.75
2023-05-30,French Open,1st Round,Clay,Pella G.,Halys Q.,423.0,88.0,3.2,1.36,3.4,1.37,3.4,1.44
2023-05-30,French Open,1st Round,Clay,Rune H.,Eubanks C.,6.0,74.0,1.02,19.0,1.04,18.32,1.04,19.0
2023-05-30,French Open,1st Round,Clay,Cerundolo F.,Munar J.,23.0,81.0,1.3,3.5,1.26,4.38,1.31,4.42
2023-05-30,French Open,1st Round,Clay,Seyboth Wild T.,Medvedev D.,172.0,2.0,11.0,1.05,10.69,1.08,11.0,1.08
2023-05-30,French Open,1st Round,Clay,Zverev A.,Harris L.,27.0,294.0,1.05,11.0,1.06,12.71,1.07,19.76
2023-05-30,French Open,1st Round,Clay,Zeppieri G.,Bublik A.,129.0,51.0,1.73,2.1,1.83,2.09,1.85,2.12
2023-05-30,French Open,1st Round,Clay,Jarry N.,Dellien H.,35.0,160.0,1.2,4.5,1.24,4.61,1.26,5.05
2023-05-30,French Open,1st Round,Clay,Ruud C.,Ymer E.,4.0,155.0,1.06,10.0,1.07,12.36,1.08,13.0
2023-05-30,French Open,1st Round,Clay,Nishioka Y.,Wolf J.J.,33.0,50.0,2.0,1.8,2.21,1.75,2.25,1.82
2023-05-30,French Open,1st Round,Clay,Paul T.,Stricker D.,17.0,116.0,1.33,3.4,1.42,3.14,1.42,3.53
2023-05-30,French Open,1st Round,Clay,Vavassori A.,Kecmanovic M.,148.0,37.0,3.0,1.4,2.86,1.48,3.0,1.49
2023-05-30,French Open,1st Round,Clay,Purcell M.,Thompson J.,68.0,76.0,2.1,1.73,2.23,1.74,2.23,1.79
2023-05-30,French Open,1st Round,Clay,Molcan A.,Gaston H.,86.0,109.0,1.57,2.38,1.65,2.38,1.68,2.66
2023-05-30,French Open,1st Round,Clay,Olivieri G.,Mpetshi G.,231.0,237.0,1.67,2.2,1.74,2.23,1.83,2.23
2023-05-31,French Open,2nd Round,Clay,Khachanov K.,Albot R.,11.0,113.0,1.17,5.0,1.15,6.36,1.18,6.36
2023-05-31,French Open,2nd Round,Clay,Djokovic N.,Fucsovics M.,3.0,83.0,1.05,11.0,1.04,17.69,1.06,18.2
2023-05-31,French Open,2nd Round,Clay,Musetti L.,Shevchenko A.,18.0,87.0,1.29,3.75,1.25,4.45,1.29,4.45
2023-05-31,French Open,2nd Round,Clay,Rublev A.,Moutet C.,7.0,61.0,1.07,9.0,1.07,11.26,1.09,11.26
2023-05-31,French Open,2nd Round,Clay,Davidovich Fokina A.,Van Assche L.,34.0,82.0,1.36,3.2,1.4,3.15,1.45,3.27
2023-05-31,French Open,2nd Round,Clay,Hurkacz H.,Griekspoor T.,14.0,39.0,1.4,3.0,1.39,3.28,1.42,3.32
2023-05-31,French Open,2nd Round,Clay,Alcaraz C.,Daniel T.,1.0,112.0,1.02,21.0,1.03,25.16,1.03,25.16
2023-05-31,French Open,2nd Round,Clay,Norrie C.,Pouille L.,13.0,675.0,1.25,4.0,1.28,4.07,1.3,4.09
2023-05-31,French Open,2nd Round,Clay,Shapovalov D.,Arnaldi M.,32.0,106.0,2.1,1.73,2.12,1.81,2.25,1.82
2023-05-31,French Open,2nd Round,Clay,Schwartzman D.,Borges N.,95.0,80.0,1.73,2.1,1.73,2.24,1.76,2.28
2023-05-31,French Open,2nd Round,Clay,Kokkinakis T.,Wawrinka S.,108.0,89.0,2.0,1.8,2.19,1.76,2.19,1.98
2023-05-31,French Open,2nd Round,Clay,Sonego L.,Humbert U.,48.0,40.0,2.1,1.73,2.23,1.74,2.25,1.8
2023-05-31,French Open,2nd Round,Clay,Tsitsipas S.,Carballes Baena R.,5.0,57.0,1.08,8.0,1.09,9.81,1.1,9.91
2023-05-31,French Open,2nd Round,Clay,Ofner S.,Korda S.,118.0,30.0,2.5,1.53,2.7,1.53,2.7,1.59
2023-05-31,French Open,2nd Round,Clay,Fognini F.,Kubler J.,130.0,69.0,1.5,2.63,1.58,2.55,1.58,2.75
2023-05-31,French Open,2nd Round,Clay,Varillas J.P.,Bautista Agut R.,94.0,24.0,3.0,1.4,3.18,1.41,3.27,1.41
2023-06-01,French Open,2nd Round,Clay,Zverev A.,Molcan A.,27.0,86.0,1.22,4.33,1.26,4.32,1.28,4.5
2023-06-01,French Open,2nd Round,Clay,Fritz T.,Rinderknech A.,8.0,78.0,1.11,6.5,1.13,7.12,1.16,9.0
2023-06-01,French Open,2nd Round,Clay,Rune H.,Monfils G.,6.0,394.0,1.07,9.0,1.07,11.53,1.11,12.5
2023-06-01,French Open,2nd Round,Clay,Cerundolo F.,Hanfmann Y.,23.0,65.0,1.44,2.75,1.47,3.0,1.51,3.0
2023-06-01,French Open,2nd Round,Clay,Giron M.,Lehecka J.,75.0,41.0,2.75,1.44,2.86,1.48,2.91,1.48
2023-06-01,French Open,2nd Round,Clay,Jarry N.,Paul T.,35.0,17.0,1.62,2.3,1.6,2.52,1.67,2.52
2023-06-01,French Open,2nd Round,Clay,Olivieri G.,Vavassori A.,231.0,148.0,3.2,1.36,3.43,1.36,3.49,1.4
2023-06-01,French Open,2nd Round,Clay,Tiafoe F.,Karatsev A.,12.0,62.0,1.91,1.91,1.95,1.95,2.01,2.09
2023-06-01,French Open,2nd Round,Clay,Dimitrov G.,Ruusuvuori E.,29.0,46.0,1.44,2.75,1.41,3.16,1.47,3.16
2023-06-01,French Open,2nd Round,Clay,Seyboth Wild T.,Pella G.,172.0,423.0,1.36,3.2,1.44,3.05,1.46,3.2
2023-06-01,French Open,2nd Round,Clay,Nishioka Y.,Purcell M.,33.0,68.0,1.36,3.2,1.37,3.37,1.39,3.4
2023-06-01,French Open,2nd Round,Clay,Altmaier D.,Sinner J.,79.0,9.0,8.0,1.08,8.93,1.1,9.25,1.1
2023-06-01,French Open,2nd Round,Clay,Ruud C.,Zeppieri G.,4.0,129.0,1.08,8.0,1.09,9.44,1.1,9.44
2023-06-01,French Open,2nd Round,Clay,Etcheverry T.,De Minaur A.,49.0,19.0,2.0,1.8,1.99,1.92,2.12,1.92
2023-06-01,French Open,2nd Round,Clay,Coric B.,Cachin P.,16.0,64.0,1.36,3.2,1.42,3.13,1.42,3.38
2023-06-01,French Open,2nd Round,Clay,Zhang Zh.,Tirante T.A.,71.0,153.0,1.57,2.38,1.63,2.43,1.64,2.46
2023-06-02,French Open,3rd Round,Clay,Varillas J.P.,Hurkacz H.,94.0,14.0,3.0,1.4,3.08,1.43,3.19,1.45
2023-06-02,French Open,3rd Round,Clay,Alcaraz C.,Shapovalov D.,1.0,32.0,1.04,13.0,1.07,11.9,1.07,14.0
2023-06-02,French Open,3rd Round,Clay,Musetti L.,Norrie C.,18.0,13.0,1.53,2.5,1.54,2.65,1.57,2.7
2023-06-02,French Open,3rd Round,Clay,Tsitsipas S.,Schwartzman D.,5.0,95.0,1.1,7.0,1.09,9.41,1.12,11.11
2023-06-02,French Open,3rd Round,Clay,Ofner S.,Fognini F.,118.0,130.0,2.2,1.67,2.28,1.71,2.31,1.79
2023-06-02,French Open,3rd Round,Clay,Khachanov K.,Kokkinakis T.,11.0,108.0,1.29,3.75,1.26,4.39,1.34,4.39
2023-06-02,French Open,3rd Round,Clay,Djokovic N.,Davidovich Fokina A.,3.0,34.0,1.13,6.0,1.14,6.57,1.16,7.25
2023-06-02,French Open,3rd Round,Clay,Sonego L.,Rublev A.,48.0,7.0,3.75,1.29,3.89,1.3,3.9,1.36
2023-06-03,French Open,3rd Round,Clay,Dimitrov G.,Altmaier D.,29.0,79.0,1.36,3.2,1.41,3.19,1.41,3.21
2023-06-03,French Open,3rd Round,Clay,Cerundolo F.,Fritz T.,23.0,8.0,2.1,1.73,2.02,1.88,2.15,1.89
2023-06-03,French Open,3rd Round,Clay,Rune H.,Olivieri G.,6.0,231.0,1.03,15.0,1.04,17.13,1.05,17.13
2023-06-03,French Open,3rd Round,Clay,Zverev A.,Tiafoe F.,27.0,12.0,1.4,3.0,1.39,3.28,1.42,3.28
2023-06-03,French Open,3rd Round,Clay,Etcheverry T.,Coric B.,49.0,16.0,1.67,2.2,1.7,2.28,1.77,2.28
2023-06-03,French Open,3rd Round,Clay,Nishioka Y.,Seyboth Wild T.,33.0,172.0,2.63,1.5,2.64,1.55,2.65,1.57
2023-06-03,French Open,3rd Round,Clay,Ruud C.,Zhang Zh.,4.0,71.0,1.13,6.0,1.13,7.13,1.14,7.13
2023-06-03,French Open,3rd Round,Clay,Jarry N.,Giron M.,35.0,75.0,1.33,3.4,1.34,3.59,1.37,3.64
2023-06-04,French Open,4th Round,Clay,Khachanov K.,Sonego L.,11.0,48.0,1.44,2.75,1.49,2.84,1.52,2.84
2023-06-04,French Open,4th Round,Clay,Djokovic N.,Varillas J.P.,3.0,94.0,1.03,15.0,1.04,18.34,1.05,18.34
2023-06-04,French Open,4th Round,Clay,Alcaraz C.,Musetti L.,1.0,18.0,1.17,5.0,1.18,5.65,1.21,5.65
2023-06-04,French Open,4th Round,Clay,Tsitsipas S.,Ofner S.,5.0,118.0,1.06,10.0,1.08,10.39,1.08,13.0
2023-06-05,French Open,4th Round,Clay,Zverev A.,Dimitrov G.,27.0,29.0,1.44,2.75,1.42,3.1,1.5,3.22
2023-06-05,French Open,4th Round,Clay,Ruud C.,Jarry N.,4.0,35.0,1.44,2.75,1.48,2.87,1.53,2.9
2023-06-05,French Open,4th Round,Clay,Rune H.,Cerundolo F.,6.0,23.0,1.33,3.4,1.37,3.38,1.4,3.4
2023-06-05,French Open,4th Round,Clay,Etcheverry T.,Nishioka Y.,49.0,33.0,1.22,4.33,1.23,4.7,1.25,4.82
2023-06-06,French Open,Quarterfinals,Clay,Alcaraz C.,Tsitsipas S.,1.0,5.0,1.2,4.5,1.22,4.93,1.24,5.1
2023-06-06,French Open,Quarterfinals,Clay,Djokovic N.,Khachanov K.,3.0,11.0,1.08,8.0,1.12,7.89,1.12,9.0
2023-06-07,French Open,Quarterfinals,Clay,Zverev A.,Etcheverry T.,27.0,49.0,1.33,3.4,1.33,3.63,1.35,3.65
2023-06-07,French Open,Quarterfinals,Clay,Ruud C.,Rune H.,4.0,6.0,1.73,2.1,1.86,2.06,1.86,2.25
2023-06-09,French Open,Semifinals,Clay,Djokovic N.,Alcaraz C.,3.0,1.0,2.63,1.5,2.59,1.57,2.8,1.57
2023-06-09,French Open,Semifinals,Clay,Ruud C.,Zverev A.,4.0,27.0,1.91,1.91,1.95,1.95,1.96,2.05
2023-06-11,French Open,The Final,Clay,Djokovic N.,Ruud C.,3.0,4.0,1.2,4.8,1.22,4.92,1.24,5.15
2023-06-12,Rosmalen Grass Court Championships,1st Round,Grass,Hijikata R.,Brouwer G.,133.0,145.0,1.73,2.1,1.85,2.05,1.85,2.15
2023-06-12,Rosmalen Grass Court Championships,1st Round,Grass,Huesler M.A.,Cressy M.,82.0,40.0,2.75,1.44,2.9,1.46,3.2,1.47
2023-06-12,Rosmalen Grass Court Championships,1st Round,Grass,Humbert U.,Kubler J.,36.0,97.0,1.5,2.63,1.63,2.41,1.63,2.77
2023-06-12,Rosmalen Grass Court Championships,1st Round,Grass,Raonic M.,Kecmanovic M.,,39.0,2.63,1.5,2.5,1.59,2.67,1.59
2023-06-12,Stuttgart Open,1st Round,Grass,Lehecka J.,Giron M.,37.0,57.0,2.3,1.62,2.61,1.55,2.61,1.67
2023-06-12,Stuttgart Open,1st Round,Grass,Watanuki Y.,Lopez F.,121.0,580.0,1.3,3.5,1.35,3.47,1.38,3.6
2023-06-12,Stuttgart Open,1st Round,Grass,Gasquet R.,Eubanks C.,55.0,75.0,1.8,2.0,1.81,2.09,1.91,2.1
2023-06-12,Stuttgart Open,1st Round,Grass,Sonego L.,Berrettini M.,41.0,21.0,2.38,1.57,2.47,1.61,2.65,1.62
2023-06-12,Stuttgart Open,1st Round,Grass,Musetti L.,Gojo B.,17.0,111.0,1.67,2.2,1.71,2.26,1.82,2.26
2023-06-13,Stuttgart Open,1st Round,Grass,Fucsovics M.,Shapovalov D.,86.0,29.0,2.0,1.8,2.13,1.79,2.15,1.85
2023-06-13,Stuttgart Open,1st Round,Grass,Wu Y.,Kyrgios N.,64.0,25.0,3.75,1.29,3.42,1.36,3.75,1.38
2023-06-13,Stuttgart Open,1st Round,Grass,Karatsev A.,Moutet C.,48.0,77.0,1.67,2.2,1.78,2.14,1.82,2.35
2023-06-13,Stuttgart Open,1st Round,Grass,Barrere G.,Otte O.,58.0,141.0,2.2,1.67,2.19,1.75,2.28,1.76
2023-06-13,Stuttgart Open,1st Round,Grass,Paul T.,Bonzi B.,16.0,76.0,1.36,3.2,1.39,3.23,1.45,3.32
2023-06-13,Rosmalen Grass Court Championships,1st Round,Grass,Bublik A.,Goffin D.,47.0,126.0,1.73,2.1,1.83,2.07,1.84,2.12
2023-06-13,Stuttgart Open,1st Round,Grass,Struff J.L.,Zhang Zh.,24.0,56.0,1.4,3.0,1.46,2.89,1.48,3.0
2023-06-13,Rosmalen Grass Court Championships,1st Round,Grass,Thompson J.,Mpetshi G.,103.0,233.0,1.2,4.5,1.23,4.68,1.26,4.71
2023-06-13,Stuttgart Open,1st Round,Grass,O Connell C.,Altmaier D.,74.0,59.0,1.73,2.1,1.75,2.19,1.76,2.26
2023-06-13,Rosmalen Grass Court Championships,1st Round,Grass,Ruusuvuori E.,Nakashima B.,42.0,54.0,2.0,1.8,2.21,1.74,2.21,1.8
2023-06-13,Rosmalen Grass Court Championships,1st Round,Grass,Griekspoor T.,Ymer M.,38.0,62.0,1.53,2.5,1.67,2.32,1.67,2.5
2023-06-13,Rosmalen Grass Court Championships,1st Round,Grass,Popyrin A.,Rinderknech A.,90.0,85.0,1.67,2.2,1.81,2.11,1.83,2.3
2023-06-13,Rosmalen Grass Court Championships,1st Round,Grass,Mcdonald M.,Ivashka I.,68.0,87.0,2.2,1.67,2.39,1.64,2.4,1.7
2023-06-13,Rosmalen Grass Court Championships,1st Round,Grass,Mannarino A.,Fils A.,52.0,66.0,1.67,2.2,1.68,2.31,1.74,2.31
2023-06-13,Rosmalen Grass Court Championships,1st Round,Grass,Djere L.,Berankis R.,60.0,212.0,2.1,1.73,2.15,1.78,2.16,1.94
2023-06-14,Rosmalen Grass Court Championships,2nd Round,Grass,Sinner J.,Bublik A.,9.0,47.0,1.29,3.75,1.37,3.4,1.37,3.75
2023-06-14,Rosmalen Grass Court Championships,2nd Round,Grass,Mcdonald M.,Coric B.,68.0,15.0,2.3,1.62,2.2,1.75,2.4,1.75
2023-06-14,Stuttgart Open,2nd Round,Grass,O Connell C.,Sonego L.,74.0,41.0,3.0,1.4,2.91,1.48,3.0,1.48
2023-06-14,Stuttgart Open,2nd Round,Grass,Hurkacz H.,Watanuki Y.,14.0,121.0,1.25,4.0,1.33,3.64,1.33,4.0
2023-06-14,Stuttgart Open,2nd Round,Grass,Musetti L.,Barrere G.,17.0,58.0,1.8,2.0,1.88,2.03,1.9,2.12
2023-06-14,Stuttgart Open,2nd Round,Grass,Tiafoe F.,Lehecka J.,12.0,37.0,1.44,2.75,1.48,2.87,1.48,3.09
2023-06-14,Rosmalen Grass Court Championships,2nd Round,Grass,Hijikata R.,Huesler M.A.,133.0,82.0,2.1,1.73,2.17,1.78,2.21,1.78
2023-06-14,Rosmalen Grass Court Championships,2nd Round,Grass,Ruusuvuori E.,Humbert U.,42.0,36.0,2.1,1.73,2.35,1.67,2.35,1.74
2023-06-15,Stuttgart Open,2nd Round,Grass,Fucsovics M.,Wu Y.,86.0,64.0,1.53,2.5,1.57,2.59,1.6,2.75
2023-06-15,Stuttgart Open,2nd Round,Grass,Fritz T.,Karatsev A.,8.0,48.0,1.2,4.5,1.19,5.42,1.24,5.42
2023-06-15,Stuttgart Open,2nd Round,Grass,Struff J.L.,Paul T.,24.0,16.0,2.3,1.62,2.55,1.58,2.56,1.71
2023-06-15,Stuttgart Open,2nd Round,Grass,Gasquet R.,Tsitsipas S.,55.0,5.0,4.0,1.25,3.87,1.31,4.12,1.33
2023-06-15,Rosmalen Grass Court Championships,2nd Round,Grass,De Minaur A.,Djere L.,18.0,60.0,1.25,4.0,1.24,4.62,1.26,4.65
2023-06-15,Rosmalen Grass Court Championships,2nd Round,Grass,Thompson J.,Raonic M.,103.0,,2.2,1.67,2.32,1.68,2.43,1.73
2023-06-15,Rosmalen Grass Court Championships,2nd Round,Grass,Mannarino A.,Medvedev D.,52.0,3.0,4.5,1.2,4.89,1.22,5.36,1.22
2023-06-15,Rosmalen Grass Court Championships,2nd Round,Grass,Griekspoor T.,Popyrin A.,38.0,90.0,1.73,2.1,1.81,2.12,1.83,2.2
2023-06-16,Stuttgart Open,Quarterfinals,Grass,Fucsovics M.,Fritz T.,86.0,8.0,4.0,1.25,3.83,1.31,4.0,1.31
2023-06-16,Rosmalen Grass Court Championships,Quarterfinals,Grass,Ruusuvuori E.,Sinner J.,42.0,9.0,4.0,1.25,4.24,1.27,5.21,1.28
2023-06-16,Rosmalen Grass Court Championships,Quarterfinals,Grass,Griekspoor T.,De Minaur A.,38.0,18.0,2.3,1.62,2.25,1.72,2.3,1.73
2023-06-16,Rosmalen Grass Court Championships,Quarterfinals,Grass,Thompson J.,Mannarino A.,103.0,52.0,2.2,1.67,2.38,1.65,2.47,1.68
2023-06-16,Rosmalen Grass Court Championships,Quarterfinals,Grass,Hijikata R.,Mcdonald M.,133.0,68.0,3.0,1.4,2.98,1.45,3.05,1.46
2023-06-16,Stuttgart Open,Quarterfinals,Grass,Tiafoe F.,Musetti L.,12.0,17.0,1.44,2.75,1.5,2.81,1.54,2.85
2023-06-16,Stuttgart Open,Quarterfinals,Grass,Struff J.L.,Gasquet R.,24.0,55.0,1.44,2.75,1.47,2.89,1.55,2.9
2023-06-16,Stuttgart Open,Quarterfinals,Grass,Hurkacz H.,O Connell C.,14.0,74.0,1.4,3.0,1.42,3.12,1.47,3.12
2023-06-17,Stuttgart Open,Semifinals,Grass,Struff J.L.,Hurkacz H.,24.0,14.0,2.2,1.67,2.32,1.68,2.32,1.83
2023-06-17,Stuttgart Open,Semifinals,Grass,Tiafoe F.,Fucsovics M.,12.0,86.0,1.57,2.38,1.69,2.31,1.73,2.38
2023-06-17,Rosmalen Grass Court Championships,Semifinals,Grass,Griekspoor T.,Ruusuvuori E.,38.0,42.0,2.3,1.62,2.58,1.57,2.58,1.68
2023-06-17,Rosmalen Grass Court Championships,Semifinals,Grass,Thompson J.,Hijikata R.,103.0,133.0,1.44,2.75,1.41,3.18,1.46,3.18
2023-06-18,Stuttgart Open,The Final,Grass,Tiafoe F.,Struff J.L.,12.0,24.0,1.8,2.0,1.77,2.18,1.85,2.18
2023-06-18,Rosmalen Grass Court Championships,The Final,Grass,Griekspoor T.,Thompson J.,38.0,103.0,1.62,2.3,1.66,2.37,1.71,2.4
2023-06-19,Queen's Club Championships,1st Round,Grass,Norrie C.,Kecmanovic M.,13.0,40.0,1.33,3.4,1.32,3.68,1.37,3.7
2023-06-19,Queen's Club Championships,1st Round,Grass,Cerundolo F.,Paul T.,19.0,15.0,3.4,1.33,3.38,1.36,3.56,1.4
2023-06-19,Queen's Club Championships,1st Round,Grass,Musetti L.,Choinski J.,16.0,167.0,1.08,8.0,1.13,6.91,1.13,8.0
2023-06-19,Queen's Club Championships,1st Round,Grass,Schwartzman D.,Mcdonald M.,107.0,67.0,4.0,1.25,3.86,1.3,4.0,1.3
2023-06-19,Queen's Club Championships,1st Round,Grass,Korda S.,Evans D.,32.0,25.0,1.8,2.0,2.0,1.89,2.0,2.0
2023-06-19,Queen's Club Championships,1st Round,Grass,Shelton B.,Wolf J.J.,35.0,47.0,2.1,1.73,2.04,1.85,2.1,1.85
2023-06-19,Queen's Club Championships,1st Round,Grass,Peniston R.,Humbert U.,265.0,37.0,4.5,1.2,4.55,1.24,4.55,1.25
2023-06-19,Halle Open,1st Round,Grass,Shapovalov D.,Harris L.,27.0,291.0,1.4,3.0,1.41,3.14,1.43,3.14
2023-06-19,Halle Open,1st Round,Grass,Djere L.,Otte O.,65.0,228.0,2.0,1.8,2.1,1.81,2.1,1.84
2023-06-19,Halle Open,1st Round,Grass,Nakashima B.,Ymer M.,54.0,63.0,1.36,3.2,1.38,3.3,1.44,3.34
2023-06-19,Halle Open,1st Round,Grass,Jarry N.,Moutet C.,28.0,79.0,1.62,2.3,1.6,2.47,1.68,2.47
2023-06-19,Halle Open,1st Round,Grass,Tsitsipas S.,Barrere G.,5.0,58.0,1.2,4.5,1.21,4.92,1.21,5.0
2023-06-19,Halle Open,1st Round,Grass,Medvedev D.,Giron M.,3.0,57.0,1.13,6.0,1.18,5.56,1.18,6.05
2023-06-20,Halle Open,1st Round,Grass,Sinner J.,Gasquet R.,9.0,49.0,1.2,4.5,1.21,4.87,1.22,5.0
2023-06-20,Queen's Club Championships,1st Round,Grass,Fritz T.,Zapata Miralles B.,8.0,50.0,1.06,10.0,1.09,9.64,1.09,10.0
2023-06-20,Halle Open,1st Round,Grass,Sonego L.,Karatsev A.,39.0,45.0,1.4,3.0,1.48,2.83,1.48,3.2
2023-06-20,Queen's Club Championships,1st Round,Grass,Dimitrov G.,Ruusuvuori E.,26.0,44.0,1.67,2.2,1.61,2.44,1.68,2.46
2023-06-20,Queen's Club Championships,1st Round,Grass,Tiafoe F.,Van De Zandschulp B.,10.0,41.0,1.44,2.75,1.51,2.72,1.55,2.75
2023-06-20,Queen's Club Championships,1st Round,Grass,Thompson J.,Popyrin A.,76.0,94.0,1.5,2.63,1.54,2.61,1.62,2.63
2023-06-20,Queen's Club Championships,1st Round,Grass,Alcaraz C.,Rinderknech A.,2.0,83.0,1.1,7.0,1.13,6.69,1.15,7.0
2023-06-20,Queen's Club Championships,1st Round,Grass,Lehecka J.,Davidovich Fokina A.,36.0,33.0,2.2,1.67,2.22,1.73,2.35,1.8
2023-06-20,Queen's Club Championships,1st Round,Grass,Mannarino A.,Broady L.,46.0,143.0,1.4,3.0,1.41,3.27,1.41,3.3
2023-06-20,Queen's Club Championships,1st Round,Grass,Rune H.,Cressy M.,6.0,42.0,1.5,2.63,1.53,2.68,1.57,2.8
2023-06-20,Halle Open,1st Round,Grass,Bautista Agut R.,Vavassori A.,23.0,128.0,1.2,4.5,1.21,4.87,,
2023-06-20,Queen's Club Championships,1st Round,Grass,De Minaur A.,Murray A.,18.0,38.0,2.2,1.67,2.35,1.66,2.35,1.83
2023-06-20,Halle Open,1st Round,Grass,Hanfmann Y.,Wessels L.,53.0,347.0,1.22,4.33,1.23,4.7,1.23,5.0
2023-06-20,Halle Open,1st Round,Grass,Rublev A.,Wu Y.,7.0,59.0,1.3,3.5,1.34,3.53,1.35,3.75
2023-06-20,Halle Open,1st Round,Grass,Griekspoor T.,Carballes Baena R.,29.0,52.0,1.22,4.33,1.24,4.5,1.24,4.6
2023-06-20,Halle Open,1st Round,Grass,Zverev A.,Thiem D.,22.0,89.0,1.13,6.0,1.15,6.2,1.16,6.25
2023-06-20,Halle Open,1st Round,Grass,Bublik A.,Coric B.,48.0,14.0,1.8,2.0,1.86,2.03,1.91,2.1
2023-06-20,Halle Open,1st Round,Grass,Hurkacz H.,Eubanks C.,17.0,77.0,1.3,3.5,1.33,3.62,1.33,4.45
2023-06-21,Halle Open,2nd Round,Grass,Medvedev D.,Djere L.,3.0,65.0,1.08,8.0,1.11,8.55,1.12,8.55
2023-06-21,Queen's Club Championships,2nd Round,Grass,Korda S.,Tiafoe F.,32.0,10.0,2.3,1.62,2.55,1.58,2.55,1.67
2023-06-21,Queen's Club Championships,2nd Round,Grass,Rune H.,Peniston R.,6.0,265.0,1.3,3.5,1.33,3.64,1.36,3.65
2023-06-21,Queen's Club Championships,2nd Round,Grass,Norrie C.,Thompson J.,13.0,76.0,1.5,2.63,1.54,2.67,1.56,2.67
2023-06-21,Queen's Club Championships,2nd Round,Grass,Musetti L.,Shelton B.,16.0,35.0,1.62,2.3,1.67,2.33,1.71,2.36
2023-06-21,Halle Open,2nd Round,Grass,Zverev A.,Shapovalov D.,22.0,27.0,1.4,3.0,1.45,2.99,1.48,3.0
2023-06-21,Halle Open,2nd Round,Grass,Jarry N.,Tsitsipas S.,28.0,5.0,3.0,1.4,3.22,1.4,3.22,1.47
2023-06-21,Halle Open,1st Round,Grass,Struff J.L.,Safiullin R.,21.0,99.0,1.44,2.75,1.5,2.76,1.56,3.13
2023-06-21,Halle Open,2nd Round,Grass,Bautista Agut R.,Nakashima B.,23.0,54.0,1.67,2.2,1.78,2.17,1.8,2.3
2023-06-22,Queen's Club Championships,2nd Round,Grass,Dimitrov G.,Cerundolo F.,26.0,19.0,1.36,3.2,1.35,3.5,1.41,3.68
2023-06-22,Queen's Club Championships,2nd Round,Grass,Alcaraz C.,Lehecka J.,2.0,36.0,1.2,4.5,1.23,4.71,1.27,4.79
2023-06-22,Halle Open,2nd Round,Grass,Sinner J.,Sonego L.,9.0,39.0,1.29,3.75,1.3,3.95,1.33,3.95
2023-06-22,Halle Open,2nd Round,Grass,Bublik A.,Struff J.L.,48.0,21.0,2.38,1.57,2.47,1.61,2.54,1.67
2023-06-22,Halle Open,2nd Round,Grass,Rublev A.,Hanfmann Y.,7.0,53.0,1.2,4.5,1.22,4.92,1.24,4.92
2023-06-22,Halle Open,2nd Round,Grass,Griekspoor T.,Hurkacz H.,29.0,17.0,2.5,1.53,2.54,1.58,3.08,1.6
2023-06-22,Queen's Club Championships,2nd Round,Grass,De Minaur A.,Schwartzman D.,18.0,107.0,1.14,5.5,1.17,5.95,1.2,5.95
2023-06-22,Queen's Club Championships,2nd Round,Grass,Mannarino A.,Fritz T.,46.0,8.0,3.75,1.29,3.68,1.31,3.8,1.33
2023-06-23,Halle Open,Quarterfinals,Grass,Bublik A.,Sinner J.,48.0,9.0,3.4,1.33,3.39,1.37,3.4,1.42
2023-06-23,Queen's Club Championships,Quarterfinals,Grass,De Minaur A.,Mannarino A.,18.0,46.0,1.5,2.63,1.48,2.88,1.57,2.93
2023-06-23,Queen's Club Championships,Quarterfinals,Grass,Rune H.,Musetti L.,6.0,16.0,1.57,2.38,1.61,2.47,1.68,2.49
2023-06-23,Queen's Club Championships,Quarterfinals,Grass,Korda S.,Norrie C.,32.0,13.0,1.8,2.0,1.96,1.94,1.96,2.17
2023-06-23,Queen's Club Championships,Quarterfinals,Grass,Alcaraz C.,Dimitrov G.,2.0,26.0,1.36,3.2,1.38,3.31,1.43,3.31
2023-06-23,Halle Open,Quarterfinals,Grass,Zverev A.,Jarry N.,22.0,28.0,1.36,3.2,1.4,3.21,1.47,3.53
2023-06-23,Halle Open,Quarterfinals,Grass,Rublev A.,Griekspoor T.,7.0,29.0,1.53,2.5,1.54,2.67,1.54,2.78
2023-06-23,Halle Open,Quarterfinals,Grass,Bautista Agut R.,Medvedev D.,23.0,3.0,3.4,1.33,3.38,1.37,3.4,1.39
2023-06-24,Halle Open,Semifinals,Grass,Rublev A.,Bautista Agut R.,7.0,23.0,1.8,2.0,1.88,2.02,1.91,2.06
2023-06-24,Halle Open,Semifinals,Grass,Bublik A.,Zverev A.,48.0,22.0,2.75,1.44,2.88,1.48,3.0,1.5
2023-06-24,Queen's Club Championships,Semifinals,Grass,De Minaur A.,Rune H.,18.0,6.0,1.91,1.91,1.85,2.07,2.03,2.07
2023-06-24,Queen's Club Championships,Semifinals,Grass,Alcaraz C.,Korda S.,2.0,32.0,1.33,3.4,1.35,3.49,1.4,3.52
2023-06-25,Halle Open,The Final,Grass,Bublik A.,Rublev A.,48.0,7.0,2.2,1.67,2.38,1.65,2.38,1.7
2023-06-25,Mallorca Championships,1st Round,Grass,Pella G.,Giron M.,334.0,63.0,5.0,1.17,5.04,1.2,5.04,1.22
2023-06-25,Mallorca Championships,1st Round,Grass,Moutet C.,O Connell C.,80.0,70.0,2.75,1.44,2.74,1.51,2.83,1.51
2023-06-25,Queen's Club Championships,The Final,Grass,Alcaraz C.,De Minaur A.,2.0,18.0,1.29,3.75,1.33,3.64,1.38,3.8
2023-06-26,Eastbourne International,1st Round,Grass,Baez S.,Borges N.,44.0,68.0,2.63,1.5,2.67,1.53,2.7,1.54
2023-06-26,Mallorca Championships,1st Round,Grass,Kotov P.,Tu L.,116.0,247.0,1.67,2.2,1.7,2.27,1.74,2.3
2023-06-26,Mallorca Championships,1st Round,Grass,Safiullin R.,Shelbayh A.,94.0,240.0,1.4,3.0,1.45,2.95,1.45,3.0
2023-06-26,Mallorca Championships,1st Round,Grass,Carballes Baena R.,Ivashka I.,53.0,102.0,4.0,1.25,3.99,1.28,4.2,1.29
2023-06-26,Mallorca Championships,1st Round,Grass,Eubanks C.,Michelsen A.,77.0,250.0,1.5,2.63,1.55,2.62,1.55,2.85
2023-06-26,Mallorca Championships,1st Round,Grass,Harris L.,Zapata Miralles B.,298.0,50.0,1.5,2.63,1.51,2.72,1.51,8.39
2023-06-26,Mallorca Championships,1st Round,Grass,Hanfmann Y.,Cachin P.,48.0,67.0,1.44,2.75,1.52,2.7,1.52,3.24
2023-06-26,Mallorca Championships,1st Round,Grass,Thompson J.,Gasquet R.,71.0,49.0,1.53,2.5,1.56,2.57,1.59,2.72
2023-06-26,Eastbourne International,1st Round,Grass,Barrere G.,Ruusuvuori E.,57.0,45.0,3.0,1.4,2.94,1.45,3.0,1.46
2023-06-26,Eastbourne International,1st Round,Grass,Huesler M.A.,Peniston R.,83.0,267.0,1.8,2.0,1.93,1.96,1.95,2.05
2023-06-26,Eastbourne International,1st Round,Grass,Vukic A.,Nakashima B.,91.0,51.0,3.2,1.36,3.27,1.38,3.46,1.38
2023-06-26,Eastbourne International,1st Round,Grass,Van Assche L.,Loffhagen G.,79.0,367.0,1.44,2.75,1.5,2.76,1.56,2.83
2023-06-26,Eastbourne International,1st Round,Grass,Kecmanovic M.,Wu Y.,41.0,59.0,2.1,1.73,2.03,1.87,2.22,1.89
2023-06-26,Eastbourne International,1st Round,Grass,Wolf J.J.,Etcheverry T.,46.0,32.0,1.67,2.2,1.68,2.31,1.8,2.31
2023-06-27,Mallorca Championships,1st Round,Grass,Lestienne C.,Kubler J.,73.0,74.0,3.2,1.36,3.61,1.33,3.61,1.37
2023-06-27,Mallorca Championships,2nd Round,Grass,Mannarino A.,Pella G.,43.0,334.0,1.25,4.0,1.27,4.22,1.31,4.22
2023-06-27,Mallorca Championships,2nd Round,Grass,Harris L.,Safiullin R.,298.0,94.0,2.0,1.8,2.04,1.87,2.13,1.87
2023-06-27,Mallorca Championships,2nd Round,Grass,Moutet C.,Carballes Baena R.,80.0,53.0,1.4,3.0,1.45,2.97,1.49,3.0
2023-06-27,Mallorca Championships,1st Round,Grass,Lopez F.,Purcell M.,634.0,62.0,2.5,1.53,2.42,1.63,2.83,1.63
2023-06-27,Mallorca Championships,1st Round,Grass,Rinderknech A.,Ramos-Vinolas A.,85.0,72.0,1.25,4.0,1.36,3.42,1.37,4.0
2023-06-27,Mallorca Championships,2nd Round,Grass,Kotov P.,Davidovich Fokina A.,116.0,34.0,3.75,1.29,4.06,1.28,4.06,1.33
2023-06-27,Eastbourne International,1st Round,Grass,Mcdonald M.,Cecchinato M.,64.0,88.0,1.14,5.5,1.17,5.65,1.21,5.84
2023-06-27,Eastbourne International,1st Round,Grass,Ymer M.,Van De Zandschulp B.,61.0,42.0,2.2,1.67,2.11,1.8,2.25,1.83
2023-06-27,Eastbourne International,1st Round,Grass,Cressy M.,Galan D.E.,55.0,84.0,1.4,3.0,1.44,3.0,1.48,3.07
2023-06-27,Eastbourne International,1st Round,Grass,Zhang Zh.,Sonego L.,54.0,40.0,4.5,1.2,4.74,1.21,4.85,1.25
2023-06-27,Eastbourne International,1st Round,Grass,Broady L.,Choinski J.,147.0,167.0,1.36,3.2,1.35,3.49,1.4,3.51
2023-06-28,Mallorca Championships,2nd Round,Grass,Rinderknech A.,Lestienne C.,85.0,73.0,1.5,2.63,1.6,2.51,1.6,2.63
2023-06-28,Eastbourne International,2nd Round,Grass,Barrere G.,Jarry N.,57.0,28.0,2.5,1.53,2.57,1.57,2.75,1.59
2023-06-28,Eastbourne International,2nd Round,Grass,Mcdonald M.,Fritz T.,64.0,9.0,3.5,1.3,3.97,1.29,4.0,1.31
2023-06-28,Eastbourne International,2nd Round,Grass,Ymer M.,Broady L.,61.0,147.0,1.53,2.5,1.68,2.34,1.68,2.5
2023-06-28,Eastbourne International,2nd Round,Grass,Kecmanovic M.,Vukic A.,41.0,91.0,1.57,2.38,1.74,2.22,1.75,2.38
2023-06-28,Eastbourne International,2nd Round,Grass,Cerundolo F.,Huesler M.A.,19.0,83.0,1.8,2.0,1.85,2.06,1.88,2.06
2023-06-28,Eastbourne International,2nd Round,Grass,Paul T.,Baez S.,17.0,44.0,1.2,4.5,1.21,4.98,1.22,5.04
2023-06-28,Mallorca Championships,2nd Round,Grass,Eubanks C.,Shelton B.,77.0,35.0,2.2,1.67,2.27,1.71,2.38,1.74
2023-06-28,Mallorca Championships,2nd Round,Grass,Hanfmann Y.,Tsitsipas S.,48.0,5.0,3.5,1.3,3.76,1.32,3.8,1.36
2023-06-28,Mallorca Championships,2nd Round,Grass,Lopez F.,Thompson J.,634.0,71.0,5.0,1.17,4.92,1.22,5.22,1.22
2023-06-28,Eastbourne International,2nd Round,Grass,Zhang Zh.,Cressy M.,54.0,55.0,2.63,1.5,2.58,1.57,2.73,1.58
2023-06-28,Eastbourne International,2nd Round,Grass,Wolf J.J.,Van Assche L.,46.0,79.0,1.36,3.2,1.37,3.39,1.4,3.5
2023-06-29,Mallorca Championships,Quarterfinals,Grass,Harris L.,Kotov P.,298.0,116.0,1.36,3.2,1.43,3.1,1.44,3.2
2023-06-29,Mallorca Championships,Quarterfinals,Grass,Eubanks C.,Rinderknech A.,77.0,85.0,2.1,1.73,2.16,1.78,2.16,1.84
2023-06-29,Eastbourne International,Quarterfinals,Grass,Barrere G.,Kecmanovic M.,57.0,41.0,1.91,1.91,2.01,1.9,2.01,2.0
2023-06-29,Mallorca Championships,Quarterfinals,Grass,Hanfmann Y.,Lopez F.,48.0,634.0,1.44,2.75,1.56,2.72,1.56,2.8
2023-06-29,Eastbourne International,Quarterfinals,Grass,Cerundolo F.,Zhang Zh.,19.0,54.0,1.73,2.1,1.71,2.27,1.85,2.41
2023-06-29,Eastbourne International,Quarterfinals,Grass,Mcdonald M.,Ymer M.,64.0,61.0,1.67,2.2,1.6,2.5,1.68,2.5
2023-06-29,Eastbourne International,Quarterfinals,Grass,Paul T.,Wolf J.J.,17.0,46.0,1.5,2.63,1.51,2.76,1.53,2.79
2023-06-29,Mallorca Championships,Quarterfinals,Grass,Mannarino A.,Moutet C.,43.0,80.0,1.44,2.75,1.5,2.8,1.5,2.8
2023-06-30,Mallorca Championships,Semifinals,Grass,Mannarino A.,Hanfmann Y.,43.0,48.0,1.91,1.91,1.85,2.06,1.91,2.76
2023-06-30,Mallorca Championships,Semifinals,Grass,Eubanks C.,Harris L.,77.0,298.0,2.1,1.73,2.13,1.8,2.2,1.8
2023-07-01,Mallorca Championships,The Final,Grass,Eubanks C.,Mannarino A.,77.0,43.0,2.63,1.5,2.88,1.53,2.88,1.6
2023-07-01,Eastbourne International,Semifinals,Grass,Cerundolo F.,Mcdonald M.,19.0,64.0,1.67,2.2,1.82,2.11,1.84,2.22
2023-07-01,Eastbourne International,The Final,Grass,Cerundolo F.,Paul T.,19.0,17.0,2.2,1.67,2.21,1.74,2.4,1.76
2023-07-01,Eastbourne International,Semifinals,Grass,Paul T.,Barrere G.,17.0,57.0,1.44,2.75,1.45,2.97,1.48,2.98
2023-07-03,Wimbledon,1st Round,Grass,Sinner J.,Cerundolo J.M.,8.0,111.0,1.02,19.0,1.03,21.56,1.03,22.3
2023-07-03,Wimbledon,1st Round,Grass,Galan D.E.,Nishioka Y.,85.0,27.0,2.1,1.73,2.25,1.72,2.25,1.81
2023-07-03,Wimbledon,1st Round,Grass,Wawrinka S.,Ruusuvuori E.,88.0,47.0,3.0,1.4,3.47,1.36,3.51,1.45
2023-07-03,Wimbledon,1st Round,Grass,Schwartzman D.,Kecmanovic M.,98.0,41.0,2.75,1.44,2.75,1.52,2.8,1.58
2023-07-03,Wimbledon,1st Round,Grass,Bublik A.,Mcdonald M.,26.0,54.0,1.44,2.75,1.51,2.78,1.52,2.95
2023-07-03,Wimbledon,1st Round,Grass,Otte O.,Koepfer D.,233.0,86.0,1.62,2.3,1.73,2.24,1.74,2.36
2023-07-03,Wimbledon,1st Round,Grass,Ymer M.,Molcan A.,59.0,83.0,1.44,2.75,1.43,3.1,1.55,3.11
2023-07-03,Wimbledon,1st Round,Grass,Choinski J.,Lajovic D.,164.0,56.0,2.63,1.5,2.66,1.54,2.75,1.56
2023-07-03,Wimbledon,1st Round,Grass,Ruud C.,Lokoli L.,4.0,199.0,1.17,5.0,1.17,5.9,1.2,6.0
2023-07-03,Wimbledon,1st Round,Grass,Munar J.,Isner J.,109.0,103.0,3.2,1.36,3.05,1.44,3.3,1.45
2023-07-03,Wimbledon,1st Round,Grass,Wolf J.J.,Couacaud E.,48.0,158.0,1.22,4.33,1.25,4.49,1.32,4.53
2023-07-03,Wimbledon,1st Round,Grass,Vukic A.,Altmaier D.,87.0,66.0,1.44,2.75,1.44,3.03,1.54,3.03
2023-07-03,Wimbledon,1st Round,Grass,Goffin D.,Marozsan F.,123.0,96.0,1.44,2.75,1.54,2.64,1.6,2.91
2023-07-03,Wimbledon,1st Round,Grass,Moutet C.,Gasquet R.,71.0,51.0,2.38,1.57,2.49,1.61,2.55,1.66
2023-07-03,Wimbledon,1st Round,Grass,Mmoh M.,Auger-Aliassime F.,119.0,12.0,6.5,1.11,6.24,1.16,8.01,1.16
2023-07-03,Wimbledon,1st Round,Grass,Djokovic N.,Cachin P.,2.0,68.0,1.01,34.0,1.01,28.03,1.02,34.0
2023-07-03,Wimbledon,1st Round,Grass,Hurkacz H.,Ramos-Vinolas A.,18.0,76.0,1.06,10.0,1.06,12.53,1.08,13.0
2023-07-03,Wimbledon,1st Round,Grass,Marterer M.,Gojo B.,170.0,112.0,2.0,1.8,2.26,1.71,2.26,1.9
2023-07-03,Wimbledon,1st Round,Grass,Rublev A.,Purcell M.,7.0,64.0,1.06,10.0,1.08,10.52,1.1,11.22
2023-07-03,Wimbledon,1st Round,Grass,Thompson J.,Nakashima B.,70.0,55.0,1.91,1.91,1.88,2.04,1.95,2.06
2023-07-03,Wimbledon,1st Round,Grass,Karatsev A.,Van Assche L.,50.0,75.0,1.73,2.1,1.63,2.45,1.84,2.45
2023-07-03,Wimbledon,1st Round,Grass,Musetti L.,Varillas J.P.,16.0,63.0,1.06,10.0,1.07,11.93,1.08,13.5
2023-07-03,Wimbledon,1st Round,Grass,Barrios M.,Baez S.,133.0,46.0,2.1,1.73,1.99,1.92,2.2,1.92
2023-07-03,Wimbledon,1st Round,Grass,Broady L.,Lestienne C.,142.0,74.0,1.5,2.63,1.51,2.75,1.57,2.76
2023-07-04,Wimbledon,1st Round,Grass,Etcheverry T.,Zapata Miralles B.,32.0,53.0,1.44,2.75,1.4,3.22,1.63,3.27
2023-07-04,Wimbledon,1st Round,Grass,Halys Q.,Evans D.,79.0,30.0,2.0,1.8,1.97,1.93,2.15,1.95
2023-07-04,Wimbledon,1st Round,Grass,Norrie C.,Machac T.,13.0,108.0,1.22,4.33,1.22,4.94,1.3,5.32
2023-07-04,Wimbledon,1st Round,Grass,Alcaraz C.,Chardy J.,1.0,542.0,1.01,29.0,1.02,34.08,1.03,34.08
2023-07-04,Wimbledon,1st Round,Grass,Murray A.,Peniston R.,40.0,268.0,1.1,7.0,1.11,8.4,1.12,8.4
2023-07-05,Wimbledon,1st Round,Grass,Shapovalov D.,Albot R.,29.0,107.0,1.2,4.5,1.25,4.43,1.27,4.54
2023-07-05,Wimbledon,2nd Round,Grass,Sinner J.,Schwartzman D.,8.0,98.0,1.05,11.0,1.06,13.38,1.07,13.38
2023-07-05,Wimbledon,2nd Round,Grass,Djokovic N.,Thompson J.,2.0,70.0,1.03,15.0,1.03,21.62,1.04,21.62
2023-07-05,Wimbledon,1st Round,Grass,Fucsovics M.,Griekspoor T.,67.0,31.0,2.0,1.8,2.11,1.81,2.17,1.86
2023-07-05,Wimbledon,1st Round,Grass,Djere L.,Cressy M.,60.0,58.0,2.2,1.67,2.34,1.67,2.35,1.71
2023-07-05,Wimbledon,1st Round,Grass,Shelton B.,Daniel T.,36.0,106.0,1.36,3.2,1.41,3.18,1.46,3.2
2023-07-05,Wimbledon,1st Round,Grass,Ivashka I.,Coria F.,102.0,104.0,1.08,8.0,1.11,7.76,1.13,8.5
2023-07-05,Wimbledon,1st Round,Grass,Giron M.,Dellien H.,65.0,171.0,1.03,15.0,1.04,17.68,1.06,18.4
2023-07-05,Wimbledon,1st Round,Grass,Eubanks C.,Monteiro T.,43.0,95.0,1.25,4.0,1.28,4.09,1.33,4.16
2023-07-05,Wimbledon,1st Round,Grass,Vesely J.,Korda S.,528.0,25.0,7.0,1.1,7.98,1.12,8.0,1.13
2023-07-05,Wimbledon,1st Round,Grass,Rune H.,Loffhagen G.,6.0,371.0,1.05,11.0,1.06,12.49,1.06,14.0
2023-07-05,Wimbledon,1st Round,Grass,Tsitsipas S.,Thiem D.,5.0,91.0,1.17,5.0,1.19,5.45,1.22,5.45
2023-07-05,Wimbledon,1st Round,Grass,Fritz T.,Hanfmann Y.,9.0,45.0,1.22,4.33,1.29,3.99,1.3,4.6
2023-07-05,Wimbledon,1st Round,Grass,Mannarino A.,Shevchenko A.,35.0,97.0,1.2,4.5,1.24,4.6,1.25,5.0
2023-07-05,Wimbledon,1st Round,Grass,Mayot H.,Bonzi B.,181.0,94.0,1.62,2.3,1.66,2.39,1.67,2.47
2023-07-05,Wimbledon,1st Round,Grass,Cerundolo F.,Borges N.,19.0,69.0,1.22,4.33,1.28,4.12,1.3,4.34
2023-07-05,Wimbledon,1st Round,Grass,Stricker D.,Popyrin A.,117.0,93.0,1.62,2.3,1.69,2.31,1.76,2.32
2023-07-05,Wimbledon,1st Round,Grass,Raonic M.,Novak D.,849.0,159.0,1.91,1.91,2.0,1.91,2.02,2.0
2023-07-05,Wimbledon,1st Round,Grass,Lehecka J.,Ofner S.,37.0,72.0,1.57,2.38,1.68,2.32,1.69,2.47
2023-07-05,Wimbledon,1st Round,Grass,Tiafoe F.,Wu Y.,10.0,62.0,1.14,5.5,1.21,5.09,1.21,5.55
2023-07-05,Wimbledon,1st Round,Grass,Paul T.,Mochizuki S.,15.0,212.0,1.11,6.5,1.16,6.32,1.19,7.2
2023-07-05,Wimbledon,1st Round,Grass,Barrere G.,Harris L.,49.0,208.0,2.1,1.73,2.11,1.82,2.15,1.82
2023-07-05,Wimbledon,1st Round,Grass,Medvedev D.,Fery A.,3.0,391.0,1.01,29.0,1.02,39.1,1.02,39.1
2023-07-05,Wimbledon,1st Round,Grass,Pella G.,Coric B.,308.0,14.0,3.2,1.36,3.15,1.41,3.2,1.47
2023-07-05,Wimbledon,1st Round,Grass,Muller A.,Rinderknech A.,84.0,82.0,4.33,1.22,4.38,1.26,4.38,1.27
2023-07-05,Wimbledon,1st Round,Grass,Safiullin R.,Bautista Agut R.,92.0,23.0,3.5,1.3,3.82,1.31,3.85,1.36
2023-07-05,Wimbledon,1st Round,Grass,Dimitrov G.,Shimabukuro S.,24.0,162.0,1.05,11.0,1.07,11.25,1.08,11.25
2023-07-06,Wimbledon,2nd Round,Grass,Safiullin R.,Moutet C.,92.0,71.0,1.67,2.2,1.64,2.42,1.77,2.65
2023-07-06,Wimbledon,2nd Round,Grass,Rublev A.,Karatsev A.,7.0,50.0,1.2,4.5,1.2,5.27,1.21,5.27
2023-07-06,Wimbledon,2nd Round,Grass,Broady L.,Ruud C.,142.0,4.0,4.5,1.2,4.58,1.24,5.16,1.25
2023-07-06,Wimbledon,2nd Round,Grass,Galan D.E.,Otte O.,85.0,233.0,2.75,1.44,2.58,1.57,2.75,1.57
2023-07-06,Wimbledon,2nd Round,Grass,Paul T.,Raonic M.,15.0,849.0,1.44,2.75,1.52,2.73,1.54,2.91
2023-07-06,Wimbledon,2nd Round,Grass,Tiafoe F.,Stricker D.,10.0,117.0,1.2,4.5,1.2,5.33,1.22,5.45
2023-07-06,Wimbledon,2nd Round,Grass,Lehecka J.,Cerundolo F.,37.0,19.0,2.0,1.8,2.01,1.9,2.03,1.95
2023-07-06,Wimbledon,2nd Round,Grass,Pella G.,Mayot H.,308.0,181.0,2.2,1.67,2.37,1.66,2.45,1.79
2023-07-06,Wimbledon,2nd Round,Grass,Ymer M.,Fritz T.,59.0,9.0,4.5,1.2,4.46,1.25,4.6,1.27
2023-07-06,Wimbledon,2nd Round,Grass,Shapovalov D.,Barrere G.,29.0,49.0,1.57,2.38,1.55,2.64,1.62,2.64
2023-07-06,Wimbledon,2nd Round,Grass,Djere L.,Shelton B.,60.0,36.0,2.5,1.53,2.5,1.6,2.65,1.61
2023-07-06,Wimbledon,2nd Round,Grass,Dimitrov G.,Ivashka I.,24.0,102.0,1.17,5.0,1.16,6.16,1.19,6.3
2023-07-06,Wimbledon,2nd Round,Grass,Goffin D.,Barrios M.,123.0,133.0,1.36,3.2,1.41,3.18,1.41,3.39
2023-07-06,Wimbledon,2nd Round,Grass,Bublik A.,Wolf J.J.,26.0,48.0,1.44,2.75,1.5,2.79,1.53,2.85
2023-07-06,Wimbledon,2nd Round,Grass,Wawrinka S.,Etcheverry T.,88.0,32.0,1.5,2.63,1.54,2.66,1.58,2.75
2023-07-06,Wimbledon,2nd Round,Grass,Hurkacz H.,Choinski J.,18.0,164.0,1.07,9.0,1.07,12.26,1.07,12.26
2023-07-06,Wimbledon,2nd Round,Grass,Marterer M.,Mmoh M.,170.0,119.0,1.8,2.0,1.92,1.99,1.92,2.05
2023-07-06,Wimbledon,1st Round,Grass,Davidovich Fokina A.,Fils A.,34.0,61.0,1.67,2.2,1.72,2.26,1.72,2.4
2023-07-06,Wimbledon,1st Round,Grass,Van De Zandschulp B.,Zhang Zh.,44.0,52.0,1.67,2.2,1.69,2.31,1.76,2.31
2023-07-06,Wimbledon,1st Round,Grass,Watanuki Y.,Huesler M.A.,116.0,81.0,1.8,2.0,1.81,2.12,1.88,2.12
2023-07-06,Wimbledon,1st Round,Grass,Zverev A.,Brouwer G.,21.0,153.0,1.07,9.0,1.09,9.28,1.1,10.39
2023-07-06,Wimbledon,1st Round,Grass,O Connell C.,Medjedovic H.,73.0,156.0,1.62,2.3,1.6,2.51,1.67,2.55
2023-07-06,Wimbledon,1st Round,Grass,Carballes Baena R.,Arnaldi M.,57.0,80.0,2.75,1.44,2.77,1.51,3.04,1.55
2023-07-06,Wimbledon,1st Round,Grass,Kubler J.,Humbert U.,77.0,39.0,2.3,1.62,2.45,1.62,2.45,1.67
2023-07-06,Wimbledon,1st Round,Grass,Jarry N.,Cecchinato M.,28.0,89.0,1.05,11.0,1.06,13.12,1.06,16.63
2023-07-06,Wimbledon,1st Round,Grass,Berrettini M.,Sonego L.,38.0,42.0,2.5,1.53,2.58,1.57,2.75,1.6
2023-07-06,Wimbledon,2nd Round,Grass,Halys Q.,Vukic A.,79.0,87.0,1.67,2.2,1.69,2.3,1.71,2.36
2023-07-06,Wimbledon,2nd Round,Grass,Musetti L.,Munar J.,16.0,109.0,1.14,5.5,1.16,6.32,1.18,6.65
2023-07-06,Wimbledon,1st Round,Grass,De Minaur A.,Coppejans K.,17.0,188.0,1.03,17.0,1.04,17.4,1.05,18.0
2023-07-07,Wimbledon,2nd Round,Grass,Tsitsipas S.,Murray A.,5.0,40.0,2.1,1.73,2.11,1.82,2.25,1.82
2023-07-07,Wimbledon,3rd Round,Grass,Djokovic N.,Wawrinka S.,2.0,88.0,1.04,15.0,1.05,16.39,1.05,16.55
2023-07-07,Wimbledon,3rd Round,Grass,Safiullin R.,Pella G.,92.0,308.0,1.44,2.75,1.45,3.0,1.5,3.02
2023-07-07,Wimbledon,3rd Round,Grass,Shapovalov D.,Broady L.,29.0,142.0,1.29,3.75,1.31,3.8,1.33,3.9
2023-07-07,Wimbledon,3rd Round,Grass,Galan D.E.,Ymer M.,85.0,59.0,3.0,1.4,3.59,1.34,3.6,1.42
2023-07-07,Wimbledon,3rd Round,Grass,Bublik A.,Marterer M.,26.0,170.0,1.14,5.5,1.16,6.33,1.19,6.33
2023-07-07,Wimbledon,3rd Round,Grass,Sinner J.,Halys Q.,8.0,79.0,1.14,5.5,1.17,5.82,1.18,6.36
2023-07-07,Wimbledon,3rd Round,Grass,Hurkacz H.,Musetti L.,18.0,16.0,1.62,2.3,1.58,2.54,1.63,2.6
2023-07-07,Wimbledon,2nd Round,Grass,Eubanks C.,Norrie C.,43.0,13.0,3.5,1.3,3.9,1.3,4.0,1.38
2023-07-07,Wimbledon,3rd Round,Grass,Rublev A.,Goffin D.,7.0,123.0,1.2,4.5,1.2,5.24,1.26,5.24
2023-07-07,Wimbledon,2nd Round,Grass,Alcaraz C.,Muller A.,1.0,84.0,1.02,21.0,1.02,28.92,1.03,28.92
2023-07-07,Wimbledon,2nd Round,Grass,Jarry N.,Kubler J.,28.0,77.0,1.57,2.38,1.71,2.28,1.74,2.44
2023-07-07,Wimbledon,2nd Round,Grass,Rune H.,Carballes Baena R.,6.0,57.0,1.06,10.0,1.08,10.39,1.09,10.6
2023-07-07,Wimbledon,2nd Round,Grass,O Connell C.,Vesely J.,73.0,528.0,1.91,1.91,1.85,2.07,1.95,2.08
2023-07-07,Wimbledon,2nd Round,Grass,Berrettini M.,De Minaur A.,38.0,17.0,2.38,1.57,2.48,1.61,2.5,1.66
2023-07-07,Wimbledon,2nd Round,Grass,Fucsovics M.,Giron M.,67.0,65.0,1.36,3.2,1.46,2.95,1.46,3.2
2023-07-07,Wimbledon,2nd Round,Grass,Medvedev D.,Mannarino A.,3.0,35.0,1.22,4.33,1.3,3.94,1.3,4.33
2023-07-07,Wimbledon,2nd Round,Grass,Davidovich Fokina A.,Van De Zandschulp B.,34.0,44.0,1.53,2.5,1.52,2.73,1.6,2.75
2023-07-07,Wimbledon,2nd Round,Grass,Zverev A.,Watanuki Y.,21.0,116.0,1.13,6.0,1.15,6.36,1.18,6.75
2023-07-08,Wimbledon,3rd Round,Grass,Lehecka J.,Paul T.,37.0,15.0,2.0,1.8,2.17,1.77,2.26,1.9
2023-07-08,Wimbledon,3rd Round,Grass,Eubanks C.,O Connell C.,43.0,73.0,1.53,2.5,1.59,2.53,1.63,2.61
2023-07-08,Wimbledon,3rd Round,Grass,Medvedev D.,Fucsovics M.,3.0,67.0,1.22,4.33,1.21,5.0,1.35,5.0
2023-07-08,Wimbledon,3rd Round,Grass,Alcaraz C.,Jarry N.,1.0,28.0,1.08,8.0,1.1,9.02,1.14,9.52
2023-07-08,Wimbledon,3rd Round,Grass,Rune H.,Davidovich Fokina A.,6.0,34.0,1.4,3.0,1.49,2.83,1.5,3.36
2023-07-08,Wimbledon,3rd Round,Grass,Tsitsipas S.,Djere L.,5.0,60.0,1.2,4.5,1.19,5.42,1.22,5.57
2023-07-08,Wimbledon,3rd Round,Grass,Berrettini M.,Zverev A.,38.0,21.0,2.0,1.8,2.08,1.84,2.16,1.86
2023-07-09,Wimbledon,4th Round,Grass,Safiullin R.,Shapovalov D.,92.0,29.0,2.38,1.57,2.48,1.61,2.6,1.63
2023-07-09,Wimbledon,4th Round,Grass,Sinner J.,Galan D.E.,8.0,85.0,1.04,13.0,1.04,16.79,1.07,16.79
2023-07-09,Wimbledon,3rd Round,Grass,Dimitrov G.,Tiafoe F.,24.0,10.0,2.0,1.8,2.0,1.91,2.05,1.92
2023-07-09,Wimbledon,4th Round,Grass,Rublev A.,Bublik A.,7.0,26.0,1.8,2.0,1.89,2.01,1.92,2.05
2023-07-10,Wimbledon,4th Round,Grass,Alcaraz C.,Berrettini M.,1.0,38.0,1.4,3.0,1.39,3.27,1.45,3.27
2023-07-10,Wimbledon,4th Round,Grass,Rune H.,Dimitrov G.,6.0,24.0,2.38,1.57,2.62,1.56,2.62,1.61
2023-07-10,Wimbledon,4th Round,Grass,Djokovic N.,Hurkacz H.,2.0,18.0,1.05,11.0,1.07,12.09,1.07,12.4
2023-07-10,Wimbledon,4th Round,Grass,Eubanks C.,Tsitsipas S.,43.0,5.0,3.2,1.36,3.46,1.36,3.51,1.4
2023-07-10,Wimbledon,4th Round,Grass,Medvedev D.,Lehecka J.,3.0,37.0,1.25,4.0,1.27,4.19,1.28,4.3
2023-07-11,Wimbledon,Quarterfinals,Grass,Sinner J.,Safiullin R.,8.0,92.0,1.14,5.5,1.17,6.0,1.19,6.61
2023-07-11,Wimbledon,Quarterfinals,Grass,Djokovic N.,Rublev A.,2.0,7.0,1.07,9.0,1.08,10.23,1.09,10.82
2023-07-12,Wimbledon,Quarterfinals,Grass,Alcaraz C.,Rune H.,1.0,6.0,1.22,4.33,1.23,4.7,1.29,4.82
2023-07-12,Wimbledon,Quarterfinals,Grass,Medvedev D.,Eubanks C.,3.0,43.0,1.17,5.0,1.16,6.35,1.21,6.35
2023-07-14,Wimbledon,Semifinals,Grass,Djokovic N.,Sinner J.,2.0,8.0,1.2,4.5,1.25,4.44,1.28,4.6
2023-07-14,Wimbledon,Semifinals,Grass,Alcaraz C.,Medvedev D.,1.0,3.0,1.36,3.2,1.42,3.12,1.44,3.3
2023-07-16,Wimbledon,The Final,Grass,Alcaraz C.,Djokovic N.,1.0,2.0,2.63,1.53,2.6,1.56,2.74,1.6
2023-07-17,Hall of Fame Championships,1st Round,Grass,Hijikata R.,Shelbayh A.,116.0,240.0,1.44,2.75,1.52,2.7,1.52,2.85
2023-07-17,Suisse Open Gstaad,1st Round,Clay,Altmaier D.,Bonzi B.,64.0,107.0,1.4,3.0,1.42,3.09,1.44,3.11
2023-07-17,Hall of Fame Championships,1st Round,Grass,Moutet C.,Spizzirri E.,73.0,,1.1,7.0,1.12,7.31,1.14,9.75
2023-07-17,Suisse Open Gstaad,1st Round,Clay,Rodionov J.,Huesler M.A.,118.0,84.0,2.1,1.73,2.38,1.65,2.45,1.76
2023-07-17,Suisse Open Gstaad,1st Round,Clay,Thiem D.,Muller A.,94.0,76.0,1.73,2.1,1.87,2.02,1.87,2.2
2023-07-17,Suisse Open Gstaad,1st Round,Clay,Medjedovic H.,Zhang Zh.,183.0,70.0,1.73,2.1,1.75,2.19,1.82,2.25
2023-07-17,Suisse Open Gstaad,1st Round,Clay,Munar J.,Ritschard A.,110.0,163.0,1.44,2.75,1.48,2.84,1.49,2.87
2023-07-17,Suisse Open Gstaad,1st Round,Clay,Bergs Z.,Djere L.,175.0,55.0,3.2,1.36,3.5,1.34,3.5,1.37
2023-07-17,Hall of Fame Championships,1st Round,Grass,Broady L.,Mochizuki S.,130.0,192.0,1.44,2.75,1.45,2.93,1.46,2.93
2023-07-17,Hall of Fame Championships,1st Round,Grass,Thompson J.,Kovacevic A.,69.0,123.0,1.3,3.5,1.33,3.59,1.4,3.68
2023-07-17,Nordea Open,1st Round,Clay,Van Assche L.,Madaras D.,77.0,191.0,1.36,3.2,1.35,3.43,1.37,3.44
2023-07-17,Nordea Open,1st Round,Clay,Monteiro T.,Galan D.E.,122.0,56.0,2.1,1.73,2.16,1.77,2.18,1.81
2023-07-18,Nordea Open,1st Round,Clay,Shevchenko A.,Cerundolo J.M.,96.0,100.0,2.1,1.73,2.08,1.82,2.15,1.83
2023-07-18,Nordea Open,1st Round,Clay,Borg L.,Ymer E.,437.0,166.0,8.0,1.08,7.98,1.11,8.0,1.12
2023-07-18,Nordea Open,1st Round,Clay,Kovalik J.,Davidovich Fokina A.,159.0,35.0,6.5,1.11,5.97,1.16,6.95,1.18
2023-07-18,Nordea Open,1st Round,Clay,Misolic F.,Lajovic D.,139.0,61.0,2.3,1.62,2.37,1.65,2.42,1.69
2023-07-18,Suisse Open Gstaad,1st Round,Clay,Bagnis F.,Rinderknech A.,136.0,82.0,2.3,1.62,2.48,1.6,2.5,1.66
2023-07-18,Suisse Open Gstaad,1st Round,Clay,Cachin P.,Daniel T.,90.0,112.0,1.67,2.2,1.72,2.22,1.77,2.23
2023-07-18,Suisse Open Gstaad,1st Round,Clay,Varillas J.P.,Virtanen O.,66.0,132.0,1.3,3.5,1.32,3.58,1.32,3.58
2023-07-18,Suisse Open Gstaad,1st Round,Clay,Stricker D.,Fils A.,106.0,68.0,2.2,1.67,2.28,1.69,2.38,1.8
2023-07-18,Suisse Open Gstaad,1st Round,Clay,Ramos-Vinolas A.,Fognini F.,79.0,128.0,1.73,2.1,1.85,2.05,1.85,2.14
2023-07-18,Suisse Open Gstaad,1st Round,Clay,Wawrinka S.,Carballes Baena R.,74.0,60.0,1.44,2.75,1.52,2.71,1.53,2.91
2023-07-18,Hall of Fame Championships,1st Round,Grass,Isner J.,Bolt A.,126.0,345.0,1.62,2.3,1.59,2.5,1.66,2.5
2023-07-18,Hall of Fame Championships,1st Round,Grass,Michelsen A.,Cressy M.,190.0,105.0,2.75,1.44,2.69,1.52,2.75,1.55
2023-07-18,Nordea Open,1st Round,Clay,Coria F.,Baez S.,113.0,63.0,3.4,1.33,3.3,1.38,3.52,1.38
2023-07-18,Nordea Open,1st Round,Clay,Kotov P.,Cecchinato M.,89.0,95.0,2.3,1.62,2.34,1.66,2.37,1.78
2023-07-18,Hall of Fame Championships,1st Round,Grass,Brouwer G.,Purcell M.,145.0,71.0,2.0,1.8,2.01,1.88,2.04,1.95
2023-07-18,Hall of Fame Championships,1st Round,Grass,Duckworth J.,Lestienne C.,129.0,86.0,1.73,2.1,1.79,2.13,1.8,2.21
2023-07-18,Hall of Fame Championships,1st Round,Grass,Quinn E.,Mukund S.,434.0,356.0,1.91,1.91,1.97,1.92,2.0,1.95
2023-07-18,Hall of Fame Championships,1st Round,Grass,Anderson K.,Diallo G.,296.0,141.0,2.5,1.53,2.43,1.62,2.62,1.67
2023-07-18,Hall of Fame Championships,1st Round,Grass,Tu L.,Vukic A.,252.0,83.0,3.75,1.29,3.53,1.34,3.75,1.35
2023-07-18,Hall of Fame Championships,1st Round,Grass,Johnson S.,Chung Y.,197.0,322.0,1.4,3.0,1.48,2.83,1.48,3.0
2023-07-18,Nordea Open,1st Round,Clay,Ofner S.,Etcheverry T.,58.0,34.0,3.0,1.4,2.92,1.45,3.0,1.48
2023-07-18,Nordea Open,1st Round,Clay,Arnaldi M.,Ruusuvuori E.,75.0,48.0,1.91,1.91,1.93,1.95,2.0,1.97
2023-07-18,Nordea Open,1st Round,Clay,Zverev A.,Molcan A.,19.0,81.0,1.14,5.5,1.17,5.89,1.18,6.3
2023-07-18,Nordea Open,1st Round,Clay,Zapata Miralles B.,Dellien H.,53.0,167.0,1.62,2.3,1.67,2.33,1.73,2.43
2023-07-19,Hall of Fame Championships,2nd Round,Grass,Isner J.,Moutet C.,126.0,73.0,1.91,1.91,1.88,2.03,2.0,2.1
2023-07-19,Hall of Fame Championships,2nd Round,Grass,Humbert U.,Johnson S.,40.0,197.0,1.36,3.2,1.41,3.17,1.41,3.21
2023-07-19,Hall of Fame Championships,2nd Round,Grass,Paul T.,Quinn E.,14.0,434.0,1.06,10.0,1.08,10.58,1.09,11.2
2023-07-19,Hall of Fame Championships,2nd Round,Grass,Michelsen A.,Duckworth J.,190.0,129.0,1.57,2.38,1.6,2.51,1.64,2.51
2023-07-19,Hall of Fame Championships,2nd Round,Grass,Anderson K.,Brouwer G.,296.0,145.0,1.73,2.1,1.79,2.14,1.87,2.14
2023-07-19,Hall of Fame Championships,2nd Round,Grass,Mannarino A.,Hijikata R.,38.0,116.0,1.5,2.63,1.54,2.67,1.54,2.81
2023-07-19,Hall of Fame Championships,2nd Round,Grass,Thompson J.,Broady L.,69.0,130.0,1.5,2.63,1.51,2.77,1.61,2.79
2023-07-19,Hall of Fame Championships,2nd Round,Grass,Mcdonald M.,Tu L.,59.0,252.0,1.2,4.5,1.23,4.73,1.24,5.0
2023-07-19,Nordea Open,2nd Round,Clay,Musetti L.,Arnaldi M.,16.0,75.0,1.36,3.2,1.38,3.31,1.42,3.38
2023-07-19,Nordea Open,2nd Round,Clay,Cerundolo F.,Van Assche L.,20.0,77.0,1.36,3.2,1.42,3.11,1.43,3.5
2023-07-19,Nordea Open,2nd Round,Clay,Misolic F.,Kovalik J.,139.0,159.0,1.8,2.0,1.93,1.98,1.94,2.05
2023-07-19,Nordea Open,2nd Round,Clay,Coria F.,Borg L.,113.0,437.0,1.17,5.0,1.19,5.47,1.28,6.5
2023-07-19,Suisse Open Gstaad,2nd Round,Clay,Bergs Z.,Rodionov J.,175.0,118.0,1.73,2.1,1.72,2.26,1.8,2.26
2023-07-19,Suisse Open Gstaad,2nd Round,Clay,Kecmanovic M.,Stricker D.,44.0,106.0,2.1,1.73,2.17,1.78,2.18,1.83
2023-07-19,Suisse Open Gstaad,2nd Round,Clay,Hanfmann Y.,Altmaier D.,46.0,64.0,1.57,2.38,1.72,2.25,1.73,2.4
2023-07-19,Suisse Open Gstaad,2nd Round,Clay,Medjedovic H.,Thiem D.,183.0,94.0,2.5,1.53,2.31,1.69,2.65,1.69
2023-07-20,Suisse Open Gstaad,2nd Round,Clay,Munar J.,Wawrinka S.,110.0,74.0,3.0,1.4,2.82,1.49,3.0,1.5
2023-07-20,Hall of Fame Championships,Quarterfinals,Grass,Humbert U.,Anderson K.,40.0,296.0,1.67,2.2,1.63,2.44,1.76,2.46
2023-07-20,Hall of Fame Championships,Quarterfinals,Grass,Mannarino A.,Thompson J.,38.0,69.0,2.2,1.67,2.34,1.68,2.42,1.71
2023-07-20,Suisse Open Gstaad,2nd Round,Clay,Cachin P.,Bautista Agut R.,90.0,25.0,2.2,1.67,2.18,1.77,2.25,1.77
2023-07-20,Nordea Open,2nd Round,Clay,Ofner S.,Zapata Miralles B.,58.0,53.0,1.67,2.2,1.68,2.34,1.77,2.34
2023-07-20,Nordea Open,2nd Round,Clay,Ruud C.,Shevchenko A.,4.0,96.0,1.14,5.5,1.15,6.35,1.21,6.35
2023-07-20,Nordea Open,2nd Round,Clay,Zverev A.,Monteiro T.,19.0,122.0,1.14,5.5,1.19,5.35,1.2,5.75
2023-07-20,Nordea Open,2nd Round,Clay,Rublev A.,Kotov P.,7.0,89.0,1.17,5.0,1.18,5.79,1.21,5.79
2023-07-20,Suisse Open Gstaad,2nd Round,Clay,Varillas J.P.,Bagnis F.,66.0,136.0,1.44,2.75,1.56,2.62,1.56,2.84
2023-07-20,Suisse Open Gstaad,2nd Round,Clay,Ramos-Vinolas A.,Sonego L.,79.0,42.0,3.0,1.4,3.03,1.44,3.03,1.46
2023-07-21,Suisse Open Gstaad,Quarterfinals,Clay,Ramos-Vinolas A.,Varillas J.P.,79.0,66.0,2.38,1.57,2.45,1.62,2.5,1.67
2023-07-21,Hall of Fame Championships,Quarterfinals,Grass,Michelsen A.,Mcdonald M.,190.0,59.0,2.5,1.53,2.74,1.52,2.74,1.6
2023-07-21,Suisse Open Gstaad,Quarterfinals,Clay,Kecmanovic M.,Bergs Z.,44.0,175.0,1.44,2.75,1.49,2.84,1.53,2.87
2023-07-21,Nordea Open,Quarterfinals,Clay,Cerundolo F.,Coria F.,20.0,113.0,1.29,3.75,1.3,3.99,1.32,3.99
2023-07-21,Nordea Open,Quarterfinals,Clay,Rublev A.,Zverev A.,7.0,19.0,2.1,1.73,2.23,1.74,2.25,1.78
2023-07-21,Nordea Open,Quarterfinals,Clay,Ruud C.,Ofner S.,4.0,58.0,1.17,5.0,1.19,5.54,1.19,5.55
2023-07-21,Nordea Open,Quarterfinals,Clay,Musetti L.,Misolic F.,16.0,139.0,1.13,6.0,1.15,6.53,1.17,6.65
2023-07-21,Hall of Fame Championships,Quarterfinals,Grass,Isner J.,Paul T.,126.0,14.0,2.75,1.44,2.89,1.47,2.9,1.62
2023-07-21,Suisse Open Gstaad,Quarterfinals,Clay,Cachin P.,Munar J.,90.0,110.0,2.0,1.8,2.02,1.88,2.08,1.91
2023-07-21,Suisse Open Gstaad,Quarterfinals,Clay,Medjedovic H.,Hanfmann Y.,183.0,46.0,2.5,1.53,2.61,1.56,2.68,1.6
2023-07-22,Hall of Fame Championships,Semifinals,Grass,Michelsen A.,Isner J.,190.0,126.0,2.0,1.8,2.03,1.88,2.14,1.9
2023-07-22,Suisse Open Gstaad,Semifinals,Clay,Cachin P.,Medjedovic H.,90.0,183.0,1.73,2.1,1.81,2.13,1.81,2.21
2023-07-22,Nordea Open,Semifinals,Clay,Ruud C.,Musetti L.,4.0,16.0,1.44,2.75,1.54,2.68,1.54,2.79
2023-07-22,Nordea Open,Semifinals,Clay,Rublev A.,Cerundolo F.,7.0,20.0,1.57,2.38,1.63,2.45,1.66,2.48
2023-07-22,Suisse Open Gstaad,Semifinals,Clay,Ramos-Vinolas A.,Kecmanovic M.,79.0,44.0,2.2,1.67,2.3,1.7,2.31,1.76
2023-07-22,Hall of Fame Championships,Semifinals,Grass,Mannarino A.,Humbert U.,38.0,40.0,1.8,2.0,1.81,2.15,1.83,2.15
2023-07-23,Hall of Fame Championships,The Final,Grass,Mannarino A.,Michelsen A.,38.0,190.0,1.67,2.2,1.67,2.36,1.74,2.37
2023-07-23,Nordea Open,The Final,Clay,Rublev A.,Ruud C.,7.0,4.0,2.5,1.53,2.39,1.65,2.53,1.71
2023-07-23,Suisse Open Gstaad,The Final,Clay,Cachin P.,Ramos-Vinolas A.,90.0,79.0,1.67,2.2,1.67,2.36,1.68,2.41
2023-07-24,European Open,1st Round,Clay,Van Assche L.,Muller A.,77.0,81.0,1.67,2.2,1.77,2.15,1.77,2.21
2023-07-24,Croatia Open,1st Round,Clay,Thiem D.,Bagnis F.,112.0,133.0,1.53,2.5,1.47,2.88,1.6,2.88
2023-07-24,Croatia Open,1st Round,Clay,Daniel T.,Landaluce M.,113.0,720.0,1.22,4.33,1.24,4.49,1.28,4.95
2023-07-24,Croatia Open,1st Round,Clay,Cobolli F.,Cilic M.,148.0,100.0,1.57,2.38,1.66,2.34,1.66,2.56
2023-07-24,European Open,1st Round,Clay,Altmaier D.,Gasquet R.,61.0,48.0,1.62,2.3,1.61,2.45,1.7,2.45
2023-07-24,European Open,1st Round,Clay,Pella G.,Monteiro T.,228.0,121.0,2.0,1.8,2.07,1.83,2.09,1.83
2023-07-24,European Open,1st Round,Clay,Djere L.,Etcheverry T.,57.0,34.0,2.3,1.62,2.25,1.71,2.32,1.75
2023-07-24,Croatia Open,1st Round,Clay,Popyrin A.,Bonzi B.,90.0,107.0,1.62,2.3,1.65,2.37,1.74,2.49
2023-07-24,Croatia Open,1st Round,Clay,Prizmic D.,Ajdukovic D.,287.0,299.0,1.53,2.5,1.5,2.78,1.55,2.83
2023-07-24,Atlanta Open,1st Round,Hard,Vukic A.,Quinn E.,82.0,394.0,1.36,3.2,1.33,3.58,1.38,3.58
2023-07-24,Atlanta Open,1st Round,Hard,Harris L.,Duckworth J.,204.0,128.0,1.4,3.0,1.42,3.06,1.44,3.07
2023-07-25,Atlanta Open,1st Round,Hard,Cressy M.,Michelsen A.,105.0,140.0,1.8,2.0,1.87,2.02,1.89,2.1
2023-07-25,Atlanta Open,1st Round,Hard,Wu Y.,Moutet C.,89.0,73.0,1.44,2.75,1.49,2.81,1.62,3.04
2023-07-25,European Open,1st Round,Clay,Musetti L.,Ymer E.,18.0,186.0,1.13,6.0,1.14,6.66,1.17,6.66
2023-07-25,European Open,1st Round,Clay,Marterer M.,Molleker R.,144.0,251.0,1.57,2.38,1.62,2.43,1.64,2.43
2023-07-25,European Open,1st Round,Clay,Garin C.,Dellien H.,120.0,164.0,1.36,3.2,1.38,3.26,1.47,3.26
2023-07-25,European Open,1st Round,Clay,Kovalik J.,Seyboth Wild T.,172.0,123.0,,,3.52,1.33,3.52,1.4
2023-07-25,European Open,1st Round,Clay,Zverev A.,Molcan A.,19.0,118.0,1.14,5.5,1.19,5.28,1.2,6.0
2023-07-25,European Open,1st Round,Clay,Fils A.,Galan D.E.,71.0,67.0,1.5,2.63,1.54,2.63,1.54,2.75
2023-07-25,European Open,1st Round,Clay,Davidovich Fokina A.,Cachin P.,39.0,49.0,1.5,2.63,1.53,2.67,1.53,2.78
2023-07-25,European Open,1st Round,Clay,Zhang Zh.,Choinski J.,79.0,151.0,1.53,2.5,1.65,2.37,1.65,2.5
2023-07-25,European Open,1st Round,Clay,Hanfmann Y.,Cerundolo F.,45.0,21.0,2.63,1.5,2.8,1.49,2.83,1.53
2023-07-25,European Open,1st Round,Clay,Lajovic D.,Kecmanovic M.,60.0,40.0,2.2,1.67,2.46,1.61,2.46,1.76
2023-07-25,Croatia Open,1st Round,Clay,Arnaldi M.,De Jong J.,76.0,180.0,1.44,2.75,1.56,2.57,1.56,2.78
2023-07-25,Croatia Open,1st Round,Clay,Piros Z.,O Connell C.,124.0,68.0,2.1,1.73,2.07,1.83,2.12,1.86
2023-07-25,Atlanta Open,1st Round,Hard,Kokkinakis T.,Monfils G.,86.0,322.0,1.53,2.5,1.61,2.45,1.61,2.53
2023-07-25,Atlanta Open,1st Round,Hard,Nakashima B.,Purcell M.,58.0,74.0,1.25,4.0,1.29,3.9,1.31,4.01
2023-07-25,Atlanta Open,1st Round,Hard,Nishikori K.,Thompson J.,439.0,63.0,2.0,1.8,1.91,1.98,2.02,2.0
2023-07-25,Atlanta Open,1st Round,Hard,Wolf J.J.,Jung J.,46.0,281.0,1.17,5.0,1.17,5.88,1.19,5.88
2023-07-25,Atlanta Open,1st Round,Hard,Koepfer D.,Isner J.,88.0,103.0,2.38,1.57,2.58,1.56,2.61,1.62
2023-07-25,Atlanta Open,1st Round,Hard,Humbert U.,Lestienne C.,38.0,95.0,1.4,3.0,1.41,3.11,1.43,3.25
2023-07-26,Atlanta Open,1st Round,Hard,Eubanks C.,Martin A.,32.0,723.0,1.06,10.0,1.08,9.6,1.09,10.2
2023-07-26,Atlanta Open,1st Round,Hard,Shang J.,Shelton B.,156.0,41.0,2.75,1.44,2.9,1.46,3.1,1.53
2023-07-26,Atlanta Open,2nd Round,Hard,Humbert U.,Harris L.,38.0,204.0,2.2,1.67,2.29,1.7,2.35,1.78
2023-07-26,Atlanta Open,2nd Round,Hard,Vukic A.,Nishioka Y.,82.0,31.0,2.1,1.73,2.09,1.83,2.12,1.86
2023-07-26,European Open,2nd Round,Clay,Zverev A.,Marterer M.,19.0,144.0,1.08,8.0,1.11,8.42,1.11,8.5
2023-07-26,European Open,2nd Round,Clay,Van Assche L.,Davidovich Fokina A.,77.0,39.0,3.0,1.4,3.15,1.41,3.32,1.43
2023-07-26,European Open,2nd Round,Clay,Djere L.,Pella G.,57.0,228.0,1.36,3.2,1.38,3.32,1.4,3.43
2023-07-26,European Open,1st Round,Clay,Ruud C.,Baez S.,4.0,64.0,1.17,5.0,1.19,5.34,1.2,5.46
2023-07-26,European Open,1st Round,Clay,Rublev A.,Zapata Miralles B.,7.0,54.0,1.13,6.0,1.13,7.19,1.15,7.19
2023-07-26,Croatia Open,1st Round,Clay,Cecchinato M.,Shevchenko A.,96.0,93.0,2.63,1.5,2.63,1.54,2.67,1.54
2023-07-26,Croatia Open,2nd Round,Clay,Prizmic D.,Piros Z.,287.0,124.0,1.8,2.0,1.84,2.08,1.92,2.17
2023-07-26,Croatia Open,2nd Round,Clay,Arnaldi M.,Cobolli F.,76.0,148.0,1.44,2.75,1.54,2.67,1.54,2.78
2023-07-26,Croatia Open,2nd Round,Clay,Popyrin A.,Ofner S.,90.0,52.0,2.38,1.57,2.25,1.72,2.4,1.72
2023-07-26,Croatia Open,1st Round,Clay,Coria F.,Huesler M.A.,108.0,83.0,1.67,2.2,1.74,2.2,1.75,2.22
2023-07-26,Croatia Open,1st Round,Clay,Wawrinka S.,Misolic F.,72.0,129.0,1.44,2.75,1.51,2.73,1.53,2.8
2023-07-26,Croatia Open,1st Round,Clay,Munar J.,Ramos-Vinolas A.,104.0,65.0,1.57,2.38,1.7,2.27,1.7,2.5
2023-07-26,Croatia Open,1st Round,Clay,Marozsan F.,Cerundolo J.M.,87.0,110.0,1.57,2.38,1.62,2.43,1.62,2.5
2023-07-27,Croatia Open,2nd Round,Clay,Lehecka J.,Thiem D.,33.0,112.0,1.8,2.0,1.82,2.1,1.87,2.1
2023-07-27,Croatia Open,2nd Round,Clay,Carballes Baena R.,Daniel T.,59.0,113.0,1.8,2.0,1.94,1.96,1.96,2.05
2023-07-27,Croatia Open,2nd Round,Clay,Sonego L.,Cecchinato M.,43.0,96.0,1.36,3.2,1.4,3.22,1.4,3.27
2023-07-27,Croatia Open,2nd Round,Clay,Wawrinka S.,Coria F.,72.0,108.0,1.5,2.63,1.47,2.91,1.59,3.02
2023-07-27,Croatia Open,2nd Round,Clay,Munar J.,Marozsan F.,104.0,87.0,1.91,1.91,1.88,2.03,1.98,2.04
2023-07-27,European Open,2nd Round,Clay,Ruud C.,Garin C.,4.0,120.0,1.22,4.33,1.24,4.56,1.25,4.61
2023-07-27,Atlanta Open,2nd Round,Hard,De Minaur A.,Kokkinakis T.,17.0,86.0,1.3,3.5,1.4,3.22,1.4,3.53
2023-07-27,European Open,2nd Round,Clay,Zhang Zh.,Hanfmann Y.,79.0,45.0,2.75,1.44,2.97,1.45,3.01,1.5
2023-07-27,European Open,2nd Round,Clay,Altmaier D.,Rublev A.,61.0,7.0,4.0,1.25,4.66,1.24,4.66,1.3
2023-07-27,Atlanta Open,2nd Round,Hard,Eubanks C.,Nakashima B.,32.0,58.0,2.0,1.8,2.19,1.76,2.19,1.95
2023-07-27,European Open,2nd Round,Clay,Musetti L.,Kovalik J.,18.0,172.0,1.1,7.0,1.09,9.74,1.13,9.74
2023-07-27,European Open,2nd Round,Clay,Fils A.,Lajovic D.,71.0,60.0,1.8,2.0,1.85,2.06,1.85,2.11
2023-07-27,Atlanta Open,2nd Round,Hard,Koepfer D.,Evans D.,88.0,30.0,1.91,1.91,1.93,1.98,1.95,2.0
2023-07-27,Atlanta Open,2nd Round,Hard,Wolf J.J.,Cressy M.,46.0,105.0,1.57,2.38,1.57,2.58,1.66,2.58
2023-07-28,European Open,Quarterfinals,Clay,Fils A.,Ruud C.,71.0,4.0,4.0,1.25,4.28,1.27,4.41,1.29
2023-07-28,Croatia Open,Quarterfinals,Clay,Wawrinka S.,Carballes Baena R.,72.0,59.0,1.44,2.75,1.47,2.96,1.5,2.96
2023-07-28,Croatia Open,Quarterfinals,Clay,Sonego L.,Munar J.,43.0,104.0,1.8,2.0,1.85,2.07,1.89,2.18
2023-07-28,Croatia Open,Quarterfinals,Clay,Popyrin A.,Prizmic D.,90.0,287.0,1.8,2.0,1.78,2.17,1.82,2.17
2023-07-28,Croatia Open,Quarterfinals,Clay,Arnaldi M.,Lehecka J.,76.0,33.0,2.2,1.67,2.31,1.69,2.63,1.76
2023-07-28,Atlanta Open,2nd Round,Hard,Nishikori K.,Shang J.,439.0,156.0,1.53,2.5,1.55,2.63,1.56,2.64
2023-07-28,Atlanta Open,Quarterfinals,Hard,Wolf J.J.,Koepfer D.,46.0,88.0,1.44,2.75,1.41,3.18,1.46,3.21
2023-07-28,Atlanta Open,Quarterfinals,Hard,Fritz T.,Nishikori K.,9.0,439.0,1.36,3.2,1.41,3.19,1.47,3.2
2023-07-28,Atlanta Open,2nd Round,Hard,Fritz T.,Wu Y.,9.0,89.0,1.3,3.5,1.33,3.63,1.35,3.96
2023-07-28,European Open,Quarterfinals,Clay,Zverev A.,Van Assche L.,19.0,77.0,1.17,5.0,1.2,5.33,1.22,5.45
2023-07-28,European Open,Quarterfinals,Clay,Zhang Zh.,Altmaier D.,79.0,61.0,2.75,1.44,2.82,1.49,3.21,1.52
2023-07-28,European Open,Quarterfinals,Clay,Djere L.,Musetti L.,57.0,18.0,2.63,1.5,2.82,1.5,2.83,1.54
2023-07-29,Croatia Open,Semifinals,Clay,Wawrinka S.,Sonego L.,72.0,43.0,1.8,2.0,1.85,2.07,1.96,2.08
2023-07-29,Croatia Open,Semifinals,Clay,Popyrin A.,Arnaldi M.,90.0,76.0,2.3,1.62,2.26,1.72,2.4,1.77
2023-07-29,Atlanta Open,Quarterfinals,Hard,Vukic A.,Eubanks C.,82.0,32.0,2.5,1.53,2.62,1.56,2.62,1.56
2023-07-29,European Open,Semifinals,Clay,Zverev A.,Fils A.,19.0,71.0,1.3,3.5,1.36,3.44,1.36,3.6
2023-07-29,Atlanta Open,Quarterfinals,Hard,Humbert U.,De Minaur A.,38.0,17.0,3.2,1.36,3.2,1.4,3.2,1.48
2023-07-29,Atlanta Open,Semifinals,Hard,Fritz T.,Wolf J.J.,9.0,46.0,1.36,3.2,1.38,3.32,1.4,3.32
2023-07-29,European Open,Semifinals,Clay,Djere L.,Zhang Zh.,57.0,79.0,1.53,2.5,1.61,2.49,1.61,2.6
2023-07-30,European Open,The Final,Clay,Zverev A.,Djere L.,19.0,57.0,1.22,4.33,1.24,4.58,1.25,4.65
2023-07-30,Atlanta Open,The Final,Hard,Fritz T.,Vukic A.,9.0,82.0,1.17,5.0,1.21,5.15,1.23,5.6
2023-07-30,Atlanta Open,Semifinals,Hard,Vukic A.,Humbert U.,82.0,38.0,2.63,1.5,2.85,1.47,2.92,1.56
2023-07-30,Croatia Open,The Final,Clay,Popyrin A.,Wawrinka S.,90.0,72.0,2.75,1.44,2.8,1.5,2.9,1.5
2023-07-31,Citi Open,1st Round,Hard,Albot R.,Giron M.,97.0,69.0,3.2,1.36,3.05,1.43,3.2,1.47
2023-07-31,Citi Open,1st Round,Hard,Watanuki Y.,Wu Y.,99.0,90.0,2.3,1.62,2.42,1.63,2.43,1.65
2023-07-31,Citi Open,1st Round,Hard,Mmoh M.,Klahn B.,112.0,797.0,1.3,3.5,1.31,3.68,1.33,3.68
2023-07-31,Citi Open,1st Round,Hard,Karatsev A.,Pannu K.,75.0,717.0,1.07,9.0,1.08,10.23,1.1,10.23
2023-07-31,Citi Open,1st Round,Hard,Broady L.,Moutet C.,125.0,80.0,1.8,2.0,1.83,2.08,1.84,2.16
2023-07-31,Citi Open,1st Round,Hard,Mcdonald M.,Schwartzman D.,60.0,95.0,1.53,2.5,1.54,2.64,1.61,2.64
2023-07-31,Citi Open,1st Round,Hard,Barrere G.,Mochizuki S.,59.0,200.0,1.44,2.75,1.47,2.88,1.51,2.88
2023-07-31,Citi Open,1st Round,Hard,Shevchenko A.,Cressy M.,93.0,96.0,2.75,1.44,2.93,1.45,3.22,1.54
2023-07-31,Citi Open,1st Round,Hard,Shang J.,Gomez E.,149.0,155.0,1.25,4.0,1.24,4.56,1.25,4.7
2023-07-31,Citi Open,1st Round,Hard,Ruusuvuori E.,Lestienne C.,55.0,109.0,1.36,3.2,1.37,3.34,1.41,3.6
2023-07-31,Generali Open,1st Round,Clay,Molcan A.,Van Assche L.,120.0,68.0,2.1,1.73,2.2,1.74,2.22,1.83
2023-07-31,Generali Open,1st Round,Clay,Galan D.E.,Cecchinato M.,76.0,108.0,1.62,2.3,1.64,2.39,1.7,2.39
2023-07-31,Generali Open,1st Round,Clay,Ramos-Vinolas A.,Varillas J.P.,82.0,77.0,2.0,1.8,1.87,2.02,2.02,2.05
2023-07-31,Generali Open,1st Round,Clay,Andreozzi G.,Misolic F.,240.0,158.0,2.38,1.57,2.47,1.6,2.58,1.63
2023-07-31,Generali Open,1st Round,Clay,Baez S.,Medjedovic H.,72.0,147.0,1.67,2.2,1.68,2.3,1.82,2.3
2023-07-31,Generali Open,1st Round,Clay,Carballes Baena R.,Pella G.,64.0,199.0,1.8,2.0,1.75,2.19,1.82,2.4
2023-08-01,Generali Open,1st Round,Clay,Rinderknech A.,Cerundolo J.M.,67.0,106.0,1.57,2.38,1.5,2.74,1.62,2.74
2023-08-01,Los Cabos Open,1st Round,Hard,Isner J.,Hijikata R.,114.0,110.0,1.5,2.63,1.56,2.59,1.61,2.75
2023-08-01,Los Cabos Open,1st Round,Hard,Tirante T.A.,Lama G.,136.0,410.0,1.17,5.0,1.18,5.52,1.21,5.52
2023-08-01,Los Cabos Open,1st Round,Hard,Kovacevic A.,Kumar O.,129.0,403.0,1.22,4.33,1.29,3.96,1.29,4.38
2023-08-01,Citi Open,1st Round,Hard,Svajda Z.,Purcell M.,233.0,78.0,2.0,1.8,1.98,1.91,2.04,1.91
2023-08-01,Generali Open,1st Round,Clay,Altmaier D.,Huesler M.A.,51.0,88.0,1.33,3.4,1.39,3.25,1.4,3.52
2023-08-01,Citi Open,1st Round,Hard,Kokkinakis T.,Daniel T.,86.0,111.0,1.57,2.38,1.7,2.27,1.72,2.45
2023-08-01,Citi Open,1st Round,Hard,Monfils G.,Fratangelo B.,323.0,695.0,1.3,3.5,1.34,3.52,1.34,3.6
2023-08-01,Los Cabos Open,1st Round,Hard,Brouwer G.,Diallo G.,144.0,140.0,2.0,1.8,2.04,1.86,2.1,1.86
2023-08-01,Citi Open,1st Round,Hard,Shimabukuro S.,Harris L.,161.0,186.0,3.75,1.29,3.45,1.34,3.75,1.34
2023-08-01,Generali Open,1st Round,Clay,Seyboth Wild T.,Novak D.,117.0,166.0,1.57,2.38,1.57,2.56,1.62,2.56
2023-08-01,Los Cabos Open,1st Round,Hard,Meligeni Alves F.,Tabilo A.,177.0,122.0,3.2,1.36,2.9,1.46,3.2,1.46
2023-08-01,Citi Open,1st Round,Hard,Thompson J.,Anderson K.,71.0,652.0,1.5,2.63,1.51,2.64,1.6,2.68
2023-08-01,Generali Open,1st Round,Clay,Thiem D.,Bagnis F.,116.0,135.0,1.3,3.5,1.33,3.58,1.38,3.58
2023-08-01,Generali Open,1st Round,Clay,Zhang Zh.,Lajovic D.,53.0,66.0,1.8,2.0,1.79,2.13,1.91,2.13
2023-08-01,Citi Open,1st Round,Hard,Nakashima B.,Vukic A.,70.0,62.0,1.4,3.0,1.41,3.12,1.51,3.12
2023-08-01,Citi Open,2nd Round,Hard,Ruusuvuori E.,Nishioka Y.,55.0,31.0,1.44,2.75,1.5,2.8,1.53,2.88
2023-08-01,Generali Open,1st Round,Clay,Djere L.,O Connell C.,38.0,74.0,1.44,2.75,1.48,2.84,1.58,2.95
2023-08-01,Citi Open,2nd Round,Hard,Mmoh M.,Hurkacz H.,112.0,17.0,4.5,1.2,4.43,1.25,4.5,1.29
2023-08-01,Citi Open,2nd Round,Hard,Dimitrov G.,Mcdonald M.,20.0,60.0,1.5,2.63,1.6,2.5,1.62,2.63
2023-08-01,Citi Open,2nd Round,Hard,Shang J.,Shelton B.,149.0,43.0,2.2,1.67,2.47,1.61,2.47,1.73
2023-08-02,Citi Open,2nd Round,Hard,Tiafoe F.,Karatsev A.,10.0,75.0,1.3,3.5,1.29,3.98,1.33,3.98
2023-08-02,Citi Open,2nd Round,Hard,Shevchenko A.,Korda S.,93.0,26.0,4.5,1.2,4.47,1.25,4.5,1.32
2023-08-02,Citi Open,2nd Round,Hard,Wolf J.J.,Albot R.,45.0,97.0,1.3,3.5,1.31,3.71,1.32,3.78
2023-08-02,Citi Open,2nd Round,Hard,Eubanks C.,Shimabukuro S.,29.0,161.0,1.3,3.5,1.24,4.64,1.3,4.64
2023-08-02,Citi Open,2nd Round,Hard,Thompson J.,Mannarino A.,71.0,27.0,1.8,2.0,1.98,1.93,1.98,2.05
2023-08-02,Citi Open,2nd Round,Hard,Evans D.,Barrere G.,30.0,59.0,1.8,2.0,1.88,2.02,1.95,2.05
2023-08-02,Citi Open,2nd Round,Hard,Watanuki Y.,Auger-Aliassime F.,99.0,12.0,2.38,1.57,2.57,1.57,2.57,1.6
2023-08-02,Citi Open,2nd Round,Hard,Murray A.,Nakashima B.,44.0,70.0,2.1,1.73,2.11,1.82,2.12,1.89
2023-08-02,Citi Open,2nd Round,Hard,Griekspoor T.,Broady L.,37.0,125.0,1.57,2.38,1.65,2.38,1.65,2.4
2023-08-02,Citi Open,2nd Round,Hard,Humbert U.,Kokkinakis T.,36.0,86.0,1.53,2.5,1.64,2.42,1.64,2.5
2023-08-02,Los Cabos Open,1st Round,Hard,Koepfer D.,Barrios M.,84.0,121.0,1.4,3.0,1.45,2.93,1.48,3.0
2023-08-02,Generali Open,2nd Round,Clay,Etcheverry T.,Andreozzi G.,34.0,240.0,1.36,3.2,1.39,3.29,1.4,3.6
2023-08-02,Generali Open,2nd Round,Clay,Baez S.,Carballes Baena R.,72.0,64.0,1.57,2.38,1.6,2.5,1.72,2.5
2023-08-02,Generali Open,2nd Round,Clay,Molcan A.,Ofner S.,120.0,61.0,2.1,1.73,2.15,1.79,2.28,1.79
2023-08-02,Generali Open,2nd Round,Clay,Galan D.E.,Altmaier D.,76.0,51.0,2.63,1.5,2.74,1.52,2.75,1.53
2023-08-02,Generali Open,2nd Round,Clay,Cachin P.,Ramos-Vinolas A.,54.0,82.0,1.67,2.2,1.69,2.31,1.83,2.31
2023-08-02,Generali Open,2nd Round,Clay,Djere L.,Seyboth Wild T.,38.0,117.0,1.62,2.3,1.66,2.37,1.7,2.37
2023-08-02,Generali Open,2nd Round,Clay,Rinderknech A.,Hanfmann Y.,67.0,50.0,2.3,1.62,2.51,1.6,2.51,1.66
2023-08-02,Generali Open,2nd Round,Clay,Thiem D.,Zhang Zh.,116.0,53.0,1.8,2.0,1.87,2.04,1.9,2.04
2023-08-02,Los Cabos Open,1st Round,Hard,Jung J.,Escobedo E.,276.0,377.0,2.0,1.8,2.06,1.84,2.06,1.91
2023-08-02,Los Cabos Open,1st Round,Hard,Duckworth J.,Virtanen O.,123.0,127.0,1.67,2.2,1.72,2.23,1.72,2.32
2023-08-02,Los Cabos Open,1st Round,Hard,Jarry N.,Pacheco Mendez R.,28.0,817.0,1.05,11.0,1.05,14.57,1.05,14.57
2023-08-02,Los Cabos Open,1st Round,Hard,Ivashka I.,Zhukayev B.,113.0,258.0,1.25,4.0,1.27,4.18,1.3,4.33
2023-08-02,Los Cabos Open,1st Round,Hard,Gojo B.,Garin C.,115.0,101.0,2.2,1.67,2.45,1.61,2.5,1.73
2023-08-02,Los Cabos Open,1st Round,Hard,De Minaur A.,Mansouri S.,19.0,296.0,1.05,11.0,1.05,14.53,1.06,14.53
2023-08-03,Los Cabos Open,2nd Round,Hard,De Minaur A.,Tirante T.A.,19.0,136.0,1.08,8.0,1.1,9.02,1.1,9.02
2023-08-03,Citi Open,3rd Round,Hard,Dimitrov G.,Ruusuvuori E.,20.0,55.0,1.4,3.0,1.44,3.04,1.44,3.22
2023-08-03,Citi Open,3rd Round,Hard,Wolf J.J.,Mmoh M.,45.0,112.0,1.33,3.4,1.35,3.51,1.37,3.51
2023-08-03,Los Cabos Open,2nd Round,Hard,Tsitsipas S.,Isner J.,5.0,114.0,1.25,4.0,1.25,4.46,1.31,4.52
2023-08-03,Los Cabos Open,2nd Round,Hard,Kovacevic A.,Norrie C.,129.0,13.0,4.0,1.25,5.26,1.2,5.26,1.26
2023-08-03,Generali Open,Quarterfinals,Clay,Baez S.,Molcan A.,72.0,120.0,1.44,2.75,1.55,2.64,1.55,2.88
2023-08-03,Los Cabos Open,2nd Round,Hard,Koepfer D.,Duckworth J.,84.0,123.0,1.57,2.38,1.6,2.51,1.6,2.51
2023-08-03,Generali Open,Quarterfinals,Clay,Djere L.,Cachin P.,38.0,54.0,1.8,2.0,1.77,2.18,1.86,2.19
2023-08-03,Generali Open,Quarterfinals,Clay,Thiem D.,Rinderknech A.,116.0,67.0,1.73,2.1,1.74,2.22,1.83,2.27
2023-08-03,Generali Open,Quarterfinals,Clay,Etcheverry T.,Galan D.E.,34.0,76.0,1.36,3.2,1.42,3.13,1.42,3.26
2023-08-03,Los Cabos Open,2nd Round,Hard,Jarry N.,Brouwer G.,28.0,144.0,1.29,3.75,1.31,3.84,1.32,4.0
2023-08-03,Citi Open,2nd Round,Hard,Monfils G.,Bublik A.,323.0,25.0,2.3,1.62,2.31,1.69,2.35,1.69
2023-08-03,Los Cabos Open,2nd Round,Hard,Ivashka I.,Gojo B.,113.0,115.0,2.1,1.73,2.08,1.84,2.15,1.85
2023-08-03,Los Cabos Open,2nd Round,Hard,Coric B.,Jung J.,15.0,276.0,1.14,5.5,1.14,6.92,1.19,6.92
2023-08-03,Los Cabos Open,2nd Round,Hard,Paul T.,Meligeni Alves F.,14.0,177.0,1.11,6.5,1.13,7.35,1.14,7.45
2023-08-03,Citi Open,3rd Round,Hard,Humbert U.,Watanuki Y.,36.0,99.0,1.44,2.75,1.5,2.81,1.5,2.83
2023-08-03,Citi Open,2nd Round,Hard,Fritz T.,Svajda Z.,9.0,233.0,1.08,8.0,1.09,9.94,1.09,9.94
2023-08-04,Citi Open,3rd Round,Hard,Thompson J.,Eubanks C.,71.0,29.0,1.8,2.0,1.88,2.03,1.91,2.1
2023-08-04,Citi Open,3rd Round,Hard,Griekspoor T.,Monfils G.,37.0,323.0,1.73,2.1,1.78,2.16,1.83,2.16
2023-08-04,Citi Open,3rd Round,Hard,Fritz T.,Murray A.,9.0,44.0,1.36,3.2,1.38,3.36,1.4,3.4
2023-08-04,Citi Open,3rd Round,Hard,Evans D.,Shevchenko A.,30.0,93.0,1.57,2.38,1.59,2.52,1.61,2.52
2023-08-04,Citi Open,3rd Round,Hard,Tiafoe F.,Shang J.,10.0,149.0,1.22,4.33,1.25,4.41,1.26,4.75
2023-08-04,Citi Open,Quarterfinals,Hard,Dimitrov G.,Humbert U.,20.0,36.0,1.44,2.75,1.51,2.78,1.51,2.8
2023-08-04,Citi Open,Quarterfinals,Hard,Griekspoor T.,Wolf J.J.,37.0,45.0,2.2,1.67,2.22,1.72,2.22,1.77
2023-08-04,Los Cabos Open,Quarterfinals,Hard,De Minaur A.,Paul T.,19.0,14.0,1.67,2.2,1.65,2.4,1.67,2.44
2023-08-04,Los Cabos Open,Quarterfinals,Hard,Koepfer D.,Kovacevic A.,84.0,129.0,1.44,2.75,1.51,2.77,1.53,2.83
2023-08-04,Los Cabos Open,Quarterfinals,Hard,Coric B.,Ivashka I.,15.0,113.0,1.33,3.4,1.3,3.88,1.36,3.88
2023-08-04,Los Cabos Open,Quarterfinals,Hard,Tsitsipas S.,Jarry N.,5.0,28.0,1.3,3.5,1.33,3.68,1.39,3.68
2023-08-04,Generali Open,Semifinals,Clay,Baez S.,Etcheverry T.,72.0,34.0,1.91,1.91,2.02,1.89,2.02,1.91
2023-08-04,Generali Open,Semifinals,Clay,Thiem D.,Djere L.,116.0,38.0,2.3,1.62,2.49,1.61,2.49,1.63
2023-08-05,Generali Open,The Final,Clay,Baez S.,Thiem D.,72.0,116.0,1.8,2.0,1.84,2.08,1.91,2.1
2023-08-05,Los Cabos Open,Semifinals,Hard,Tsitsipas S.,Coric B.,5.0,15.0,1.4,3.0,1.41,3.15,1.43,3.15
2023-08-05,Los Cabos Open,Semifinals,Hard,De Minaur A.,Koepfer D.,19.0,84.0,1.25,4.0,1.3,3.92,1.33,4.01
2023-08-05,Citi Open,Quarterfinals,Hard,Fritz T.,Thompson J.,9.0,71.0,1.44,2.75,1.51,2.75,1.52,2.88
2023-08-05,Citi Open,Quarterfinals,Hard,Evans D.,Tiafoe F.,30.0,10.0,3.75,1.29,4.08,1.27,4.08,1.29
2023-08-06,Los Cabos Open,The Final,Hard,Tsitsipas S.,De Minaur A.,5.0,19.0,1.36,3.2,1.39,3.28,1.4,3.33
2023-08-06,Citi Open,Semifinals,Hard,Griekspoor T.,Fritz T.,37.0,9.0,3.5,1.3,3.8,1.31,3.8,1.33
2023-08-06,Citi Open,Semifinals,Hard,Evans D.,Dimitrov G.,30.0,20.0,3.2,1.36,3.41,1.37,3.49,1.39
2023-08-06,Citi Open,The Final,Hard,Evans D.,Griekspoor T.,30.0,37.0,2.0,1.8,2.17,1.78,2.21,1.83
2023-08-07,Canadian Open,1st Round,Hard,Kokkinakis T.,Zhang Zh.,86.0,63.0,1.44,2.75,1.51,2.72,1.52,2.88
2023-08-07,Canadian Open,1st Round,Hard,Daniel T.,Mannarino A.,115.0,30.0,2.3,1.62,2.19,1.75,2.4,1.75
2023-08-07,Canadian Open,1st Round,Hard,Monfils G.,Eubanks C.,276.0,29.0,1.73,2.1,1.78,2.15,1.8,2.24
2023-08-07,Canadian Open,1st Round,Hard,Hurkacz H.,Bublik A.,17.0,28.0,1.44,2.75,1.49,2.79,1.55,2.95
2023-08-07,Canadian Open,1st Round,Hard,Cerundolo F.,Galarneau A.,22.0,192.0,1.25,4.0,1.31,3.74,1.33,4.01
2023-08-07,Canadian Open,1st Round,Hard,Davidovich Fokina A.,Wolf J.J.,37.0,43.0,2.1,1.73,2.23,1.72,2.23,1.8
2023-08-07,Canadian Open,1st Round,Hard,Lehecka J.,Nakashima B.,36.0,74.0,2.0,1.8,2.18,1.75,2.18,1.83
2023-08-07,Canadian Open,1st Round,Hard,Musetti L.,Nishioka Y.,19.0,45.0,1.57,2.38,1.59,2.5,1.62,2.58
2023-08-07,Canadian Open,1st Round,Hard,Berrettini M.,Barrere G.,38.0,58.0,1.3,3.5,1.37,3.37,1.39,3.75
2023-08-08,Canadian Open,1st Round,Hard,Diallo G.,Evans D.,141.0,21.0,3.0,1.4,3.07,1.42,3.23,1.42
2023-08-08,Canadian Open,1st Round,Hard,De Minaur A.,Norrie C.,18.0,13.0,1.73,2.1,1.79,2.13,1.84,2.17
2023-08-08,Canadian Open,1st Round,Hard,Vukic A.,Coric B.,62.0,15.0,2.75,1.44,2.69,1.52,2.75,1.52
2023-08-08,Canadian Open,1st Round,Hard,Zverev A.,Griekspoor T.,16.0,26.0,1.3,3.5,1.36,3.38,1.37,3.85
2023-08-08,Canadian Open,1st Round,Hard,Mcdonald M.,Karatsev A.,59.0,71.0,1.73,2.1,1.84,2.06,1.84,2.15
2023-08-08,Canadian Open,1st Round,Hard,Humbert U.,Jarry N.,34.0,27.0,2.0,1.8,2.05,1.85,2.46,1.85
2023-08-08,Canadian Open,1st Round,Hard,Murray A.,Sonego L.,40.0,39.0,1.53,2.5,1.62,2.43,1.62,2.63
2023-08-08,Canadian Open,1st Round,Hard,Giron M.,Ruusuvuori E.,70.0,54.0,2.38,1.57,2.53,1.58,2.65,1.6
2023-08-08,Canadian Open,1st Round,Hard,Arnaldi M.,Pospisil V.,66.0,165.0,1.36,3.2,1.34,3.5,1.47,3.5
2023-08-08,Canadian Open,1st Round,Hard,Paul T.,Schwartzman D.,14.0,98.0,1.3,3.5,1.35,3.49,1.35,3.6
2023-08-08,Canadian Open,1st Round,Hard,Kecmanovic M.,Garin C.,44.0,101.0,2.1,1.73,2.08,1.83,2.16,1.84
2023-08-08,Canadian Open,1st Round,Hard,Raonic M.,Tiafoe F.,545.0,10.0,3.2,1.36,3.3,1.37,3.36,1.44
2023-08-08,Canadian Open,1st Round,Hard,Korda S.,Etcheverry T.,32.0,31.0,1.4,3.0,1.44,2.97,1.46,3.5
2023-08-09,Canadian Open,2nd Round,Hard,Sinner J.,Berrettini M.,8.0,38.0,1.44,2.75,1.43,3.07,1.5,3.07
2023-08-09,Canadian Open,2nd Round,Hard,Murray A.,Purcell M.,40.0,78.0,1.3,3.5,1.32,3.76,1.32,3.8
2023-08-09,Canadian Open,2nd Round,Hard,Davidovich Fokina A.,Zverev A.,37.0,16.0,3.75,1.29,3.75,1.32,4.0,1.32
2023-08-09,Canadian Open,2nd Round,Hard,De Minaur A.,Diallo G.,18.0,141.0,1.22,4.33,1.22,4.84,1.24,5.05
2023-08-09,Canadian Open,2nd Round,Hard,Monfils G.,Tsitsipas S.,276.0,4.0,3.75,1.29,4.15,1.28,4.18,1.31
2023-08-09,Canadian Open,2nd Round,Hard,Musetti L.,Kokkinakis T.,19.0,86.0,1.67,2.2,1.67,2.36,1.74,2.36
2023-08-09,Canadian Open,2nd Round,Hard,Medvedev D.,Arnaldi M.,3.0,66.0,1.13,6.0,1.1,9.26,1.13,9.26
2023-08-09,Canadian Open,2nd Round,Hard,Raonic M.,Daniel T.,545.0,115.0,1.57,2.38,1.6,2.51,1.65,2.51
2023-08-09,Canadian Open,2nd Round,Hard,Fritz T.,Humbert U.,9.0,34.0,1.3,3.5,1.35,3.55,1.37,3.55
2023-08-09,Canadian Open,2nd Round,Hard,Mcdonald M.,Rublev A.,59.0,7.0,4.0,1.25,4.53,1.24,4.53,1.29
2023-08-09,Canadian Open,2nd Round,Hard,Ruud C.,Lehecka J.,5.0,36.0,1.5,2.63,1.51,2.78,1.55,2.78
2023-08-09,Canadian Open,1st Round,Hard,Shelton B.,Zapata Miralles B.,41.0,64.0,1.29,3.75,1.39,3.22,1.41,3.75
2023-08-09,Canadian Open,1st Round,Hard,Purcell M.,Auger-Aliassime F.,78.0,12.0,3.4,1.33,3.17,1.4,3.4,1.4
2023-08-09,Canadian Open,2nd Round,Hard,Hurkacz H.,Kecmanovic M.,17.0,44.0,1.33,3.4,1.37,3.4,1.37,3.5
2023-08-10,Canadian Open,3rd Round,Hard,De Minaur A.,Fritz T.,18.0,9.0,2.1,1.73,2.15,1.79,2.2,1.79
2023-08-10,Canadian Open,3rd Round,Hard,Medvedev D.,Musetti L.,3.0,19.0,1.17,5.0,1.21,5.01,1.24,5.01
2023-08-10,Canadian Open,3rd Round,Hard,Mcdonald M.,Raonic M.,59.0,545.0,1.91,1.91,1.9,2.01,2.0,2.03
2023-08-10,Canadian Open,3rd Round,Hard,Davidovich Fokina A.,Ruud C.,37.0,5.0,2.1,1.73,2.1,1.83,2.25,1.83
2023-08-10,Canadian Open,2nd Round,Hard,Paul T.,Cerundolo F.,14.0,22.0,1.53,2.5,1.51,2.75,1.53,2.77
2023-08-10,Canadian Open,2nd Round,Hard,Vukic A.,Korda S.,62.0,32.0,3.2,1.36,3.03,1.44,3.2,1.45
2023-08-10,Canadian Open,2nd Round,Hard,Alcaraz C.,Shelton B.,1.0,41.0,1.07,9.0,1.08,10.7,1.09,10.7
2023-08-10,Canadian Open,2nd Round,Hard,Giron M.,Rune H.,70.0,6.0,3.5,1.3,3.14,1.42,3.5,1.42
2023-08-11,Canadian Open,Quarterfinals,Hard,Davidovich Fokina A.,Mcdonald M.,37.0,59.0,1.67,2.2,1.68,2.34,1.7,2.34
2023-08-11,Canadian Open,3rd Round,Hard,Sinner J.,Murray A.,8.0,40.0,1.2,4.5,1.23,4.84,1.25,4.84
2023-08-11,Canadian Open,Quarterfinals,Hard,De Minaur A.,Medvedev D.,18.0,3.0,3.5,1.3,3.56,1.34,3.56,1.38
2023-08-11,Canadian Open,3rd Round,Hard,Alcaraz C.,Hurkacz H.,1.0,17.0,1.17,5.0,1.22,4.87,1.22,5.0
2023-08-11,Canadian Open,3rd Round,Hard,Monfils G.,Vukic A.,276.0,62.0,1.57,2.38,1.61,2.47,1.63,2.47
2023-08-11,Canadian Open,3rd Round,Hard,Paul T.,Giron M.,14.0,70.0,1.5,2.63,1.54,2.67,1.55,2.67
2023-08-12,Canadian Open,Quarterfinals,Hard,Paul T.,Alcaraz C.,14.0,1.0,5.0,1.17,5.28,1.2,5.28,1.22
2023-08-12,Canadian Open,Quarterfinals,Hard,Sinner J.,Monfils G.,8.0,276.0,1.22,4.33,1.25,4.41,1.26,4.41
2023-08-12,Canadian Open,Semifinals,Hard,De Minaur A.,Davidovich Fokina A.,18.0,37.0,1.73,2.1,1.71,2.27,1.8,2.27
2023-08-13,Canadian Open,Semifinals,Hard,Sinner J.,Paul T.,8.0,14.0,1.4,3.0,1.41,3.17,1.43,3.17
2023-08-13,Canadian Open,The Final,Hard,Sinner J.,De Minaur A.,8.0,18.0,1.4,3.0,1.39,3.27,1.46,3.27
2023-08-13,Western & Southern Financial Group Masters,1st Round,Hard,Shelton B.,Eubanks C.,40.0,29.0,1.73,2.1,1.81,2.09,1.82,2.32
2023-08-13,Western & Southern Financial Group Masters,1st Round,Hard,Mannarino A.,Gasquet R.,32.0,53.0,1.57,2.38,1.67,2.32,1.67,2.47
2023-08-13,Western & Southern Financial Group Masters,1st Round,Hard,Nishioka Y.,Barrere G.,45.0,57.0,1.67,2.2,1.76,2.17,1.8,2.25
2023-08-14,Western & Southern Financial Group Masters,1st Round,Hard,Thompson J.,Isner J.,55.0,106.0,1.67,2.2,1.7,2.27,1.74,2.32
2023-08-14,Western & Southern Financial Group Masters,1st Round,Hard,Lajovic D.,Cerundolo F.,66.0,21.0,2.75,1.44,2.59,1.56,2.78,1.58
2023-08-14,Western & Southern Financial Group Masters,1st Round,Hard,Ruusuvuori E.,Moutet C.,60.0,77.0,1.44,2.75,1.47,2.85,1.49,3.02
2023-08-14,Western & Southern Financial Group Masters,1st Round,Hard,Tiafoe F.,Griekspoor T.,10.0,25.0,1.5,2.63,1.55,2.61,1.62,2.65
2023-08-14,Western & Southern Financial Group Masters,1st Round,Hard,Auger-Aliassime F.,Berrettini M.,14.0,38.0,2.75,1.44,2.79,1.49,2.79,1.56
2023-08-14,Western & Southern Financial Group Masters,1st Round,Hard,Jarry N.,Safiullin R.,26.0,63.0,1.73,2.1,1.82,2.09,1.83,2.2
2023-08-15,Western & Southern Financial Group Masters,1st Round,Hard,Musetti L.,Evans D.,18.0,28.0,1.73,2.1,1.74,2.21,1.77,2.21
2023-08-15,Western & Southern Financial Group Masters,1st Round,Hard,Purcell M.,Harris L.,70.0,182.0,2.0,1.8,2.03,1.86,2.1,1.86
2023-08-15,Western & Southern Financial Group Masters,2nd Round,Hard,Ruusuvuori E.,Rublev A.,60.0,8.0,3.4,1.33,3.71,1.32,3.72,1.34
2023-08-15,Western & Southern Financial Group Masters,1st Round,Hard,Hurkacz H.,Kokkinakis T.,20.0,78.0,1.44,2.75,1.41,3.13,1.47,3.13
2023-08-15,Western & Southern Financial Group Masters,1st Round,Hard,Sonego L.,Shevchenko A.,39.0,88.0,1.53,2.5,1.59,2.5,1.61,2.53
2023-08-15,Western & Southern Financial Group Masters,1st Round,Hard,Monfils G.,Norrie C.,211.0,15.0,2.1,1.73,2.11,1.8,2.22,1.8
2023-08-15,Western & Southern Financial Group Masters,1st Round,Hard,Davidovich Fokina A.,Etcheverry T.,23.0,31.0,1.33,3.4,1.29,3.9,1.35,3.9
2023-08-15,Western & Southern Financial Group Masters,1st Round,Hard,Paul T.,Kecmanovic M.,13.0,41.0,1.44,2.75,1.47,2.87,1.53,3.08
2023-08-15,Western & Southern Financial Group Masters,1st Round,Hard,Wawrinka S.,Nakashima B.,51.0,73.0,2.2,1.67,2.04,1.85,2.2,1.85
2023-08-15,Western & Southern Financial Group Masters,1st Round,Hard,Coric B.,Korda S.,16.0,30.0,2.3,1.62,2.29,1.69,2.3,1.69
2023-08-15,Western & Southern Financial Group Masters,1st Round,Hard,Popyrin A.,Altmaier D.,58.0,52.0,1.91,1.91,,,2.2,1.91
2023-08-15,Western & Southern Financial Group Masters,1st Round,Hard,Fritz T.,Lehecka J.,9.0,35.0,1.33,3.4,1.35,3.48,1.4,3.5
2023-08-15,Western & Southern Financial Group Masters,1st Round,Hard,Humbert U.,Fils A.,33.0,46.0,1.67,2.2,1.72,2.23,1.74,2.37
2023-08-15,Western & Southern Financial Group Masters,1st Round,Hard,Zverev A.,Dimitrov G.,17.0,19.0,1.67,2.2,1.65,2.36,1.68,2.4
2023-08-16,Western & Southern Financial Group Masters,2nd Round,Hard,Monfils G.,De Minaur A.,211.0,12.0,2.75,1.44,2.7,1.53,2.75,1.54
2023-08-16,Western & Southern Financial Group Masters,2nd Round,Hard,Tsitsipas S.,Shelton B.,4.0,40.0,1.25,4.0,1.29,3.97,1.36,4.01
2023-08-16,Western & Southern Financial Group Masters,2nd Round,Hard,Fritz T.,Sonego L.,9.0,39.0,1.29,3.75,1.27,4.26,1.29,4.26
2023-08-16,Western & Southern Financial Group Masters,2nd Round,Hard,Hurkacz H.,Coric B.,20.0,16.0,1.62,2.3,1.69,2.3,1.72,2.3
2023-08-16,Western & Southern Financial Group Masters,2nd Round,Hard,Purcell M.,Ruud C.,70.0,7.0,3.4,1.33,3.6,1.34,3.6,1.35
2023-08-16,Western & Southern Financial Group Masters,2nd Round,Hard,Mcdonald M.,Rune H.,43.0,5.0,2.38,1.57,2.56,1.58,2.56,1.61
2023-08-16,Western & Southern Financial Group Masters,2nd Round,Hard,Lajovic D.,Sinner J.,66.0,6.0,7.0,1.1,8.36,1.11,8.36,1.12
2023-08-16,Western & Southern Financial Group Masters,2nd Round,Hard,Zverev A.,Nishioka Y.,17.0,45.0,1.14,5.5,1.18,5.65,1.18,5.8
2023-08-16,Western & Southern Financial Group Masters,2nd Round,Hard,Paul T.,Humbert U.,13.0,33.0,1.5,2.63,1.51,2.76,1.53,2.76
2023-08-16,Western & Southern Financial Group Masters,2nd Round,Hard,Alcaraz C.,Thompson J.,1.0,55.0,1.08,8.0,1.11,8.33,1.11,8.4
2023-08-16,Western & Southern Financial Group Masters,2nd Round,Hard,Mannarino A.,Auger-Aliassime F.,32.0,14.0,2.5,1.53,2.59,1.57,2.59,1.6
2023-08-16,Western & Southern Financial Group Masters,1st Round,Hard,Mcdonald M.,Hanfmann Y.,43.0,50.0,1.44,2.75,1.39,3.22,1.44,3.34
2023-08-16,Western & Southern Financial Group Masters,1st Round,Hard,De Minaur A.,Wolf J.J.,12.0,44.0,1.53,2.5,1.55,2.6,1.62,2.61
2023-08-16,Western & Southern Financial Group Masters,2nd Round,Hard,Medvedev D.,Musetti L.,3.0,18.0,1.22,4.33,1.23,4.7,1.26,4.7
2023-08-17,Western & Southern Financial Group Masters,3rd Round,Hard,Purcell M.,Wawrinka S.,70.0,51.0,2.75,1.44,3.12,1.42,3.16,1.48
2023-08-17,Western & Southern Financial Group Masters,3rd Round,Hard,Alcaraz C.,Paul T.,1.0,13.0,1.29,3.75,1.27,4.26,1.29,4.34
2023-08-17,Western & Southern Financial Group Masters,3rd Round,Hard,Hurkacz H.,Tsitsipas S.,20.0,4.0,2.63,1.5,2.66,1.54,2.7,1.54
2023-08-17,Western & Southern Financial Group Masters,3rd Round,Hard,Zverev A.,Medvedev D.,17.0,3.0,2.63,1.5,2.63,1.55,2.8,1.55
2023-08-17,Western & Southern Financial Group Masters,3rd Round,Hard,Mannarino A.,Mcdonald M.,32.0,43.0,2.3,1.62,2.28,1.71,2.32,1.73
2023-08-17,Western & Southern Financial Group Masters,2nd Round,Hard,Popyrin A.,Jarry N.,58.0,26.0,2.1,1.73,2.05,1.85,2.17,1.86
2023-08-17,Western & Southern Financial Group Masters,2nd Round,Hard,Wawrinka S.,Tiafoe F.,51.0,10.0,2.63,1.5,2.6,1.56,2.73,1.59
2023-08-17,Western & Southern Financial Group Masters,2nd Round,Hard,Djokovic N.,Davidovich Fokina A.,2.0,23.0,1.13,6.0,1.17,6.02,1.18,6.05
2023-08-17,Western & Southern Financial Group Masters,3rd Round,Hard,Popyrin A.,Ruusuvuori E.,58.0,60.0,2.5,1.53,2.62,1.56,2.64,1.59
2023-08-18,Western & Southern Financial Group Masters,3rd Round,Hard,Fritz T.,Lajovic D.,9.0,66.0,1.25,4.0,1.25,4.49,1.25,4.53
2023-08-18,Western & Southern Financial Group Masters,3rd Round,Hard,Djokovic N.,Monfils G.,2.0,211.0,1.13,6.0,1.14,6.75,1.15,6.77
2023-08-18,Western & Southern Financial Group Masters,Quarterfinals,Hard,Hurkacz H.,Popyrin A.,20.0,58.0,1.29,3.75,1.34,3.63,1.34,3.75
2023-08-18,Western & Southern Financial Group Masters,Quarterfinals,Hard,Alcaraz C.,Purcell M.,1.0,70.0,1.08,8.0,1.08,10.57,1.14,10.64
2023-08-19,Western & Southern Financial Group Masters,Quarterfinals,Hard,Zverev A.,Mannarino A.,17.0,32.0,1.22,4.33,1.27,4.24,1.28,4.34
2023-08-19,Western & Southern Financial Group Masters,Quarterfinals,Hard,Djokovic N.,Fritz T.,2.0,9.0,1.22,4.33,1.26,4.37,1.26,4.82
2023-08-19,Western & Southern Financial Group Masters,Semifinals,Hard,Alcaraz C.,Hurkacz H.,1.0,20.0,1.3,3.5,1.32,3.72,1.4,3.72
2023-08-20,Winston-Salem Open at Wake Forest University,1st Round,Hard,Bonzi B.,Muller A.,101.0,85.0,2.3,1.62,2.12,1.79,2.3,1.82
2023-08-20,Winston-Salem Open at Wake Forest University,1st Round,Hard,Michelsen A.,Varillas J.P.,133.0,74.0,1.3,3.5,1.48,2.83,1.48,3.6
2023-08-20,Winston-Salem Open at Wake Forest University,1st Round,Hard,Galan D.E.,Albot R.,70.0,105.0,1.73,2.1,1.79,2.13,1.8,2.21
2023-08-20,Winston-Salem Open at Wake Forest University,1st Round,Hard,Cerundolo J.M.,Safiullin R.,100.0,61.0,6.0,1.13,6.28,1.15,6.74,1.15
2023-08-20,Western & Southern Financial Group Masters,Semifinals,Hard,Djokovic N.,Zverev A.,2.0,17.0,1.29,3.75,1.34,3.57,1.35,3.86
2023-08-20,Winston-Salem Open at Wake Forest University,1st Round,Hard,Huesler M.A.,Shevchenko A.,87.0,84.0,2.2,1.67,2.09,1.81,2.32,1.83
2023-08-20,Western & Southern Financial Group Masters,The Final,Hard,Djokovic N.,Alcaraz C.,2.0,1.0,1.62,2.3,1.69,2.3,1.7,2.5
2023-08-20,Winston-Salem Open at Wake Forest University,1st Round,Hard,Zhang Zh.,Ivashka I.,67.0,99.0,1.8,2.0,1.85,2.04,1.88,2.09
2023-08-21,Winston-Salem Open at Wake Forest University,2nd Round,Hard,Fucsovics M.,Zhang Zh.,58.0,67.0,1.67,2.2,1.65,2.37,1.71,2.37
2023-08-21,Winston-Salem Open at Wake Forest University,1st Round,Hard,Kumar O.,Rinderknech A.,385.0,73.0,5.5,1.14,,,6.35,1.17
2023-08-21,Winston-Salem Open at Wake Forest University,1st Round,Hard,Mmoh M.,King D.,94.0,497.0,1.3,3.5,1.3,3.86,1.33,3.9
2023-08-21,Winston-Salem Open at Wake Forest University,1st Round,Hard,Krueger M.,Kotov P.,275.0,97.0,2.1,1.73,2.38,1.65,2.38,1.8
2023-08-21,Winston-Salem Open at Wake Forest University,1st Round,Hard,Koepfer D.,Lestienne C.,78.0,103.0,1.53,2.5,1.61,2.46,1.69,2.5
2023-08-21,Winston-Salem Open at Wake Forest University,1st Round,Hard,Draper J.,Borges N.,118.0,79.0,1.4,3.0,1.38,3.27,1.44,3.27
2023-08-21,Winston-Salem Open at Wake Forest University,1st Round,Hard,Purcell M.,Cecchinato M.,47.0,109.0,1.08,8.0,1.16,6.06,1.16,9.91
2023-08-21,Winston-Salem Open at Wake Forest University,1st Round,Hard,Diaz Acosta F.,Halys Q.,93.0,69.0,4.0,1.25,3.94,1.29,4.4,1.29
2023-08-21,Winston-Salem Open at Wake Forest University,1st Round,Hard,Nakashima B.,Kubler J.,72.0,86.0,1.36,3.2,1.45,2.96,1.5,3.2
2023-08-21,Winston-Salem Open at Wake Forest University,1st Round,Hard,Hijikata R.,Marchenko I.,111.0,267.0,1.62,2.3,1.69,2.28,1.73,2.32
2023-08-22,Winston-Salem Open at Wake Forest University,2nd Round,Hard,Coric B.,Hijikata R.,29.0,111.0,1.3,3.5,1.27,4.12,1.3,4.2
2023-08-22,Winston-Salem Open at Wake Forest University,2nd Round,Hard,Cerundolo J.M.,Hanfmann Y.,100.0,54.0,3.4,1.33,3.16,1.4,3.4,1.44
2023-08-22,Winston-Salem Open at Wake Forest University,2nd Round,Hard,Lehecka J.,Krueger M.,35.0,275.0,1.25,4.0,1.26,4.24,1.3,4.24
2023-08-22,Winston-Salem Open at Wake Forest University,2nd Round,Hard,Vukic A.,Van Assche L.,51.0,65.0,1.57,2.38,1.6,2.49,1.62,2.66
2023-08-22,Winston-Salem Open at Wake Forest University,2nd Round,Hard,Korda S.,Bonzi B.,33.0,101.0,1.29,3.75,1.29,3.96,1.33,4.0
2023-08-22,Winston-Salem Open at Wake Forest University,2nd Round,Hard,Griekspoor T.,Draper J.,25.0,118.0,1.91,1.91,2.0,1.89,2.04,1.91
2023-08-22,Winston-Salem Open at Wake Forest University,2nd Round,Hard,Koepfer D.,Kirchheimer S.,78.0,416.0,1.1,7.0,1.11,8.05,1.14,8.07
2023-08-22,Winston-Salem Open at Wake Forest University,2nd Round,Hard,Gasquet R.,Huesler M.A.,57.0,87.0,1.91,1.91,1.86,2.03,1.95,2.05
2023-08-22,Winston-Salem Open at Wake Forest University,2nd Round,Hard,Djere L.,Diaz Acosta F.,34.0,93.0,1.4,3.0,1.46,2.9,1.49,3.2
2023-08-22,Winston-Salem Open at Wake Forest University,2nd Round,Hard,Michelsen A.,Ofner S.,133.0,59.0,1.62,2.3,1.77,2.15,1.77,2.6
2023-08-22,Winston-Salem Open at Wake Forest University,2nd Round,Hard,Nakashima B.,Fils A.,72.0,48.0,1.8,2.0,1.8,2.12,1.9,2.2
2023-08-22,Winston-Salem Open at Wake Forest University,2nd Round,Hard,Baez S.,Galan D.E.,42.0,70.0,2.0,1.8,2.1,1.81,2.1,1.86
2023-08-22,Winston-Salem Open at Wake Forest University,1st Round,Hard,Van Assche L.,Kwiatkowski T.S.,65.0,477.0,1.53,2.5,1.48,2.83,1.57,2.87
2023-08-22,Winston-Salem Open at Wake Forest University,2nd Round,Hard,Purcell M.,Kuznetsov An.,47.0,,,,,,,
2023-08-23,Winston-Salem Open at Wake Forest University,3rd Round,Hard,Coric B.,Mmoh M.,29.0,94.0,1.44,2.75,1.55,2.65,1.61,2.78
2023-08-23,Winston-Salem Open at Wake Forest University,3rd Round,Hard,Cerundolo J.M.,Kumar O.,100.0,385.0,1.62,2.3,1.7,2.29,1.72,2.38
2023-08-23,Winston-Salem Open at Wake Forest University,3rd Round,Hard,Lehecka J.,Koepfer D.,35.0,78.0,1.57,2.38,1.66,2.38,1.66,2.52
2023-08-23,Winston-Salem Open at Wake Forest University,3rd Round,Hard,Gasquet R.,Nakashima B.,57.0,72.0,2.75,1.44,3.37,1.37,3.44,1.46
2023-08-23,Winston-Salem Open at Wake Forest University,3rd Round,Hard,Purcell M.,Griekspoor T.,47.0,25.0,2.5,1.53,2.49,1.61,2.58,1.61
2023-08-23,Winston-Salem Open at Wake Forest University,3rd Round,Hard,Korda S.,Fucsovics M.,33.0,58.0,1.5,2.63,1.45,3.0,1.5,3.02
2023-08-23,Winston-Salem Open at Wake Forest University,2nd Round,Hard,Mmoh M.,Giron M.,94.0,63.0,2.63,1.5,2.63,1.54,2.64,1.62
2023-08-23,Winston-Salem Open at Wake Forest University,2nd Round,Hard,Kumar O.,Van De Zandschulp B.,385.0,55.0,5.0,1.17,4.75,1.22,5.05,1.22
2023-08-23,Winston-Salem Open at Wake Forest University,3rd Round,Hard,Baez S.,Vukic A.,42.0,51.0,2.3,1.62,2.21,1.75,2.38,1.75
2023-08-24,Winston-Salem Open at Wake Forest University,3rd Round,Hard,Djere L.,Michelsen A.,34.0,133.0,1.67,2.2,1.74,2.24,1.8,2.3
2023-08-24,Winston-Salem Open at Wake Forest University,Quarterfinals,Hard,Korda S.,Gasquet R.,33.0,57.0,1.33,3.4,1.34,3.58,1.34,3.65
2023-08-24,Winston-Salem Open at Wake Forest University,Quarterfinals,Hard,Lehecka J.,Purcell M.,35.0,47.0,1.73,2.1,1.81,2.12,1.82,2.25
2023-08-25,Winston-Salem Open at Wake Forest University,Semifinals,Hard,Baez S.,Coric B.,42.0,29.0,3.0,1.4,3.02,1.44,3.02,1.5
2023-08-25,Winston-Salem Open at Wake Forest University,Semifinals,Hard,Lehecka J.,Korda S.,35.0,33.0,2.5,1.53,,,2.55,1.63
2023-08-25,Winston-Salem Open at Wake Forest University,Quarterfinals,Hard,Coric B.,Cerundolo J.M.,29.0,100.0,1.2,4.5,1.25,4.45,1.25,4.59
2023-08-25,Winston-Salem Open at Wake Forest University,Quarterfinals,Hard,Baez S.,Djere L.,42.0,34.0,2.2,1.67,2.25,1.72,2.35,1.72
2023-08-26,Winston-Salem Open at Wake Forest University,The Final,Hard,Baez S.,Lehecka J.,42.0,35.0,2.38,1.57,1.4,1.65,2.5,1.66
2023-08-28,US Open,1st Round,Hard,Varillas J.P.,Kecmanovic M.,74.0,46.0,4.5,1.2,4.97,1.22,5.06,1.23
2023-08-28,US Open,1st Round,Hard,Gaston H.,Shimabukuro S.,99.0,158.0,1.8,2.0,1.79,2.14,1.82,2.16
2023-08-28,US Open,1st Round,Hard,Stricker D.,Popyrin A.,128.0,41.0,2.38,1.57,2.55,1.58,2.56,1.62
2023-08-28,US Open,1st Round,Hard,Bonzi B.,Halys Q.,108.0,70.0,2.38,1.57,2.74,1.52,2.74,1.59
2023-08-28,US Open,1st Round,Hard,Safiullin R.,Cecchinato M.,60.0,109.0,1.07,9.0,1.09,9.79,1.09,12.0
2023-08-28,US Open,1st Round,Hard,Mcdonald M.,Auger-Aliassime F.,40.0,15.0,2.2,1.67,2.19,1.76,2.22,1.77
2023-08-28,US Open,1st Round,Hard,Eubanks C.,Kwon S.W.,30.0,104.0,1.25,4.0,1.3,3.9,1.3,4.0
2023-08-28,US Open,1st Round,Hard,Paul T.,Travaglia S.,14.0,233.0,1.06,10.0,1.06,12.9,1.09,12.94
2023-08-28,US Open,1st Round,Hard,Karatsev A.,Lehecka J.,77.0,29.0,2.63,1.5,2.67,1.54,2.67,1.55
2023-08-28,US Open,1st Round,Hard,Zapata Miralles B.,Quinn E.,76.0,475.0,1.4,3.0,1.45,2.99,1.53,3.23
2023-08-28,US Open,1st Round,Hard,Fritz T.,Johnson S.,9.0,205.0,1.04,13.0,1.05,14.7,1.08,14.7
2023-08-28,US Open,1st Round,Hard,Droguet T.,Musetti L.,171.0,18.0,6.5,1.11,7.81,1.12,7.85,1.12
2023-08-28,US Open,1st Round,Hard,Vesely J.,Couacaud E.,437.0,180.0,2.5,1.53,2.58,1.57,2.61,1.59
2023-08-28,US Open,1st Round,Hard,Cerundolo F.,Svajda Z.,20.0,234.0,1.3,3.5,1.37,3.38,1.37,3.6
2023-08-28,US Open,1st Round,Hard,Djere L.,Nakashima B.,38.0,68.0,2.75,1.44,3.11,1.42,3.2,1.48
2023-08-28,US Open,1st Round,Hard,Hijikata R.,Kotov P.,110.0,98.0,1.73,2.1,1.86,2.05,1.88,2.11
2023-08-28,US Open,1st Round,Hard,Shelton B.,Cachin P.,47.0,66.0,1.17,5.0,1.23,4.69,1.25,6.05
2023-08-28,US Open,1st Round,Hard,Ofner S.,Borges N.,58.0,79.0,1.67,2.2,1.83,2.1,1.84,2.22
2023-08-28,US Open,1st Round,Hard,Zhang Zh.,Wolf J.J.,67.0,45.0,3.2,1.36,3.39,1.37,3.45,1.43
2023-08-28,US Open,1st Round,Hard,Fucsovics M.,Korda S.,57.0,31.0,2.75,1.44,3.1,1.42,3.13,1.5
2023-08-28,US Open,1st Round,Hard,Marozsan F.,Gasquet R.,92.0,55.0,2.75,1.44,2.9,1.47,3.1,1.52
2023-08-28,US Open,1st Round,Hard,Mannarino A.,Watanuki Y.,35.0,85.0,1.5,2.63,1.56,2.59,1.67,2.63
2023-08-28,US Open,1st Round,Hard,Cerundolo J.M.,Ivashka I.,93.0,103.0,3.0,1.4,3.22,1.4,3.22,1.47
2023-08-28,US Open,1st Round,Hard,Davidovich Fokina A.,Giron M.,21.0,62.0,1.44,2.75,1.49,2.84,1.49,3.07
2023-08-28,US Open,1st Round,Hard,Carballes Baena R.,Rune H.,63.0,4.0,6.0,1.13,8.09,1.11,8.09,1.15
2023-08-28,US Open,1st Round,Hard,Ruud C.,Nava E.,5.0,154.0,1.14,5.5,1.17,5.85,1.19,5.85
2023-08-28,US Open,1st Round,Hard,Tiafoe F.,Tien L.,10.0,700.0,1.03,17.0,1.03,25.44,1.07,25.44
2023-08-28,US Open,1st Round,Hard,Mensik J.,Barrere G.,206.0,59.0,2.1,1.73,2.13,1.8,2.2,1.81
2023-08-28,US Open,1st Round,Hard,Thiem D.,Bublik A.,81.0,27.0,2.38,1.57,2.41,1.65,2.55,1.69
2023-08-29,US Open,1st Round,Hard,Murray A.,Moutet C.,37.0,72.0,1.25,4.0,1.32,3.78,1.33,4.01
2023-08-29,US Open,1st Round,Hard,Baez S.,Coric B.,32.0,23.0,2.63,1.5,2.79,1.5,2.83,1.55
2023-08-29,US Open,1st Round,Hard,Rublev A.,Cazaux A.,8.0,119.0,1.14,5.5,1.14,6.55,1.18,7.0
2023-08-29,US Open,1st Round,Hard,Isner J.,Diaz Acosta F.,157.0,94.0,1.4,3.0,1.39,3.29,1.4,3.32
2023-08-29,US Open,1st Round,Hard,Draper J.,Albot R.,123.0,102.0,1.25,4.0,1.24,4.56,1.29,4.68
2023-08-29,US Open,1st Round,Hard,Van De Zandschulp B.,Thompson J.,65.0,51.0,3.0,1.4,2.98,1.45,3.0,1.47
2023-08-29,US Open,1st Round,Hard,De Minaur A.,Skatov T.,13.0,129.0,1.04,13.0,1.05,14.37,1.05,14.37
2023-08-29,US Open,1st Round,Hard,Etcheverry T.,Virtanen O.,34.0,133.0,1.53,2.5,1.6,2.5,1.62,2.55
2023-08-29,US Open,1st Round,Hard,Wu Y.,Lajovic D.,86.0,52.0,1.8,2.0,1.98,1.93,2.0,2.0
2023-08-29,US Open,1st Round,Hard,Wawrinka S.,Nishioka Y.,49.0,44.0,1.44,2.75,1.45,2.97,1.49,2.97
2023-08-29,US Open,1st Round,Hard,Hurkacz H.,Huesler M.A.,17.0,97.0,1.07,9.0,1.08,10.98,1.09,11.2
2023-08-29,US Open,1st Round,Hard,Monfils G.,Daniel T.,162.0,95.0,1.36,3.2,1.35,3.49,1.39,3.69
2023-08-29,US Open,1st Round,Hard,Hsu Y.,Kokkinakis T.,237.0,78.0,5.0,1.17,5.64,1.18,5.8,1.18
2023-08-29,US Open,1st Round,Hard,Harris L.,Pella G.,177.0,203.0,1.36,3.2,1.4,3.21,1.41,3.27
2023-08-29,US Open,1st Round,Hard,Evans D.,Galan D.E.,28.0,71.0,1.33,3.4,1.39,3.3,1.39,3.4
2023-08-29,US Open,1st Round,Hard,Dimitrov G.,Molcan A.,19.0,115.0,1.17,5.0,1.17,5.92,1.18,6.65
2023-08-29,US Open,1st Round,Hard,Sonego L.,Moreno De Alboran N.,39.0,131.0,1.3,3.5,1.35,3.54,1.35,3.65
2023-08-29,US Open,1st Round,Hard,Altmaier D.,Lestienne C.,53.0,101.0,1.8,2.0,1.91,1.99,1.92,2.05
2023-08-29,US Open,1st Round,Hard,Tsitsipas S.,Raonic M.,7.0,337.0,1.29,3.75,1.31,3.87,1.33,4.0
2023-08-29,US Open,1st Round,Hard,Gojo B.,Dellien H.,105.0,147.0,1.13,6.0,1.14,6.76,1.15,7.12
2023-08-29,US Open,1st Round,Hard,Djokovic N.,Muller A.,2.0,84.0,1.01,29.0,1.01,53.65,1.02,53.65
2023-08-29,US Open,1st Round,Hard,Norrie C.,Shevchenko A.,16.0,83.0,1.2,4.5,1.23,4.77,1.25,4.82
2023-08-29,US Open,1st Round,Hard,Meligeni Alves F.,Duckworth J.,168.0,111.0,1.73,2.1,1.78,2.17,1.78,2.25
2023-08-29,US Open,1st Round,Hard,Arnaldi M.,Kubler J.,61.0,87.0,1.8,2.0,2.01,1.89,2.01,2.02
2023-08-29,US Open,1st Round,Hard,O Connell C.,Purcell M.,69.0,43.0,2.75,1.44,2.66,1.54,2.81,1.55
2023-08-29,US Open,1st Round,Hard,Berrettini M.,Humbert U.,36.0,33.0,1.57,2.38,1.52,2.72,1.59,2.73
2023-08-29,US Open,1st Round,Hard,Jarry N.,Van Assche L.,25.0,64.0,1.44,2.75,1.46,2.95,1.5,2.95
2023-08-29,US Open,1st Round,Hard,Rinderknech A.,Schwartzman D.,73.0,114.0,2.3,1.62,2.23,1.74,2.42,1.74
2023-08-29,US Open,1st Round,Hard,Zverev A.,Vukic A.,12.0,50.0,1.08,8.0,1.11,8.25,1.11,8.4
2023-08-29,US Open,1st Round,Hard,Medvedev D.,Balazs A.,3.0,,1.0,67.0,1.01,64.19,1.01,67.0
2023-08-29,US Open,1st Round,Hard,Mmoh M.,Khachanov K.,89.0,11.0,2.38,1.57,2.63,1.55,2.63,1.64
2023-08-29,US Open,1st Round,Hard,Michelsen A.,Ramos-Vinolas A.,127.0,88.0,1.29,3.75,1.35,3.51,1.35,4.0
2023-08-29,US Open,1st Round,Hard,Fils A.,Griekspoor T.,48.0,24.0,2.38,1.57,2.44,1.63,2.48,1.65
2023-08-30,US Open,2nd Round,Hard,Zhang Zh.,Ruud C.,67.0,5.0,4.5,1.2,4.97,1.22,5.0,1.23
2023-08-30,US Open,2nd Round,Hard,Mensik J.,Droguet T.,206.0,171.0,1.67,2.2,1.78,2.17,1.8,2.35
2023-08-30,US Open,2nd Round,Hard,Davidovich Fokina A.,Cerundolo J.M.,21.0,93.0,1.07,9.0,1.09,9.8,1.09,10.2
2023-08-30,US Open,2nd Round,Hard,Paul T.,Safiullin R.,14.0,60.0,1.3,3.5,1.28,4.12,1.31,4.12
2023-08-30,US Open,2nd Round,Hard,Hijikata R.,Fucsovics M.,110.0,57.0,3.4,1.33,3.49,1.36,3.5,1.38
2023-08-30,US Open,2nd Round,Hard,Shelton B.,Thiem D.,47.0,81.0,1.73,2.1,1.86,2.05,1.86,2.14
2023-08-30,US Open,2nd Round,Hard,Vesely J.,Cerundolo F.,437.0,20.0,4.5,1.2,4.54,1.24,4.54,1.25
2023-08-30,US Open,2nd Round,Hard,Mannarino A.,Marozsan F.,35.0,92.0,1.3,3.5,1.36,3.48,1.36,3.53
2023-08-30,US Open,2nd Round,Hard,Bonzi B.,Eubanks C.,108.0,30.0,2.63,1.5,2.67,1.54,2.7,1.56
2023-08-30,US Open,2nd Round,Hard,Karatsev A.,Carballes Baena R.,77.0,63.0,1.33,3.4,1.37,3.38,1.4,3.4
2023-08-30,US Open,2nd Round,Hard,Djere L.,Gaston H.,38.0,99.0,1.44,2.75,1.52,2.71,1.54,2.88
2023-08-30,US Open,2nd Round,Hard,Stricker D.,Tsitsipas S.,128.0,7.0,6.0,1.13,6.63,1.15,6.88,1.15
2023-08-30,US Open,2nd Round,Hard,Gojo B.,Mcdonald M.,105.0,40.0,2.75,1.44,2.86,1.48,2.89,1.52
2023-08-30,US Open,1st Round,Hard,Alcaraz C.,Koepfer D.,1.0,75.0,1.01,23.0,1.02,28.61,1.03,29.25
2023-08-30,US Open,1st Round,Hard,Sinner J.,Hanfmann Y.,6.0,54.0,1.03,17.0,1.04,18.84,1.04,18.84
2023-08-30,US Open,2nd Round,Hard,Djokovic N.,Zapata Miralles B.,2.0,76.0,1.01,34.0,1.01,29.09,1.02,57.18
2023-08-31,US Open,2nd Round,Hard,Evans D.,Van De Zandschulp B.,28.0,65.0,1.57,2.38,1.56,2.62,1.6,2.62
2023-08-31,US Open,2nd Round,Hard,Rublev A.,Monfils G.,8.0,162.0,1.4,3.0,1.41,3.15,1.5,3.16
2023-08-31,US Open,2nd Round,Hard,Jarry N.,Michelsen A.,25.0,127.0,1.62,2.3,1.6,2.51,1.63,2.51
2023-08-31,US Open,2nd Round,Hard,Norrie C.,Hsu Y.,16.0,237.0,1.07,9.0,1.1,8.84,1.1,10.2
2023-08-31,US Open,2nd Round,Hard,Wawrinka S.,Etcheverry T.,49.0,34.0,1.3,3.5,1.31,3.8,1.33,3.8
2023-08-31,US Open,2nd Round,Hard,De Minaur A.,Wu Y.,13.0,86.0,1.22,4.33,1.22,4.87,1.25,5.0
2023-08-31,US Open,2nd Round,Hard,Arnaldi M.,Fils A.,61.0,48.0,2.3,1.62,2.54,1.58,2.54,1.66
2023-08-31,US Open,2nd Round,Hard,Zverev A.,Altmaier D.,12.0,53.0,1.06,10.0,1.09,9.9,1.09,10.09
2023-08-31,US Open,2nd Round,Hard,Dimitrov G.,Murray A.,19.0,37.0,1.8,2.0,1.73,2.24,1.85,2.24
2023-08-31,US Open,2nd Round,Hard,Draper J.,Hurkacz H.,123.0,17.0,2.63,1.5,2.82,1.5,2.92,1.55
2023-08-31,US Open,2nd Round,Hard,Mmoh M.,Isner J.,89.0,157.0,1.8,2.0,1.83,2.09,1.88,2.11
2023-08-31,US Open,2nd Round,Hard,Sinner J.,Sonego L.,6.0,39.0,1.11,6.5,1.11,8.19,1.14,8.19
2023-08-31,US Open,2nd Round,Hard,Fritz T.,Varillas J.P.,9.0,74.0,1.03,15.0,1.03,20.4,1.04,20.4
2023-08-31,US Open,2nd Round,Hard,Tiafoe F.,Ofner S.,10.0,58.0,1.17,5.0,1.15,6.54,1.18,6.54
2023-08-31,US Open,2nd Round,Hard,Rinderknech A.,Berrettini M.,73.0,36.0,4.5,1.2,5.25,1.2,5.25,1.22
2023-09-01,US Open,3rd Round,Hard,Tiafoe F.,Mannarino A.,10.0,35.0,1.29,3.75,1.3,3.9,1.3,4.0
2023-09-01,US Open,3rd Round,Hard,Stricker D.,Bonzi B.,128.0,108.0,1.67,2.2,1.66,2.38,1.68,2.39
2023-09-01,US Open,3rd Round,Hard,Hijikata R.,Zhang Zh.,110.0,67.0,2.3,1.62,2.45,1.62,2.46,1.65
2023-09-01,US Open,3rd Round,Hard,Shelton B.,Karatsev A.,47.0,77.0,1.62,2.3,1.65,2.4,1.65,2.48
2023-09-01,US Open,2nd Round,Hard,Alcaraz C.,Harris L.,1.0,177.0,1.03,15.0,1.02,26.53,1.04,26.53
2023-09-01,US Open,2nd Round,Hard,Medvedev D.,O Connell C.,3.0,69.0,1.03,15.0,1.04,19.21,1.04,19.21
2023-09-01,US Open,3rd Round,Hard,Paul T.,Davidovich Fokina A.,14.0,21.0,1.67,2.2,1.67,2.35,1.71,2.35
2023-09-01,US Open,2nd Round,Hard,Baez S.,Meligeni Alves F.,32.0,168.0,1.25,4.0,1.27,4.2,1.27,4.3
2023-09-02,US Open,3rd Round,Hard,De Minaur A.,Jarry N.,13.0,25.0,1.25,4.0,1.22,4.83,1.28,5.0
2023-09-02,US Open,3rd Round,Hard,Rublev A.,Rinderknech A.,8.0,73.0,1.17,5.0,1.15,6.41,1.19,6.65
2023-09-02,US Open,3rd Round,Hard,Arnaldi M.,Norrie C.,61.0,16.0,4.33,1.22,3.94,1.3,4.34,1.34
2023-09-02,US Open,3rd Round,Hard,Alcaraz C.,Evans D.,1.0,28.0,1.03,15.0,1.04,17.77,1.05,18.25
2023-09-02,US Open,3rd Round,Hard,Sinner J.,Wawrinka S.,6.0,49.0,1.11,6.5,1.12,7.73,1.15,7.73
2023-09-02,US Open,3rd Round,Hard,Djokovic N.,Djere L.,2.0,38.0,1.01,26.0,1.02,30.68,1.03,30.68
2023-09-02,US Open,3rd Round,Hard,Gojo B.,Vesely J.,105.0,437.0,1.3,3.5,1.34,3.61,1.34,3.72
2023-09-02,US Open,3rd Round,Hard,Fritz T.,Mensik J.,9.0,206.0,1.08,8.0,1.08,10.81,1.1,10.81
2023-09-02,US Open,3rd Round,Hard,Draper J.,Mmoh M.,123.0,89.0,1.33,3.4,1.34,3.6,1.38,3.69
2023-09-03,US Open,3rd Round,Hard,Zverev A.,Dimitrov G.,12.0,19.0,1.4,3.0,1.49,2.84,1.49,3.0
2023-09-03,US Open,3rd Round,Hard,Medvedev D.,Baez S.,3.0,32.0,1.07,9.0,1.09,9.28,1.1,10.0
2023-09-03,US Open,4th Round,Hard,Shelton B.,Paul T.,47.0,14.0,3.4,1.33,3.55,1.35,3.55,1.44
2023-09-03,US Open,4th Round,Hard,Tiafoe F.,Hijikata R.,10.0,110.0,1.14,5.5,1.21,5.13,1.21,5.7
2023-09-03,US Open,4th Round,Hard,Fritz T.,Stricker D.,9.0,128.0,1.11,6.5,1.15,6.37,1.16,7.0
2023-09-04,US Open,4th Round,Hard,Medvedev D.,De Minaur A.,3.0,13.0,1.36,3.2,1.38,3.35,1.38,3.5
2023-09-04,US Open,4th Round,Hard,Djokovic N.,Gojo B.,2.0,105.0,1.02,19.0,1.03,23.38,1.03,29.67
2023-09-04,US Open,4th Round,Hard,Alcaraz C.,Arnaldi M.,1.0,61.0,1.02,19.0,1.03,24.65,1.03,24.65
2023-09-04,US Open,4th Round,Hard,Rublev A.,Draper J.,8.0,123.0,1.4,3.0,1.39,3.27,1.42,3.43
2023-09-05,US Open,Quarterfinals,Hard,Djokovic N.,Fritz T.,2.0,9.0,1.13,6.0,1.14,6.8,1.16,6.8
2023-09-05,US Open,4th Round,Hard,Zverev A.,Sinner J.,12.0,6.0,2.38,1.57,2.69,1.53,2.73,1.58
2023-09-06,US Open,Quarterfinals,Hard,Shelton B.,Tiafoe F.,47.0,10.0,3.0,1.4,3.01,1.44,3.1,1.46
2023-09-06,US Open,Quarterfinals,Hard,Medvedev D.,Rublev A.,3.0,8.0,1.36,3.2,1.39,3.3,1.4,3.55
2023-09-07,US Open,Quarterfinals,Hard,Alcaraz C.,Zverev A.,1.0,12.0,1.2,4.5,1.22,4.9,1.22,5.0
2023-09-08,US Open,Semifinals,Hard,Djokovic N.,Shelton B.,2.0,47.0,1.06,10.0,1.09,9.76,1.09,11.6
2023-09-09,US Open,Semifinals,Hard,Medvedev D.,Alcaraz C.,3.0,1.0,4.33,1.22,4.13,1.28,4.5,1.3
2023-09-10,US Open,The Final,Hard,Djokovic N.,Medvedev D.,2.0,3.0,1.44,2.88,1.46,2.95,1.5,3.1
2023-09-20,Zhuhai Championships,1st Round,Hard,Svrcina D.,Li Zh.,167.0,602.0,1.36,3.2,1.39,3.16,1.42,3.39
2023-09-20,Zhuhai Championships,1st Round,Hard,Nishioka Y.,Atmane T.,46.0,149.0,1.53,2.5,1.5,2.73,1.54,2.8
2023-09-20,Zhuhai Championships,1st Round,Hard,Harris L.,Vesely J.,162.0,300.0,1.5,2.63,1.51,2.68,1.57,2.68
2023-09-20,Chengdu Open,1st Round,Hard,Safiullin R.,Nakashima B.,55.0,81.0,2.0,1.8,1.91,1.96,2.04,1.96
2023-09-20,Chengdu Open,1st Round,Hard,Daniel T.,Vukic A.,95.0,50.0,1.91,1.91,2.0,1.87,2.01,1.95
2023-09-20,Chengdu Open,1st Round,Hard,Moutet C.,Mu T.,122.0,573.0,1.04,13.0,1.06,11.41,1.06,13.0
2023-09-21,Zhuhai Championships,1st Round,Hard,Mcdonald M.,Shang J.,39.0,158.0,1.57,2.38,1.61,2.42,1.62,2.44
2023-09-21,Zhuhai Championships,1st Round,Hard,Murray A.,Mo Y.,41.0,668.0,1.03,15.0,1.04,17.67,1.05,22.0
2023-09-21,Zhuhai Championships,1st Round,Hard,Garin C.,Zhou Y.,102.0,903.0,1.06,10.0,1.06,11.33,1.08,11.33
2023-09-21,Zhuhai Championships,1st Round,Hard,Etcheverry T.,Saville L.,35.0,313.0,1.2,4.5,1.21,4.83,1.23,5.0
2023-09-21,Zhuhai Championships,1st Round,Hard,Bolt A.,Schwartzman D.,323.0,136.0,2.75,1.44,3.03,1.42,3.03,1.48
2023-09-21,Zhuhai Championships,1st Round,Hard,Coppejans K.,Kovacevic A.,186.0,116.0,2.3,1.62,2.41,1.62,2.43,1.62
2023-09-21,Zhuhai Championships,1st Round,Hard,Karatsev A.,Arnaldi M.,63.0,48.0,2.1,1.73,,,2.23,1.8
2023-09-21,Zhuhai Championships,1st Round,Hard,Polmans M.,Sweeny D.,152.0,247.0,1.44,2.75,1.41,3.08,1.5,3.09
2023-09-21,Zhuhai Championships,1st Round,Hard,Muller A.,Hijikata R.,84.0,72.0,1.91,1.91,1.94,1.93,2.0,1.93
2023-09-21,Chengdu Open,1st Round,Hard,Giron M.,Bublik A.,64.0,29.0,2.2,1.67,,,2.36,1.71
2023-09-21,Chengdu Open,1st Round,Hard,Rinderknech A.,Tu L.,67.0,203.0,,,,,,
2023-09-21,Chengdu Open,1st Round,Hard,O Connell C.,Kachmazov A.,53.0,319.0,1.14,5.5,1.19,5.25,1.19,5.55
2023-09-21,Chengdu Open,1st Round,Hard,Varillas J.P.,Cui J.,70.0,583.0,1.13,6.0,1.2,5.03,1.2,6.35
2023-09-21,Chengdu Open,1st Round,Hard,Sekulic P.,Borges N.,325.0,88.0,4.5,1.2,4.93,1.2,4.93,1.23
2023-09-21,Chengdu Open,1st Round,Hard,Thompson J.,Purcell M.,56.0,43.0,2.0,1.8,1.98,1.88,2.05,1.9
2023-09-21,Chengdu Open,1st Round,Hard,Kotov P.,Galan D.E.,106.0,87.0,1.67,2.2,1.77,2.14,1.8,2.2
2023-09-21,Chengdu Open,1st Round,Hard,Kecmanovic M.,Lock B.,47.0,346.0,1.1,7.0,1.1,8.11,1.12,8.11
2023-09-21,Chengdu Open,1st Round,Hard,Lajovic D.,Bergs Z.,52.0,172.0,1.8,2.0,1.79,2.1,1.82,2.12
2023-09-22,Chengdu Open,2nd Round,Hard,Safiullin R.,Evans D.,55.0,27.0,1.91,1.91,1.85,2.05,1.94,2.3
2023-09-22,Chengdu Open,2nd Round,Hard,O Connell C.,Daniel T.,53.0,95.0,1.8,2.0,1.86,2.03,1.97,2.05
2023-09-22,Chengdu Open,2nd Round,Hard,Thompson J.,Lajovic D.,56.0,52.0,1.5,2.63,1.48,2.82,1.54,2.82
2023-09-22,Zhuhai Championships,2nd Round,Hard,Nishioka Y.,Harris L.,46.0,162.0,2.1,1.73,2.05,1.85,2.17,1.9
2023-09-22,Zhuhai Championships,2nd Round,Hard,Mcdonald M.,Coppejans K.,39.0,186.0,1.22,4.33,1.25,4.4,1.27,4.4
2023-09-22,Zhuhai Championships,2nd Round,Hard,Khachanov K.,Bolt A.,15.0,323.0,1.25,4.0,1.26,4.21,1.32,4.21
2023-09-22,Zhuhai Championships,2nd Round,Hard,Struff J.L.,Garin C.,23.0,102.0,1.91,1.91,1.93,1.96,1.96,1.98
2023-09-23,Zhuhai Championships,2nd Round,Hard,Korda S.,Muller A.,33.0,84.0,1.29,3.75,1.33,3.59,1.33,3.75
2023-09-23,Zhuhai Championships,2nd Round,Hard,Etcheverry T.,Svrcina D.,35.0,167.0,1.33,3.4,1.36,3.38,1.38,3.45
2023-09-23,Chengdu Open,2nd Round,Hard,Rinderknech A.,Giron M.,67.0,64.0,2.0,1.8,2.09,1.82,2.1,1.82
2023-09-23,Zhuhai Championships,2nd Round,Hard,Karatsev A.,Murray A.,63.0,41.0,2.1,1.73,2.17,1.76,2.17,1.8
2023-09-23,Zhuhai Championships,2nd Round,Hard,Norrie C.,Polmans M.,17.0,152.0,1.22,4.33,1.21,4.93,1.25,4.93
2023-09-23,Chengdu Open,2nd Round,Hard,Zverev A.,Kotov P.,10.0,106.0,1.11,6.5,1.13,7.18,1.14,7.5
2023-09-23,Chengdu Open,2nd Round,Hard,Kecmanovic M.,Moutet C.,47.0,122.0,1.62,2.3,1.66,2.35,1.66,2.48
2023-09-23,Chengdu Open,2nd Round,Hard,Musetti L.,Sekulic P.,18.0,325.0,1.08,8.0,1.09,9.08,1.09,9.08
2023-09-23,Chengdu Open,2nd Round,Hard,Dimitrov G.,Varillas J.P.,20.0,70.0,1.13,6.0,1.15,6.37,1.15,6.5
2023-09-24,Zhuhai Championships,Quarterfinals,Hard,Khachanov K.,Mcdonald M.,15.0,39.0,1.91,1.91,1.95,1.95,1.99,2.0
2023-09-24,Zhuhai Championships,Quarterfinals,Hard,Nishioka Y.,Struff J.L.,46.0,23.0,1.67,2.2,1.7,2.29,1.7,2.41
2023-09-24,Chengdu Open,Quarterfinals,Hard,Dimitrov G.,O Connell C.,20.0,53.0,1.3,3.5,1.35,3.55,1.35,3.67
2023-09-24,Chengdu Open,Quarterfinals,Hard,Zverev A.,Kecmanovic M.,10.0,47.0,1.17,5.0,1.19,5.51,1.22,5.51
2023-09-24,Chengdu Open,Quarterfinals,Hard,Musetti L.,Rinderknech A.,18.0,67.0,1.73,2.1,1.78,2.17,1.79,2.2
2023-09-24,Chengdu Open,Quarterfinals,Hard,Safiullin R.,Thompson J.,55.0,56.0,1.8,2.0,1.84,2.08,1.87,2.08
2023-09-24,Zhuhai Championships,Quarterfinals,Hard,Karatsev A.,Norrie C.,63.0,17.0,2.5,1.53,3.08,1.43,3.08,1.57
2023-09-24,Zhuhai Championships,Quarterfinals,Hard,Korda S.,Etcheverry T.,33.0,35.0,1.33,3.4,1.32,3.77,1.36,3.77
2023-09-25,Zhuhai Championships,Semifinals,Hard,Khachanov K.,Korda S.,15.0,33.0,2.2,1.67,2.42,1.64,2.5,1.68
2023-09-25,Zhuhai Championships,Semifinals,Hard,Nishioka Y.,Karatsev A.,46.0,63.0,2.1,1.73,2.18,1.77,2.2,1.84
2023-09-25,Chengdu Open,Semifinals,Hard,Zverev A.,Dimitrov G.,10.0,20.0,1.5,2.63,1.54,2.68,1.55,2.7
2023-09-25,Chengdu Open,Semifinals,Hard,Safiullin R.,Musetti L.,55.0,18.0,1.8,2.0,1.81,2.12,1.89,2.2
2023-09-26,Zhuhai Championships,The Final,Hard,Khachanov K.,Nishioka Y.,15.0,46.0,1.57,2.38,1.58,2.56,1.65,2.56
2023-09-26,Chengdu Open,The Final,Hard,Zverev A.,Safiullin R.,10.0,55.0,1.33,3.4,1.36,3.46,1.38,3.75
2023-09-27,Astana Open,1st Round,Hard,Borges N.,Kukushkin M.,86.0,246.0,1.57,2.38,1.66,2.34,1.71,2.4
2023-09-27,Astana Open,1st Round,Hard,Shevchenko A.,Van De Zandschulp B.,85.0,68.0,3.0,1.4,3.32,1.37,3.34,1.49
2023-09-27,Astana Open,1st Round,Hard,Medjedovic H.,Djere L.,120.0,37.0,3.0,1.4,3.18,1.4,3.18,1.51
2023-09-28,Astana Open,1st Round,Hard,Thiem D.,Varillas J.P.,81.0,67.0,1.4,3.0,1.43,3.03,1.47,3.03
2023-09-28,Astana Open,1st Round,Hard,Shimabukuro S.,Carballes Baena R.,148.0,61.0,2.0,1.8,2.31,1.68,2.31,1.82
2023-09-28,Astana Open,1st Round,Hard,Kachmazov A.,Moutet C.,315.0,119.0,2.2,1.67,2.17,1.76,2.23,1.76
2023-09-28,Astana Open,1st Round,Hard,Rodionov J.,Barrere G.,107.0,63.0,2.2,1.67,2.35,1.66,2.38,1.67
2023-09-28,Astana Open,1st Round,Hard,Gerasimov E.,Zapata Miralles B.,661.0,72.0,1.8,2.0,1.94,1.94,1.94,2.08
2023-09-28,Astana Open,1st Round,Hard,Mannarino A.,Rinderknech A.,34.0,66.0,1.57,2.38,1.6,2.47,1.6,2.58
2023-09-28,Astana Open,1st Round,Hard,Giron M.,Wawrinka S.,82.0,47.0,2.5,1.53,2.59,1.56,2.6,1.58
2023-09-28,China Open,1st Round,Hard,Humbert U.,Sonego L.,36.0,56.0,1.73,2.1,1.87,2.02,1.87,2.12
2023-09-28,China Open,1st Round,Hard,Arnaldi M.,Wolf J.J.,48.0,51.0,2.3,1.62,2.33,1.67,2.5,1.79
2023-09-28,China Open,1st Round,Hard,Etcheverry T.,Harris L.,31.0,149.0,3.2,1.36,3.01,1.43,3.3,1.43
2023-09-28,China Open,1st Round,Hard,Davidovich Fokina A.,Zhou Y.,25.0,905.0,1.04,13.0,1.04,16.52,1.04,16.52
2023-09-28,China Open,1st Round,Hard,De Minaur A.,Murray A.,12.0,40.0,1.33,3.4,1.34,3.55,1.38,3.6
2023-09-29,China Open,1st Round,Hard,Jarry N.,Tsitsipas S.,23.0,5.0,2.63,1.5,2.75,1.5,2.75,1.51
2023-09-29,Astana Open,2nd Round,Hard,Rodionov J.,Baez S.,107.0,27.0,2.38,1.57,2.66,1.54,2.66,1.72
2023-09-29,China Open,1st Round,Hard,Rublev A.,Norrie C.,6.0,16.0,1.5,2.63,1.48,2.82,1.55,2.82
2023-09-29,Astana Open,2nd Round,Hard,Lehecka J.,Gerasimov E.,29.0,661.0,1.29,3.75,1.31,3.85,1.31,3.85
2023-09-29,Astana Open,2nd Round,Hard,Mannarino A.,Kachmazov A.,34.0,315.0,1.3,3.5,1.28,4.15,1.3,4.15
2023-09-29,Astana Open,1st Round,Hard,Ofner S.,Fucsovics M.,58.0,57.0,2.5,1.53,2.68,1.52,2.7,1.54
2023-09-29,Astana Open,1st Round,Hard,Korda S.,Popyrin A.,28.0,45.0,1.33,3.4,1.34,3.53,1.38,3.53
2023-09-29,China Open,1st Round,Hard,Dimitrov G.,Mcdonald M.,19.0,39.0,1.5,2.63,1.54,2.64,1.54,2.65
2023-09-29,China Open,1st Round,Hard,Sinner J.,Evans D.,7.0,33.0,1.2,4.5,1.21,4.85,1.23,4.88
2023-09-29,China Open,1st Round,Hard,Medvedev D.,Paul T.,3.0,13.0,1.22,4.33,1.22,4.85,1.26,4.85
2023-09-29,China Open,1st Round,Hard,Rune H.,Auger-Aliassime F.,4.0,15.0,2.3,1.62,2.26,1.7,2.3,1.7
2023-09-29,Astana Open,2nd Round,Hard,Medjedovic H.,Shevchenko A.,120.0,85.0,1.73,2.1,1.78,2.16,1.81,2.2
2023-09-29,China Open,1st Round,Hard,Zverev A.,Schwartzman D.,10.0,133.0,1.1,7.0,1.12,7.61,1.13,7.61
2023-09-29,China Open,1st Round,Hard,Musetti L.,Khachanov K.,18.0,14.0,2.3,1.62,2.46,1.61,2.56,1.63
2023-09-29,China Open,1st Round,Hard,Nishioka Y.,Shang J.,38.0,160.0,1.57,2.38,1.66,2.34,1.74,2.4
2023-09-29,China Open,1st Round,Hard,Alcaraz C.,Hanfmann Y.,2.0,53.0,1.04,13.0,1.06,13.06,1.06,13.06
2023-09-29,China Open,1st Round,Hard,Ruud C.,Struff J.L.,9.0,22.0,1.5,2.63,1.49,2.79,1.53,2.88
2023-09-30,China Open,2nd Round,Hard,Humbert U.,Rublev A.,36.0,6.0,3.2,1.36,3.47,1.36,3.48,1.4
2023-09-30,Astana Open,2nd Round,Hard,Korda S.,Borges N.,28.0,86.0,1.17,5.0,1.21,5.05,1.21,5.4
2023-09-30,Astana Open,2nd Round,Hard,Griekspoor T.,Shimabukuro S.,24.0,148.0,1.2,4.5,1.23,4.8,1.23,4.84
2023-09-30,China Open,2nd Round,Hard,Jarry N.,Arnaldi M.,23.0,48.0,1.73,2.1,1.79,2.15,1.79,2.2
2023-09-30,China Open,2nd Round,Hard,Medvedev D.,De Minaur A.,3.0,12.0,1.29,3.75,1.28,4.13,1.29,4.33
2023-09-30,Astana Open,2nd Round,Hard,Thiem D.,Giron M.,81.0,82.0,2.1,1.73,2.1,1.82,2.11,1.96
2023-09-30,Astana Open,2nd Round,Hard,Ofner S.,Bublik A.,58.0,35.0,2.63,1.5,2.74,1.52,2.8,1.54
2023-09-30,China Open,2nd Round,Hard,Zverev A.,Davidovich Fokina A.,10.0,25.0,1.53,2.5,1.54,2.66,1.59,2.75
2023-10-01,China Open,2nd Round,Hard,Ruud C.,Etcheverry T.,9.0,31.0,1.25,4.0,1.26,4.39,1.3,4.39
2023-10-01,Astana Open,Quarterfinals,Hard,Medjedovic H.,Lehecka J.,120.0,29.0,2.75,1.44,2.74,1.52,2.81,1.49
2023-10-01,China Open,2nd Round,Hard,Alcaraz C.,Musetti L.,2.0,18.0,1.08,8.0,1.15,6.6,1.15,8.0
2023-10-01,China Open,2nd Round,Hard,Sinner J.,Nishioka Y.,7.0,38.0,1.2,4.5,1.23,4.74,1.24,5.1
2023-10-01,China Open,2nd Round,Hard,Dimitrov G.,Rune H.,19.0,4.0,1.91,1.91,1.82,2.11,2.11,2.12
2023-10-01,Astana Open,Quarterfinals,Hard,Korda S.,Griekspoor T.,28.0,24.0,1.62,2.3,1.67,2.36,1.71,2.36
2023-10-01,Astana Open,Quarterfinals,Hard,Ofner S.,Thiem D.,58.0,81.0,2.0,1.8,2.12,1.81,2.13,1.85
2023-10-01,Astana Open,Quarterfinals,Hard,Mannarino A.,Rodionov J.,34.0,107.0,1.5,2.63,1.54,2.68,1.59,2.75
2023-10-02,China Open,Quarterfinals,Hard,Alcaraz C.,Ruud C.,2.0,9.0,1.13,6.0,1.15,6.57,1.19,7.04
2023-10-02,Astana Open,Semifinals,Hard,Korda S.,Medjedovic H.,28.0,120.0,1.44,2.75,1.45,3.0,1.49,3.32
2023-10-02,Astana Open,Semifinals,Hard,Mannarino A.,Ofner S.,34.0,58.0,1.57,2.38,1.61,2.49,1.66,2.5
2023-10-02,China Open,Quarterfinals,Hard,Sinner J.,Dimitrov G.,7.0,19.0,1.3,3.5,1.36,3.45,1.36,3.65
2023-10-02,China Open,Quarterfinals,Hard,Medvedev D.,Humbert U.,3.0,36.0,1.17,5.0,1.19,5.47,1.21,5.47
2023-10-02,China Open,Quarterfinals,Hard,Zverev A.,Jarry N.,10.0,23.0,1.33,3.4,1.35,3.49,1.4,3.49
2023-10-03,China Open,Semifinals,Hard,Sinner J.,Alcaraz C.,7.0,2.0,4.0,1.25,3.77,1.32,4.03,1.32
2023-10-03,China Open,Semifinals,Hard,Medvedev D.,Zverev A.,3.0,10.0,1.44,2.75,1.49,2.85,1.49,2.96
2023-10-03,Astana Open,The Final,Hard,Mannarino A.,Korda S.,34.0,28.0,2.3,1.62,2.37,1.66,2.4,1.67
2023-10-04,Shanghai Masters,1st Round,Hard,Safiullin R.,Murray A.,50.0,39.0,1.91,1.91,1.86,2.04,1.91,2.08
2023-10-04,Shanghai Masters,1st Round,Hard,Garin C.,Kovacevic A.,98.0,146.0,1.67,2.2,1.68,2.3,1.72,2.32
2023-10-04,Shanghai Masters,1st Round,Hard,Hsu Y.,Purcell M.,184.0,41.0,2.75,1.44,2.72,1.51,2.78,1.53
2023-10-04,Shanghai Masters,1st Round,Hard,Giron M.,Galan D.E.,80.0,90.0,1.44,2.75,1.41,3.1,1.46,3.1
2023-10-04,Shanghai Masters,1st Round,Hard,Zhang Zh.,Gasquet R.,60.0,63.0,1.57,2.38,1.66,2.34,1.67,2.44
2023-10-04,Shanghai Masters,1st Round,Hard,Fucsovics M.,Yevseyev D.,57.0,260.0,1.22,4.33,1.26,4.26,1.26,5.3
2023-10-04,Shanghai Masters,1st Round,Hard,Mcdonald M.,Moutet C.,38.0,119.0,1.3,3.5,1.38,3.29,1.38,3.75
2023-10-04,Shanghai Masters,1st Round,Hard,Marozsan F.,Rinderknech A.,91.0,68.0,2.63,1.5,2.63,1.54,2.65,1.54
2023-10-04,Shanghai Masters,1st Round,Hard,Hanfmann Y.,Duckworth J.,53.0,139.0,1.53,2.5,1.5,2.76,1.57,2.76
2023-10-04,Shanghai Masters,1st Round,Hard,Kokkinakis T.,Fognini F.,69.0,128.0,1.3,3.5,1.27,4.16,1.33,4.16
2023-10-04,Shanghai Masters,1st Round,Hard,Sweeny D.,Daniel T.,273.0,97.0,4.0,1.25,4.19,1.27,4.23,1.3
2023-10-04,Shanghai Masters,1st Round,Hard,Lajovic D.,Wawrinka S.,55.0,46.0,3.0,1.4,3.21,1.39,3.21,1.41
2023-10-04,Shanghai Masters,1st Round,Hard,Nishioka Y.,Altmaier D.,48.0,47.0,1.53,2.5,1.56,2.58,1.56,2.6
2023-10-04,Shanghai Masters,1st Round,Hard,Nakashima B.,Zapata Miralles B.,122.0,70.0,1.3,3.5,1.39,3.22,1.39,3.53
2023-10-04,Shanghai Masters,1st Round,Hard,Kecmanovic M.,Bu Y.,45.0,186.0,1.25,4.0,1.27,4.16,1.27,4.23
2023-10-04,China Open,The Final,Hard,Sinner J.,Medvedev D.,7.0,3.0,2.38,1.57,2.45,1.63,2.61,1.63
2023-10-04,Shanghai Masters,1st Round,Hard,Munar J.,Te R.,82.0,489.0,1.2,4.5,1.22,4.79,1.24,4.79
2023-10-05,Shanghai Masters,1st Round,Hard,Arnaldi M.,Popyrin A.,42.0,43.0,1.67,2.2,1.72,2.24,1.73,2.3
2023-10-05,Shanghai Masters,1st Round,Hard,Ofner S.,Varillas J.P.,49.0,65.0,1.5,2.63,1.54,2.64,1.55,2.7
2023-10-05,Shanghai Masters,1st Round,Hard,Wolf J.J.,Cachin P.,51.0,71.0,1.3,3.5,1.29,3.93,1.33,4.0
2023-10-05,Shanghai Masters,1st Round,Hard,Schwartzman D.,Van Assche L.,130.0,66.0,1.91,1.91,1.97,1.91,1.97,2.0
2023-10-05,Shanghai Masters,1st Round,Hard,Watanuki Y.,Shang J.,79.0,156.0,1.67,2.2,1.65,2.37,1.68,2.37
2023-10-05,Shanghai Masters,1st Round,Hard,Halys Q.,Karatsev A.,76.0,52.0,2.38,1.57,2.5,1.59,2.73,1.62
2023-10-05,Shanghai Masters,1st Round,Hard,Atmane T.,Thompson J.,148.0,62.0,2.63,1.5,2.61,1.55,2.63,1.57
2023-10-05,Shanghai Masters,1st Round,Hard,Van De Zandschulp B.,O Connell C.,67.0,58.0,2.1,1.73,2.13,1.79,2.18,1.85
2023-10-05,Shanghai Masters,1st Round,Hard,Hijikata R.,Djere L.,75.0,36.0,2.2,1.67,2.21,1.74,2.23,1.74
2023-10-05,Shanghai Masters,1st Round,Hard,Fils A.,Kotov P.,44.0,103.0,1.5,2.63,1.59,2.5,1.61,2.63
2023-10-05,Shanghai Masters,1st Round,Hard,Vukic A.,Carballes Baena R.,54.0,61.0,1.44,2.75,1.42,3.06,1.46,3.07
2023-10-05,Shanghai Masters,1st Round,Hard,Barrere G.,Borges N.,73.0,85.0,1.8,2.0,1.8,2.11,1.83,2.11
2023-10-05,Shanghai Masters,1st Round,Hard,Sonego L.,Sekulic P.,59.0,298.0,1.14,5.5,1.16,5.96,1.2,5.96
2023-10-05,Shanghai Masters,1st Round,Hard,Kukushkin M.,Muller A.,245.0,81.0,2.2,1.67,2.11,1.8,2.42,1.8
2023-10-05,Shanghai Masters,1st Round,Hard,Tseng C.H.,Shevchenko A.,380.0,84.0,2.5,1.53,2.54,1.57,2.54,1.59
2023-10-05,Shanghai Masters,1st Round,Hard,Zhukayev B.,Napolitano S.,302.0,252.0,2.2,1.67,2.27,1.7,2.27,1.7
2023-10-06,Shanghai Masters,2nd Round,Hard,Safiullin R.,Zverev A.,50.0,10.0,3.0,1.4,3.04,1.43,3.12,1.44
2023-10-06,Shanghai Masters,2nd Round,Hard,Korda S.,Bu Y.,26.0,186.0,1.17,5.0,1.19,5.34,1.2,5.34
2023-10-06,Shanghai Masters,2nd Round,Hard,Zhang Zh.,Etcheverry T.,60.0,31.0,1.57,2.38,1.73,2.22,1.73,2.4
2023-10-06,Shanghai Masters,2nd Round,Hard,Hurkacz H.,Kokkinakis T.,17.0,69.0,1.53,2.5,1.56,2.59,1.57,2.59
2023-10-06,Shanghai Masters,2nd Round,Hard,Shelton B.,Munar J.,20.0,82.0,1.22,4.33,1.26,4.59,1.26,5.14
2023-10-06,Shanghai Masters,2nd Round,Hard,Hsu Y.,Musetti L.,184.0,18.0,4.33,1.22,4.71,1.22,4.71,1.25
2023-10-06,Shanghai Masters,2nd Round,Hard,Baez S.,Sweeny D.,29.0,273.0,1.29,3.75,1.31,3.77,1.32,3.77
2023-10-06,Shanghai Masters,2nd Round,Hard,Fucsovics M.,Auger-Aliassime F.,57.0,15.0,2.38,1.57,2.36,1.65,2.4,1.65
2023-10-06,Shanghai Masters,2nd Round,Hard,Cerundolo F.,Mcdonald M.,21.0,38.0,2.2,1.67,1.95,1.93,2.24,1.93
2023-10-06,Shanghai Masters,2nd Round,Hard,Lajovic D.,Griekspoor T.,55.0,24.0,2.63,1.5,2.72,1.51,3.2,1.53
2023-10-06,Shanghai Masters,2nd Round,Hard,Marozsan F.,De Minaur A.,91.0,11.0,6.0,1.13,6.25,1.15,6.4,1.17
2023-10-06,Shanghai Masters,2nd Round,Hard,Ruud C.,Nishioka Y.,9.0,48.0,1.4,3.0,1.48,2.84,1.5,3.0
2023-10-06,Shanghai Masters,2nd Round,Hard,Eubanks C.,Hanfmann Y.,32.0,53.0,2.1,1.73,2.28,1.69,2.28,1.79
2023-10-06,Shanghai Masters,2nd Round,Hard,Nakashima B.,Rune H.,122.0,5.0,2.38,1.57,2.56,1.56,2.56,1.63
2023-10-07,Shanghai Masters,2nd Round,Hard,Fritz T.,Watanuki Y.,8.0,79.0,1.2,4.5,1.22,4.75,1.25,4.75
2023-10-07,Shanghai Masters,2nd Round,Hard,Alcaraz C.,Barrere G.,2.0,73.0,1.04,13.0,1.05,15.62,1.05,15.62
2023-10-07,Shanghai Masters,2nd Round,Hard,Sinner J.,Giron M.,4.0,80.0,1.13,6.0,1.13,7.09,1.14,7.09
2023-10-07,Shanghai Masters,2nd Round,Hard,Medvedev D.,Garin C.,3.0,98.0,1.07,9.0,1.07,11.38,1.07,11.5
2023-10-07,Shanghai Masters,2nd Round,Hard,Arnaldi M.,Struff J.L.,42.0,27.0,1.57,2.38,1.66,2.35,1.7,2.4
2023-10-07,Shanghai Masters,2nd Round,Hard,Paul T.,Ofner S.,12.0,49.0,1.3,3.5,1.3,3.8,1.34,3.8
2023-10-07,Shanghai Masters,2nd Round,Hard,Tsitsipas S.,Hijikata R.,6.0,75.0,1.2,4.5,1.24,4.51,1.25,4.51
2023-10-07,Shanghai Masters,2nd Round,Hard,Jarry N.,Atmane T.,22.0,148.0,1.4,3.0,1.38,3.28,1.44,3.33
2023-10-08,Shanghai Masters,3rd Round,Hard,Ruud C.,Eubanks C.,9.0,32.0,1.29,3.75,1.32,3.74,1.33,3.75
2023-10-08,Shanghai Masters,3rd Round,Hard,Zhang Zh.,Nakashima B.,60.0,122.0,2.1,1.73,2.23,1.74,2.25,1.82
2023-10-08,Shanghai Masters,3rd Round,Hard,Sinner J.,Baez S.,4.0,29.0,1.1,7.0,1.11,8.36,1.11,8.36
2023-10-08,Shanghai Masters,3rd Round,Hard,Cerundolo F.,Fucsovics M.,21.0,57.0,1.62,2.3,1.65,2.37,1.69,2.37
2023-10-08,Shanghai Masters,3rd Round,Hard,Marozsan F.,Lajovic D.,91.0,55.0,1.73,2.1,1.77,2.18,2.11,2.18
2023-10-08,Shanghai Masters,3rd Round,Hard,Shelton B.,Safiullin R.,20.0,50.0,2.2,1.67,2.24,1.74,2.31,1.75
2023-10-08,Shanghai Masters,3rd Round,Hard,Hurkacz H.,Hsu Y.,17.0,184.0,1.13,6.0,1.16,6.34,1.16,6.55
2023-10-08,Shanghai Masters,3rd Round,Hard,Korda S.,Medvedev D.,26.0,3.0,4.5,1.2,4.67,1.23,4.67,1.24
2023-10-08,Shanghai Masters,2nd Round,Hard,Mannarino A.,Tseng C.H.,23.0,380.0,1.25,4.0,1.25,4.37,1.26,4.37
2023-10-08,Shanghai Masters,2nd Round,Hard,Sonego L.,Tiafoe F.,59.0,13.0,2.38,1.57,2.58,1.56,2.6,1.57
2023-10-08,Shanghai Masters,2nd Round,Hard,Schwartzman D.,Lehecka J.,130.0,30.0,3.0,1.4,3.14,1.41,3.14,1.44
2023-10-08,Shanghai Masters,2nd Round,Hard,Khachanov K.,Zhukayev B.,14.0,302.0,1.08,8.0,1.09,9.48,1.1,9.61
2023-10-08,Shanghai Masters,2nd Round,Hard,Evans D.,Kukushkin M.,33.0,245.0,1.25,4.0,1.3,3.82,1.31,4.05
2023-10-08,Shanghai Masters,2nd Round,Hard,Dimitrov G.,Vukic A.,19.0,54.0,1.22,4.33,1.24,4.52,1.24,4.52
2023-10-08,Shanghai Masters,2nd Round,Hard,Wolf J.J.,Norrie C.,51.0,16.0,2.5,1.53,2.5,1.59,2.66,1.59
2023-10-08,Shanghai Masters,2nd Round,Hard,Fils A.,Davidovich Fokina A.,44.0,25.0,2.38,1.57,2.5,1.59,2.5,1.66
2023-10-08,Shanghai Masters,2nd Round,Hard,Humbert U.,Van De Zandschulp B.,34.0,67.0,1.5,2.63,1.56,2.59,1.57,2.75
2023-10-08,Shanghai Masters,2nd Round,Hard,Rublev A.,Halys Q.,7.0,76.0,1.17,5.0,1.2,5.03,1.21,5.03
2023-10-09,Shanghai Masters,3rd Round,Hard,Humbert U.,Tsitsipas S.,34.0,6.0,2.5,1.53,2.57,1.57,2.62,1.57
2023-10-09,Shanghai Masters,3rd Round,Hard,Wolf J.J.,Arnaldi M.,51.0,42.0,2.1,1.73,2.08,1.84,2.19,1.84
2023-10-09,Shanghai Masters,3rd Round,Hard,Jarry N.,Sonego L.,22.0,59.0,1.73,2.1,1.76,2.19,1.77,2.22
2023-10-09,Shanghai Masters,3rd Round,Hard,Alcaraz C.,Evans D.,2.0,33.0,1.08,8.0,1.09,9.93,1.1,9.93
2023-10-09,Shanghai Masters,3rd Round,Hard,Schwartzman D.,Fritz T.,130.0,8.0,5.5,1.14,6.2,1.16,6.2,1.18
2023-10-09,Shanghai Masters,3rd Round,Hard,Paul T.,Fils A.,12.0,44.0,1.5,2.63,1.52,2.72,1.53,2.72
2023-10-09,Shanghai Masters,3rd Round,Hard,Dimitrov G.,Khachanov K.,19.0,14.0,1.53,2.5,1.63,2.43,1.63,2.51
2023-10-09,Shanghai Masters,3rd Round,Hard,Rublev A.,Mannarino A.,7.0,23.0,1.29,3.75,1.27,4.22,1.29,4.22
2023-10-10,Shanghai Masters,4th Round,Hard,Marozsan F.,Ruud C.,91.0,9.0,3.5,1.3,3.47,1.36,3.53,1.38
2023-10-10,Shanghai Masters,4th Round,Hard,Korda S.,Cerundolo F.,26.0,21.0,1.4,3.0,1.42,3.11,1.44,3.11
2023-10-10,Shanghai Masters,4th Round,Hard,Shelton B.,Sinner J.,20.0,4.0,3.5,1.3,4.0,1.29,4.0,1.31
2023-10-10,Shanghai Masters,4th Round,Hard,Hurkacz H.,Zhang Zh.,17.0,60.0,1.4,3.0,1.42,3.12,1.42,3.22
2023-10-11,Shanghai Masters,4th Round,Hard,Jarry N.,Schwartzman D.,22.0,130.0,1.4,3.0,1.51,2.75,1.51,3.0
2023-10-11,Shanghai Masters,4th Round,Hard,Humbert U.,Wolf J.J.,34.0,51.0,1.62,2.3,1.68,2.34,1.68,2.46
2023-10-11,Shanghai Masters,4th Round,Hard,Dimitrov G.,Alcaraz C.,19.0,2.0,5.0,1.17,4.86,1.22,5.16,1.22
2023-10-11,Shanghai Masters,4th Round,Hard,Rublev A.,Paul T.,7.0,12.0,1.44,2.75,1.46,2.95,1.51,2.95
2023-10-12,Shanghai Masters,Quarterfinals,Hard,Hurkacz H.,Marozsan F.,17.0,91.0,1.36,3.2,1.39,3.27,1.43,3.27
2023-10-12,Shanghai Masters,Quarterfinals,Hard,Korda S.,Shelton B.,26.0,20.0,1.8,2.0,1.87,2.04,1.92,2.05
2023-10-13,Shanghai Masters,Quarterfinals,Hard,Dimitrov G.,Jarry N.,19.0,22.0,1.44,2.75,1.48,2.86,1.5,2.9
2023-10-13,Shanghai Masters,Quarterfinals,Hard,Rublev A.,Humbert U.,7.0,34.0,1.4,3.0,1.45,2.97,1.46,3.03
2023-10-14,Shanghai Masters,Semifinals,Hard,Rublev A.,Dimitrov G.,7.0,19.0,1.62,2.3,1.65,2.39,1.69,2.4
2023-10-14,Shanghai Masters,Semifinals,Hard,Hurkacz H.,Korda S.,17.0,26.0,1.91,1.91,1.88,2.03,1.93,2.04
2023-10-15,Shanghai Masters,The Final,Hard,Hurkacz H.,Rublev A.,17.0,7.0,2.38,1.57,2.6,1.56,2.71,1.59
2023-10-16,Japan Open Tennis Championships,1st Round,Hard,Auger-Aliassime F.,Vukic A.,17.0,54.0,1.44,2.75,1.46,2.91,1.52,2.91
2023-10-16,Nordic Open,1st Round,Hard,Kecmanovic M.,Friberg K.,53.0,433.0,1.11,6.5,1.14,6.62,1.17,6.62
2023-10-16,Nordic Open,1st Round,Hard,Ymer E.,Bautista Agut R.,168.0,49.0,2.63,1.5,2.62,1.55,2.67,1.58
2023-10-16,Japan Open Tennis Championships,1st Round,Hard,Ofner S.,O Connell C.,47.0,59.0,1.91,1.91,1.99,1.9,1.99,1.95
2023-10-16,Japan Open Tennis Championships,1st Round,Hard,Mcdonald M.,Purcell M.,37.0,40.0,1.44,2.75,1.47,2.89,1.5,2.89
2023-10-16,Japan Open Tennis Championships,1st Round,Hard,Thompson J.,Zverev A.,60.0,9.0,4.33,1.22,4.4,1.25,4.4,1.27
2023-10-16,Nordic Open,1st Round,Hard,Prizmic D.,Lehecka J.,165.0,30.0,2.3,1.62,2.3,1.68,2.34,1.72
2023-10-16,Japan Open Tennis Championships,1st Round,Hard,Giron M.,Nishioka Y.,79.0,44.0,2.1,1.73,2.09,1.82,2.2,1.83
2023-10-16,Japan Open Tennis Championships,1st Round,Hard,Paul T.,Altmaier D.,12.0,48.0,1.22,4.33,1.24,4.53,1.25,4.85
2023-10-16,Nordic Open,1st Round,Hard,Sonego L.,Lajovic D.,55.0,51.0,1.4,3.0,1.37,3.32,1.42,3.32
2023-10-16,European Open,1st Round,Hard,Barrere G.,Galan D.E.,72.0,92.0,1.25,4.0,1.36,3.38,1.37,4.33
2023-10-16,European Open,1st Round,Hard,Lajal M.,Munar J.,229.0,83.0,2.2,1.67,2.24,1.71,2.32,1.71
2023-10-16,European Open,1st Round,Hard,Gaston H.,Rinderknech A.,96.0,82.0,2.3,1.62,2.22,1.72,2.32,1.73
2023-10-16,European Open,1st Round,Hard,Goffin D.,Halys Q.,105.0,87.0,2.0,1.8,2.04,1.85,2.06,1.85
2023-10-17,Japan Open Tennis Championships,1st Round,Hard,Garin C.,Shimabukuro S.,94.0,143.0,1.44,2.75,1.45,2.94,1.54,2.94
2023-10-17,Nordic Open,1st Round,Hard,Wolf J.J.,Baez S.,58.0,28.0,1.62,2.3,1.7,2.27,1.73,2.44
2023-10-17,Nordic Open,1st Round,Hard,Ruusuvuori E.,Hassan B.,61.0,161.0,1.2,4.5,1.19,5.4,1.21,5.4
2023-10-17,Nordic Open,1st Round,Hard,Misolic F.,Evans D.,181.0,34.0,4.0,1.25,4.43,1.24,4.43,1.31
2023-10-17,Nordic Open,1st Round,Hard,Djere L.,Borg L.,35.0,359.0,1.14,5.5,1.16,5.95,1.19,6.19
2023-10-17,Nordic Open,1st Round,Hard,Wawrinka S.,Gojo B.,46.0,76.0,1.67,2.2,1.75,2.19,1.75,2.26
2023-10-17,Japan Open Tennis Championships,1st Round,Hard,Karatsev A.,Tiafoe F.,50.0,14.0,2.75,1.44,2.67,1.53,2.8,1.54
2023-10-17,Japan Open Tennis Championships,1st Round,Hard,Shelton B.,Daniel T.,19.0,97.0,1.3,3.5,1.42,3.08,1.42,3.5
2023-10-17,Japan Open Tennis Championships,1st Round,Hard,Schwartzman D.,Cerundolo F.,113.0,22.0,2.3,1.62,2.44,1.61,2.44,1.7
2023-10-17,Japan Open Tennis Championships,1st Round,Hard,Fritz T.,Norrie C.,10.0,18.0,1.5,2.63,1.43,3.02,1.5,3.02
2023-10-17,Japan Open Tennis Championships,1st Round,Hard,Popyrin A.,Khachanov K.,41.0,15.0,3.0,1.4,3.6,1.33,3.6,1.42
2023-10-17,Japan Open Tennis Championships,1st Round,Hard,De Minaur A.,Draper J.,13.0,88.0,1.8,2.0,1.87,2.02,1.87,2.12
2023-10-17,Japan Open Tennis Championships,1st Round,Hard,Mochizuki S.,Etcheverry T.,215.0,31.0,3.5,1.3,3.81,1.3,3.81,1.31
2023-10-17,Nordic Open,1st Round,Hard,Kotov P.,Eubanks C.,109.0,32.0,1.91,1.91,1.81,2.1,2.0,2.1
2023-10-17,Japan Open Tennis Championships,1st Round,Hard,Ruud C.,Watanuki Y.,8.0,73.0,1.5,2.63,1.44,2.99,1.52,3.02
2023-10-17,European Open,1st Round,Hard,Mpetshi G.,Carballes Baena R.,226.0,64.0,1.67,2.2,1.74,2.21,1.8,2.35
2023-10-17,European Open,1st Round,Hard,Shevchenko A.,Bonzi B.,84.0,89.0,3.0,1.4,3.0,1.44,3.11,1.44
2023-10-17,European Open,1st Round,Hard,Varillas J.P.,Marozsan F.,69.0,65.0,3.5,1.3,3.83,1.3,3.85,1.33
2023-10-17,European Open,1st Round,Hard,Marterer M.,Gasquet R.,127.0,62.0,1.8,2.0,1.9,1.99,2.1,2.15
2023-10-17,European Open,1st Round,Hard,Hanfmann Y.,Blockx A.,56.0,646.0,1.29,3.75,1.28,4.05,1.36,4.05
2023-10-17,European Open,1st Round,Hard,Thiem D.,Nardi L.,86.0,133.0,1.62,2.3,1.71,2.25,1.71,2.41
2023-10-18,Japan Open Tennis Championships,2nd Round,Hard,Paul T.,Mcdonald M.,12.0,37.0,1.44,2.75,1.43,3.07,1.56,3.07
2023-10-18,Japan Open Tennis Championships,2nd Round,Hard,Giron M.,Ruud C.,79.0,8.0,3.0,1.4,3.18,1.41,3.18,1.45
2023-10-18,Japan Open Tennis Championships,2nd Round,Hard,Shelton B.,Thompson J.,19.0,60.0,1.67,2.2,1.75,2.21,1.75,2.23
2023-10-18,European Open,2nd Round,Hard,Bublik A.,Barrere G.,36.0,72.0,2.0,1.8,1.98,1.93,2.02,1.94
2023-10-18,European Open,2nd Round,Hard,Mpetshi G.,Goffin D.,226.0,105.0,3.2,1.36,3.27,1.39,3.27,1.41
2023-10-18,European Open,2nd Round,Hard,Fils A.,Lajal M.,38.0,229.0,1.25,4.0,1.29,4.01,1.29,4.4
2023-10-18,European Open,2nd Round,Hard,Varillas J.P.,Shevchenko A.,69.0,84.0,2.5,1.53,2.55,1.58,2.55,1.58
2023-10-18,Nordic Open,2nd Round,Hard,Kotov P.,Sonego L.,109.0,55.0,2.75,1.44,2.81,1.5,2.81,1.5
2023-10-18,Nordic Open,2nd Round,Hard,Djere L.,Wolf J.J.,35.0,58.0,2.5,1.53,2.42,1.64,2.5,1.64
2023-10-18,Japan Open Tennis Championships,2nd Round,Hard,Auger-Aliassime F.,Ofner S.,17.0,47.0,1.4,3.0,1.4,3.22,1.4,3.26
2023-10-18,Nordic Open,2nd Round,Hard,Griekspoor T.,Ruusuvuori E.,25.0,61.0,2.3,1.62,2.33,1.68,2.35,1.68
2023-10-18,Nordic Open,1st Round,Hard,Monfils G.,Fucsovics M.,140.0,52.0,1.8,2.0,1.96,1.93,1.96,2.0
2023-10-18,Nordic Open,1st Round,Hard,Safiullin R.,Seyboth Wild T.,42.0,77.0,1.17,5.0,1.2,5.05,1.2,5.93
2023-10-18,European Open,1st Round,Hard,Van De Zandschulp B.,Stricker D.,67.0,90.0,1.8,2.0,1.95,1.93,1.95,2.02
2023-10-18,European Open,1st Round,Hard,Borges N.,Koepfer D.,74.0,78.0,1.8,2.0,1.85,2.04,1.85,2.16
2023-10-18,Nordic Open,2nd Round,Hard,Kecmanovic M.,Rune H.,53.0,6.0,2.3,1.62,2.26,1.72,2.3,1.72
2023-10-18,Japan Open Tennis Championships,1st Round,Hard,Zhang Zh.,Hurkacz H.,57.0,11.0,2.5,1.53,2.86,1.47,2.9,1.56
2023-10-19,European Open,2nd Round,Hard,Marterer M.,Borges N.,127.0,74.0,1.62,2.3,1.76,2.19,1.76,2.34
2023-10-19,Japan Open Tennis Championships,2nd Round,Hard,Mochizuki S.,Fritz T.,215.0,10.0,9.0,1.07,11.2,1.07,11.2,1.09
2023-10-19,Nordic Open,2nd Round,Hard,Ymer E.,Prizmic D.,168.0,165.0,2.5,1.53,2.63,1.55,2.63,1.56
2023-10-19,Nordic Open,2nd Round,Hard,Machac T.,Wawrinka S.,81.0,46.0,2.1,1.73,2.02,1.88,2.12,1.88
2023-10-19,Nordic Open,2nd Round,Hard,Monfils G.,Misolic F.,140.0,181.0,1.44,2.75,1.42,3.13,1.48,3.13
2023-10-19,Nordic Open,2nd Round,Hard,Mannarino A.,Safiullin R.,24.0,42.0,2.38,1.57,2.48,1.61,2.48,1.64
2023-10-19,European Open,2nd Round,Hard,Gaston H.,Struff J.L.,96.0,27.0,2.38,1.57,2.16,1.78,2.41,1.78
2023-10-19,European Open,2nd Round,Hard,Tsitsipas S.,Van De Zandschulp B.,7.0,67.0,1.36,3.2,1.38,3.35,1.4,3.39
2023-10-19,European Open,2nd Round,Hard,Hanfmann Y.,Thiem D.,56.0,86.0,1.73,2.1,1.85,2.06,1.85,2.13
2023-10-19,Japan Open Tennis Championships,2nd Round,Hard,Karatsev A.,Zhang Zh.,50.0,57.0,1.91,1.91,1.92,1.99,2.09,1.99
2023-10-19,Japan Open Tennis Championships,2nd Round,Hard,De Minaur A.,Schwartzman D.,13.0,113.0,1.29,3.75,1.27,4.18,1.32,4.18
2023-10-19,Japan Open Tennis Championships,2nd Round,Hard,Popyrin A.,Garin C.,41.0,94.0,1.57,2.38,1.64,2.41,1.64,2.45
2023-10-20,Japan Open Tennis Championships,Quarterfinals,Hard,Mochizuki S.,Popyrin A.,215.0,41.0,3.4,1.33,3.64,1.33,3.75,1.4
2023-10-20,Japan Open Tennis Championships,Quarterfinals,Hard,Karatsev A.,De Minaur A.,50.0,13.0,2.63,1.5,2.91,1.47,2.91,1.51
2023-10-20,Japan Open Tennis Championships,Quarterfinals,Hard,Giron M.,Auger-Aliassime F.,79.0,17.0,2.38,1.57,2.47,1.61,2.47,1.68
2023-10-20,Japan Open Tennis Championships,Quarterfinals,Hard,Shelton B.,Paul T.,19.0,12.0,2.38,1.57,2.39,1.65,2.52,1.73
2023-10-20,European Open,Quarterfinals,Hard,Marterer M.,Gaston H.,127.0,96.0,1.67,2.2,1.65,2.41,1.7,2.41
2023-10-20,European Open,Quarterfinals,Hard,Fils A.,Varillas J.P.,38.0,69.0,1.25,4.0,1.25,4.44,1.29,4.44
2023-10-20,Nordic Open,Quarterfinals,Hard,Djere L.,Machac T.,35.0,81.0,2.3,1.62,2.36,1.67,2.36,1.78
2023-10-20,Nordic Open,Quarterfinals,Hard,Monfils G.,Mannarino A.,140.0,24.0,2.0,1.8,1.94,1.96,2.09,1.96
2023-10-20,Nordic Open,Quarterfinals,Hard,Kecmanovic M.,Ymer E.,53.0,168.0,1.57,2.38,1.62,2.45,1.62,2.52
2023-10-20,Nordic Open,Quarterfinals,Hard,Kotov P.,Griekspoor T.,109.0,25.0,2.5,1.53,2.76,1.51,2.76,1.59
2023-10-20,European Open,Quarterfinals,Hard,Bublik A.,Mpetshi G.,36.0,226.0,1.44,2.75,1.42,3.11,1.47,3.11
2023-10-20,European Open,Quarterfinals,Hard,Tsitsipas S.,Hanfmann Y.,7.0,56.0,1.25,4.0,1.26,4.39,1.28,4.5
2023-10-21,Japan Open Tennis Championships,Semifinals,Hard,Karatsev A.,Mochizuki S.,50.0,215.0,1.25,4.0,1.27,4.26,1.32,4.26
2023-10-21,Japan Open Tennis Championships,Semifinals,Hard,Shelton B.,Giron M.,19.0,79.0,1.5,2.63,1.56,2.61,1.58,2.72
2023-10-21,Nordic Open,Semifinals,Hard,Monfils G.,Djere L.,140.0,35.0,1.5,2.63,1.48,2.86,1.55,2.88
2023-10-21,European Open,Semifinals,Hard,Bublik A.,Marterer M.,36.0,127.0,1.67,2.2,1.7,2.28,1.82,2.28
2023-10-21,European Open,Semifinals,Hard,Fils A.,Tsitsipas S.,38.0,7.0,2.75,1.44,2.99,1.45,2.99,1.49
2023-10-21,Nordic Open,Semifinals,Hard,Kotov P.,Kecmanovic M.,109.0,53.0,2.38,1.57,2.34,1.68,2.4,1.68
2023-10-22,European Open,The Final,Hard,Bublik A.,Fils A.,36.0,38.0,2.1,1.73,2.12,1.81,2.15,1.81
2023-10-22,Japan Open Tennis Championships,The Final,Hard,Shelton B.,Karatsev A.,19.0,50.0,1.8,2.0,1.83,2.08,1.91,2.12
2023-10-22,Nordic Open,The Final,Hard,Monfils G.,Kotov P.,140.0,109.0,1.44,2.75,1.48,2.87,1.57,2.87
2023-10-23,Vienna Open,1st Round,Hard,Khachanov K.,Safiullin R.,16.0,43.0,1.8,2.0,1.74,2.21,1.86,2.22
2023-10-23,Vienna Open,1st Round,Hard,Zverev A.,Ofner S.,10.0,44.0,1.17,5.0,1.17,5.64,1.18,5.64
2023-10-23,Vienna Open,1st Round,Hard,Norrie C.,Misolic F.,18.0,169.0,1.4,3.0,1.41,3.12,1.47,3.12
2023-10-23,Swiss Indoors,1st Round,Hard,Etcheverry T.,Korda S.,32.0,23.0,4.5,1.2,4.52,1.24,4.77,1.24
2023-10-23,Vienna Open,1st Round,Hard,Lehecka J.,Wolf J.J.,31.0,59.0,2.1,1.73,1.89,1.99,2.15,1.99
2023-10-23,Swiss Indoors,1st Round,Hard,Murray A.,Hanfmann Y.,40.0,51.0,1.5,2.63,1.56,2.56,1.6,2.63
2023-10-23,Vienna Open,1st Round,Hard,Arnaldi M.,Ramos-Vinolas A.,46.0,93.0,1.4,3.0,1.46,2.9,1.46,3.0
2023-10-23,Swiss Indoors,1st Round,Hard,Baez S.,O Connell C.,29.0,61.0,2.2,1.67,2.44,1.61,2.45,1.8
2023-10-23,Swiss Indoors,1st Round,Hard,Struff J.L.,Eubanks C.,27.0,34.0,1.73,2.1,1.79,2.12,1.79,2.26
2023-10-23,Swiss Indoors,1st Round,Hard,Van De Zandschulp B.,Bautista Agut R.,65.0,48.0,1.4,3.0,1.49,2.79,1.49,3.08
2023-10-24,Swiss Indoors,1st Round,Hard,Griekspoor T.,Seyboth Wild T.,25.0,78.0,1.3,3.5,1.43,3.04,1.43,3.53
2023-10-24,Vienna Open,1st Round,Hard,Paul T.,Muller A.,12.0,84.0,1.22,4.33,1.25,4.39,1.25,4.39
2023-10-24,Vienna Open,1st Round,Hard,Rublev A.,Popyrin A.,5.0,39.0,1.2,4.5,1.18,5.49,1.21,5.49
2023-10-24,Vienna Open,1st Round,Hard,Machac T.,Vukic A.,74.0,56.0,1.4,3.0,1.39,3.21,1.44,3.21
2023-10-24,Vienna Open,1st Round,Hard,Tiafoe F.,Evans D.,14.0,35.0,1.62,2.3,1.75,2.18,1.75,2.32
2023-10-24,Vienna Open,1st Round,Hard,Tsitsipas S.,Thiem D.,7.0,99.0,1.36,3.2,1.33,3.62,1.38,3.78
2023-10-24,Vienna Open,1st Round,Hard,Sonego L.,Cerundolo F.,52.0,21.0,1.73,2.1,1.73,2.22,1.79,2.24
2023-10-24,Vienna Open,1st Round,Hard,Dimitrov G.,Musetti L.,17.0,22.0,1.36,3.2,1.33,3.6,1.36,3.6
2023-10-24,Swiss Indoors,1st Round,Hard,Stricker D.,Hassan B.,96.0,163.0,1.33,3.4,1.35,3.49,1.37,3.5
2023-10-24,Swiss Indoors,1st Round,Hard,Shevchenko A.,Wawrinka S.,83.0,45.0,3.0,1.4,3.04,1.43,3.05,1.43
2023-10-24,Swiss Indoors,1st Round,Hard,Jarry N.,Mannarino A.,20.0,24.0,2.0,1.8,2.01,1.88,2.13,1.88
2023-10-24,Swiss Indoors,1st Round,Hard,Rune H.,Kecmanovic M.,6.0,55.0,1.73,2.1,1.76,2.17,1.76,2.28
2023-10-24,Swiss Indoors,1st Round,Hard,De Minaur A.,Schwartzman D.,13.0,104.0,1.17,5.0,1.19,5.34,1.21,5.34
2023-10-24,Swiss Indoors,1st Round,Hard,Hurkacz H.,Lajovic D.,11.0,53.0,1.17,5.0,1.19,5.4,1.2,5.4
2023-10-25,Vienna Open,1st Round,Hard,Medvedev D.,Fils A.,3.0,38.0,1.14,5.5,1.18,5.53,1.18,6.0
2023-10-25,Vienna Open,2nd Round,Hard,Zverev A.,Norrie C.,10.0,18.0,1.25,4.0,1.25,4.48,1.28,4.48
2023-10-25,Vienna Open,1st Round,Hard,Sinner J.,Shelton B.,4.0,15.0,1.25,4.0,1.28,4.04,1.3,4.04
2023-10-25,Vienna Open,2nd Round,Hard,Khachanov K.,Lehecka J.,16.0,31.0,1.53,2.5,1.54,2.66,1.54,2.66
2023-10-25,Vienna Open,1st Round,Hard,Gojo B.,Karatsev A.,77.0,37.0,2.0,1.8,2.03,1.87,2.12,1.87
2023-10-25,Vienna Open,1st Round,Hard,Monfils G.,Altmaier D.,89.0,47.0,1.4,3.0,1.38,3.26,1.47,3.34
2023-10-25,Swiss Indoors,1st Round,Hard,Ruud C.,Bublik A.,8.0,30.0,1.53,2.5,1.62,2.43,1.69,2.5
2023-10-25,Swiss Indoors,2nd Round,Hard,Hurkacz H.,Struff J.L.,11.0,27.0,1.4,3.0,1.39,3.26,1.43,3.26
2023-10-25,Swiss Indoors,1st Round,Hard,Humbert U.,Giron M.,28.0,57.0,1.57,2.38,1.56,2.57,1.66,2.75
2023-10-25,Swiss Indoors,1st Round,Hard,Fritz T.,Purcell M.,9.0,41.0,1.17,5.0,1.19,5.33,1.21,5.33
2023-10-25,Swiss Indoors,1st Round,Hard,Auger-Aliassime F.,Riedi L.,19.0,162.0,1.36,3.2,1.35,3.44,1.47,3.5
2023-10-25,Swiss Indoors,2nd Round,Hard,Etcheverry T.,Murray A.,32.0,40.0,2.75,1.44,2.84,1.49,2.84,1.56
2023-10-26,Vienna Open,2nd Round,Hard,Tiafoe F.,Monfils G.,14.0,89.0,2.0,1.8,1.98,1.93,2.02,1.93
2023-10-26,Vienna Open,2nd Round,Hard,Sinner J.,Sonego L.,4.0,52.0,1.13,6.0,1.15,6.59,1.18,6.81
2023-10-26,Vienna Open,2nd Round,Hard,Tsitsipas S.,Machac T.,7.0,74.0,1.44,2.75,1.52,2.74,1.53,2.81
2023-10-26,Vienna Open,2nd Round,Hard,Medvedev D.,Dimitrov G.,3.0,17.0,1.29,3.75,1.29,4.0,1.33,4.3
2023-10-26,Vienna Open,2nd Round,Hard,Gojo B.,Paul T.,77.0,12.0,3.4,1.33,3.39,1.37,3.5,1.37
2023-10-26,Swiss Indoors,2nd Round,Hard,Griekspoor T.,De Minaur A.,25.0,13.0,3.2,1.36,3.0,1.45,3.2,1.45
2023-10-26,Vienna Open,2nd Round,Hard,Rublev A.,Arnaldi M.,5.0,46.0,1.14,5.5,1.17,5.89,1.21,5.91
2023-10-26,Swiss Indoors,2nd Round,Hard,Humbert U.,Jarry N.,28.0,20.0,1.57,2.38,1.63,2.44,1.71,2.44
2023-10-26,Swiss Indoors,2nd Round,Hard,Stricker D.,Ruud C.,96.0,8.0,2.75,1.44,2.98,1.45,2.98,1.51
2023-10-26,Swiss Indoors,2nd Round,Hard,Rune H.,Baez S.,6.0,29.0,1.44,2.75,1.54,2.67,1.58,2.78
2023-10-26,Swiss Indoors,2nd Round,Hard,Auger-Aliassime F.,Van De Zandschulp B.,19.0,65.0,1.5,2.63,1.57,2.58,1.59,2.63
2023-10-26,Swiss Indoors,2nd Round,Hard,Shevchenko A.,Fritz T.,83.0,9.0,5.0,1.17,5.02,1.21,6.1,1.21
2023-10-27,Vienna Open,Quarterfinals,Hard,Tsitsipas S.,Gojo B.,7.0,77.0,1.4,3.0,1.43,3.06,1.46,3.21
2023-10-27,Vienna Open,Quarterfinals,Hard,Sinner J.,Tiafoe F.,4.0,14.0,1.22,4.33,1.2,5.16,1.23,5.33
2023-10-27,Swiss Indoors,Quarterfinals,Hard,Hurkacz H.,Griekspoor T.,11.0,25.0,1.44,2.75,1.51,2.77,1.51,3.11
2023-10-27,Swiss Indoors,Quarterfinals,Hard,Humbert U.,Stricker D.,28.0,96.0,1.62,2.3,1.57,2.59,1.63,2.59
2023-10-27,Swiss Indoors,Quarterfinals,Hard,Rune H.,Etcheverry T.,6.0,32.0,1.44,2.75,1.46,2.95,1.51,3.0
2023-10-27,Swiss Indoors,Quarterfinals,Hard,Auger-Aliassime F.,Shevchenko A.,19.0,83.0,1.36,3.2,1.31,3.81,1.45,4.1
2023-10-27,Vienna Open,Quarterfinals,Hard,Medvedev D.,Khachanov K.,3.0,16.0,1.2,4.5,1.25,4.5,1.26,4.54
2023-10-27,Vienna Open,Quarterfinals,Hard,Rublev A.,Zverev A.,5.0,10.0,2.0,1.8,1.96,1.94,2.04,1.94
2023-10-28,Vienna Open,Semifinals,Hard,Medvedev D.,Tsitsipas S.,3.0,7.0,1.33,3.4,1.39,3.3,1.39,3.57
2023-10-28,Vienna Open,Semifinals,Hard,Sinner J.,Rublev A.,4.0,5.0,1.5,2.63,1.53,2.68,1.53,2.81
2023-10-28,Swiss Indoors,Semifinals,Hard,Auger-Aliassime F.,Rune H.,19.0,6.0,2.3,1.62,2.17,1.78,2.35,1.78
2023-10-28,Swiss Indoors,Semifinals,Hard,Hurkacz H.,Humbert U.,11.0,28.0,1.62,2.3,1.65,2.39,1.65,2.65
2023-10-29,Swiss Indoors,The Final,Hard,Auger-Aliassime F.,Hurkacz H.,19.0,11.0,2.3,1.62,2.33,1.68,2.4,1.68
2023-10-29,Vienna Open,The Final,Hard,Sinner J.,Medvedev D.,4.0,3.0,2.0,1.8,2.0,1.91,2.09,1.91
2023-10-30,BNP Paribas Masters,1st Round,Hard,Thiem D.,Wawrinka S.,108.0,51.0,1.73,2.1,1.88,2.01,1.88,2.19
2023-10-30,BNP Paribas Masters,1st Round,Hard,Paul T.,Gasquet R.,12.0,68.0,1.2,4.5,1.18,5.56,1.24,5.56
2023-10-30,BNP Paribas Masters,1st Round,Hard,Dimitrov G.,Musetti L.,17.0,22.0,1.29,3.75,1.28,4.07,1.3,4.07
2023-10-30,BNP Paribas Masters,1st Round,Hard,Fritz T.,Baez S.,10.0,29.0,1.17,5.0,1.17,5.73,1.19,5.73
2023-10-30,BNP Paribas Masters,1st Round,Hard,Nishioka Y.,Thompson J.,49.0,55.0,2.1,1.73,2.17,1.76,2.17,1.77
2023-10-30,BNP Paribas Masters,1st Round,Hard,Van De Zandschulp B.,Mannarino A.,60.0,25.0,2.0,1.8,1.99,1.9,2.19,1.93
2023-10-30,BNP Paribas Masters,1st Round,Hard,Djere L.,Van Assche L.,34.0,69.0,1.73,2.1,1.75,2.18,1.75,2.26
2023-10-30,BNP Paribas Masters,1st Round,Hard,De Minaur A.,Murray A.,13.0,40.0,1.4,3.0,1.38,3.28,1.4,3.28
2023-10-30,BNP Paribas Masters,1st Round,Hard,Safiullin R.,Muller A.,45.0,83.0,1.25,4.0,1.28,4.01,1.31,4.01
2023-10-30,BNP Paribas Masters,1st Round,Hard,Bublik A.,Tiafoe F.,33.0,14.0,2.0,1.8,2.04,1.85,2.16,1.89
2023-10-30,BNP Paribas Masters,1st Round,Hard,Griekspoor T.,Eubanks C.,23.0,32.0,1.44,2.75,1.5,2.78,1.5,2.81
2023-10-30,BNP Paribas Masters,1st Round,Hard,Davidovich Fokina A.,Shelton B.,28.0,16.0,3.0,1.4,3.02,1.43,3.1,1.5
2023-10-30,BNP Paribas Masters,1st Round,Hard,Bautista Agut R.,Lehecka J.,66.0,30.0,2.2,1.67,2.39,1.64,2.7,1.67
2023-10-30,BNP Paribas Masters,1st Round,Hard,Jarry N.,Popyrin A.,20.0,39.0,1.73,2.1,1.7,2.26,1.74,2.26
2023-10-30,BNP Paribas Masters,1st Round,Hard,Khachanov K.,Purcell M.,15.0,43.0,1.22,4.33,1.25,4.43,1.27,4.43
2023-10-31,BNP Paribas Masters,2nd Round,Hard,Rublev A.,Nishioka Y.,5.0,49.0,1.13,6.0,1.17,6.02,1.19,7.6
2023-10-31,BNP Paribas Masters,2nd Round,Hard,Safiullin R.,Alcaraz C.,45.0,2.0,6.0,1.13,5.8,1.17,6.26,1.17
2023-10-31,BNP Paribas Masters,2nd Round,Hard,Bublik A.,Jarry N.,33.0,20.0,1.8,2.0,1.97,1.93,1.97,2.02
2023-10-31,BNP Paribas Masters,2nd Round,Hard,Griekspoor T.,Davidovich Fokina A.,23.0,28.0,1.8,2.0,1.88,2.02,1.9,2.02
2023-10-31,BNP Paribas Masters,1st Round,Hard,Cerundolo F.,Monfils G.,21.0,79.0,3.0,1.4,3.08,1.42,3.08,1.47
2023-10-31,BNP Paribas Masters,1st Round,Hard,Humbert U.,Giron M.,26.0,59.0,1.5,2.63,1.51,2.74,1.64,2.74
2023-10-31,BNP Paribas Masters,2nd Round,Hard,Khachanov K.,Djere L.,15.0,34.0,1.29,3.75,1.24,4.56,1.33,4.7
2023-10-31,BNP Paribas Masters,1st Round,Hard,Mcdonald M.,Wolf J.J.,42.0,57.0,2.1,1.73,2.24,1.71,2.25,1.84
2023-10-31,BNP Paribas Masters,1st Round,Hard,Altmaier D.,Fils A.,54.0,36.0,3.75,1.29,3.53,1.34,3.75,1.35
2023-10-31,BNP Paribas Masters,1st Round,Hard,Hurkacz H.,Korda S.,11.0,24.0,2.0,1.8,2.02,1.88,2.02,1.95
2023-10-31,BNP Paribas Masters,1st Round,Hard,Zverev A.,Fucsovics M.,9.0,52.0,1.2,4.5,1.27,4.13,1.27,5.4
2023-10-31,BNP Paribas Masters,1st Round,Hard,Lajovic D.,Bonzi B.,48.0,77.0,2.0,1.8,2.09,1.82,2.09,1.86
2023-10-31,BNP Paribas Masters,1st Round,Hard,Etcheverry T.,Kecmanovic M.,31.0,53.0,1.91,1.91,2.07,1.83,2.07,2.02
2023-10-31,BNP Paribas Masters,1st Round,Hard,Auger-Aliassime F.,Struff J.L.,19.0,27.0,1.4,3.0,1.42,3.06,1.5,3.22
2023-11-01,BNP Paribas Masters,2nd Round,Hard,Sinner J.,Mcdonald M.,4.0,42.0,1.11,6.5,1.11,8.4,1.12,8.69
2023-11-01,BNP Paribas Masters,2nd Round,Hard,Rune H.,Thiem D.,7.0,108.0,1.5,2.63,1.56,2.6,1.56,2.66
2023-11-01,BNP Paribas Masters,2nd Round,Hard,Zverev A.,Humbert U.,9.0,26.0,1.53,2.5,1.57,2.59,1.61,2.6
2023-11-01,BNP Paribas Masters,2nd Round,Hard,Cerundolo F.,Ruud C.,21.0,8.0,2.75,1.44,2.9,1.47,2.9,1.49
2023-11-01,BNP Paribas Masters,2nd Round,Hard,Djokovic N.,Etcheverry T.,1.0,31.0,1.05,11.0,1.07,11.55,1.07,11.55
2023-11-01,BNP Paribas Masters,2nd Round,Hard,Hurkacz H.,Bautista Agut R.,11.0,66.0,1.4,3.0,1.41,3.19,1.42,3.21
2023-11-01,BNP Paribas Masters,2nd Round,Hard,Tsitsipas S.,Auger-Aliassime F.,6.0,19.0,1.8,2.0,1.88,2.03,1.9,2.03
2023-11-01,BNP Paribas Masters,2nd Round,Hard,Dimitrov G.,Medvedev D.,17.0,3.0,3.4,1.33,2.95,1.46,3.4,1.46
2023-11-01,BNP Paribas Masters,2nd Round,Hard,Van De Zandschulp B.,Paul T.,60.0,12.0,2.1,1.73,2.27,1.71,2.27,1.75
2023-11-01,BNP Paribas Masters,2nd Round,Hard,Altmaier D.,Fritz T.,54.0,10.0,,,,,,
2023-11-01,BNP Paribas Masters,2nd Round,Hard,De Minaur A.,Lajovic D.,13.0,48.0,1.25,4.0,1.26,4.33,1.27,4.35
2023-11-02,BNP Paribas Masters,3rd Round,Hard,De Minaur A.,Sinner J.,13.0,4.0,3.4,1.33,3.48,1.36,3.48,1.4
2023-11-02,BNP Paribas Masters,3rd Round,Hard,Rune H.,Altmaier D.,7.0,54.0,1.22,4.33,1.3,3.89,1.31,4.33
2023-11-02,BNP Paribas Masters,3rd Round,Hard,Hurkacz H.,Cerundolo F.,11.0,21.0,1.29,3.75,1.31,3.86,1.33,4.0
2023-11-02,BNP Paribas Masters,3rd Round,Hard,Djokovic N.,Griekspoor T.,1.0,23.0,1.1,7.0,1.1,8.85,1.11,8.85
2023-11-02,BNP Paribas Masters,3rd Round,Hard,Khachanov K.,Safiullin R.,15.0,45.0,1.67,2.2,1.68,2.32,1.71,2.34
2023-11-02,BNP Paribas Masters,3rd Round,Hard,Rublev A.,Van De Zandschulp B.,5.0,60.0,1.22,4.33,1.24,4.6,1.25,5.36
2023-11-02,BNP Paribas Masters,3rd Round,Hard,Dimitrov G.,Bublik A.,17.0,33.0,1.5,2.63,1.49,2.82,1.52,2.82
2023-11-02,BNP Paribas Masters,3rd Round,Hard,Tsitsipas S.,Zverev A.,6.0,9.0,2.0,1.8,1.98,1.93,2.0,2.02
2023-11-03,BNP Paribas Masters,Quarterfinals,Hard,Dimitrov G.,Hurkacz H.,17.0,11.0,1.62,2.3,1.67,2.35,1.71,2.35
2023-11-03,BNP Paribas Masters,Quarterfinals,Hard,Tsitsipas S.,Khachanov K.,6.0,15.0,1.53,2.5,1.55,2.64,1.65,2.64
2023-11-03,BNP Paribas Masters,Quarterfinals,Hard,Djokovic N.,Rune H.,1.0,7.0,1.29,3.75,1.31,3.81,1.32,3.91
2023-11-03,BNP Paribas Masters,Quarterfinals,Hard,Rublev A.,De Minaur A.,5.0,13.0,1.44,2.75,1.43,3.06,1.51,3.06
2023-11-04,BNP Paribas Masters,Semifinals,Hard,Dimitrov G.,Tsitsipas S.,17.0,6.0,2.2,1.67,2.16,1.78,2.28,1.78
2023-11-04,BNP Paribas Masters,Semifinals,Hard,Djokovic N.,Rublev A.,1.0,5.0,1.36,3.2,1.4,3.23,1.46,3.64
2023-11-05,BNP Paribas Masters,The Final,Hard,Djokovic N.,Dimitrov G.,1.0,17.0,1.33,3.4,1.35,3.54,1.39,3.55
2023-11-05,Open de Moselle,1st Round,Hard,Herbert P.H.,Cazaux A.,344.0,123.0,2.5,1.53,2.44,1.62,2.6,1.62
2023-11-05,Open de Moselle,1st Round,Hard,Barrere G.,Hanfmann Y.,85.0,50.0,1.62,2.3,1.55,2.61,1.64,2.61
2023-11-06,Open de Moselle,1st Round,Hard,Van Assche L.,Van De Zandschulp B.,70.0,51.0,2.75,1.44,2.91,1.46,2.91,1.49
2023-11-06,Open de Moselle,1st Round,Hard,Wawrinka S.,Zapata Miralles B.,53.0,81.0,1.17,5.0,1.18,5.5,1.21,5.5
2023-11-06,Open de Moselle,1st Round,Hard,Mayot H.,Watanuki Y.,176.0,79.0,3.0,1.4,2.97,1.44,3.0,1.46
2023-11-06,Open de Moselle,1st Round,Hard,Lestienne C.,Hemery C.,90.0,205.0,1.4,3.0,1.41,3.11,1.45,3.2
2023-11-06,Open de Moselle,1st Round,Hard,Sonego L.,Giron M.,49.0,59.0,1.8,2.0,1.92,1.96,1.92,2.07
2023-11-06,Open de Moselle,1st Round,Hard,Shevchenko A.,Bourgue M.,63.0,271.0,1.36,3.2,1.43,3.03,1.48,3.26
2023-11-06,Open de Moselle,1st Round,Hard,Thiem D.,Martineau M.,95.0,299.0,1.2,4.5,1.25,4.24,1.25,4.5
2023-11-07,Sofia Open,1st Round,Hard,Draper J.,Marterer M.,82.0,97.0,1.33,3.4,1.34,3.51,1.4,3.51
2023-11-07,Sofia Open,1st Round,Hard,Fucsovics M.,Atmane T.,47.0,134.0,1.33,3.4,1.36,3.16,1.45,3.44
2023-11-07,Sofia Open,1st Round,Hard,Ilkel C.,Kuzmanov D.,259.0,189.0,2.0,1.8,2.05,1.85,2.22,1.88
2023-11-07,Sofia Open,1st Round,Hard,Rodionov J.,Moreno De Alboran N.,110.0,152.0,1.44,2.75,1.52,2.69,1.53,2.95
2023-11-07,Sofia Open,1st Round,Hard,Kotov P.,Lazarov A.,80.0,709.0,1.17,5.0,1.25,4.37,1.25,5.0
2023-11-07,Sofia Open,1st Round,Hard,Harris B.,Huesler M.A.,221.0,200.0,2.38,1.57,2.4,1.63,2.54,1.65
2023-11-07,Sofia Open,1st Round,Hard,Purcell M.,Hijikata R.,45.0,72.0,1.4,3.0,1.46,2.92,1.51,3.02
2023-11-07,Sofia Open,1st Round,Hard,Bautista Agut R.,Kecmanovic M.,60.0,56.0,1.8,2.0,1.87,2.02,1.98,2.02
2023-11-07,Sofia Open,1st Round,Hard,Ofner S.,Sachko V.,44.0,166.0,1.4,3.0,1.45,2.95,1.46,3.38
2023-11-07,Sofia Open,1st Round,Hard,Ramos-Vinolas A.,Carballes Baena R.,94.0,61.0,2.1,1.73,2.2,1.74,2.21,1.77
2023-11-07,Sofia Open,1st Round,Hard,Marozsan F.,Piros Z.,62.0,121.0,1.62,2.3,1.54,2.62,1.63,2.68
2023-11-07,Sofia Open,1st Round,Hard,O Connell C.,Medjedovic H.,66.0,107.0,1.91,1.91,1.89,2.0,1.93,2.04
2023-11-07,Open de Moselle,2nd Round,Hard,Khachanov K.,Lestienne C.,15.0,90.0,1.3,3.5,1.31,3.82,1.35,4.05
2023-11-07,Open de Moselle,1st Round,Hard,Fognini F.,Seyboth Wild T.,147.0,74.0,2.2,1.67,2.18,1.75,2.22,1.77
2023-11-07,Open de Moselle,1st Round,Hard,Valkusz M.,Altmaier D.,232.0,54.0,3.5,1.3,3.85,1.3,3.85,1.31
2023-11-07,Open de Moselle,1st Round,Hard,Shelbayh A.,Gaston H.,215.0,83.0,2.75,1.44,2.9,1.46,3.0,1.46
2023-11-07,Open de Moselle,2nd Round,Hard,Mayot H.,Barrere G.,176.0,85.0,3.2,1.36,3.13,1.42,3.3,1.42
2023-11-07,Open de Moselle,2nd Round,Hard,Humbert U.,Thiem D.,23.0,95.0,1.4,3.0,1.45,2.97,1.45,3.1
2023-11-08,Sofia Open,2nd Round,Hard,Marozsan F.,Bautista Agut R.,62.0,60.0,1.8,2.0,1.82,2.11,1.88,2.11
2023-11-08,Sofia Open,2nd Round,Hard,Mannarino A.,Ramos-Vinolas A.,25.0,94.0,1.25,4.0,1.29,4.06,1.31,4.3
2023-11-08,Sofia Open,2nd Round,Hard,Ofner S.,O Connell C.,44.0,66.0,2.1,1.73,2.23,1.74,2.25,1.82
2023-11-08,Sofia Open,2nd Round,Hard,Draper J.,Musetti L.,82.0,27.0,1.5,2.63,1.56,2.6,1.58,2.75
2023-11-08,Sofia Open,2nd Round,Hard,Struff J.L.,Harris B.,28.0,221.0,1.4,3.0,1.39,3.28,1.43,3.39
2023-11-08,Sofia Open,2nd Round,Hard,Fucsovics M.,Rodionov J.,47.0,110.0,1.33,3.4,1.34,3.62,1.37,3.68
2023-11-08,Open de Moselle,2nd Round,Hard,Herbert P.H.,Brouwer G.,344.0,163.0,1.91,1.91,,,2.0,1.91
2023-11-08,Open de Moselle,2nd Round,Hard,Fognini F.,Bublik A.,147.0,32.0,3.75,1.29,4.01,1.29,4.01,1.35
2023-11-08,Open de Moselle,2nd Round,Hard,Van Assche L.,Wawrinka S.,70.0,53.0,2.38,1.57,2.67,1.54,2.67,1.65
2023-11-08,Open de Moselle,2nd Round,Hard,Sonego L.,Shelbayh A.,49.0,215.0,1.3,3.5,1.29,4.06,1.31,4.06
2023-11-08,Sofia Open,2nd Round,Hard,Kotov P.,Baez S.,80.0,29.0,1.73,2.1,1.79,2.15,1.83,2.15
2023-11-08,Open de Moselle,2nd Round,Hard,Shevchenko A.,Valkusz M.,63.0,232.0,1.29,3.75,1.31,3.83,1.31,4.2
2023-11-08,Sofia Open,2nd Round,Hard,Ilkel C.,Purcell M.,259.0,45.0,4.0,1.25,4.11,1.28,4.65,1.31
2023-11-09,Sofia Open,Quarterfinals,Hard,Struff J.L.,Marozsan F.,28.0,62.0,2.0,1.8,2.01,1.9,2.23,1.95
2023-11-09,Sofia Open,Quarterfinals,Hard,Draper J.,Ilkel C.,82.0,259.0,1.08,8.0,1.08,10.42,1.14,10.6
2023-11-09,Sofia Open,Quarterfinals,Hard,Mannarino A.,Ofner S.,25.0,44.0,1.44,2.75,1.52,2.72,1.52,3.16
2023-11-09,Sofia Open,Quarterfinals,Hard,Kotov P.,Fucsovics M.,80.0,47.0,2.5,1.53,2.62,1.56,2.71,1.61
2023-11-09,Open de Moselle,Quarterfinals,Hard,Herbert P.H.,Van Assche L.,344.0,70.0,2.5,1.53,2.61,1.56,2.74,1.61
2023-11-09,Open de Moselle,Quarterfinals,Hard,Fognini F.,Sonego L.,147.0,49.0,4.0,1.25,4.14,1.28,4.25,1.33
2023-11-09,Open de Moselle,Quarterfinals,Hard,Humbert U.,Mayot H.,23.0,176.0,1.17,5.0,1.18,5.71,1.2,5.71
2023-11-09,Open de Moselle,Quarterfinals,Hard,Shevchenko A.,Khachanov K.,63.0,15.0,3.5,1.3,4.13,1.28,4.13,1.35
2023-11-10,Open de Moselle,Semifinals,Hard,Humbert U.,Fognini F.,23.0,147.0,1.22,4.33,1.23,4.67,1.24,4.76
2023-11-10,Open de Moselle,Semifinals,Hard,Shevchenko A.,Herbert P.H.,63.0,344.0,1.44,2.75,1.52,2.73,1.52,3.0
2023-11-10,Sofia Open,Semifinals,Hard,Draper J.,Struff J.L.,82.0,28.0,1.33,3.4,1.36,3.46,1.43,3.46
2023-11-10,Sofia Open,Semifinals,Hard,Mannarino A.,Kotov P.,25.0,80.0,1.62,2.3,1.71,2.27,1.71,2.62
2023-11-11,Open de Moselle,The Final,Hard,Humbert U.,Shevchenko A.,23.0,63.0,1.36,3.2,1.34,3.56,1.37,3.56
2023-11-11,Sofia Open,The Final,Hard,Mannarino A.,Draper J.,25.0,82.0,2.75,1.44,2.84,1.49,2.91,1.52
2023-11-12,Masters Cup,Round Robin,Hard,Djokovic N.,Rune H.,1.0,10.0,1.2,4.5,1.2,5.16,1.24,5.16
2023-11-12,Masters Cup,Round Robin,Hard,Sinner J.,Tsitsipas S.,4.0,6.0,1.36,3.2,1.39,3.26,1.44,3.33
2023-11-13,Masters Cup,Round Robin,Hard,Medvedev D.,Rublev A.,3.0,5.0,1.5,2.63,1.57,2.58,1.57,2.76
2023-11-13,Masters Cup,Round Robin,Hard,Zverev A.,Alcaraz C.,8.0,2.0,2.75,1.44,2.87,1.48,2.93,1.5
2023-11-14,Masters Cup,Round Robin,Hard,Rune H.,Tsitsipas S.,10.0,6.0,1.57,2.38,1.59,2.52,1.62,2.55
2023-11-14,Masters Cup,Round Robin,Hard,Sinner J.,Djokovic N.,4.0,1.0,2.3,1.62,2.29,1.7,2.42,1.7
2023-11-15,Masters Cup,Round Robin,Hard,Alcaraz C.,Rublev A.,2.0,5.0,1.5,2.63,1.6,2.5,1.6,2.72
2023-11-15,Masters Cup,Round Robin,Hard,Medvedev D.,Zverev A.,3.0,8.0,1.44,2.75,1.47,2.9,1.47,3.1
2023-11-16,Masters Cup,Round Robin,Hard,Djokovic N.,Hurkacz H.,1.0,11.0,1.14,5.5,1.23,4.7,1.23,5.55
2023-11-16,Masters Cup,Round Robin,Hard,Sinner J.,Rune H.,4.0,10.0,1.4,3.0,1.42,3.12,1.45,3.17
2023-11-17,Masters Cup,Round Robin,Hard,Alcaraz C.,Medvedev D.,2.0,3.0,1.67,2.2,1.78,2.16,1.78,2.3
2023-11-17,Masters Cup,Round Robin,Hard,Zverev A.,Rublev A.,8.0,5.0,1.62,2.3,1.74,2.23,1.76,2.35
2023-11-18,Masters Cup,Semifinals,Hard,Djokovic N.,Alcaraz C.,1.0,2.0,1.62,2.3,1.67,2.36,1.7,2.43
2023-11-18,Masters Cup,Semifinals,Hard,Sinner J.,Medvedev D.,4.0,3.0,1.67,2.2,1.69,2.31,1.71,2.36
2023-11-19,Masters Cup,The Final,Hard,Djokovic N.,Sinner J.,1.0,4.0,1.53,2.5,1.62,2.45,1.62,2.68
