date,tournament,round,surface,winner,loser,wrank,lrank,odds_winner,odds_loser,pin_winner,pin_loser,max_winner,max_loser
2021-01-07,Antalya Open,1st Round,Hard,Basilashvili N.,Arnaboldi A.,40,267.0,1.5,2.5,1.61,2.44,1.67,2.56
2021-01-07,Antalya Open,1st Round,Hard,Celikbilek A.,Zuk K.,309,262.0,2.5,1.5,2.63,1.54,2.7,1.55
2021-01-07,Antalya Open,1st Round,Hard,Ruusuvuori E.,Vesely J.,87,67.0,1.5,2.5,1.56,2.58,1.63,3.03
2021-01-07,Antalya Open,1st Round,Hard,Bublik A.,Caruso S.,49,76.0,1.61,2.2,1.81,2.09,1.87,2.3
2021-01-07,Antalya Open,1st Round,Hard,Goffin D.,Herbert P.H.,16,83.0,1.4,2.75,1.46,2.92,1.5,3.0
2021-01-07,Antalya Open,1st Round,Hard,Travaglia S.,Kecmanovic M.,75,42.0,2.62,1.44,2.8,1.49,2.85,1.5
2021-01-07,Delray Beach Open,1st Round,Hard,Korda S.,Kwon S.W.,119,95.0,1.72,2.0,1.74,2.21,1.8,2.31
2021-01-07,Delray Beach Open,1st Round,Hard,Mager G.,Harrison R.,101,481.0,2.0,1.72,2.3,1.68,2.45,1.81
2021-01-07,Delray Beach Open,1st Round,Hard,Paul T.,Nam J.S.,52,268.0,1.12,6.0,1.13,6.81,1.24,6.81
2021-01-07,Delray Beach Open,1st Round,Hard,Monteiro T.,Bellucci T.,84,281.0,1.36,3.0,1.36,3.42,1.44,3.5
2021-01-08,Delray Beach Open,1st Round,Hard,Querrey S.,Mcdonald M.,56,194.0,1.8,1.9,1.94,1.94,1.95,2.15
2021-01-08,Delray Beach Open,1st Round,Hard,Quiroz R.,Rubin N.,293,251.0,2.0,1.72,2.12,1.79,2.2,1.88
2021-01-08,Delray Beach Open,1st Round,Hard,Fratangelo B.,King K.,274,304.0,1.5,2.5,1.52,2.68,1.61,2.8
2021-01-08,Delray Beach Open,1st Round,Hard,Norrie C.,Aragone J.C.,74,299.0,1.2,4.33,1.2,5.13,1.23,6.0
2021-01-08,Delray Beach Open,1st Round,Hard,Karlovic I.,Andujar P.,148,59.0,2.62,1.44,2.86,1.47,3.0,1.61
2021-01-08,Delray Beach Open,1st Round,Hard,Harrison C.,Etcheverry T.,280,256.0,1.33,3.25,1.36,3.42,1.55,3.42
2021-01-08,Delray Beach Open,1st Round,Hard,Galan D.E.,Martin A.,115,100.0,1.4,2.75,1.47,2.87,1.54,2.88
2021-01-08,Antalya Open,1st Round,Hard,Fognini F.,Vrbensky M.,17,311.0,1.4,2.75,1.49,2.81,1.49,3.0
2021-01-08,Antalya Open,1st Round,Hard,Kuzmanov D.,Djere L.,298,55.0,2.62,1.44,2.7,1.52,2.73,1.57
2021-01-08,Antalya Open,1st Round,Hard,Struff J.L.,Kotov P.,37,269.0,1.22,4.0,1.24,4.44,1.27,4.6
2021-01-08,Antalya Open,1st Round,Hard,Lamasine T.,Gerasimov E.,271,78.0,5.0,1.16,5.74,1.17,5.74,1.22
2021-01-08,Antalya Open,1st Round,Hard,Andreev A.,Ilhan M.,564,571.0,1.2,4.33,1.24,4.53,1.25,4.65
2021-01-08,Antalya Open,1st Round,Hard,Grenier H.,Molcan A.,250,313.0,1.8,1.9,2.0,1.89,2.05,2.0
2021-01-08,Antalya Open,1st Round,Hard,Berrettini M.,Kirkin E.,10,446.0,1.03,15.0,1.03,16.3,1.04,24.25
2021-01-08,Antalya Open,1st Round,Hard,Chardy J.,Albot R.,72,85.0,2.0,1.72,2.18,1.75,2.2,1.8
2021-01-08,Antalya Open,1st Round,Hard,De Minaur A.,Jaziri M.,23,249.0,1.04,13.0,1.04,14.8,1.05,18.7
2021-01-08,Antalya Open,1st Round,Hard,Kuhn N.,Bachinger M.,253,279.0,2.25,1.57,2.48,1.6,2.7,1.63
2021-01-09,Antalya Open,2nd Round,Hard,Basilashvili N.,Celikbilek A.,40,309.0,1.4,2.75,1.45,3.0,1.45,3.12
2021-01-09,Delray Beach Open,1st Round,Hard,Tiafoe F.,Young D.,62,327.0,1.22,4.0,1.19,5.38,1.27,5.75
2021-01-09,Delray Beach Open,2nd Round,Hard,Mager G.,Querrey S.,101,56.0,4.0,1.22,3.97,1.29,4.2,1.3
2021-01-09,Delray Beach Open,2nd Round,Hard,Harrison C.,Garin C.,280,22.0,2.62,1.44,2.51,1.6,3.02,1.63
2021-01-09,Delray Beach Open,2nd Round,Hard,Korda S.,Paul T.,119,52.0,2.37,1.53,2.69,1.53,2.69,1.62
2021-01-09,Antalya Open,2nd Round,Hard,Goffin D.,Kuhn N.,16,253.0,1.11,6.5,1.11,7.84,1.13,7.84
2021-01-09,Antalya Open,2nd Round,Hard,De Minaur A.,Andreev A.,23,564.0,1.08,8.0,1.08,10.12,1.09,11.0
2021-01-09,Antalya Open,2nd Round,Hard,Travaglia S.,Ruusuvuori E.,75,87.0,2.62,1.44,2.76,1.51,2.76,1.54
2021-01-10,Delray Beach Open,2nd Round,Hard,Isner J.,Monteiro T.,25,84.0,1.5,2.5,1.48,2.86,1.54,3.03
2021-01-10,Delray Beach Open,2nd Round,Hard,Tiafoe F.,Fratangelo B.,62,274.0,1.3,3.4,1.29,4.0,1.34,4.0
2021-01-10,Delray Beach Open,2nd Round,Hard,Quiroz R.,Karlovic I.,293,148.0,2.1,1.66,2.36,1.67,2.4,1.75
2021-01-10,Delray Beach Open,2nd Round,Hard,Hurkacz H.,Galan D.E.,35,115.0,1.36,3.0,1.41,3.19,1.41,3.52
2021-01-10,Antalya Open,2nd Round,Hard,Berrettini M.,Kuzmanov D.,10,298.0,1.07,9.0,1.09,9.04,1.09,11.0
2021-01-10,Antalya Open,2nd Round,Hard,Struff J.L.,Grenier H.,37,250.0,1.18,4.5,1.21,5.02,1.22,5.02
2021-01-10,Antalya Open,2nd Round,Hard,Bublik A.,Lamasine T.,49,271.0,1.18,4.5,1.22,4.81,1.24,4.81
2021-01-10,Antalya Open,2nd Round,Hard,Chardy J.,Fognini F.,72,17.0,2.2,1.61,2.31,1.69,2.31,1.82
2021-01-11,Antalya Open,Quarterfinals,Hard,De Minaur A.,Basilashvili N.,23,40.0,1.11,6.5,1.12,7.56,1.13,7.7
2021-01-11,Antalya Open,Quarterfinals,Hard,Bublik A.,Berrettini M.,49,10.0,4.0,1.25,4.05,1.29,4.05,1.37
2021-01-11,Antalya Open,Quarterfinals,Hard,Chardy J.,Struff J.L.,72,37.0,2.62,1.5,2.86,1.48,2.86,1.53
2021-01-11,Antalya Open,Quarterfinals,Hard,Goffin D.,Travaglia S.,16,75.0,1.33,3.4,1.36,3.43,1.38,3.47
2021-01-11,Delray Beach Open,Quarterfinals,Hard,Korda S.,Isner J.,119,25.0,2.1,1.72,2.13,1.8,2.2,1.92
2021-01-11,Delray Beach Open,2nd Round,Hard,Norrie C.,Mannarino A.,74,34.0,1.8,1.9,1.92,1.99,2.0,2.25
2021-01-11,Delray Beach Open,Quarterfinals,Hard,Harrison C.,Mager G.,280,101.0,1.72,2.1,1.68,2.34,1.79,2.34
2021-01-11,Delray Beach Open,Quarterfinals,Hard,Hurkacz H.,Quiroz R.,35,293.0,1.16,5.0,1.19,5.37,1.22,6.5
2021-01-12,Antalya Open,Semifinals,Hard,Bublik A.,Chardy J.,49,72.0,1.4,3.0,1.5,2.8,1.54,3.0
2021-01-12,Delray Beach Open,Quarterfinals,Hard,Norrie C.,Tiafoe F.,74,62.0,2.1,1.72,2.03,1.88,2.2,1.91
2021-01-12,Delray Beach Open,Semifinals,Hard,Hurkacz H.,Harrison C.,35,280.0,1.36,3.2,1.41,3.18,1.44,3.6
2021-01-12,Antalya Open,Semifinals,Hard,De Minaur A.,Goffin D.,23,16.0,1.53,2.5,1.6,2.51,1.62,2.55
2021-01-13,Delray Beach Open,Semifinals,Hard,Korda S.,Norrie C.,119,74.0,1.66,2.2,1.76,2.19,1.78,2.33
2021-01-13,Delray Beach Open,The Final,Hard,Hurkacz H.,Korda S.,35,119.0,1.8,2.0,1.83,2.09,1.92,2.14
2021-01-13,Antalya Open,The Final,Hard,De Minaur A.,Bublik A.,23,49.0,1.2,4.5,1.22,4.87,1.23,5.3
2021-01-31,Great Ocean Road Open,1st Round,Hard,Vukic A.,Lu Y.,195,1008.0,1.16,5.0,1.22,4.85,1.22,5.5
2021-01-31,Great Ocean Road Open,1st Round,Hard,Majchrzak K.,Djere L.,109,56.0,1.4,2.75,1.56,2.59,1.56,3.0
2021-01-31,Great Ocean Road Open,1st Round,Hard,Bedene A.,Uchiyama Y.,58,106.0,1.4,2.75,1.33,3.62,1.45,4.2
2021-02-01,Murray River Open,1st Round,Hard,Chardy J.,Cilic M.,66,43.0,2.1,1.66,2.31,1.68,2.45,1.72
2021-02-01,Murray River Open,1st Round,Hard,Berankis R.,Nagal S.,72,139.0,1.28,3.5,1.34,3.54,1.37,3.8
2021-02-01,Murray River Open,1st Round,Hard,Bolt A.,Kokkinakis T.,174,266.0,3.25,1.33,2.92,1.46,3.3,1.47
2021-02-01,Murray River Open,1st Round,Hard,Ramos-Vinolas A.,Mott B.,46,481.0,1.36,3.0,1.49,2.79,1.5,3.1
2021-02-01,Murray River Open,1st Round,Hard,Kubler J.,Sonego L.,265,34.0,3.0,1.36,3.02,1.43,3.07,1.47
2021-02-01,Murray River Open,1st Round,Hard,Fucsovics M.,Cecchinato M.,55,79.0,1.14,5.5,1.19,5.38,1.2,5.75
2021-02-01,Murray River Open,1st Round,Hard,Paul T.,Norrie C.,53,67.0,1.57,2.25,1.76,2.16,1.8,2.38
2021-02-01,Murray River Open,1st Round,Hard,Coria F.,Albot R.,92,85.0,3.5,1.28,3.87,1.3,3.95,1.34
2021-02-01,Murray River Open,1st Round,Hard,Mcdonald M.,Gasquet R.,194,48.0,2.62,1.44,2.74,1.51,2.8,1.56
2021-02-01,Murray River Open,1st Round,Hard,Bourchier H.,Polmans M.,324,125.0,2.62,1.44,3.05,1.42,3.05,1.5
2021-02-01,Murray River Open,1st Round,Hard,Sousa P.,Tu L.,108,,2.75,1.4,2.61,1.55,2.8,1.59
2021-02-01,Murray River Open,1st Round,Hard,Mannarino A.,Ymer M.,35,95.0,1.4,2.75,1.53,2.67,1.53,3.0
2021-02-01,Great Ocean Road Open,1st Round,Hard,Caruso S.,Seppi A.,76,107.0,1.72,2.0,1.76,2.16,1.8,2.34
2021-02-01,Murray River Open,1st Round,Hard,Moutet C.,Tiafoe F.,80,62.0,3.0,1.36,3.13,1.41,3.2,1.44
2021-02-01,Murray River Open,1st Round,Hard,Gerasimov E.,Harris L.,78,91.0,1.8,1.9,2.21,1.74,2.21,1.91
2021-02-01,Great Ocean Road Open,1st Round,Hard,O Connell C.,Koepfer D.,121,68.0,2.25,1.57,2.23,1.72,2.5,1.74
2021-02-01,Great Ocean Road Open,1st Round,Hard,Purcell M.,Gombos N.,238,89.0,2.62,1.44,2.95,1.45,2.95,1.53
2021-02-01,Great Ocean Road Open,1st Round,Hard,Kwon S.W.,Martin A.,97,102.0,1.25,3.75,1.28,4.01,1.29,4.1
2021-02-01,Great Ocean Road Open,1st Round,Hard,Travaglia S.,Carballes Baena R.,71,98.0,1.36,3.0,1.45,2.94,1.47,3.0
2021-02-01,Great Ocean Road Open,1st Round,Hard,Anderson K.,Lopez F.,82,63.0,1.44,2.62,1.41,3.14,1.49,3.2
2021-02-02,Murray River Open,2nd Round,Hard,Evans D.,Sousa P.,33,108.0,1.14,5.5,1.17,5.71,1.19,5.85
2021-02-02,Murray River Open,2nd Round,Hard,Giron M.,Mannarino A.,73,35.0,2.1,1.66,2.2,1.74,2.25,1.85
2021-02-02,Murray River Open,1st Round,Hard,Harris A.,Daniel T.,232,117.0,3.25,1.33,3.11,1.41,3.25,1.43
2021-02-02,Murray River Open,1st Round,Hard,Kyrgios N.,Muller A.,47,209.0,1.11,6.5,1.15,6.22,1.17,6.5
2021-02-02,Murray River Open,1st Round,Hard,Ruusuvuori E.,Troicki V.,86,202.0,1.28,3.5,1.31,3.75,1.33,3.75
2021-02-02,Murray River Open,1st Round,Hard,Simon G.,Ymer E.,64,204.0,1.36,3.0,1.47,2.86,1.48,3.0
2021-02-02,Murray River Open,1st Round,Hard,Giron M.,Mmoh M.,73,177.0,2.1,1.66,2.2,1.74,2.25,1.85
2021-02-02,Murray River Open,1st Round,Hard,Duckworth J.,Machac T.,105,197.0,2.37,1.53,2.52,1.58,2.65,1.67
2021-02-02,Murray River Open,1st Round,Hard,Kukushkin M.,Londero J.I.,90,81.0,1.44,2.62,1.49,2.79,1.67,2.8
2021-02-02,Murray River Open,1st Round,Hard,Popyrin A.,Gojo B.,114,226.0,1.61,2.2,1.68,2.31,1.69,2.38
2021-02-02,Murray River Open,1st Round,Hard,Sugita Y.,Halys Q.,104,206.0,2.25,1.57,2.45,1.61,3.75,1.73
2021-02-02,Murray River Open,1st Round,Hard,Vesely J.,Ferreira Silva F.,69,184.0,1.44,2.62,1.54,2.62,1.56,2.65
2021-02-02,Murray River Open,2nd Round,Hard,Berankis R.,Kubler J.,72,265.0,1.44,2.62,1.56,2.57,1.56,2.8
2021-02-02,Murray River Open,2nd Round,Hard,Gerasimov E.,Fucsovics M.,78,55.0,2.5,1.5,2.48,1.6,2.6,1.6
2021-02-02,Great Ocean Road Open,1st Round,Hard,Van De Zandschulp B.,Schoolkate T.,159,844.0,1.33,3.25,1.39,3.23,1.4,3.3
2021-02-02,Great Ocean Road Open,1st Round,Hard,Stebe C.M.,Dellien H.,128,112.0,1.2,4.33,1.25,4.35,1.28,4.45
2021-02-02,Great Ocean Road Open,1st Round,Hard,Stakhovsky S.,Safiullin R.,201,182.0,3.0,1.36,3.03,1.43,3.03,1.5
2021-02-02,Great Ocean Road Open,1st Round,Hard,Vilella Martinez M.,Hanfmann Y.,188,101.0,2.37,1.53,2.69,1.52,2.75,1.56
2021-02-02,Great Ocean Road Open,1st Round,Hard,Ebden M.,Delbonis F.,320,77.0,,,,,2.75,1.5
2021-02-02,Great Ocean Road Open,1st Round,Hard,Torpegaard M.,Martinez P.,193,87.0,2.25,1.57,2.39,1.64,2.45,1.65
2021-02-02,Great Ocean Road Open,1st Round,Hard,Querrey S.,Laaksonen H.,51,136.0,1.5,2.5,1.53,2.66,1.58,2.66
2021-02-02,Great Ocean Road Open,1st Round,Hard,Haase R.,Coppejans K.,198,178.0,1.57,2.25,1.68,2.31,1.69,2.42
2021-02-02,Great Ocean Road Open,1st Round,Hard,Thompson J.,Mager G.,52,96.0,1.4,2.75,1.41,3.13,1.42,3.38
2021-02-02,Great Ocean Road Open,1st Round,Hard,Alcaraz C.,Balazs A.,146,94.0,1.22,4.0,1.3,3.81,1.31,4.2
2021-02-02,Great Ocean Road Open,1st Round,Hard,Sweeny D.,Nam J.S.,797,273.0,2.25,1.57,2.07,1.83,2.33,1.83
2021-02-02,Great Ocean Road Open,1st Round,Hard,Cuevas P.,Andujar P.,70,59.0,2.1,1.66,2.25,1.71,2.25,1.8
2021-02-02,Great Ocean Road Open,1st Round,Hard,Herbert P.H.,Cressy M.,84,171.0,1.44,2.62,1.45,2.93,1.53,2.93
2021-02-02,Great Ocean Road Open,1st Round,Hard,Monteiro T.,Fancutt T.,83,562.0,1.14,5.5,1.16,5.92,1.17,6.25
2021-02-02,Great Ocean Road Open,1st Round,Hard,Sandgren T.,Smith J.P.,50,318.0,1.53,2.37,1.7,2.27,1.8,2.45
2021-02-03,Murray River Open,2nd Round,Hard,Popyrin A.,Paul T.,114,53.0,2.75,1.4,2.62,1.54,3.0,1.56
2021-02-03,Murray River Open,2nd Round,Hard,Wawrinka S.,Kukushkin M.,18,90.0,1.3,3.4,1.39,3.24,1.4,3.75
2021-02-03,Murray River Open,2nd Round,Hard,Duckworth J.,Humbert U.,105,32.0,3.25,1.33,3.67,1.32,3.75,1.39
2021-02-03,Murray River Open,2nd Round,Hard,Vesely J.,Ruud C.,69,27.0,2.0,1.72,2.14,1.78,2.2,1.84
2021-02-03,Murray River Open,2nd Round,Hard,Chardy J.,Simon G.,66,64.0,1.83,1.83,2.06,1.84,2.08,1.95
2021-02-03,Murray River Open,2nd Round,Hard,Coric B.,Ruusuvuori E.,25,86.0,1.66,2.1,1.63,2.41,1.76,2.45
2021-02-03,Murray River Open,2nd Round,Hard,Kyrgios N.,Bourchier H.,47,324.0,1.12,6.0,1.16,6.09,1.16,7.0
2021-02-03,Murray River Open,2nd Round,Hard,Auger-Aliassime F.,Sugita Y.,21,104.0,1.16,5.0,1.15,6.16,1.18,6.5
2021-02-03,Murray River Open,2nd Round,Hard,Fritz T.,Coria F.,30,92.0,1.14,5.5,1.15,6.38,1.16,6.75
2021-02-03,Murray River Open,2nd Round,Hard,Dimitrov G.,Harris A.,19,232.0,1.14,5.5,1.18,5.41,1.19,6.0
2021-02-03,Great Ocean Road Open,2nd Round,Hard,Khachanov K.,Purcell M.,20,238.0,1.14,5.5,1.15,6.16,1.17,6.25
2021-02-03,Murray River Open,2nd Round,Hard,Moutet C.,Ramos-Vinolas A.,80,46.0,1.44,2.62,1.53,2.68,1.54,2.75
2021-02-03,Murray River Open,2nd Round,Hard,Bolt A.,Mcdonald M.,174,194.0,3.0,1.36,3.29,1.38,3.4,1.4
2021-02-03,Great Ocean Road Open,2nd Round,Hard,Sinner J.,Vukic A.,36,195.0,1.14,5.5,1.16,6.12,1.16,8.1
2021-02-03,Great Ocean Road Open,2nd Round,Hard,Alcaraz C.,Goffin D.,146,14.0,3.25,1.33,3.55,1.34,3.65,1.5
2021-02-03,Great Ocean Road Open,2nd Round,Hard,Bedene A.,Sweeny D.,58,797.0,1.14,5.5,1.13,6.91,1.18,6.91
2021-02-03,Great Ocean Road Open,2nd Round,Hard,Caruso S.,Sandgren T.,76,50.0,1.8,1.9,1.85,2.05,1.89,2.22
2021-02-03,Great Ocean Road Open,2nd Round,Hard,Vilella Martinez M.,Basilashvili N.,188,39.0,2.25,1.57,2.14,1.78,2.37,1.78
2021-02-03,Great Ocean Road Open,2nd Round,Hard,Bublik A.,O Connell C.,45,121.0,1.5,2.5,1.53,2.65,1.57,2.7
2021-02-03,Great Ocean Road Open,2nd Round,Hard,Opelka R.,Stakhovsky S.,40,201.0,1.33,3.25,1.34,3.54,1.36,3.6
2021-02-03,Great Ocean Road Open,2nd Round,Hard,Van De Zandschulp B.,Majchrzak K.,159,109.0,2.0,1.72,2.26,1.7,2.3,1.77
2021-02-03,Great Ocean Road Open,2nd Round,Hard,Monteiro T.,Ebden M.,83,320.0,1.53,2.37,1.66,2.35,1.71,2.88
2021-02-03,Great Ocean Road Open,2nd Round,Hard,Anderson K.,Stebe C.M.,82,128.0,1.2,4.33,1.22,4.79,1.26,4.8
2021-02-03,Great Ocean Road Open,2nd Round,Hard,Cuevas P.,Haase R.,70,198.0,2.2,1.61,2.22,1.73,2.4,1.73
2021-02-03,Great Ocean Road Open,2nd Round,Hard,Travaglia S.,Querrey S.,71,51.0,2.1,1.66,2.22,1.73,2.4,1.77
2021-02-03,Great Ocean Road Open,2nd Round,Hard,Kecmanovic M.,Kwon S.W.,42,97.0,1.53,2.37,1.67,2.32,1.69,2.4
2021-02-03,Great Ocean Road Open,2nd Round,Hard,Hurkacz H.,Torpegaard M.,29,193.0,1.22,4.0,1.27,4.17,1.29,4.33
2021-02-03,Great Ocean Road Open,2nd Round,Hard,Thompson J.,Herbert P.H.,52,84.0,1.57,2.25,1.67,2.33,1.74,2.4
2021-02-04,Great Ocean Road Open,3rd Round,Hard,Monteiro T.,Alcaraz C.,83,146.0,3.2,1.36,3.26,1.39,3.44,1.51
2021-02-04,Great Ocean Road Open,3rd Round,Hard,Thompson J.,Vilella Martinez M.,52,188.0,1.3,3.5,1.39,3.29,1.39,3.5
2021-02-04,Great Ocean Road Open,3rd Round,Hard,Khachanov K.,Anderson K.,20,82.0,2.3,1.61,2.41,1.64,2.57,1.73
2021-02-04,Great Ocean Road Open,3rd Round,Hard,Sinner J.,Bedene A.,36,58.0,1.25,4.0,1.3,3.95,1.32,4.2
2021-02-04,Great Ocean Road Open,3rd Round,Hard,Van De Zandschulp B.,Opelka R.,159,40.0,3.0,1.4,2.76,1.51,3.1,1.51
2021-02-04,Great Ocean Road Open,3rd Round,Hard,Kecmanovic M.,Caruso S.,42,76.0,1.44,2.75,1.46,2.96,1.53,2.96
2021-02-04,Great Ocean Road Open,3rd Round,Hard,Travaglia S.,Bublik A.,71,45.0,2.2,1.66,2.24,1.73,2.45,1.73
2021-02-05,Murray River Open,3rd Round,Hard,Evans D.,Giron M.,33,73.0,1.53,2.5,1.57,2.58,1.58,2.64
2021-02-05,Murray River Open,3rd Round,Hard,Dimitrov G.,Popyrin A.,19,114.0,1.4,3.0,1.37,3.41,1.43,3.45
2021-02-05,Murray River Open,3rd Round,Hard,Chardy J.,Fritz T.,66,30.0,2.37,1.57,2.36,1.67,2.5,1.71
2021-02-05,Murray River Open,3rd Round,Hard,Moutet C.,Duckworth J.,80,105.0,1.72,2.1,1.78,2.16,1.8,2.2
2021-02-05,Murray River Open,3rd Round,Hard,Vesely J.,Berankis R.,69,72.0,2.0,1.8,2.12,1.81,2.15,1.88
2021-02-05,Murray River Open,3rd Round,Hard,Auger-Aliassime F.,Gerasimov E.,21,78.0,1.36,3.2,1.41,3.16,1.42,3.25
2021-02-05,Murray River Open,3rd Round,Hard,Coric B.,Kyrgios N.,25,47.0,1.72,2.1,1.8,2.13,1.87,2.21
2021-02-05,Murray River Open,3rd Round,Hard,Wawrinka S.,Bolt A.,18,174.0,1.3,3.5,1.32,3.72,1.34,3.9
2021-02-05,Great Ocean Road Open,Quarterfinals,Hard,Monteiro T.,Thompson J.,83,52.0,2.75,1.44,2.59,1.56,2.75,1.57
2021-02-05,Great Ocean Road Open,Quarterfinals,Hard,Sinner J.,Kecmanovic M.,36,42.0,1.28,3.75,1.2,5.09,1.33,5.09
2021-02-05,Great Ocean Road Open,Quarterfinals,Hard,Khachanov K.,Van De Zandschulp B.,20,159.0,1.3,3.5,1.33,3.62,1.34,4.0
2021-02-05,Great Ocean Road Open,Quarterfinals,Hard,Travaglia S.,Hurkacz H.,71,29.0,3.0,1.4,3.08,1.42,3.08,1.44
2021-02-05,Murray River Open,Quarterfinals,Hard,Moutet C.,Dimitrov G.,80,19.0,,,2.6,1.55,5.0,1.55
2021-02-05,Murray River Open,Quarterfinals,Hard,Auger-Aliassime F.,Vesely J.,21,69.0,1.5,2.62,1.54,2.62,1.57,2.88
2021-02-05,Murray River Open,Quarterfinals,Hard,Evans D.,Coric B.,33,25.0,2.62,1.5,2.81,1.49,2.95,1.54
2021-02-05,Great Ocean Road Open,3rd Round,Hard,Hurkacz H.,Cuevas P.,29,70.0,1.22,4.33,1.25,4.51,1.27,4.65
2021-02-05,Murray River Open,Quarterfinals,Hard,Chardy J.,Wawrinka S.,66,18.0,1.9,1.9,1.86,2.03,2.01,2.03
2021-02-06,Murray River Open,Semifinals,Hard,Evans D.,Chardy J.,33,66.0,1.72,2.1,1.75,2.2,1.8,2.25
2021-02-06,Murray River Open,Semifinals,Hard,Auger-Aliassime F.,Moutet C.,21,80.0,1.4,3.0,1.38,3.31,1.43,3.31
2021-02-06,Great Ocean Road Open,Semifinals,Hard,Sinner J.,Khachanov K.,36,20.0,1.44,2.75,1.41,3.15,1.49,3.25
2021-02-06,Great Ocean Road Open,Semifinals,Hard,Travaglia S.,Monteiro T.,71,83.0,1.72,2.1,1.79,2.14,1.83,2.2
2021-02-07,Great Ocean Road Open,The Final,Hard,Sinner J.,Travaglia S.,36,71.0,1.25,4.0,1.22,4.88,1.27,4.88
2021-02-07,Murray River Open,The Final,Hard,Evans D.,Auger-Aliassime F.,33,21.0,2.2,1.66,2.35,1.67,2.4,1.7
2021-02-08,Australian Open,1st Round,Hard,Humbert U.,Uchiyama Y.,34,106.0,1.14,5.5,1.16,6.25,1.17,6.5
2021-02-08,Australian Open,1st Round,Hard,Muller A.,Londero J.I.,210,83.0,1.8,2.0,1.89,2.0,1.91,2.05
2021-02-08,Australian Open,1st Round,Hard,Carreno Busta P.,Nishikori K.,16,42.0,1.33,3.4,1.3,3.92,1.35,3.95
2021-02-08,Australian Open,1st Round,Hard,Dimitrov G.,Cilic M.,21,43.0,1.5,2.62,1.6,2.51,1.6,2.67
2021-02-08,Australian Open,1st Round,Hard,Koepfer D.,Dellien H.,70,112.0,1.22,4.33,1.26,4.3,1.26,5.3
2021-02-08,Australian Open,1st Round,Hard,Lajovic D.,Stakhovsky S.,27,200.0,1.36,3.2,1.4,3.24,1.4,3.46
2021-02-08,Australian Open,1st Round,Hard,Schwartzman D.,Ymer E.,9,205.0,1.04,13.0,1.05,14.13,1.06,18.0
2021-02-08,Australian Open,1st Round,Hard,Vesely J.,Coppejans K.,68,178.0,1.25,4.0,1.29,3.97,1.32,4.35
2021-02-08,Australian Open,1st Round,Hard,Tomic B.,Sugita Y.,233,104.0,2.2,1.66,2.1,1.83,2.25,1.83
2021-02-08,Australian Open,1st Round,Hard,Kyrgios N.,Ferreira Silva F.,47,185.0,1.14,5.5,1.15,6.35,1.17,6.35
2021-02-08,Australian Open,1st Round,Hard,Cressy M.,Daniel T.,172,118.0,2.1,1.72,2.27,1.71,2.3,1.8
2021-02-08,Australian Open,1st Round,Hard,Djokovic N.,Chardy J.,1,61.0,1.01,26.0,1.01,31.6,1.02,67.0
2021-02-08,Australian Open,1st Round,Hard,Shapovalov D.,Sinner J.,12,32.0,1.5,2.62,1.48,2.86,1.53,2.9
2021-02-08,Australian Open,1st Round,Hard,Auger-Aliassime F.,Stebe C.M.,19,129.0,1.12,6.0,1.18,5.74,1.23,6.59
2021-02-08,Australian Open,1st Round,Hard,Duckworth J.,Dzumhur D.,105,120.0,1.36,3.2,1.45,2.98,1.45,3.25
2021-02-08,Australian Open,1st Round,Hard,Tiafoe F.,Travaglia S.,64,60.0,1.28,3.75,1.33,3.66,1.33,3.8
2021-02-08,Australian Open,1st Round,Hard,Bublik A.,Bedene A.,45,57.0,2.0,1.8,1.99,1.92,2.05,2.05
2021-02-08,Australian Open,1st Round,Hard,Gerasimov E.,Paire B.,79,29.0,1.16,5.0,1.19,5.44,1.19,8.0
2021-02-08,Australian Open,1st Round,Hard,Mannarino A.,Novak D.,36,98.0,1.66,2.2,1.66,2.37,1.83,2.37
2021-02-08,Australian Open,1st Round,Hard,Ruusuvuori E.,Monfils G.,86,11.0,1.61,2.3,1.56,2.59,1.78,2.6
2021-02-08,Australian Open,1st Round,Hard,Moutet C.,Millman J.,71,39.0,3.0,1.4,2.88,1.48,3.05,1.5
2021-02-08,Australian Open,1st Round,Hard,Opelka R.,Lu Y.,38,1009.0,1.06,10.0,1.05,14.72,1.07,15.0
2021-02-08,Australian Open,1st Round,Hard,Wawrinka S.,Sousa P.,18,107.0,1.08,8.0,1.09,9.33,1.1,11.25
2021-02-08,Australian Open,1st Round,Hard,Bolt A.,Gombos N.,166,89.0,1.66,2.2,1.88,2.02,1.94,2.4
2021-02-08,Australian Open,1st Round,Hard,Raonic M.,Coria F.,14,92.0,1.01,26.0,1.01,26.84,1.02,34.0
2021-02-08,Australian Open,1st Round,Hard,Fritz T.,Ramos-Vinolas A.,31,46.0,1.14,5.5,1.18,5.63,1.2,6.05
2021-02-08,Australian Open,1st Round,Hard,Fucsovics M.,Polmans M.,55,126.0,1.16,5.0,1.23,4.67,1.24,5.3
2021-02-08,Australian Open,1st Round,Hard,Thiem D.,Kukushkin M.,3,90.0,1.02,17.0,1.04,16.39,1.05,21.0
2021-02-08,Australian Open,1st Round,Hard,Karatsev A.,Mager G.,114,96.0,1.25,4.0,1.26,4.33,1.32,4.55
2021-02-08,Australian Open,1st Round,Hard,Kecmanovic M.,Majchrzak K.,41,109.0,1.44,2.75,1.49,2.85,1.49,3.1
2021-02-08,Australian Open,1st Round,Hard,Zverev A.,Giron M.,7,75.0,1.05,11.0,1.06,11.72,1.09,12.0
2021-02-08,Australian Open,1st Round,Hard,Martinez P.,Nishioka Y.,87,58.0,3.2,1.36,3.1,1.43,3.25,1.47
2021-02-09,Australian Open,1st Round,Hard,Paul T.,Basilashvili N.,53,40.0,1.2,4.5,1.25,4.48,1.27,4.75
2021-02-09,Australian Open,1st Round,Hard,Nadal R.,Djere L.,2,56.0,1.01,26.0,1.02,22.45,1.04,34.0
2021-02-09,Australian Open,1st Round,Hard,Caruso S.,Laaksonen H.,78,139.0,1.57,2.37,1.59,2.53,1.62,2.7
2021-02-09,Australian Open,1st Round,Hard,Mmoh M.,Troicki V.,177,202.0,1.66,2.2,1.61,2.47,1.7,2.48
2021-02-09,Australian Open,1st Round,Hard,De Minaur A.,Sandgren T.,23,51.0,1.12,6.0,1.13,7.16,1.15,8.3
2021-02-09,Australian Open,1st Round,Hard,Carballes Baena R.,Balazs A.,99,94.0,1.08,8.0,1.1,8.48,1.13,12.25
2021-02-09,Australian Open,1st Round,Hard,Norrie C.,Evans D.,69,26.0,3.0,1.4,3.05,1.43,3.44,1.43
2021-02-09,Australian Open,1st Round,Hard,Ruud C.,Thompson J.,28,49.0,1.8,2.0,1.81,2.12,1.91,2.12
2021-02-09,Australian Open,1st Round,Hard,Fognini F.,Herbert P.H.,17,84.0,1.72,2.1,1.78,2.16,1.78,2.38
2021-02-09,Australian Open,1st Round,Hard,Kokkinakis T.,Kwon S.W.,267,97.0,1.72,2.1,1.68,2.33,1.77,2.35
2021-02-09,Australian Open,1st Round,Hard,Berrettini M.,Anderson K.,10,81.0,1.33,3.4,1.42,3.13,1.42,3.56
2021-02-09,Australian Open,1st Round,Hard,Safiullin R.,Ivashka I.,183,110.0,1.57,2.37,1.67,2.36,1.7,2.47
2021-02-09,Australian Open,1st Round,Hard,Tsitsipas S.,Simon G.,6,66.0,1.06,10.0,1.05,13.34,1.08,15.0
2021-02-09,Australian Open,1st Round,Hard,Sonego L.,Querrey S.,35,52.0,1.8,2.0,1.9,2.0,1.92,2.15
2021-02-09,Australian Open,1st Round,Hard,Machac T.,Vilella Martinez M.,199,181.0,1.44,2.75,1.46,2.94,1.53,2.94
2021-02-09,Australian Open,1st Round,Hard,Lopez F.,Tu L.,65,,1.33,3.4,1.34,3.63,1.37,3.71
2021-02-09,Australian Open,1st Round,Hard,Khachanov K.,Vukic A.,20,196.0,1.1,7.0,1.13,7.15,1.13,8.67
2021-02-09,Australian Open,1st Round,Hard,Berankis R.,Nagal S.,73,144.0,1.12,6.0,1.13,7.14,1.16,7.7
2021-02-09,Australian Open,1st Round,Hard,Medvedev D.,Pospisil V.,4,63.0,1.04,13.0,1.06,12.78,1.06,14.75
2021-02-09,Australian Open,1st Round,Hard,Harris L.,Torpegaard M.,91,188.0,1.36,3.2,1.41,3.15,1.45,3.26
2021-02-09,Australian Open,1st Round,Hard,Mcdonald M.,Cecchinato M.,192,82.0,1.36,3.2,1.38,3.35,1.4,3.4
2021-02-09,Australian Open,1st Round,Hard,Monteiro T.,Martin A.,74,103.0,1.22,4.33,1.25,4.42,1.25,4.9
2021-02-09,Australian Open,1st Round,Hard,Coric B.,Pella G.,25,44.0,1.12,6.0,1.2,5.29,1.2,6.59
2021-02-09,Australian Open,1st Round,Hard,Alcaraz C.,Van De Zandschulp B.,141,151.0,1.66,2.2,1.75,2.21,1.8,2.25
2021-02-09,Australian Open,1st Round,Hard,Ymer M.,Hurkacz H.,95,30.0,4.33,1.22,5.61,1.18,6.4,1.24
2021-02-09,Australian Open,1st Round,Hard,O Connell C.,Struff J.L.,121,37.0,4.5,1.2,4.3,1.26,4.73,1.26
2021-02-09,Australian Open,1st Round,Hard,Popyrin A.,Goffin D.,113,15.0,3.0,1.4,2.99,1.45,3.27,1.45
2021-02-09,Australian Open,1st Round,Hard,Albot R.,Bautista Agut R.,85,13.0,11.0,1.05,11.37,1.07,21.0,1.07
2021-02-09,Australian Open,1st Round,Hard,Cuevas P.,Seppi A.,72,108.0,1.66,2.2,1.77,2.18,1.77,2.4
2021-02-09,Australian Open,1st Round,Hard,Krajinovic F.,Haase R.,33,197.0,1.22,4.33,1.23,4.71,1.24,4.85
2021-02-09,Australian Open,1st Round,Hard,Andujar P.,Halys Q.,59,207.0,3.0,1.4,2.71,1.52,3.16,1.52
2021-02-09,Australian Open,1st Round,Hard,Rublev A.,Hanfmann Y.,8,102.0,1.01,23.0,1.01,28.1,1.02,28.1
2021-02-10,Australian Open,2nd Round,Hard,Dimitrov G.,Bolt A.,21,166.0,1.22,4.33,1.2,5.3,1.27,5.5
2021-02-10,Australian Open,2nd Round,Hard,Fritz T.,Opelka R.,31,38.0,1.66,2.2,1.77,2.18,1.77,2.25
2021-02-10,Australian Open,2nd Round,Hard,Zverev A.,Cressy M.,7,172.0,1.08,8.0,1.06,12.02,1.08,12.02
2021-02-10,Australian Open,2nd Round,Hard,Kyrgios N.,Humbert U.,47,34.0,1.8,2.0,1.78,2.16,1.92,2.19
2021-02-10,Australian Open,2nd Round,Hard,Carreno Busta P.,Vesely J.,16,68.0,1.22,4.33,1.22,4.92,1.24,5.5
2021-02-10,Australian Open,2nd Round,Hard,Mannarino A.,Kecmanovic M.,36,41.0,2.1,1.72,2.39,1.65,2.39,1.77
2021-02-10,Australian Open,2nd Round,Hard,Shapovalov D.,Tomic B.,12,233.0,1.07,9.0,1.08,10.06,1.1,10.06
2021-02-10,Australian Open,2nd Round,Hard,Lajovic D.,Bublik A.,27,45.0,2.75,1.44,3.18,1.41,3.26,1.48
2021-02-10,Australian Open,2nd Round,Hard,Schwartzman D.,Muller A.,9,210.0,1.08,8.0,1.09,9.69,1.14,11.75
2021-02-10,Australian Open,2nd Round,Hard,Djokovic N.,Tiafoe F.,1,64.0,29.0,0.967,1.02,24.5,1.02,29.0
2021-02-10,Australian Open,2nd Round,Hard,Raonic M.,Moutet C.,14,71.0,1.12,6.0,1.14,6.76,1.17,7.0
2021-02-10,Australian Open,2nd Round,Hard,Auger-Aliassime F.,Duckworth J.,19,105.0,1.2,4.5,1.24,4.57,1.25,5.0
2021-02-10,Australian Open,2nd Round,Hard,Martinez P.,Ruusuvuori E.,87,86.0,3.0,1.4,3.26,1.39,3.26,1.47
2021-02-10,Australian Open,2nd Round,Hard,Fucsovics M.,Wawrinka S.,55,18.0,3.0,1.4,2.95,1.46,3.2,1.48
2021-02-10,Australian Open,2nd Round,Hard,Karatsev A.,Gerasimov E.,114,79.0,1.53,2.5,1.69,2.3,1.69,2.55
2021-02-10,Australian Open,2nd Round,Hard,Thiem D.,Koepfer D.,3,70.0,1.06,10.0,1.04,14.88,1.08,15.0
2021-02-11,Australian Open,2nd Round,Hard,Mcdonald M.,Coric B.,192,25.0,4.5,1.2,4.93,1.22,5.35,1.22
2021-02-11,Australian Open,2nd Round,Hard,Nadal R.,Mmoh M.,2,177.0,1.01,23.0,1.02,22.58,1.02,29.0
2021-02-11,Australian Open,2nd Round,Hard,Medvedev D.,Carballes Baena R.,4,99.0,1.005,29.0,1.01,29.43,1.03,41.0
2021-02-11,Australian Open,2nd Round,Hard,De Minaur A.,Cuevas P.,23,72.0,1.08,8.0,1.07,10.7,1.09,10.7
2021-02-11,Australian Open,2nd Round,Hard,Norrie C.,Safiullin R.,69,183.0,1.36,3.2,1.38,3.33,1.46,3.38
2021-02-11,Australian Open,2nd Round,Hard,Fognini F.,Caruso S.,17,78.0,1.4,3.0,1.49,2.82,1.49,3.21
2021-02-11,Australian Open,2nd Round,Hard,Albot R.,O Connell C.,85,121.0,2.5,1.53,2.48,1.61,2.55,1.63
2021-02-11,Australian Open,2nd Round,Hard,Berrettini M.,Machac T.,10,199.0,1.05,11.0,1.07,10.94,1.09,12.0
2021-02-11,Australian Open,2nd Round,Hard,Lopez F.,Sonego L.,65,35.0,4.0,1.25,4.1,1.28,4.33,1.32
2021-02-11,Australian Open,2nd Round,Hard,Krajinovic F.,Andujar P.,33,59.0,1.12,6.0,1.14,6.69,1.15,7.3
2021-02-11,Australian Open,2nd Round,Hard,Khachanov K.,Berankis R.,20,73.0,1.25,4.0,1.31,3.79,1.31,4.15
2021-02-11,Australian Open,2nd Round,Hard,Ruud C.,Paul T.,28,53.0,1.72,2.1,1.78,2.16,1.8,2.25
2021-02-11,Australian Open,2nd Round,Hard,Ymer M.,Alcaraz C.,95,141.0,2.62,1.5,2.58,1.57,2.67,1.57
2021-02-11,Australian Open,2nd Round,Hard,Harris L.,Popyrin A.,91,113.0,1.61,2.3,1.71,2.27,1.71,2.38
2021-02-11,Australian Open,2nd Round,Hard,Rublev A.,Monteiro T.,8,74.0,1.04,13.0,1.06,13.05,1.07,16.0
2021-02-11,Australian Open,2nd Round,Hard,Tsitsipas S.,Kokkinakis T.,6,267.0,1.08,8.0,1.11,8.27,1.13,8.73
2021-02-12,Australian Open,3rd Round,Hard,Djokovic N.,Fritz T.,1,31.0,1.01,21.0,1.01,27.5,1.03,34.0
2021-02-12,Australian Open,3rd Round,Hard,Thiem D.,Kyrgios N.,3,47.0,1.28,3.75,1.27,4.22,1.3,4.33
2021-02-12,Australian Open,3rd Round,Hard,Auger-Aliassime F.,Shapovalov D.,19,12.0,2.75,1.44,2.57,1.57,3.06,1.57
2021-02-12,Australian Open,3rd Round,Hard,Raonic M.,Fucsovics M.,14,55.0,1.14,5.5,1.13,7.08,1.17,7.08
2021-02-12,Australian Open,3rd Round,Hard,Lajovic D.,Martinez P.,27,87.0,1.72,2.1,1.81,2.12,1.83,2.28
2021-02-12,Australian Open,3rd Round,Hard,Zverev A.,Mannarino A.,7,36.0,1.14,5.5,1.16,6.05,1.17,7.0
2021-02-12,Australian Open,3rd Round,Hard,Dimitrov G.,Carreno Busta P.,21,16.0,1.72,2.1,1.85,2.06,1.87,2.28
2021-02-12,Australian Open,3rd Round,Hard,Karatsev A.,Schwartzman D.,114,9.0,3.4,1.33,3.61,1.34,3.65,1.41
2021-02-13,Australian Open,3rd Round,Hard,Berrettini M.,Khachanov K.,10,20.0,1.4,3.0,1.43,3.05,1.48,3.3
2021-02-13,Australian Open,3rd Round,Hard,Nadal R.,Norrie C.,2,69.0,1.02,19.0,1.03,17.95,1.04,26.0
2021-02-13,Australian Open,3rd Round,Hard,Fognini F.,De Minaur A.,17,23.0,5.5,1.14,5.99,1.17,7.13,1.19
2021-02-13,Australian Open,3rd Round,Hard,Rublev A.,Lopez F.,8,65.0,1.02,19.0,1.03,17.33,1.04,19.1
2021-02-13,Australian Open,3rd Round,Hard,Tsitsipas S.,Ymer M.,6,95.0,1.03,15.0,1.04,15.32,1.06,16.25
2021-02-13,Australian Open,3rd Round,Hard,Medvedev D.,Krajinovic F.,4,33.0,1.05,11.0,1.06,12.78,1.07,13.5
2021-02-13,Australian Open,3rd Round,Hard,Mcdonald M.,Harris L.,192,91.0,2.2,1.66,2.1,1.83,2.21,1.87
2021-02-13,Australian Open,3rd Round,Hard,Ruud C.,Albot R.,28,85.0,1.33,3.4,1.32,3.72,1.35,3.72
2021-02-14,Australian Open,4th Round,Hard,Karatsev A.,Auger-Aliassime F.,114,19.0,2.5,1.53,2.77,1.52,2.85,1.6
2021-02-14,Australian Open,4th Round,Hard,Dimitrov G.,Thiem D.,21,3.0,3.4,1.33,3.59,1.35,3.98,1.36
2021-02-14,Australian Open,4th Round,Hard,Zverev A.,Lajovic D.,7,27.0,1.06,10.0,1.07,11.65,1.08,13.7
2021-02-14,Australian Open,4th Round,Hard,Djokovic N.,Raonic M.,1,14.0,1.44,2.75,1.51,2.81,1.52,2.97
2021-02-15,Australian Open,4th Round,Hard,Tsitsipas S.,Berrettini M.,6,10.0,1.25,4.0,1.29,4.08,1.3,4.2
2021-02-15,Australian Open,4th Round,Hard,Nadal R.,Fognini F.,2,17.0,1.16,5.0,1.16,6.47,1.21,6.47
2021-02-15,Australian Open,4th Round,Hard,Rublev A.,Ruud C.,8,28.0,1.08,8.0,1.12,8.05,1.12,8.9
2021-02-15,Australian Open,4th Round,Hard,Medvedev D.,Mcdonald M.,4,192.0,1.03,15.0,1.05,14.03,1.06,16.0
2021-02-16,Australian Open,Quarterfinals,Hard,Karatsev A.,Dimitrov G.,114,21.0,3.5,1.3,3.6,1.35,3.75,1.38
2021-02-16,Australian Open,Quarterfinals,Hard,Djokovic N.,Zverev A.,1,7.0,1.57,2.37,1.68,2.33,1.69,2.61
2021-02-17,Australian Open,Quarterfinals,Hard,Medvedev D.,Rublev A.,4,8.0,1.44,2.75,1.46,2.93,1.48,3.32
2021-02-17,Australian Open,Quarterfinals,Hard,Tsitsipas S.,Nadal R.,6,2.0,2.75,1.44,2.97,1.45,3.2,1.48
2021-02-18,Australian Open,Semifinals,Hard,Djokovic N.,Karatsev A.,1,114.0,1.07,9.0,1.08,10.24,1.11,10.5
2021-02-19,Australian Open,Semifinals,Hard,Medvedev D.,Tsitsipas S.,4,6.0,1.4,3.0,1.46,2.93,1.46,3.3
2021-02-21,Australian Open,The Final,Hard,Djokovic N.,Medvedev D.,1,4.0,1.83,2.0,1.83,2.09,1.97,2.1
2021-02-22,Cordoba Open,1st Round,Clay,Kovalik J.,Galan D.E.,128,116.0,2.0,1.72,2.15,1.78,2.31,1.83
2021-02-22,Singapore Open,1st Round,Hard,Nishioka Y.,Mmoh M.,61,178.0,1.61,2.2,1.74,2.2,1.74,2.35
2021-02-22,Singapore Open,1st Round,Hard,Popyrin A.,Eubanks C.,114,240.0,1.5,2.5,1.53,2.67,1.54,2.76
2021-02-22,Singapore Open,1st Round,Hard,Andreev A.,Harris L.,423,82.0,4.33,1.2,4.43,1.25,5.25,1.25
2021-02-22,Singapore Open,1st Round,Hard,Cressy M.,Jung J.,156,143.0,1.44,2.62,1.51,2.72,1.57,2.9
2021-02-22,Singapore Open,1st Round,Hard,Daniel T.,Ramanathan R.,120,200.0,1.4,2.75,1.46,2.9,1.48,3.0
2021-02-22,Open Sud de France,1st Round,Hard,Humbert U.,Gombos N.,32,93.0,1.18,4.5,1.21,4.9,1.22,5.45
2021-02-22,Open Sud de France,1st Round,Hard,Sonego L.,Gaston H.,36,162.0,1.4,2.75,1.46,2.91,1.47,3.0
2021-02-22,Open Sud de France,1st Round,Hard,Korda S.,Tsonga J.W.,92,66.0,1.4,2.75,1.41,3.13,1.48,3.44
2021-02-22,Cordoba Open,1st Round,Clay,Jarry N.,Munar J.,1165,104.0,3.75,1.25,3.58,1.33,3.87,1.34
2021-02-23,Open Sud de France,1st Round,Hard,Griekspoor T.,Giron M.,160,78.0,2.5,1.5,2.38,1.64,2.6,1.64
2021-02-23,Open Sud de France,1st Round,Hard,Gojowczyk P.,Struff J.L.,144,37.0,3.0,1.36,3.28,1.38,3.35,1.42
2021-02-23,Open Sud de France,1st Round,Hard,Bonzi B.,Pouille L.,125,79.0,1.57,2.25,1.67,2.32,1.71,2.45
2021-02-23,Open Sud de France,1st Round,Hard,Vesely J.,Ymer M.,69,91.0,1.83,1.83,1.88,2.01,2.0,2.01
2021-02-23,Open Sud de France,1st Round,Hard,Novak D.,Simon G.,102,68.0,2.25,1.57,2.33,1.67,2.38,1.74
2021-02-23,Open Sud de France,1st Round,Hard,Gerasimov E.,Murray A.,83,121.0,2.62,1.44,2.75,1.5,2.75,1.57
2021-02-23,Singapore Open,1st Round,Hard,Uchiyama Y.,Polmans M.,109,129.0,1.66,2.1,1.74,2.2,1.82,2.25
2021-02-23,Singapore Open,1st Round,Hard,Albot R.,Smith J.P.,76,306.0,1.36,3.0,1.49,2.81,1.5,3.6
2021-02-23,Singapore Open,1st Round,Hard,Hanfmann Y.,Duckworth J.,105,100.0,2.2,1.61,2.27,1.7,2.45,1.7
2021-02-23,Singapore Open,1st Round,Hard,Celikbilek A.,Mochizuki S.,302,639.0,1.33,3.25,1.36,3.4,1.34,3.8
2021-02-23,Cordoba Open,1st Round,Clay,Carballes Baena R.,Sousa J.,96,98.0,1.25,3.75,1.24,4.55,1.3,4.55
2021-02-23,Cordoba Open,1st Round,Clay,Cecchinato M.,Dellien H.,87,112.0,1.28,3.5,1.44,2.97,1.45,3.75
2021-02-23,Cordoba Open,1st Round,Clay,Coria F.,Koepfer D.,95,71.0,1.61,2.2,1.7,2.27,1.74,2.3
2021-02-23,Cordoba Open,1st Round,Clay,Cerundolo J.M.,Seyboth Wild T.,335,119.0,3.25,1.33,3.06,1.42,4.0,1.46
2021-02-23,Cordoba Open,1st Round,Clay,Bagnis F.,Kicker N.,130,,1.2,4.33,1.24,4.45,1.28,5.0
2021-02-23,Cordoba Open,1st Round,Clay,Etcheverry T.,Martin A.,234,101.0,1.72,2.0,1.69,2.28,1.91,2.28
2021-02-23,Cordoba Open,1st Round,Clay,Ramos-Vinolas A.,Londero J.I.,47,88.0,2.2,1.61,2.24,1.72,2.35,1.95
2021-02-23,Cordoba Open,1st Round,Clay,Cerundolo F.,Mager G.,135,99.0,1.5,2.5,1.61,2.45,1.67,2.73
2021-02-24,Open Sud de France,2nd Round,Hard,Humbert U.,Griekspoor T.,32,160.0,1.22,4.0,1.2,5.09,1.25,5.09
2021-02-24,Open Sud de France,2nd Round,Hard,Goffin D.,Bonzi B.,15,125.0,1.53,2.37,1.65,2.4,1.65,2.5
2021-02-24,Singapore Open,2nd Round,Hard,Bublik A.,Celikbilek A.,46,302.0,1.2,4.33,1.24,4.6,1.26,4.65
2021-02-24,Singapore Open,2nd Round,Hard,Nishioka Y.,Cressy M.,61,156.0,1.72,2.0,1.74,2.22,1.8,2.25
2021-02-24,Singapore Open,2nd Round,Hard,Cilic M.,Daniel T.,44,120.0,1.33,3.25,1.32,3.76,1.33,3.8
2021-02-24,Singapore Open,1st Round,Hard,Ebden M.,Bhambri Y.,316,,1.25,3.75,1.38,3.28,1.38,3.75
2021-02-24,Singapore Open,1st Round,Hard,Marcora R.,Gulbis E.,191,186.0,1.83,1.83,1.98,1.91,2.13,1.95
2021-02-24,Singapore Open,1st Round,Hard,Kwon S.W.,Kwiatkowski T.S.,81,219.0,1.36,3.0,1.36,3.37,1.44,3.37
2021-02-24,Singapore Open,2nd Round,Hard,Popyrin A.,Andreev A.,114,423.0,1.22,4.0,1.27,4.17,1.32,4.25
2021-02-24,Open Sud de France,2nd Round,Hard,Sonego L.,Korda S.,36,92.0,2.37,1.53,2.41,1.64,2.6,1.64
2021-02-24,Cordoba Open,1st Round,Clay,Delbonis F.,Sousa P.,84,108.0,1.53,2.37,1.52,2.71,1.7,2.8
2021-02-24,Open Sud de France,1st Round,Hard,Bedene A.,Sinner J.,60,34.0,4.5,1.18,5.2,1.19,5.2,1.25
2021-02-24,Cordoba Open,1st Round,Clay,Monteiro T.,Menezes J.,74,199.0,1.22,4.0,1.27,4.15,1.35,4.25
2021-02-24,Cordoba Open,2nd Round,Clay,Kovalik J.,Barrios M.,128,265.0,1.57,2.25,1.69,2.3,1.78,2.5
2021-02-24,Cordoba Open,2nd Round,Clay,Coria F.,Cerundolo F.,95,135.0,2.25,1.57,2.3,1.69,2.5,1.71
2021-02-24,Cordoba Open,2nd Round,Clay,Bagnis F.,Delbonis F.,130,84.0,2.0,1.72,2.24,1.73,2.31,1.8
2021-02-24,Open Sud de France,1st Round,Hard,Barrere G.,Basilashvili N.,113,40.0,1.53,2.37,1.64,2.39,1.71,2.9
2021-02-24,Open Sud de France,1st Round,Hard,Davidovich Fokina A.,Zapata Miralles B.,56,146.0,1.57,2.25,1.66,2.35,1.69,2.59
2021-02-25,Open Sud de France,2nd Round,Hard,Novak D.,Lajovic D.,102,27.0,1.83,1.83,2.1,1.82,2.5,1.95
2021-02-25,Singapore Open,2nd Round,Hard,Kwon S.W.,Uchiyama Y.,81,109.0,1.4,2.75,1.41,3.17,1.5,3.17
2021-02-25,Singapore Open,2nd Round,Hard,Mannarino A.,Marcora R.,35,191.0,1.18,4.5,1.23,4.77,1.25,5.3
2021-02-25,Singapore Open,2nd Round,Hard,Ebden M.,Millman J.,316,39.0,3.75,1.25,4.26,1.27,4.55,1.27
2021-02-25,Singapore Open,2nd Round,Hard,Albot R.,Hanfmann Y.,76,105.0,1.66,2.1,1.73,2.24,1.74,2.3
2021-02-25,Open Sud de France,2nd Round,Hard,Gerasimov E.,Bedene A.,83,60.0,2.0,1.72,2.14,1.79,2.2,1.83
2021-02-25,Open Sud de France,2nd Round,Hard,Gojowczyk P.,Vesely J.,144,69.0,2.62,1.44,2.53,1.59,2.71,1.61
2021-02-25,Open Sud de France,2nd Round,Hard,Davidovich Fokina A.,Hurkacz H.,56,30.0,2.2,1.61,2.32,1.68,2.32,1.74
2021-02-25,Cordoba Open,2nd Round,Clay,Monteiro T.,Carballes Baena R.,74,96.0,1.36,3.0,1.47,2.89,1.54,3.2
2021-02-25,Cordoba Open,2nd Round,Clay,Cerundolo J.M.,Kecmanovic M.,335,41.0,2.75,1.4,2.97,1.45,3.0,1.8
2021-02-25,Cordoba Open,2nd Round,Clay,Ramos-Vinolas A.,Etcheverry T.,47,234.0,1.53,2.37,1.61,2.49,1.65,2.5
2021-02-25,Cordoba Open,2nd Round,Clay,Paire B.,Jarry N.,29,1165.0,2.62,1.44,2.72,1.52,2.8,1.55
2021-02-25,Cordoba Open,2nd Round,Clay,Schwartzman D.,Cecchinato M.,9,87.0,1.3,3.4,1.36,3.48,1.36,3.72
2021-02-25,Open Sud de France,2nd Round,Hard,Bautista Agut R.,Barrere G.,13,113.0,1.28,3.5,1.38,3.34,1.38,3.85
2021-02-26,Singapore Open,Quarterfinals,Hard,Bublik A.,Nishioka Y.,46,61.0,1.72,2.1,1.71,2.27,2.05,2.32
2021-02-26,Singapore Open,Quarterfinals,Hard,Cilic M.,Kwon S.W.,44,81.0,1.8,2.0,1.88,2.04,1.94,2.1
2021-02-26,Singapore Open,Quarterfinals,Hard,Albot R.,Mannarino A.,76,35.0,2.75,1.44,3.06,1.43,3.06,1.48
2021-02-26,Singapore Open,Quarterfinals,Hard,Popyrin A.,Ebden M.,114,316.0,1.5,2.62,1.53,2.68,1.56,2.75
2021-02-26,Open Sud de France,Quarterfinals,Hard,Goffin D.,Sonego L.,15,36.0,2.1,1.72,1.96,1.94,2.25,1.94
2021-02-26,Open Sud de France,Quarterfinals,Hard,Gerasimov E.,Davidovich Fokina A.,83,56.0,2.0,1.8,2.13,1.8,2.2,1.95
2021-02-26,Cordoba Open,Quarterfinals,Clay,Bagnis F.,Kovalik J.,130,128.0,1.5,2.62,1.61,2.49,1.61,2.65
2021-02-26,Open Sud de France,Quarterfinals,Hard,Bautista Agut R.,Humbert U.,13,32.0,1.8,2.0,1.88,2.02,1.88,2.17
2021-02-26,Cordoba Open,Quarterfinals,Clay,Coria F.,Paire B.,95,29.0,1.8,2.0,1.74,2.22,1.87,2.22
2021-02-26,Cordoba Open,Quarterfinals,Clay,Ramos-Vinolas A.,Schwartzman D.,47,9.0,7.0,1.1,6.57,1.15,8.0,1.15
2021-02-26,Cordoba Open,Quarterfinals,Clay,Cerundolo J.M.,Monteiro T.,335,74.0,3.75,1.28,3.98,1.29,4.22,1.31
2021-02-26,Open Sud de France,Quarterfinals,Hard,Gojowczyk P.,Novak D.,144,102.0,2.0,1.8,2.05,1.86,2.2,1.89
2021-02-27,Open Sud de France,Semifinals,Hard,Goffin D.,Gerasimov E.,15,83.0,1.5,2.62,1.54,2.66,1.56,2.7
2021-02-27,Open Sud de France,Semifinals,Hard,Bautista Agut R.,Gojowczyk P.,13,144.0,1.2,4.5,1.19,5.4,1.2,5.75
2021-02-27,Cordoba Open,Semifinals,Clay,Cerundolo J.M.,Coria F.,335,95.0,2.75,1.44,2.89,1.47,2.97,1.67
2021-02-27,Singapore Open,Semifinals,Hard,Popyrin A.,Cilic M.,114,44.0,2.37,1.57,2.4,1.65,2.55,1.67
2021-02-27,Singapore Open,Semifinals,Hard,Bublik A.,Albot R.,46,76.0,1.44,2.75,1.46,2.95,1.48,3.0
2021-02-28,Open Sud de France,The Final,Hard,Goffin D.,Bautista Agut R.,15,13.0,3.0,1.4,2.95,1.46,3.15,1.46
2021-02-28,Cordoba Open,Semifinals,Clay,Ramos-Vinolas A.,Bagnis F.,47,130.0,1.8,2.0,1.93,1.98,1.93,2.38
2021-02-28,Singapore Open,The Final,Hard,Popyrin A.,Bublik A.,114,46.0,2.3,1.61,2.37,1.66,2.45,1.73
2021-02-28,Cordoba Open,The Final,Clay,Cerundolo J.M.,Ramos-Vinolas A.,335,47.0,2.62,1.5,2.64,1.55,2.88,1.56
2021-03-01,ABN AMRO World Tennis Tournament,1st Round,Hard,Fucsovics M.,Opelka R.,59,38.0,1.61,2.3,1.6,2.48,1.73,2.5
2021-03-01,ABN AMRO World Tennis Tournament,1st Round,Hard,Nishikori K.,Auger-Aliassime F.,45,19.0,3.4,1.33,3.35,1.37,3.47,1.4
2021-03-01,ABN AMRO World Tennis Tournament,1st Round,Hard,Murray A.,Haase R.,123,193.0,1.44,2.75,1.39,3.21,1.45,3.25
2021-03-01,ABN AMRO World Tennis Tournament,1st Round,Hard,Norrie C.,Basilashvili N.,65,40.0,1.18,4.5,1.18,5.47,1.24,5.75
2021-03-01,Argentina Open,1st Round,Clay,Koepfer D.,Tirante T.A.,71,386.0,1.61,2.3,1.68,2.3,1.71,2.47
2021-03-01,Argentina Open,1st Round,Clay,Djere L.,Cecchinato M.,60,89.0,2.0,1.8,2.1,1.81,2.2,1.83
2021-03-01,Argentina Open,1st Round,Clay,Monteiro T.,Carballes Baena R.,74,97.0,1.44,2.75,1.5,2.77,1.54,2.86
2021-03-01,Argentina Open,1st Round,Clay,Andujar P.,Londero J.I.,57,90.0,1.8,2.0,1.83,2.07,2.05,2.07
2021-03-02,Argentina Open,1st Round,Clay,Klein L.,Martin A.,291,103.0,1.66,2.2,1.71,2.24,1.71,2.5
2021-03-02,ABN AMRO World Tennis Tournament,1st Round,Hard,Coric B.,Van De Zandschulp B.,26,147.0,1.33,3.4,1.42,3.1,1.43,3.45
2021-03-02,ABN AMRO World Tennis Tournament,1st Round,Hard,De Minaur A.,Millman J.,23,39.0,1.16,5.0,1.24,4.55,1.25,5.3
2021-03-02,ABN AMRO World Tennis Tournament,1st Round,Hard,Rublev A.,Giron M.,8,80.0,1.12,6.0,1.13,7.09,1.13,9.0
2021-03-02,ABN AMRO World Tennis Tournament,1st Round,Hard,Hurkacz H.,Mannarino A.,30,36.0,1.8,2.0,1.83,2.07,1.95,2.19
2021-03-02,ABN AMRO World Tennis Tournament,1st Round,Hard,Khachanov K.,Wawrinka S.,21,20.0,1.8,2.0,1.84,2.06,1.9,2.1
2021-03-02,ABN AMRO World Tennis Tournament,1st Round,Hard,Tsitsipas S.,Gerasimov E.,6,76.0,1.2,4.5,1.19,5.32,1.22,5.75
2021-03-02,Argentina Open,1st Round,Clay,Delbonis F.,Cerundolo J.M.,86,181.0,1.57,2.37,1.62,2.43,1.77,2.81
2021-03-02,Argentina Open,1st Round,Clay,Tiafoe F.,Bagnis F.,62,115.0,1.8,2.0,1.83,2.07,1.87,2.23
2021-03-02,Argentina Open,1st Round,Clay,Ramos-Vinolas A.,Rune H.,46,406.0,1.4,3.0,1.45,2.95,1.5,3.2
2021-03-02,Argentina Open,1st Round,Clay,Cerundolo F.,Coria F.,137,85.0,1.61,2.3,1.58,2.52,1.67,2.52
2021-03-02,Argentina Open,1st Round,Clay,Munar J.,Diaz Acosta F.,106,397.0,1.12,6.0,1.15,6.22,1.18,7.0
2021-03-02,Argentina Open,1st Round,Clay,Nagal S.,Sousa J.,150,100.0,1.4,3.0,1.47,2.85,1.5,3.0
2021-03-02,Argentina Open,1st Round,Clay,Mager G.,Caruso S.,101,79.0,2.0,1.8,2.09,1.81,2.3,1.91
2021-03-02,ABN AMRO World Tennis Tournament,1st Round,Hard,Chardy J.,Humbert U.,64,31.0,2.75,1.44,2.65,1.53,2.81,1.56
2021-03-03,ABN AMRO World Tennis Tournament,1st Round,Hard,Paul T.,Sonego L.,56,35.0,2.37,1.57,2.27,1.69,2.4,1.77
2021-03-03,ABN AMRO World Tennis Tournament,1st Round,Hard,Lajovic D.,Medvedev D.,27,3.0,8.0,1.08,7.36,1.12,8.6,1.13
2021-03-03,ABN AMRO World Tennis Tournament,2nd Round,Hard,Khachanov K.,Norrie C.,21,65.0,1.53,2.5,1.54,2.67,1.54,2.95
2021-03-03,ABN AMRO World Tennis Tournament,1st Round,Hard,Davidovich Fokina A.,Bautista Agut R.,51,13.0,3.2,1.36,3.09,1.42,3.3,1.42
2021-03-03,ABN AMRO World Tennis Tournament,2nd Round,Hard,Nishikori K.,De Minaur A.,45,23.0,3.4,1.33,3.14,1.42,3.5,1.42
2021-03-03,ABN AMRO World Tennis Tournament,2nd Round,Hard,Rublev A.,Murray A.,8,123.0,1.12,6.0,1.17,5.79,1.18,6.7
2021-03-03,Argentina Open,2nd Round,Clay,Nagal S.,Garin C.,150,22.0,2.75,1.44,2.92,1.47,2.92,1.53
2021-03-03,Argentina Open,2nd Round,Clay,Djere L.,Delbonis F.,60,86.0,1.66,2.2,1.67,2.35,1.72,2.5
2021-03-03,Argentina Open,2nd Round,Clay,Ramos-Vinolas A.,Koepfer D.,46,71.0,2.1,1.72,1.97,1.93,2.1,2.0
2021-03-03,Argentina Open,2nd Round,Clay,Kecmanovic M.,Monteiro T.,42,74.0,2.5,1.53,2.75,1.51,2.75,1.58
2021-03-03,ABN AMRO World Tennis Tournament,1st Round,Hard,Goffin D.,Struff J.L.,14,37.0,1.57,2.37,1.65,2.37,1.68,2.5
2021-03-03,ABN AMRO World Tennis Tournament,1st Round,Hard,Bublik A.,Zverev A.,43,7.0,5.0,1.16,5.53,1.18,5.75,1.19
2021-03-04,ABN AMRO World Tennis Tournament,2nd Round,Hard,Chardy J.,Goffin D.,64,14.0,4.0,1.25,3.59,1.34,4.04,1.34
2021-03-04,ABN AMRO World Tennis Tournament,2nd Round,Hard,Paul T.,Bublik A.,56,43.0,2.0,1.8,2.15,1.79,2.17,1.87
2021-03-04,ABN AMRO World Tennis Tournament,2nd Round,Hard,Tsitsipas S.,Hurkacz H.,6,30.0,1.2,4.5,1.23,4.77,1.24,5.0
2021-03-04,ABN AMRO World Tennis Tournament,2nd Round,Hard,Coric B.,Lajovic D.,26,27.0,1.53,2.5,1.47,2.93,1.62,2.93
2021-03-04,ABN AMRO World Tennis Tournament,2nd Round,Hard,Fucsovics M.,Davidovich Fokina A.,59,51.0,1.61,2.3,1.71,2.28,2.0,2.48
2021-03-04,Argentina Open,2nd Round,Clay,Munar J.,Tiafoe F.,106,62.0,1.9,1.9,1.92,1.98,2.08,2.06
2021-03-04,Argentina Open,2nd Round,Clay,Andujar P.,Mager G.,57,101.0,1.53,2.5,1.55,2.63,1.58,2.66
2021-03-04,Argentina Open,2nd Round,Clay,Cerundolo F.,Paire B.,137,29.0,1.33,3.4,1.3,3.95,1.4,3.95
2021-03-04,Argentina Open,2nd Round,Clay,Schwartzman D.,Klein L.,9,291.0,1.16,5.0,1.17,5.92,1.18,8.1
2021-03-05,ABN AMRO World Tennis Tournament,Quarterfinals,Hard,Fucsovics M.,Paul T.,59,56.0,1.5,2.62,1.49,2.84,1.58,2.84
2021-03-05,ABN AMRO World Tennis Tournament,Quarterfinals,Hard,Coric B.,Nishikori K.,26,45.0,1.66,2.2,1.63,2.43,1.72,2.45
2021-03-05,ABN AMRO World Tennis Tournament,Quarterfinals,Hard,Rublev A.,Chardy J.,8,64.0,1.12,6.0,1.15,6.55,1.15,7.75
2021-03-05,ABN AMRO World Tennis Tournament,Quarterfinals,Hard,Tsitsipas S.,Khachanov K.,6,21.0,1.36,3.2,1.36,3.48,1.41,3.48
2021-03-05,Argentina Open,Quarterfinals,Clay,Cerundolo F.,Andujar P.,137,57.0,1.8,2.0,1.85,2.06,1.99,2.26
2021-03-05,Argentina Open,Quarterfinals,Clay,Kecmanovic M.,Djere L.,42,60.0,2.2,1.66,2.25,1.72,2.25,1.81
2021-03-05,Argentina Open,Quarterfinals,Clay,Schwartzman D.,Munar J.,9,106.0,1.33,3.4,1.34,3.63,1.38,3.63
2021-03-05,Argentina Open,Quarterfinals,Clay,Ramos-Vinolas A.,Nagal S.,46,150.0,1.61,2.3,1.67,2.36,1.71,2.56
2021-03-06,ABN AMRO World Tennis Tournament,Semifinals,Hard,Rublev A.,Tsitsipas S.,8,6.0,2.0,1.8,2.07,1.85,2.07,1.91
2021-03-06,Argentina Open,Semifinals,Clay,Cerundolo F.,Ramos-Vinolas A.,137,46.0,1.61,2.3,1.76,2.19,1.76,2.4
2021-03-06,Argentina Open,Semifinals,Clay,Schwartzman D.,Kecmanovic M.,9,42.0,1.25,4.0,1.23,4.77,1.26,4.77
2021-03-06,ABN AMRO World Tennis Tournament,Semifinals,Hard,Fucsovics M.,Coric B.,59,26.0,2.2,1.66,2.43,1.63,2.43,1.69
2021-03-07,ABN AMRO World Tennis Tournament,The Final,Hard,Rublev A.,Fucsovics M.,8,59.0,1.25,4.0,1.29,3.98,1.31,4.0
2021-03-07,Argentina Open,The Final,Clay,Schwartzman D.,Cerundolo F.,9,137.0,1.2,4.5,1.18,5.65,1.21,6.75
2021-03-08,Chile Open,1st Round,Clay,Galan D.E.,Altmaier D.,121,143.0,2.0,1.8,2.18,1.75,2.25,1.84
2021-03-08,Chile Open,1st Round,Clay,Bagnis F.,Cecchinato M.,118,89.0,2.2,1.66,2.19,1.75,2.3,1.76
2021-03-08,Chile Open,1st Round,Clay,Sousa P.,Mayer L.,110,146.0,1.9,1.9,1.91,1.98,2.1,2.05
2021-03-08,Open 13,1st Round,Hard,Ruusuvuori E.,Nishioka Y.,87,59.0,1.9,1.9,1.87,2.02,1.91,2.05
2021-03-08,Open 13,1st Round,Hard,Gaston H.,Novak D.,166,98.0,2.37,1.57,2.24,1.71,2.45,1.8
2021-03-08,Open 13,1st Round,Hard,Sinner J.,Barrere G.,34,115.0,1.16,5.0,1.14,6.46,1.2,6.46
2021-03-08,Qatar Exxon Mobil Open,1st Round,Hard,Karatsev A.,Zayid M.,45,,1.0,51.0,1.38,3.26,1.42,3.75
2021-03-08,Qatar Exxon Mobil Open,1st Round,Hard,Bautista Agut R.,Opelka R.,13,39.0,1.53,2.5,1.5,2.75,1.58,2.82
2021-03-08,Qatar Exxon Mobil Open,1st Round,Hard,Gasquet R.,Rola B.,50,163.0,1.53,2.5,1.64,2.39,1.67,2.6
2021-03-08,Qatar Exxon Mobil Open,1st Round,Hard,Fritz T.,Sonego L.,33,35.0,1.66,2.2,1.67,2.32,1.73,2.35
2021-03-08,Qatar Exxon Mobil Open,1st Round,Hard,Bublik A.,Ramanathan R.,44,201.0,1.3,3.5,1.38,3.26,1.42,3.75
2021-03-08,Chile Open,1st Round,Clay,Carballes Baena R.,Caruso S.,97,79.0,1.9,1.9,1.88,2.01,2.02,2.01
2021-03-08,Qatar Exxon Mobil Open,1st Round,Hard,Basilashvili N.,Millman J.,42,41.0,4.0,1.25,3.88,1.3,4.25,1.31
2021-03-08,Chile Open,1st Round,Clay,Tiafoe F.,Jarry N.,64,746.0,1.57,2.37,1.5,2.75,1.58,2.9
2021-03-09,Open 13,1st Round,Hard,Davidovich Fokina A.,Tsitsipas P.,52,970.0,1.01,23.0,1.03,16.79,1.04,26.0
2021-03-09,Open 13,1st Round,Hard,Tsonga J.W.,Lopez F.,66,61.0,2.0,1.8,2.26,1.7,2.26,1.85
2021-03-09,Open 13,1st Round,Hard,Herbert P.H.,Nishikori K.,93,40.0,3.0,1.4,3.11,1.41,3.52,1.41
2021-03-09,Open 13,1st Round,Hard,Rinderknech A.,Kukushkin M.,138,96.0,1.53,2.5,1.56,2.59,1.57,2.65
2021-03-09,Open 13,1st Round,Hard,Mcdonald M.,Travaglia S.,120,65.0,1.5,2.62,1.51,2.73,1.64,2.8
2021-03-09,Open 13,1st Round,Hard,Ebden M.,Bonzi B.,287,127.0,2.62,1.5,2.6,1.55,2.71,1.58
2021-03-09,Open 13,1st Round,Hard,Pouille L.,Molcan A.,81,286.0,1.44,2.75,1.55,2.6,1.58,2.75
2021-03-09,Qatar Exxon Mobil Open,1st Round,Hard,Harris L.,Wawrinka S.,84,20.0,3.0,1.4,2.79,1.49,3.2,1.52
2021-03-09,Chile Open,1st Round,Clay,Delbonis F.,Munar J.,86,102.0,2.37,1.57,2.58,1.56,2.6,1.59
2021-03-09,Chile Open,1st Round,Clay,Tabilo A.,Kovalik J.,168,129.0,1.72,2.1,1.75,2.18,1.84,2.29
2021-03-09,Chile Open,1st Round,Clay,Varillas J. P.,Sousa J.,171,100.0,1.3,3.5,1.41,3.13,1.41,3.5
2021-03-09,Chile Open,1st Round,Clay,Rune H.,Baez S.,410,257.0,3.2,1.36,3.17,1.4,3.3,1.41
2021-03-09,Chile Open,1st Round,Clay,Martin A.,Cerundolo F.,104,112.0,2.0,1.8,2.4,1.63,2.4,1.8
2021-03-09,Chile Open,1st Round,Clay,Cerundolo J.M.,Lama G.,182,657.0,1.22,4.33,1.23,4.59,1.26,4.6
2021-03-09,Qatar Exxon Mobil Open,1st Round,Hard,Evans D.,Chardy J.,28,54.0,1.72,2.1,1.79,2.13,1.8,2.38
2021-03-09,Chile Open,1st Round,Clay,Coria F.,Mager G.,85,101.0,2.1,1.72,2.14,1.78,2.25,1.81
2021-03-09,Qatar Exxon Mobil Open,1st Round,Hard,Goffin D.,Krajinovic F.,14,32.0,1.66,2.2,1.78,2.14,1.83,2.25
2021-03-09,Qatar Exxon Mobil Open,1st Round,Hard,Pospisil V.,O Connell C.,67,122.0,1.5,2.62,1.51,2.73,1.59,2.85
2021-03-09,Qatar Exxon Mobil Open,1st Round,Hard,Fucsovics M.,Lajovic D.,46,27.0,1.61,2.3,1.76,2.16,2.05,2.33
2021-03-09,Qatar Exxon Mobil Open,1st Round,Hard,Jaziri M.,Gombos N.,262,95.0,4.0,1.25,3.54,1.34,4.0,1.36
2021-03-10,Open 13,2nd Round,Hard,Humbert U.,Tsonga J.W.,31,66.0,1.3,3.5,1.28,4.13,1.31,4.4
2021-03-10,Chile Open,2nd Round,Clay,Delbonis F.,Martin A.,86,104.0,1.57,2.37,1.57,2.58,1.68,2.6
2021-03-10,Chile Open,2nd Round,Clay,Bagnis F.,Tiafoe F.,118,64.0,2.62,1.5,2.71,1.53,2.75,1.55
2021-03-10,Chile Open,2nd Round,Clay,Djere L.,Sousa P.,57,110.0,1.36,3.2,1.43,3.07,1.44,3.22
2021-03-10,Chile Open,2nd Round,Clay,Rune H.,Paire B.,410,29.0,1.57,2.37,1.56,2.59,1.63,2.59
2021-03-10,Open 13,2nd Round,Hard,Sinner J.,Gaston H.,34,166.0,1.16,5.0,1.19,5.36,1.21,5.75
2021-03-10,Open 13,1st Round,Hard,Norrie C.,Lestienne C.,63,219.0,1.3,3.5,1.36,3.42,1.36,3.75
2021-03-10,Open 13,2nd Round,Hard,Ebden M.,Ruusuvuori E.,287,87.0,3.0,1.4,3.3,1.39,3.35,1.46
2021-03-10,Qatar Exxon Mobil Open,2nd Round,Hard,Fucsovics M.,Harris L.,46,84.0,1.66,2.2,1.62,2.45,1.72,2.45
2021-03-10,Qatar Exxon Mobil Open,2nd Round,Hard,Federer R.,Evans D.,6,28.0,1.5,2.62,1.61,2.48,1.61,2.81
2021-03-10,Qatar Exxon Mobil Open,2nd Round,Hard,Basilashvili N.,Jaziri M.,42,262.0,1.4,3.0,1.34,3.62,1.46,3.65
2021-03-10,Qatar Exxon Mobil Open,2nd Round,Hard,Fritz T.,Goffin D.,33,14.0,2.75,1.44,2.75,1.51,2.91,1.53
2021-03-10,Qatar Exxon Mobil Open,2nd Round,Hard,Bautista Agut R.,Bublik A.,13,44.0,1.33,3.4,1.32,3.72,1.45,3.75
2021-03-10,Qatar Exxon Mobil Open,2nd Round,Hard,Shapovalov D.,Pospisil V.,11,67.0,1.44,2.75,1.51,2.77,1.51,2.86
2021-03-10,Qatar Exxon Mobil Open,2nd Round,Hard,Thiem D.,Karatsev A.,4,45.0,1.36,3.2,1.42,3.11,1.45,3.25
2021-03-10,Open 13,2nd Round,Hard,Khachanov K.,Mcdonald M.,21,120.0,1.44,2.75,1.4,3.21,1.49,3.21
2021-03-10,Open 13,1st Round,Hard,Gerasimov E.,Hanfmann Y.,76,105.0,1.4,3.0,1.43,3.05,1.48,3.2
2021-03-10,Qatar Exxon Mobil Open,2nd Round,Hard,Rublev A.,Gasquet R.,8,50.0,1.1,7.0,1.1,8.43,1.13,8.5
2021-03-11,Qatar Exxon Mobil Open,Quarterfinals,Hard,Rublev A.,Fucsovics M.,8,46.0,1.2,4.5,1.2,5.24,1.28,5.75
2021-03-11,Chile Open,2nd Round,Clay,Galan D.E.,Andujar P.,121,55.0,2.37,1.57,2.45,1.62,2.59,1.67
2021-03-11,Chile Open,2nd Round,Clay,Carballes Baena R.,Cerundolo J.M.,97,182.0,1.72,2.1,1.7,2.29,1.81,2.35
2021-03-11,Chile Open,2nd Round,Clay,Varillas J. P.,Coria F.,171,85.0,2.2,1.66,2.31,1.69,2.35,1.72
2021-03-11,Qatar Exxon Mobil Open,Quarterfinals,Hard,Fritz T.,Shapovalov D.,33,11.0,2.62,1.5,2.87,1.48,2.95,1.54
2021-03-11,Qatar Exxon Mobil Open,Quarterfinals,Hard,Basilashvili N.,Federer R.,42,6.0,5.5,1.14,4.93,1.22,5.63,1.22
2021-03-11,Chile Open,2nd Round,Clay,Garin C.,Tabilo A.,22,168.0,1.5,2.62,1.55,2.63,1.57,2.7
2021-03-11,Qatar Exxon Mobil Open,Quarterfinals,Hard,Bautista Agut R.,Thiem D.,13,4.0,2.75,1.44,2.66,1.54,2.95,1.54
2021-03-11,Open 13,2nd Round,Hard,Tsitsipas S.,Pouille L.,5,81.0,1.1,7.0,1.12,7.81,1.12,7.81
2021-03-11,Open 13,2nd Round,Hard,Medvedev D.,Gerasimov E.,3,76.0,1.14,5.5,1.16,6.24,1.17,6.5
2021-03-11,Open 13,2nd Round,Hard,Rinderknech A.,Davidovich Fokina A.,138,52.0,3.0,1.4,2.8,1.5,3.1,1.5
2021-03-11,Open 13,2nd Round,Hard,Herbert P.H.,Norrie C.,93,63.0,1.8,2.0,1.74,2.22,1.82,2.25
2021-03-12,Qatar Exxon Mobil Open,Semifinals,Hard,Bautista Agut R.,Rublev A.,13,8.0,3.2,1.36,3.56,1.34,3.6,1.44
2021-03-12,Qatar Exxon Mobil Open,Semifinals,Hard,Basilashvili N.,Fritz T.,42,33.0,3.0,1.4,3.22,1.4,3.22,1.45
2021-03-12,Chile Open,Quarterfinals,Clay,Galan D.E.,Carballes Baena R.,121,97.0,2.1,1.72,2.05,1.86,2.25,1.86
2021-03-12,Chile Open,Quarterfinals,Clay,Garin C.,Varillas J. P.,22,171.0,1.36,3.2,1.35,3.5,1.39,3.75
2021-03-12,Open 13,Quarterfinals,Hard,Humbert U.,Rinderknech A.,31,138.0,1.33,3.4,1.41,3.18,1.41,3.82
2021-03-12,Open 13,Quarterfinals,Hard,Herbert P.H.,Tsitsipas S.,93,5.0,5.0,1.16,5.73,1.18,6.0,1.18
2021-03-12,Open 13,Quarterfinals,Hard,Medvedev D.,Sinner J.,3,34.0,1.33,3.4,1.35,3.5,1.37,3.55
2021-03-12,Open 13,Quarterfinals,Hard,Ebden M.,Khachanov K.,287,21.0,5.5,1.14,6.02,1.17,6.85,1.17
2021-03-12,Chile Open,Quarterfinals,Clay,Delbonis F.,Rune H.,86,410.0,1.53,2.5,1.53,2.69,1.59,2.69
2021-03-12,Chile Open,Quarterfinals,Clay,Bagnis F.,Djere L.,118,57.0,2.2,1.66,2.25,1.72,2.31,1.74
2021-03-13,Chile Open,Semifinals,Clay,Garin C.,Galan D.E.,22,121.0,1.53,2.5,1.49,2.85,1.58,2.97
2021-03-13,Chile Open,Semifinals,Clay,Bagnis F.,Delbonis F.,118,86.0,2.1,1.72,2.35,1.67,2.4,1.72
2021-03-13,Open 13,Semifinals,Hard,Medvedev D.,Ebden M.,3,287.0,1.05,11.0,1.07,10.75,1.07,14.0
2021-03-13,Open 13,Semifinals,Hard,Herbert P.H.,Humbert U.,93,31.0,2.3,1.61,2.32,1.68,2.4,1.74
2021-03-13,Qatar Exxon Mobil Open,The Final,Hard,Basilashvili N.,Bautista Agut R.,42,13.0,4.0,1.25,4.64,1.24,4.64,1.29
2021-03-14,Dubai Tennis Championships,1st Round,Hard,Jaziri M.,Tsonga J.W.,258,66.0,3.75,1.28,3.8,1.3,4.0,1.31
2021-03-14,Dubai Tennis Championships,1st Round,Hard,Karatsev A.,Gerasimov E.,42,77.0,1.4,3.0,1.43,3.03,1.46,3.2
2021-03-14,Dubai Tennis Championships,1st Round,Hard,Chardy J.,Ramos-Vinolas A.,53,47.0,1.36,3.2,1.36,3.4,1.37,3.75
2021-03-14,Dubai Tennis Championships,1st Round,Hard,Nishikori K.,Opelka R.,41,38.0,2.1,1.72,2.23,1.72,2.38,1.78
2021-03-14,Dubai Tennis Championships,1st Round,Hard,Bublik A.,Nishioka Y.,43,64.0,1.44,2.75,1.51,2.72,1.58,3.26
2021-03-14,Chile Open,The Final,Clay,Garin C.,Bagnis F.,22,118.0,1.5,2.62,1.55,2.65,1.55,3.0
2021-03-14,Open 13,The Final,Hard,Medvedev D.,Herbert P.H.,3,93.0,1.2,4.5,1.19,5.38,1.22,5.5
2021-03-14,Dubai Tennis Championships,1st Round,Hard,Popyrin A.,Novak D.,86,99.0,1.44,2.75,1.39,3.23,1.5,3.23
2021-03-15,Dubai Tennis Championships,1st Round,Hard,Struff J.L.,Kukushkin M.,39,104.0,1.5,2.62,1.53,2.67,1.59,2.7
2021-03-15,Dubai Tennis Championships,2nd Round,Hard,Chardy J.,De Minaur A.,53,23.0,3.2,1.36,3.29,1.39,3.33,1.43
2021-03-15,Dubai Tennis Championships,1st Round,Hard,Fucsovics M.,Pospisil V.,44,65.0,1.61,2.3,1.57,2.55,1.65,2.6
2021-03-15,Dubai Tennis Championships,1st Round,Hard,Ruusuvuori E.,Thompson J.,87,55.0,1.4,3.0,1.36,3.39,1.4,3.39
2021-03-15,Dubai Tennis Championships,1st Round,Hard,Gasquet R.,Cecchinato M.,49,89.0,1.4,3.0,1.39,3.21,1.43,3.35
2021-03-15,Dubai Tennis Championships,1st Round,Hard,Harris L.,O Connell C.,81,122.0,1.36,3.2,1.37,3.33,1.38,3.4
2021-03-15,Dubai Tennis Championships,1st Round,Hard,Bedene A.,Bhambri Y.,59,,1.4,3.0,1.4,3.2,1.43,3.25
2021-03-15,Dubai Tennis Championships,1st Round,Hard,Zapata Miralles B.,Millman J.,150,40.0,2.1,1.72,2.14,1.78,2.3,1.85
2021-03-15,Dubai Tennis Championships,1st Round,Hard,Davidovich Fokina A.,Albot R.,52,76.0,1.44,2.75,1.47,2.88,1.51,2.91
2021-03-16,Dubai Tennis Championships,2nd Round,Hard,Fritz T.,Basilashvili N.,30,36.0,1.61,2.3,1.7,2.29,1.7,2.4
2021-03-16,Dubai Tennis Championships,2nd Round,Hard,Fucsovics M.,Carreno Busta P.,44,15.0,1.8,2.0,1.8,2.13,1.86,2.2
2021-03-16,Dubai Tennis Championships,2nd Round,Hard,Sinner J.,Bublik A.,32,43.0,1.44,2.75,1.42,3.14,1.49,3.14
2021-03-16,Dubai Tennis Championships,2nd Round,Hard,Hurkacz H.,Gasquet R.,35,49.0,1.53,2.5,1.56,2.62,1.62,2.62
2021-03-16,Dubai Tennis Championships,2nd Round,Hard,Karatsev A.,Evans D.,42,28.0,1.9,1.9,1.93,1.97,2.0,2.06
2021-03-16,Dubai Tennis Championships,2nd Round,Hard,Shapovalov D.,Struff J.L.,12,39.0,1.53,2.5,1.5,2.79,1.57,2.79
2021-03-16,Dubai Tennis Championships,2nd Round,Hard,Khachanov K.,Popyrin A.,22,86.0,1.57,2.37,1.64,2.42,1.64,2.55
2021-03-16,Dubai Tennis Championships,2nd Round,Hard,Lajovic D.,Jaziri M.,26,258.0,1.22,4.33,1.22,4.93,1.22,5.2
2021-03-16,Dubai Tennis Championships,2nd Round,Hard,Rublev A.,Ruusuvuori E.,8,87.0,1.14,5.5,1.2,5.16,1.2,5.8
2021-03-16,Dubai Tennis Championships,2nd Round,Hard,Sonego L.,Zapata Miralles B.,37,150.0,1.53,2.5,1.51,2.77,1.58,2.8
2021-03-16,Dubai Tennis Championships,2nd Round,Hard,Nishikori K.,Goffin D.,41,13.0,2.2,1.66,2.24,1.73,2.33,1.78
2021-03-16,Dubai Tennis Championships,2nd Round,Hard,Bautista Agut R.,Ebden M.,11,221.0,1.14,5.5,1.14,6.83,1.14,7.1
2021-03-16,Dubai Tennis Championships,2nd Round,Hard,Harris L.,Thiem D.,81,4.0,4.0,1.25,3.83,1.31,4.0,1.31
2021-03-16,Abierto Mexicano,1st Round,Hard,Koepfer D.,Lopez Villasenor G.,71,563.0,1.16,5.0,1.16,5.94,1.18,6.25
2021-03-16,Abierto Mexicano,1st Round,Hard,Auger-Aliassime F.,Sandgren T.,18,58.0,1.25,4.0,1.25,4.35,1.27,4.45
2021-03-16,Abierto Mexicano,1st Round,Hard,Isner J.,Caruso S.,27,84.0,1.5,2.62,1.55,2.62,1.58,2.65
2021-03-16,Abierto Mexicano,1st Round,Hard,Zverev A.,Alcaraz C.,7,132.0,1.14,5.5,1.16,6.05,1.2,6.25
2021-03-16,Abierto Mexicano,1st Round,Hard,Djere L.,Johnson S.,54,82.0,1.9,1.9,1.92,1.97,1.99,2.05
2021-03-16,Abierto Mexicano,1st Round,Hard,Korda S.,Cilic M.,92,45.0,1.72,2.1,1.83,2.08,1.83,2.17
2021-03-16,Dubai Tennis Championships,2nd Round,Hard,Bedene A.,Giustino L.,59,163.0,1.16,5.0,1.23,4.73,1.24,5.2
2021-03-16,Dubai Tennis Championships,2nd Round,Hard,Krajinovic F.,Davidovich Fokina A.,33,52.0,2.0,1.8,2.02,1.88,2.07,2.05
2021-03-17,Abierto Mexicano,1st Round,Hard,Raonic M.,Paul T.,19,51.0,1.3,3.5,1.35,3.48,1.35,3.7
2021-03-17,Abierto Mexicano,1st Round,Hard,Tiafoe F.,Nakashima B.,56,145.0,1.9,1.9,2.06,1.84,2.06,2.18
2021-03-17,Abierto Mexicano,1st Round,Hard,Griekspoor T.,Kudla D.,154,123.0,1.61,2.3,1.64,2.39,1.7,2.45
2021-03-17,Abierto Mexicano,1st Round,Hard,Fognini F.,Travaglia S.,17,68.0,1.72,2.1,1.69,2.28,1.79,2.4
2021-03-17,Abierto Mexicano,1st Round,Hard,Tsitsipas S.,Paire B.,5,31.0,1.06,10.0,1.06,11.1,1.08,14.5
2021-03-17,Abierto Mexicano,1st Round,Hard,Kecmanovic M.,Lopez F.,46,62.0,1.4,3.0,1.46,2.91,1.46,3.1
2021-03-17,Abierto Mexicano,1st Round,Hard,Dimitrov G.,Mannarino A.,16,34.0,1.44,2.75,1.46,2.92,1.5,3.0
2021-03-17,Abierto Mexicano,1st Round,Hard,Ruud C.,Galan D.E.,25,112.0,1.25,4.0,1.29,3.97,1.29,4.4
2021-03-17,Dubai Tennis Championships,3rd Round,Hard,Harris L.,Krajinovic F.,81,33.0,2.0,1.8,1.9,2.01,2.06,2.01
2021-03-17,Dubai Tennis Championships,3rd Round,Hard,Rublev A.,Fritz T.,8,30.0,1.25,4.0,1.2,5.15,1.25,5.25
2021-03-17,Dubai Tennis Championships,3rd Round,Hard,Fucsovics M.,Lajovic D.,44,26.0,1.5,2.62,1.51,2.77,1.54,2.91
2021-03-17,Dubai Tennis Championships,3rd Round,Hard,Nishikori K.,Bedene A.,41,59.0,1.44,2.75,1.48,2.86,1.48,3.17
2021-03-17,Dubai Tennis Championships,3rd Round,Hard,Karatsev A.,Sonego L.,42,37.0,1.57,2.37,1.58,2.54,1.63,2.54
2021-03-17,Dubai Tennis Championships,3rd Round,Hard,Sinner J.,Bautista Agut R.,32,11.0,2.1,1.72,2.15,1.79,2.21,1.83
2021-03-17,Dubai Tennis Championships,3rd Round,Hard,Chardy J.,Khachanov K.,53,22.0,2.37,1.57,2.51,1.6,2.55,1.7
2021-03-17,Dubai Tennis Championships,3rd Round,Hard,Shapovalov D.,Hurkacz H.,12,35.0,1.53,2.5,1.52,2.71,1.58,2.8
2021-03-17,Abierto Mexicano,1st Round,Hard,Norrie C.,Kozlov S.,61,389.0,1.16,5.0,1.21,4.87,1.24,5.6
2021-03-17,Abierto Mexicano,1st Round,Hard,Musetti L.,Schwartzman D.,120,9.0,4.0,1.25,4.33,1.25,4.33,1.29
2021-03-18,Dubai Tennis Championships,Quarterfinals,Hard,Shapovalov D.,Chardy J.,12,53.0,1.3,3.5,1.33,3.68,1.35,3.68
2021-03-18,Dubai Tennis Championships,Quarterfinals,Hard,Karatsev A.,Sinner J.,42,32.0,2.62,1.5,2.55,1.58,2.78,1.58
2021-03-18,Abierto Mexicano,2nd Round,Hard,Musetti L.,Tiafoe F.,120,56.0,2.37,1.57,2.47,1.61,2.5,1.66
2021-03-18,Abierto Mexicano,2nd Round,Hard,Tsitsipas S.,Isner J.,5,27.0,1.22,4.33,1.24,4.64,1.28,4.64
2021-03-18,Abierto Mexicano,2nd Round,Hard,Norrie C.,Fognini F.,61,17.0,2.2,1.66,2.17,1.78,2.2,1.8
2021-03-18,Abierto Mexicano,2nd Round,Hard,Zverev A.,Djere L.,7,54.0,1.08,8.0,1.08,9.91,1.1,10.25
2021-03-18,Abierto Mexicano,2nd Round,Hard,Ruud C.,Griekspoor T.,25,154.0,1.36,3.2,1.4,3.22,1.45,3.39
2021-03-18,Abierto Mexicano,2nd Round,Hard,Dimitrov G.,Kecmanovic M.,16,46.0,1.5,2.62,1.59,2.53,1.62,2.71
2021-03-18,Abierto Mexicano,2nd Round,Hard,Auger-Aliassime F.,Korda S.,18,92.0,1.57,2.37,1.62,2.45,1.71,2.45
2021-03-18,Abierto Mexicano,2nd Round,Hard,Koepfer D.,Raonic M.,71,19.0,7.0,1.1,7.04,1.13,7.13,1.15
2021-03-18,Dubai Tennis Championships,Quarterfinals,Hard,Harris L.,Nishikori K.,81,41.0,2.0,1.8,2.05,1.86,2.2,1.86
2021-03-18,Dubai Tennis Championships,Quarterfinals,Hard,Rublev A.,Fucsovics M.,8,44.0,1.16,5.0,1.18,5.65,1.18,6.5
2021-03-19,Dubai Tennis Championships,Semifinals,Hard,Karatsev A.,Rublev A.,42,8.0,4.33,1.22,4.71,1.23,4.78,1.25
2021-03-19,Abierto Mexicano,Quarterfinals,Hard,Musetti L.,Dimitrov G.,120,16.0,3.75,1.28,4.18,1.27,4.18,1.32
2021-03-19,Abierto Mexicano,Quarterfinals,Hard,Tsitsipas S.,Auger-Aliassime F.,5,18.0,1.36,3.2,1.35,3.54,1.39,3.63
2021-03-19,Abierto Mexicano,Quarterfinals,Hard,Koepfer D.,Norrie C.,71,61.0,2.37,1.57,2.58,1.57,2.58,1.63
2021-03-19,Abierto Mexicano,Quarterfinals,Hard,Zverev A.,Ruud C.,7,25.0,1.2,4.5,1.23,4.7,1.24,5.24
2021-03-19,Dubai Tennis Championships,Semifinals,Hard,Harris L.,Shapovalov D.,81,12.0,3.0,1.4,3.18,1.41,3.38,1.45
2021-03-20,Dubai Tennis Championships,The Final,Hard,Karatsev A.,Harris L.,42,81.0,1.5,2.62,1.54,2.66,1.57,2.71
2021-03-20,Abierto Mexicano,Semifinals,Hard,Zverev A.,Koepfer D.,7,71.0,1.14,5.5,1.17,6.0,1.18,6.1
2021-03-20,Abierto Mexicano,Semifinals,Hard,Tsitsipas S.,Musetti L.,5,120.0,1.16,5.0,1.16,6.26,1.2,6.6
2021-03-21,Abierto Mexicano,The Final,Hard,Zverev A.,Tsitsipas S.,7,5.0,2.75,1.44,2.52,1.59,2.78,1.61
2021-03-24,Miami Open,1st Round,Hard,Djere L.,Vesely J.,57,71.0,2.37,1.57,2.47,1.61,2.65,1.61
2021-03-24,Miami Open,1st Round,Hard,Mcdonald M.,Pospisil V.,120,67.0,1.8,2.0,1.88,2.02,1.95,2.06
2021-03-24,Miami Open,1st Round,Hard,Harris L.,Nava E.,52,556.0,1.2,4.5,1.24,4.53,1.25,4.8
2021-03-24,Miami Open,1st Round,Hard,Duckworth J.,Zverev M.,104,280.0,1.57,2.37,1.65,2.39,1.73,2.5
2021-03-24,Miami Open,1st Round,Hard,Hanfmann Y.,Johnson S.,108,82.0,1.66,2.2,1.69,2.3,1.81,2.3
2021-03-24,Miami Open,1st Round,Hard,Escobedo E.,Lorenzi P.,205,157.0,1.25,4.0,1.26,4.3,1.27,4.35
2021-03-24,Miami Open,1st Round,Hard,Berankis R.,Gaio F.,89,142.0,1.61,2.3,1.63,2.43,1.67,2.47
2021-03-24,Miami Open,1st Round,Hard,Lu Y.,Querrey S.,1020,63.0,6.0,1.12,8.28,1.11,8.55,1.12
2021-03-24,Miami Open,1st Round,Hard,Giron M.,Paul T.,88,53.0,2.3,1.61,2.42,1.64,2.43,1.71
2021-03-24,Miami Open,1st Round,Hard,Ymer M.,Tabilo A.,95,167.0,1.66,2.2,1.63,2.43,1.69,2.43
2021-03-24,Miami Open,1st Round,Hard,Norrie C.,Nishioka Y.,56,66.0,1.57,2.37,1.68,2.34,1.71,2.58
2021-03-24,Miami Open,1st Round,Hard,Herbert P.H.,Sousa P.,74,111.0,1.16,5.0,1.26,4.38,1.26,6.7
2021-03-24,Miami Open,1st Round,Hard,Popyrin A.,Lopez F.,86,64.0,1.36,3.2,1.4,3.22,1.4,3.4
2021-03-24,Miami Open,1st Round,Hard,Gaston H.,Koepfer D.,162,54.0,3.0,1.4,3.05,1.43,3.35,1.46
2021-03-25,Miami Open,1st Round,Hard,Cilic M.,Coria F.,45,84.0,1.2,4.5,1.18,5.59,1.23,5.75
2021-03-25,Miami Open,1st Round,Hard,Musetti L.,Mmoh M.,94,181.0,1.53,2.5,1.59,2.52,1.61,2.8
2021-03-25,Miami Open,1st Round,Hard,Sandgren T.,Martinez P.,62,93.0,1.57,2.37,1.67,2.35,1.69,2.4
2021-03-25,Miami Open,1st Round,Hard,Galan D.E.,Seyboth Wild T.,113,125.0,1.9,1.9,1.96,1.94,2.05,1.95
2021-03-25,Miami Open,1st Round,Hard,Dzumhur D.,Anderson K.,126,91.0,3.2,1.36,3.32,1.37,3.32,1.43
2021-03-25,Miami Open,1st Round,Hard,Kecmanovic M.,Broady L.,46,158.0,1.33,3.4,1.32,3.78,1.35,3.8
2021-03-25,Miami Open,1st Round,Hard,Uchiyama Y.,Caruso S.,110,85.0,3.2,1.36,3.09,1.43,3.2,1.43
2021-03-25,Miami Open,1st Round,Hard,Korda S.,Albot R.,87,77.0,1.4,3.0,1.43,3.07,1.43,3.15
2021-03-25,Miami Open,1st Round,Hard,Kudla D.,Chardy J.,123,49.0,3.5,1.3,3.47,1.36,3.6,1.39
2021-03-25,Miami Open,1st Round,Hard,Fratangelo B.,Verdasco F.,233,72.0,1.36,3.2,1.45,2.99,1.45,3.2
2021-03-25,Miami Open,1st Round,Hard,Ivashka I.,Kwon S.W.,116,79.0,2.5,1.53,2.48,1.61,2.75,1.63
2021-03-25,Miami Open,1st Round,Hard,Kukushkin M.,Draper J.,105,316.0,1.5,2.62,1.5,2.79,1.54,2.8
2021-03-25,Miami Open,1st Round,Hard,Kokkinakis T.,Mochizuki S.,243,654.0,1.1,7.0,1.14,6.93,1.16,8.0
2021-03-25,Miami Open,1st Round,Hard,Tiafoe F.,Travaglia S.,58,70.0,1.3,3.5,1.32,3.71,1.38,3.71
2021-03-25,Miami Open,1st Round,Hard,Thompson J.,Delbonis F.,60,80.0,1.61,2.3,1.63,2.44,1.71,2.46
2021-03-25,Miami Open,1st Round,Hard,Ruusuvuori E.,Alcaraz C.,83,132.0,1.57,2.37,1.62,2.46,1.65,2.5
2021-03-26,Miami Open,2nd Round,Hard,Tiafoe F.,Evans D.,58,29.0,2.1,1.72,2.3,1.69,2.3,1.81
2021-03-26,Miami Open,2nd Round,Hard,Bublik A.,Djere L.,44,57.0,1.53,2.5,1.58,2.55,1.59,2.64
2021-03-26,Miami Open,2nd Round,Hard,Ruusuvuori E.,Zverev A.,83,7.0,5.0,1.16,6.01,1.17,6.5,1.2
2021-03-26,Miami Open,2nd Round,Hard,Khachanov K.,Hanfmann Y.,22,108.0,1.2,4.5,1.22,4.81,1.24,4.85
2021-03-26,Miami Open,2nd Round,Hard,Medvedev D.,Lu Y.,2,1020.0,1.01,23.0,1.02,20.77,1.03,35.0
2021-03-26,Miami Open,2nd Round,Hard,Auger-Aliassime F.,Herbert P.H.,18,74.0,1.5,2.62,1.5,2.8,1.54,2.8
2021-03-26,Miami Open,2nd Round,Hard,Sinner J.,Gaston H.,31,162.0,1.16,5.0,1.19,5.42,1.23,5.5
2021-03-26,Miami Open,2nd Round,Hard,Ymer M.,Basilashvili N.,95,38.0,2.37,1.57,2.64,1.55,2.65,1.63
2021-03-26,Miami Open,2nd Round,Hard,Bautista Agut R.,Harris L.,12,52.0,1.36,3.2,1.32,3.79,1.4,4.0
2021-03-26,Miami Open,2nd Round,Hard,Norrie C.,Dimitrov G.,56,16.0,2.62,1.5,2.75,1.51,2.85,1.57
2021-03-26,Miami Open,2nd Round,Hard,Fritz T.,Giron M.,32,88.0,1.5,2.62,1.6,2.5,1.6,2.77
2021-03-26,Miami Open,2nd Round,Hard,Lajovic D.,Escobedo E.,26,205.0,1.66,2.2,1.6,2.51,1.72,2.51
2021-03-26,Miami Open,2nd Round,Hard,Duckworth J.,Goffin D.,104,13.0,5.0,1.16,5.82,1.17,6.0,1.18
2021-03-26,Miami Open,2nd Round,Hard,Popyrin A.,Opelka R.,86,41.0,2.1,1.72,2.19,1.76,2.25,1.78
2021-03-26,Miami Open,1st Round,Hard,Bedene A.,Fabbiano T.,59,178.0,1.28,3.75,1.29,4.05,1.41,4.05
2021-03-26,Miami Open,1st Round,Hard,Sousa J.,O Connell C.,103,122.0,3.4,1.33,3.44,1.36,3.6,1.36
2021-03-26,Miami Open,2nd Round,Hard,Struff J.L.,Berankis R.,42,89.0,1.4,3.0,1.42,3.11,1.46,3.35
2021-03-27,Miami Open,2nd Round,Hard,Rublev A.,Sandgren T.,8,62.0,1.1,7.0,1.09,9.64,1.1,10.2
2021-03-27,Miami Open,2nd Round,Hard,Fucsovics M.,Kokkinakis T.,40,243.0,1.66,2.2,1.83,2.1,1.83,2.33
2021-03-27,Miami Open,2nd Round,Hard,Shapovalov D.,Ivashka I.,11,116.0,1.11,6.5,1.13,7.02,1.14,7.45
2021-03-27,Miami Open,2nd Round,Hard,Mannarino A.,Kecmanovic M.,36,46.0,2.0,1.8,2.25,1.72,2.25,1.85
2021-03-27,Miami Open,2nd Round,Hard,Humbert U.,Sousa J.,30,103.0,1.16,5.0,1.24,4.61,1.25,5.0
2021-03-27,Miami Open,2nd Round,Hard,Karatsev A.,Kukushkin M.,27,105.0,1.14,5.5,1.19,5.38,1.2,5.63
2021-03-27,Miami Open,2nd Round,Hard,Cilic M.,Garin C.,45,20.0,1.8,2.0,1.78,2.16,1.88,2.16
2021-03-27,Miami Open,2nd Round,Hard,Hurkacz H.,Kudla D.,37,123.0,1.4,3.0,1.41,3.15,1.47,3.15
2021-03-27,Miami Open,2nd Round,Hard,Musetti L.,Paire B.,94,33.0,1.2,4.5,1.18,5.62,1.22,5.75
2021-03-27,Miami Open,2nd Round,Hard,Tsitsipas S.,Dzumhur D.,5,126.0,1.08,8.0,1.1,8.81,1.11,9.0
2021-03-27,Miami Open,2nd Round,Hard,Raonic M.,Thompson J.,19,60.0,1.16,5.0,1.23,4.73,1.24,5.16
2021-03-27,Miami Open,2nd Round,Hard,Nishikori K.,Bedene A.,39,59.0,1.4,3.0,1.37,3.39,1.41,3.4
2021-03-27,Miami Open,2nd Round,Hard,Sonego L.,Fratangelo B.,34,233.0,1.61,2.3,1.6,2.51,1.66,2.55
2021-03-27,Miami Open,2nd Round,Hard,Isner J.,Mcdonald M.,28,120.0,2.1,1.72,2.06,1.85,2.14,1.87
2021-03-27,Miami Open,2nd Round,Hard,Galan D.E.,De Minaur A.,113,23.0,6.0,1.12,7.09,1.13,7.25,1.14
2021-03-28,Miami Open,3rd Round,Hard,Medvedev D.,Popyrin A.,2,86.0,1.11,6.5,1.11,8.27,1.12,8.5
2021-03-28,Miami Open,3rd Round,Hard,Ruusuvuori E.,Ymer M.,83,95.0,1.5,2.62,1.51,2.78,1.57,2.78
2021-03-28,Miami Open,3rd Round,Hard,Isner J.,Auger-Aliassime F.,28,18.0,2.75,1.44,2.95,1.46,3.06,1.49
2021-03-28,Miami Open,3rd Round,Hard,Sinner J.,Khachanov K.,31,22.0,1.57,2.37,1.66,2.36,1.71,2.47
2021-03-28,Miami Open,2nd Round,Hard,Schwartzman D.,Uchiyama Y.,9,110.0,1.14,5.5,1.11,8.09,1.18,9.0
2021-03-28,Miami Open,2nd Round,Hard,Korda S.,Fognini F.,87,17.0,1.53,2.5,1.58,2.55,1.59,2.6
2021-03-28,Miami Open,3rd Round,Hard,Bautista Agut R.,Struff J.L.,12,42.0,1.28,3.75,1.3,3.92,1.31,4.2
2021-03-29,Miami Open,3rd Round,Hard,Schwartzman D.,Mannarino A.,9,36.0,1.33,3.4,1.33,3.65,1.35,3.76
2021-03-29,Miami Open,3rd Round,Hard,Fritz T.,Norrie C.,32,56.0,1.61,2.3,1.78,2.17,1.78,2.37
2021-03-29,Miami Open,3rd Round,Hard,Bublik A.,Duckworth J.,44,104.0,1.4,3.0,1.44,3.02,1.48,3.07
2021-03-29,Miami Open,3rd Round,Hard,Tiafoe F.,Lajovic D.,58,26.0,1.53,2.5,1.55,2.65,2.1,2.72
2021-03-29,Miami Open,3rd Round,Hard,Raonic M.,Humbert U.,19,30.0,1.5,2.62,1.52,2.73,1.56,2.8
2021-03-29,Miami Open,3rd Round,Hard,Cilic M.,Musetti L.,45,94.0,2.2,1.66,2.11,1.81,2.43,1.81
2021-03-29,Miami Open,3rd Round,Hard,Hurkacz H.,Shapovalov D.,37,11.0,2.75,1.44,3.06,1.43,3.06,1.49
2021-03-29,Miami Open,3rd Round,Hard,Rublev A.,Fucsovics M.,8,40.0,1.14,5.5,1.18,5.54,1.2,6.0
2021-03-29,Miami Open,3rd Round,Hard,Korda S.,Karatsev A.,87,27.0,3.0,1.4,2.8,1.5,3.11,1.5
2021-03-29,Miami Open,3rd Round,Hard,Sonego L.,Galan D.E.,34,113.0,1.33,3.4,1.39,3.28,1.41,3.46
2021-03-30,Miami Open,4th Round,Hard,Medvedev D.,Tiafoe F.,2,58.0,1.14,5.5,1.16,6.2,1.18,6.5
2021-03-30,Miami Open,4th Round,Hard,Hurkacz H.,Raonic M.,37,19.0,3.2,1.36,3.0,1.45,3.25,1.45
2021-03-30,Miami Open,4th Round,Hard,Bublik A.,Fritz T.,44,32.0,2.3,1.61,2.33,1.68,2.4,1.7
2021-03-30,Miami Open,4th Round,Hard,Sinner J.,Ruusuvuori E.,31,83.0,1.44,2.75,1.5,2.8,1.5,3.3
2021-03-30,Miami Open,3rd Round,Hard,Tsitsipas S.,Nishikori K.,5,39.0,1.2,4.5,1.26,4.35,1.28,4.55
2021-03-30,Miami Open,4th Round,Hard,Korda S.,Schwartzman D.,87,9.0,2.37,1.57,2.45,1.63,2.45,1.8
2021-03-30,Miami Open,4th Round,Hard,Bautista Agut R.,Isner J.,12,28.0,1.53,2.5,1.56,2.6,1.62,2.75
2021-03-31,Miami Open,4th Round,Hard,Tsitsipas S.,Sonego L.,5,34.0,1.12,6.0,1.15,6.38,1.15,6.6
2021-03-31,Miami Open,Quarterfinals,Hard,Sinner J.,Bublik A.,31,44.0,1.36,3.2,1.33,3.64,1.37,3.7
2021-03-31,Miami Open,4th Round,Hard,Rublev A.,Cilic M.,8,45.0,1.1,7.0,1.1,8.59,1.11,8.75
2021-04-01,Miami Open,Quarterfinals,Hard,Bautista Agut R.,Medvedev D.,12,2.0,3.5,1.3,3.81,1.31,4.0,1.33
2021-04-01,Miami Open,Quarterfinals,Hard,Hurkacz H.,Tsitsipas S.,37,5.0,4.5,1.2,4.74,1.23,4.89,1.24
2021-04-02,Miami Open,Quarterfinals,Hard,Rublev A.,Korda S.,8,87.0,1.2,4.5,1.21,5.09,1.22,5.25
2021-04-02,Miami Open,Semifinals,Hard,Sinner J.,Bautista Agut R.,31,12.0,2.0,1.8,2.09,1.83,2.28,1.87
2021-04-03,Miami Open,Semifinals,Hard,Hurkacz H.,Rublev A.,37,8.0,4.33,1.22,4.45,1.25,4.65,1.26
2021-04-04,Miami Open,The Final,Hard,Hurkacz H.,Sinner J.,37,31.0,2.37,1.57,2.36,1.66,2.55,1.7
2021-04-05,AnyTech365 Andalucia Open,1st Round,Hard,Delbonis F.,Carballes Baena R.,85,98.0,1.66,2.2,1.53,2.67,1.68,2.75
2021-04-05,AnyTech365 Andalucia Open,1st Round,Hard,Gombos N.,Londero J.I.,99,94.0,2.1,1.72,2.25,1.71,2.25,1.83
2021-04-05,Sardegna Open,1st Round,Hard,Bedene A.,Zeppieri G.,58,313.0,1.3,3.5,1.33,3.59,1.35,3.75
2021-04-05,AnyTech365 Andalucia Open,1st Round,Hard,Kwon S.W.,Rune H.,81,321.0,3.4,1.33,2.8,1.49,3.55,1.55
2021-04-05,Sardegna Open,1st Round,Hard,Djere L.,Gaio F.,57,137.0,1.28,3.75,1.31,3.74,1.32,4.15
2021-04-05,Sardegna Open,1st Round,Hard,Gerasimov E.,Pella G.,80,48.0,2.5,1.53,2.44,1.61,2.56,1.61
2021-04-05,Sardegna Open,1st Round,Hard,Hanfmann Y.,Paul T.,105,53.0,1.9,1.9,1.94,1.94,2.05,2.05
2021-04-05,AnyTech365 Andalucia Open,1st Round,Hard,Berankis R.,Pouille L.,88,84.0,2.62,1.5,2.55,1.57,2.65,1.57
2021-04-06,AnyTech365 Andalucia Open,1st Round,Hard,Davidovich Fokina A.,Dzumhur D.,56,126.0,1.28,3.75,1.32,3.66,1.33,3.8
2021-04-06,AnyTech365 Andalucia Open,1st Round,Hard,Mager G.,Kukushkin M.,91,102.0,1.36,3.2,1.41,3.14,1.43,3.45
2021-04-06,AnyTech365 Andalucia Open,1st Round,Hard,Munar J.,Laaksonen H.,95,135.0,1.25,4.0,1.33,3.57,1.35,4.0
2021-04-06,AnyTech365 Andalucia Open,1st Round,Hard,Lopez F.,Daniel T.,64,117.0,2.2,1.66,2.16,1.76,2.4,1.76
2021-04-06,AnyTech365 Andalucia Open,1st Round,Hard,Vilella Martinez M.,Zapata Miralles B.,188,146.0,2.3,1.61,2.61,1.55,2.73,1.63
2021-04-06,AnyTech365 Andalucia Open,1st Round,Hard,Bagnis F.,Cerundolo F.,104,114.0,2.1,1.72,1.97,1.92,2.12,1.95
2021-04-06,AnyTech365 Andalucia Open,1st Round,Hard,Ivashka I.,Martinez P.,115,100.0,2.62,1.5,2.58,1.56,2.8,1.56
2021-04-06,AnyTech365 Andalucia Open,1st Round,Hard,Alcaraz C.,Milojevic N.,133,129.0,1.4,3.0,1.47,2.88,1.47,3.1
2021-04-06,Sardegna Open,1st Round,Hard,Broady L.,Huesler M.A.,152,151.0,2.1,1.72,2.27,1.7,2.35,1.83
2021-04-06,Sardegna Open,1st Round,Hard,Martin A.,Vesely J.,106,72.0,2.62,1.5,2.5,1.59,2.77,1.62
2021-04-06,Sardegna Open,1st Round,Hard,Cecchinato M.,Fabbiano T.,93,172.0,1.25,4.0,1.27,4.1,1.29,4.33
2021-04-06,Sardegna Open,1st Round,Hard,Millman J.,Coria F.,44,86.0,2.5,1.53,2.46,1.61,2.7,1.63
2021-04-06,Sardegna Open,1st Round,Hard,Simon G.,Travaglia S.,63,69.0,3.4,1.33,3.16,1.4,3.47,1.42
2021-04-06,Sardegna Open,1st Round,Hard,Kovalik J.,Nagal S.,128,136.0,2.62,1.5,2.67,1.53,2.77,1.57
2021-04-06,Sardegna Open,1st Round,Hard,Struff J.L.,Sousa J.,41,107.0,1.25,4.0,1.25,4.36,1.27,4.5
2021-04-06,Sardegna Open,1st Round,Hard,Musetti L.,Novak D.,90,101.0,1.22,4.33,1.25,4.36,1.26,4.5
2021-04-07,AnyTech365 Andalucia Open,2nd Round,Hard,Ramos-Vinolas A.,Berankis R.,47,88.0,1.3,3.5,1.34,3.61,1.35,4.0
2021-04-07,AnyTech365 Andalucia Open,2nd Round,Hard,Kwon S.W.,Bagnis F.,81,104.0,3.5,1.3,3.3,1.39,3.5,1.39
2021-04-07,AnyTech365 Andalucia Open,2nd Round,Hard,Gombos N.,Delbonis F.,99,85.0,3.4,1.33,3.06,1.43,3.47,1.44
2021-04-07,Sardegna Open,2nd Round,Hard,Fritz T.,Martin A.,30,106.0,1.57,2.37,1.61,2.49,1.66,2.55
2021-04-07,Sardegna Open,2nd Round,Hard,Basilashvili N.,Kovalik J.,37,128.0,1.8,2.0,1.76,2.19,1.87,2.22
2021-04-07,Sardegna Open,2nd Round,Hard,Bedene A.,Gerasimov E.,58,80.0,1.8,2.0,1.79,2.15,2.07,2.2
2021-04-07,Sardegna Open,2nd Round,Hard,Struff J.L.,Broady L.,41,152.0,1.57,2.37,1.65,2.38,1.69,2.63
2021-04-07,AnyTech365 Andalucia Open,2nd Round,Hard,Carreno Busta P.,Vilella Martinez M.,15,188.0,1.4,3.0,1.41,3.17,1.48,3.17
2021-04-08,AnyTech365 Andalucia Open,2nd Round,Hard,Ivashka I.,Davidovich Fokina A.,115,56.0,4.0,1.25,4.22,1.27,4.38,1.27
2021-04-08,AnyTech365 Andalucia Open,2nd Round,Hard,Munar J.,Fognini F.,95,18.0,1.72,2.1,1.8,2.13,1.91,2.36
2021-04-08,AnyTech365 Andalucia Open,2nd Round,Hard,Ruud C.,Mager G.,26,91.0,1.53,2.5,1.54,2.66,1.62,2.7
2021-04-08,AnyTech365 Andalucia Open,2nd Round,Hard,Alcaraz C.,Lopez F.,133,64.0,1.36,3.2,1.33,3.69,1.4,3.7
2021-04-08,Sardegna Open,2nd Round,Hard,Musetti L.,Evans D.,90,32.0,1.3,3.5,1.28,4.14,1.37,4.25
2021-04-08,Sardegna Open,2nd Round,Hard,Hanfmann Y.,Cecchinato M.,105,93.0,1.8,2.0,1.88,2.03,1.95,2.07
2021-04-08,Sardegna Open,2nd Round,Hard,Djere L.,Millman J.,57,44.0,1.3,3.5,1.31,3.87,1.37,3.87
2021-04-08,Sardegna Open,2nd Round,Hard,Sonego L.,Simon G.,34,63.0,1.36,3.2,1.35,3.53,1.4,3.53
2021-04-09,AnyTech365 Andalucia Open,Quarterfinals,Hard,Ramos-Vinolas A.,Gombos N.,47,99.0,1.4,3.0,1.4,3.22,1.42,3.26
2021-04-09,AnyTech365 Andalucia Open,Quarterfinals,Hard,Alcaraz C.,Ruud C.,133,26.0,2.75,1.44,2.93,1.47,3.0,1.49
2021-04-09,Sardegna Open,Quarterfinals,Hard,Basilashvili N.,Struff J.L.,37,41.0,2.5,1.53,2.48,1.61,2.6,1.62
2021-04-09,Sardegna Open,Quarterfinals,Hard,Djere L.,Musetti L.,57,90.0,2.0,1.8,2.02,1.88,2.1,1.95
2021-04-09,Sardegna Open,Quarterfinals,Hard,Sonego L.,Hanfmann Y.,34,105.0,1.53,2.5,1.63,2.44,1.63,2.65
2021-04-09,Sardegna Open,Quarterfinals,Hard,Fritz T.,Bedene A.,30,58.0,1.8,2.0,1.93,1.97,1.93,2.1
2021-04-09,AnyTech365 Andalucia Open,Quarterfinals,Hard,Carreno Busta P.,Kwon S.W.,15,81.0,1.22,4.33,1.26,4.34,1.26,4.59
2021-04-09,AnyTech365 Andalucia Open,Quarterfinals,Hard,Munar J.,Ivashka I.,95,115.0,1.36,3.2,1.39,3.26,1.41,3.5
2021-04-10,AnyTech365 Andalucia Open,Semifinals,Hard,Munar J.,Alcaraz C.,95,133.0,2.37,1.57,2.48,1.61,2.54,1.63
2021-04-10,AnyTech365 Andalucia Open,Semifinals,Hard,Carreno Busta P.,Ramos-Vinolas A.,15,47.0,1.4,3.0,1.48,2.89,1.53,3.04
2021-04-10,Sardegna Open,Semifinals,Hard,Djere L.,Basilashvili N.,57,37.0,1.5,2.62,1.45,2.97,1.57,2.97
2021-04-10,Sardegna Open,Semifinals,Hard,Sonego L.,Fritz T.,34,30.0,1.72,2.1,1.69,2.3,1.8,2.4
2021-04-11,Sardegna Open,The Final,Hard,Sonego L.,Djere L.,34,57.0,2.2,1.66,2.37,1.66,2.45,1.73
2021-04-11,AnyTech365 Andalucia Open,The Final,Hard,Carreno Busta P.,Munar J.,15,95.0,1.57,2.37,1.67,2.36,1.71,2.65
2021-04-11,Monte Carlo Masters,1st Round,Clay,Goffin D.,Cilic M.,15,43.0,1.72,2.1,1.76,2.19,1.8,2.2
2021-04-11,Monte Carlo Masters,1st Round,Clay,Thompson J.,Paire B.,63,35.0,1.8,2.0,1.73,2.24,1.81,2.3
2021-04-12,Monte Carlo Masters,1st Round,Clay,Millman J.,Humbert U.,44,32.0,2.62,1.5,2.6,1.56,2.75,1.57
2021-04-12,Monte Carlo Masters,1st Round,Clay,Paul T.,Martinez P.,54,100.0,1.8,2.0,1.91,2.0,1.92,2.1
2021-04-12,Monte Carlo Masters,1st Round,Clay,Davidovich Fokina A.,De Minaur A.,58,25.0,1.66,2.2,1.69,2.31,1.77,2.31
2021-04-12,Monte Carlo Masters,1st Round,Clay,Karatsev A.,Musetti L.,29,84.0,1.8,2.0,1.91,2.0,1.99,2.17
2021-04-13,Monte Carlo Masters,1st Round,Clay,Popyrin A.,Andujar P.,83,80.0,1.5,2.62,1.47,2.92,1.57,2.95
2021-04-13,Monte Carlo Masters,2nd Round,Clay,Davidovich Fokina A.,Berrettini M.,58,10.0,2.0,1.8,1.95,1.95,2.1,1.95
2021-04-13,Monte Carlo Masters,2nd Round,Clay,Tsitsipas S.,Karatsev A.,5,29.0,1.53,2.5,1.54,2.66,1.59,2.75
2021-04-13,Monte Carlo Masters,1st Round,Clay,Krajinovic F.,Basilashvili N.,37,36.0,1.36,3.2,1.4,3.2,1.43,3.25
2021-04-13,Monte Carlo Masters,1st Round,Clay,Carreno Busta P.,Travaglia S.,12,67.0,1.44,2.75,1.41,3.15,1.49,3.25
2021-04-13,Monte Carlo Masters,1st Round,Clay,Khachanov K.,Djere L.,23,49.0,1.66,2.2,1.79,2.15,1.85,2.28
2021-04-13,Monte Carlo Masters,1st Round,Clay,Sonego L.,Fucsovics M.,28,40.0,2.3,1.61,2.24,1.73,2.45,1.73
2021-04-13,Monte Carlo Masters,1st Round,Clay,Dimitrov G.,Struff J.L.,17,41.0,1.61,2.3,1.61,2.49,1.71,2.66
2021-04-13,Monte Carlo Masters,1st Round,Clay,Ruud C.,Rune H.,27,322.0,1.16,5.0,1.17,5.89,1.2,7.0
2021-04-13,Monte Carlo Masters,1st Round,Clay,Bautista Agut R.,Fritz T.,11,30.0,1.36,3.2,1.4,3.24,1.45,3.25
2021-04-13,Monte Carlo Masters,1st Round,Clay,Chardy J.,Bublik A.,53,42.0,1.66,2.2,1.69,2.31,1.8,2.35
2021-04-13,Monte Carlo Masters,1st Round,Clay,Garin C.,Auger-Aliassime F.,24,21.0,2.1,1.72,2.13,1.8,2.35,1.8
2021-04-13,Monte Carlo Masters,1st Round,Clay,Evans D.,Lajovic D.,33,31.0,2.5,1.53,2.54,1.59,2.6,1.61
2021-04-13,Monte Carlo Masters,1st Round,Clay,Hurkacz H.,Fabbiano T.,16,171.0,1.25,4.0,1.3,3.9,1.31,4.25
2021-04-13,Monte Carlo Masters,1st Round,Clay,Fognini F.,Kecmanovic M.,18,47.0,1.57,2.37,1.68,2.34,1.7,2.57
2021-04-13,Monte Carlo Masters,1st Round,Clay,Pouille L.,Pella G.,86,48.0,2.0,1.8,2.13,1.8,2.15,1.84
2021-04-13,Monte Carlo Masters,1st Round,Clay,Delbonis F.,Mannarino A.,87,34.0,1.28,3.75,1.29,4.06,1.31,4.2
2021-04-13,Monte Carlo Masters,1st Round,Clay,Sinner J.,Ramos-Vinolas A.,22,46.0,1.33,3.4,1.41,3.15,1.44,3.47
2021-04-13,Monte Carlo Masters,1st Round,Clay,Cecchinato M.,Koepfer D.,92,56.0,2.0,1.8,1.95,1.95,2.05,2.02
2021-04-13,Monte Carlo Masters,1st Round,Clay,Caruso S.,Catarina L.,89,388.0,1.14,5.5,1.13,7.25,1.2,7.25
2021-04-14,Monte Carlo Masters,2nd Round,Clay,Krajinovic F.,Londero J.I.,37,94.0,1.16,5.0,1.19,5.5,1.22,5.5
2021-04-14,Monte Carlo Masters,2nd Round,Clay,Zverev A.,Sonego L.,6,28.0,1.44,2.75,1.43,3.06,1.51,3.06
2021-04-14,Monte Carlo Masters,2nd Round,Clay,Carreno Busta P.,Khachanov K.,12,23.0,2.0,1.8,1.97,1.93,2.06,1.95
2021-04-14,Monte Carlo Masters,2nd Round,Clay,Nadal R.,Delbonis F.,3,87.0,1.04,13.0,1.04,15.32,1.05,17.0
2021-04-14,Monte Carlo Masters,2nd Round,Clay,Bautista Agut R.,Paul T.,11,54.0,1.25,4.0,1.27,4.2,1.27,4.33
2021-04-14,Monte Carlo Masters,2nd Round,Clay,Evans D.,Hurkacz H.,33,16.0,2.5,1.53,2.62,1.56,2.76,1.59
2021-04-14,Monte Carlo Masters,2nd Round,Clay,Pouille L.,Popyrin A.,86,83.0,2.2,1.66,2.44,1.63,2.44,1.67
2021-04-14,Monte Carlo Masters,2nd Round,Clay,Garin C.,Millman J.,24,44.0,1.28,3.75,1.27,4.21,1.3,4.35
2021-04-14,Monte Carlo Masters,2nd Round,Clay,Ruud C.,Schwartzman D.,27,9.0,2.5,1.53,2.69,1.53,2.71,1.58
2021-04-14,Monte Carlo Masters,2nd Round,Clay,Djokovic N.,Sinner J.,1,22.0,1.33,3.4,1.34,3.57,1.36,3.57
2021-04-14,Monte Carlo Masters,2nd Round,Clay,Fognini F.,Thompson J.,18,63.0,1.2,4.5,1.19,5.45,1.22,5.5
2021-04-14,Monte Carlo Masters,2nd Round,Clay,Rublev A.,Caruso S.,8,89.0,1.08,8.0,1.07,10.94,1.12,10.94
2021-04-14,Monte Carlo Masters,2nd Round,Clay,Goffin D.,Cecchinato M.,15,92.0,1.57,2.37,1.61,2.49,1.65,2.7
2021-04-14,Monte Carlo Masters,2nd Round,Clay,Dimitrov G.,Chardy J.,17,53.0,1.4,3.0,1.41,3.19,1.43,3.3
2021-04-15,Monte Carlo Masters,3rd Round,Clay,Ruud C.,Carreno Busta P.,27,12.0,1.9,1.9,1.8,2.13,2.01,2.13
2021-04-15,Monte Carlo Masters,3rd Round,Clay,Rublev A.,Bautista Agut R.,8,11.0,1.44,2.75,1.46,2.95,1.49,3.1
2021-04-15,Monte Carlo Masters,3rd Round,Clay,Nadal R.,Dimitrov G.,3,17.0,1.05,11.0,1.04,15.29,1.07,15.29
2021-04-15,Monte Carlo Masters,3rd Round,Clay,Fognini F.,Krajinovic F.,18,37.0,2.0,1.8,2.06,1.85,2.06,1.93
2021-04-15,Monte Carlo Masters,3rd Round,Clay,Evans D.,Djokovic N.,33,1.0,11.0,1.05,12.79,1.06,14.0,1.07
2021-04-15,Monte Carlo Masters,3rd Round,Clay,Goffin D.,Zverev A.,15,6.0,2.5,1.53,2.7,1.53,2.75,1.54
2021-04-15,Monte Carlo Masters,3rd Round,Clay,Tsitsipas S.,Garin C.,5,24.0,1.33,3.4,1.32,3.72,1.39,3.72
2021-04-15,Monte Carlo Masters,3rd Round,Clay,Davidovich Fokina A.,Pouille L.,58,86.0,1.28,3.75,1.32,3.77,1.35,4.05
2021-04-16,Monte Carlo Masters,Quarterfinals,Clay,Tsitsipas S.,Davidovich Fokina A.,5,58.0,1.22,4.33,1.21,5.11,1.27,5.11
2021-04-16,Monte Carlo Masters,Quarterfinals,Clay,Evans D.,Goffin D.,33,15.0,2.5,1.53,2.9,1.47,2.9,1.62
2021-04-16,Monte Carlo Masters,Quarterfinals,Clay,Ruud C.,Fognini F.,27,18.0,1.72,2.1,1.77,2.18,1.8,2.25
2021-04-16,Monte Carlo Masters,Quarterfinals,Clay,Rublev A.,Nadal R.,8,3.0,6.5,1.11,5.87,1.17,6.75,1.19
2021-04-17,Monte Carlo Masters,Semifinals,Clay,Tsitsipas S.,Evans D.,5,33.0,1.16,5.0,1.14,6.63,1.19,6.63
2021-04-17,Monte Carlo Masters,Semifinals,Clay,Rublev A.,Ruud C.,8,27.0,1.33,3.4,1.41,3.18,1.41,3.82
2021-04-18,Monte Carlo Masters,The Final,Clay,Tsitsipas S.,Rublev A.,5,8.0,2.0,1.8,2.0,1.91,2.22,1.92
2021-04-19,Barcelona Open,1st Round,Clay,Chardy J.,Basilashvili N.,51,36.0,1.4,3.0,1.53,2.67,1.55,3.07
2021-04-19,Serbia Open,1st Round,Clay,Millman J.,Petrovic D.,43,157.0,1.44,2.75,1.44,3.0,1.45,3.1
2021-04-19,Serbia Open,1st Round,Clay,Krajinovic F.,Travaglia S.,33,63.0,1.4,3.0,1.34,3.5,1.48,3.5
2021-04-19,Serbia Open,1st Round,Clay,Cecchinato M.,Troicki V.,94,196.0,1.25,4.0,1.28,4.02,1.28,4.4
2021-04-19,Barcelona Open,1st Round,Clay,Munar J.,Monteiro T.,86,76.0,1.36,3.2,1.37,3.36,1.38,3.55
2021-04-19,Barcelona Open,1st Round,Clay,Ivashka I.,Griekspoor T.,111,144.0,1.44,2.75,1.56,2.59,1.56,2.95
2021-04-19,Barcelona Open,1st Round,Clay,Gaio F.,Paire B.,138,35.0,2.3,1.61,2.27,1.7,2.47,1.74
2021-04-19,Serbia Open,1st Round,Clay,Milojevic N.,Coria F.,134,90.0,1.61,2.3,1.71,2.24,1.74,2.33
2021-04-19,Barcelona Open,1st Round,Clay,Norrie C.,Caruso S.,58,81.0,2.3,1.61,2.34,1.66,2.4,1.74
2021-04-19,Barcelona Open,1st Round,Clay,Gerasimov E.,Tsonga J.W.,77,71.0,1.36,3.2,1.39,3.24,1.43,3.52
2021-04-19,Barcelona Open,1st Round,Clay,Herbert P.H.,Nagal S.,78,135.0,1.8,2.0,1.81,2.1,1.95,2.1
2021-04-19,Barcelona Open,1st Round,Clay,Zapata Miralles B.,Kuznetsov An.,147,480.0,1.57,2.37,1.6,2.49,1.63,2.5
2021-04-19,Barcelona Open,1st Round,Clay,Andujar P.,Simon G.,80,70.0,1.53,2.5,1.54,2.63,1.57,2.81
2021-04-19,Barcelona Open,1st Round,Clay,Nishikori K.,Pella G.,39,50.0,1.3,3.5,1.34,3.55,1.34,4.05
2021-04-20,Serbia Open,1st Round,Clay,Mager G.,Djere L.,98,49.0,3.5,1.3,3.67,1.32,4.15,1.32
2021-04-20,Serbia Open,1st Round,Clay,Kecmanovic M.,Bagnis F.,47,102.0,1.8,2.0,1.83,2.08,2.16,2.2
2021-04-20,Serbia Open,1st Round,Clay,Daniel T.,Sousa J.,126,105.0,,,,,3.35,1.73
2021-04-20,Serbia Open,1st Round,Clay,Bedene A.,Korda S.,56,66.0,2.37,1.57,2.36,1.65,2.46,1.69
2021-04-20,Serbia Open,1st Round,Clay,Kwon S.W.,Carballes Baena R.,85,91.0,2.62,1.5,2.61,1.55,2.71,1.57
2021-04-20,Serbia Open,1st Round,Clay,Rinderknech A.,Londero J.I.,129,97.0,1.44,2.75,1.63,2.42,1.63,2.95
2021-04-20,Serbia Open,1st Round,Clay,Popyrin A.,Cerundolo F.,79,115.0,1.72,2.1,1.82,2.08,1.88,2.1
2021-04-20,Serbia Open,1st Round,Clay,Delbonis F.,Berankis R.,84,89.0,1.44,2.75,1.45,2.93,1.47,3.15
2021-04-20,Barcelona Open,2nd Round,Clay,Shapovalov D.,Chardy J.,14,51.0,1.53,2.5,1.54,2.67,1.59,2.67
2021-04-20,Barcelona Open,1st Round,Clay,Ramos-Vinolas A.,Rune H.,46,323.0,1.4,3.0,1.38,3.3,1.43,3.35
2021-04-20,Barcelona Open,1st Round,Clay,Thompson J.,Gasquet R.,59,52.0,2.1,1.72,2.37,1.65,2.4,1.75
2021-04-20,Barcelona Open,1st Round,Clay,Moutet C.,Koepfer D.,75,54.0,2.3,1.61,2.17,1.76,2.35,1.76
2021-04-20,Barcelona Open,1st Round,Clay,Musetti L.,Lopez F.,87,61.0,1.28,3.75,1.31,3.74,1.4,4.0
2021-04-20,Barcelona Open,1st Round,Clay,Bublik A.,Davidovich Fokina A.,42,48.0,2.62,1.5,2.63,1.54,3.03,1.63
2021-04-20,Barcelona Open,1st Round,Clay,Tiafoe F.,Alcaraz C.,65,119.0,2.5,1.53,2.55,1.57,2.74,1.6
2021-04-20,Barcelona Open,2nd Round,Clay,Goffin D.,Herbert P.H.,12,78.0,1.4,3.0,1.42,3.13,1.45,3.44
2021-04-20,Barcelona Open,2nd Round,Clay,Bautista Agut R.,Andujar P.,11,80.0,1.16,5.0,1.19,5.39,1.21,5.58
2021-04-20,Barcelona Open,2nd Round,Clay,Norrie C.,Khachanov K.,58,23.0,3.4,1.33,3.6,1.34,3.72,1.35
2021-04-20,Barcelona Open,2nd Round,Clay,Sinner J.,Gerasimov E.,19,77.0,1.12,6.0,1.14,6.78,1.15,7.0
2021-04-21,Barcelona Open,2nd Round,Clay,Rublev A.,Gaio F.,7,138.0,1.04,13.0,1.06,12.52,1.08,15.0
2021-04-21,Serbia Open,2nd Round,Clay,Krajinovic F.,Milojevic N.,33,134.0,1.3,3.5,1.42,3.14,1.42,3.57
2021-04-21,Serbia Open,2nd Round,Clay,Berrettini M.,Cecchinato M.,10,94.0,1.53,2.5,1.61,2.49,1.66,2.56
2021-04-21,Serbia Open,2nd Round,Clay,Djokovic N.,Kwon S.W.,1,85.0,1.01,21.0,1.02,24.54,1.02,26.0
2021-04-21,Serbia Open,2nd Round,Clay,Kecmanovic M.,Rinderknech A.,47,129.0,1.53,2.5,1.56,2.62,1.57,2.65
2021-04-21,Barcelona Open,2nd Round,Clay,Ramos-Vinolas A.,Mannarino A.,46,34.0,1.25,4.0,1.27,4.24,1.28,4.25
2021-04-21,Barcelona Open,2nd Round,Clay,Nadal R.,Ivashka I.,3,111.0,1.02,19.0,1.02,20.9,1.03,22.0
2021-04-21,Barcelona Open,2nd Round,Clay,De Minaur A.,Bublik A.,25,42.0,1.66,2.2,1.74,2.22,1.74,2.3
2021-04-21,Barcelona Open,2nd Round,Clay,Tsitsipas S.,Munar J.,5,86.0,1.22,4.33,1.24,4.59,1.28,4.75
2021-04-21,Barcelona Open,2nd Round,Clay,Carreno Busta P.,Thompson J.,13,59.0,1.12,6.0,1.1,8.67,1.14,8.67
2021-04-21,Barcelona Open,2nd Round,Clay,Moutet C.,Evans D.,75,26.0,2.1,1.72,2.13,1.8,2.36,1.87
2021-04-21,Barcelona Open,2nd Round,Clay,Zapata Miralles B.,Fognini F.,147,27.0,2.75,1.44,2.8,1.5,2.92,1.5
2021-04-21,Barcelona Open,2nd Round,Clay,Nishikori K.,Garin C.,39,22.0,2.62,1.5,2.56,1.58,2.62,1.6
2021-04-21,Barcelona Open,2nd Round,Clay,Schwartzman D.,Tiafoe F.,9,65.0,1.36,3.2,1.32,3.74,1.4,3.74
2021-04-21,Barcelona Open,2nd Round,Clay,Auger-Aliassime F.,Musetti L.,20,87.0,1.8,2.0,1.78,2.16,1.85,2.28
2021-04-22,Barcelona Open,3rd Round,Clay,Norrie C.,Goffin D.,58,12.0,3.0,1.4,3.02,1.44,3.21,1.45
2021-04-22,Serbia Open,2nd Round,Clay,Karatsev A.,Bedene A.,28,56.0,1.44,2.75,1.46,2.93,1.5,3.0
2021-04-22,Serbia Open,2nd Round,Clay,Mager G.,Popyrin A.,98,79.0,1.9,1.9,2.1,1.82,2.2,2.0
2021-04-22,Serbia Open,2nd Round,Clay,Delbonis F.,Lajovic D.,84,37.0,2.0,1.8,1.95,1.95,2.1,2.0
2021-04-22,Serbia Open,2nd Round,Clay,Daniel T.,Millman J.,126,43.0,2.2,1.66,2.3,1.69,2.37,1.71
2021-04-22,Barcelona Open,3rd Round,Clay,Nadal R.,Nishikori K.,3,39.0,1.08,8.0,1.11,7.92,1.17,8.5
2021-04-22,Barcelona Open,3rd Round,Clay,Schwartzman D.,Moutet C.,9,75.0,1.22,4.33,1.27,4.21,1.29,4.57
2021-04-22,Barcelona Open,3rd Round,Clay,Carreno Busta P.,Zapata Miralles B.,13,147.0,1.2,4.5,1.22,4.84,1.24,4.84
2021-04-22,Barcelona Open,3rd Round,Clay,Rublev A.,Ramos-Vinolas A.,7,46.0,1.16,5.0,1.18,5.65,1.21,5.76
2021-04-22,Barcelona Open,3rd Round,Clay,Auger-Aliassime F.,Shapovalov D.,20,14.0,1.8,2.0,1.93,1.97,1.97,2.05
2021-04-22,Barcelona Open,3rd Round,Clay,Sinner J.,Bautista Agut R.,19,11.0,1.72,2.1,1.77,2.18,1.83,2.2
2021-04-22,Barcelona Open,3rd Round,Clay,Tsitsipas S.,De Minaur A.,5,25.0,1.1,7.0,1.11,7.88,1.15,8.25
2021-04-23,Barcelona Open,Quarterfinals,Clay,Tsitsipas S.,Auger-Aliassime F.,5,20.0,1.3,3.5,1.29,4.0,1.3,4.03
2021-04-23,Barcelona Open,Quarterfinals,Clay,Carreno Busta P.,Schwartzman D.,13,9.0,2.1,1.72,2.14,1.79,2.28,1.83
2021-04-23,Barcelona Open,Quarterfinals,Clay,Nadal R.,Norrie C.,3,58.0,1.05,11.0,1.07,11.51,1.08,15.0
2021-04-23,Barcelona Open,Quarterfinals,Clay,Sinner J.,Rublev A.,19,7.0,1.72,2.1,1.93,1.98,2.06,2.13
2021-04-23,Serbia Open,Quarterfinals,Clay,Berrettini M.,Krajinovic F.,10,33.0,1.9,1.9,1.93,1.98,1.96,2.2
2021-04-23,Serbia Open,Quarterfinals,Clay,Djokovic N.,Kecmanovic M.,1,47.0,1.05,11.0,1.08,10.44,1.09,12.0
2021-04-23,Serbia Open,Quarterfinals,Clay,Daniel T.,Delbonis F.,126,84.0,2.75,1.44,2.83,1.49,3.2,1.51
2021-04-23,Serbia Open,Quarterfinals,Clay,Karatsev A.,Mager G.,28,98.0,1.44,2.75,1.46,2.96,1.49,2.96
2021-04-24,Barcelona Open,Semifinals,Clay,Tsitsipas S.,Sinner J.,5,19.0,1.44,2.75,1.42,3.14,1.5,3.15
2021-04-24,Serbia Open,Semifinals,Clay,Berrettini M.,Daniel T.,10,126.0,1.14,5.5,1.19,5.39,1.2,6.5
2021-04-24,Barcelona Open,Semifinals,Clay,Nadal R.,Carreno Busta P.,3,13.0,1.14,5.5,1.19,5.49,1.21,6.0
2021-04-24,Serbia Open,Semifinals,Clay,Karatsev A.,Djokovic N.,28,1.0,6.0,1.12,6.0,1.17,6.35,1.18
2021-04-25,Serbia Open,The Final,Clay,Berrettini M.,Karatsev A.,10,28.0,2.0,1.8,1.95,1.95,2.09,1.95
2021-04-25,Barcelona Open,The Final,Clay,Nadal R.,Tsitsipas S.,3,5.0,1.57,2.37,1.54,2.66,1.63,2.66
2021-04-26,BMW Open,1st Round,Clay,Pella G.,Gerasimov E.,55,76.0,1.44,2.75,1.51,2.72,1.56,2.93
2021-04-26,BMW Open,1st Round,Clay,Coria F.,Stebe C.M.,90,134.0,2.2,1.66,2.4,1.63,2.5,1.71
2021-04-26,BMW Open,1st Round,Clay,Ivashka I.,Ruusuvuori E.,107,75.0,1.36,3.2,1.42,3.07,1.47,3.2
2021-04-26,BMW Open,1st Round,Clay,Berankis R.,Marterer M.,89,219.0,2.1,1.72,2.2,1.74,2.33,1.83
2021-04-26,BMW Open,1st Round,Clay,Millman J.,Popyrin A.,40,77.0,2.3,1.61,2.23,1.72,2.38,1.76
2021-04-26,Millennium Estoril Open,1st Round,Clay,Davidovich Fokina A.,Andujar P.,48,80.0,1.36,3.2,1.36,3.39,1.5,3.39
2021-04-26,Millennium Estoril Open,1st Round,Clay,Chardy J.,Munar J.,51,88.0,2.5,1.53,2.68,1.53,2.7,1.58
2021-04-26,Millennium Estoril Open,1st Round,Clay,Borges N.,Thompson J.,331,61.0,1.57,2.37,1.53,2.67,1.66,2.67
2021-04-26,Millennium Estoril Open,1st Round,Clay,Anderson K.,Tiafoe F.,105,64.0,3.2,1.36,3.28,1.38,3.3,1.41
2021-04-27,BMW Open,1st Round,Clay,Galan D.E.,Korda S.,115,65.0,3.2,1.36,3.61,1.33,3.61,1.4
2021-04-27,BMW Open,1st Round,Clay,Hanfmann Y.,Daniel T.,98,112.0,1.4,3.0,1.42,3.09,1.43,3.25
2021-04-27,BMW Open,1st Round,Clay,Koepfer D.,Kohlschreiber P.,54,114.0,1.53,2.5,1.46,2.92,1.59,2.95
2021-04-27,BMW Open,1st Round,Clay,Basilashvili N.,Monteiro T.,35,78.0,2.2,1.66,2.25,1.71,2.73,1.8
2021-04-27,BMW Open,1st Round,Clay,Struff J.L.,Martin A.,44,110.0,1.33,3.4,1.37,3.35,1.4,3.8
2021-04-27,BMW Open,1st Round,Clay,Mcdonald M.,Lajovic D.,127,37.0,2.37,1.57,2.5,1.59,2.56,1.62
2021-04-27,BMW Open,1st Round,Clay,Cuevas P.,Sandgren T.,85,62.0,2.3,1.61,2.29,1.68,2.38,1.83
2021-04-27,Millennium Estoril Open,1st Round,Clay,Cecchinato M.,Harris L.,94,53.0,1.5,2.62,1.52,2.7,1.56,3.22
2021-04-27,Millennium Estoril Open,1st Round,Clay,Gasquet R.,Londero J.I.,52,97.0,1.44,2.75,1.51,2.73,1.51,2.86
2021-04-27,Millennium Estoril Open,1st Round,Clay,Martinez P.,Bublik A.,100,43.0,1.8,2.0,1.9,1.99,1.98,2.1
2021-04-27,Millennium Estoril Open,1st Round,Clay,Cilic M.,Alcaraz C.,42,120.0,2.37,1.57,2.55,1.57,2.6,1.68
2021-04-27,Millennium Estoril Open,1st Round,Clay,Herbert P.H.,Simon G.,86,69.0,1.57,2.37,1.57,2.55,1.67,2.7
2021-04-27,Millennium Estoril Open,1st Round,Clay,Norrie C.,Sousa J.,50,103.0,1.33,3.4,1.38,3.27,1.41,3.44
2021-04-27,Millennium Estoril Open,1st Round,Clay,Ramos-Vinolas A.,Verdasco F.,46,71.0,1.2,4.5,1.19,5.33,1.22,5.5
2021-04-27,Millennium Estoril Open,1st Round,Clay,Moutet C.,Giron M.,73,92.0,1.28,3.75,1.26,4.23,1.28,4.35
2021-04-28,BMW Open,2nd Round,Clay,Ivashka I.,Mcdonald M.,107,127.0,1.5,2.62,1.48,2.86,1.55,2.92
2021-04-28,BMW Open,2nd Round,Clay,Zverev A.,Berankis R.,6,89.0,1.11,6.5,1.1,8.88,1.12,9.0
2021-04-28,BMW Open,2nd Round,Clay,Ruud C.,Cuevas P.,24,85.0,1.16,5.0,1.19,5.44,1.2,5.75
2021-04-28,Millennium Estoril Open,2nd Round,Clay,Davidovich Fokina A.,Chardy J.,48,51.0,1.5,2.62,1.49,2.83,1.53,2.98
2021-04-28,Millennium Estoril Open,2nd Round,Clay,Humbert U.,Cecchinato M.,31,94.0,2.3,1.61,2.55,1.58,2.55,1.66
2021-04-28,Millennium Estoril Open,2nd Round,Clay,Cilic M.,Borges N.,42,331.0,1.5,2.62,1.44,3.03,1.53,3.03
2021-04-28,Millennium Estoril Open,2nd Round,Clay,Anderson K.,Carballes Baena R.,105,93.0,1.57,2.37,1.63,2.45,1.67,2.6
2021-04-28,BMW Open,2nd Round,Clay,Millman J.,Pella G.,40,55.0,2.2,1.66,2.45,1.63,2.45,1.73
2021-04-29,BMW Open,2nd Round,Clay,Struff J.L.,Koepfer D.,44,54.0,1.61,2.3,1.65,2.38,1.66,2.55
2021-04-29,BMW Open,2nd Round,Clay,Gombos N.,Coria F.,95,90.0,1.72,2.1,1.84,2.08,1.87,2.2
2021-04-29,BMW Open,2nd Round,Clay,Basilashvili N.,Galan D.E.,35,115.0,1.8,2.0,1.88,2.03,1.9,2.3
2021-04-29,BMW Open,2nd Round,Clay,Krajinovic F.,Hanfmann Y.,36,98.0,1.44,2.75,1.49,2.84,1.5,2.88
2021-04-29,Millennium Estoril Open,2nd Round,Clay,Ramos-Vinolas A.,Herbert P.H.,46,86.0,1.44,2.75,1.53,2.7,1.56,2.8
2021-04-29,Millennium Estoril Open,2nd Round,Clay,Norrie C.,Martinez P.,50,100.0,1.72,2.1,1.78,2.17,1.8,2.3
2021-04-29,Millennium Estoril Open,2nd Round,Clay,Garin C.,Gasquet R.,22,52.0,1.33,3.4,1.33,3.67,1.35,3.75
2021-04-29,Millennium Estoril Open,2nd Round,Clay,Moutet C.,Shapovalov D.,73,14.0,2.62,1.5,2.6,1.56,2.72,1.59
2021-04-30,Millennium Estoril Open,Quarterfinals,Clay,Cilic M.,Anderson K.,42,105.0,1.8,2.0,1.85,2.06,1.89,2.18
2021-04-30,Millennium Estoril Open,Quarterfinals,Clay,Davidovich Fokina A.,Humbert U.,48,31.0,1.4,3.0,1.34,3.59,1.48,3.59
2021-04-30,Millennium Estoril Open,Quarterfinals,Clay,Ramos-Vinolas A.,Moutet C.,46,73.0,1.61,2.3,1.63,2.44,1.63,2.5
2021-04-30,Millennium Estoril Open,Quarterfinals,Clay,Norrie C.,Garin C.,50,22.0,2.75,1.44,2.95,1.46,3.0,1.48
2021-04-30,BMW Open,Quarterfinals,Clay,Struff J.L.,Krajinovic F.,44,36.0,2.5,1.53,2.8,1.5,2.8,1.58
2021-04-30,BMW Open,Quarterfinals,Clay,Ivashka I.,Zverev A.,107,6.0,3.75,1.28,4.24,1.27,4.24,1.3
2021-05-01,BMW Open,Semifinals,Clay,Struff J.L.,Ivashka I.,44,107.0,2.37,1.57,2.4,1.65,2.5,1.69
2021-05-01,BMW Open,Quarterfinals,Clay,Ruud C.,Millman J.,24,40.0,1.12,6.0,1.17,5.98,1.17,7.0
2021-05-01,BMW Open,Quarterfinals,Clay,Basilashvili N.,Gombos N.,35,95.0,1.57,2.37,1.56,2.62,1.6,2.62
2021-05-01,BMW Open,Semifinals,Clay,Basilashvili N.,Ruud C.,35,24.0,3.75,1.28,3.5,1.34,4.33,1.34
2021-05-01,Millennium Estoril Open,Semifinals,Clay,Ramos-Vinolas A.,Davidovich Fokina A.,46,48.0,2.3,1.61,2.45,1.62,2.45,1.71
2021-05-01,Millennium Estoril Open,Semifinals,Clay,Norrie C.,Cilic M.,50,42.0,1.8,2.0,1.93,1.97,1.94,2.06
2021-05-02,Mutua Madrid Open,1st Round,Clay,Bublik A.,Fucsovics M.,44,45.0,2.5,1.53,2.55,1.58,2.7,1.67
2021-05-02,Mutua Madrid Open,1st Round,Clay,Shapovalov D.,Lajovic D.,14,38.0,1.5,2.62,1.48,2.86,1.54,2.9
2021-05-02,Mutua Madrid Open,1st Round,Clay,De Minaur A.,Munar J.,24,87.0,1.9,1.9,1.95,1.95,2.01,2.0
2021-05-02,BMW Open,The Final,Clay,Basilashvili N.,Struff J.L.,35,44.0,1.72,2.1,1.79,2.15,1.82,2.49
2021-05-02,Millennium Estoril Open,The Final,Clay,Ramos-Vinolas A.,Norrie C.,46,50.0,1.57,2.37,1.57,2.58,1.64,2.58
2021-05-02,Mutua Madrid Open,1st Round,Clay,Paul T.,Martinez P.,58,95.0,2.2,1.66,2.37,1.66,2.5,1.68
2021-05-03,Mutua Madrid Open,1st Round,Clay,Delbonis F.,Carreno Busta P.,77,12.0,3.5,1.3,4.14,1.28,4.14,1.33
2021-05-03,Mutua Madrid Open,1st Round,Clay,Garin C.,Verdasco F.,25,71.0,1.16,5.0,1.18,5.61,1.2,5.8
2021-05-03,Mutua Madrid Open,1st Round,Clay,Giron M.,Andujar P.,91,79.0,2.75,1.44,2.82,1.49,2.9,1.5
2021-05-03,Mutua Madrid Open,1st Round,Clay,Fognini F.,Taberner C.,28,141.0,1.57,2.37,1.57,2.57,1.62,2.6
2021-05-03,Mutua Madrid Open,1st Round,Clay,Alcaraz C.,Mannarino A.,120,34.0,1.2,4.5,1.26,4.39,1.26,4.8
2021-05-03,Mutua Madrid Open,1st Round,Clay,Evans D.,Chardy J.,26,51.0,1.66,2.2,1.74,2.23,1.74,2.3
2021-05-03,Mutua Madrid Open,1st Round,Clay,Karatsev A.,Humbert U.,27,32.0,1.3,3.5,1.36,3.48,1.38,3.75
2021-05-03,Mutua Madrid Open,1st Round,Clay,Isner J.,Kecmanovic M.,39,47.0,2.2,1.66,2.47,1.61,2.5,1.73
2021-05-03,Mutua Madrid Open,1st Round,Clay,Harris L.,Dimitrov G.,54,17.0,3.2,1.36,3.22,1.4,3.42,1.43
2021-05-03,Mutua Madrid Open,1st Round,Clay,Koepfer D.,Opelka R.,53,46.0,1.72,2.1,1.74,2.23,1.88,2.23
2021-05-04,Mutua Madrid Open,1st Round,Clay,Paire B.,Basilashvili N.,35,31.0,4.33,1.22,4.06,1.28,4.5,1.3
2021-05-04,Mutua Madrid Open,2nd Round,Clay,De Minaur A.,Harris L.,24,54.0,1.53,2.5,1.58,2.56,1.58,2.8
2021-05-04,Mutua Madrid Open,2nd Round,Clay,Thiem D.,Giron M.,4,91.0,1.16,5.0,1.12,7.45,1.2,7.45
2021-05-04,Mutua Madrid Open,2nd Round,Clay,Berrettini M.,Fognini F.,10,28.0,1.33,3.4,1.34,3.63,1.36,3.76
2021-05-04,Mutua Madrid Open,2nd Round,Clay,Bublik A.,Shapovalov D.,44,14.0,2.75,1.44,2.85,1.48,2.95,1.49
2021-05-04,Mutua Madrid Open,2nd Round,Clay,Rublev A.,Paul T.,7,58.0,1.11,6.5,1.15,6.48,1.17,6.75
2021-05-04,Mutua Madrid Open,1st Round,Clay,Bautista Agut R.,Cecchinato M.,11,104.0,1.3,3.5,1.31,3.81,1.32,3.92
2021-05-04,Mutua Madrid Open,1st Round,Clay,Nishikori K.,Khachanov K.,43,23.0,1.8,2.0,1.91,2.0,1.91,2.23
2021-05-04,Mutua Madrid Open,1st Round,Clay,Popyrin A.,Struff J.L.,76,40.0,2.0,1.8,2.23,1.74,2.25,1.8
2021-05-04,Mutua Madrid Open,1st Round,Clay,Nishioka Y.,Krajinovic F.,60,36.0,5.0,1.16,4.19,1.27,5.0,1.5
2021-05-04,Mutua Madrid Open,1st Round,Clay,Davidovich Fokina A.,Herbert P.H.,49,85.0,1.57,2.37,1.64,2.42,1.66,2.47
2021-05-04,Mutua Madrid Open,1st Round,Clay,Ruud C.,Auger-Aliassime F.,22,20.0,2.0,1.8,1.92,1.99,2.06,2.1
2021-05-04,Mutua Madrid Open,1st Round,Clay,Millman J.,Hurkacz H.,42,16.0,2.75,1.44,2.98,1.45,3.1,1.5
2021-05-04,Mutua Madrid Open,1st Round,Clay,Sinner J.,Pella G.,18,55.0,1.08,8.0,1.07,10.72,1.12,11.0
2021-05-04,Mutua Madrid Open,1st Round,Clay,Ramos-Vinolas A.,Fritz T.,37,30.0,2.1,1.72,2.18,1.76,2.24,1.83
2021-05-05,Mutua Madrid Open,2nd Round,Clay,Nadal R.,Alcaraz C.,2,120.0,1.08,8.0,1.07,11.14,1.09,13.0
2021-05-05,Mutua Madrid Open,2nd Round,Clay,Ruud C.,Nishioka Y.,22,60.0,1.11,6.5,1.14,6.72,1.16,7.0
2021-05-05,Mutua Madrid Open,2nd Round,Clay,Isner J.,Bautista Agut R.,39,11.0,3.75,1.28,4.05,1.29,4.2,1.42
2021-05-05,Mutua Madrid Open,2nd Round,Clay,Popyrin A.,Sinner J.,76,18.0,5.5,1.14,5.89,1.17,6.75,1.17
2021-05-05,Mutua Madrid Open,2nd Round,Clay,Delbonis F.,Ramos-Vinolas A.,77,37.0,1.57,2.37,1.72,2.26,1.72,2.55
2021-05-05,Mutua Madrid Open,2nd Round,Clay,Tsitsipas S.,Paire B.,5,35.0,1.05,11.0,1.04,16.85,1.07,18.0
2021-05-05,Mutua Madrid Open,2nd Round,Clay,Evans D.,Millman J.,26,42.0,1.4,3.0,1.41,3.16,1.45,3.16
2021-05-05,Mutua Madrid Open,2nd Round,Clay,Garin C.,Koepfer D.,25,53.0,1.4,3.0,1.41,3.19,1.46,3.25
2021-05-05,Mutua Madrid Open,2nd Round,Clay,Zverev A.,Nishikori K.,6,43.0,1.44,2.75,1.45,2.98,1.5,3.15
2021-05-05,Mutua Madrid Open,2nd Round,Clay,Medvedev D.,Davidovich Fokina A.,3,49.0,1.57,2.37,1.76,2.19,1.76,2.6
2021-05-05,Mutua Madrid Open,2nd Round,Clay,Karatsev A.,Schwartzman D.,27,9.0,1.61,2.3,1.7,2.28,1.71,2.4
2021-05-06,Mutua Madrid Open,3rd Round,Clay,Zverev A.,Evans D.,6,26.0,1.25,4.0,1.22,4.88,1.26,4.88
2021-05-06,Mutua Madrid Open,3rd Round,Clay,Berrettini M.,Delbonis F.,10,77.0,1.25,4.0,1.27,4.26,1.29,4.8
2021-05-06,Mutua Madrid Open,3rd Round,Clay,Isner J.,Rublev A.,39,7.0,3.5,1.3,3.81,1.31,4.0,1.36
2021-05-06,Mutua Madrid Open,3rd Round,Clay,Ruud C.,Tsitsipas S.,22,5.0,4.0,1.25,4.73,1.23,4.75,1.26
2021-05-06,Mutua Madrid Open,3rd Round,Clay,Garin C.,Medvedev D.,25,3.0,2.3,1.61,2.36,1.67,2.7,1.67
2021-05-06,Mutua Madrid Open,3rd Round,Clay,Thiem D.,De Minaur A.,4,24.0,1.25,4.0,1.25,4.49,1.29,4.9
2021-05-06,Mutua Madrid Open,3rd Round,Clay,Bublik A.,Karatsev A.,44,27.0,3.5,1.3,3.96,1.29,4.0,1.33
2021-05-06,Mutua Madrid Open,3rd Round,Clay,Nadal R.,Popyrin A.,2,76.0,1.04,13.0,1.04,16.17,1.05,18.0
2021-05-07,Mutua Madrid Open,Quarterfinals,Clay,Thiem D.,Isner J.,4,39.0,1.28,3.75,1.27,4.23,1.29,4.6
2021-05-07,Mutua Madrid Open,Quarterfinals,Clay,Zverev A.,Nadal R.,6,2.0,4.33,1.22,4.62,1.24,4.75,1.28
2021-05-07,Mutua Madrid Open,Quarterfinals,Clay,Ruud C.,Bublik A.,22,44.0,1.3,3.5,1.32,3.76,1.37,4.0
2021-05-07,Mutua Madrid Open,Quarterfinals,Clay,Berrettini M.,Garin C.,10,25.0,1.53,2.5,1.54,2.67,1.6,2.7
2021-05-08,Mutua Madrid Open,Semifinals,Clay,Zverev A.,Thiem D.,6,4.0,1.72,2.1,1.81,2.11,1.84,2.35
2021-05-08,Mutua Madrid Open,Semifinals,Clay,Berrettini M.,Ruud C.,10,22.0,2.2,1.66,2.18,1.77,2.23,1.81
2021-05-09,Internazionali BNL d'Italia,1st Round,Clay,Opelka R.,Gasquet R.,47,53.0,2.1,1.72,2.2,1.75,2.3,1.77
2021-05-09,Internazionali BNL d'Italia,1st Round,Clay,Goffin D.,Caruso S.,13,81.0,1.4,3.0,1.45,2.99,1.45,3.11
2021-05-09,Internazionali BNL d'Italia,1st Round,Clay,Auger-Aliassime F.,Krajinovic F.,21,39.0,1.72,2.1,1.69,2.31,1.86,2.31
2021-05-09,Mutua Madrid Open,The Final,Clay,Zverev A.,Berrettini M.,6,10.0,1.61,2.3,1.68,2.34,1.69,2.49
2021-05-09,Internazionali BNL d'Italia,1st Round,Clay,Carreno Busta P.,Djere L.,12,52.0,1.36,3.2,1.36,3.49,1.43,3.52
2021-05-10,Internazionali BNL d'Italia,1st Round,Clay,Musetti L.,Hurkacz H.,82,19.0,1.57,2.37,1.63,2.44,1.69,2.55
2021-05-10,Internazionali BNL d'Italia,1st Round,Clay,Cilic M.,Bublik A.,43,40.0,1.72,2.1,1.79,2.15,1.81,2.25
2021-05-10,Internazionali BNL d'Italia,1st Round,Clay,Struff J.L.,Bedene A.,41,57.0,1.53,2.5,1.54,2.65,1.57,2.67
2021-05-10,Internazionali BNL d'Italia,1st Round,Clay,Mager G.,De Minaur A.,90,23.0,2.62,1.5,2.71,1.53,2.71,1.58
2021-05-10,Internazionali BNL d'Italia,1st Round,Clay,Dellien H.,Mannarino A.,128,36.0,1.3,3.5,1.36,3.44,1.38,3.76
2021-05-10,Internazionali BNL d'Italia,1st Round,Clay,Sinner J.,Humbert U.,18,32.0,1.16,5.0,1.17,5.79,1.19,6.0
2021-05-10,Internazionali BNL d'Italia,1st Round,Clay,Garin C.,Harris L.,22,51.0,1.25,4.0,1.25,4.46,1.33,4.65
2021-05-10,Internazionali BNL d'Italia,1st Round,Clay,Nishikori K.,Fognini F.,45,28.0,1.72,2.1,1.74,2.22,1.74,2.36
2021-05-10,Internazionali BNL d'Italia,1st Round,Clay,Karatsev A.,Kecmanovic M.,27,46.0,1.3,3.5,1.38,3.36,1.38,3.55
2021-05-10,Internazionali BNL d'Italia,1st Round,Clay,Travaglia S.,Paire B.,69,35.0,1.3,3.5,1.28,4.1,1.33,4.1
2021-05-10,Internazionali BNL d'Italia,1st Round,Clay,Fucsovics M.,Nishioka Y.,44,59.0,,,,,1.4,3.2
2021-05-10,Internazionali BNL d'Italia,1st Round,Clay,Fritz T.,Evans D.,31,26.0,2.3,1.61,2.09,1.83,2.38,1.83
2021-05-10,Internazionali BNL d'Italia,1st Round,Clay,Delbonis F.,Khachanov K.,64,24.0,2.0,1.8,2.14,1.79,2.19,1.83
2021-05-11,Internazionali BNL d'Italia,2nd Round,Clay,Opelka R.,Musetti L.,47,82.0,3.4,1.33,3.28,1.39,3.41,1.4
2021-05-11,Internazionali BNL d'Italia,2nd Round,Clay,Auger-Aliassime F.,Schwartzman D.,21,10.0,2.5,1.53,2.47,1.61,2.6,1.8
2021-05-11,Internazionali BNL d'Italia,2nd Round,Clay,Djokovic N.,Fritz T.,1,31.0,1.11,6.5,1.12,7.75,1.13,7.75
2021-05-11,Internazionali BNL d'Italia,2nd Round,Clay,Nishikori K.,Carreno Busta P.,45,12.0,1.9,1.9,1.95,1.95,1.96,2.0
2021-05-11,Internazionali BNL d'Italia,1st Round,Clay,Sonego L.,Monfils G.,33,15.0,1.25,4.0,1.25,4.43,1.32,4.65
2021-05-11,Internazionali BNL d'Italia,1st Round,Clay,Berrettini M.,Basilashvili N.,9,30.0,1.33,3.4,1.31,3.81,1.34,4.05
2021-05-11,Internazionali BNL d'Italia,1st Round,Clay,Shapovalov D.,Majchrzak K.,14,129.0,1.36,3.2,1.38,3.36,1.4,3.48
2021-05-11,Internazionali BNL d'Italia,1st Round,Clay,Norrie C.,Carballes Baena R.,49,96.0,1.4,3.0,1.45,3.0,1.47,3.58
2021-05-11,Internazionali BNL d'Italia,1st Round,Clay,Bautista Agut R.,Paul T.,11,55.0,1.3,3.5,1.32,3.74,1.35,4.0
2021-05-11,Internazionali BNL d'Italia,1st Round,Clay,Davidovich Fokina A.,Dimitrov G.,48,17.0,1.66,2.2,1.79,2.15,1.79,2.31
2021-05-11,Internazionali BNL d'Italia,1st Round,Clay,Millman J.,Lajovic D.,42,37.0,2.2,1.66,2.17,1.78,2.3,1.8
2021-05-12,Internazionali BNL d'Italia,2nd Round,Clay,Berrettini M.,Millman J.,9,42.0,1.14,5.5,1.15,6.34,1.16,6.5
2021-05-12,Internazionali BNL d'Italia,2nd Round,Clay,Shapovalov D.,Travaglia S.,14,69.0,1.44,2.75,1.49,2.83,1.53,3.12
2021-05-12,Internazionali BNL d'Italia,2nd Round,Clay,Tsitsipas S.,Cilic M.,5,43.0,1.1,7.0,1.11,8.3,1.11,9.5
2021-05-12,Internazionali BNL d'Italia,2nd Round,Clay,Delbonis F.,Goffin D.,64,13.0,2.1,1.72,2.14,1.79,2.28,1.83
2021-05-12,Internazionali BNL d'Italia,2nd Round,Clay,Karatsev A.,Medvedev D.,27,2.0,1.8,2.0,1.85,2.06,1.96,2.1
2021-05-12,Internazionali BNL d'Italia,2nd Round,Clay,Zverev A.,Dellien H.,6,128.0,1.07,9.0,1.07,10.87,1.08,13.25
2021-05-12,Internazionali BNL d'Italia,2nd Round,Clay,Sonego L.,Mager G.,33,90.0,1.66,2.2,1.76,2.19,1.77,2.34
2021-05-12,Internazionali BNL d'Italia,2nd Round,Clay,Nadal R.,Sinner J.,3,18.0,1.22,4.33,1.23,4.75,1.25,4.75
2021-05-12,Internazionali BNL d'Italia,2nd Round,Clay,Davidovich Fokina A.,Norrie C.,48,49.0,1.53,2.5,1.57,2.59,1.68,2.59
2021-05-12,Internazionali BNL d'Italia,2nd Round,Clay,Bautista Agut R.,Garin C.,11,22.0,1.72,2.1,1.79,2.14,1.87,2.2
2021-05-12,Internazionali BNL d'Italia,2nd Round,Clay,Thiem D.,Fucsovics M.,4,44.0,1.28,3.75,1.23,4.67,1.28,4.67
2021-05-12,Internazionali BNL d'Italia,2nd Round,Clay,Rublev A.,Struff J.L.,7,41.0,1.16,5.0,1.17,5.96,1.18,6.0
2021-05-13,Internazionali BNL d'Italia,3rd Round,Clay,Rublev A.,Bautista Agut R.,7,11.0,1.57,2.37,1.58,2.56,1.6,2.65
2021-05-13,Internazionali BNL d'Italia,3rd Round,Clay,Delbonis F.,Auger-Aliassime F.,64,21.0,2.37,1.57,2.5,1.6,2.6,1.62
2021-05-13,Internazionali BNL d'Italia,3rd Round,Clay,Sonego L.,Thiem D.,33,4.0,3.75,1.28,4.12,1.28,4.12,1.32
2021-05-13,Internazionali BNL d'Italia,3rd Round,Clay,Zverev A.,Nishikori K.,6,45.0,1.25,4.0,1.28,4.12,1.29,4.2
2021-05-13,Internazionali BNL d'Italia,3rd Round,Clay,Opelka R.,Karatsev A.,47,27.0,3.4,1.33,3.92,1.3,4.33,1.33
2021-05-13,Internazionali BNL d'Italia,3rd Round,Clay,Nadal R.,Shapovalov D.,3,14.0,1.07,9.0,1.08,10.04,1.08,11.0
2021-05-13,Internazionali BNL d'Italia,3rd Round,Clay,Tsitsipas S.,Berrettini M.,5,9.0,1.4,3.0,1.38,3.35,1.41,3.35
2021-05-13,Internazionali BNL d'Italia,3rd Round,Clay,Djokovic N.,Davidovich Fokina A.,1,48.0,1.16,5.0,1.18,5.66,1.2,6.3
2021-05-14,Internazionali BNL d'Italia,Quarterfinals,Clay,Opelka R.,Delbonis F.,47,64.0,2.3,1.61,2.52,1.59,2.55,1.65
2021-05-14,Internazionali BNL d'Italia,Quarterfinals,Clay,Nadal R.,Zverev A.,3,6.0,1.4,3.0,1.42,3.11,1.45,3.25
2021-05-15,Internazionali BNL d'Italia,Quarterfinals,Clay,Djokovic N.,Tsitsipas S.,1,5.0,1.57,2.37,1.66,2.37,1.69,2.4
2021-05-15,Internazionali BNL d'Italia,Quarterfinals,Clay,Sonego L.,Rublev A.,33,7.0,3.75,1.28,3.9,1.3,3.95,1.33
2021-05-15,Internazionali BNL d'Italia,Semifinals,Clay,Nadal R.,Opelka R.,3,47.0,1.08,8.0,1.08,9.92,1.12,10.0
2021-05-15,Internazionali BNL d'Italia,Semifinals,Clay,Djokovic N.,Sonego L.,1,33.0,1.16,5.0,1.15,6.43,1.2,6.43
2021-05-16,Internazionali BNL d'Italia,The Final,Clay,Nadal R.,Djokovic N.,3,1.0,1.5,2.62,1.58,2.55,1.58,2.88
2021-05-17,Lyon Open,1st Round,Clay,Norrie C.,Moutet C.,49,70.0,1.72,2.1,1.76,2.17,1.8,2.25
2021-05-17,Lyon Open,1st Round,Clay,Nishioka Y.,Humbert U.,60,33.0,2.75,1.44,2.67,1.53,3.02,1.53
2021-05-17,Lyon Open,1st Round,Clay,Bedene A.,Simon G.,55,68.0,1.66,2.2,1.6,2.47,1.67,2.5
2021-05-17,Lyon Open,1st Round,Clay,Korda S.,Herbert P.H.,65,84.0,1.72,2.1,1.7,2.26,1.85,2.26
2021-05-17,Geneva Open,1st Round,Clay,Cazaux A.,Mannarino A.,517,37.0,2.2,1.66,2.06,1.83,2.2,1.87
2021-05-17,Geneva Open,1st Round,Clay,Andujar P.,Thompson J.,75,63.0,1.4,3.0,1.41,3.1,1.51,3.2
2021-05-17,Geneva Open,1st Round,Clay,Sandgren T.,Caruso S.,67,81.0,2.37,1.57,2.45,1.61,2.7,1.65
2021-05-17,Geneva Open,1st Round,Clay,Koepfer D.,Paire B.,59,36.0,1.4,3.0,1.46,2.92,1.48,3.15
2021-05-18,Lyon Open,1st Round,Clay,Musetti L.,Auger-Aliassime F.,88,19.0,2.5,1.53,2.53,1.58,2.75,1.6
2021-05-18,Lyon Open,1st Round,Clay,Gasquet R.,Barrere G.,52,123.0,1.57,2.37,1.75,2.19,1.75,2.5
2021-05-18,Lyon Open,1st Round,Clay,Monfils G.,Seyboth Wild T.,14,122.0,1.5,2.62,1.47,2.83,1.62,3.1
2021-05-18,Lyon Open,1st Round,Clay,Paul T.,Tsonga J.W.,53,72.0,1.28,3.75,1.28,4.04,1.3,4.1
2021-05-18,Geneva Open,1st Round,Clay,Fucsovics M.,Laaksonen H.,44,150.0,1.22,4.33,1.25,4.36,1.27,4.75
2021-05-18,Lyon Open,1st Round,Clay,Khachanov K.,Bonzi B.,26,115.0,1.33,3.4,1.38,3.31,1.4,3.52
2021-05-18,Lyon Open,1st Round,Clay,Majchrzak K.,Sousa J.,129,110.0,1.5,2.62,1.53,2.68,1.59,2.68
2021-05-18,Geneva Open,1st Round,Clay,Lopez F.,Altmaier D.,61,144.0,2.3,1.61,2.44,1.62,2.44,1.69
2021-05-18,Geneva Open,1st Round,Clay,Cecchinato M.,Travaglia S.,104,76.0,1.72,2.1,1.85,2.04,1.89,2.3
2021-05-18,Geneva Open,1st Round,Clay,Ivashka I.,Verdasco F.,91,105.0,1.14,5.5,1.2,5.2,1.2,6.0
2021-05-18,Geneva Open,1st Round,Clay,Cuevas P.,Opelka R.,102,35.0,2.62,1.5,2.82,1.48,3.05,1.55
2021-05-18,Geneva Open,1st Round,Clay,Stricker D.,Cilic M.,419,46.0,4.0,1.25,5.19,1.2,5.19,1.29
2021-05-18,Geneva Open,1st Round,Clay,Djere L.,Monteiro T.,54,78.0,1.57,2.37,1.6,2.48,1.65,2.5
2021-05-18,Geneva Open,1st Round,Clay,Fognini F.,Pella G.,29,58.0,1.44,2.75,1.5,2.78,1.53,3.01
2021-05-18,Geneva Open,2nd Round,Clay,Andujar P.,Federer R.,75,8.0,3.5,1.3,3.55,1.35,3.58,1.36
2021-05-19,Geneva Open,2nd Round,Clay,Ruud C.,Sandgren T.,21,67.0,1.11,6.5,1.17,5.93,1.17,6.65
2021-05-19,Lyon Open,2nd Round,Clay,Musetti L.,Korda S.,88,65.0,1.66,2.2,1.76,2.19,1.76,2.45
2021-05-19,Lyon Open,2nd Round,Clay,Bedene A.,Goffin D.,55,13.0,2.5,1.53,2.46,1.62,2.9,1.62
2021-05-19,Lyon Open,2nd Round,Clay,Khachanov K.,Majchrzak K.,26,129.0,1.44,2.75,1.52,2.75,1.54,2.85
2021-05-19,Geneva Open,2nd Round,Clay,Dimitrov G.,Ivashka I.,20,91.0,2.0,1.8,2.06,1.85,2.1,1.89
2021-05-19,Geneva Open,2nd Round,Clay,Stricker D.,Fucsovics M.,419,44.0,3.4,1.33,3.47,1.36,3.65,1.37
2021-05-19,Geneva Open,2nd Round,Clay,Koepfer D.,Lopez F.,59,61.0,1.53,2.5,1.59,2.53,1.61,2.66
2021-05-19,Lyon Open,1st Round,Clay,Rinderknech A.,Ymer M.,125,101.0,2.0,1.8,1.96,1.93,2.11,1.95
2021-05-19,Lyon Open,1st Round,Clay,Sinner J.,Karatsev A.,17,25.0,1.61,2.3,1.69,2.28,1.74,2.3
2021-05-20,Lyon Open,2nd Round,Clay,Nishioka Y.,Monfils G.,60,14.0,2.75,1.44,2.83,1.49,2.9,1.53
2021-05-20,Lyon Open,2nd Round,Clay,Gasquet R.,Schwartzman D.,52,10.0,3.75,1.28,3.83,1.31,4.05,1.36
2021-05-20,Lyon Open,2nd Round,Clay,Tsitsipas S.,Paul T.,5,53.0,1.2,4.5,1.18,5.65,1.23,6.0
2021-05-20,Geneva Open,Quarterfinals,Clay,Shapovalov D.,Djere L.,15,54.0,1.57,2.37,1.56,2.59,1.63,2.59
2021-05-20,Geneva Open,Quarterfinals,Clay,Cuevas P.,Dimitrov G.,102,20.0,2.62,1.5,2.58,1.57,2.78,1.57
2021-05-20,Geneva Open,Quarterfinals,Clay,Ruud C.,Koepfer D.,21,59.0,1.16,5.0,1.19,5.38,1.21,5.8
2021-05-20,Geneva Open,Quarterfinals,Clay,Andujar P.,Stricker D.,75,419.0,1.53,2.5,1.62,2.46,1.63,2.6
2021-05-20,Geneva Open,2nd Round,Clay,Djere L.,Fognini F.,54,29.0,2.1,1.72,2.12,1.81,2.2,1.81
2021-05-20,Geneva Open,2nd Round,Clay,Cuevas P.,Cazaux A.,102,517.0,1.5,2.62,1.59,2.52,1.59,2.7
2021-05-20,Geneva Open,2nd Round,Clay,Shapovalov D.,Cecchinato M.,15,104.0,1.44,2.75,1.48,2.86,1.49,3.15
2021-05-20,Lyon Open,2nd Round,Clay,Rinderknech A.,Sinner J.,125,17.0,6.0,1.12,6.17,1.16,6.55,1.17
2021-05-20,Lyon Open,2nd Round,Clay,Norrie C.,Thiem D.,49,4.0,4.0,1.25,4.02,1.29,4.25,1.32
2021-05-21,Lyon Open,Quarterfinals,Clay,Musetti L.,Bedene A.,88,55.0,1.57,2.37,1.61,2.47,1.68,2.5
2021-05-21,Lyon Open,Quarterfinals,Clay,Khachanov K.,Gasquet R.,26,52.0,1.57,2.37,1.55,2.65,1.59,2.68
2021-05-21,Lyon Open,Quarterfinals,Clay,Tsitsipas S.,Nishioka Y.,5,60.0,1.04,13.0,1.03,17.39,1.06,17.39
2021-05-21,Geneva Open,Semifinals,Clay,Shapovalov D.,Cuevas P.,15,102.0,1.53,2.5,1.5,2.79,1.58,2.8
2021-05-21,Geneva Open,Semifinals,Clay,Ruud C.,Andujar P.,21,75.0,1.2,4.5,1.24,4.54,1.24,4.84
2021-05-22,Geneva Open,The Final,Clay,Ruud C.,Shapovalov D.,21,15.0,1.61,2.3,1.69,2.31,1.71,2.35
2021-05-22,Lyon Open,Quarterfinals,Clay,Norrie C.,Rinderknech A.,49,125.0,1.4,3.0,1.38,3.36,1.59,3.15
2021-05-22,Lyon Open,Semifinals,Clay,Tsitsipas S.,Musetti L.,5,88.0,1.14,5.5,1.15,6.57,1.16,6.75
2021-05-22,Lyon Open,Semifinals,Clay,Norrie C.,Khachanov K.,49,26.0,1.9,1.9,1.89,2.0,1.96,2.03
2021-05-23,Emilia-Romagna Open,1st Round,Clay,Cobolli F.,Giron M.,429,82.0,2.2,1.66,2.36,1.65,2.45,1.76
2021-05-23,Belgrade Open,1st Round,Clay,Coria F.,Topo M.,96,1512.0,1.1,7.0,1.14,6.49,1.15,7.55
2021-05-23,Emilia-Romagna Open,1st Round,Clay,Paul T.,Travaglia S.,55,77.0,1.57,2.37,1.56,2.57,1.65,2.6
2021-05-23,Belgrade Open,1st Round,Clay,Chardy J.,Sandgren T.,58,66.0,1.66,2.2,1.68,2.3,1.71,2.55
2021-05-23,Belgrade Open,1st Round,Clay,Krstin P.,Kwon S.W.,285,90.0,6.0,1.12,5.86,1.17,6.5,1.18
2021-05-23,Lyon Open,The Final,Clay,Tsitsipas S.,Norrie C.,5,49.0,1.16,5.0,1.16,6.1,1.25,6.1
2021-05-24,Belgrade Open,1st Round,Clay,Cuevas P.,Kecmanovic M.,91,48.0,2.2,1.66,2.23,1.72,2.35,1.73
2021-05-24,Belgrade Open,1st Round,Clay,Delbonis F.,Klein L.,52,254.0,1.28,3.75,1.31,3.78,1.34,3.9
2021-05-24,Belgrade Open,1st Round,Clay,Lajovic D.,Berankis R.,39,92.0,1.44,2.75,1.43,3.05,1.5,3.05
2021-05-24,Belgrade Open,1st Round,Clay,Verdasco F.,Pouille L.,107,84.0,2.1,1.72,2.16,1.76,2.2,1.8
2021-05-24,Belgrade Open,1st Round,Clay,Martin A.,O Connell C.,119,129.0,1.8,2.0,1.85,2.05,1.9,2.11
2021-05-24,Belgrade Open,1st Round,Clay,Monteiro T.,Albot R.,79,88.0,1.33,3.4,1.43,3.02,1.47,4.2
2021-05-24,Belgrade Open,1st Round,Clay,Carballes Baena R.,Rinderknech A.,98,117.0,1.66,2.2,1.72,2.24,1.75,2.3
2021-05-24,Belgrade Open,1st Round,Clay,Molcan A.,Medjedovic H.,255,672.0,1.3,3.5,1.35,3.47,1.41,3.6
2021-05-24,Belgrade Open,1st Round,Clay,Moraing M.,Gerasimov E.,253,78.0,2.62,1.5,2.73,1.51,2.73,1.56
2021-05-25,Emilia-Romagna Open,1st Round,Clay,Korda S.,Seppi A.,63,95.0,1.16,5.0,1.15,6.2,1.21,6.5
2021-05-25,Emilia-Romagna Open,1st Round,Clay,Musetti L.,Mager G.,76,85.0,1.5,2.62,1.49,2.81,1.53,2.85
2021-05-25,Emilia-Romagna Open,1st Round,Clay,Nishioka Y.,Querrey S.,60,67.0,1.28,3.75,1.28,4.05,1.3,4.2
2021-05-25,Emilia-Romagna Open,1st Round,Clay,Bedene A.,Caruso S.,54,81.0,1.36,3.2,1.45,2.95,1.45,3.25
2021-05-25,Emilia-Romagna Open,1st Round,Clay,Vesely J.,Johnson S.,71,86.0,1.36,3.2,1.37,3.35,1.41,3.4
2021-05-25,Emilia-Romagna Open,1st Round,Clay,Martinez P.,Simon G.,102,69.0,1.33,3.4,1.31,3.75,1.35,3.8
2021-05-25,Emilia-Romagna Open,1st Round,Clay,Cecchinato M.,Brancaccio R.,104,336.0,1.16,5.0,1.16,6.0,1.18,6.5
2021-05-25,Emilia-Romagna Open,1st Round,Clay,Gasquet R.,Altmaier D.,51,145.0,1.61,2.3,1.73,2.21,1.74,2.4
2021-05-25,Emilia-Romagna Open,1st Round,Clay,Munar J.,Ymer M.,80,103.0,1.53,2.5,1.59,2.5,1.73,2.6
2021-05-25,Emilia-Romagna Open,1st Round,Clay,Gombos N.,Ruusuvuori E.,87,74.0,1.44,2.75,1.45,2.94,1.47,3.0
2021-05-25,Belgrade Open,2nd Round,Clay,Molcan A.,Krstin P.,255,285.0,1.25,4.0,1.26,4.32,1.3,4.4
2021-05-25,Belgrade Open,2nd Round,Clay,Coria F.,Cuevas P.,96,91.0,3.5,1.3,3.53,1.35,3.85,1.35
2021-05-25,Belgrade Open,2nd Round,Clay,Djokovic N.,Moraing M.,1,253.0,1.01,26.0,1.01,26.14,1.02,30.0
2021-05-25,Belgrade Open,2nd Round,Clay,Verdasco F.,Mannarino A.,107,36.0,1.44,2.75,1.43,3.07,1.5,3.57
2021-05-26,Emilia-Romagna Open,2nd Round,Clay,Korda S.,Sonego L.,63,28.0,2.62,1.5,2.69,1.53,2.93,1.56
2021-05-26,Emilia-Romagna Open,2nd Round,Clay,Nishioka Y.,Musetti L.,60,76.0,3.4,1.33,3.08,1.43,3.45,1.43
2021-05-26,Emilia-Romagna Open,2nd Round,Clay,Paul T.,Vesely J.,55,71.0,1.33,3.4,1.4,3.2,1.41,3.6
2021-05-26,Emilia-Romagna Open,2nd Round,Clay,Munar J.,Paire B.,80,40.0,1.4,3.0,1.43,3.1,1.43,3.33
2021-05-26,Emilia-Romagna Open,2nd Round,Clay,Gasquet R.,Martinez P.,51,102.0,2.5,1.53,2.25,1.72,2.5,1.74
2021-05-26,Emilia-Romagna Open,2nd Round,Clay,Gombos N.,Ramos-Vinolas A.,87,38.0,2.5,1.53,2.62,1.56,2.69,1.6
2021-05-26,Emilia-Romagna Open,2nd Round,Clay,Struff J.L.,Cobolli F.,42,429.0,1.25,4.0,1.27,4.21,1.3,4.45
2021-05-26,Emilia-Romagna Open,2nd Round,Clay,Cecchinato M.,Bedene A.,104,54.0,1.8,2.0,1.85,2.06,2.0,2.15
2021-05-26,Belgrade Open,2nd Round,Clay,Martin A.,Basilashvili N.,119,31.0,2.75,1.44,2.86,1.48,2.9,1.49
2021-05-26,Belgrade Open,2nd Round,Clay,Lajovic D.,Chardy J.,39,58.0,1.8,2.0,1.83,2.09,2.0,2.15
2021-05-26,Belgrade Open,2nd Round,Clay,Carballes Baena R.,Monfils G.,98,15.0,1.9,1.9,1.92,1.99,1.92,2.05
2021-05-26,Belgrade Open,2nd Round,Clay,Delbonis F.,Monteiro T.,52,79.0,1.66,2.2,1.65,2.39,1.69,2.63
2021-05-27,Emilia-Romagna Open,Quarterfinals,Clay,Cecchinato M.,Gombos N.,104,87.0,1.44,2.75,1.41,3.16,1.5,3.16
2021-05-27,Belgrade Open,Quarterfinals,Clay,Molcan A.,Verdasco F.,255,107.0,2.0,1.8,2.05,1.86,2.2,1.89
2021-05-27,Belgrade Open,Quarterfinals,Clay,Djokovic N.,Coria F.,1,96.0,1.02,19.0,1.03,19.09,1.04,21.0
2021-05-27,Belgrade Open,Quarterfinals,Clay,Martin A.,Lajovic D.,119,39.0,3.4,1.33,3.56,1.34,3.6,1.36
2021-05-27,Belgrade Open,Quarterfinals,Clay,Delbonis F.,Carballes Baena R.,52,98.0,1.44,2.75,1.48,2.86,1.5,2.89
2021-05-27,Emilia-Romagna Open,Quarterfinals,Clay,Korda S.,Nishioka Y.,63,60.0,1.44,2.75,1.45,2.97,1.49,3.08
2021-05-27,Emilia-Romagna Open,Quarterfinals,Clay,Munar J.,Gasquet R.,80,51.0,1.61,2.3,1.71,2.27,1.71,2.41
2021-05-27,Emilia-Romagna Open,Quarterfinals,Clay,Paul T.,Struff J.L.,55,42.0,1.9,1.9,1.98,1.92,2.05,2.0
2021-05-28,Emilia-Romagna Open,Semifinals,Clay,Cecchinato M.,Munar J.,104,80.0,1.72,2.1,1.78,2.16,2.0,2.2
2021-05-28,Emilia-Romagna Open,Semifinals,Clay,Korda S.,Paul T.,63,55.0,1.66,2.2,1.67,2.36,1.7,2.4
2021-05-28,Belgrade Open,Semifinals,Clay,Djokovic N.,Martin A.,1,119.0,1.02,19.0,1.02,25.06,1.03,25.06
2021-05-28,Belgrade Open,Semifinals,Clay,Molcan A.,Delbonis F.,255,52.0,2.5,1.53,2.71,1.53,2.85,1.62
2021-05-29,Belgrade Open,The Final,Clay,Djokovic N.,Molcan A.,1,255.0,1.02,19.0,1.04,16.89,1.05,26.0
2021-05-29,Emilia-Romagna Open,The Final,Clay,Korda S.,Cecchinato M.,63,104.0,1.61,2.3,1.62,2.46,1.67,2.49
2021-05-30,French Open,1st Round,Clay,Tsitsipas S.,Chardy J.,5,60.0,1.02,17.0,1.02,21.59,1.04,25.0
2021-05-30,French Open,1st Round,Clay,Safiullin R.,Taberner C.,182,137.0,3.75,1.28,3.88,1.3,4.9,1.32
2021-05-30,French Open,1st Round,Clay,Davidovich Fokina A.,Kukushkin M.,46,106.0,1.03,15.0,1.04,14.9,1.05,17.75
2021-05-30,French Open,1st Round,Clay,Zverev A.,Otte O.,6,152.0,1.04,13.0,1.05,14.47,1.05,18.0
2021-05-30,French Open,1st Round,Clay,Djere L.,Moutet C.,55,73.0,1.8,2.0,1.81,2.11,1.87,2.25
2021-05-30,French Open,1st Round,Clay,Giron M.,Dimitrov G.,84,17.0,4.0,1.25,5.07,1.21,5.07,1.26
2021-05-30,French Open,1st Round,Clay,Mcdonald M.,Ruusuvuori E.,119,75.0,1.3,3.5,1.31,3.83,1.41,4.0
2021-05-30,French Open,1st Round,Clay,Garin C.,Londero J.I.,23,102.0,1.06,10.0,1.08,10.16,1.09,13.0
2021-05-30,French Open,1st Round,Clay,Nishikori K.,Giannessi A.,49,159.0,1.12,6.0,1.15,6.34,1.16,8.0
2021-05-30,French Open,1st Round,Clay,Van De Zandschulp B.,Hurkacz H.,154,20.0,2.37,1.57,2.65,1.55,2.66,1.61
2021-05-30,French Open,1st Round,Clay,Khachanov K.,Vesely J.,25,71.0,1.3,3.5,1.24,4.6,1.32,4.6
2021-05-30,French Open,1st Round,Clay,Fognini F.,Barrere G.,29,122.0,1.25,4.0,1.27,4.26,1.32,4.26
2021-05-30,French Open,1st Round,Clay,Carreno Busta P.,Gombos N.,12,81.0,1.12,6.0,1.13,7.01,1.19,7.01
2021-05-30,French Open,1st Round,Clay,Couacaud E.,Gerasimov E.,177,79.0,1.66,2.2,1.71,2.27,1.71,2.52
2021-05-30,French Open,1st Round,Clay,Laaksonen H.,Hanfmann Y.,150,96.0,2.1,1.72,2.41,1.64,2.45,1.94
2021-05-30,French Open,1st Round,Clay,Fucsovics M.,Simon G.,44,69.0,1.1,7.0,1.13,7.35,1.13,7.5
2021-05-30,French Open,1st Round,Clay,Pella G.,Galan D.E.,61,107.0,3.2,1.36,3.4,1.37,3.4,1.44
2021-05-30,French Open,1st Round,Clay,Kecmanovic M.,Evans D.,48,27.0,2.5,1.53,2.37,1.66,2.88,1.66
2021-05-30,French Open,1st Round,Clay,Andujar P.,Thiem D.,68,4.0,7.0,1.1,9.48,1.09,10.0,1.11
2021-05-30,French Open,1st Round,Clay,Bautista Agut R.,Vilella Martinez M.,11,183.0,1.12,6.0,1.11,8.04,1.14,10.75
2021-05-31,French Open,1st Round,Clay,Nishioka Y.,Tsonga J.W.,57,77.0,1.22,4.33,1.26,4.36,1.26,4.8
2021-05-31,French Open,1st Round,Clay,Musetti L.,Goffin D.,76,13.0,1.66,2.2,1.75,2.2,1.76,2.3
2021-05-31,French Open,1st Round,Clay,Koepfer D.,Bourgue M.,59,197.0,1.25,4.0,1.26,4.29,1.28,4.4
2021-05-31,French Open,1st Round,Clay,Fritz T.,Sousa J.,33,114.0,1.12,6.0,1.18,5.59,1.18,6.75
2021-05-31,French Open,1st Round,Clay,Cilic M.,Rinderknech A.,47,118.0,1.72,2.1,1.77,2.18,1.8,2.2
2021-05-31,French Open,1st Round,Clay,Harris L.,Sonego L.,54,28.0,5.5,1.14,6.75,1.14,6.75,1.17
2021-05-31,French Open,1st Round,Clay,Federer R.,Istomin D.,8,204.0,1.12,6.0,1.12,7.76,1.13,7.76
2021-05-31,French Open,1st Round,Clay,Majchrzak K.,Cazaux A.,126,452.0,1.53,2.5,1.64,2.42,1.64,2.61
2021-05-31,French Open,1st Round,Clay,Alcaraz C.,Zapata Miralles B.,97,128.0,1.28,3.75,1.32,3.74,1.32,3.95
2021-05-31,French Open,1st Round,Clay,Basilashvili N.,Lajovic D.,31,39.0,1.66,2.2,1.7,2.28,1.74,2.29
2021-05-31,French Open,1st Round,Clay,Opelka R.,Martin A.,35,108.0,1.4,3.0,1.45,3.0,1.51,3.0
2021-05-31,French Open,1st Round,Clay,Martinez P.,Korda S.,103,50.0,3.4,1.33,3.42,1.37,3.84,1.38
2021-05-31,French Open,1st Round,Clay,Medvedev D.,Bublik A.,2,37.0,1.4,3.0,1.43,3.05,1.46,3.06
2021-05-31,French Open,1st Round,Clay,Johnson S.,Tiafoe F.,88,74.0,5.0,1.16,5.34,1.19,5.75,1.2
2021-05-31,French Open,1st Round,Clay,Krajinovic F.,Marterer M.,41,215.0,1.5,2.62,1.48,2.86,1.52,2.86
2021-05-31,French Open,1st Round,Clay,Monteiro T.,Cerundolo F.,80,117.0,1.66,2.2,1.63,2.44,1.73,2.47
2021-05-31,French Open,1st Round,Clay,Mager G.,Gojowczyk P.,87,134.0,2.62,1.5,,,1.48,8.0
2021-05-31,French Open,1st Round,Clay,Sinner J.,Herbert P.H.,19,85.0,1.11,6.5,1.14,6.77,1.18,7.0
2021-05-31,French Open,1st Round,Clay,Delbonis F.,Albot R.,51,89.0,1.14,5.5,1.2,5.32,1.2,5.8
2021-05-31,French Open,1st Round,Clay,Ruud C.,Paire B.,16,40.0,1.05,11.0,1.06,12.51,1.06,15.0
2021-05-31,French Open,1st Round,Clay,Norrie C.,Fratangelo B.,45,198.0,1.2,4.5,1.24,4.56,1.25,5.1
2021-05-31,French Open,1st Round,Clay,Paul T.,O Connell C.,52,129.0,1.3,3.5,1.24,4.55,1.33,4.55
2021-05-31,French Open,1st Round,Clay,Isner J.,Querrey S.,34,67.0,1.28,3.75,1.26,4.39,1.29,4.39
2021-05-31,French Open,1st Round,Clay,Munar J.,Thompson J.,72,64.0,1.08,8.0,1.14,6.73,1.14,8.5
2021-06-01,French Open,1st Round,Clay,Kohlschreiber P.,Verdasco F.,132,99.0,1.72,2.1,1.74,2.22,1.78,2.28
2021-06-01,French Open,1st Round,Clay,Djokovic N.,Sandgren T.,1,66.0,29.0,0.967,1.01,31.38,1.02,35.0
2021-06-01,French Open,1st Round,Clay,Cuevas P.,Pouille L.,92,86.0,1.4,3.0,1.47,2.93,1.53,3.06
2021-06-01,French Open,1st Round,Clay,Kwon S.W.,Anderson K.,91,100.0,2.75,1.44,2.95,1.46,3.2,1.46
2021-06-01,French Open,1st Round,Clay,Berrettini M.,Daniel T.,9,113.0,1.07,9.0,1.08,9.87,1.08,21.0
2021-06-01,French Open,1st Round,Clay,Gasquet R.,Gaston H.,53,141.0,1.72,2.1,1.75,2.2,1.82,2.29
2021-06-01,French Open,1st Round,Clay,Schwartzman D.,Lu Y.,10,680.0,1.01,23.0,1.01,29.16,1.02,34.0
2021-06-01,French Open,1st Round,Clay,Coria F.,Lopez F.,94,62.0,1.57,2.37,1.65,2.38,1.67,2.53
2021-06-01,French Open,1st Round,Clay,Nadal R.,Popyrin A.,3,63.0,1.01,23.0,1.01,29.38,1.02,34.0
2021-06-01,French Open,1st Round,Clay,Bagnis F.,Bonzi B.,104,116.0,1.72,2.1,1.83,2.09,1.87,2.19
2021-06-01,French Open,1st Round,Clay,Monfils G.,Ramos-Vinolas A.,15,38.0,2.3,1.61,2.22,1.74,2.59,1.77
2021-06-01,French Open,1st Round,Clay,Seppi A.,Auger-Aliassime F.,98,21.0,10.0,1.06,11.2,1.07,12.75,1.07
2021-06-01,French Open,1st Round,Clay,Ymer M.,Carballes Baena R.,105,95.0,2.2,1.66,2.24,1.73,2.29,1.76
2021-06-01,French Open,1st Round,Clay,De Minaur A.,Travaglia S.,22,78.0,1.61,2.3,1.65,2.4,1.65,2.52
2021-06-01,French Open,1st Round,Clay,Berankis R.,Humbert U.,93,32.0,3.75,1.28,3.28,1.39,3.76,1.39
2021-06-01,French Open,1st Round,Clay,Cecchinato M.,Uchiyama Y.,83,115.0,1.04,13.0,1.06,12.44,1.06,21.0
2021-06-01,French Open,1st Round,Clay,Bedene A.,Mannarino A.,56,36.0,1.25,4.0,1.28,4.08,1.31,4.08
2021-06-01,French Open,1st Round,Clay,Duckworth J.,Caruso S.,101,82.0,4.0,1.25,4.66,1.24,4.75,1.27
2021-06-01,French Open,1st Round,Clay,Struff J.L.,Rublev A.,42,7.0,6.5,1.11,7.38,1.13,8.5,1.13
2021-06-01,French Open,1st Round,Clay,Karatsev A.,Brooksby J.,26,163.0,1.14,5.5,1.14,6.63,1.17,7.0
2021-06-02,French Open,2nd Round,Clay,Opelka R.,Munar J.,35,72.0,1.8,2.0,1.81,2.12,1.87,2.41
2021-06-02,French Open,2nd Round,Clay,Medvedev D.,Paul T.,2,52.0,1.28,3.75,1.35,3.53,1.38,3.84
2021-06-02,French Open,2nd Round,Clay,Johnson S.,Monteiro T.,88,80.0,5.0,1.16,4.73,1.23,6.0,1.23
2021-06-02,French Open,2nd Round,Clay,Carreno Busta P.,Couacaud E.,12,177.0,1.04,13.0,1.04,15.91,1.06,16.0
2021-06-02,French Open,2nd Round,Clay,Tsitsipas S.,Martinez P.,5,103.0,1.05,11.0,1.03,19.82,1.05,22.04
2021-06-02,French Open,2nd Round,Clay,Giron M.,Pella G.,84,61.0,2.75,1.44,2.76,1.51,2.98,1.52
2021-06-02,French Open,2nd Round,Clay,Isner J.,Krajinovic F.,34,41.0,2.0,1.8,2.15,1.79,2.25,1.83
2021-06-02,French Open,2nd Round,Clay,Garin C.,Mcdonald M.,23,119.0,1.28,3.75,1.28,4.08,1.3,4.45
2021-06-02,French Open,2nd Round,Clay,Nishikori K.,Khachanov K.,49,25.0,1.9,1.9,1.99,1.91,2.22,2.0
2021-06-02,French Open,2nd Round,Clay,Davidovich Fokina A.,Van De Zandschulp B.,46,154.0,1.2,4.5,1.19,5.43,1.23,5.5
2021-06-02,French Open,2nd Round,Clay,Laaksonen H.,Bautista Agut R.,150,11.0,8.0,1.08,10.28,1.08,11.0,1.11
2021-06-02,French Open,2nd Round,Clay,Ruud C.,Majchrzak K.,16,126.0,1.06,10.0,1.04,14.89,1.07,15.0
2021-06-02,French Open,2nd Round,Clay,Zverev A.,Safiullin R.,6,182.0,1.03,15.0,1.03,18.81,1.07,21.0
2021-06-02,French Open,2nd Round,Clay,Djere L.,Kecmanovic M.,55,48.0,1.66,2.2,1.72,2.25,1.81,2.32
2021-06-02,French Open,2nd Round,Clay,Delbonis F.,Andujar P.,51,68.0,1.66,2.2,1.77,2.18,1.82,2.3
2021-06-02,French Open,2nd Round,Clay,Fognini F.,Fucsovics M.,29,44.0,1.72,2.1,1.83,2.09,1.87,2.37
2021-06-03,French Open,2nd Round,Clay,Nadal R.,Gasquet R.,3,53.0,1.01,26.0,1.01,31.79,1.02,34.0
2021-06-03,French Open,2nd Round,Clay,Alcaraz C.,Basilashvili N.,97,31.0,1.72,2.1,1.65,2.4,1.75,2.4
2021-06-03,French Open,2nd Round,Clay,Struff J.L.,Bagnis F.,42,104.0,1.5,2.62,1.53,2.7,1.55,2.92
2021-06-03,French Open,2nd Round,Clay,Federer R.,Cilic M.,8,47.0,1.53,2.5,1.48,2.86,1.53,3.3
2021-06-03,French Open,2nd Round,Clay,Cecchinato M.,De Minaur A.,83,22.0,1.9,1.9,2.0,1.91,2.19,1.95
2021-06-03,French Open,2nd Round,Clay,Djokovic N.,Cuevas P.,1,92.0,1.02,19.0,1.01,26.31,1.03,34.0
2021-06-03,French Open,2nd Round,Clay,Berankis R.,Duckworth J.,93,101.0,1.44,2.75,1.47,2.9,1.5,3.18
2021-06-03,French Open,2nd Round,Clay,Norrie C.,Harris L.,45,54.0,1.4,3.0,1.43,3.06,1.5,3.17
2021-06-03,French Open,2nd Round,Clay,Koepfer D.,Fritz T.,59,33.0,2.75,1.44,3.0,1.45,3.05,1.48
2021-06-03,French Open,2nd Round,Clay,Musetti L.,Nishioka Y.,76,57.0,1.44,2.75,1.51,2.76,1.61,2.93
2021-06-03,French Open,2nd Round,Clay,Ymer M.,Monfils G.,105,15.0,2.75,1.44,2.99,1.45,3.52,1.48
2021-06-03,French Open,2nd Round,Clay,Schwartzman D.,Bedene A.,10,56.0,1.33,3.4,1.32,3.74,1.36,3.74
2021-06-03,French Open,2nd Round,Clay,Kohlschreiber P.,Karatsev A.,132,26.0,8.0,1.08,6.52,1.15,9.0,1.15
2021-06-03,French Open,2nd Round,Clay,Berrettini M.,Coria F.,9,94.0,1.06,10.0,1.07,11.66,1.07,13.26
2021-06-03,French Open,2nd Round,Clay,Kwon S.W.,Seppi A.,91,98.0,1.8,2.0,1.83,2.09,1.91,2.32
2021-06-03,French Open,2nd Round,Clay,Sinner J.,Mager G.,19,87.0,1.12,6.0,1.16,6.17,1.16,8.0
2021-06-04,French Open,3rd Round,Clay,Carreno Busta P.,Johnson S.,12,88.0,1.11,6.5,1.12,7.5,1.12,8.0
2021-06-04,French Open,3rd Round,Clay,Medvedev D.,Opelka R.,2,35.0,1.3,3.5,1.29,4.06,1.33,4.2
2021-06-04,French Open,3rd Round,Clay,Garin C.,Giron M.,23,84.0,1.3,3.5,1.29,4.02,1.32,4.2
2021-06-04,French Open,3rd Round,Clay,Tsitsipas S.,Isner J.,5,34.0,1.14,5.5,1.13,7.18,1.16,7.18
2021-06-04,French Open,3rd Round,Clay,Nishikori K.,Laaksonen H.,49,150.0,1.36,3.2,1.34,3.58,1.39,3.7
2021-06-04,French Open,3rd Round,Clay,Delbonis F.,Fognini F.,51,29.0,2.5,1.53,2.4,1.65,2.56,1.65
2021-06-04,French Open,3rd Round,Clay,Davidovich Fokina A.,Ruud C.,46,16.0,4.0,1.25,4.01,1.29,4.2,1.32
2021-06-04,French Open,3rd Round,Clay,Zverev A.,Djere L.,6,55.0,1.16,5.0,1.17,5.85,1.21,6.44
2021-06-05,French Open,3rd Round,Clay,Berrettini M.,Kwon S.W.,9,91.0,1.07,9.0,1.07,10.78,1.09,11.0
2021-06-05,French Open,3rd Round,Clay,Nadal R.,Norrie C.,3,45.0,1.02,19.0,1.02,22.35,1.03,22.35
2021-06-05,French Open,3rd Round,Clay,Djokovic N.,Berankis R.,1,93.0,29.0,0.967,1.01,32.24,1.01,34.0
2021-06-05,French Open,3rd Round,Clay,Federer R.,Koepfer D.,8,59.0,1.3,3.5,1.32,3.71,1.36,4.0
2021-06-05,French Open,3rd Round,Clay,Struff J.L.,Alcaraz C.,42,97.0,2.5,1.53,2.48,1.61,2.6,1.64
2021-06-05,French Open,3rd Round,Clay,Schwartzman D.,Kohlschreiber P.,10,132.0,1.16,5.0,1.17,6.01,1.23,6.01
2021-06-05,French Open,3rd Round,Clay,Musetti L.,Cecchinato M.,76,83.0,1.61,2.3,1.71,2.27,1.71,2.47
2021-06-05,French Open,3rd Round,Clay,Sinner J.,Ymer M.,19,105.0,1.12,6.0,1.14,6.67,1.17,6.85
2021-06-06,French Open,4th Round,Clay,Tsitsipas S.,Carreno Busta P.,5,12.0,1.14,5.5,1.16,6.22,1.17,6.5
2021-06-06,French Open,4th Round,Clay,Medvedev D.,Garin C.,2,23.0,1.36,3.2,1.36,3.44,1.4,3.44
2021-06-06,French Open,4th Round,Clay,Davidovich Fokina A.,Delbonis F.,46,51.0,1.8,2.0,1.75,2.2,1.86,2.21
2021-06-06,French Open,4th Round,Clay,Zverev A.,Nishikori K.,6,49.0,1.2,4.5,1.23,4.77,1.24,5.1
2021-06-07,French Open,4th Round,Clay,Berrettini M.,Federer R.,9,8.0,,,,,,
2021-06-07,French Open,4th Round,Clay,Schwartzman D.,Struff J.L.,10,42.0,1.44,2.75,1.46,2.93,1.52,2.97
2021-06-07,French Open,4th Round,Clay,Djokovic N.,Musetti L.,1,76.0,1.05,11.0,1.04,17.0,1.05,19.0
2021-06-07,French Open,4th Round,Clay,Nadal R.,Sinner J.,3,19.0,1.1,7.0,1.09,9.52,1.11,10.25
2021-06-08,Mercedes Cup,1st Round,Grass,Cilic M.,Molleker R.,47,262.0,1.07,9.0,1.11,7.67,1.11,9.5
2021-06-08,Mercedes Cup,1st Round,Grass,Harris L.,Simon G.,54,69.0,1.36,3.2,1.34,3.55,1.46,3.6
2021-06-08,Mercedes Cup,1st Round,Grass,Basilashvili N.,Brown D.,31,303.0,1.72,2.1,1.72,2.23,1.83,2.3
2021-06-08,Mercedes Cup,1st Round,Grass,Humbert U.,Fucsovics M.,32,44.0,1.72,2.1,1.78,2.15,1.78,2.26
2021-06-08,French Open,Quarterfinals,Clay,Tsitsipas S.,Medvedev D.,5,2.0,1.44,2.75,1.4,3.22,1.54,3.22
2021-06-08,French Open,Quarterfinals,Clay,Zverev A.,Davidovich Fokina A.,6,46.0,1.12,6.0,1.14,6.9,1.16,7.25
2021-06-09,Mercedes Cup,1st Round,Grass,Gojowczyk P.,Ivashka I.,134,90.0,,,,,1.39,3.03
2021-06-09,French Open,Quarterfinals,Clay,Nadal R.,Schwartzman D.,3,10.0,1.06,10.0,1.06,12.13,1.08,16.5
2021-06-09,Mercedes Cup,1st Round,Grass,Querrey S.,Celikbilek A.,67,239.0,1.25,4.0,1.29,3.94,1.37,4.2
2021-06-09,Mercedes Cup,1st Round,Grass,Thompson J.,Pella G.,64,61.0,1.53,2.5,1.51,2.73,1.76,2.73
2021-06-09,Mercedes Cup,1st Round,Grass,Hanfmann Y.,Chardy J.,96,60.0,2.75,1.44,3.06,1.42,3.22,1.46
2021-06-09,Mercedes Cup,1st Round,Grass,Stricker D.,Albot R.,335,89.0,2.0,1.8,1.96,1.93,2.13,2.47
2021-06-09,French Open,Quarterfinals,Clay,Djokovic N.,Berrettini M.,1,9.0,1.16,5.0,1.17,5.87,1.2,6.0
2021-06-09,Mercedes Cup,1st Round,Grass,Duckworth J.,Mannarino A.,101,36.0,2.62,1.5,2.72,1.51,3.22,1.56
2021-06-09,Mercedes Cup,1st Round,Grass,Rodionov J.,Koepfer D.,142,59.0,4.5,1.2,4.63,1.23,4.85,1.24
2021-06-09,Mercedes Cup,1st Round,Grass,Lopez F.,Popyrin A.,62,63.0,2.2,1.66,2.17,1.76,2.3,1.8
2021-06-10,Mercedes Cup,2nd Round,Grass,Auger-Aliassime F.,Harris L.,21,54.0,1.61,2.3,1.57,2.57,1.67,2.57
2021-06-10,Mercedes Cup,2nd Round,Grass,De Minaur A.,Thompson J.,22,64.0,1.33,3.4,1.38,3.36,1.38,3.65
2021-06-10,Mercedes Cup,2nd Round,Grass,Humbert U.,Hanfmann Y.,32,96.0,1.36,3.2,1.36,3.44,1.39,3.5
2021-06-10,Mercedes Cup,2nd Round,Grass,Stricker D.,Hurkacz H.,335,20.0,2.75,1.44,3.0,1.45,3.0,1.53
2021-06-10,Mercedes Cup,2nd Round,Grass,Cilic M.,Basilashvili N.,47,31.0,1.36,3.2,1.37,3.4,1.4,3.64
2021-06-10,Mercedes Cup,2nd Round,Grass,Rodionov J.,Gojowczyk P.,142,134.0,3.4,1.33,3.18,1.41,3.6,1.41
2021-06-10,Mercedes Cup,2nd Round,Grass,Querrey S.,Duckworth J.,67,101.0,1.5,2.62,1.52,2.73,1.56,2.79
2021-06-11,Mercedes Cup,Quarterfinals,Grass,Auger-Aliassime F.,Humbert U.,21,32.0,1.8,2.0,1.78,2.16,2.01,2.2
2021-06-11,Mercedes Cup,Quarterfinals,Grass,Cilic M.,Shapovalov D.,47,14.0,2.37,1.57,2.61,1.55,2.61,1.67
2021-06-11,Mercedes Cup,Quarterfinals,Grass,Rodionov J.,De Minaur A.,142,22.0,4.5,1.2,6.24,1.16,6.24,1.22
2021-06-11,Mercedes Cup,Quarterfinals,Grass,Querrey S.,Stricker D.,67,335.0,1.57,2.37,1.55,2.63,1.63,2.63
2021-06-11,French Open,Semifinals,Clay,Tsitsipas S.,Zverev A.,5,6.0,1.44,2.75,1.45,3.0,1.49,3.06
2021-06-11,French Open,Semifinals,Clay,Djokovic N.,Nadal R.,1,3.0,3.0,1.4,2.8,1.5,3.16,1.5
2021-06-11,Mercedes Cup,2nd Round,Grass,Shapovalov D.,Lopez F.,14,62.0,1.72,2.1,1.68,2.33,1.75,2.47
2021-06-12,Mercedes Cup,Semifinals,Grass,Auger-Aliassime F.,Querrey S.,21,67.0,1.5,2.62,1.47,2.91,1.51,2.95
2021-06-12,Mercedes Cup,Semifinals,Grass,Cilic M.,Rodionov J.,47,142.0,1.22,4.33,1.2,5.22,1.22,5.89
2021-06-13,French Open,The Final,Clay,Djokovic N.,Tsitsipas S.,1,5.0,1.4,3.0,1.45,2.97,1.45,3.5
2021-06-13,Mercedes Cup,The Final,Grass,Cilic M.,Auger-Aliassime F.,47,21.0,1.8,2.0,1.81,2.11,1.83,2.32
2021-06-14,Queen's Club Championships,1st Round,Grass,Millman J.,Opelka R.,43,32.0,3.2,1.36,3.05,1.43,3.45,1.43
2021-06-14,Queen's Club Championships,1st Round,Grass,Karatsev A.,Tabilo A.,24,171.0,1.2,4.5,1.23,4.69,1.25,5.25
2021-06-14,Queen's Club Championships,1st Round,Grass,Troicki V.,Sonego L.,230,26.0,2.37,1.57,2.41,1.63,2.7,1.63
2021-06-14,Queen's Club Championships,1st Round,Grass,Lopez F.,Marchenko I.,64,155.0,1.4,3.0,1.38,3.26,1.44,3.4
2021-06-14,Queen's Club Championships,1st Round,Grass,Norrie C.,Ramos-Vinolas A.,41,38.0,1.3,3.5,1.36,3.41,1.38,4.04
2021-06-14,Queen's Club Championships,1st Round,Grass,Draper J.,Sinner J.,309,23.0,6.0,1.12,7.8,1.11,8.26,1.16
2021-06-14,Queen's Club Championships,1st Round,Grass,Mannarino A.,Broady L.,42,146.0,1.57,2.37,1.67,2.33,1.72,2.6
2021-06-14,Halle Open,1st Round,Grass,Moutet C.,Goffin D.,94,13.0,3.2,1.36,3.11,1.41,3.55,1.47
2021-06-14,Halle Open,1st Round,Grass,Thompson J.,Altmaier D.,81,166.0,1.36,3.2,1.37,3.35,1.38,3.64
2021-06-14,Halle Open,1st Round,Grass,Giron M.,Pospisil V.,75,66.0,2.0,1.8,2.08,1.82,2.15,1.92
2021-06-14,Halle Open,1st Round,Grass,Federer R.,Ivashka I.,8,90.0,1.14,5.5,1.17,5.7,1.18,6.55
2021-06-14,Halle Open,1st Round,Grass,Korda S.,Bautista Agut R.,52,10.0,2.75,1.44,2.82,1.48,3.05,1.54
2021-06-15,Halle Open,1st Round,Grass,Lacko L.,Pella G.,214,62.0,1.9,1.9,1.89,1.99,2.05,2.0
2021-06-15,Halle Open,1st Round,Grass,Nishikori K.,Berankis R.,57,84.0,1.36,3.2,1.41,3.1,1.41,3.4
2021-06-15,Queen's Club Championships,1st Round,Grass,Cilic M.,Ofner S.,37,174.0,1.12,6.0,1.13,7.06,1.14,7.5
2021-06-15,Queen's Club Championships,1st Round,Grass,Shapovalov D.,Vukic A.,14,207.0,1.14,5.5,1.15,6.16,1.18,6.16
2021-06-15,Queen's Club Championships,1st Round,Grass,Fognini F.,Lu Y.,29,624.0,1.3,3.5,1.33,3.62,1.34,3.7
2021-06-15,Queen's Club Championships,1st Round,Grass,Murray A.,Paire B.,124,46.0,1.53,2.5,1.54,2.63,1.66,2.7
2021-06-15,Queen's Club Championships,1st Round,Grass,Evans D.,Popyrin A.,25,67.0,1.5,2.62,1.56,2.59,1.62,2.64
2021-06-15,Queen's Club Championships,1st Round,Grass,De Minaur A.,Djere L.,22,55.0,1.1,7.0,1.1,8.27,1.12,9.17
2021-06-15,Queen's Club Championships,1st Round,Grass,Bublik A.,Chardy J.,39,59.0,2.1,1.72,2.15,1.77,2.2,1.89
2021-06-15,Queen's Club Championships,1st Round,Grass,Berrettini M.,Travaglia S.,9,88.0,1.2,4.5,1.2,5.11,1.22,5.45
2021-06-15,Halle Open,1st Round,Grass,Harris L.,Monfils G.,51,16.0,1.66,2.2,1.58,2.51,1.78,2.55
2021-06-15,Queen's Club Championships,1st Round,Grass,Tiafoe F.,Bedene A.,65,60.0,1.53,2.5,1.62,2.43,1.67,2.63
2021-06-15,Halle Open,1st Round,Grass,Struff J.L.,Medvedev D.,45,2.0,3.75,1.28,4.59,1.23,4.62,1.28
2021-06-15,Halle Open,1st Round,Grass,Kohlschreiber P.,Rodionov J.,128,135.0,1.4,3.0,1.49,2.8,1.52,3.17
2021-06-15,Halle Open,1st Round,Grass,Basilashvili N.,Simon G.,30,71.0,1.53,2.5,1.65,2.35,1.65,2.81
2021-06-15,Halle Open,1st Round,Grass,Rublev A.,Khachanov K.,7,27.0,1.53,2.5,1.55,2.62,1.57,2.66
2021-06-15,Halle Open,1st Round,Grass,Auger-Aliassime F.,Hurkacz H.,21,17.0,1.57,2.37,1.63,2.41,1.67,2.75
2021-06-15,Halle Open,1st Round,Grass,Zverev A.,Koepfer D.,6,53.0,1.2,4.5,1.21,4.93,1.23,4.98
2021-06-15,Halle Open,1st Round,Grass,Humbert U.,Querrey S.,31,63.0,1.57,2.37,1.68,2.32,1.68,2.57
2021-06-15,Halle Open,1st Round,Grass,Rinderknech A.,Hanfmann Y.,119,99.0,1.8,2.0,1.76,2.17,1.83,2.19
2021-06-16,Queen's Club Championships,2nd Round,Grass,Cilic M.,Fognini F.,37,29.0,1.25,4.0,1.3,3.9,1.3,4.51
2021-06-16,Queen's Club Championships,2nd Round,Grass,Norrie C.,Karatsev A.,41,24.0,2.0,1.8,2.15,1.79,2.2,1.81
2021-06-16,Queen's Club Championships,2nd Round,Grass,De Minaur A.,Millman J.,22,43.0,1.33,3.4,1.35,3.53,1.38,3.7
2021-06-16,Halle Open,2nd Round,Grass,Kohlschreiber P.,Moutet C.,128,94.0,1.5,2.62,1.5,2.8,1.58,2.86
2021-06-16,Queen's Club Championships,2nd Round,Grass,Draper J.,Bublik A.,309,39.0,2.62,1.5,2.67,1.54,2.91,1.55
2021-06-16,Halle Open,2nd Round,Grass,Rublev A.,Thompson J.,7,81.0,1.22,4.33,1.25,4.46,1.27,4.84
2021-06-16,Halle Open,2nd Round,Grass,Giron M.,Struff J.L.,75,45.0,3.2,1.36,3.22,1.4,3.46,1.4
2021-06-16,Halle Open,2nd Round,Grass,Auger-Aliassime F.,Federer R.,21,8.0,2.62,1.5,2.96,1.46,2.96,1.71
2021-06-17,Queen's Club Championships,2nd Round,Grass,Berrettini M.,Murray A.,9,124.0,1.33,3.4,1.38,3.35,1.38,3.53
2021-06-17,Halle Open,2nd Round,Grass,Korda S.,Nishikori K.,52,57.0,1.72,2.1,1.81,2.12,1.83,2.25
2021-06-17,Halle Open,2nd Round,Grass,Harris L.,Lacko L.,51,214.0,1.28,3.75,1.24,4.6,1.32,4.6
2021-06-17,Queen's Club Championships,2nd Round,Grass,Evans D.,Mannarino A.,25,42.0,1.53,2.5,1.62,2.46,1.62,2.6
2021-06-17,Halle Open,2nd Round,Grass,Humbert U.,Zverev A.,31,6.0,3.0,1.4,3.06,1.43,3.1,1.5
2021-06-17,Queen's Club Championships,2nd Round,Grass,Shapovalov D.,Lopez F.,14,64.0,1.44,2.75,1.43,3.05,1.85,3.05
2021-06-17,Queen's Club Championships,2nd Round,Grass,Tiafoe F.,Troicki V.,65,230.0,1.44,2.75,1.45,2.98,1.5,3.0
2021-06-17,Halle Open,2nd Round,Grass,Basilashvili N.,Rinderknech A.,30,119.0,2.1,1.72,2.23,1.74,2.25,1.8
2021-06-18,Queen's Club Championships,Quarterfinals,Grass,Berrettini M.,Evans D.,9,25.0,1.4,3.0,1.46,2.95,1.48,3.12
2021-06-18,Queen's Club Championships,Quarterfinals,Grass,De Minaur A.,Cilic M.,22,37.0,2.0,1.8,2.03,1.88,2.1,1.95
2021-06-18,Queen's Club Championships,Quarterfinals,Grass,Norrie C.,Draper J.,41,309.0,1.44,2.75,1.52,2.73,1.53,3.02
2021-06-18,Halle Open,Quarterfinals,Grass,Rublev A.,Kohlschreiber P.,7,128.0,1.28,3.75,1.29,3.98,1.3,4.12
2021-06-18,Halle Open,Quarterfinals,Grass,Basilashvili N.,Harris L.,30,51.0,2.3,1.61,2.31,1.69,2.4,1.69
2021-06-18,Halle Open,Quarterfinals,Grass,Humbert U.,Korda S.,31,52.0,1.66,2.2,1.76,2.19,1.77,2.38
2021-06-18,Halle Open,Quarterfinals,Grass,Auger-Aliassime F.,Giron M.,21,75.0,1.28,3.75,1.29,4.06,1.34,4.2
2021-06-19,Halle Open,Semifinals,Grass,Humbert U.,Auger-Aliassime F.,31,21.0,2.3,1.61,2.41,1.64,2.57,1.68
2021-06-19,Halle Open,Semifinals,Grass,Rublev A.,Basilashvili N.,7,30.0,1.22,4.33,1.25,4.46,1.29,4.46
2021-06-19,Queen's Club Championships,Quarterfinals,Grass,Shapovalov D.,Tiafoe F.,14,65.0,1.4,3.0,1.38,3.34,1.44,3.45
2021-06-19,Queen's Club Championships,Semifinals,Grass,Berrettini M.,De Minaur A.,9,22.0,1.4,3.0,1.42,3.11,1.44,3.32
2021-06-19,Queen's Club Championships,Semifinals,Grass,Norrie C.,Shapovalov D.,41,14.0,2.62,1.5,2.77,1.5,2.8,1.53
2021-06-20,Mallorca Championships,1st Round,Grass,Thompson J.,Andujar P.,76,70.0,1.2,4.5,1.23,4.64,1.29,4.8
2021-06-20,Mallorca Championships,1st Round,Grass,Mannarino A.,Struff J.L.,42,45.0,2.37,1.57,2.45,1.61,2.58,1.77
2021-06-20,Queen's Club Championships,The Final,Grass,Berrettini M.,Norrie C.,9,41.0,1.28,3.75,1.3,3.89,1.34,4.0
2021-06-20,Halle Open,The Final,Grass,Humbert U.,Rublev A.,31,7.0,3.0,1.4,3.09,1.43,3.15,1.51
2021-06-21,Mallorca Championships,1st Round,Grass,Moutet C.,Harris L.,85,51.0,2.62,1.5,2.72,1.51,2.78,1.62
2021-06-21,Mallorca Championships,1st Round,Grass,Khachanov K.,Pouille L.,29,96.0,1.36,3.2,1.46,2.9,1.46,3.87
2021-06-21,Mallorca Championships,1st Round,Grass,Travaglia S.,Pella G.,86,59.0,1.61,2.3,1.6,2.48,1.67,2.5
2021-06-21,Mallorca Championships,1st Round,Grass,Klein L.,Lajovic D.,256,41.0,2.0,1.8,1.94,1.94,2.15,2.05
2021-06-21,Mallorca Championships,1st Round,Grass,Lopez F.,Kuhn N.,90,259.0,1.22,4.33,1.24,4.55,1.28,4.55
2021-06-21,Mallorca Championships,1st Round,Grass,Vesely J.,Caruso S.,71,97.0,1.44,2.75,1.39,3.22,1.45,3.22
2021-06-21,Mallorca Championships,1st Round,Grass,Ruud C.,Simon G.,14,93.0,1.53,2.5,1.59,2.5,1.66,2.55
2021-06-21,Mallorca Championships,1st Round,Grass,Sandgren T.,Munar J.,68,69.0,1.57,2.37,1.68,2.31,1.68,2.5
2021-06-22,Mallorca Championships,2nd Round,Grass,Lopez F.,Khachanov K.,90,29.0,2.37,1.57,2.4,1.65,2.55,1.69
2021-06-22,Mallorca Championships,1st Round,Grass,Humbert U.,Kecmanovic M.,25,47.0,1.57,2.37,1.59,2.5,1.63,2.71
2021-06-22,Mallorca Championships,2nd Round,Grass,Medvedev D.,Moutet C.,2,85.0,1.14,5.5,1.18,5.62,1.2,5.82
2021-06-22,Mallorca Championships,2nd Round,Grass,Mannarino A.,Thiem D.,42,5.0,2.3,1.61,2.3,1.69,2.61,1.72
2021-06-22,Mallorca Championships,1st Round,Grass,Querrey S.,Carballes Baena R.,60,100.0,1.28,3.75,1.32,3.69,1.33,4.0
2021-06-22,Mallorca Championships,2nd Round,Grass,Ruud C.,Sandgren T.,14,68.0,1.5,2.62,1.56,2.6,1.56,2.96
2021-06-22,Viking International,1st Round,Grass,Millman J.,Clarke J.,43,230.0,1.28,3.75,1.29,3.95,1.3,3.95
2021-06-22,Viking International,1st Round,Grass,Ivashka I.,Gray A.,87,1133.0,1.11,6.5,1.09,9.23,1.11,12.0
2021-06-22,Viking International,1st Round,Grass,Gerasimov E.,Tsonga J.W.,72,83.0,2.37,1.57,2.33,1.67,2.4,1.71
2021-06-22,Viking International,1st Round,Grass,Popyrin A.,Gombos N.,67,94.0,1.36,3.2,1.32,3.64,1.4,3.85
2021-06-22,Viking International,1st Round,Grass,Bublik A.,Kukushkin M.,39,106.0,1.44,2.75,1.5,2.77,1.5,3.0
2021-06-22,Viking International,1st Round,Grass,Purcell M.,Duckworth J.,283,88.0,3.0,1.4,3.08,1.42,3.4,1.42
2021-06-22,Viking International,1st Round,Grass,Ruusuvuori E.,Ramos-Vinolas A.,79,40.0,1.61,2.3,1.64,2.39,1.65,2.5
2021-06-22,Viking International,1st Round,Grass,Seppi A.,Nishioka Y.,95,57.0,1.57,2.37,1.53,2.65,1.68,2.65
2021-06-22,Viking International,1st Round,Grass,Davidovich Fokina A.,Ymer M.,35,98.0,1.72,2.1,1.72,2.22,1.75,2.25
2021-06-22,Viking International,1st Round,Grass,Fucsovics M.,Bedene A.,49,64.0,2.0,1.8,1.89,2.0,2.0,2.26
2021-06-22,Viking International,1st Round,Grass,Broady L.,Tiafoe F.,144,56.0,4.0,1.25,4.14,1.27,4.15,1.3
2021-06-22,Viking International,1st Round,Grass,Pospisil V.,Ward J.,66,340.0,1.28,3.75,1.3,3.82,1.31,3.9
2021-06-23,Mallorca Championships,2nd Round,Grass,Bautista Agut R.,Travaglia S.,10,86.0,1.28,3.75,1.28,4.14,1.29,4.25
2021-06-23,Mallorca Championships,2nd Round,Grass,Thompson J.,Klein L.,76,256.0,1.5,2.62,1.48,2.86,1.53,2.9
2021-06-23,Mallorca Championships,2nd Round,Grass,Carreno Busta P.,Vesely J.,13,71.0,1.66,2.2,1.75,2.2,1.77,2.42
2021-06-23,Mallorca Championships,2nd Round,Grass,Querrey S.,Humbert U.,60,25.0,2.3,1.61,2.24,1.73,2.5,1.8
2021-06-23,Viking International,2nd Round,Grass,Ivashka I.,Popyrin A.,87,67.0,1.8,2.0,1.93,1.98,2.04,2.05
2021-06-23,Viking International,2nd Round,Grass,Pospisil V.,Davidovich Fokina A.,66,35.0,1.9,1.9,2.06,1.85,2.1,1.92
2021-06-23,Viking International,2nd Round,Grass,Bublik A.,Gerasimov E.,39,72.0,1.4,3.0,1.46,2.96,1.46,3.12
2021-06-23,Viking International,2nd Round,Grass,Seppi A.,Ruusuvuori E.,95,79.0,2.1,1.72,2.19,1.76,2.3,1.81
2021-06-23,Viking International,2nd Round,Grass,Sonego L.,Millman J.,27,43.0,1.8,2.0,1.92,1.99,1.92,2.05
2021-06-23,Viking International,2nd Round,Grass,Purcell M.,Monfils G.,283,16.0,2.75,1.44,3.15,1.41,3.2,1.46
2021-06-23,Viking International,2nd Round,Grass,Kwon S.W.,Fucsovics M.,77,49.0,2.37,1.57,2.44,1.63,2.85,1.65
2021-06-23,Viking International,2nd Round,Grass,De Minaur A.,Broady L.,18,144.0,1.16,5.0,1.18,5.61,1.19,6.0
2021-06-24,Mallorca Championships,Quarterfinals,Grass,Mannarino A.,Lopez F.,42,90.0,2.1,1.72,2.08,1.84,2.45,1.84
2021-06-24,Mallorca Championships,Quarterfinals,Grass,Querrey S.,Bautista Agut R.,60,10.0,3.2,1.36,3.43,1.36,3.45,1.44
2021-06-24,Mallorca Championships,Quarterfinals,Grass,Medvedev D.,Ruud C.,2,14.0,1.2,4.5,1.21,5.08,1.25,5.08
2021-06-24,Viking International,Quarterfinals,Grass,Sonego L.,Bublik A.,27,39.0,2.0,1.8,2.15,1.79,2.21,1.86
2021-06-24,Mallorca Championships,Quarterfinals,Grass,Carreno Busta P.,Thompson J.,13,76.0,1.53,2.5,1.62,2.46,1.62,2.55
2021-06-24,Viking International,Quarterfinals,Grass,Kwon S.W.,Ivashka I.,77,87.0,2.37,1.57,2.51,1.6,2.51,1.63
2021-06-24,Viking International,Quarterfinals,Grass,De Minaur A.,Pospisil V.,18,66.0,1.44,2.75,1.43,3.06,1.52,3.06
2021-06-24,Viking International,Quarterfinals,Grass,Purcell M.,Seppi A.,283,95.0,2.75,1.44,3.08,1.43,3.1,1.47
2021-06-25,Viking International,Semifinals,Grass,Sonego L.,Purcell M.,27,283.0,1.22,4.33,1.23,4.69,1.3,4.75
2021-06-25,Viking International,Semifinals,Grass,De Minaur A.,Kwon S.W.,18,77.0,1.22,4.33,1.2,5.26,1.27,5.26
2021-06-25,Mallorca Championships,Semifinals,Grass,Medvedev D.,Carreno Busta P.,2,13.0,1.2,4.5,1.2,5.3,1.25,5.5
2021-06-25,Mallorca Championships,Semifinals,Grass,Querrey S.,Mannarino A.,60,42.0,1.57,2.37,1.65,2.4,1.67,2.57
2021-06-26,Mallorca Championships,The Final,Grass,Medvedev D.,Querrey S.,2,60.0,1.28,3.75,1.26,4.28,1.29,4.28
2021-06-26,Viking International,The Final,Grass,De Minaur A.,Sonego L.,18,27.0,1.44,2.75,1.43,3.08,1.52,3.08
2021-06-28,Wimbledon,1st Round,Grass,Khachanov K.,Mcdonald M.,29,108.0,1.61,2.3,1.67,2.36,1.67,2.55
2021-06-28,Wimbledon,1st Round,Grass,Koepfer D.,Opelka R.,62,32.0,2.3,1.61,2.5,1.6,2.5,1.67
2021-06-28,Wimbledon,1st Round,Grass,Martinez P.,Travaglia S.,107,88.0,3.75,1.28,4.06,1.28,4.1,1.36
2021-06-28,Wimbledon,1st Round,Grass,Rublev A.,Delbonis F.,7,47.0,1.03,15.0,1.03,18.18,1.05,18.18
2021-06-28,Wimbledon,1st Round,Grass,Pospisil V.,Carballes Baena R.,65,100.0,1.25,4.0,1.27,4.18,1.27,4.33
2021-06-28,Wimbledon,1st Round,Grass,Broady L.,Cecchinato M.,143,86.0,1.4,3.0,1.42,3.12,1.44,3.35
2021-06-28,Wimbledon,1st Round,Grass,Murray A.,Basilashvili N.,118,28.0,1.9,1.9,2.06,1.85,2.06,2.06
2021-06-28,Wimbledon,1st Round,Grass,Vesely J.,Hanfmann Y.,72,99.0,1.53,2.5,1.55,2.65,1.57,2.75
2021-06-28,Wimbledon,1st Round,Grass,Djokovic N.,Draper J.,1,253.0,1.01,26.0,1.01,33.67,1.01,51.0
2021-06-28,Wimbledon,1st Round,Grass,Fucsovics M.,Sinner J.,48,23.0,2.62,1.5,2.95,1.46,2.95,1.5
2021-06-28,Wimbledon,1st Round,Grass,Seppi A.,Sousa J.,90,120.0,1.44,2.75,1.47,2.9,1.48,2.97
2021-06-28,Wimbledon,1st Round,Grass,Kudla D.,Davidovich Fokina A.,114,35.0,1.9,1.9,2.02,1.88,2.05,1.91
2021-06-28,Wimbledon,1st Round,Grass,Anderson K.,Barrios M.,102,209.0,1.25,4.0,1.29,4.01,1.29,4.15
2021-06-28,Wimbledon,1st Round,Grass,Kecmanovic M.,Bagnis F.,49,92.0,1.1,7.0,1.1,8.81,1.11,9.0
2021-06-28,Wimbledon,1st Round,Grass,Tiafoe F.,Tsitsipas S.,57,4.0,5.5,1.14,5.65,1.18,6.5,1.2
2021-06-28,Wimbledon,1st Round,Grass,Bautista Agut R.,Millman J.,10,43.0,1.22,4.33,1.2,5.18,1.22,5.5
2021-06-29,Wimbledon,1st Round,Grass,Shapovalov D.,Kohlschreiber P.,12,115.0,1.22,4.33,1.24,4.61,1.3,4.75
2021-06-29,Wimbledon,1st Round,Grass,Harris L.,Berankis R.,51,80.0,1.53,2.5,1.55,2.64,1.59,2.99
2021-06-29,Wimbledon,1st Round,Grass,Djere L.,Cuevas P.,55,84.0,2.5,1.53,2.42,1.64,2.6,1.7
2021-06-29,Wimbledon,1st Round,Grass,Kwon S.W.,Masur D.,71,222.0,1.28,3.75,1.33,3.69,1.33,4.62
2021-06-29,Wimbledon,1st Round,Grass,Bolt A.,Krajinovic F.,149,44.0,1.57,2.37,1.8,2.14,1.8,2.42
2021-06-29,Wimbledon,1st Round,Grass,Polmans M.,Lu Y.,154,625.0,1.36,3.2,1.32,3.77,1.36,4.0
2021-06-29,Wimbledon,1st Round,Grass,Lajovic D.,Simon G.,42,97.0,2.37,1.57,2.5,1.6,2.51,1.65
2021-06-29,Wimbledon,1st Round,Grass,Otte O.,Rinderknech A.,151,109.0,2.3,1.61,2.22,1.74,2.53,1.74
2021-06-29,Wimbledon,1st Round,Grass,Andujar P.,Herbert P.H.,70,101.0,4.5,1.2,5.57,1.18,5.92,1.21
2021-06-29,Wimbledon,1st Round,Grass,Gerasimov E.,Clarke J.,73,230.0,1.4,3.0,1.4,3.2,1.44,3.2
2021-06-29,Wimbledon,1st Round,Grass,Sandgren T.,Gombos N.,68,94.0,1.57,2.37,1.59,2.53,1.63,2.53
2021-06-29,Wimbledon,1st Round,Grass,Gasquet R.,Sugita Y.,56,110.0,1.22,4.33,1.24,4.58,1.24,5.08
2021-06-29,Wimbledon,1st Round,Grass,Hurkacz H.,Musetti L.,18,63.0,1.44,2.75,1.48,2.88,1.5,3.0
2021-06-29,Wimbledon,1st Round,Grass,Evans D.,Lopez F.,26,89.0,1.44,2.75,1.44,3.03,1.45,3.15
2021-06-29,Wimbledon,1st Round,Grass,Fognini F.,Ramos-Vinolas A.,31,39.0,1.36,3.2,1.37,3.4,1.43,3.45
2021-06-29,Wimbledon,1st Round,Grass,Zverev A.,Griekspoor T.,6,124.0,1.05,11.0,1.07,11.22,1.08,15.0
2021-06-29,Wimbledon,1st Round,Grass,Korda S.,De Minaur A.,50,15.0,2.37,1.57,2.52,1.59,2.66,1.62
2021-06-29,Wimbledon,1st Round,Grass,Schwartzman D.,Paire B.,11,46.0,1.14,5.5,1.18,5.56,1.2,5.75
2021-06-29,Wimbledon,1st Round,Grass,Federer R.,Mannarino A.,8,41.0,1.14,5.5,1.16,6.05,1.2,6.05
2021-06-29,Wimbledon,1st Round,Grass,Medvedev D.,Struff J.L.,2,45.0,1.14,5.5,1.14,6.49,1.17,6.75
2021-06-29,Wimbledon,1st Round,Grass,Hoang A.,Zhang Zh.,156,175.0,1.8,2.0,1.9,2.01,1.91,2.08
2021-06-30,Wimbledon,2nd Round,Grass,Evans D.,Lajovic D.,26,42.0,1.1,7.0,1.1,8.46,1.13,9.0
2021-06-30,Wimbledon,1st Round,Grass,Bonzi B.,Trungelliti M.,119,205.0,1.25,4.0,1.22,4.91,1.32,4.91
2021-06-30,Wimbledon,1st Round,Grass,Monfils G.,O Connell C.,17,130.0,1.9,1.9,1.8,2.13,2.01,2.13
2021-06-30,Wimbledon,1st Round,Grass,Bublik A.,Kukushkin M.,38,105.0,1.22,4.33,1.22,4.83,1.28,4.83
2021-06-30,Wimbledon,1st Round,Grass,Johnson S.,Novak D.,74,122.0,1.8,2.0,1.71,2.28,1.8,2.28
2021-06-30,Wimbledon,2nd Round,Grass,Djokovic N.,Anderson K.,1,102.0,1.02,19.0,1.03,18.8,1.04,26.0
2021-06-30,Wimbledon,2nd Round,Grass,Kudla D.,Seppi A.,114,90.0,1.66,2.2,1.69,2.3,1.69,2.3
2021-06-30,Wimbledon,1st Round,Grass,Kyrgios N.,Humbert U.,60,25.0,2.5,1.53,2.48,1.61,2.63,1.63
2021-06-30,Wimbledon,2nd Round,Grass,Fucsovics M.,Vesely J.,48,72.0,1.53,2.5,1.6,2.5,1.65,2.62
2021-06-30,Wimbledon,2nd Round,Grass,Tiafoe F.,Pospisil V.,57,65.0,1.8,2.0,1.85,2.07,1.91,2.37
2021-06-30,Wimbledon,2nd Round,Grass,Shapovalov D.,Andujar P.,12,70.0,1.07,9.0,1.07,11.29,1.07,13.0
2021-06-30,Wimbledon,2nd Round,Grass,Fognini F.,Djere L.,31,55.0,1.33,3.4,1.4,3.25,1.4,3.52
2021-06-30,Wimbledon,2nd Round,Grass,Koepfer D.,Kwon S.W.,62,71.0,1.57,2.37,1.6,2.51,1.65,2.51
2021-06-30,Wimbledon,2nd Round,Grass,Schwartzman D.,Broady L.,11,143.0,1.22,4.33,1.24,4.58,1.25,5.5
2021-06-30,Wimbledon,2nd Round,Grass,Korda S.,Hoang A.,50,156.0,1.08,8.0,1.11,7.87,1.13,8.0
2021-06-30,Wimbledon,2nd Round,Grass,Murray A.,Otte O.,118,151.0,1.33,3.4,1.34,3.6,1.44,3.6
2021-06-30,Wimbledon,2nd Round,Grass,Rublev A.,Harris L.,7,51.0,1.16,5.0,1.17,5.84,1.2,6.0
2021-06-30,Wimbledon,1st Round,Grass,Auger-Aliassime F.,Monteiro T.,19,81.0,1.08,8.0,1.09,9.62,1.11,10.8
2021-06-30,Wimbledon,2nd Round,Grass,Khachanov K.,Gerasimov E.,29,73.0,1.2,4.5,1.21,5.08,1.22,5.5
2021-06-30,Wimbledon,1st Round,Grass,Fritz T.,Nakashima B.,40,138.0,2.75,1.44,3.05,1.43,3.1,1.53
2021-06-30,Wimbledon,1st Round,Grass,Giron M.,Ruusuvuori E.,66,76.0,1.66,2.2,1.68,2.33,1.69,2.47
2021-06-30,Wimbledon,1st Round,Grass,Sonego L.,Sousa P.,27,121.0,1.03,15.0,1.03,19.73,1.06,24.0
2021-06-30,Wimbledon,1st Round,Grass,Thompson J.,Ruud C.,78,14.0,2.62,1.5,2.8,1.5,2.8,1.58
2021-06-30,Wimbledon,1st Round,Grass,Nishikori K.,Popyrin A.,53,67.0,1.4,3.0,1.45,2.99,1.47,3.11
2021-06-30,Wimbledon,1st Round,Grass,Ivashka I.,Munar J.,79,69.0,1.36,3.2,1.39,3.27,1.39,3.44
2021-06-30,Wimbledon,1st Round,Grass,Bedene A.,Moutet C.,64,83.0,1.8,2.0,1.81,2.11,1.84,2.11
2021-06-30,Wimbledon,1st Round,Grass,Van De Zandschulp B.,Barrere G.,139,131.0,2.37,1.57,2.57,1.57,2.7,1.68
2021-06-30,Wimbledon,1st Round,Grass,Cilic M.,Caruso S.,37,96.0,1.06,10.0,1.05,13.95,1.06,14.0
2021-06-30,Wimbledon,1st Round,Grass,Chardy J.,Karatsev A.,61,24.0,2.2,1.66,2.11,1.81,2.31,1.81
2021-06-30,Wimbledon,1st Round,Grass,Nishioka Y.,Isner J.,58,33.0,5.5,1.14,6.51,1.15,7.24,1.16
2021-06-30,Wimbledon,1st Round,Grass,Alcaraz C.,Uchiyama Y.,75,116.0,1.44,2.75,1.35,3.52,1.46,3.52
2021-06-30,Wimbledon,1st Round,Grass,Berrettini M.,Pella G.,9,59.0,1.02,17.0,1.03,19.2,1.04,26.0
2021-06-30,Wimbledon,1st Round,Grass,Querrey S.,Carreno Busta P.,54,13.0,1.72,2.1,1.74,2.23,1.77,2.48
2021-06-30,Wimbledon,1st Round,Grass,Norrie C.,Pouille L.,34,95.0,1.22,4.33,1.24,4.53,1.33,4.6
2021-06-30,Wimbledon,1st Round,Grass,Galan D.E.,Coria F.,112,87.0,1.22,4.33,1.24,4.61,1.26,4.8
2021-06-30,Wimbledon,1st Round,Grass,Duckworth J.,Albot R.,91,93.0,1.57,2.37,1.54,2.66,1.6,2.68
2021-06-30,Wimbledon,1st Round,Grass,Garin C.,Zapata Miralles B.,20,125.0,1.53,2.5,1.5,2.81,1.56,2.81
2021-06-30,Wimbledon,1st Round,Grass,Mager G.,Londero J.I.,77,129.0,1.5,2.62,1.54,2.67,1.57,2.8
2021-06-30,Wimbledon,1st Round,Grass,Dimitrov G.,Verdasco F.,21,106.0,1.25,4.0,1.29,4.06,1.35,4.2
2021-06-30,Wimbledon,1st Round,Grass,Ymer M.,Tsonga J.W.,98,85.0,1.9,1.9,1.94,1.96,2.03,2.0
2021-07-01,Wimbledon,2nd Round,Grass,Sonego L.,Galan D.E.,27,112.0,1.1,7.0,1.1,8.61,1.11,11.89
2021-07-01,Wimbledon,2nd Round,Grass,Fritz T.,Johnson S.,40,74.0,1.61,2.3,1.69,2.3,1.77,2.31
2021-07-01,Wimbledon,2nd Round,Grass,Auger-Aliassime F.,Ymer M.,19,98.0,1.08,8.0,1.12,7.77,1.13,9.91
2021-07-01,Wimbledon,2nd Round,Grass,Medvedev D.,Alcaraz C.,2,75.0,1.05,11.0,1.05,14.2,1.09,14.5
2021-07-01,Wimbledon,2nd Round,Grass,Kyrgios N.,Mager G.,60,77.0,1.12,6.0,1.16,6.2,1.17,6.75
2021-07-01,Wimbledon,2nd Round,Grass,Cilic M.,Bonzi B.,37,119.0,1.2,4.5,1.27,4.17,1.27,4.5
2021-07-01,Wimbledon,2nd Round,Grass,Federer R.,Gasquet R.,8,56.0,1.2,4.5,1.22,4.84,1.25,5.5
2021-07-01,Wimbledon,2nd Round,Grass,Hurkacz H.,Giron M.,18,66.0,1.4,3.0,1.41,3.18,1.45,3.18
2021-07-01,Wimbledon,2nd Round,Grass,Ivashka I.,Chardy J.,79,61.0,1.66,2.2,1.74,2.23,1.74,2.36
2021-07-01,Wimbledon,2nd Round,Grass,Bublik A.,Dimitrov G.,38,21.0,1.8,2.0,1.95,1.95,1.95,2.04
2021-07-01,Wimbledon,2nd Round,Grass,Norrie C.,Bolt A.,34,149.0,1.3,3.5,1.31,3.87,1.36,3.87
2021-07-01,Wimbledon,2nd Round,Grass,Martinez P.,Monfils G.,107,17.0,2.75,1.44,2.71,1.53,2.9,1.53
2021-07-01,Wimbledon,2nd Round,Grass,Berrettini M.,Van De Zandschulp B.,9,139.0,1.05,11.0,1.05,13.53,1.07,17.75
2021-07-01,Wimbledon,2nd Round,Grass,Bautista Agut R.,Kecmanovic M.,10,49.0,1.28,3.75,1.3,3.89,1.34,4.0
2021-07-01,Wimbledon,2nd Round,Grass,Duckworth J.,Querrey S.,91,54.0,3.75,1.28,4.01,1.29,4.33,1.32
2021-07-01,Wimbledon,2nd Round,Grass,Garin C.,Polmans M.,20,154.0,1.33,3.4,1.38,3.36,1.42,3.44
2021-07-01,Wimbledon,2nd Round,Grass,Bedene A.,Nishioka Y.,64,58.0,1.44,2.75,1.45,3.0,1.5,3.04
2021-07-01,Wimbledon,2nd Round,Grass,Zverev A.,Sandgren T.,6,68.0,1.08,8.0,1.06,12.08,1.09,12.08
2021-07-01,Wimbledon,2nd Round,Grass,Thompson J.,Nishikori K.,78,53.0,4.33,1.22,4.46,1.25,4.8,1.28
2021-07-02,Wimbledon,3rd Round,Grass,Shapovalov D.,Murray A.,12,118.0,1.28,3.75,1.26,4.35,1.3,4.4
2021-07-02,Wimbledon,3rd Round,Grass,Korda S.,Evans D.,50,26.0,2.1,1.72,2.3,1.69,2.42,1.83
2021-07-02,Wimbledon,3rd Round,Grass,Djokovic N.,Kudla D.,1,114.0,1.02,19.0,1.02,25.13,1.03,26.0
2021-07-02,Wimbledon,3rd Round,Grass,Bautista Agut R.,Koepfer D.,10,62.0,1.36,3.2,1.38,3.35,1.4,3.4
2021-07-02,Wimbledon,3rd Round,Grass,Rublev A.,Fognini F.,7,31.0,1.12,6.0,1.13,7.38,1.19,8.0
2021-07-02,Wimbledon,3rd Round,Grass,Garin C.,Martinez P.,20,107.0,1.4,3.0,1.43,3.08,1.43,3.38
2021-07-02,Wimbledon,3rd Round,Grass,Khachanov K.,Tiafoe F.,29,57.0,2.2,1.66,2.16,1.78,2.3,1.78
2021-07-02,Wimbledon,3rd Round,Grass,Fucsovics M.,Schwartzman D.,48,11.0,1.9,1.9,2.0,1.9,2.12,1.97
2021-07-03,Wimbledon,3rd Round,Grass,Auger-Aliassime F.,Kyrgios N.,19,60.0,1.72,2.1,1.8,2.13,1.83,2.16
2021-07-03,Wimbledon,3rd Round,Grass,Medvedev D.,Cilic M.,2,37.0,1.16,5.0,1.18,5.72,1.25,5.75
2021-07-03,Wimbledon,3rd Round,Grass,Zverev A.,Fritz T.,6,40.0,1.08,8.0,1.11,8.15,1.13,8.25
2021-07-03,Wimbledon,3rd Round,Grass,Federer R.,Norrie C.,8,34.0,1.44,2.75,1.5,2.81,1.52,2.95
2021-07-03,Wimbledon,3rd Round,Grass,Sonego L.,Duckworth J.,27,91.0,1.4,3.0,1.42,3.11,1.48,3.11
2021-07-03,Wimbledon,3rd Round,Grass,Ivashka I.,Thompson J.,79,78.0,1.61,2.3,1.68,2.34,1.72,2.35
2021-07-03,Wimbledon,3rd Round,Grass,Berrettini M.,Bedene A.,9,64.0,1.16,5.0,1.13,7.16,1.19,7.5
2021-07-03,Wimbledon,3rd Round,Grass,Hurkacz H.,Bublik A.,18,38.0,1.66,2.2,1.67,2.35,1.71,2.4
2021-07-05,Wimbledon,4th Round,Grass,Berrettini M.,Ivashka I.,9,79.0,1.12,6.0,1.14,6.77,1.15,6.77
2021-07-05,Wimbledon,4th Round,Grass,Khachanov K.,Korda S.,29,50.0,1.9,1.9,1.88,2.02,1.92,2.06
2021-07-05,Wimbledon,4th Round,Grass,Shapovalov D.,Bautista Agut R.,12,10.0,1.66,2.2,1.68,2.34,1.73,2.36
2021-07-05,Wimbledon,4th Round,Grass,Fucsovics M.,Rublev A.,48,7.0,5.5,1.14,5.94,1.17,6.0,1.22
2021-07-05,Wimbledon,4th Round,Grass,Djokovic N.,Garin C.,1,20.0,1.01,21.0,1.01,30.18,1.02,34.0
2021-07-05,Wimbledon,4th Round,Grass,Auger-Aliassime F.,Zverev A.,19,6.0,3.5,1.3,4.05,1.29,4.05,1.32
2021-07-05,Wimbledon,4th Round,Grass,Federer R.,Sonego L.,8,27.0,1.3,3.5,1.32,3.74,1.36,3.84
2021-07-06,Wimbledon,4th Round,Grass,Hurkacz H.,Medvedev D.,18,2.0,5.0,1.16,5.42,1.19,6.13,1.19
2021-07-07,Wimbledon,Quarterfinals,Grass,Berrettini M.,Auger-Aliassime F.,9,19.0,1.25,4.0,1.31,3.81,1.34,4.03
2021-07-07,Wimbledon,Quarterfinals,Grass,Hurkacz H.,Federer R.,18,8.0,3.0,1.4,2.96,1.46,3.1,1.47
2021-07-07,Wimbledon,Quarterfinals,Grass,Shapovalov D.,Khachanov K.,12,29.0,1.3,3.5,1.34,3.6,1.4,3.82
2021-07-07,Wimbledon,Quarterfinals,Grass,Djokovic N.,Fucsovics M.,1,48.0,1.03,15.0,1.04,16.96,1.05,17.0
2021-07-09,Wimbledon,Semifinals,Grass,Berrettini M.,Hurkacz H.,9,18.0,1.44,2.75,1.42,3.11,1.47,3.11
2021-07-09,Wimbledon,Semifinals,Grass,Djokovic N.,Shapovalov D.,1,12.0,1.08,8.0,1.11,8.1,1.13,8.5
2021-07-11,Wimbledon,The Final,Grass,Djokovic N.,Berrettini M.,1,9.0,1.22,4.5,1.23,4.69,1.27,5.06
2021-07-12,European Open,1st Round,Clay,Baez S.,Moutet C.,164,89.0,1.9,1.9,2.02,1.87,2.23,1.97
2021-07-12,Hall of Fame Championships,1st Round,Grass,Anderson K.,Marchenko I.,113,156.0,1.33,3.4,1.31,3.78,1.33,3.9
2021-07-12,Hall of Fame Championships,1st Round,Grass,Sugita Y.,Rodionov J.,111,138.0,2.3,1.61,2.44,1.61,2.44,1.78
2021-07-12,Hall of Fame Championships,1st Round,Grass,Thompson J.,Stebe C.M.,71,139.0,1.25,4.0,1.24,4.55,1.27,4.55
2021-07-12,European Open,1st Round,Clay,Paire B.,Berankis R.,51,84.0,2.2,1.66,2.37,1.65,2.52,1.81
2021-07-12,European Open,1st Round,Clay,Kohlschreiber P.,Munar J.,117,66.0,2.1,1.72,2.22,1.72,2.5,1.8
2021-07-12,European Open,1st Round,Clay,Seyboth Wild T.,Kuhn N.,127,250.0,1.28,3.75,1.34,3.5,1.34,4.36
2021-07-12,Nordea Open,1st Round,Clay,Cecchinato M.,Gasquet R.,82,54.0,1.8,2.0,1.75,2.18,2.01,2.27
2021-07-12,Hall of Fame Championships,1st Round,Grass,Brooksby J.,Donskoy E.,152,142.0,1.57,2.37,1.53,2.67,1.63,2.67
2021-07-12,Hall of Fame Championships,1st Round,Grass,Kudla D.,Johnson S.,104,83.0,1.66,2.2,1.68,2.3,1.81,2.3
2021-07-12,Nordea Open,1st Round,Clay,Hanfmann Y.,Monteiro T.,107,93.0,2.0,1.8,2.16,1.77,2.16,1.92
2021-07-12,Nordea Open,1st Round,Clay,Ymer E.,Daniel T.,169,106.0,1.72,2.1,1.75,2.19,2.08,2.19
2021-07-13,Nordea Open,1st Round,Clay,Gombos N.,Cuevas P.,99,86.0,2.75,1.44,3.06,1.42,3.15,1.45
2021-07-13,Nordea Open,1st Round,Clay,Martinez P.,Novak D.,95,122.0,1.44,2.75,1.47,2.87,1.53,2.9
2021-07-13,Nordea Open,1st Round,Clay,Rinderknech A.,Sousa P.,105,119.0,1.25,4.0,1.24,4.45,1.37,4.5
2021-07-13,European Open,1st Round,Clay,Varillas J. P.,Nagal S.,130,154.0,1.57,2.37,1.56,2.57,1.6,2.6
2021-07-13,European Open,1st Round,Clay,Taberner C.,Lopez F.,114,90.0,1.3,3.5,1.32,3.7,1.38,3.7
2021-07-13,European Open,1st Round,Clay,Krajinovic F.,Altmaier D.,44,149.0,2.0,1.8,2.01,1.88,2.1,2.05
2021-07-13,Nordea Open,1st Round,Clay,Vesely J.,Caruso S.,81,96.0,1.9,1.9,1.93,1.96,2.05,1.96
2021-07-13,European Open,1st Round,Clay,Molcan A.,Mager G.,160,73.0,1.61,2.3,1.69,2.28,1.74,2.45
2021-07-13,European Open,1st Round,Clay,Djere L.,Struff J.L.,57,47.0,2.1,1.72,2.12,1.8,2.44,1.8
2021-07-13,European Open,1st Round,Clay,Koepfer D.,Marterer M.,59,200.0,1.5,2.62,1.54,2.64,1.64,2.8
2021-07-13,European Open,1st Round,Clay,Lajovic D.,Pouille L.,43,101.0,1.57,2.37,1.51,2.72,1.62,2.72
2021-07-13,European Open,1st Round,Clay,Delbonis F.,Zhang Zh.,48,161.0,1.3,3.5,1.32,3.66,1.35,4.0
2021-07-13,Hall of Fame Championships,1st Round,Grass,Ofner S.,Uchiyama Y.,167,118.0,1.44,2.75,1.47,2.87,1.62,3.1
2021-07-13,Nordea Open,1st Round,Clay,Coria F.,Cerundolo F.,77,116.0,1.66,2.2,1.66,2.34,1.86,2.34
2021-07-13,Hall of Fame Championships,1st Round,Grass,Jung J.,Schnur B.,163,248.0,2.0,1.8,2.37,1.65,2.37,1.82
2021-07-13,Nordea Open,1st Round,Clay,Rune H.,Albot R.,211,91.0,1.44,2.75,1.49,2.81,1.57,3.1
2021-07-13,Nordea Open,1st Round,Clay,Ruusuvuori E.,Ymer M.,80,94.0,2.5,1.53,2.69,1.52,2.7,1.55
2021-07-13,Nordea Open,1st Round,Clay,Laaksonen H.,Musetti L.,134,62.0,3.0,1.4,3.05,1.43,3.32,1.43
2021-07-13,Nordea Open,1st Round,Clay,Carballes Baena R.,Bagnis F.,97,74.0,2.0,1.8,2.23,1.72,2.23,1.82
2021-07-13,Hall of Fame Championships,1st Round,Grass,Karlovic I.,Zapata Miralles B.,210,120.0,2.37,1.57,2.45,1.61,2.7,1.66
2021-07-13,Hall of Fame Championships,1st Round,Grass,Cressy M.,Lorenzi P.,155,171.0,1.22,4.33,1.22,4.85,1.29,4.85
2021-07-13,Hall of Fame Championships,1st Round,Grass,Gojowczyk P.,Krueger M.,131,195.0,1.57,2.37,1.62,2.43,1.64,2.6
2021-07-13,Hall of Fame Championships,1st Round,Grass,Sock J.,Bolt A.,231,146.0,2.2,1.66,2.5,1.59,2.52,1.79
2021-07-13,Hall of Fame Championships,1st Round,Grass,Sandgren T.,Sousa J.,78,133.0,1.53,2.5,1.48,2.82,1.59,2.88
2021-07-14,Hall of Fame Championships,2nd Round,Grass,Brooksby J.,Kudla D.,152,104.0,2.5,1.53,2.42,1.64,2.5,1.67
2021-07-14,Hall of Fame Championships,2nd Round,Grass,Anderson K.,Ofner S.,113,167.0,1.44,2.75,1.43,3.05,1.48,3.05
2021-07-14,Hall of Fame Championships,2nd Round,Grass,Jung J.,Sandgren T.,163,78.0,2.75,1.44,3.16,1.41,3.22,1.48
2021-07-14,Hall of Fame Championships,2nd Round,Grass,Gojowczyk P.,Pospisil V.,131,61.0,2.75,1.44,2.68,1.53,2.78,1.56
2021-07-14,Hall of Fame Championships,2nd Round,Grass,Cressy M.,Querrey S.,155,68.0,3.0,1.4,2.9,1.47,3.0,1.48
2021-07-14,Hall of Fame Championships,2nd Round,Grass,Sock J.,Nishioka Y.,231,55.0,1.72,2.1,1.85,2.07,1.85,2.21
2021-07-14,Hall of Fame Championships,2nd Round,Grass,Thompson J.,Sugita Y.,71,111.0,1.28,3.75,1.26,4.3,1.29,4.35
2021-07-14,Hall of Fame Championships,2nd Round,Grass,Bublik A.,Karlovic I.,37,210.0,1.3,3.5,1.38,3.35,1.38,4.49
2021-07-14,Nordea Open,2nd Round,Clay,Garin C.,Martinez P.,18,95.0,1.57,2.37,1.72,2.25,1.72,2.5
2021-07-14,Nordea Open,2nd Round,Clay,Hanfmann Y.,Vesely J.,107,81.0,1.53,2.5,1.61,2.48,1.63,2.6
2021-07-14,European Open,2nd Round,Clay,Krajinovic F.,Kohlschreiber P.,44,117.0,1.8,2.0,1.81,2.12,1.87,2.12
2021-07-14,European Open,2nd Round,Clay,Djere L.,Seyboth Wild T.,57,127.0,1.25,4.0,1.33,3.7,1.33,4.5
2021-07-14,Nordea Open,2nd Round,Clay,Coria F.,Cecchinato M.,77,82.0,2.37,1.57,2.53,1.59,2.66,1.61
2021-07-14,Nordea Open,2nd Round,Clay,Rinderknech A.,Millman J.,105,45.0,1.44,2.75,1.55,2.65,1.58,2.8
2021-07-14,European Open,2nd Round,Clay,Tsitsipas S.,Koepfer D.,4,59.0,1.12,6.0,1.11,8.33,1.14,8.33
2021-07-15,European Open,2nd Round,Clay,Delbonis F.,Ramos-Vinolas A.,48,41.0,1.61,2.3,1.66,2.38,1.71,2.47
2021-07-15,Nordea Open,2nd Round,Clay,Ruud C.,Rune H.,16,211.0,1.12,6.0,1.15,6.36,1.18,6.5
2021-07-15,Nordea Open,2nd Round,Clay,Carballes Baena R.,Fognini F.,97,31.0,2.62,1.5,2.72,1.52,3.27,1.55
2021-07-15,Nordea Open,2nd Round,Clay,Gombos N.,Ruusuvuori E.,99,80.0,1.72,2.1,1.87,2.04,1.95,2.13
2021-07-15,European Open,2nd Round,Clay,Lajovic D.,Molcan A.,43,160.0,1.8,2.0,1.9,2.0,1.95,2.05
2021-07-15,Nordea Open,2nd Round,Clay,Laaksonen H.,Ymer E.,134,169.0,1.66,2.2,1.79,2.15,1.79,2.4
2021-07-15,European Open,2nd Round,Clay,Carreno Busta P.,Taberner C.,13,114.0,1.28,3.75,1.27,4.23,1.32,4.3
2021-07-15,Hall of Fame Championships,Quarterfinals,Grass,Bublik A.,Jung J.,37,163.0,1.3,3.5,1.35,3.49,1.36,3.63
2021-07-15,Hall of Fame Championships,Quarterfinals,Grass,Anderson K.,Sock J.,113,231.0,1.53,2.5,1.47,2.9,1.58,2.9
2021-07-15,European Open,2nd Round,Clay,Paire B.,Varillas J. P.,51,130.0,2.75,1.44,3.08,1.43,3.08,1.51
2021-07-15,European Open,2nd Round,Clay,Basilashvili N.,Baez S.,29,164.0,1.57,2.37,1.61,2.46,1.66,2.59
2021-07-16,Hall of Fame Championships,Quarterfinals,Grass,Brooksby J.,Gojowczyk P.,152,131.0,1.72,2.1,1.75,2.21,1.81,2.21
2021-07-16,Hall of Fame Championships,Quarterfinals,Grass,Thompson J.,Cressy M.,71,155.0,1.44,2.75,1.5,2.81,1.53,2.81
2021-07-16,Nordea Open,Quarterfinals,Clay,Hanfmann Y.,Rinderknech A.,107,105.0,1.8,2.0,1.86,2.05,1.87,2.16
2021-07-16,Nordea Open,Quarterfinals,Clay,Coria F.,Garin C.,77,18.0,3.4,1.33,3.43,1.36,3.58,1.39
2021-07-16,Nordea Open,Quarterfinals,Clay,Ruud C.,Laaksonen H.,16,134.0,1.14,5.5,1.15,6.52,1.16,6.52
2021-07-16,European Open,Quarterfinals,Clay,Djere L.,Basilashvili N.,57,29.0,1.53,2.5,1.57,2.58,1.65,2.58
2021-07-16,European Open,Quarterfinals,Clay,Krajinovic F.,Tsitsipas S.,44,4.0,5.5,1.14,7.75,1.12,8.25,1.16
2021-07-16,European Open,Quarterfinals,Clay,Carreno Busta P.,Lajovic D.,13,43.0,1.3,3.5,1.3,3.91,1.39,4.8
2021-07-16,European Open,Quarterfinals,Clay,Delbonis F.,Paire B.,48,51.0,1.22,4.33,1.23,4.66,1.28,5.0
2021-07-16,Nordea Open,Quarterfinals,Clay,Carballes Baena R.,Gombos N.,97,99.0,2.0,1.8,2.01,1.9,2.09,2.04
2021-07-17,European Open,Semifinals,Clay,Carreno Busta P.,Delbonis F.,13,48.0,1.5,2.62,1.51,2.78,1.6,2.88
2021-07-17,European Open,Semifinals,Clay,Krajinovic F.,Djere L.,44,57.0,1.66,2.2,1.71,2.27,1.74,2.45
2021-07-17,Nordea Open,Semifinals,Clay,Ruud C.,Carballes Baena R.,16,97.0,1.14,5.5,1.14,6.84,1.16,6.84
2021-07-17,Nordea Open,Semifinals,Clay,Coria F.,Hanfmann Y.,77,107.0,2.0,1.8,2.04,1.87,2.12,1.96
2021-07-17,Hall of Fame Championships,Semifinals,Grass,Anderson K.,Bublik A.,113,37.0,2.0,1.8,1.91,2.0,2.13,2.0
2021-07-17,Hall of Fame Championships,Semifinals,Grass,Brooksby J.,Thompson J.,152,71.0,2.0,1.8,1.9,2.01,2.1,2.05
2021-07-18,European Open,The Final,Clay,Carreno Busta P.,Krajinovic F.,13,44.0,1.66,2.2,1.74,2.23,1.78,2.29
2021-07-18,Hall of Fame Championships,The Final,Grass,Anderson K.,Brooksby J.,113,152.0,1.61,2.3,1.61,2.48,1.67,2.59
2021-07-18,Nordea Open,The Final,Clay,Ruud C.,Coria F.,16,77.0,1.14,5.5,1.2,5.22,1.22,5.5
2021-07-19,Croatia Open,1st Round,Clay,Taberner C.,Serdarusic N.,108,288.0,1.22,4.33,1.23,4.67,1.23,6.0
2021-07-19,Croatia Open,1st Round,Clay,Travaglia S.,Munar J.,91,67.0,2.62,1.5,2.72,1.51,2.8,1.56
2021-07-19,Suisse Open Gstaad,1st Round,Clay,Ymer M.,Couacaud E.,96,180.0,1.4,3.0,1.43,3.0,1.43,3.25
2021-07-19,Suisse Open Gstaad,1st Round,Clay,Lopez F.,Huesler M.A.,89,162.0,2.0,1.8,1.91,1.98,2.07,2.0
2021-07-19,Suisse Open Gstaad,1st Round,Clay,Bergs Z.,Otte O.,212,141.0,2.75,1.44,2.86,1.47,3.22,1.57
2021-07-19,Suisse Open Gstaad,1st Round,Clay,Polmans M.,Ehrat S.,147,408.0,1.8,2.0,1.89,2.0,1.89,2.2
2021-07-19,Suisse Open Gstaad,1st Round,Clay,Paire B.,Kovalik J.,49,130.0,1.57,2.37,1.71,2.25,1.71,2.58
2021-07-19,Croatia Open,1st Round,Clay,Albot R.,Rune H.,92,204.0,3.4,1.33,3.37,1.36,3.41,1.43
2021-07-19,Suisse Open Gstaad,1st Round,Clay,Kopriva V.,Nikles J.,249,409.0,1.36,3.2,1.44,2.99,1.44,3.21
2021-07-20,Suisse Open Gstaad,1st Round,Clay,Delbonis F.,Riedi L.,46,748.0,1.06,10.0,1.08,10.06,1.08,15.0
2021-07-20,Croatia Open,1st Round,Clay,Zapata Miralles B.,Cuevas P.,121,94.0,2.1,1.72,2.31,1.68,2.4,1.87
2021-07-20,Croatia Open,1st Round,Clay,Giannessi A.,Vesely J.,177,86.0,2.1,1.72,1.95,1.93,2.2,1.93
2021-07-20,Croatia Open,1st Round,Clay,Altmaier D.,Moutet C.,152,88.0,1.72,2.1,1.85,2.05,1.85,2.2
2021-07-20,Croatia Open,1st Round,Clay,Ajdukovic D.,Collarini A.,275,210.0,1.8,2.0,1.77,2.16,1.91,2.16
2021-07-20,Croatia Open,1st Round,Clay,Dzumhur D.,Horansky F.,127,185.0,1.61,2.3,1.59,2.5,1.8,2.6
2021-07-20,Croatia Open,1st Round,Clay,Martin A.,Olivo R.,117,215.0,1.72,2.1,1.77,2.14,2.4,2.34
2021-07-20,Mifel Open,1st Round,Hard,Kudla D.,Kokkinakis T.,107,183.0,2.62,1.5,2.45,1.61,2.64,1.65
2021-07-20,Mifel Open,1st Round,Hard,Johnson S.,Lopez Villasenor G.,83,654.0,1.11,6.5,1.12,7.33,1.15,8.1
2021-07-20,Mifel Open,1st Round,Hard,Nakashima B.,Wolf J.J.,134,151.0,1.2,4.5,1.25,4.42,1.25,4.8
2021-07-20,Mifel Open,1st Round,Hard,Bolt A.,Seppi A.,148,87.0,2.1,1.72,2.12,1.79,2.2,1.83
2021-07-20,Mifel Open,1st Round,Hard,Ofner S.,Rodionov J.,165,136.0,1.61,2.3,1.65,2.36,1.67,2.55
2021-07-20,Suisse Open Gstaad,1st Round,Clay,Djere L.,Seyboth Wild T.,52,118.0,1.25,4.0,1.35,3.44,1.35,4.25
2021-07-20,Croatia Open,1st Round,Clay,Cecchinato M.,Bedene A.,82,58.0,1.66,2.2,1.74,2.2,1.85,2.23
2021-07-20,Suisse Open Gstaad,1st Round,Clay,Novak D.,Zuk K.,124,170.0,2.1,1.72,2.33,1.67,2.33,1.83
2021-07-20,Mifel Open,1st Round,Hard,Donskoy E.,Jung J.,157,159.0,2.75,1.44,2.57,1.56,2.79,1.56
2021-07-20,Croatia Open,1st Round,Clay,Alcaraz C.,Pouille L.,73,103.0,1.22,4.33,1.25,4.39,1.26,4.45
2021-07-20,Suisse Open Gstaad,1st Round,Clay,Gaston H.,Cerundolo J.M.,155,144.0,1.72,2.1,1.67,2.32,1.86,2.32
2021-07-20,Suisse Open Gstaad,1st Round,Clay,Griekspoor T.,Londero J.I.,105,140.0,1.72,2.1,1.68,2.31,1.88,2.4
2021-07-20,Suisse Open Gstaad,1st Round,Clay,Rinderknech A.,Stricker D.,100,281.0,1.8,2.0,1.8,2.11,1.82,2.25
2021-07-20,Croatia Open,1st Round,Clay,Mager G.,Martinez P.,75,97.0,2.37,1.57,2.37,1.65,2.5,1.65
2021-07-21,Suisse Open Gstaad,2nd Round,Clay,Djere L.,Bergs Z.,52,212.0,1.25,4.0,1.29,4.04,1.3,4.15
2021-07-21,Suisse Open Gstaad,2nd Round,Clay,Gaston H.,Delbonis F.,155,46.0,3.75,1.28,4.54,1.24,4.65,1.3
2021-07-21,Suisse Open Gstaad,2nd Round,Clay,Rinderknech A.,Bautista Agut R.,100,16.0,2.75,1.44,2.92,1.47,3.14,1.49
2021-07-21,Suisse Open Gstaad,2nd Round,Clay,Garin C.,Polmans M.,19,147.0,1.16,5.0,1.17,5.84,1.18,6.5
2021-07-21,Mifel Open,1st Round,Hard,Gomez E.,Mejia N.,168,301.0,1.53,2.5,1.6,2.48,1.62,2.6
2021-07-21,Mifel Open,1st Round,Hard,Thompson J.,Karlovic I.,63,200.0,1.3,3.5,1.35,3.49,1.36,3.56
2021-07-21,Croatia Open,2nd Round,Clay,Gasquet R.,Giannessi A.,59,177.0,1.5,2.62,1.46,2.94,1.64,2.94
2021-07-21,Mifel Open,1st Round,Hard,Uchiyama Y.,Sarkissian A.,119,478.0,1.5,2.62,1.51,2.74,1.51,2.9
2021-07-21,Mifel Open,1st Round,Hard,Marchenko I.,Gojowczyk P.,161,129.0,2.2,1.66,2.26,1.7,2.3,1.71
2021-07-21,Croatia Open,2nd Round,Clay,Dzumhur D.,Cecchinato M.,127,82.0,3.2,1.36,3.54,1.35,3.8,1.36
2021-07-21,Croatia Open,2nd Round,Clay,Ramos-Vinolas A.,Ajdukovic D.,43,275.0,1.33,3.4,1.33,3.67,1.36,3.8
2021-07-21,Croatia Open,2nd Round,Clay,Travaglia S.,Taberner C.,91,108.0,2.2,1.66,2.33,1.68,2.38,1.73
2021-07-21,Mifel Open,1st Round,Hard,Escobedo E.,Mcdonald M.,182,106.0,2.5,1.53,2.6,1.55,2.65,1.58
2021-07-21,Mifel Open,1st Round,Hard,Ymer E.,Ebden M.,169,247.0,2.3,1.61,2.47,1.6,2.52,1.63
2021-07-22,Croatia Open,2nd Round,Clay,Alcaraz C.,Martin A.,73,117.0,1.16,5.0,1.13,7.11,1.18,7.11
2021-07-22,Croatia Open,2nd Round,Clay,Lajovic D.,Zapata Miralles B.,45,121.0,1.66,2.2,1.83,2.1,1.83,2.25
2021-07-22,Croatia Open,2nd Round,Clay,Altmaier D.,Mager G.,152,75.0,2.1,1.72,2.04,1.87,2.26,1.88
2021-07-22,Croatia Open,2nd Round,Clay,Krajinovic F.,Albot R.,34,92.0,1.16,5.0,1.17,5.83,1.21,5.83
2021-07-22,Mifel Open,2nd Round,Hard,Isner J.,Donskoy E.,39,157.0,1.16,5.0,1.16,6.16,1.19,6.5
2021-07-22,Suisse Open Gstaad,2nd Round,Clay,Ymer M.,Lopez F.,96,89.0,1.61,2.3,1.58,2.54,1.66,2.54
2021-07-22,Suisse Open Gstaad,2nd Round,Clay,Kopriva V.,Shapovalov D.,249,10.0,5.0,1.16,6.03,1.16,6.25,1.24
2021-07-22,Suisse Open Gstaad,2nd Round,Clay,Paire B.,Griekspoor T.,49,105.0,1.9,1.9,1.96,1.94,1.99,2.03
2021-07-22,Mifel Open,2nd Round,Hard,Bolt A.,Gomez E.,148,168.0,1.72,2.1,1.93,1.97,1.93,2.25
2021-07-22,Mifel Open,2nd Round,Hard,Thompson J.,Ofner S.,63,165.0,1.61,2.3,1.64,2.41,1.65,2.65
2021-07-22,Mifel Open,2nd Round,Hard,Escobedo E.,Kudla D.,182,107.0,2.2,1.66,2.3,1.69,2.35,1.75
2021-07-22,Mifel Open,2nd Round,Hard,Norrie C.,Ymer E.,30,169.0,1.2,4.5,1.24,4.56,1.24,5.0
2021-07-22,Mifel Open,2nd Round,Hard,Johnson S.,Uchiyama Y.,83,119.0,1.44,2.75,1.48,2.88,1.5,3.06
2021-07-22,Suisse Open Gstaad,2nd Round,Clay,Ruud C.,Novak D.,14,124.0,1.08,8.0,1.09,9.36,1.11,11.89
2021-07-22,Mifel Open,2nd Round,Hard,Nakashima B.,Querrey S.,134,70.0,1.57,2.37,1.53,2.68,1.65,2.75
2021-07-22,Mifel Open,2nd Round,Hard,Fritz T.,Marchenko I.,37,161.0,1.2,4.5,1.25,4.44,1.25,5.75
2021-07-23,Croatia Open,Quarterfinals,Clay,Gasquet R.,Dzumhur D.,59,127.0,1.61,2.3,1.68,2.34,1.71,2.5
2021-07-23,Croatia Open,Quarterfinals,Clay,Altmaier D.,Lajovic D.,152,45.0,2.5,1.53,2.35,1.67,3.08,1.67
2021-07-23,Croatia Open,Quarterfinals,Clay,Ramos-Vinolas A.,Travaglia S.,43,91.0,1.66,2.2,1.76,2.19,1.76,2.4
2021-07-23,Croatia Open,Quarterfinals,Clay,Alcaraz C.,Krajinovic F.,73,34.0,1.72,2.1,1.98,1.93,2.05,2.13
2021-07-23,Mifel Open,Quarterfinals,Hard,Fritz T.,Johnson S.,37,83.0,1.44,2.75,1.55,2.63,1.61,2.8
2021-07-23,Suisse Open Gstaad,Quarterfinals,Clay,Gaston H.,Garin C.,155,19.0,3.75,1.28,4.46,1.25,4.6,1.29
2021-07-23,Suisse Open Gstaad,Quarterfinals,Clay,Djere L.,Rinderknech A.,52,100.0,1.66,2.2,1.63,2.43,1.8,2.44
2021-07-23,Mifel Open,Quarterfinals,Hard,Isner J.,Bolt A.,39,148.0,1.33,3.4,1.32,3.77,1.35,3.8
2021-07-23,Suisse Open Gstaad,Quarterfinals,Clay,Ruud C.,Paire B.,14,49.0,1.2,4.5,1.2,5.31,1.22,6.25
2021-07-23,Mifel Open,Quarterfinals,Hard,Norrie C.,Escobedo E.,30,182.0,1.25,4.0,1.31,3.8,1.36,4.03
2021-07-23,Suisse Open Gstaad,Quarterfinals,Clay,Kopriva V.,Ymer M.,249,96.0,2.37,1.57,2.45,1.63,2.51,1.66
2021-07-23,Mifel Open,Quarterfinals,Hard,Nakashima B.,Thompson J.,134,63.0,1.53,2.5,1.62,2.45,1.62,2.6
2021-07-24,Suisse Open Gstaad,Semifinals,Clay,Gaston H.,Djere L.,155,52.0,3.0,1.4,3.08,1.43,3.2,1.45
2021-07-24,Suisse Open Gstaad,Semifinals,Clay,Ruud C.,Kopriva V.,14,249.0,1.11,6.5,1.1,8.77,1.15,8.77
2021-07-24,Mifel Open,Semifinals,Hard,Nakashima B.,Isner J.,134,39.0,2.62,1.5,2.75,1.51,2.75,1.6
2021-07-24,Mifel Open,Semifinals,Hard,Norrie C.,Fritz T.,30,37.0,1.53,2.5,1.59,2.52,1.67,2.59
2021-07-24,Croatia Open,Semifinals,Clay,Gasquet R.,Altmaier D.,59,152.0,1.72,2.1,1.88,2.03,1.88,2.3
2021-07-24,Croatia Open,Semifinals,Clay,Alcaraz C.,Ramos-Vinolas A.,73,43.0,1.44,2.75,1.5,2.79,1.51,2.8
2021-07-25,Suisse Open Gstaad,The Final,Clay,Ruud C.,Gaston H.,14,155.0,1.14,5.5,1.16,6.04,1.23,7.0
2021-07-25,Mifel Open,The Final,Hard,Norrie C.,Nakashima B.,30,134.0,1.4,3.0,1.42,3.14,1.44,3.5
2021-07-25,Croatia Open,The Final,Clay,Alcaraz C.,Gasquet R.,73,59.0,1.25,4.0,1.27,4.21,1.29,4.9
2021-07-26,Generali Open,1st Round,Clay,Ymer M.,Cuevas P.,99,94.0,2.62,1.5,3.09,1.42,3.1,1.51
2021-07-26,Generali Open,1st Round,Clay,Martinez P.,Pouille L.,97,104.0,1.57,2.37,1.63,2.41,1.71,2.58
2021-07-26,Generali Open,1st Round,Clay,Vesely J.,Gulbis E.,86,191.0,1.53,2.5,1.51,2.72,1.59,2.72
2021-07-26,BB&T Atlanta Open,1st Round,Hard,Fratangelo B.,Seppi A.,190,87.0,1.57,2.37,1.54,2.63,1.68,2.63
2021-07-26,BB&T Atlanta Open,1st Round,Hard,Johnson S.,Popyrin A.,80,73.0,2.3,1.61,2.13,1.79,2.39,1.8
2021-07-26,BB&T Atlanta Open,1st Round,Hard,Thompson J.,Harris L.,63,51.0,2.2,1.66,2.33,1.67,2.4,1.69
2021-07-26,Generali Open,1st Round,Clay,Taberner C.,Seyboth Wild T.,108,117.0,1.5,2.62,1.56,2.59,1.56,2.8
2021-07-26,Generali Open,1st Round,Clay,Kovalik J.,Munar J.,131,67.0,3.0,1.4,3.35,1.37,3.35,1.47
2021-07-27,Generali Open,1st Round,Clay,Altmaier D.,Djere L.,135,50.0,2.62,1.5,2.43,1.62,2.65,1.62
2021-07-27,Generali Open,1st Round,Clay,Cecchinato M.,Albot R.,83,92.0,1.44,2.75,1.46,2.92,1.48,3.0
2021-07-27,Generali Open,1st Round,Clay,Vilella Martinez M.,Neumayer L.,167,980.0,1.16,5.0,1.22,4.85,1.23,5.25
2021-07-27,Generali Open,1st Round,Clay,Rune H.,Travaglia S.,206,88.0,2.1,1.72,2.22,1.73,2.3,1.81
2021-07-27,Generali Open,1st Round,Clay,Rinderknech A.,Delbonis F.,91,46.0,2.3,1.61,2.35,1.66,2.35,1.71
2021-07-27,Generali Open,1st Round,Clay,Erler A.,Alcaraz C.,337,55.0,11.0,1.05,10.38,1.07,13.0,1.1
2021-07-27,Generali Open,1st Round,Clay,Mager G.,Novak D.,74,124.0,1.61,2.3,1.74,2.21,1.74,2.4
2021-07-27,BB&T Atlanta Open,1st Round,Hard,Ruusuvuori E.,Mcdonald M.,78,106.0,2.0,1.8,2.08,1.83,2.09,1.94
2021-07-27,BB&T Atlanta Open,1st Round,Hard,Gojowczyk P.,Querrey S.,130,70.0,1.9,1.9,1.91,1.98,2.17,2.0
2021-07-27,BB&T Atlanta Open,1st Round,Hard,O Connell C.,Kudla D.,132,103.0,1.8,2.0,1.92,1.97,1.95,2.04
2021-07-27,BB&T Atlanta Open,1st Round,Hard,Fritz T.,Donskoy E.,42,154.0,1.2,4.5,1.24,4.52,1.27,5.0
2021-07-27,BB&T Atlanta Open,1st Round,Hard,Paire B.,Uchiyama Y.,49,120.0,1.57,2.37,1.67,2.33,1.67,2.45
2021-07-27,BB&T Atlanta Open,1st Round,Hard,Isner J.,Wolf J.J.,35,151.0,1.25,4.0,1.25,4.4,1.26,4.85
2021-07-28,BB&T Atlanta Open,2nd Round,Hard,Fritz T.,Johnson S.,42,80.0,1.44,2.75,1.48,2.87,1.48,3.15
2021-07-28,Generali Open,2nd Round,Clay,Krajinovic F.,Taberner C.,33,108.0,1.36,3.2,1.38,3.31,1.4,3.4
2021-07-28,Generali Open,2nd Round,Clay,Kovalik J.,Vesely J.,131,86.0,2.2,1.66,2.17,1.78,2.4,1.78
2021-07-28,Generali Open,2nd Round,Clay,Rinderknech A.,Rune H.,91,206.0,1.5,2.62,1.51,2.75,1.57,2.85
2021-07-28,Generali Open,2nd Round,Clay,Martinez P.,Bautista Agut R.,97,16.0,2.75,1.44,2.79,1.5,3.0,1.53
2021-07-28,BB&T Atlanta Open,1st Round,Hard,Nakashima B.,Bryde T.,115,1164.0,1.04,13.0,1.05,13.37,1.06,21.0
2021-07-28,BB&T Atlanta Open,1st Round,Hard,Sock J.,Berankis R.,201,84.0,1.57,2.37,1.66,2.35,1.77,2.5
2021-07-28,BB&T Atlanta Open,1st Round,Hard,Kyrgios N.,Anderson K.,58,75.0,1.66,2.2,1.63,2.4,1.69,2.4
2021-07-28,Generali Open,2nd Round,Clay,Mager G.,Ramos-Vinolas A.,74,43.0,2.1,1.72,2.4,1.65,2.45,1.73
2021-07-28,BB&T Atlanta Open,2nd Round,Hard,Thompson J.,Gojowczyk P.,63,130.0,1.66,2.2,1.62,2.45,1.74,2.45
2021-07-28,Generali Open,2nd Round,Clay,Altmaier D.,Cecchinato M.,135,83.0,1.72,2.1,1.76,2.19,2.1,2.2
2021-07-28,Generali Open,2nd Round,Clay,Ymer M.,Erler A.,99,337.0,1.36,3.2,1.34,3.63,1.4,4.15
2021-07-28,Generali Open,2nd Round,Clay,Ruud C.,Vilella Martinez M.,14,167.0,1.11,6.5,1.08,10.03,1.11,10.25
2021-07-29,BB&T Atlanta Open,2nd Round,Hard,Nakashima B.,Raonic M.,115,22.0,2.75,1.44,2.93,1.47,2.95,1.57
2021-07-29,Generali Open,Quarterfinals,Clay,Martinez P.,Kovalik J.,97,131.0,1.4,3.0,1.4,3.22,1.43,3.22
2021-07-29,Generali Open,Quarterfinals,Clay,Altmaier D.,Mager G.,135,74.0,1.57,2.37,1.66,2.37,1.67,2.5
2021-07-29,Generali Open,Quarterfinals,Clay,Rinderknech A.,Krajinovic F.,91,33.0,2.62,1.5,2.69,1.53,2.96,1.53
2021-07-29,Generali Open,Quarterfinals,Clay,Ruud C.,Ymer M.,14,99.0,1.2,4.5,1.23,4.66,1.25,4.7
2021-07-29,BB&T Atlanta Open,2nd Round,Hard,Ruusuvuori E.,Paire B.,78,49.0,1.53,2.5,1.53,2.7,1.65,2.7
2021-07-29,BB&T Atlanta Open,2nd Round,Hard,Opelka R.,Fratangelo B.,36,190.0,1.66,2.2,1.55,2.65,1.71,2.65
2021-07-29,BB&T Atlanta Open,2nd Round,Hard,O Connell C.,Sinner J.,132,23.0,3.4,1.33,3.42,1.36,3.65,1.4
2021-07-30,Generali Open,Semifinals,Clay,Ruud C.,Rinderknech A.,14,91.0,1.57,2.37,1.65,2.39,1.67,2.51
2021-07-30,Generali Open,Semifinals,Clay,Martinez P.,Altmaier D.,97,135.0,1.72,2.1,1.79,2.14,1.79,2.22
2021-07-30,BB&T Atlanta Open,Quarterfinals,Hard,Ruusuvuori E.,Norrie C.,78,29.0,4.0,1.25,4.54,1.24,4.55,1.28
2021-07-30,BB&T Atlanta Open,Quarterfinals,Hard,Fritz T.,Opelka R.,42,36.0,1.61,2.3,1.64,2.41,1.67,2.5
2021-07-30,BB&T Atlanta Open,Quarterfinals,Hard,Nakashima B.,Thompson J.,115,63.0,1.66,2.2,1.68,2.33,1.78,2.4
2021-07-30,BB&T Atlanta Open,2nd Round,Hard,Norrie C.,Kyrgios N.,29,58.0,2.2,1.66,2.13,1.81,2.39,1.83
2021-07-30,BB&T Atlanta Open,2nd Round,Hard,Isner J.,Sock J.,35,201.0,1.4,3.0,1.4,3.2,1.44,3.2
2021-07-31,BB&T Atlanta Open,Semifinals,Hard,Nakashima B.,Ruusuvuori E.,115,78.0,2.1,1.72,2.04,1.87,2.3,1.91
2021-07-31,BB&T Atlanta Open,Quarterfinals,Hard,Isner J.,O Connell C.,35,132.0,1.5,2.62,1.45,3.0,1.5,3.0
2021-07-31,Generali Open,The Final,Clay,Ruud C.,Martinez P.,14,97.0,1.33,3.4,1.3,3.93,1.35,3.93
2021-08-01,BB&T Atlanta Open,Semifinals,Hard,Isner J.,Fritz T.,35,42.0,2.0,1.8,2.03,1.88,2.03,1.95
2021-08-01,BB&T Atlanta Open,The Final,Hard,Isner J.,Nakashima B.,35,115.0,1.8,2.0,1.82,2.11,1.82,2.2
2021-08-02,Citi Open,1st Round,Hard,Berankis R.,Krueger M.,86,174.0,1.66,2.2,1.85,2.05,1.85,2.3
2021-08-02,Citi Open,1st Round,Hard,Galan D.E.,Paul T.,113,55.0,3.0,1.4,3.61,1.33,3.61,1.4
2021-08-02,Citi Open,1st Round,Hard,Seppi A.,Uchiyama Y.,88,123.0,1.61,2.3,1.62,2.43,1.71,2.43
2021-08-02,Citi Open,1st Round,Hard,Brooksby J.,Anderson K.,130,75.0,2.3,1.61,2.38,1.65,2.43,1.68
2021-08-02,Citi Open,1st Round,Hard,Giron M.,Marchenko I.,64,157.0,1.4,3.0,1.44,2.97,1.55,3.0
2021-08-02,Citi Open,1st Round,Hard,Ivashka I.,Gerasimov E.,65,78.0,1.44,2.75,1.43,3.01,1.5,3.15
2021-08-03,Citi Open,2nd Round,Hard,Norrie C.,Giron M.,29,64.0,1.3,3.5,1.32,3.77,1.34,3.84
2021-08-03,Citi Open,2nd Round,Hard,Auger-Aliassime F.,Seppi A.,15,88.0,1.2,4.5,1.22,4.91,1.23,5.25
2021-08-03,Citi Open,2nd Round,Hard,Korda S.,Pospisil V.,45,61.0,1.44,2.75,1.49,2.84,1.53,2.92
2021-08-03,Citi Open,1st Round,Hard,Ymer E.,Thompson J.,168,62.0,2.5,1.53,2.47,1.6,2.65,1.6
2021-08-03,Citi Open,1st Round,Hard,Johnson S.,Ramanathan R.,81,204.0,1.4,3.0,1.35,3.46,1.5,3.46
2021-08-03,Citi Open,1st Round,Hard,Sandgren T.,Duckworth J.,83,80.0,2.1,1.72,2.21,1.73,2.38,1.77
2021-08-03,Citi Open,1st Round,Hard,Nakashima B.,Popyrin A.,89,72.0,1.8,2.0,1.8,2.11,1.87,2.23
2021-08-03,Citi Open,1st Round,Hard,Kudla D.,Lopez F.,103,92.0,1.57,2.37,1.53,2.67,1.57,2.73
2021-08-03,Citi Open,1st Round,Hard,Ruusuvuori E.,Gunneswaran P.,69,158.0,1.28,3.75,1.29,3.98,1.3,4.1
2021-08-03,Citi Open,1st Round,Hard,Sock J.,Nishioka Y.,192,56.0,1.72,2.1,1.74,2.21,1.8,2.31
2021-08-03,Citi Open,1st Round,Hard,Pospisil V.,Gomez E.,61,165.0,1.53,2.5,1.6,2.47,1.63,2.55
2021-08-03,Citi Open,1st Round,Hard,Nishikori K.,Querrey S.,67,68.0,1.53,2.5,1.58,2.52,1.61,2.55
2021-08-04,Citi Open,2nd Round,Hard,Mcdonald M.,Paire B.,107,49.0,1.44,2.75,1.47,2.93,1.5,3.0
2021-08-04,Citi Open,2nd Round,Hard,Nishikori K.,Bublik A.,67,39.0,1.5,2.62,1.52,2.72,1.58,2.76
2021-08-04,Citi Open,2nd Round,Hard,Ivashka I.,Dimitrov G.,65,21.0,1.66,2.2,1.65,2.38,1.71,2.4
2021-08-04,Citi Open,2nd Round,Hard,Sinner J.,Ruusuvuori E.,24,69.0,1.57,2.37,1.65,2.38,1.71,2.45
2021-08-04,Citi Open,2nd Round,Hard,Harris L.,Sandgren T.,50,83.0,1.44,2.75,1.48,2.86,1.48,3.0
2021-08-04,Citi Open,2nd Round,Hard,Opelka R.,Galan D.E.,36,113.0,1.33,3.4,1.36,3.44,1.39,3.44
2021-08-04,Citi Open,2nd Round,Hard,Kudla D.,Fritz T.,103,42.0,3.0,1.4,3.48,1.36,3.48,1.41
2021-08-04,Citi Open,2nd Round,Hard,Millman J.,Ymer E.,43,168.0,1.66,2.2,1.73,2.24,1.74,2.4
2021-08-04,Citi Open,1st Round,Hard,Mcdonald M.,Kyrgios N.,107,77.0,2.75,1.44,3.01,1.43,3.01,1.51
2021-08-04,Citi Open,2nd Round,Hard,Berankis R.,Kecmanovic M.,86,59.0,2.37,1.57,2.78,1.51,2.78,1.59
2021-08-04,Citi Open,2nd Round,Hard,Brooksby J.,Tiafoe F.,130,53.0,2.0,1.8,2.31,1.69,2.31,1.95
2021-08-04,Citi Open,2nd Round,Hard,Johnson S.,De Minaur A.,81,18.0,3.0,1.4,2.7,1.53,3.1,1.53
2021-08-04,Citi Open,2nd Round,Hard,Nakashima B.,Evans D.,89,27.0,1.72,2.1,1.66,2.37,1.75,2.45
2021-08-05,Citi Open,3rd Round,Hard,Brooksby J.,Auger-Aliassime F.,130,15.0,2.37,1.57,2.38,1.66,2.55,1.66
2021-08-05,Citi Open,3rd Round,Hard,Millman J.,Opelka R.,43,36.0,2.3,1.61,2.42,1.64,2.5,1.65
2021-08-05,Citi Open,3rd Round,Hard,Sinner J.,Korda S.,24,45.0,1.72,2.1,1.83,2.09,1.84,2.25
2021-08-05,Citi Open,3rd Round,Hard,Nishikori K.,Norrie C.,67,29.0,2.0,1.8,2.01,1.89,2.1,2.0
2021-08-05,Citi Open,3rd Round,Hard,Kudla D.,Nakashima B.,103,89.0,3.0,1.4,3.15,1.41,3.5,1.44
2021-08-05,Citi Open,2nd Round,Hard,Nadal R.,Sock J.,3,192.0,1.1,7.0,1.13,7.01,1.13,8.3
2021-08-05,Citi Open,3rd Round,Hard,Johnson S.,Berankis R.,81,86.0,1.66,2.2,1.71,2.27,1.8,2.27
2021-08-06,Citi Open,3rd Round,Hard,Harris L.,Nadal R.,50,3.0,4.0,1.25,4.52,1.25,4.75,1.25
2021-08-06,Citi Open,Quarterfinals,Hard,Brooksby J.,Millman J.,130,43.0,1.4,3.0,1.43,3.09,1.5,3.09
2021-08-06,Citi Open,Quarterfinals,Hard,Sinner J.,Johnson S.,24,81.0,1.33,3.4,1.33,3.66,1.38,3.66
2021-08-06,Citi Open,3rd Round,Hard,Mcdonald M.,Ivashka I.,107,65.0,2.37,1.57,2.25,1.72,2.4,1.8
2021-08-07,Citi Open,Quarterfinals,Hard,Nishikori K.,Harris L.,67,50.0,1.57,2.37,1.64,2.42,1.65,2.49
2021-08-07,Citi Open,Quarterfinals,Hard,Mcdonald M.,Kudla D.,107,103.0,1.53,2.5,1.48,2.86,1.58,2.9
2021-08-07,Citi Open,Semifinals,Hard,Sinner J.,Brooksby J.,24,130.0,1.57,2.37,1.58,2.55,1.67,2.55
2021-08-07,Citi Open,Semifinals,Hard,Mcdonald M.,Nishikori K.,107,67.0,2.75,1.44,3.08,1.43,3.08,1.48
2021-08-08,Citi Open,The Final,Hard,Sinner J.,Mcdonald M.,24,107.0,1.25,4.0,1.3,3.95,1.31,4.3
2021-08-09,Canadian Open,1st Round,Hard,Millman J.,Berankis R.,42,84.0,1.9,1.9,2.04,1.87,2.04,2.0
2021-08-09,Canadian Open,1st Round,Hard,Bublik A.,Evans D.,38,27.0,1.8,2.0,1.91,2.0,1.91,2.05
2021-08-09,Canadian Open,1st Round,Hard,Harris L.,Schnur B.,49,247.0,1.28,3.75,1.31,3.85,1.31,4.4
2021-08-09,Canadian Open,1st Round,Hard,Fognini F.,Struff J.L.,37,46.0,1.9,1.9,2.06,1.85,2.1,1.95
2021-08-09,Canadian Open,1st Round,Hard,Humbert U.,Sonego L.,26,25.0,1.5,2.62,1.56,2.6,1.59,2.66
2021-08-09,Canadian Open,1st Round,Hard,Cilic M.,Ramos-Vinolas A.,39,48.0,1.33,3.4,1.35,3.53,1.35,3.6
2021-08-09,Canadian Open,1st Round,Hard,Duckworth J.,Fritz T.,85,40.0,3.2,1.36,3.43,1.36,3.46,1.41
2021-08-10,Canadian Open,2nd Round,Hard,Ruud C.,Cilic M.,12,39.0,1.72,2.1,1.72,2.26,1.8,2.29
2021-08-10,Canadian Open,2nd Round,Hard,Medvedev D.,Bublik A.,2,38.0,1.2,4.5,1.21,5.11,1.22,5.45
2021-08-10,Canadian Open,1st Round,Hard,Paire B.,Mcdonald M.,50,64.0,2.37,1.57,2.64,1.55,2.7,1.6
2021-08-10,Canadian Open,1st Round,Hard,Tiafoe F.,Nishioka Y.,52,56.0,1.53,2.5,1.69,2.3,1.69,2.5
2021-08-10,Canadian Open,1st Round,Hard,Khachanov K.,Norrie C.,29,28.0,1.8,2.0,1.85,2.07,1.9,2.14
2021-08-10,Canadian Open,1st Round,Hard,Isner J.,Davidovich Fokina A.,30,34.0,1.61,2.3,1.6,2.49,1.69,2.53
2021-08-10,Canadian Open,1st Round,Hard,Nishikori K.,Kecmanovic M.,55,59.0,1.4,3.0,1.46,2.96,1.49,3.3
2021-08-10,Canadian Open,1st Round,Hard,Lajovic D.,Ruusuvuori E.,44,72.0,3.4,1.33,3.69,1.33,3.69,1.4
2021-08-10,Canadian Open,1st Round,Hard,Opelka R.,Kyrgios N.,32,80.0,2.1,1.72,2.44,1.63,2.44,1.75
2021-08-10,Canadian Open,1st Round,Hard,Paul T.,Pospisil V.,58,61.0,2.0,1.8,2.15,1.79,2.15,1.9
2021-08-10,Canadian Open,1st Round,Hard,Basilashvili N.,Brooksby J.,43,97.0,2.75,1.44,2.9,1.47,2.9,1.57
2021-08-11,Canadian Open,2nd Round,Hard,Khachanov K.,Karatsev A.,29,22.0,1.57,2.37,1.46,2.95,1.57,2.95
2021-08-11,Canadian Open,2nd Round,Hard,Hurkacz H.,Nishikori K.,13,55.0,1.9,1.9,1.93,1.98,2.0,1.98
2021-08-11,Canadian Open,2nd Round,Hard,Bautista Agut R.,Paul T.,18,58.0,1.44,2.75,1.48,2.88,1.55,2.9
2021-08-11,Canadian Open,2nd Round,Hard,Schwartzman D.,Paire B.,14,50.0,1.36,3.2,1.33,3.64,1.39,3.81
2021-08-11,Canadian Open,2nd Round,Hard,Basilashvili N.,De Minaur A.,43,17.0,2.5,1.53,2.52,1.6,2.58,1.61
2021-08-11,Canadian Open,2nd Round,Hard,Rublev A.,Fognini F.,7,37.0,1.25,4.0,1.29,4.01,1.31,4.15
2021-08-11,Canadian Open,2nd Round,Hard,Tsitsipas S.,Humbert U.,3,26.0,1.36,2.5,1.35,3.55,1.36,3.55
2021-08-11,Canadian Open,2nd Round,Hard,Harris L.,Lopez F.,49,99.0,1.25,4.0,1.28,4.14,1.28,4.55
2021-08-11,Canadian Open,2nd Round,Hard,Isner J.,Garin C.,30,20.0,1.44,2.75,1.45,3.0,1.47,3.1
2021-08-11,Canadian Open,2nd Round,Hard,Duckworth J.,Sinner J.,85,15.0,4.5,1.2,5.47,1.19,5.75,1.2
2021-08-11,Canadian Open,2nd Round,Hard,Opelka R.,Dimitrov G.,32,21.0,1.53,2.5,1.58,2.56,1.67,2.6
2021-08-11,Canadian Open,2nd Round,Hard,Lajovic D.,Auger-Aliassime F.,44,16.0,4.0,1.25,4.74,1.23,4.75,1.3
2021-08-12,Canadian Open,3rd Round,Hard,Monfils G.,Tiafoe F.,24,52.0,3.0,1.4,3.18,1.41,3.25,1.43
2021-08-12,Canadian Open,3rd Round,Hard,Bautista Agut R.,Schwartzman D.,18,14.0,1.8,2.0,1.81,2.12,1.83,2.15
2021-08-12,Canadian Open,3rd Round,Hard,Opelka R.,Harris L.,32,49.0,1.9,1.9,1.97,1.93,2.0,1.95
2021-08-12,Canadian Open,3rd Round,Hard,Isner J.,Rublev A.,30,7.0,2.75,1.44,3.0,1.45,3.0,1.53
2021-08-12,Canadian Open,3rd Round,Hard,Tsitsipas S.,Khachanov K.,3,29.0,1.36,2.5,1.41,3.17,1.44,3.4
2021-08-12,Canadian Open,2nd Round,Hard,Monfils G.,Millman J.,24,42.0,2.3,1.61,2.32,1.68,2.32,1.8
2021-08-12,Canadian Open,2nd Round,Hard,Tiafoe F.,Shapovalov D.,52,10.0,3.2,2.5,3.51,1.35,3.56,1.4
2021-08-12,Canadian Open,3rd Round,Hard,Ruud C.,Lajovic D.,12,44.0,1.36,3.2,1.33,3.7,1.41,3.7
2021-08-13,Canadian Open,3rd Round,Hard,Medvedev D.,Duckworth J.,2,85.0,1.08,8.0,1.08,9.76,1.13,10.25
2021-08-13,Canadian Open,3rd Round,Hard,Hurkacz H.,Basilashvili N.,13,43.0,1.66,2.2,1.78,2.17,1.81,2.2
2021-08-13,Canadian Open,Quarterfinals,Hard,Tsitsipas S.,Ruud C.,3,12.0,1.25,2.5,1.28,4.11,1.29,4.2
2021-08-13,Canadian Open,Quarterfinals,Hard,Opelka R.,Bautista Agut R.,32,18.0,2.2,1.66,2.19,1.76,2.35,1.76
2021-08-14,Canadian Open,Quarterfinals,Hard,Medvedev D.,Hurkacz H.,2,13.0,1.22,4.33,1.23,4.77,1.26,4.8
2021-08-14,Canadian Open,Quarterfinals,Hard,Isner J.,Monfils G.,30,24.0,1.5,2.62,1.53,2.69,1.56,2.75
2021-08-14,Canadian Open,Semifinals,Hard,Opelka R.,Tsitsipas S.,32,3.0,4.33,1.22,4.73,1.23,5.5,1.23
2021-08-15,Canadian Open,The Final,Hard,Medvedev D.,Opelka R.,2,32.0,1.16,5.0,1.22,4.9,1.23,5.6
2021-08-15,Western & Southern Financial Group Masters,1st Round,Hard,Paire B.,Kecmanovic M.,50,58.0,2.37,1.57,2.36,1.67,2.5,1.67
2021-08-15,Canadian Open,Semifinals,Hard,Medvedev D.,Isner J.,2,30.0,1.3,3.5,1.37,3.39,1.42,3.6
2021-08-16,Western & Southern Financial Group Masters,1st Round,Hard,Pella G.,Goffin D.,93,19.0,3.5,1.3,3.69,1.33,3.9,1.36
2021-08-16,Western & Southern Financial Group Masters,1st Round,Hard,Sinner J.,Delbonis F.,15,48.0,1.14,5.5,1.13,7.33,1.24,7.5
2021-08-16,Western & Southern Financial Group Masters,1st Round,Hard,Fognini F.,Basilashvili N.,36,40.0,2.1,1.72,2.24,1.73,2.27,1.78
2021-08-16,Western & Southern Financial Group Masters,1st Round,Hard,Koepfer D.,Struff J.L.,59,47.0,2.2,1.66,2.47,1.6,2.47,1.73
2021-08-16,Western & Southern Financial Group Masters,1st Round,Hard,Ramos-Vinolas A.,Fritz T.,49,42.0,3.2,1.36,3.69,1.33,3.69,1.4
2021-08-16,Western & Southern Financial Group Masters,1st Round,Hard,Auger-Aliassime F.,Fucsovics M.,17,37.0,1.44,2.75,1.55,2.64,1.56,2.9
2021-08-16,Western & Southern Financial Group Masters,1st Round,Hard,Harris L.,Nishioka Y.,46,57.0,1.4,3.0,1.39,3.26,1.44,3.26
2021-08-16,Western & Southern Financial Group Masters,1st Round,Hard,Schwartzman D.,Evans D.,14,28.0,1.44,2.75,1.51,2.75,1.52,3.02
2021-08-17,Western & Southern Financial Group Masters,1st Round,Hard,Opelka R.,Moutet C.,23,90.0,1.44,2.75,1.44,3.04,1.49,3.05
2021-08-17,Western & Southern Financial Group Masters,1st Round,Hard,Sonego L.,Alcaraz C.,27,55.0,2.2,1.66,2.1,1.83,2.3,1.83
2021-08-17,Western & Southern Financial Group Masters,1st Round,Hard,Isner J.,Norrie C.,26,31.0,1.9,1.9,1.84,2.08,1.95,2.08
2021-08-17,Western & Southern Financial Group Masters,1st Round,Hard,Cilic M.,Karatsev A.,39,25.0,2.0,1.8,2.13,1.8,2.25,1.87
2021-08-17,Western & Southern Financial Group Masters,1st Round,Hard,Dimitrov G.,Bautista Agut R.,21,16.0,2.62,1.5,2.77,1.51,2.77,1.56
2021-08-17,Western & Southern Financial Group Masters,1st Round,Hard,Bublik A.,Giron M.,38,66.0,1.57,2.37,1.61,2.48,1.67,2.6
2021-08-17,Western & Southern Financial Group Masters,1st Round,Hard,Hurkacz H.,Davidovich Fokina A.,12,34.0,1.36,3.2,1.49,2.83,1.49,3.2
2021-08-17,Western & Southern Financial Group Masters,1st Round,Hard,Mcdonald M.,Nakashima B.,64,86.0,2.2,1.66,2.34,1.68,2.36,1.78
2021-08-17,Western & Southern Financial Group Masters,1st Round,Hard,Khachanov K.,Anderson K.,30,76.0,1.61,2.3,1.62,2.46,1.63,2.5
2021-08-17,Western & Southern Financial Group Masters,1st Round,Hard,Murray A.,Gasquet R.,105,53.0,2.1,1.72,2.28,1.71,2.28,1.77
2021-08-17,Western & Southern Financial Group Masters,1st Round,Hard,De Minaur A.,Krajinovic F.,18,33.0,1.66,2.2,1.68,2.32,1.73,2.38
2021-08-17,Western & Southern Financial Group Masters,1st Round,Hard,Korda S.,Djere L.,45,52.0,1.2,4.5,1.21,5.02,1.23,5.25
2021-08-18,Western & Southern Financial Group Masters,2nd Round,Hard,Monfils G.,De Minaur A.,22,18.0,2.1,1.72,2.3,1.69,2.3,1.83
2021-08-18,Western & Southern Financial Group Masters,2nd Round,Hard,Sonego L.,Paul T.,27,56.0,1.72,2.1,1.84,2.08,1.95,2.13
2021-08-18,Western & Southern Financial Group Masters,2nd Round,Hard,Isner J.,Sinner J.,26,15.0,2.2,1.66,2.22,1.74,2.45,1.8
2021-08-18,Western & Southern Financial Group Masters,2nd Round,Hard,Medvedev D.,Mcdonald M.,2,64.0,1.16,5.0,1.16,6.16,1.18,7.0
2021-08-18,Western & Southern Financial Group Masters,2nd Round,Hard,Ruud C.,Opelka R.,11,23.0,1.72,2.1,1.7,2.29,1.75,2.4
2021-08-18,Western & Southern Financial Group Masters,2nd Round,Hard,Rublev A.,Cilic M.,7,39.0,1.3,3.5,1.32,3.73,1.34,4.15
2021-08-18,Western & Southern Financial Group Masters,2nd Round,Hard,Hurkacz H.,Murray A.,12,105.0,1.33,3.4,1.37,3.39,1.37,3.7
2021-08-18,Western & Southern Financial Group Masters,2nd Round,Hard,Pella G.,Fognini F.,93,36.0,3.5,1.3,3.77,1.32,4.34,1.34
2021-08-18,Western & Southern Financial Group Masters,2nd Round,Hard,Zverev A.,Harris L.,5,46.0,1.3,3.5,1.31,3.82,1.33,3.92
2021-08-18,Western & Southern Financial Group Masters,2nd Round,Hard,Carreno Busta P.,Koepfer D.,13,59.0,1.3,3.5,1.29,3.99,1.35,4.15
2021-08-18,Western & Southern Financial Group Masters,2nd Round,Hard,Dimitrov G.,Bublik A.,21,38.0,1.72,2.1,1.79,2.15,1.8,2.2
2021-08-18,Western & Southern Financial Group Masters,2nd Round,Hard,Paire B.,Shapovalov D.,50,10.0,3.75,1.28,4.55,1.24,4.55,1.29
2021-08-18,Western & Southern Financial Group Masters,2nd Round,Hard,Berrettini M.,Ramos-Vinolas A.,8,49.0,1.14,5.5,1.18,5.76,1.18,6.26
2021-08-18,Western & Southern Financial Group Masters,1st Round,Hard,Paul T.,Garin C.,56,20.0,1.72,2.1,1.74,2.22,1.76,2.25
2021-08-18,Western & Southern Financial Group Masters,1st Round,Hard,Tiafoe F.,Humbert U.,51,29.0,2.5,1.53,2.53,1.59,2.55,1.69
2021-08-18,Western & Southern Financial Group Masters,1st Round,Hard,Monfils G.,Lajovic D.,22,41.0,1.61,2.3,1.68,2.32,1.71,2.41
2021-08-18,Western & Southern Financial Group Masters,2nd Round,Hard,Auger-Aliassime F.,Khachanov K.,17,30.0,2.37,1.57,2.36,1.67,2.45,1.69
2021-08-19,Western & Southern Financial Group Masters,3rd Round,Hard,Ruud C.,Schwartzman D.,11,14.0,1.8,2.0,1.88,2.02,1.89,2.15
2021-08-19,Western & Southern Financial Group Masters,3rd Round,Hard,Zverev A.,Pella G.,5,93.0,1.08,8.0,1.07,10.67,1.09,11.0
2021-08-19,Western & Southern Financial Group Masters,3rd Round,Hard,Carreno Busta P.,Hurkacz H.,13,12.0,2.0,1.8,1.91,2.0,2.03,2.05
2021-08-19,Western & Southern Financial Group Masters,3rd Round,Hard,Rublev A.,Monfils G.,7,22.0,1.3,3.5,1.35,3.53,1.38,3.74
2021-08-19,Western & Southern Financial Group Masters,3rd Round,Hard,Medvedev D.,Dimitrov G.,2,21.0,1.16,5.0,1.19,5.33,1.2,6.1
2021-08-19,Western & Southern Financial Group Masters,2nd Round,Hard,Tsitsipas S.,Korda S.,3,45.0,1.3,3.5,1.31,3.87,1.33,4.25
2021-08-19,Western & Southern Financial Group Masters,2nd Round,Hard,Schwartzman D.,Tiafoe F.,14,51.0,1.72,2.1,1.77,2.18,1.77,2.3
2021-08-19,Western & Southern Financial Group Masters,3rd Round,Hard,Paire B.,Isner J.,50,26.0,3.2,1.36,3.38,1.37,3.65,1.4
2021-08-20,Western & Southern Financial Group Masters,3rd Round,Hard,Tsitsipas S.,Sonego L.,3,27.0,1.16,5.0,1.14,6.94,1.18,6.94
2021-08-20,Western & Southern Financial Group Masters,3rd Round,Hard,Auger-Aliassime F.,Berrettini M.,17,8.0,2.5,1.53,2.32,1.68,2.53,1.68
2021-08-20,Western & Southern Financial Group Masters,Quarterfinals,Hard,Rublev A.,Paire B.,7,50.0,1.2,4.5,1.2,5.26,1.22,5.5
2021-08-20,Western & Southern Financial Group Masters,Quarterfinals,Hard,Medvedev D.,Carreno Busta P.,2,13.0,1.28,3.75,1.3,3.89,1.33,4.21
2021-08-21,Western & Southern Financial Group Masters,Quarterfinals,Hard,Tsitsipas S.,Auger-Aliassime F.,3,17.0,1.36,3.2,1.43,3.07,1.44,3.58
2021-08-21,Western & Southern Financial Group Masters,Quarterfinals,Hard,Zverev A.,Ruud C.,5,11.0,1.25,4.0,1.27,4.26,1.3,4.33
2021-08-21,Western & Southern Financial Group Masters,Semifinals,Hard,Rublev A.,Medvedev D.,7,2.0,4.33,1.22,4.46,1.25,4.9,1.27
2021-08-21,Western & Southern Financial Group Masters,Semifinals,Hard,Zverev A.,Tsitsipas S.,5,3.0,1.66,2.2,1.74,2.23,1.74,2.4
2021-08-22,Winston-Salem Open at Wake Forest University,1st Round,Hard,Monteiro T.,Duckworth J.,93,67.0,3.75,1.28,3.81,1.3,3.9,1.34
2021-08-22,Winston-Salem Open at Wake Forest University,1st Round,Hard,Gerasimov E.,Gombos N.,81,112.0,1.53,2.5,1.61,2.44,1.61,2.65
2021-08-22,Western & Southern Financial Group Masters,The Final,Hard,Zverev A.,Rublev A.,5,7.0,1.4,3.0,1.4,3.22,1.44,3.25
2021-08-22,Winston-Salem Open at Wake Forest University,1st Round,Hard,Cecchinato M.,Sandgren T.,80,91.0,3.2,1.36,3.35,1.37,3.35,1.42
2021-08-23,Winston-Salem Open at Wake Forest University,1st Round,Hard,Pouille L.,Lopez F.,133,97.0,1.66,2.2,1.67,2.32,1.83,2.32
2021-08-23,Winston-Salem Open at Wake Forest University,1st Round,Hard,Watanuki Y.,Munar J.,255,64.0,3.2,1.36,3.52,1.34,3.57,1.4
2021-08-23,Winston-Salem Open at Wake Forest University,1st Round,Hard,Mager G.,Wu T.L.,70,276.0,1.66,2.2,1.69,2.29,1.7,2.45
2021-08-23,Winston-Salem Open at Wake Forest University,1st Round,Hard,Ivashka I.,Seppi A.,63,88.0,1.33,3.4,1.31,3.75,1.35,3.84
2021-08-23,Winston-Salem Open at Wake Forest University,1st Round,Hard,Thompson J.,Pella G.,59,84.0,1.72,2.1,1.79,2.12,1.8,2.25
2021-08-23,Winston-Salem Open at Wake Forest University,1st Round,Hard,Ruusuvuori E.,Kudla D.,76,92.0,1.57,2.37,1.54,2.62,1.6,2.63
2021-08-23,Winston-Salem Open at Wake Forest University,1st Round,Hard,Simon G.,Rinderknech A.,103,78.0,3.4,1.33,3.66,1.32,3.7,1.36
2021-08-23,Winston-Salem Open at Wake Forest University,1st Round,Hard,Giron M.,Bagnis F.,65,79.0,1.25,4.0,1.22,4.77,1.28,4.9
2021-08-23,Winston-Salem Open at Wake Forest University,1st Round,Hard,Murray A.,Rubin N.,114,306.0,,,1.13,6.75,1.13,7.0
2021-08-23,Winston-Salem Open at Wake Forest University,1st Round,Hard,Ymer M.,Travaglia S.,90,100.0,1.72,2.1,1.75,2.19,1.8,2.2
2021-08-23,Winston-Salem Open at Wake Forest University,1st Round,Hard,Kwon S.W.,Albot R.,74,108.0,1.36,3.2,1.4,3.17,1.4,3.25
2021-08-23,Winston-Salem Open at Wake Forest University,1st Round,Hard,Coria F.,Musetti L.,61,58.0,3.4,1.33,3.77,1.31,3.77,1.38
2021-08-24,Winston-Salem Open at Wake Forest University,2nd Round,Hard,Ivashka I.,Cilic M.,63,36.0,2.1,1.72,2.06,1.85,2.13,2.0
2021-08-24,Winston-Salem Open at Wake Forest University,2nd Round,Hard,Ymer M.,Ramos-Vinolas A.,90,48.0,1.8,2.0,1.71,2.27,1.91,2.27
2021-08-24,Winston-Salem Open at Wake Forest University,2nd Round,Hard,Fucsovics M.,Watanuki Y.,42,255.0,1.25,4.0,1.25,4.46,1.28,4.46
2021-08-24,Winston-Salem Open at Wake Forest University,2nd Round,Hard,Evans D.,Pouille L.,27,133.0,1.4,3.0,1.44,3.01,1.5,3.35
2021-08-24,Winston-Salem Open at Wake Forest University,2nd Round,Hard,Ruusuvuori E.,Bublik A.,76,37.0,1.8,2.0,1.89,2.02,1.99,2.1
2021-08-24,Winston-Salem Open at Wake Forest University,2nd Round,Hard,Herbert P.H.,Coria F.,104,61.0,1.44,2.75,1.43,3.05,1.51,3.05
2021-08-24,Winston-Salem Open at Wake Forest University,2nd Round,Hard,Paire B.,Simon G.,49,103.0,1.72,2.1,1.68,2.34,1.77,2.36
2021-08-24,Winston-Salem Open at Wake Forest University,2nd Round,Hard,Carreno Busta P.,Kwon S.W.,12,74.0,1.22,4.33,1.2,5.23,1.27,5.23
2021-08-24,Winston-Salem Open at Wake Forest University,2nd Round,Hard,Gasquet R.,Gerasimov E.,82,81.0,1.5,2.62,1.51,2.75,1.57,2.8
2021-08-24,Winston-Salem Open at Wake Forest University,2nd Round,Hard,Koepfer D.,Cecchinato M.,56,80.0,1.4,3.0,1.43,3.1,1.43,3.3
2021-08-24,Winston-Salem Open at Wake Forest University,1st Round,Hard,Popyrin A.,Johnson S.,71,86.0,3.2,1.36,2.97,1.43,3.41,1.51
2021-08-24,Winston-Salem Open at Wake Forest University,2nd Round,Hard,Struff J.L.,Mager G.,52,70.0,1.44,2.75,1.4,3.22,1.52,3.22
2021-08-25,Winston-Salem Open at Wake Forest University,3rd Round,Hard,Gasquet R.,Evans D.,82,27.0,2.1,1.72,2.21,1.75,2.25,1.82
2021-08-25,Winston-Salem Open at Wake Forest University,2nd Round,Hard,Purcell M.,Thompson J.,205,59.0,3.2,1.36,3.03,1.44,3.35,1.5
2021-08-25,Winston-Salem Open at Wake Forest University,2nd Round,Hard,Giron M.,Delbonis F.,65,47.0,1.36,3.2,1.41,3.18,1.41,3.35
2021-08-25,Winston-Salem Open at Wake Forest University,2nd Round,Hard,Tiafoe F.,Murray A.,51,114.0,1.72,2.1,1.76,2.18,1.91,2.2
2021-08-25,Winston-Salem Open at Wake Forest University,2nd Round,Hard,Alcaraz C.,Popyrin A.,54,71.0,1.72,2.1,1.8,2.13,1.83,2.2
2021-08-25,Winston-Salem Open at Wake Forest University,2nd Round,Hard,Monteiro T.,Nava E.,93,1761.0,1.12,6.0,1.09,8.88,1.14,8.98
2021-08-25,Winston-Salem Open at Wake Forest University,3rd Round,Hard,Carreno Busta P.,Koepfer D.,12,56.0,1.25,4.0,1.28,4.08,1.29,4.1
2021-08-25,Winston-Salem Open at Wake Forest University,3rd Round,Hard,Ivashka I.,Struff J.L.,63,52.0,1.8,2.0,1.79,2.15,1.84,2.16
2021-08-25,Winston-Salem Open at Wake Forest University,3rd Round,Hard,Ruusuvuori E.,Paire B.,76,49.0,1.66,2.2,1.78,2.16,1.81,2.3
2021-08-25,Winston-Salem Open at Wake Forest University,3rd Round,Hard,Ymer M.,Purcell M.,90,205.0,1.44,2.75,1.43,3.06,1.55,3.06
2021-08-26,Winston-Salem Open at Wake Forest University,Quarterfinals,Hard,Ruusuvuori E.,Gasquet R.,76,82.0,1.57,2.37,1.56,2.61,1.67,2.65
2021-08-26,Winston-Salem Open at Wake Forest University,Quarterfinals,Hard,Ivashka I.,Carreno Busta P.,63,12.0,2.62,1.5,2.75,1.51,2.95,1.53
2021-08-26,Winston-Salem Open at Wake Forest University,3rd Round,Hard,Giron M.,Herbert P.H.,65,104.0,1.44,2.75,1.53,2.7,1.59,2.81
2021-08-26,Winston-Salem Open at Wake Forest University,3rd Round,Hard,Tiafoe F.,Monteiro T.,51,93.0,1.22,4.33,1.18,5.61,1.23,6.01
2021-08-26,Winston-Salem Open at Wake Forest University,3rd Round,Hard,Alcaraz C.,Fucsovics M.,54,42.0,1.8,2.0,1.87,2.04,1.95,2.08
2021-08-27,Winston-Salem Open at Wake Forest University,Quarterfinals,Hard,Ymer M.,Tiafoe F.,90,51.0,2.75,1.44,2.89,1.47,3.01,1.5
2021-08-27,Winston-Salem Open at Wake Forest University,Quarterfinals,Hard,Alcaraz C.,Giron M.,54,65.0,1.57,2.37,1.56,2.59,1.7,2.77
2021-08-28,Winston-Salem Open at Wake Forest University,Semifinals,Hard,Ivashka I.,Ruusuvuori E.,63,76.0,1.57,2.37,1.59,2.54,1.68,2.56
2021-08-28,Winston-Salem Open at Wake Forest University,Semifinals,Hard,Ymer M.,Alcaraz C.,90,54.0,2.75,1.44,2.84,1.49,2.92,1.53
2021-08-28,Winston-Salem Open at Wake Forest University,The Final,Hard,Ivashka I.,Ymer M.,63,90.0,1.44,2.75,1.5,2.8,1.5,3.17
2021-08-30,US Open,1st Round,Hard,Ruud C.,Sugita Y.,11,131.0,1.06,10.0,1.05,13.83,1.06,14.99
2021-08-30,US Open,1st Round,Hard,Mannarino A.,Herbert P.H.,44,104.0,2.75,1.44,3.18,1.41,3.4,1.46
2021-08-30,US Open,1st Round,Hard,Tsitsipas S.,Murray A.,3,112.0,1.07,9.0,1.05,13.49,1.1,13.49
2021-08-30,US Open,1st Round,Hard,Dimitrov G.,Riffice S.,18,542.0,1.05,11.0,1.05,14.35,1.07,20.0
2021-08-30,US Open,1st Round,Hard,Trungelliti M.,Davidovich Fokina A.,198,32.0,5.5,1.14,7.04,1.13,7.04,1.17
2021-08-30,US Open,1st Round,Hard,Molcan A.,Ilkel C.,138,188.0,1.3,3.5,1.38,3.35,1.42,3.5
2021-08-30,US Open,1st Round,Hard,Popyrin A.,Albot R.,73,108.0,1.22,4.33,1.25,4.51,1.28,4.73
2021-08-30,US Open,1st Round,Hard,Ruusuvuori E.,Majchrzak K.,66,114.0,1.44,2.75,1.49,2.84,1.49,3.16
2021-08-30,US Open,1st Round,Hard,Rinderknech A.,Kecmanovic M.,83,63.0,2.0,1.8,2.11,1.82,2.21,1.82
2021-08-30,US Open,1st Round,Hard,Giron M.,Hoang A.,64,150.0,1.22,4.33,1.23,4.79,1.25,4.9
2021-08-30,US Open,1st Round,Hard,Koepfer D.,Halys Q.,57,183.0,1.4,3.0,1.44,3.03,1.47,3.05
2021-08-30,US Open,1st Round,Hard,Alcaraz C.,Norrie C.,55,29.0,2.75,1.44,2.88,1.48,2.9,1.54
2021-08-30,US Open,1st Round,Hard,Van De Zandschulp B.,Taberner C.,117,105.0,1.36,3.2,1.32,3.77,1.37,3.77
2021-08-30,US Open,1st Round,Hard,Nakashima B.,Isner J.,84,22.0,2.5,1.53,2.73,1.52,2.74,1.59
2021-08-30,US Open,1st Round,Hard,Andujar P.,Kukushkin M.,74,129.0,2.62,1.5,2.81,1.5,2.85,1.52
2021-08-30,US Open,1st Round,Hard,Garin C.,Gombos N.,19,111.0,1.3,3.5,1.38,3.35,1.4,3.66
2021-08-30,US Open,1st Round,Hard,Lajovic D.,Paire B.,40,49.0,2.5,1.53,2.44,1.63,2.55,1.63
2021-08-30,US Open,1st Round,Hard,Bagnis F.,Daniel T.,80,109.0,2.37,1.57,2.51,1.6,2.51,1.63
2021-08-30,US Open,1st Round,Hard,Schwartzman D.,Berankis R.,14,96.0,1.14,5.5,1.14,6.93,1.18,6.93
2021-08-30,US Open,1st Round,Hard,Anderson K.,Vesely J.,77,90.0,1.3,3.5,1.27,4.2,1.32,4.23
2021-08-30,US Open,1st Round,Hard,Zapata Miralles B.,Lopez F.,116,97.0,1.66,2.2,1.65,2.4,1.71,2.5
2021-08-30,US Open,1st Round,Hard,Laaksonen H.,Millman J.,130,43.0,2.5,1.53,2.54,1.59,2.7,1.59
2021-08-30,US Open,1st Round,Hard,Evans D.,Monteiro T.,27,93.0,1.28,3.75,1.29,3.98,1.34,3.98
2021-08-30,US Open,1st Round,Hard,Auger-Aliassime F.,Donskoy E.,15,152.0,1.07,9.0,1.06,12.24,1.09,12.24
2021-08-30,US Open,1st Round,Hard,Kohlschreiber P.,Cilic M.,115,36.0,3.0,1.4,3.01,1.44,3.38,1.44
2021-08-30,US Open,1st Round,Hard,Rublev A.,Karlovic I.,7,221.0,1.05,11.0,1.04,15.55,1.05,18.0
2021-08-30,US Open,1st Round,Hard,Martinez P.,Duckworth J.,75,68.0,2.75,1.44,2.81,1.5,3.2,1.54
2021-08-30,US Open,1st Round,Hard,Gojowczyk P.,Humbert U.,141,26.0,4.5,1.2,4.9,1.22,4.9,1.24
2021-08-31,US Open,1st Round,Hard,Moutet C.,Travaglia S.,88,100.0,1.61,2.3,1.68,2.33,1.68,2.45
2021-08-31,US Open,1st Round,Hard,Sinner J.,Purcell M.,16,191.0,1.08,8.0,1.08,9.99,1.11,10.0
2021-08-31,US Open,1st Round,Hard,Shapovalov D.,Delbonis F.,10,47.0,1.1,7.0,1.07,10.7,1.11,10.7
2021-08-31,US Open,1st Round,Hard,Basilashvili N.,Korda S.,39,45.0,3.0,1.4,2.91,1.47,3.21,1.47
2021-08-31,US Open,1st Round,Hard,Thompson J.,Mager G.,59,71.0,1.33,3.4,1.33,3.64,1.38,3.64
2021-08-31,US Open,1st Round,Hard,Carballes Baena R.,Paul T.,95,54.0,5.0,1.16,6.9,1.14,6.9,1.18
2021-08-31,US Open,1st Round,Hard,Monfils G.,Coria F.,20,62.0,1.12,6.0,1.11,7.87,1.14,7.87
2021-08-31,US Open,1st Round,Hard,Medvedev D.,Gasquet R.,2,79.0,1.04,13.0,1.02,21.39,1.04,22.0
2021-08-31,US Open,1st Round,Hard,Sock J.,Nishioka Y.,184,69.0,2.0,1.8,2.17,1.78,2.24,1.82
2021-08-31,US Open,1st Round,Hard,Johnson S.,Marterer M.,87,212.0,1.5,2.62,1.56,2.6,1.62,2.8
2021-08-31,US Open,1st Round,Hard,Ivashka I.,Sandgren T.,53,91.0,1.25,4.0,1.21,5.0,1.25,5.08
2021-08-31,US Open,1st Round,Hard,Pospisil V.,Fognini F.,58,31.0,2.37,1.57,2.68,1.53,2.75,1.57
2021-08-31,US Open,1st Round,Hard,Svajda Z.,Cecchinato M.,716,81.0,2.75,1.44,2.93,1.46,3.11,1.47
2021-08-31,US Open,1st Round,Hard,Brooksby J.,Ymer M.,99,72.0,1.4,3.0,1.4,3.24,1.42,3.3
2021-08-31,US Open,1st Round,Hard,Cressy M.,Carreno Busta P.,151,12.0,7.0,1.1,8.19,1.11,8.25,1.14
2021-08-31,US Open,1st Round,Hard,Griekspoor T.,Struff J.L.,121,52.0,3.5,1.3,3.49,1.35,3.84,1.35
2021-08-31,US Open,1st Round,Hard,Berrettini M.,Chardy J.,8,70.0,1.1,7.0,1.12,7.69,1.13,7.69
2021-08-31,US Open,1st Round,Hard,Tiafoe F.,Eubanks C.,50,214.0,1.2,4.5,1.2,5.2,1.22,5.25
2021-08-31,US Open,1st Round,Hard,Seppi A.,Fucsovics M.,89,41.0,5.0,1.16,5.84,1.17,6.0,1.2
2021-08-31,US Open,1st Round,Hard,Pella G.,Krajinovic F.,85,38.0,3.5,1.3,3.64,1.33,3.65,1.38
2021-08-31,US Open,1st Round,Hard,Bautista Agut R.,Kyrgios N.,21,86.0,1.57,2.37,1.56,2.6,1.72,2.6
2021-08-31,US Open,1st Round,Hard,Opelka R.,Kwon S.W.,24,76.0,1.3,3.5,1.32,3.75,1.33,3.77
2021-08-31,US Open,1st Round,Hard,Musetti L.,Nava E.,60,385.0,1.4,3.0,1.46,2.94,1.46,3.02
2021-08-31,US Open,1st Round,Hard,Mcdonald M.,Goffin D.,61,30.0,1.4,3.0,1.39,3.29,1.44,3.29
2021-08-31,US Open,1st Round,Hard,Otte O.,Sonego L.,144,23.0,3.4,1.33,3.64,1.33,3.65,1.35
2021-08-31,US Open,1st Round,Hard,Kudla D.,Djere L.,92,51.0,1.53,2.5,1.57,2.58,1.57,2.68
2021-08-31,US Open,1st Round,Hard,Karatsev A.,Munar J.,25,65.0,1.25,4.0,1.33,3.64,1.33,4.59
2021-08-31,US Open,1st Round,Hard,Harris L.,Khachanov K.,46,28.0,2.75,1.44,2.6,1.56,3.0,1.56
2021-08-31,US Open,1st Round,Hard,Nishikori K.,Caruso S.,56,113.0,1.11,6.5,1.11,7.99,1.14,7.99
2021-08-31,US Open,1st Round,Hard,Escobedo E.,Cuevas P.,178,101.0,1.57,2.37,1.58,2.55,1.6,2.66
2021-08-31,US Open,1st Round,Hard,Zverev A.,Querrey S.,4,78.0,1.04,13.0,1.04,15.29,1.06,15.29
2021-08-31,US Open,1st Round,Hard,Hurkacz H.,Gerasimov E.,13,82.0,1.12,6.0,1.14,6.84,1.16,7.0
2021-08-31,US Open,1st Round,Hard,Bublik A.,Hanfmann Y.,37,134.0,1.16,5.0,1.16,6.16,1.21,6.2
2021-08-31,US Open,1st Round,Hard,Ramos-Vinolas A.,Pouille L.,48,133.0,1.61,2.3,1.83,2.1,1.83,2.33
2021-09-01,US Open,2nd Round,Hard,Bagnis F.,Trungelliti M.,80,198.0,1.72,2.1,1.79,2.15,1.82,2.15
2021-09-01,US Open,2nd Round,Hard,Andujar P.,Kohlschreiber P.,74,115.0,3.5,1.3,3.34,1.38,3.65,1.39
2021-09-01,US Open,2nd Round,Hard,Medvedev D.,Koepfer D.,2,57.0,1.02,17.0,1.02,23.25,1.03,25.0
2021-09-01,US Open,2nd Round,Hard,Laaksonen H.,Garin C.,130,19.0,2.37,1.57,2.4,1.65,2.66,1.65
2021-09-01,US Open,2nd Round,Hard,Bautista Agut R.,Ruusuvuori E.,21,66.0,1.5,2.62,1.52,2.71,1.52,2.85
2021-09-01,US Open,2nd Round,Hard,Tiafoe F.,Pella G.,50,85.0,1.36,3.2,1.36,3.47,1.42,3.6
2021-09-01,US Open,2nd Round,Hard,Auger-Aliassime F.,Zapata Miralles B.,15,116.0,1.11,6.5,1.12,7.48,1.14,7.5
2021-09-01,US Open,2nd Round,Hard,Gojowczyk P.,Lajovic D.,141,40.0,2.2,1.66,2.13,1.8,2.25,1.81
2021-09-01,US Open,1st Round,Hard,Djokovic N.,Rune H.,1,145.0,1.01,23.0,1.01,25.75,1.03,34.0
2021-09-01,US Open,2nd Round,Hard,Evans D.,Giron M.,27,64.0,1.8,2.0,1.76,2.19,1.85,2.19
2021-09-01,US Open,2nd Round,Hard,Molcan A.,Nakashima B.,138,84.0,3.5,1.3,3.55,1.35,4.03,1.36
2021-09-01,US Open,2nd Round,Hard,Alcaraz C.,Rinderknech A.,55,83.0,1.33,3.4,1.35,3.5,1.38,3.66
2021-09-01,US Open,2nd Round,Hard,Popyrin A.,Dimitrov G.,73,18.0,2.62,1.5,2.75,1.51,2.8,1.54
2021-09-01,US Open,2nd Round,Hard,Rublev A.,Martinez P.,7,75.0,1.04,13.0,1.03,17.21,1.05,18.0
2021-09-01,US Open,1st Round,Hard,Fritz T.,De Minaur A.,42,17.0,2.37,1.57,2.19,1.76,2.44,1.76
2021-09-01,US Open,2nd Round,Hard,Van De Zandschulp B.,Ruud C.,117,11.0,8.0,1.08,7.85,1.11,8.9,1.11
2021-09-02,US Open,2nd Round,Hard,Brooksby J.,Fritz T.,99,42.0,1.9,1.9,1.86,2.05,2.0,2.05
2021-09-02,US Open,2nd Round,Hard,Sock J.,Bublik A.,184,37.0,2.1,1.72,2.23,1.74,2.65,1.79
2021-09-02,US Open,2nd Round,Hard,Nishikori K.,Mcdonald M.,56,61.0,1.57,2.37,1.59,2.53,1.63,2.55
2021-09-02,US Open,2nd Round,Hard,Harris L.,Escobedo E.,46,178.0,1.25,4.0,1.28,4.14,1.3,4.25
2021-09-02,US Open,2nd Round,Hard,Monfils G.,Johnson S.,20,87.0,1.36,3.2,1.46,2.96,1.46,3.41
2021-09-02,US Open,2nd Round,Hard,Otte O.,Kudla D.,144,92.0,2.37,1.57,2.53,1.59,2.54,1.65
2021-09-02,US Open,2nd Round,Hard,Seppi A.,Hurkacz H.,89,13.0,6.5,1.11,8.89,1.1,9.9,1.12
2021-09-02,US Open,2nd Round,Hard,Sinner J.,Svajda Z.,16,716.0,1.05,11.0,1.06,12.92,1.06,16.0
2021-09-02,US Open,2nd Round,Hard,Ivashka I.,Pospisil V.,53,58.0,1.22,4.33,1.24,4.54,1.31,4.65
2021-09-02,US Open,2nd Round,Hard,Berrettini M.,Moutet C.,8,88.0,1.12,6.0,1.16,6.26,1.16,7.0
2021-09-02,US Open,2nd Round,Hard,Basilashvili N.,Cressy M.,39,151.0,1.44,2.75,1.51,2.75,1.51,2.89
2021-09-02,US Open,2nd Round,Hard,Karatsev A.,Thompson J.,25,59.0,1.4,3.0,1.5,2.8,1.5,3.25
2021-09-02,US Open,2nd Round,Hard,Opelka R.,Musetti L.,24,60.0,1.22,4.33,1.24,4.61,1.29,4.61
2021-09-02,US Open,2nd Round,Hard,Tsitsipas S.,Mannarino A.,3,44.0,1.05,11.0,1.03,17.57,1.05,18.07
2021-09-02,US Open,2nd Round,Hard,Schwartzman D.,Anderson K.,14,77.0,1.44,2.75,1.5,2.79,1.53,2.85
2021-09-02,US Open,2nd Round,Hard,Zverev A.,Ramos-Vinolas A.,4,48.0,1.02,17.0,1.01,25.53,1.03,25.53
2021-09-03,US Open,3rd Round,Hard,Van De Zandschulp B.,Bagnis F.,117,80.0,1.36,3.2,1.43,3.08,1.44,3.32
2021-09-03,US Open,3rd Round,Hard,Schwartzman D.,Molcan A.,14,138.0,1.2,4.5,1.2,5.22,1.22,5.3
2021-09-03,US Open,3rd Round,Hard,Alcaraz C.,Tsitsipas S.,55,3.0,4.5,1.2,5.23,1.2,5.25,1.23
2021-09-03,US Open,3rd Round,Hard,Medvedev D.,Andujar P.,2,74.0,1.01,23.0,1.01,26.17,1.02,34.0
2021-09-03,US Open,3rd Round,Hard,Gojowczyk P.,Laaksonen H.,141,130.0,2.3,1.61,2.26,1.72,2.33,1.79
2021-09-03,US Open,2nd Round,Hard,Shapovalov D.,Carballes Baena R.,10,95.0,1.08,8.0,1.07,10.79,1.09,11.9
2021-09-03,US Open,2nd Round,Hard,Djokovic N.,Griekspoor T.,1,121.0,1.01,26.0,1.01,32.35,1.02,34.0
2021-09-03,US Open,3rd Round,Hard,Evans D.,Popyrin A.,27,73.0,1.72,2.1,1.79,2.14,1.82,2.2
2021-09-04,US Open,3rd Round,Hard,Auger-Aliassime F.,Bautista Agut R.,15,21.0,2.0,1.8,2.04,1.87,2.08,1.91
2021-09-04,US Open,3rd Round,Hard,Tiafoe F.,Rublev A.,50,7.0,4.0,1.25,3.51,1.35,4.11,1.35
2021-09-04,US Open,3rd Round,Hard,Berrettini M.,Ivashka I.,8,53.0,1.44,2.75,1.5,2.8,1.53,2.85
2021-09-04,US Open,3rd Round,Hard,Otte O.,Seppi A.,144,89.0,1.72,2.1,1.74,2.23,1.87,2.23
2021-09-04,US Open,3rd Round,Hard,Djokovic N.,Nishikori K.,1,56.0,1.03,15.0,1.02,20.99,1.06,21.0
2021-09-04,US Open,3rd Round,Hard,Sinner J.,Monfils G.,16,20.0,1.57,2.37,1.65,2.4,1.65,2.46
2021-09-04,US Open,3rd Round,Hard,Brooksby J.,Karatsev A.,99,25.0,1.72,2.1,1.78,2.17,1.78,2.25
2021-09-05,US Open,4th Round,Hard,Medvedev D.,Evans D.,2,27.0,1.03,15.0,1.03,17.6,1.05,19.0
2021-09-05,US Open,4th Round,Hard,Alcaraz C.,Gojowczyk P.,55,141.0,1.22,4.33,1.28,4.16,1.28,4.5
2021-09-05,US Open,4th Round,Hard,Van De Zandschulp B.,Schwartzman D.,117,14.0,4.0,1.25,4.69,1.23,4.69,1.31
2021-09-05,US Open,3rd Round,Hard,Zverev A.,Sock J.,4,184.0,1.03,15.0,1.04,15.57,1.05,17.0
2021-09-05,US Open,3rd Round,Hard,Opelka R.,Basilashvili N.,24,39.0,1.53,2.5,1.54,2.66,1.6,2.78
2021-09-05,US Open,3rd Round,Hard,Harris L.,Shapovalov D.,46,10.0,2.5,1.53,2.63,1.55,2.63,1.59
2021-09-06,US Open,4th Round,Hard,Auger-Aliassime F.,Tiafoe F.,15,50.0,1.57,2.37,1.61,2.49,1.64,2.62
2021-09-06,US Open,4th Round,Hard,Zverev A.,Sinner J.,4,16.0,1.16,5.0,1.19,5.37,1.21,5.7
2021-09-06,US Open,4th Round,Hard,Harris L.,Opelka R.,46,24.0,1.8,2.0,1.77,2.18,1.93,2.18
2021-09-06,US Open,4th Round,Hard,Berrettini M.,Otte O.,8,144.0,1.11,6.5,1.13,7.17,1.13,7.8
2021-09-07,US Open,4th Round,Hard,Djokovic N.,Brooksby J.,1,99.0,1.03,15.0,1.03,19.85,1.03,26.0
2021-09-07,US Open,Quarterfinals,Hard,Medvedev D.,Van De Zandschulp B.,2,117.0,1.02,19.0,1.02,20.91,1.03,21.0
2021-09-08,US Open,Quarterfinals,Hard,Zverev A.,Harris L.,4,46.0,1.12,6.0,1.14,6.9,1.17,7.0
2021-09-08,US Open,Quarterfinals,Hard,Auger-Aliassime F.,Alcaraz C.,15,55.0,1.44,2.75,1.5,2.81,1.52,2.97
2021-09-09,US Open,Quarterfinals,Hard,Djokovic N.,Berrettini M.,1,8.0,1.1,7.0,1.12,7.81,1.14,8.2
2021-09-10,US Open,Semifinals,Hard,Medvedev D.,Auger-Aliassime F.,2,15.0,1.16,5.0,1.17,5.95,1.21,6.0
2021-09-11,US Open,Semifinals,Hard,Djokovic N.,Zverev A.,1,4.0,1.4,3.0,1.42,3.14,1.45,3.25
2021-09-12,US Open,The Final,Hard,Medvedev D.,Djokovic N.,2,1.0,3.0,1.4,3.14,1.42,3.36,1.45
2021-09-20,Astana Open,1st Round,Hard,Kecmanovic M.,Verdasco F.,60,134.0,1.4,3.0,1.46,2.91,1.46,3.1
2021-09-20,Astana Open,1st Round,Hard,Djere L.,Galan D.E.,49,108.0,1.61,2.3,1.7,2.27,1.74,2.44
2021-09-20,Astana Open,1st Round,Hard,Munar J.,Vesely J.,71,88.0,2.5,1.53,2.41,1.63,2.6,1.63
2021-09-20,Astana Open,1st Round,Hard,Skatov T.,Seppi A.,280,87.0,3.5,1.3,3.6,1.33,3.9,1.4
2021-09-20,Open de Moselle,1st Round,Hard,Basilashvili N.,Mager G.,36,78.0,1.36,3.2,1.35,3.47,1.38,3.65
2021-09-20,Open de Moselle,1st Round,Hard,Sonego L.,Fucsovics M.,24,41.0,2.1,1.72,2.24,1.71,2.3,1.76
2021-09-20,Open de Moselle,1st Round,Hard,Pospisil V.,Barrere G.,66,151.0,1.61,2.3,1.64,2.39,1.67,2.5
2021-09-21,Open de Moselle,1st Round,Hard,Giron M.,Rinderknech A.,69,74.0,2.37,1.57,2.4,1.63,2.5,1.63
2021-09-21,Astana Open,1st Round,Hard,Ivashka I.,Ymer E.,52,169.0,1.2,4.5,1.2,5.1,1.22,5.25
2021-09-21,Astana Open,1st Round,Hard,Musetti L.,Polmans M.,57,165.0,1.36,3.2,1.34,3.5,1.42,3.75
2021-09-21,Astana Open,1st Round,Hard,Millman J.,Popko D.,48,188.0,1.44,2.75,1.5,2.78,1.57,2.8
2021-09-21,Astana Open,1st Round,Hard,Gerasimov E.,Paire B.,97,53.0,1.8,2.0,1.9,1.99,1.98,2.0
2021-09-21,Open de Moselle,1st Round,Hard,Ymer M.,Struff J.L.,75,55.0,2.2,1.66,2.1,1.81,2.23,1.83
2021-09-21,Open de Moselle,1st Round,Hard,Kohlschreiber P.,Cecchinato M.,107,83.0,1.3,3.5,1.34,3.56,1.35,3.76
2021-09-21,Open de Moselle,1st Round,Hard,Murray A.,Humbert U.,113,26.0,2.3,1.61,2.34,1.66,2.45,1.66
2021-09-21,Open de Moselle,1st Round,Hard,Davidovich Fokina A.,Simon G.,45,99.0,1.33,3.4,1.39,3.25,1.39,3.54
2021-09-21,Open de Moselle,1st Round,Hard,Rune H.,Zapata Miralles B.,133,119.0,1.57,2.37,1.51,2.69,1.58,2.69
2021-09-21,Open de Moselle,1st Round,Hard,Khachanov K.,Muller A.,27,203.0,1.16,5.0,1.19,5.27,1.21,5.75
2021-09-22,Astana Open,1st Round,Hard,Duckworth J.,Kukushkin M.,65,146.0,1.4,3.0,1.49,2.8,1.49,3.2
2021-09-22,Astana Open,1st Round,Hard,Ruusuvuori E.,Bonzi B.,84,61.0,1.66,2.2,1.71,2.25,1.71,2.38
2021-09-22,Astana Open,1st Round,Hard,Kwon S.W.,Donskoy E.,82,150.0,1.61,2.3,1.65,2.37,1.68,2.45
2021-09-22,Astana Open,2nd Round,Hard,Ivashka I.,Skatov T.,52,280.0,1.08,8.0,1.1,8.73,1.11,8.73
2021-09-22,Astana Open,2nd Round,Hard,Djere L.,Musetti L.,49,57.0,2.1,1.72,2.31,1.69,2.31,1.78
2021-09-22,Astana Open,1st Round,Hard,Taberner C.,Berankis R.,117,109.0,2.37,1.57,2.57,1.56,2.58,1.69
2021-09-22,Astana Open,2nd Round,Hard,Millman J.,Munar J.,48,71.0,1.72,2.1,1.78,2.16,1.8,2.28
2021-09-22,Open de Moselle,2nd Round,Hard,Carreno Busta P.,Ymer M.,16,75.0,1.44,2.75,1.5,2.78,1.5,2.92
2021-09-22,Open de Moselle,1st Round,Hard,Pouille L.,Schnur B.,142,233.0,1.36,3.2,1.38,3.31,1.4,3.44
2021-09-22,Open de Moselle,1st Round,Hard,Gojowczyk P.,Hoang A.,101,155.0,1.44,2.75,1.43,3.05,1.5,3.05
2021-09-22,Open de Moselle,2nd Round,Hard,Rune H.,Sonego L.,133,24.0,2.5,1.53,2.45,1.63,2.55,1.63
2021-09-22,Open de Moselle,2nd Round,Hard,Murray A.,Pospisil V.,113,66.0,1.61,2.3,1.65,2.4,1.67,2.49
2021-09-23,Astana Open,2nd Round,Hard,Bublik A.,Kecmanovic M.,34,60.0,1.66,2.2,1.72,2.25,1.81,2.53
2021-09-23,Astana Open,2nd Round,Hard,Taberner C.,Gerasimov E.,117,97.0,2.3,1.61,2.65,1.55,2.75,1.63
2021-09-23,Astana Open,2nd Round,Hard,Duckworth J.,Krajinovic F.,65,37.0,2.2,1.66,2.13,1.8,2.38,1.8
2021-09-23,Astana Open,2nd Round,Hard,Kwon S.W.,Lajovic D.,82,35.0,1.5,2.62,1.57,2.59,1.64,2.65
2021-09-23,Open de Moselle,2nd Round,Hard,Giron M.,De Minaur A.,69,21.0,2.37,1.57,2.6,1.56,2.7,1.62
2021-09-23,Astana Open,2nd Round,Hard,Ruusuvuori E.,Karatsev A.,84,25.0,1.9,1.9,1.93,1.97,2.05,1.97
2021-09-23,Open de Moselle,2nd Round,Hard,Hurkacz H.,Pouille L.,13,142.0,1.36,3.2,1.41,3.14,1.41,3.46
2021-09-23,Open de Moselle,2nd Round,Hard,Monfils G.,Kohlschreiber P.,20,107.0,1.36,3.2,1.36,3.44,1.41,3.5
2021-09-23,Open de Moselle,2nd Round,Hard,Basilashvili N.,Davidovich Fokina A.,36,45.0,1.61,2.3,1.66,2.36,1.77,2.6
2021-09-23,Open de Moselle,2nd Round,Hard,Gojowczyk P.,Khachanov K.,101,27.0,3.2,1.36,3.22,1.4,3.53,1.4
2021-09-24,Astana Open,Quarterfinals,Hard,Bublik A.,Taberner C.,34,117.0,1.28,3.75,1.28,4.14,1.31,4.14
2021-09-24,Astana Open,Quarterfinals,Hard,Kwon S.W.,Djere L.,82,49.0,1.44,2.75,1.54,2.67,1.54,3.0
2021-09-24,Astana Open,Quarterfinals,Hard,Duckworth J.,Millman J.,65,48.0,1.72,2.1,1.74,2.23,1.75,2.25
2021-09-24,Astana Open,Quarterfinals,Hard,Ivashka I.,Ruusuvuori E.,52,84.0,1.44,2.75,1.52,2.73,1.52,2.85
2021-09-24,Open de Moselle,Quarterfinals,Hard,Carreno Busta P.,Rune H.,16,133.0,1.5,2.62,1.46,2.93,1.56,3.0
2021-09-24,Open de Moselle,Quarterfinals,Hard,Monfils G.,Basilashvili N.,20,36.0,1.5,2.62,1.49,2.84,1.58,2.88
2021-09-24,Open de Moselle,Quarterfinals,Hard,Hurkacz H.,Murray A.,13,113.0,1.66,2.2,1.65,2.4,1.71,2.41
2021-09-24,Open de Moselle,Quarterfinals,Hard,Gojowczyk P.,Giron M.,101,69.0,1.8,2.0,1.82,2.11,1.83,2.12
2021-09-25,Open de Moselle,Semifinals,Hard,Hurkacz H.,Gojowczyk P.,13,101.0,1.36,3.2,1.4,3.2,1.42,3.6
2021-09-25,Open de Moselle,Semifinals,Hard,Carreno Busta P.,Monfils G.,16,20.0,1.8,2.0,2.13,1.8,2.13,2.0
2021-09-25,Astana Open,Semifinals,Hard,Duckworth J.,Ivashka I.,65,52.0,3.5,1.3,3.69,1.33,4.25,1.35
2021-09-25,Astana Open,Semifinals,Hard,Kwon S.W.,Bublik A.,82,34.0,2.75,1.44,2.77,1.51,2.9,1.54
2021-09-26,Astana Open,The Final,Hard,Kwon S.W.,Duckworth J.,82,65.0,2.0,1.8,2.11,1.81,2.16,1.88
2021-09-26,Open de Moselle,The Final,Hard,Hurkacz H.,Carreno Busta P.,13,16.0,1.9,1.9,1.87,2.05,1.94,2.15
2021-09-27,San Diego Open,1st Round,Hard,Karatsev A.,Delbonis F.,24,44.0,1.25,4.0,1.31,3.73,1.31,4.33
2021-09-27,Sofia Open,1st Round,Hard,Mager G.,Mannarino A.,78,54.0,2.62,1.5,2.65,1.53,2.75,1.53
2021-09-27,Sofia Open,1st Round,Hard,Kecmanovic M.,Andreev A.,62,319.0,1.12,6.0,1.19,5.37,1.19,6.15
2021-09-27,Sofia Open,1st Round,Hard,Paire B.,Davidovich Fokina A.,49,43.0,2.75,1.44,2.73,1.51,2.95,1.53
2021-09-28,Sofia Open,1st Round,Hard,Giron M.,Munar J.,67,70.0,1.4,3.0,1.49,2.81,1.49,3.1
2021-09-28,Sofia Open,1st Round,Hard,Djere L.,Martinez P.,47,59.0,2.3,1.61,2.26,1.7,2.41,1.7
2021-09-28,Sofia Open,1st Round,Hard,Kuzmanov D.,Musetti L.,226,61.0,3.75,1.28,3.79,1.31,4.05,1.32
2021-09-28,Sofia Open,1st Round,Hard,Gerasimov E.,Pospisil V.,112,68.0,2.1,1.72,2.21,1.74,2.25,1.8
2021-09-28,San Diego Open,1st Round,Hard,Nakashima B.,Fognini F.,83,31.0,1.53,2.5,1.56,2.59,1.64,2.66
2021-09-28,Sofia Open,1st Round,Hard,Millman J.,Ymer M.,55,85.0,2.3,1.61,2.56,1.57,2.56,1.66
2021-09-28,San Diego Open,1st Round,Hard,Fritz T.,Caruso S.,39,128.0,1.14,5.5,1.17,5.76,1.19,6.25
2021-09-28,San Diego Open,1st Round,Hard,Sonego L.,Basilashvili N.,23,34.0,1.8,2.0,1.74,2.21,1.82,2.25
2021-09-28,San Diego Open,1st Round,Hard,Korda S.,Paul T.,42,60.0,1.53,2.5,1.48,2.84,1.55,2.84
2021-09-28,San Diego Open,1st Round,Hard,Norrie C.,Koepfer D.,28,66.0,1.53,2.5,1.51,2.73,1.55,2.81
2021-09-28,San Diego Open,1st Round,Hard,Dimitrov G.,Fucsovics M.,29,41.0,2.0,1.8,2.05,1.85,2.15,1.85
2021-09-29,San Diego Open,1st Round,Hard,Harris L.,Eubanks C.,32,195.0,1.22,4.33,1.26,4.31,1.26,4.5
2021-09-29,Sofia Open,1st Round,Hard,Marchenko I.,Seppi A.,151,95.0,2.1,1.72,2.23,1.72,2.35,1.75
2021-09-29,Sofia Open,1st Round,Hard,Duckworth J.,Ruusuvuori E.,56,89.0,2.5,1.53,2.71,1.51,3.08,1.64
2021-09-29,Sofia Open,1st Round,Hard,Ivashka I.,Andujar P.,45,92.0,1.14,5.5,1.13,6.89,1.17,6.89
2021-09-29,San Diego Open,1st Round,Hard,Schwartzman D.,Gaio F.,15,154.0,1.16,5.0,1.24,4.51,1.24,5.75
2021-09-29,Sofia Open,2nd Round,Hard,Mager G.,Kecmanovic M.,78,62.0,2.75,1.44,2.76,1.51,2.8,1.55
2021-09-29,Sofia Open,2nd Round,Hard,Majchrzak K.,Kuzmanov D.,125,226.0,1.3,3.5,1.23,4.79,1.34,4.79
2021-09-29,San Diego Open,1st Round,Hard,Hurkacz H.,Bolt A.,12,144.0,1.22,4.33,1.19,5.22,1.27,5.22
2021-09-29,San Diego Open,1st Round,Hard,Evans D.,Anderson K.,22,69.0,1.9,1.9,2.12,1.8,2.25,1.94
2021-09-29,San Diego Open,1st Round,Hard,Murray A.,Kudla D.,109,94.0,1.36,3.2,1.41,3.05,1.5,3.21
2021-09-29,Sofia Open,1st Round,Hard,Krajinovic F.,Lazarov A.,37,462.0,1.08,8.0,1.12,7.48,1.12,9.37
2021-09-30,Sofia Open,2nd Round,Hard,Millman J.,Marchenko I.,55,151.0,1.57,2.37,1.56,2.61,1.57,2.65
2021-09-30,Sofia Open,2nd Round,Hard,Giron M.,De Minaur A.,67,26.0,2.37,1.57,2.52,1.6,2.52,1.64
2021-09-30,Sofia Open,2nd Round,Hard,Duckworth J.,Paire B.,56,49.0,1.8,2.0,1.81,2.12,1.84,2.15
2021-09-30,Sofia Open,2nd Round,Hard,Sinner J.,Gerasimov E.,14,112.0,1.2,4.5,1.24,4.57,1.24,5.0
2021-09-30,Sofia Open,2nd Round,Hard,Monfils G.,Ivashka I.,20,45.0,2.1,1.72,2.02,1.88,2.1,1.88
2021-09-30,Sofia Open,2nd Round,Hard,Krajinovic F.,Djere L.,37,47.0,1.5,2.62,1.53,2.68,1.53,2.8
2021-09-30,San Diego Open,2nd Round,Hard,Shapovalov D.,Fritz T.,13,39.0,1.61,2.3,1.71,2.28,1.74,2.38
2021-09-30,San Diego Open,2nd Round,Hard,Sonego L.,Korda S.,23,42.0,2.3,1.61,2.19,1.76,2.35,1.8
2021-09-30,San Diego Open,2nd Round,Hard,Karatsev A.,Hurkacz H.,24,12.0,2.75,1.44,2.98,1.45,2.98,1.53
2021-09-30,San Diego Open,2nd Round,Hard,Norrie C.,Evans D.,28,22.0,1.57,2.37,1.56,2.6,1.64,2.62
2021-09-30,San Diego Open,2nd Round,Hard,Schwartzman D.,Harris L.,15,32.0,1.9,1.9,1.89,2.02,1.96,2.15
2021-09-30,San Diego Open,2nd Round,Hard,Rublev A.,Nakashima B.,5,83.0,1.3,3.5,1.33,3.64,1.35,4.05
2021-10-01,Sofia Open,Quarterfinals,Hard,Sinner J.,Duckworth J.,14,56.0,1.3,3.5,1.28,4.07,1.32,4.15
2021-10-01,Sofia Open,Quarterfinals,Hard,Monfils G.,Mager G.,20,78.0,1.33,3.4,1.27,4.26,1.36,4.26
2021-10-01,Sofia Open,Quarterfinals,Hard,Giron M.,Millman J.,67,55.0,1.57,2.37,1.68,2.34,1.68,2.65
2021-10-01,San Diego Open,Quarterfinals,Hard,Rublev A.,Schwartzman D.,5,15.0,1.3,3.5,1.33,3.69,1.34,4.03
2021-10-01,San Diego Open,Quarterfinals,Hard,Norrie C.,Shapovalov D.,28,13.0,2.0,1.8,2.29,1.7,2.29,1.9
2021-10-01,San Diego Open,2nd Round,Hard,Dimitrov G.,Holmgren A.,29,901.0,1.1,7.0,1.06,12.01,1.11,12.01
2021-10-01,San Diego Open,2nd Round,Hard,Ruud C.,Murray A.,10,109.0,1.72,2.1,1.71,2.26,1.78,2.35
2021-10-01,Sofia Open,Quarterfinals,Hard,Krajinovic F.,Majchrzak K.,37,125.0,1.5,2.62,1.61,2.48,1.61,2.8
2021-10-02,Sofia Open,Semifinals,Hard,Monfils G.,Giron M.,20,67.0,1.44,2.75,1.43,3.07,1.47,3.08
2021-10-02,San Diego Open,Quarterfinals,Hard,Ruud C.,Sonego L.,10,23.0,1.53,2.5,1.51,2.75,1.55,2.92
2021-10-02,San Diego Open,Quarterfinals,Hard,Dimitrov G.,Karatsev A.,29,24.0,2.2,1.66,2.22,1.74,2.3,1.74
2021-10-02,San Diego Open,Semifinals,Hard,Norrie C.,Rublev A.,28,5.0,3.4,1.33,3.5,1.35,3.66,1.35
2021-10-02,Sofia Open,Semifinals,Hard,Sinner J.,Krajinovic F.,14,37.0,1.4,3.0,1.43,3.07,1.5,3.21
2021-10-03,Sofia Open,The Final,Hard,Sinner J.,Monfils G.,14,20.0,1.57,2.37,1.69,2.31,1.69,2.53
2021-10-03,San Diego Open,Semifinals,Hard,Ruud C.,Dimitrov G.,10,29.0,1.44,2.75,1.45,2.97,1.53,3.1
2021-10-04,San Diego Open,The Final,Hard,Ruud C.,Norrie C.,10,28.0,1.9,1.9,1.99,1.97,2.04,2.0
2021-10-07,BNP Paribas Open,1st Round,Hard,Nishikori K.,Sousa J.,53,182.0,1.14,5.5,1.18,5.55,1.19,7.5
2021-10-07,BNP Paribas Open,1st Round,Hard,Cressy M.,Djere L.,145,47.0,1.9,1.9,2.02,1.89,2.06,2.0
2021-10-07,BNP Paribas Open,1st Round,Hard,Sandgren T.,Monteiro T.,102,92.0,1.8,2.0,1.92,1.99,2.1,2.07
2021-10-07,BNP Paribas Open,1st Round,Hard,Pella G.,Kwon S.W.,80,56.0,2.62,1.5,2.6,1.56,2.75,1.57
2021-10-07,BNP Paribas Open,1st Round,Hard,Mcdonald M.,Duckworth J.,57,55.0,1.9,1.9,1.87,2.04,1.95,2.12
2021-10-07,BNP Paribas Open,1st Round,Hard,Giron M.,Van De Zandschulp B.,59,66.0,2.0,1.8,1.95,1.95,2.03,1.95
2021-10-07,BNP Paribas Open,1st Round,Hard,Daniel T.,Kohlschreiber P.,123,107.0,3.2,1.36,2.75,1.52,3.21,1.52
2021-10-07,BNP Paribas Open,1st Round,Hard,Taberner C.,Munar J.,116,70.0,2.2,1.66,2.33,1.68,2.33,1.73
2021-10-07,BNP Paribas Open,1st Round,Hard,Altmaier D.,Querrey S.,114,89.0,2.2,1.66,2.17,1.78,2.25,1.78
2021-10-07,BNP Paribas Open,1st Round,Hard,Popyrin A.,Kecmanovic M.,71,63.0,1.8,2.0,2.01,1.9,2.01,2.1
2021-10-07,BNP Paribas Open,1st Round,Hard,Paul T.,Lopez F.,60,108.0,1.25,4.0,1.25,4.5,1.28,4.5
2021-10-08,BNP Paribas Open,1st Round,Hard,Escobedo E.,Rune H.,178,124.0,2.75,1.44,2.93,1.47,3.24,1.47
2021-10-08,BNP Paribas Open,1st Round,Hard,Gomez E.,Bagnis F.,174,74.0,1.61,2.3,1.75,2.21,1.75,2.83
2021-10-08,BNP Paribas Open,1st Round,Hard,Brooksby J.,Ilkel C.,79,179.0,1.14,5.5,1.15,6.48,1.17,6.65
2021-10-08,BNP Paribas Open,1st Round,Hard,Ramos-Vinolas A.,Musetti L.,48,62.0,2.0,1.8,2.08,1.84,2.38,1.84
2021-10-08,BNP Paribas Open,1st Round,Hard,Struff J.L.,Galan D.E.,54,105.0,1.4,3.0,1.44,3.04,1.44,3.04
2021-10-08,BNP Paribas Open,1st Round,Hard,Anderson K.,Thompson J.,69,76.0,1.57,2.37,1.56,2.59,1.62,3.03
2021-10-08,BNP Paribas Open,1st Round,Hard,Tabilo A.,Kudla D.,184,95.0,2.3,1.61,2.24,1.73,2.38,1.73
2021-10-08,BNP Paribas Open,1st Round,Hard,Tiafoe F.,Paire B.,49,50.0,1.33,3.4,1.37,3.4,1.4,3.41
2021-10-08,BNP Paribas Open,1st Round,Hard,Ruusuvuori E.,Koepfer D.,78,65.0,1.44,2.75,1.5,2.79,1.5,2.97
2021-10-08,BNP Paribas Open,1st Round,Hard,Pospisil V.,Wolf J.J.,68,187.0,1.72,2.1,1.87,2.04,1.93,2.11
2021-10-08,BNP Paribas Open,1st Round,Hard,Davidovich Fokina A.,Johnson S.,43,86.0,1.66,2.2,1.73,2.24,1.75,2.3
2021-10-08,BNP Paribas Open,1st Round,Hard,Carballes Baena R.,Olivo R.,85,199.0,1.36,3.2,1.42,3.11,1.42,3.4
2021-10-08,BNP Paribas Open,1st Round,Hard,Caruso S.,Svajda Z.,135,434.0,1.8,2.0,1.85,2.06,1.86,2.17
2021-10-08,BNP Paribas Open,1st Round,Hard,Nishioka Y.,Delbonis F.,75,44.0,1.61,2.3,1.78,2.16,1.78,2.52
2021-10-09,BNP Paribas Open,2nd Round,Hard,Dimitrov G.,Altmaier D.,28,114.0,1.33,3.4,1.33,3.66,1.34,3.66
2021-10-09,BNP Paribas Open,2nd Round,Hard,Shapovalov D.,Pospisil V.,13,68.0,1.33,3.4,1.26,4.34,1.34,4.34
2021-10-09,BNP Paribas Open,2nd Round,Hard,Norrie C.,Sandgren T.,26,102.0,1.16,5.0,1.23,4.73,1.23,5.25
2021-10-09,BNP Paribas Open,2nd Round,Hard,Ruud C.,Carballes Baena R.,10,85.0,1.08,8.0,1.12,7.52,1.12,9.5
2021-10-09,BNP Paribas Open,2nd Round,Hard,Tiafoe F.,Korda S.,49,40.0,2.1,1.72,2.15,1.79,2.25,1.83
2021-10-09,BNP Paribas Open,2nd Round,Hard,Bautista Agut R.,Pella G.,19,80.0,1.25,4.0,1.29,4.0,1.4,4.33
2021-10-09,BNP Paribas Open,2nd Round,Hard,Evans D.,Nishikori K.,22,53.0,2.2,1.66,2.45,1.62,2.5,1.66
2021-10-09,BNP Paribas Open,2nd Round,Hard,Hurkacz H.,Popyrin A.,12,71.0,1.36,3.2,1.34,3.57,1.37,3.75
2021-10-09,BNP Paribas Open,2nd Round,Hard,Schwartzman D.,Cressy M.,15,145.0,1.3,3.5,1.26,4.28,1.32,4.28
2021-10-09,BNP Paribas Open,1st Round,Hard,Eubanks C.,Gerasimov E.,194,101.0,1.8,2.0,1.83,2.1,1.91,2.1
2021-10-09,BNP Paribas Open,1st Round,Hard,Murray A.,Mannarino A.,121,51.0,1.2,4.5,1.22,4.87,1.23,5.0
2021-10-09,BNP Paribas Open,1st Round,Hard,Mager G.,Fucsovics M.,73,42.0,3.2,1.36,3.58,1.34,3.58,1.38
2021-10-09,BNP Paribas Open,1st Round,Hard,Millman J.,Sock J.,58,162.0,1.8,2.0,1.94,1.96,1.95,2.05
2021-10-09,BNP Paribas Open,1st Round,Hard,Martinez P.,Marcora R.,61,208.0,1.28,3.75,1.32,3.76,1.32,4.1
2021-10-09,BNP Paribas Open,1st Round,Hard,Nakashima B.,Coria F.,83,67.0,1.14,5.5,1.14,6.78,1.18,6.78
2021-10-09,BNP Paribas Open,1st Round,Hard,Vukic A.,Andujar P.,202,96.0,1.61,2.3,1.58,2.56,1.62,2.65
2021-10-09,BNP Paribas Open,2nd Round,Hard,Opelka R.,Daniel T.,20,123.0,1.28,3.75,1.34,3.63,1.36,3.92
2021-10-10,BNP Paribas Open,2nd Round,Hard,Fognini F.,Struff J.L.,30,54.0,1.8,2.0,1.83,2.09,1.9,2.09
2021-10-10,BNP Paribas Open,2nd Round,Hard,De Minaur A.,Vukic A.,27,202.0,1.44,2.75,1.52,2.72,1.52,3.0
2021-10-10,BNP Paribas Open,2nd Round,Hard,Zverev A.,Brooksby J.,4,79.0,1.2,4.5,1.21,5.13,1.23,5.13
2021-10-10,BNP Paribas Open,2nd Round,Hard,Carreno Busta P.,Gomez E.,16,174.0,1.12,6.0,1.12,7.6,1.13,8.0
2021-10-10,BNP Paribas Open,2nd Round,Hard,Ramos-Vinolas A.,Auger-Aliassime F.,48,11.0,4.5,1.2,4.99,1.21,5.25,1.22
2021-10-10,BNP Paribas Open,2nd Round,Hard,Garin C.,Escobedo E.,17,178.0,1.8,2.0,1.78,2.16,1.91,2.16
2021-10-10,BNP Paribas Open,2nd Round,Hard,Murray A.,Alcaraz C.,121,38.0,2.0,1.8,2.14,1.79,2.17,1.87
2021-10-10,BNP Paribas Open,2nd Round,Hard,Anderson K.,Sonego L.,69,21.0,2.0,1.8,2.05,1.86,2.07,1.95
2021-10-10,BNP Paribas Open,2nd Round,Hard,Fritz T.,Nakashima B.,39,83.0,2.3,1.61,2.15,1.79,2.35,1.79
2021-10-10,BNP Paribas Open,2nd Round,Hard,Monfils G.,Mager G.,18,73.0,1.22,4.33,1.22,4.85,1.25,4.84
2021-10-10,BNP Paribas Open,2nd Round,Hard,Medvedev D.,Mcdonald M.,2,57.0,1.06,10.0,1.09,9.5,1.09,12.0
2021-10-10,BNP Paribas Open,2nd Round,Hard,Paul T.,Lajovic D.,60,35.0,1.57,2.37,1.66,2.37,1.67,2.45
2021-10-10,BNP Paribas Open,2nd Round,Hard,Karatsev A.,Caruso S.,23,135.0,1.28,3.75,1.29,3.99,1.3,4.25
2021-10-10,BNP Paribas Open,2nd Round,Hard,Harris L.,Davidovich Fokina A.,31,43.0,1.44,2.75,1.54,2.66,1.54,2.95
2021-10-10,BNP Paribas Open,2nd Round,Hard,Sinner J.,Millman J.,14,58.0,1.2,4.5,1.22,4.93,1.22,6.0
2021-10-10,BNP Paribas Open,2nd Round,Hard,Rublev A.,Taberner C.,5,116.0,1.07,9.0,1.08,10.14,1.08,10.75
2021-10-10,BNP Paribas Open,2nd Round,Hard,Berrettini M.,Tabilo A.,7,184.0,1.1,7.0,1.11,8.04,1.11,10.75
2021-10-10,BNP Paribas Open,2nd Round,Hard,Krajinovic F.,Giron M.,34,59.0,1.9,1.9,1.85,2.07,1.95,2.07
2021-10-11,BNP Paribas Open,2nd Round,Hard,Khachanov K.,Ruusuvuori E.,29,78.0,1.61,2.3,1.63,2.43,1.66,2.55
2021-10-11,BNP Paribas Open,2nd Round,Hard,Tsitsipas S.,Martinez P.,3,61.0,1.08,8.0,1.1,8.77,1.1,9.0
2021-10-11,BNP Paribas Open,2nd Round,Hard,Basilashvili N.,Eubanks C.,36,194.0,1.57,2.37,1.62,2.46,1.68,2.46
2021-10-11,BNP Paribas Open,2nd Round,Hard,Isner J.,Nishioka Y.,24,75.0,1.3,3.5,1.38,3.34,1.38,3.65
2021-10-11,BNP Paribas Open,3rd Round,Hard,Schwartzman D.,Evans D.,15,22.0,1.57,2.37,1.68,2.33,1.74,2.41
2021-10-11,BNP Paribas Open,3rd Round,Hard,Ruud C.,Harris L.,10,31.0,1.36,3.2,1.37,3.39,1.41,3.39
2021-10-11,BNP Paribas Open,3rd Round,Hard,Dimitrov G.,Opelka R.,28,20.0,2.0,1.8,1.86,2.05,2.03,2.06
2021-10-11,BNP Paribas Open,3rd Round,Hard,Karatsev A.,Shapovalov D.,23,13.0,2.2,1.66,2.27,1.71,2.27,1.83
2021-10-12,BNP Paribas Open,3rd Round,Hard,Zverev A.,Murray A.,4,121.0,1.16,5.0,1.18,5.58,1.22,5.58
2021-10-12,BNP Paribas Open,3rd Round,Hard,Basilashvili N.,Ramos-Vinolas A.,36,48.0,1.66,2.2,1.67,2.35,1.7,2.45
2021-10-12,BNP Paribas Open,3rd Round,Hard,Khachanov K.,Carreno Busta P.,29,16.0,2.1,1.72,2.14,1.79,2.3,1.8
2021-10-12,BNP Paribas Open,3rd Round,Hard,Sinner J.,Isner J.,14,24.0,1.5,2.62,1.49,2.8,1.55,2.85
2021-10-12,BNP Paribas Open,3rd Round,Hard,Fritz T.,Berrettini M.,39,7.0,3.0,1.4,2.98,1.45,3.25,1.45
2021-10-12,BNP Paribas Open,3rd Round,Hard,Norrie C.,Bautista Agut R.,26,19.0,1.8,2.0,1.75,2.21,1.8,2.1
2021-10-12,BNP Paribas Open,3rd Round,Hard,Paul T.,Rublev A.,60,5.0,4.5,1.2,5.45,1.19,5.5,1.2
2021-10-12,BNP Paribas Open,3rd Round,Hard,Hurkacz H.,Tiafoe F.,12,49.0,1.53,2.5,1.6,2.51,1.62,2.65
2021-10-12,BNP Paribas Open,3rd Round,Hard,Medvedev D.,Krajinovic F.,2,34.0,1.08,8.0,1.11,8.07,1.11,9.5
2021-10-13,BNP Paribas Open,4th Round,Hard,Fritz T.,Sinner J.,39,14.0,2.75,1.44,3.13,1.42,3.22,1.5
2021-10-13,BNP Paribas Open,4th Round,Hard,Basilashvili N.,Khachanov K.,36,29.0,3.4,1.33,3.22,1.4,3.55,1.4
2021-10-13,BNP Paribas Open,4th Round,Hard,Dimitrov G.,Medvedev D.,28,2.0,6.0,1.12,5.93,1.17,7.0,1.17
2021-10-13,BNP Paribas Open,4th Round,Hard,Norrie C.,Paul T.,26,60.0,1.5,2.62,1.53,2.69,1.6,2.7
2021-10-13,BNP Paribas Open,4th Round,Hard,Hurkacz H.,Karatsev A.,12,23.0,1.57,2.37,1.58,2.54,1.62,2.6
2021-10-13,BNP Paribas Open,3rd Round,Hard,De Minaur A.,Garin C.,27,17.0,1.66,2.2,1.69,2.3,1.7,2.38
2021-10-13,BNP Paribas Open,3rd Round,Hard,Tsitsipas S.,Fognini F.,3,30.0,1.14,5.5,1.16,6.19,1.17,6.55
2021-10-13,BNP Paribas Open,3rd Round,Hard,Monfils G.,Anderson K.,18,69.0,1.4,3.0,1.51,2.78,1.51,3.02
2021-10-13,BNP Paribas Open,4th Round,Hard,Schwartzman D.,Ruud C.,15,10.0,3.0,1.4,2.86,1.48,3.11,1.48
2021-10-14,BNP Paribas Open,4th Round,Hard,Tsitsipas S.,De Minaur A.,3,27.0,1.2,4.5,1.25,4.5,1.25,4.89
2021-10-14,BNP Paribas Open,4th Round,Hard,Zverev A.,Monfils G.,4,18.0,1.2,4.5,1.22,4.95,1.26,5.25
2021-10-14,BNP Paribas Open,Quarterfinals,Hard,Norrie C.,Schwartzman D.,26,15.0,2.1,1.72,2.23,1.74,2.23,1.83
2021-10-14,BNP Paribas Open,Quarterfinals,Hard,Dimitrov G.,Hurkacz H.,28,12.0,2.37,1.57,2.48,1.61,2.56,1.63
2021-10-15,BNP Paribas Open,Quarterfinals,Hard,Fritz T.,Zverev A.,39,4.0,5.0,1.16,5.68,1.18,7.0,1.21
2021-10-15,BNP Paribas Open,Quarterfinals,Hard,Basilashvili N.,Tsitsipas S.,36,3.0,3.75,1.28,4.59,1.24,4.59,1.29
2021-10-16,BNP Paribas Open,Semifinals,Hard,Norrie C.,Dimitrov G.,26,28.0,1.9,1.9,1.87,2.04,1.97,2.08
2021-10-16,BNP Paribas Open,Semifinals,Hard,Basilashvili N.,Fritz T.,36,39.0,2.3,1.61,2.53,1.59,2.53,1.68
2021-10-18,BNP Paribas Open,The Final,Hard,Norrie C.,Basilashvili N.,26,36.0,1.57,2.37,1.56,2.61,1.67,2.61
2021-10-18,European Open,1st Round,Hard,Rinderknech A.,Delbonis F.,65,40.0,1.33,3.4,1.32,3.69,1.39,3.75
2021-10-18,European Open,1st Round,Hard,Lajovic D.,Gasquet R.,33,73.0,2.5,1.53,2.85,1.47,3.05,1.56
2021-10-18,European Open,1st Round,Hard,Van De Zandschulp B.,Popyrin A.,61,74.0,1.72,2.1,1.85,2.05,1.85,2.2
2021-10-18,Kremlin Cup,1st Round,Hard,Duckworth J.,Gojo B.,52,245.0,1.36,3.2,1.41,3.11,1.41,3.42
2021-10-18,Kremlin Cup,1st Round,Hard,Cilic M.,Dzumhur D.,41,137.0,1.44,2.75,1.53,2.66,1.53,3.0
2021-10-18,Kremlin Cup,1st Round,Hard,Millman J.,Bonzi B.,62,63.0,2.0,1.8,2.09,1.81,2.15,1.96
2021-10-19,Kremlin Cup,1st Round,Hard,Martinez P.,Pella G.,60,82.0,1.66,2.2,1.78,2.14,1.86,2.31
2021-10-19,Kremlin Cup,1st Round,Hard,Paul T.,Ymer M.,54,101.0,1.57,2.37,1.67,2.33,1.67,2.55
2021-10-19,Kremlin Cup,1st Round,Hard,Mannarino A.,Safiullin R.,51,160.0,1.9,1.9,2.05,1.85,2.06,1.95
2021-10-19,Kremlin Cup,1st Round,Hard,Simon G.,Djere L.,117,53.0,2.62,1.5,2.56,1.57,2.82,1.58
2021-10-19,Kremlin Cup,1st Round,Hard,Berankis R.,Donskoy E.,107,149.0,,,1.54,2.6,1.67,2.6
2021-10-19,Kremlin Cup,1st Round,Hard,Marchenko I.,Bublik A.,164,35.0,2.75,1.44,2.68,1.52,3.16,1.52
2021-10-19,Kremlin Cup,1st Round,Hard,Gerasimov E.,Kecmanovic M.,109,71.0,2.0,1.8,2.1,1.81,2.1,1.88
2021-10-19,European Open,1st Round,Hard,Davidovich Fokina A.,Thompson J.,44,72.0,1.66,2.2,1.6,2.48,1.69,2.48
2021-10-19,European Open,1st Round,Hard,Harris L.,Bergs Z.,32,186.0,1.22,4.33,1.27,4.13,1.28,4.75
2021-10-19,European Open,1st Round,Hard,Laaksonen H.,Paire B.,99,47.0,1.61,2.3,1.62,2.42,1.66,2.55
2021-10-19,European Open,1st Round,Hard,Nakashima B.,De Minaur A.,79,26.0,2.1,1.72,2.15,1.78,2.22,1.8
2021-10-19,European Open,1st Round,Hard,Brooksby J.,Opelka R.,70,25.0,1.72,2.1,1.68,2.31,1.8,2.31
2021-10-19,European Open,1st Round,Hard,Musetti L.,Mager G.,69,67.0,2.0,1.8,2.05,1.85,2.13,1.87
2021-10-19,European Open,1st Round,Hard,Murray A.,Tiafoe F.,172,48.0,1.72,2.1,1.77,2.16,1.8,2.25
2021-10-19,European Open,1st Round,Hard,Struff J.L.,Ramos-Vinolas A.,50,45.0,1.57,2.37,1.52,2.7,1.6,2.73
2021-10-19,European Open,1st Round,Hard,Fucsovics M.,Novak D.,39,114.0,1.57,2.37,1.61,2.44,1.68,2.64
2021-10-20,European Open,2nd Round,Hard,Brooksby J.,Van De Zandschulp B.,70,61.0,1.44,2.75,1.5,2.79,1.53,2.9
2021-10-20,Kremlin Cup,1st Round,Hard,Coria F.,Kachmazov A.,68,638.0,1.53,2.5,1.56,2.59,1.59,2.81
2021-10-20,Kremlin Cup,1st Round,Hard,Mcdonald M.,Nishioka Y.,55,78.0,1.5,2.62,1.56,2.59,1.57,2.77
2021-10-20,Kremlin Cup,2nd Round,Hard,Millman J.,Marchenko I.,62,164.0,1.66,2.2,1.6,2.49,1.72,2.5
2021-10-20,Kremlin Cup,2nd Round,Hard,Cilic M.,Paul T.,41,54.0,1.9,1.9,1.93,1.97,2.05,2.06
2021-10-20,Kremlin Cup,2nd Round,Hard,Khachanov K.,Duckworth J.,31,52.0,1.25,4.0,1.25,4.47,1.25,4.75
2021-10-20,European Open,2nd Round,Hard,Sinner J.,Musetti L.,16,69.0,1.16,5.0,1.14,6.76,1.18,7.25
2021-10-20,European Open,2nd Round,Hard,Rinderknech A.,Lajovic D.,65,33.0,1.57,2.37,1.55,2.63,1.64,2.63
2021-10-20,European Open,2nd Round,Hard,Davidovich Fokina A.,Garin C.,44,17.0,1.5,2.62,1.65,2.39,1.91,2.67
2021-10-21,Kremlin Cup,2nd Round,Hard,Martinez P.,Krajinovic F.,60,37.0,3.0,1.4,3.31,1.38,3.31,1.48
2021-10-21,Kremlin Cup,2nd Round,Hard,Berankis R.,Coria F.,107,68.0,1.22,4.33,1.23,4.8,1.25,4.9
2021-10-21,Kremlin Cup,2nd Round,Hard,Mannarino A.,Rublev A.,51,6.0,8.0,1.08,9.49,1.09,11.0,1.09
2021-10-21,Kremlin Cup,2nd Round,Hard,Simon G.,Mcdonald M.,117,55.0,4.0,1.25,4.0,1.29,4.85,1.29
2021-10-21,Kremlin Cup,2nd Round,Hard,Karatsev A.,Gerasimov E.,22,109.0,1.4,3.0,1.37,3.4,1.42,3.4
2021-10-21,European Open,2nd Round,Hard,Fucsovics M.,Bautista Agut R.,39,20.0,2.37,1.57,2.38,1.65,2.55,1.65
2021-10-21,European Open,2nd Round,Hard,Nakashima B.,Laaksonen H.,79,99.0,1.53,2.5,1.51,2.75,1.55,2.75
2021-10-21,European Open,2nd Round,Hard,Schwartzman D.,Murray A.,13,172.0,2.1,1.72,2.11,1.81,2.2,1.88
2021-10-21,European Open,2nd Round,Hard,Harris L.,Struff J.L.,32,50.0,1.4,3.0,1.44,3.04,1.49,3.24
2021-10-22,Kremlin Cup,Quarterfinals,Hard,Karatsev A.,Simon G.,22,117.0,1.22,4.33,1.23,4.71,1.27,5.15
2021-10-22,European Open,Quarterfinals,Hard,Brooksby J.,Davidovich Fokina A.,70,44.0,1.33,3.4,1.34,3.58,1.34,3.7
2021-10-22,European Open,Quarterfinals,Hard,Schwartzman D.,Nakashima B.,13,79.0,1.66,2.2,1.77,2.18,1.77,2.28
2021-10-22,European Open,Quarterfinals,Hard,Sinner J.,Rinderknech A.,16,65.0,1.22,4.33,1.22,4.85,1.25,4.85
2021-10-22,European Open,Quarterfinals,Hard,Harris L.,Fucsovics M.,32,39.0,1.57,2.37,1.53,2.68,1.6,2.8
2021-10-22,Kremlin Cup,Quarterfinals,Hard,Khachanov K.,Millman J.,31,62.0,1.3,3.5,1.25,4.45,1.37,4.6
2021-10-22,Kremlin Cup,Quarterfinals,Hard,Cilic M.,Martinez P.,41,60.0,1.5,2.62,1.51,2.78,1.54,2.81
2021-10-22,Kremlin Cup,Quarterfinals,Hard,Berankis R.,Mannarino A.,107,51.0,2.2,1.66,2.1,1.82,2.33,1.82
2021-10-23,European Open,Semifinals,Hard,Schwartzman D.,Brooksby J.,13,70.0,2.2,1.66,2.27,1.71,2.35,1.74
2021-10-23,Kremlin Cup,Semifinals,Hard,Cilic M.,Berankis R.,41,107.0,1.44,2.75,1.5,2.81,1.5,3.02
2021-10-23,European Open,Semifinals,Hard,Sinner J.,Harris L.,16,32.0,1.5,2.62,1.56,2.6,1.56,2.85
2021-10-23,Kremlin Cup,Semifinals,Hard,Karatsev A.,Khachanov K.,22,31.0,2.0,1.8,2.1,1.83,2.15,1.86
2021-10-24,Kremlin Cup,The Final,Hard,Karatsev A.,Cilic M.,22,41.0,1.66,2.2,1.75,2.2,1.75,2.25
2021-10-24,European Open,The Final,Hard,Sinner J.,Schwartzman D.,16,13.0,1.44,2.75,1.49,2.84,1.52,2.95
2021-10-25,Vienna Open,1st Round,Hard,De Minaur A.,Anderson K.,32,61.0,2.0,1.8,1.99,1.9,2.13,1.91
2021-10-25,Vienna Open,1st Round,Hard,Murray A.,Hurkacz H.,156,10.0,2.5,1.53,2.53,1.58,2.81,1.63
2021-10-25,Vienna Open,1st Round,Hard,Berrettini M.,Popyrin A.,7,77.0,1.28,3.75,1.29,3.98,1.33,3.98
2021-10-25,Vienna Open,1st Round,Hard,Alcaraz C.,Evans D.,42,24.0,1.66,2.2,1.8,2.11,1.8,2.38
2021-10-25,Vienna Open,1st Round,Hard,Basilashvili N.,Carreno Busta P.,25,18.0,2.5,1.53,2.39,1.64,2.6,1.64
2021-10-25,St. Petersburg Open,1st Round,Hard,Struff J.L.,Duckworth J.,53,51.0,2.0,1.8,2.0,1.89,2.21,1.9
2021-10-25,St. Petersburg Open,1st Round,Hard,Korda S.,Serdarusic N.,38,248.0,1.14,5.5,1.13,6.97,1.16,6.97
2021-10-25,St. Petersburg Open,1st Round,Hard,Bublik A.,Tiurnev E.,34,304.0,1.16,5.0,1.2,5.05,1.26,5.36
2021-10-26,St. Petersburg Open,1st Round,Hard,Andujar P.,Delbonis F.,92,41.0,2.1,1.72,2.14,1.78,2.25,1.86
2021-10-26,Vienna Open,1st Round,Hard,Auger-Aliassime F.,Berankis R.,12,99.0,1.3,3.5,1.37,3.33,1.37,4.05
2021-10-26,Vienna Open,1st Round,Hard,Ruud C.,Harris L.,8,31.0,1.72,2.1,1.78,2.15,1.8,2.24
2021-10-26,Vienna Open,1st Round,Hard,Norrie C.,Fucsovics M.,14,39.0,1.5,2.62,1.51,2.74,1.53,2.82
2021-10-26,Vienna Open,1st Round,Hard,Tsitsipas S.,Dimitrov G.,3,22.0,1.4,3.0,1.51,2.74,1.51,3.04
2021-10-26,Vienna Open,1st Round,Hard,Tiafoe F.,Lajovic D.,49,33.0,1.4,3.0,1.38,3.28,1.42,3.45
2021-10-26,Vienna Open,1st Round,Hard,Zverev A.,Krajinovic F.,4,40.0,1.14,5.5,1.16,5.88,1.17,6.5
2021-10-26,St. Petersburg Open,1st Round,Hard,Paul T.,Martinez P.,54,58.0,1.5,2.62,1.56,2.57,1.57,2.78
2021-10-26,Vienna Open,1st Round,Hard,Novak D.,Mager G.,116,68.0,1.61,2.3,1.71,2.25,1.88,2.3
2021-10-26,St. Petersburg Open,1st Round,Hard,Fritz T.,Ruusuvuori E.,28,72.0,1.8,2.0,1.78,2.15,1.85,2.2
2021-10-26,St. Petersburg Open,1st Round,Hard,Mcdonald M.,Gerasimov E.,56,105.0,1.57,2.37,1.7,2.26,1.74,2.38
2021-10-26,St. Petersburg Open,1st Round,Hard,Millman J.,Oliel Y.,57,373.0,1.12,6.0,1.15,6.28,1.15,7.5
2021-10-26,St. Petersburg Open,1st Round,Hard,Van De Zandschulp B.,Nishioka Y.,69,82.0,1.57,2.37,1.63,2.42,1.63,2.63
2021-10-26,St. Petersburg Open,1st Round,Hard,Ivashka I.,Djere L.,46,52.0,1.25,4.0,1.34,3.52,1.39,4.5
2021-10-27,Vienna Open,1st Round,Hard,Sinner J.,Opelka R.,11,27.0,1.28,3.75,1.25,4.38,1.32,4.5
2021-10-27,Vienna Open,1st Round,Hard,Schwartzman D.,Fognini F.,16,36.0,1.33,3.4,1.34,3.53,1.38,3.53
2021-10-27,Vienna Open,1st Round,Hard,Monfils G.,Musetti L.,21,67.0,1.25,4.0,1.28,3.99,1.28,4.26
2021-10-27,Vienna Open,2nd Round,Hard,Alcaraz C.,Murray A.,42,156.0,2.3,1.61,2.51,1.6,2.51,1.71
2021-10-27,Vienna Open,2nd Round,Hard,Berrettini M.,Basilashvili N.,7,25.0,1.44,2.75,1.42,3.14,1.45,3.3
2021-10-27,Vienna Open,1st Round,Hard,Sonego L.,Koepfer D.,23,62.0,1.44,2.75,1.43,3.0,1.5,3.16
2021-10-27,St. Petersburg Open,2nd Round,Hard,Struff J.L.,Bublik A.,53,34.0,1.8,2.0,2.08,1.84,2.08,2.1
2021-10-27,St. Petersburg Open,1st Round,Hard,Cilic M.,Ramos-Vinolas A.,35,43.0,1.3,3.5,1.32,3.7,1.35,3.92
2021-10-27,St. Petersburg Open,1st Round,Hard,Khachanov K.,Mannarino A.,30,50.0,1.28,3.75,1.3,3.82,1.34,3.82
2021-10-27,St. Petersburg Open,2nd Round,Hard,Shapovalov D.,Andujar P.,13,92.0,1.08,8.0,1.13,7.24,1.13,8.05
2021-10-27,St. Petersburg Open,2nd Round,Hard,Rublev A.,Ivashka I.,6,46.0,1.33,3.4,1.42,3.11,1.42,3.4
2021-10-28,Vienna Open,2nd Round,Hard,Zverev A.,De Minaur A.,4,32.0,1.16,5.0,1.2,5.19,1.2,5.75
2021-10-28,Vienna Open,2nd Round,Hard,Auger-Aliassime F.,Norrie C.,12,14.0,2.2,1.66,2.05,1.86,2.21,1.86
2021-10-28,Vienna Open,2nd Round,Hard,Schwartzman D.,Monfils G.,16,21.0,1.8,2.0,1.81,2.12,1.83,2.15
2021-10-28,St. Petersburg Open,2nd Round,Hard,Van De Zandschulp B.,Korda S.,69,38.0,2.0,1.8,2.2,1.76,2.2,2.38
2021-10-28,Vienna Open,2nd Round,Hard,Sinner J.,Novak D.,11,116.0,1.08,8.0,1.1,8.93,1.12,8.93
2021-10-28,St. Petersburg Open,2nd Round,Hard,Millman J.,Karatsev A.,57,19.0,4.0,1.25,4.26,1.27,4.4,1.3
2021-10-28,St. Petersburg Open,2nd Round,Hard,Cilic M.,Khachanov K.,35,30.0,2.37,1.57,2.51,1.6,2.6,1.6
2021-10-28,St. Petersburg Open,2nd Round,Hard,Bautista Agut R.,Mcdonald M.,20,56.0,1.57,2.37,1.58,2.54,1.62,2.78
2021-10-28,Vienna Open,2nd Round,Hard,Tiafoe F.,Tsitsipas S.,49,3.0,4.0,1.25,4.51,1.25,4.8,1.29
2021-10-28,St. Petersburg Open,2nd Round,Hard,Fritz T.,Paul T.,28,54.0,1.53,2.5,1.54,2.66,1.57,2.84
2021-10-28,Vienna Open,2nd Round,Hard,Ruud C.,Sonego L.,8,23.0,1.36,3.2,1.36,3.44,1.43,3.44
2021-10-29,Vienna Open,Quarterfinals,Hard,Sinner J.,Ruud C.,11,8.0,1.4,3.0,1.38,3.31,1.45,3.35
2021-10-29,Vienna Open,Quarterfinals,Hard,Tiafoe F.,Schwartzman D.,49,16.0,2.2,1.66,2.2,1.75,2.35,1.75
2021-10-29,Vienna Open,Quarterfinals,Hard,Zverev A.,Auger-Aliassime F.,4,12.0,1.25,4.0,1.27,4.26,1.31,4.55
2021-10-29,Vienna Open,Quarterfinals,Hard,Alcaraz C.,Berrettini M.,42,7.0,2.75,1.44,2.84,1.49,3.02,1.52
2021-10-29,St. Petersburg Open,Quarterfinals,Hard,Cilic M.,Bautista Agut R.,35,20.0,2.0,1.8,2.02,1.88,2.18,2.0
2021-10-29,St. Petersburg Open,Quarterfinals,Hard,Van De Zandschulp B.,Rublev A.,69,6.0,4.0,1.25,4.34,1.26,4.45,1.28
2021-10-29,St. Petersburg Open,Quarterfinals,Hard,Struff J.L.,Shapovalov D.,53,13.0,2.62,1.5,2.85,1.48,2.85,2.0
2021-10-29,St. Petersburg Open,Quarterfinals,Hard,Fritz T.,Millman J.,28,57.0,1.36,3.2,1.39,3.28,1.4,3.45
2021-10-30,St. Petersburg Open,Semifinals,Hard,Cilic M.,Van De Zandschulp B.,35,69.0,1.9,1.9,1.95,1.95,1.97,1.97
2021-10-30,St. Petersburg Open,Semifinals,Hard,Fritz T.,Struff J.L.,28,53.0,1.44,2.75,1.5,2.8,1.5,3.1
2021-10-30,Vienna Open,Semifinals,Hard,Zverev A.,Alcaraz C.,4,42.0,1.28,3.75,1.27,4.21,1.39,4.21
2021-10-30,Vienna Open,Semifinals,Hard,Tiafoe F.,Sinner J.,49,11.0,4.0,1.25,4.18,1.27,4.33,1.3
2021-10-31,Vienna Open,The Final,Hard,Zverev A.,Tiafoe F.,4,49.0,1.2,4.5,1.21,5.12,1.24,5.5
2021-10-31,St. Petersburg Open,The Final,Hard,Cilic M.,Fritz T.,35,28.0,2.0,1.8,2.08,1.84,2.15,1.84
2021-11-01,BNP Paribas Masters,1st Round,Hard,Mannarino A.,Basilashvili N.,59,21.0,2.75,1.44,2.93,1.47,2.93,1.47
2021-11-01,BNP Paribas Masters,1st Round,Hard,Musetti L.,Djere L.,67,51.0,1.61,2.3,1.59,2.53,1.65,2.53
2021-11-01,BNP Paribas Masters,1st Round,Hard,Koepfer D.,Murray A.,58,144.0,4.0,1.25,3.96,1.29,4.5,1.3
2021-11-01,BNP Paribas Masters,1st Round,Hard,Gaston H.,Rinderknech A.,103,62.0,2.3,1.61,2.41,1.64,2.43,1.67
2021-11-01,BNP Paribas Masters,1st Round,Hard,Bublik A.,Evans D.,36,24.0,2.2,1.66,2.41,1.64,2.41,1.74
2021-11-01,BNP Paribas Masters,1st Round,Hard,Carreno Busta P.,Paire B.,17,47.0,1.25,4.0,1.31,3.84,1.33,4.0
2021-11-01,BNP Paribas Masters,1st Round,Hard,Korda S.,Karatsev A.,39,16.0,2.37,1.57,2.49,1.61,2.52,1.65
2021-11-01,BNP Paribas Masters,1st Round,Hard,Fucsovics M.,Fognini F.,40,37.0,1.57,2.37,1.64,2.41,1.66,2.45
2021-11-01,BNP Paribas Masters,1st Round,Hard,Lajovic D.,Mcdonald M.,34,54.0,2.75,1.44,2.78,1.51,3.02,1.55
2021-11-01,BNP Paribas Masters,1st Round,Hard,Ivashka I.,Ramos-Vinolas A.,46,44.0,1.25,4.0,1.29,3.99,1.31,4.36
2021-11-01,BNP Paribas Masters,1st Round,Hard,Norrie C.,Delbonis F.,13,43.0,1.08,8.0,1.08,9.8,1.09,10.22
2021-11-02,BNP Paribas Masters,2nd Round,Hard,Ruud C.,Bublik A.,8,36.0,1.3,3.5,1.25,4.47,1.33,4.75
2021-11-02,BNP Paribas Masters,2nd Round,Hard,Djokovic N.,Fucsovics M.,1,40.0,1.08,8.0,1.13,7.0,1.14,9.0
2021-11-02,BNP Paribas Masters,1st Round,Hard,Giron M.,Tiafoe F.,57,41.0,2.62,1.5,2.84,1.49,2.9,1.58
2021-11-02,BNP Paribas Masters,1st Round,Hard,Cilic M.,Davidovich Fokina A.,28,45.0,1.53,2.5,1.56,2.61,1.58,2.65
2021-11-02,BNP Paribas Masters,1st Round,Hard,Monfils G.,Kecmanovic M.,22,69.0,1.33,3.4,1.31,3.86,1.34,4.03
2021-11-02,BNP Paribas Masters,1st Round,Hard,Dimitrov G.,Gasquet R.,30,74.0,1.28,3.75,1.27,4.25,1.29,4.92
2021-11-02,BNP Paribas Masters,1st Round,Hard,Schwartzman D.,Millman J.,15,73.0,1.28,3.75,1.32,3.73,1.32,4.25
2021-11-02,BNP Paribas Masters,1st Round,Hard,Popyrin A.,De Minaur A.,71,32.0,,,2.64,1.54,2.8,1.54
2021-11-02,BNP Paribas Masters,1st Round,Hard,Khachanov K.,Ymer M.,31,97.0,1.28,3.75,1.41,3.17,1.41,3.84
2021-11-02,BNP Paribas Masters,1st Round,Hard,Alcaraz C.,Herbert P.H.,35,99.0,1.25,4.0,1.28,4.13,1.3,4.5
2021-11-02,BNP Paribas Masters,1st Round,Hard,Opelka R.,Krajinovic F.,25,42.0,1.9,1.9,2.04,1.87,2.04,2.07
2021-11-02,BNP Paribas Masters,1st Round,Hard,Duckworth J.,Bautista Agut R.,55,20.0,3.5,1.3,3.72,1.32,3.84,1.36
2021-11-02,BNP Paribas Masters,1st Round,Hard,Paul T.,Struff J.L.,53,50.0,1.72,2.1,1.67,2.35,1.76,2.45
2021-11-02,BNP Paribas Masters,1st Round,Hard,Auger-Aliassime F.,Mager G.,11,66.0,1.14,5.5,1.16,6.18,1.18,6.25
2021-11-02,BNP Paribas Masters,1st Round,Hard,Fritz T.,Sonego L.,26,27.0,1.61,2.3,1.76,2.19,1.76,2.31
2021-11-03,BNP Paribas Masters,2nd Round,Hard,Popyrin A.,Tsitsipas S.,71,3.0,,,6.12,1.16,6.25,1.2
2021-11-03,BNP Paribas Masters,2nd Round,Hard,Medvedev D.,Ivashka I.,2,46.0,1.12,6.0,1.23,4.72,1.23,6.1
2021-11-03,BNP Paribas Masters,2nd Round,Hard,Korda S.,Cilic M.,39,28.0,,,2.05,1.86,2.08,1.94
2021-11-03,BNP Paribas Masters,2nd Round,Hard,Zverev A.,Lajovic D.,4,34.0,1.08,8.0,1.06,12.13,1.07,13.0
2021-11-03,BNP Paribas Masters,2nd Round,Hard,Giron M.,Schwartzman D.,57,15.0,,,3.32,1.38,3.35,1.4
2021-11-03,BNP Paribas Masters,2nd Round,Hard,Monfils G.,Mannarino A.,22,59.0,,,1.3,3.93,1.32,3.93
2021-11-03,BNP Paribas Masters,2nd Round,Hard,Alcaraz C.,Sinner J.,35,9.0,,,3.17,1.41,3.46,1.45
2021-11-03,BNP Paribas Masters,2nd Round,Hard,Koepfer D.,Auger-Aliassime F.,58,11.0,,,5.74,1.18,6.0,1.21
2021-11-03,BNP Paribas Masters,2nd Round,Hard,Dimitrov G.,Khachanov K.,30,31.0,,,1.83,2.1,1.91,2.25
2021-11-03,BNP Paribas Masters,2nd Round,Hard,Hurkacz H.,Paul T.,10,53.0,,,1.44,3.04,1.44,3.2
2021-11-03,BNP Paribas Masters,2nd Round,Hard,Fritz T.,Rublev A.,26,6.0,,,2.92,1.47,3.0,1.56
2021-11-03,BNP Paribas Masters,2nd Round,Hard,Gaston H.,Carreno Busta P.,103,17.0,4.0,1.25,4.83,1.22,4.9,1.23
2021-11-03,BNP Paribas Masters,2nd Round,Hard,Duckworth J.,Musetti L.,55,67.0,,,1.67,2.36,1.68,2.49
2021-11-03,BNP Paribas Masters,2nd Round,Hard,Norrie C.,Opelka R.,13,25.0,,,1.44,3.05,1.54,3.05
2021-11-04,BNP Paribas Masters,3rd Round,Hard,Gaston H.,Alcaraz C.,103,35.0,5.0,1.16,5.36,1.19,6.0,1.19
2021-11-04,BNP Paribas Masters,3rd Round,Hard,Hurkacz H.,Koepfer D.,10,58.0,1.22,4.33,1.26,4.36,1.26,5.25
2021-11-04,BNP Paribas Masters,3rd Round,Hard,Duckworth J.,Popyrin A.,55,71.0,2.37,1.57,2.52,1.6,2.52,1.65
2021-11-04,BNP Paribas Masters,3rd Round,Hard,Fritz T.,Norrie C.,26,13.0,2.5,1.53,2.48,1.61,2.58,1.64
2021-11-04,BNP Paribas Masters,3rd Round,Hard,Djokovic N.,Monfils G.,1,22.0,1.14,5.5,1.15,6.42,1.17,6.5
2021-11-04,BNP Paribas Masters,3rd Round,Hard,Zverev A.,Dimitrov G.,4,30.0,1.33,3.4,1.38,3.35,1.39,4.04
2021-11-04,BNP Paribas Masters,3rd Round,Hard,Ruud C.,Giron M.,8,57.0,1.33,3.4,1.33,3.64,1.35,3.64
2021-11-04,BNP Paribas Masters,3rd Round,Hard,Medvedev D.,Korda S.,2,39.0,1.16,5.0,1.21,5.12,1.22,5.25
2021-11-05,BNP Paribas Masters,Quarterfinals,Hard,Medvedev D.,Gaston H.,2,103.0,1.1,7.0,1.08,10.1,1.15,10.1
2021-11-05,BNP Paribas Masters,Quarterfinals,Hard,Zverev A.,Ruud C.,4,8.0,1.4,3.0,1.43,3.1,1.43,3.36
2021-11-05,BNP Paribas Masters,Quarterfinals,Hard,Hurkacz H.,Duckworth J.,10,55.0,1.36,3.2,1.35,3.5,1.39,3.6
2021-11-05,BNP Paribas Masters,Quarterfinals,Hard,Djokovic N.,Fritz T.,1,26.0,1.22,4.33,1.25,4.45,1.25,4.9
2021-11-06,BNP Paribas Masters,Semifinals,Hard,Djokovic N.,Hurkacz H.,1,10.0,1.16,5.0,1.18,5.7,1.2,6.3
2021-11-06,BNP Paribas Masters,Semifinals,Hard,Medvedev D.,Zverev A.,2,4.0,1.72,2.1,1.9,2.01,1.92,2.18
2021-11-07,BNP Paribas Masters,The Final,Hard,Djokovic N.,Medvedev D.,1,2.0,2.0,1.8,2.13,1.8,2.13,1.9
2021-11-07,Stockholm Open,1st Round,Hard,Paul T.,Borg L.,52,2146.0,1.0,29.0,1.01,23.11,1.03,29.0
2021-11-07,Stockholm Open,1st Round,Hard,Fucsovics M.,Mannarino A.,40,66.0,1.5,2.62,1.51,2.74,1.51,3.01
2021-11-07,Stockholm Open,1st Round,Hard,Davidovich Fokina A.,Mcdonald M.,49,55.0,1.9,1.9,1.96,1.93,1.99,2.15
2021-11-08,Stockholm Open,1st Round,Hard,Krajinovic F.,Istomin D.,42,248.0,1.16,5.0,1.18,5.52,1.2,5.75
2021-11-08,Stockholm Open,1st Round,Hard,Tiafoe F.,Ymer E.,41,167.0,1.22,4.33,1.24,4.46,1.26,5.97
2021-11-08,Stockholm Open,1st Round,Hard,Vavassori A.,Kotov P.,289,271.0,2.3,1.61,2.75,1.5,2.9,1.68
2021-11-08,Stockholm Open,1st Round,Hard,Kovalik J.,Gojowczyk P.,135,85.0,,,,,4.54,1.3
2021-11-09,Stockholm Open,1st Round,Hard,Van De Zandschulp B.,Serdarusic N.,61,241.0,1.16,5.0,1.15,6.31,1.21,6.75
2021-11-09,Stockholm Open,1st Round,Hard,Rinderknech A.,Bublik A.,60,36.0,1.66,2.2,1.81,2.1,1.83,2.2
2021-11-09,Stockholm Open,1st Round,Hard,Martinez P.,Ruusuvuori E.,62,79.0,3.0,1.4,3.09,1.42,3.25,1.42
2021-11-09,Stockholm Open,1st Round,Hard,Murray A.,Durasovic V.,143,354.0,1.08,8.0,1.09,8.84,1.1,9.0
2021-11-09,Stockholm Open,1st Round,Hard,Fritz T.,Gerasimov E.,23,113.0,1.16,5.0,1.18,5.22,1.24,5.9
2021-11-10,Stockholm Open,2nd Round,Hard,Auger-Aliassime F.,Krajinovic F.,11,42.0,1.5,2.62,1.51,2.75,1.55,2.79
2021-11-10,Stockholm Open,2nd Round,Hard,Paul T.,Fritz T.,52,23.0,3.0,1.4,2.77,1.51,3.02,1.52
2021-11-10,Stockholm Open,2nd Round,Hard,Van De Zandschulp B.,Fucsovics M.,61,40.0,2.5,1.53,2.21,1.75,2.53,1.75
2021-11-10,Stockholm Open,2nd Round,Hard,Murray A.,Sinner J.,143,10.0,3.2,1.36,3.56,1.34,3.75,1.38
2021-11-10,Stockholm Open,2nd Round,Hard,Shapovalov D.,Vavassori A.,18,289.0,1.11,6.5,1.13,7.18,1.15,7.73
2021-11-10,Stockholm Open,2nd Round,Hard,Tiafoe F.,Martinez P.,41,62.0,1.3,3.5,1.36,3.45,1.38,3.75
2021-11-10,Stockholm Open,2nd Round,Hard,Evans D.,Davidovich Fokina A.,26,49.0,1.9,1.9,1.76,2.18,1.95,2.19
2021-11-10,Stockholm Open,2nd Round,Hard,Rinderknech A.,Kovalik J.,60,135.0,1.16,5.0,1.19,5.53,1.19,6.0
2021-11-11,Stockholm Open,Quarterfinals,Hard,Tiafoe F.,Evans D.,41,26.0,1.66,2.2,1.7,2.29,1.7,2.31
2021-11-11,Stockholm Open,Quarterfinals,Hard,Auger-Aliassime F.,Van De Zandschulp B.,11,61.0,1.44,2.75,1.45,2.97,1.5,3.1
2021-11-11,Stockholm Open,Quarterfinals,Hard,Paul T.,Murray A.,52,143.0,2.5,1.53,2.46,1.62,2.64,1.62
2021-11-11,Stockholm Open,Quarterfinals,Hard,Shapovalov D.,Rinderknech A.,18,60.0,1.4,3.0,1.39,3.3,1.43,3.44
2021-11-12,Stockholm Open,Semifinals,Hard,Paul T.,Tiafoe F.,52,41.0,2.2,1.66,2.44,1.63,2.44,1.71
2021-11-12,Stockholm Open,Semifinals,Hard,Shapovalov D.,Auger-Aliassime F.,18,11.0,2.3,1.61,2.34,1.68,2.51,1.71
2021-11-13,Stockholm Open,The Final,Hard,Paul T.,Shapovalov D.,52,18.0,2.3,1.61,2.4,1.65,2.5,1.71
2021-11-14,Masters Cup,Round Robin,Hard,Berrettini M.,Zverev A.,7,3.0,3.2,1.36,3.18,1.41,3.5,1.42
2021-11-14,Masters Cup,Round Robin,Hard,Medvedev D.,Hurkacz H.,2,9.0,1.2,4.5,1.25,4.44,1.26,5.45
2021-11-15,Masters Cup,Round Robin,Hard,Djokovic N.,Ruud C.,1,8.0,1.11,6.5,1.13,7.08,1.15,7.5
2021-11-15,Masters Cup,Round Robin,Hard,Rublev A.,Tsitsipas S.,5,4.0,2.1,1.72,2.16,1.78,2.23,1.8
2021-11-16,Masters Cup,Round Robin,Hard,Medvedev D.,Zverev A.,2,3.0,1.53,2.5,1.6,2.51,1.6,2.78
2021-11-16,Masters Cup,Round Robin,Hard,Sinner J.,Hurkacz H.,11,9.0,1.8,2.0,1.74,2.2,1.85,2.2
2021-11-17,Masters Cup,Round Robin,Hard,Djokovic N.,Rublev A.,1,5.0,1.22,4.33,1.22,4.95,1.24,5.1
2021-11-17,Masters Cup,Round Robin,Hard,Ruud C.,Norrie C.,8,12.0,1.57,2.37,1.67,2.36,1.68,2.59
2021-11-18,Masters Cup,Round Robin,Hard,Zverev A.,Hurkacz H.,3,9.0,1.22,4.0,1.25,4.4,1.25,4.85
2021-11-18,Masters Cup,Round Robin,Hard,Medvedev D.,Sinner J.,2,11.0,1.4,2.75,1.45,2.97,1.47,3.25
2021-11-19,Masters Cup,Round Robin,Hard,Ruud C.,Rublev A.,8,5.0,2.5,1.5,2.43,1.63,2.65,1.63
2021-11-19,Masters Cup,Round Robin,Hard,Djokovic N.,Norrie C.,1,12.0,1.14,5.5,1.12,7.71,1.16,7.71
2021-11-20,Masters Cup,Semifinals,Hard,Zverev A.,Djokovic N.,3,1.0,3.0,1.4,3.09,1.43,3.32,1.45
2021-11-20,Masters Cup,Semifinals,Hard,Medvedev D.,Ruud C.,2,8.0,1.14,5.5,1.14,6.74,1.18,7.4
2021-11-21,Masters Cup,The Final,Hard,Zverev A.,Medvedev D.,3,2.0,2.5,1.53,2.44,1.62,2.65,1.63
