date,tournament,round,surface,winner,loser,wrank,lrank,odds_winner,odds_loser,pin_winner,pin_loser,max_winner,max_loser
2017-01-01,Brisbane International,1st Round,Hard,Thompson J.,Ymer E.,79,160.0,1.28,3.5,1.31,3.73,1.33,3.9
2017-01-02,Qatar Exxon Mobil Open,1st Round,Hard,Almagro N.,Lorenzi P.,44,40.0,1.66,2.1,1.67,2.33,1.8,2.33
2017-01-02,Qatar Exxon Mobil Open,1st Round,Hard,Djokovic N.,Struff J.L.,2,63.0,1.03,15.0,1.04,14.14,1.05,17.0
2017-01-02,Qatar Exxon Mobil Open,1st Round,Hard,Zeballos H.,Mayer F.,71,50.0,2.37,1.53,2.62,1.54,2.62,1.62
2017-01-02,Qatar Exxon Mobil Open,1st Round,Hard,Goffin D.,Haase R.,11,59.0,1.16,5.0,1.16,6.02,1.17,6.02
2017-01-02,Qatar Exxon Mobil Open,1st Round,Hard,Stepanek R.,Baghdatis M.,107,36.0,2.2,1.61,2.28,1.69,2.35,1.73
2017-01-02,Qatar Exxon Mobil Open,1st Round,Hard,De Greef A.,Safwat M.,134,199.0,2.25,1.57,2.46,1.61,2.49,1.62
2017-01-02,Qatar Exxon Mobil Open,1st Round,Hard,Verdasco F.,Pospisil V.,42,133.0,1.8,1.9,1.89,2.0,1.89,2.05
2017-01-02,Chennai Open,1st Round,Hard,Chung H.,Coric B.,104,48.0,1.66,2.1,1.79,2.12,1.83,2.14
2017-01-02,Chennai Open,1st Round,Hard,Kovalik J.,Elias G.,117,81.0,1.44,2.62,1.57,2.55,1.57,2.75
2017-01-02,Chennai Open,1st Round,Hard,Medvedev D.,Monteiro T.,99,82.0,1.18,4.5,1.25,4.36,1.25,4.7
2017-01-02,Chennai Open,1st Round,Hard,Sela D.,Dzumhur D.,96,77.0,2.0,1.72,2.1,1.81,2.1,1.83
2017-01-02,Chennai Open,1st Round,Hard,Darcis S.,Mektic N.,86,331.0,1.22,4.0,1.26,4.25,1.26,4.33
2017-01-02,Qatar Exxon Mobil Open,1st Round,Hard,Vesely J.,Yuksel A.,55,507.0,1.05,10.0,1.06,11.37,1.1,11.37
2017-01-02,Qatar Exxon Mobil Open,1st Round,Hard,Brown D.,Bagnis F.,72,56.0,1.36,3.0,1.41,3.14,1.41,3.4
2017-01-02,Brisbane International,1st Round,Hard,Mahut N.,Robert S.,39,54.0,1.5,2.5,1.58,2.52,1.59,2.55
2017-01-02,Brisbane International,1st Round,Hard,Ferrer D.,Tomic B.,21,26.0,1.9,1.8,2.1,1.81,2.15,1.82
2017-01-02,Brisbane International,1st Round,Hard,Edmund K.,Escobedo E.,45,141.0,1.36,3.0,1.42,3.09,1.42,3.25
2017-01-02,Brisbane International,1st Round,Hard,Dimitrov G.,Johnson S.,17,33.0,1.4,2.75,1.41,3.13,1.46,3.13
2017-01-02,Sony Ericsson Open,The Final,Hard,Federer R.,Nadal R.,6,7.0,1.66,2.2,1.73,2.26,1.76,2.26
2017-01-03,Brisbane International,1st Round,Hard,Troicki V.,Nishioka Y.,29,100.0,1.5,2.5,1.54,2.62,1.54,2.85
2017-01-03,Brisbane International,1st Round,Hard,Donaldson J.,Muller G.,105,34.0,2.62,1.44,2.74,1.51,2.75,1.51
2017-01-03,Brisbane International,1st Round,Hard,Groth S.,Herbert P.H.,180,78.0,2.25,1.57,2.34,1.66,2.4,1.66
2017-01-03,Brisbane International,1st Round,Hard,Pouille L.,Simon G.,15,25.0,1.8,1.9,1.93,1.95,1.93,2.0
2017-01-03,Chennai Open,1st Round,Hard,Youzhny M.,Myneni S.,57,192.0,1.44,2.62,1.41,3.14,1.45,3.2
2017-01-03,Chennai Open,1st Round,Hard,Dutra Silva R.,Lajovic D.,440,93.0,3.0,1.36,3.1,1.41,3.1,1.42
2017-01-03,Chennai Open,1st Round,Hard,Bhambri Y.,Ramanathan R.,474,227.0,1.4,2.75,1.43,3.02,1.5,3.02
2017-01-03,Chennai Open,1st Round,Hard,Paire B.,Kravchuk K.,47,85.0,1.5,2.5,1.53,2.67,1.54,2.67
2017-01-03,Chennai Open,1st Round,Hard,Lu Y.H.,Albot R.,64,97.0,1.25,3.75,1.29,3.9,1.31,4.0
2017-01-03,Chennai Open,1st Round,Hard,Bedene A.,Garcia-Lopez G.,101,70.0,1.66,2.1,1.74,2.2,1.74,2.25
2017-01-03,Chennai Open,1st Round,Hard,Olivo R.,Ruud C.,83,225.0,1.8,1.9,1.94,1.94,1.94,2.0
2017-01-03,Qatar Exxon Mobil Open,1st Round,Hard,Tsonga J.W.,Kuznetsov An.,12,46.0,1.28,3.5,1.29,3.9,1.33,3.9
2017-01-03,Brisbane International,1st Round,Hard,Schwartzman D.,Querrey S.,52,31.0,2.2,1.61,2.2,1.74,2.3,1.74
2017-01-03,Brisbane International,1st Round,Hard,Zverev M.,De Minaur A.,51,351.0,1.44,2.62,1.49,2.8,1.5,2.8
2017-01-03,Brisbane International,1st Round,Hard,Nadal R.,Dolgopolov O.,9,62.0,1.16,5.0,1.15,6.34,1.2,6.34
2017-01-03,Qatar Exxon Mobil Open,1st Round,Hard,Khachanov K.,Zayid M.S.,53,1277.0,1.005,34.0,1.01,25.62,1.01,34.0
2017-01-03,Qatar Exxon Mobil Open,1st Round,Hard,Kohlschreiber P.,Jaziri M.,32,58.0,1.36,3.0,1.45,2.94,1.45,3.1
2017-01-03,Qatar Exxon Mobil Open,1st Round,Hard,Melzer G.,Mathieu P.H.,68,73.0,2.2,1.61,2.2,1.74,2.25,1.78
2017-01-03,Qatar Exxon Mobil Open,1st Round,Hard,Karlovic I.,Marchenko I.,20,74.0,1.4,2.75,1.44,3.0,1.45,3.05
2017-01-03,Qatar Exxon Mobil Open,1st Round,Hard,Murray A.,Chardy J.,1,69.0,1.04,13.0,1.03,16.29,1.05,16.29
2017-01-03,Qatar Exxon Mobil Open,1st Round,Hard,Berdych T.,Giannessi A.,10,128.0,1.08,8.0,1.08,9.69,1.1,9.69
2017-01-04,Qatar Exxon Mobil Open,2nd Round,Hard,Karlovic I.,Khachanov K.,20,53.0,1.57,2.25,1.65,2.38,1.69,2.38
2017-01-04,Qatar Exxon Mobil Open,2nd Round,Hard,Almagro N.,Kohlschreiber P.,44,32.0,2.5,1.5,2.54,1.58,2.54,1.61
2017-01-04,Qatar Exxon Mobil Open,2nd Round,Hard,Verdasco F.,Goffin D.,42,11.0,3.25,1.33,3.56,1.34,3.6,1.38
2017-01-04,Qatar Exxon Mobil Open,2nd Round,Hard,Stepanek R.,De Greef A.,107,134.0,1.22,4.0,1.26,4.34,1.26,4.34
2017-01-04,Qatar Exxon Mobil Open,2nd Round,Hard,Berdych T.,Vesely J.,10,55.0,1.28,3.5,1.34,3.56,1.36,3.9
2017-01-04,Qatar Exxon Mobil Open,2nd Round,Hard,Murray A.,Melzer G.,1,68.0,1.005,26.0,1.02,22.73,1.02,28.5
2017-01-04,Qatar Exxon Mobil Open,2nd Round,Hard,Djokovic N.,Zeballos H.,2,71.0,1.02,19.0,1.02,22.73,1.02,26.0
2017-01-04,Qatar Exxon Mobil Open,2nd Round,Hard,Tsonga J.W.,Brown D.,12,72.0,1.18,4.5,1.17,5.8,1.2,5.8
2017-01-04,Chennai Open,2nd Round,Hard,Kovalik J.,Cilic M.,117,6.0,7.0,1.1,8.67,1.1,8.67,1.11
2017-01-04,Brisbane International,2nd Round,Hard,Wawrinka S.,Troicki V.,4,29.0,1.3,3.4,1.34,3.6,1.35,3.6
2017-01-04,Brisbane International,2nd Round,Hard,Edmund K.,Pouille L.,45,15.0,2.62,1.44,2.6,1.56,2.75,1.57
2017-01-04,Brisbane International,2nd Round,Hard,Thompson J.,Ferrer D.,79,21.0,4.5,1.18,4.93,1.22,5.0,1.23
2017-01-04,Brisbane International,2nd Round,Hard,Nishikori K.,Donaldson J.,5,105.0,1.1,7.0,1.12,7.58,1.14,7.58
2017-01-04,Chennai Open,2nd Round,Hard,Medvedev D.,Lu Y.H.,99,64.0,2.5,1.5,2.44,1.63,2.5,1.63
2017-01-04,Chennai Open,2nd Round,Hard,Ramos-Vinolas A.,Darcis S.,27,86.0,1.72,2.0,1.91,2.0,1.91,2.04
2017-01-04,Chennai Open,2nd Round,Hard,Sela D.,Chung H.,96,104.0,2.62,1.44,2.95,1.46,2.95,1.5
2017-01-05,Brisbane International,2nd Round,Hard,Thiem D.,Groth S.,8,180.0,1.16,4.5,1.22,4.97,1.25,4.97
2017-01-05,Brisbane International,2nd Round,Hard,Dimitrov G.,Mahut N.,17,39.0,1.18,4.5,1.21,5.0,1.25,5.0
2017-01-05,Qatar Exxon Mobil Open,Quarterfinals,Hard,Verdasco F.,Karlovic I.,42,20.0,1.72,2.0,1.82,2.13,1.91,2.16
2017-01-05,Brisbane International,2nd Round,Hard,Raonic M.,Schwartzman D.,3,52.0,1.14,5.5,1.15,6.44,1.17,6.44
2017-01-05,Chennai Open,2nd Round,Hard,Youzhny M.,Olivo R.,57,83.0,1.28,3.5,1.35,3.51,1.36,3.51
2017-01-05,Chennai Open,2nd Round,Hard,Bautista Agut R.,Dutra Silva R.,14,440.0,1.11,6.5,1.13,7.04,1.14,7.04
2017-01-05,Chennai Open,2nd Round,Hard,Paire B.,Bhambri Y.,47,474.0,1.44,2.62,1.53,2.68,1.53,2.75
2017-01-05,Chennai Open,2nd Round,Hard,Bedene A.,Klizan M.,101,35.0,1.57,2.25,1.59,2.52,1.62,2.52
2017-01-05,Qatar Exxon Mobil Open,Quarterfinals,Hard,Djokovic N.,Stepanek R.,2,107.0,1.02,17.0,1.03,19.28,1.03,24.75
2017-01-05,Qatar Exxon Mobil Open,Quarterfinals,Hard,Murray A.,Almagro N.,1,44.0,1.05,11.0,1.05,14.88,1.07,14.88
2017-01-05,Qatar Exxon Mobil Open,Quarterfinals,Hard,Berdych T.,Tsonga J.W.,10,12.0,2.2,1.61,2.25,1.74,2.4,1.74
2017-01-05,Brisbane International,2nd Round,Hard,Nadal R.,Zverev M.,9,51.0,1.12,6.0,1.14,6.76,1.14,6.8
2017-01-06,Qatar Exxon Mobil Open,Semifinals,Hard,Djokovic N.,Verdasco F.,2,42.0,1.08,8.0,1.11,8.57,1.11,9.65
2017-01-06,Chennai Open,Quarterfinals,Hard,Sela D.,Ramos-Vinolas A.,96,27.0,2.62,1.44,2.65,1.56,2.85,1.56
2017-01-06,Chennai Open,Quarterfinals,Hard,Paire B.,Bedene A.,47,101.0,1.57,2.25,1.73,2.26,1.74,2.33
2017-01-06,Qatar Exxon Mobil Open,Semifinals,Hard,Murray A.,Berdych T.,1,10.0,1.14,5.5,1.17,6.12,1.17,6.24
2017-01-06,Brisbane International,Quarterfinals,Hard,Nishikori K.,Thompson J.,5,79.0,1.16,5.0,1.15,6.73,1.2,6.73
2017-01-06,Brisbane International,Quarterfinals,Hard,Dimitrov G.,Thiem D.,17,8.0,1.66,2.1,1.68,2.36,1.78,2.36
2017-01-06,Brisbane International,Quarterfinals,Hard,Raonic M.,Nadal R.,3,9.0,2.37,1.53,2.31,1.7,2.6,1.7
2017-01-06,Brisbane International,Quarterfinals,Hard,Wawrinka S.,Edmund K.,4,45.0,1.28,3.5,1.33,3.77,1.33,3.8
2017-01-06,Chennai Open,Quarterfinals,Hard,Bautista Agut R.,Youzhny M.,14,57.0,1.22,4.0,1.26,4.4,1.3,4.4
2017-01-06,Chennai Open,Quarterfinals,Hard,Medvedev D.,Kovalik J.,99,117.0,1.36,3.0,1.44,3.06,1.5,3.06
2017-01-07,Qatar Exxon Mobil Open,The Final,Hard,Djokovic N.,Murray A.,2,1.0,2.3,1.61,2.28,1.72,2.35,1.75
2017-01-07,Chennai Open,Semifinals,Hard,Bautista Agut R.,Paire B.,14,47.0,1.44,2.75,1.46,2.99,1.52,2.99
2017-01-07,Chennai Open,Semifinals,Hard,Medvedev D.,Sela D.,99,96.0,1.61,2.3,1.68,2.35,1.72,2.35
2017-01-07,Brisbane International,Semifinals,Hard,Dimitrov G.,Raonic M.,17,3.0,2.75,1.44,2.99,1.46,3.0,1.5
2017-01-07,Brisbane International,Semifinals,Hard,Nishikori K.,Wawrinka S.,5,4.0,1.61,2.25,1.61,2.52,1.75,2.6
2017-01-08,Brisbane International,The Final,Hard,Dimitrov G.,Nishikori K.,17,5.0,2.75,1.44,2.74,1.53,2.85,1.55
2017-01-08,ASB Classic,1st Round,Hard,Johnson S.,Robert S.,33,53.0,1.33,3.25,1.34,3.5,1.36,3.6
2017-01-08,Apia International,1st Round,Hard,Mahut N.,Bellucci T.,38,62.0,1.61,2.2,1.68,2.31,1.71,2.31
2017-01-08,Chennai Open,The Final,Hard,Bautista Agut R.,Medvedev D.,14,99.0,1.28,3.75,1.3,4.0,1.35,4.0
2017-01-09,Apia International,1st Round,Hard,Lorenzi P.,Mayer F.,41,49.0,2.1,1.66,2.09,1.81,2.15,1.85
2017-01-09,Apia International,1st Round,Hard,Barton M.,Edmund K.,198,45.0,3.5,1.28,3.75,1.31,4.0,1.34
2017-01-09,Apia International,1st Round,Hard,Evans D.,Monteiro T.,67,83.0,1.36,3.0,1.5,2.77,1.5,3.0
2017-01-09,Apia International,1st Round,Hard,Elias G.,O'Connell C.,81,238.0,1.57,2.25,1.76,2.17,1.76,2.4
2017-01-09,ASB Classic,1st Round,Hard,Sousa J.,Ramos-Vinolas A.,44,26.0,2.1,1.66,2.23,1.72,2.25,1.74
2017-01-09,ASB Classic,1st Round,Hard,Lopez F.,Venus M.,28,1035.0,1.05,11.0,1.05,13.04,1.07,13.37
2017-01-09,ASB Classic,1st Round,Hard,Klein B.,Bagnis F.,324,55.0,2.0,1.72,2.06,1.84,2.1,1.85
2017-01-09,ASB Classic,1st Round,Hard,Brown D.,Mmoh M.,70,195.0,1.9,1.8,2.07,1.83,2.07,2.0
2017-01-09,ASB Classic,1st Round,Hard,Jaziri M.,Schwartzman D.,56,52.0,2.62,1.44,2.63,1.54,2.66,1.54
2017-01-09,ASB Classic,1st Round,Hard,Vesely J.,Zeballos H.,54,69.0,1.44,2.62,1.43,3.05,1.47,3.05
2017-01-09,ASB Classic,1st Round,Hard,Haase R.,Tearney F.,58,447.0,1.12,6.0,1.17,5.75,1.17,6.0
2017-01-09,Apia International,1st Round,Hard,Kohlschreiber P.,Fognini F.,32,47.0,1.53,2.37,1.61,2.46,1.65,2.46
2017-01-09,ASB Classic,1st Round,Hard,Harrison R.,Garcia-Lopez G.,89,74.0,1.4,2.75,1.43,3.01,1.48,3.01
2017-01-10,Apia International,1st Round,Hard,Granollers M.,Giraldo S.,37,90.0,1.57,2.25,1.68,2.31,1.68,2.38
2017-01-10,Apia International,1st Round,Hard,Kuznetsov An.,Klizan M.,48,35.0,1.4,2.75,1.44,2.98,1.48,2.98
2017-01-10,Apia International,1st Round,Hard,Zverev M.,Almagro N.,50,43.0,1.72,2.0,1.84,2.06,1.91,2.06
2017-01-10,Apia International,1st Round,Hard,Muller G.,Dolgopolov O.,34,63.0,1.53,2.37,1.54,2.62,1.65,2.63
2017-01-10,Apia International,1st Round,Hard,Thompson J.,Basilashvili N.,75,94.0,,,1.53,2.67,1.62,2.7
2017-01-10,ASB Classic,1st Round,Hard,Baghdatis M.,Mannarino A.,36,60.0,2.25,1.57,2.26,1.7,2.38,1.7
2017-01-10,ASB Classic,2nd Round,Hard,Haase R.,Ferrer D.,58,21.0,4.33,1.2,4.65,1.24,4.65,1.28
2017-01-10,ASB Classic,1st Round,Hard,Chardy J.,Sitak A.,71,,1.05,11.0,1.09,8.95,1.09,11.0
2017-01-10,ASB Classic,1st Round,Hard,Lu Y.H.,Khachanov K.,61,51.0,2.0,1.72,2.15,1.78,2.2,1.86
2017-01-10,Apia International,1st Round,Hard,De Minaur A.,Paire B.,333,46.0,2.37,1.53,2.6,1.55,2.6,1.63
2017-01-11,Apia International,2nd Round,Hard,Muller G.,Barton M.,34,198.0,1.28,3.5,1.33,3.64,1.33,3.7
2017-01-11,Apia International,2nd Round,Hard,Carreno Busta P.,Zverev M.,30,50.0,1.8,1.9,2.07,1.85,2.1,1.91
2017-01-11,Apia International,2nd Round,Hard,Kohlschreiber P.,Thompson J.,32,75.0,1.44,2.62,1.6,2.52,1.6,2.62
2017-01-11,Apia International,2nd Round,Hard,Evans D.,Granollers M.,67,37.0,2.0,1.72,1.98,1.93,2.1,1.93
2017-01-11,Apia International,2nd Round,Hard,Troicki V.,Lorenzi P.,29,41.0,1.33,3.25,1.34,3.61,1.38,3.61
2017-01-11,Apia International,2nd Round,Hard,Kuznetsov An.,De Minaur A.,48,333.0,1.3,3.4,1.34,3.56,1.38,3.56
2017-01-11,Apia International,2nd Round,Hard,Thiem D.,Elias G.,8,81.0,1.12,6.0,1.16,6.27,1.17,6.27
2017-01-11,Apia International,2nd Round,Hard,Cuevas P.,Mahut N.,22,38.0,2.1,1.66,2.39,1.65,2.39,1.7
2017-01-11,ASB Classic,2nd Round,Hard,Vesely J.,Statham J.,54,434.0,1.04,11.0,1.07,10.71,1.07,11.0
2017-01-11,ASB Classic,Quarterfinals,Hard,Sousa J.,Haase R.,44,58.0,1.53,2.37,1.7,2.31,1.73,2.37
2017-01-11,ASB Classic,2nd Round,Hard,Sock J.,Harrison R.,23,89.0,1.4,2.75,1.45,2.97,1.45,3.38
2017-01-11,ASB Classic,2nd Round,Hard,Chardy J.,Lopez F.,71,28.0,2.2,1.61,2.12,1.81,2.3,1.81
2017-01-11,ASB Classic,2nd Round,Hard,Baghdatis M.,Brown D.,36,70.0,1.4,2.75,1.52,2.73,1.54,2.8
2017-01-11,ASB Classic,2nd Round,Hard,Isner J.,Jaziri M.,19,56.0,1.16,4.5,1.22,4.85,1.25,4.85
2017-01-11,ASB Classic,2nd Round,Hard,Johnson S.,Lu Y.H.,33,61.0,1.72,2.0,1.81,2.11,1.81,2.13
2017-01-11,ASB Classic,2nd Round,Hard,Sousa J.,Klein B.,44,324.0,1.28,3.5,1.27,4.18,1.3,4.18
2017-01-12,ASB Classic,Quarterfinals,Hard,Sock J.,Chardy J.,23,71.0,1.33,3.25,1.45,3.04,1.46,3.25
2017-01-12,ASB Classic,Quarterfinals,Hard,Baghdatis M.,Vesely J.,36,54.0,1.66,2.1,1.8,2.15,1.8,2.2
2017-01-12,ASB Classic,Quarterfinals,Hard,Johnson S.,Isner J.,33,19.0,2.25,1.57,2.47,1.63,2.5,1.65
2017-01-12,Apia International,Quarterfinals,Hard,Muller G.,Cuevas P.,34,22.0,1.57,2.25,1.65,2.42,1.7,2.42
2017-01-12,Apia International,Quarterfinals,Hard,Troicki V.,Kohlschreiber P.,29,32.0,1.72,2.0,1.79,2.17,1.8,2.2
2017-01-12,Apia International,Quarterfinals,Hard,Kuznetsov An.,Carreno Busta P.,48,30.0,2.0,1.72,2.13,1.82,2.15,1.83
2017-01-12,Apia International,Quarterfinals,Hard,Evans D.,Thiem D.,67,8.0,3.75,1.25,3.8,1.32,4.33,1.32
2017-01-13,ASB Classic,Semifinals,Hard,Sock J.,Johnson S.,23,33.0,1.57,2.37,1.6,2.55,1.61,2.6
2017-01-13,Apia International,Semifinals,Hard,Muller G.,Troicki V.,34,29.0,2.3,1.61,2.27,1.72,2.39,1.72
2017-01-13,Apia International,Semifinals,Hard,Evans D.,Kuznetsov An.,67,48.0,2.5,1.53,2.48,1.62,2.55,1.62
2017-01-13,ASB Classic,Semifinals,Hard,Sousa J.,Baghdatis M.,44,36.0,2.1,1.72,2.2,1.77,2.2,1.8
2017-01-14,ASB Classic,The Final,Hard,Sock J.,Sousa J.,23,44.0,1.4,3.0,1.43,3.13,1.44,3.13
2017-01-14,Apia International,The Final,Hard,Muller G.,Evans D.,34,67.0,1.5,2.62,1.52,2.76,1.57,2.8
2017-01-16,Australian Open,1st Round,Hard,Lorenzi P.,Duckworth J.,43,107.0,2.2,1.66,2.44,1.63,2.44,1.85
2017-01-16,Australian Open,1st Round,Hard,Seppi A.,Mathieu P.H.,89,75.0,1.36,3.25,1.38,3.35,1.39,3.35
2017-01-16,Australian Open,1st Round,Hard,Rubin N.,Fratangelo B.,200,113.0,2.37,1.57,2.35,1.67,2.55,1.67
2017-01-16,Australian Open,1st Round,Hard,Bublik A.,Pouille L.,207,16.0,4.0,1.25,4.01,1.29,4.5,1.29
2017-01-16,Australian Open,1st Round,Hard,Sela D.,Granollers M.,67,38.0,2.0,1.8,2.06,1.85,2.06,1.89
2017-01-16,Australian Open,1st Round,Hard,Evans D.,Bagnis F.,51,65.0,1.3,3.5,1.32,3.73,1.33,4.0
2017-01-16,Australian Open,1st Round,Hard,Sock J.,Herbert P.H.,20,73.0,1.18,4.5,1.23,4.69,1.24,5.0
2017-01-16,Australian Open,1st Round,Hard,Johnson S.,Delbonis F.,30,44.0,1.28,3.75,1.29,3.97,1.3,4.0
2017-01-16,Australian Open,1st Round,Hard,Kyrgios N.,Elias G.,13,77.0,1.06,9.0,1.08,9.87,1.11,9.9
2017-01-16,Australian Open,1st Round,Hard,Wawrinka S.,Klizan M.,4,34.0,1.05,11.0,1.07,11.52,1.07,12.0
2017-01-16,Australian Open,1st Round,Hard,Darcis S.,Groth S.,71,162.0,1.57,2.37,1.59,2.52,1.65,2.52
2017-01-16,Australian Open,1st Round,Hard,Federer R.,Melzer J.,17,300.0,1.04,13.0,1.05,13.44,1.07,14.27
2017-01-16,Australian Open,1st Round,Hard,Khachanov K.,Mannarino A.,52,61.0,1.66,2.2,1.76,2.19,1.77,2.25
2017-01-16,Australian Open,1st Round,Hard,Tsonga J.W.,Monteiro T.,12,83.0,1.02,17.0,1.04,15.91,1.05,17.0
2017-01-16,Australian Open,1st Round,Hard,Lacko L.,Ramos-Vinolas A.,121,26.0,2.2,1.66,2.2,1.75,2.38,1.75
2017-01-16,Australian Open,1st Round,Hard,Isner J.,Kravchuk K.,19,88.0,1.11,6.5,1.1,8.67,1.12,8.67
2017-01-16,Australian Open,1st Round,Hard,Lajovic D.,Robert S.,94,55.0,2.0,1.8,1.92,1.99,2.16,1.99
2017-01-16,Australian Open,1st Round,Hard,Schwartzman D.,Cuevas P.,54,22.0,1.9,1.9,1.97,1.93,2.15,1.93
2017-01-16,Australian Open,1st Round,Hard,Chardy J.,Almagro N.,72,42.0,1.8,2.0,1.86,2.05,1.86,2.06
2017-01-16,Australian Open,1st Round,Hard,Troicki V.,Dzumhur D.,35,78.0,1.22,4.33,1.22,4.93,1.25,4.93
2017-01-16,Australian Open,1st Round,Hard,Estrella Burgos V.,Bedene A.,103,109.0,5.0,1.16,5.83,1.17,5.83,1.2
2017-01-16,Australian Open,1st Round,Hard,Harrison R.,Mahut N.,82,41.0,1.66,2.2,1.72,2.25,1.77,2.25
2017-01-16,Australian Open,1st Round,Hard,Zverev M.,Garcia-Lopez G.,50,74.0,1.28,3.75,1.31,3.81,1.31,3.81
2017-01-16,Australian Open,1st Round,Hard,Querrey S.,Halys Q.,32,155.0,1.36,3.25,1.43,3.08,1.43,3.25
2017-01-16,Australian Open,1st Round,Hard,Nishikori K.,Kuznetsov An.,5,45.0,1.08,8.0,1.11,8.36,1.12,8.5
2017-01-16,Australian Open,1st Round,Hard,Tomic B.,Bellucci T.,27,62.0,1.4,3.0,1.4,3.23,1.44,3.23
2017-01-16,Australian Open,1st Round,Hard,Rublev A.,Lu Y.H.,152,60.0,3.0,1.4,3.14,1.42,3.2,1.42
2017-01-16,Australian Open,1st Round,Hard,De Minaur A.,Melzer G.,301,87.0,2.5,1.53,2.5,1.6,2.62,1.6
2017-01-16,Australian Open,1st Round,Hard,Cilic M.,Janowicz J.,7,273.0,1.1,7.0,1.12,7.65,1.12,7.65
2017-01-16,Australian Open,1st Round,Hard,Jaziri M.,Soeda G.,56,139.0,1.61,2.3,1.58,2.56,1.67,2.56
2017-01-16,Australian Open,1st Round,Hard,Murray A.,Marchenko I.,1,95.0,1.005,29.0,1.01,29.16,1.02,60.08
2017-01-16,Australian Open,1st Round,Hard,Berdych T.,Vanni L.,10,157.0,1.04,13.0,1.05,13.96,1.08,14.65
2017-01-17,Australian Open,1st Round,Hard,Escobedo E.,Medvedev D.,131,63.0,2.75,1.44,2.75,1.51,2.9,1.51
2017-01-17,Australian Open,1st Round,Hard,Gasquet R.,Mott B.,18,287.0,1.02,17.0,1.03,18.6,1.04,18.6
2017-01-17,Australian Open,1st Round,Hard,Dolgopolov O.,Coric B.,69,59.0,1.9,1.9,1.94,1.96,1.94,2.02
2017-01-17,Australian Open,1st Round,Hard,Stepanek R.,Tursunov D.,102,405.0,1.12,6.0,1.13,7.15,1.2,7.15
2017-01-17,Australian Open,1st Round,Hard,Karlovic I.,Zeballos H.,21,68.0,1.28,3.75,1.3,3.89,1.33,3.89
2017-01-17,Australian Open,1st Round,Hard,Chung H.,Olivo R.,105,79.0,1.2,4.5,1.23,4.77,1.24,4.77
2017-01-17,Australian Open,1st Round,Hard,Istomin D.,Dodig I.,117,170.0,2.0,1.8,2.16,1.78,2.16,1.85
2017-01-17,Australian Open,1st Round,Hard,Paire B.,Haas T.,47,,1.22,4.33,1.27,4.22,1.27,4.5
2017-01-17,Australian Open,1st Round,Hard,Monfils G.,Vesely J.,6,53.0,1.3,3.5,1.31,3.85,1.33,4.15
2017-01-17,Australian Open,1st Round,Hard,Fognini F.,Lopez F.,48,29.0,2.2,1.66,2.32,1.68,2.32,1.8
2017-01-17,Australian Open,1st Round,Hard,Dimitrov G.,O'Connell C.,15,231.0,1.02,15.0,1.02,22.73,1.05,22.73
2017-01-17,Australian Open,1st Round,Hard,Djokovic N.,Verdasco F.,2,40.0,1.06,10.0,1.06,12.02,1.07,12.02
2017-01-17,Australian Open,1st Round,Hard,Bautista Agut R.,Pella G.,14,81.0,1.08,8.0,1.11,8.36,1.11,10.0
2017-01-17,Australian Open,1st Round,Hard,Ferrer D.,Jasika O.,23,290.0,1.16,5.0,1.19,5.35,1.19,5.5
2017-01-17,Australian Open,1st Round,Hard,Whittington A.,Pavlasek A.,194,86.0,3.0,1.4,3.14,1.42,3.14,1.51
2017-01-17,Australian Open,1st Round,Hard,Thompson J.,Sousa J.,76,37.0,2.5,1.53,2.66,1.54,2.67,1.6
2017-01-17,Australian Open,1st Round,Hard,Thiem D.,Struff J.L.,8,58.0,1.3,3.5,1.31,3.83,1.33,3.83
2017-01-17,Australian Open,1st Round,Hard,Muller G.,Fritz T.,28,93.0,1.36,3.25,1.38,3.36,1.4,3.4
2017-01-17,Australian Open,1st Round,Hard,Kohlschreiber P.,Basilashvili N.,33,92.0,1.22,4.33,1.24,4.65,1.26,4.65
2017-01-17,Australian Open,1st Round,Hard,Dutra Silva R.,Donaldson J.,439,101.0,4.0,1.25,4.3,1.26,4.33,1.27
2017-01-17,Australian Open,1st Round,Hard,Young D.,Fabbiano T.,85,141.0,1.44,2.75,1.5,2.79,1.55,2.8
2017-01-17,Australian Open,1st Round,Hard,Zverev A.,Haase R.,24,57.0,1.1,7.0,1.13,7.38,1.17,7.38
2017-01-17,Australian Open,1st Round,Hard,Berlocq C.,Albot R.,90,96.0,2.0,1.8,1.9,2.01,2.0,2.01
2017-01-17,Australian Open,1st Round,Hard,Nishioka Y.,Bolt A.,99,632.0,1.53,2.5,1.61,2.47,1.61,2.6
2017-01-17,Australian Open,1st Round,Hard,Simon G.,Mmoh M.,25,190.0,1.16,5.0,1.19,5.42,1.2,5.41
2017-01-17,Australian Open,1st Round,Hard,Goffin D.,Opelka R.,11,208.0,1.16,5.0,1.16,6.2,1.17,6.33
2017-01-17,Australian Open,1st Round,Hard,Tiafoe F.,Kukushkin M.,108,98.0,1.53,2.5,1.56,2.62,1.57,2.65
2017-01-17,Australian Open,1st Round,Hard,Carreno Busta P.,Polansky P.,31,132.0,1.22,4.33,1.24,4.65,1.26,4.65
2017-01-17,Australian Open,1st Round,Hard,Nadal R.,Mayer F.,9,49.0,1.04,11.0,1.04,15.91,1.07,15.95
2017-01-17,Australian Open,1st Round,Hard,Edmund K.,Giraldo S.,46,91.0,1.3,3.5,1.34,3.63,1.34,3.75
2017-01-17,Australian Open,1st Round,Hard,Baghdatis M.,Youzhny M.,36,70.0,1.57,2.37,1.66,2.37,1.66,2.4
2017-01-17,Australian Open,1st Round,Hard,Raonic M.,Brown D.,3,66.0,1.05,11.0,1.03,17.76,1.06,17.76
2017-01-18,Australian Open,2nd Round,Hard,Querrey S.,De Minaur A.,32,301.0,1.3,3.5,1.3,3.89,1.33,3.89
2017-01-18,Australian Open,2nd Round,Hard,Murray A.,Rublev A.,1,152.0,1.01,26.0,1.01,27.22,1.02,39.75
2017-01-18,Australian Open,2nd Round,Hard,Tomic B.,Estrella Burgos V.,27,103.0,1.06,9.0,1.08,10.44,1.1,10.5
2017-01-18,Australian Open,2nd Round,Hard,Sock J.,Khachanov K.,20,52.0,1.36,3.25,1.32,3.74,1.38,3.74
2017-01-18,Australian Open,2nd Round,Hard,Evans D.,Cilic M.,51,7.0,5.5,1.12,5.24,1.2,5.5,1.22
2017-01-18,Australian Open,2nd Round,Hard,Seppi A.,Kyrgios N.,89,13.0,8.0,1.08,8.67,1.1,8.67,1.12
2017-01-18,Australian Open,2nd Round,Hard,Darcis S.,Schwartzman D.,71,54.0,2.2,1.66,2.4,1.65,2.4,1.71
2017-01-18,Australian Open,2nd Round,Hard,Zverev M.,Isner J.,50,19.0,2.75,1.44,3.03,1.44,3.03,1.5
2017-01-18,Australian Open,2nd Round,Hard,Troicki V.,Lorenzi P.,35,43.0,1.22,4.33,1.23,4.77,1.29,4.77
2017-01-18,Australian Open,2nd Round,Hard,Wawrinka S.,Johnson S.,4,30.0,1.25,4.0,1.27,4.22,1.3,4.35
2017-01-18,Australian Open,2nd Round,Hard,Berdych T.,Harrison R.,10,82.0,1.16,5.0,1.19,5.46,1.2,5.46
2017-01-18,Australian Open,2nd Round,Hard,Lacko L.,Sela D.,121,67.0,2.75,1.44,2.95,1.46,2.95,1.5
2017-01-18,Australian Open,2nd Round,Hard,Tsonga J.W.,Lajovic D.,12,94.0,1.07,9.0,1.05,14.32,1.1,14.32
2017-01-18,Australian Open,2nd Round,Hard,Jaziri M.,Bublik A.,56,207.0,1.44,2.75,1.44,3.01,1.5,3.01
2017-01-18,Australian Open,2nd Round,Hard,Nishikori K.,Chardy J.,5,72.0,1.06,9.0,1.08,9.94,1.12,9.94
2017-01-18,Australian Open,2nd Round,Hard,Federer R.,Rubin N.,17,200.0,1.02,15.0,1.03,17.82,1.05,22.0
2017-01-19,Australian Open,2nd Round,Hard,Nadal R.,Baghdatis M.,9,36.0,1.07,9.0,1.1,8.67,1.11,9.75
2017-01-19,Australian Open,2nd Round,Hard,Thiem D.,Thompson J.,8,76.0,1.2,4.33,1.31,3.85,1.31,4.69
2017-01-19,Australian Open,2nd Round,Hard,Paire B.,Fognini F.,47,48.0,2.1,1.72,2.17,1.78,2.2,1.78
2017-01-19,Australian Open,2nd Round,Hard,Zverev A.,Tiafoe F.,24,108.0,1.2,4.5,1.19,5.54,1.22,5.54
2017-01-19,Australian Open,2nd Round,Hard,Karlovic I.,Whittington A.,21,194.0,1.36,3.25,1.36,3.48,1.39,3.48
2017-01-19,Australian Open,2nd Round,Hard,Monfils G.,Dolgopolov O.,6,69.0,1.25,4.0,1.21,5.08,1.25,5.08
2017-01-19,Australian Open,2nd Round,Hard,Raonic M.,Muller G.,3,28.0,1.22,4.33,1.24,4.65,1.27,4.65
2017-01-19,Australian Open,2nd Round,Hard,Goffin D.,Stepanek R.,11,102.0,1.25,4.0,1.22,4.85,1.3,4.85
2017-01-19,Australian Open,2nd Round,Hard,Ferrer D.,Escobedo E.,23,131.0,1.25,4.0,1.25,4.5,1.29,4.5
2017-01-19,Australian Open,2nd Round,Hard,Gasquet R.,Berlocq C.,18,90.0,1.03,15.0,1.03,17.65,1.05,18.5
2017-01-19,Australian Open,2nd Round,Hard,Carreno Busta P.,Edmund K.,31,46.0,2.1,1.72,2.17,1.78,2.2,1.8
2017-01-19,Australian Open,2nd Round,Hard,Kohlschreiber P.,Young D.,33,85.0,1.4,3.0,1.48,2.86,1.48,3.1
2017-01-19,Australian Open,2nd Round,Hard,Istomin D.,Djokovic N.,117,2.0,23.0,1.01,27.22,1.01,41.0,1.01
2017-01-19,Australian Open,2nd Round,Hard,Bautista Agut R.,Nishioka Y.,14,99.0,1.06,10.0,1.06,12.02,1.1,12.02
2017-01-19,Australian Open,2nd Round,Hard,Dimitrov G.,Chung H.,15,105.0,1.11,6.5,1.14,6.9,1.15,6.9
2017-01-19,Australian Open,2nd Round,Hard,Simon G.,Dutra Silva R.,25,439.0,1.05,10.0,1.07,11.25,1.1,11.25
2017-01-20,Australian Open,3rd Round,Hard,Seppi A.,Darcis S.,89,71.0,1.66,2.2,1.81,2.14,1.81,2.25
2017-01-20,Australian Open,3rd Round,Hard,Tsonga J.W.,Sock J.,12,20.0,1.53,2.5,1.54,2.71,1.57,2.71
2017-01-20,Australian Open,3rd Round,Hard,Zverev M.,Jaziri M.,50,56.0,2.0,1.8,2.28,1.72,2.28,2.25
2017-01-20,Australian Open,3rd Round,Hard,Wawrinka S.,Troicki V.,4,35.0,1.14,5.5,1.14,6.97,1.17,6.97
2017-01-20,Australian Open,3rd Round,Hard,Murray A.,Querrey S.,1,32.0,1.02,17.0,1.03,20.4,1.04,21.0
2017-01-20,Australian Open,3rd Round,Hard,Evans D.,Tomic B.,51,27.0,2.25,1.61,2.56,1.59,2.56,1.75
2017-01-20,Australian Open,3rd Round,Hard,Nishikori K.,Lacko L.,5,121.0,1.02,15.0,1.04,17.65,1.05,20.39
2017-01-20,Australian Open,3rd Round,Hard,Federer R.,Berdych T.,17,10.0,1.53,2.5,1.56,2.65,1.6,2.65
2017-01-21,Australian Open,3rd Round,Hard,Dimitrov G.,Gasquet R.,15,18.0,1.57,2.37,1.64,2.45,1.64,2.45
2017-01-21,Australian Open,3rd Round,Hard,Monfils G.,Kohlschreiber P.,6,33.0,1.22,4.33,1.21,5.13,1.25,5.13
2017-01-21,Australian Open,3rd Round,Hard,Nadal R.,Zverev A.,9,24.0,1.3,3.5,1.34,3.67,1.37,3.67
2017-01-21,Australian Open,3rd Round,Hard,Raonic M.,Simon G.,3,25.0,1.16,5.0,1.19,5.65,1.2,5.83
2017-01-21,Australian Open,3rd Round,Hard,Bautista Agut R.,Ferrer D.,14,23.0,1.44,2.75,1.54,2.69,1.54,2.88
2017-01-21,Australian Open,3rd Round,Hard,Goffin D.,Karlovic I.,11,21.0,1.25,4.0,1.28,4.2,1.31,4.2
2017-01-21,Australian Open,3rd Round,Hard,Istomin D.,Carreno Busta P.,117,31.0,3.4,1.33,3.62,1.34,3.62,1.4
2017-01-21,Australian Open,3rd Round,Hard,Thiem D.,Paire B.,8,47.0,1.2,4.5,1.2,5.29,1.22,5.29
2017-01-22,Australian Open,4th Round,Hard,Zverev M.,Murray A.,50,1.0,15.0,1.02,20.76,1.03,28.0,1.03
2017-01-22,Australian Open,4th Round,Hard,Wawrinka S.,Seppi A.,4,89.0,1.1,7.0,1.11,8.71,1.12,9.04
2017-01-22,Australian Open,4th Round,Hard,Tsonga J.W.,Evans D.,12,51.0,1.22,4.33,1.23,4.84,1.25,5.0
2017-01-22,Australian Open,4th Round,Hard,Federer R.,Nishikori K.,17,5.0,1.66,2.2,1.74,2.25,1.74,2.43
2017-01-23,Australian Open,4th Round,Hard,Goffin D.,Thiem D.,11,8.0,1.66,2.2,1.71,2.29,1.8,2.29
2017-01-23,Australian Open,4th Round,Hard,Raonic M.,Bautista Agut R.,3,14.0,1.2,4.5,1.29,4.09,1.29,4.5
2017-01-23,Australian Open,4th Round,Hard,Nadal R.,Monfils G.,9,6.0,1.4,3.0,1.43,3.1,1.43,3.2
2017-01-23,Australian Open,4th Round,Hard,Dimitrov G.,Istomin D.,15,117.0,1.11,6.5,1.14,6.99,1.15,7.35
2017-01-24,Australian Open,Quarterfinals,Hard,Wawrinka S.,Tsonga J.W.,4,12.0,1.61,2.3,1.74,2.25,1.75,2.4
2017-01-24,Australian Open,Quarterfinals,Hard,Federer R.,Zverev M.,17,50.0,1.08,8.0,1.11,8.22,1.12,8.49
2017-01-25,Australian Open,Quarterfinals,Hard,Dimitrov G.,Goffin D.,15,11.0,1.57,2.37,1.63,2.46,1.64,2.65
2017-01-25,Australian Open,Quarterfinals,Hard,Nadal R.,Raonic M.,9,3.0,1.66,2.2,1.71,2.3,1.76,2.4
2017-01-26,Australian Open,Semifinals,Hard,Federer R.,Wawrinka S.,17,4.0,1.53,2.5,1.54,2.73,1.6,2.75
2017-01-27,Australian Open,Semifinals,Hard,Nadal R.,Dimitrov G.,9,15.0,1.36,3.25,1.39,3.37,1.45,3.42
2017-01-29,Australian Open,The Final,Hard,Federer R.,Nadal R.,17,9.0,2.2,1.72,2.25,1.75,2.26,1.92
2017-02-06,Open Sud de France,1st Round,Hard,Chardy J.,Granollers M.,68,39.0,1.66,2.1,1.67,2.33,1.77,2.33
2017-02-06,Open Sud de France,1st Round,Hard,Brown D.,Garcia-Lopez G.,84,99.0,1.5,2.5,1.61,2.46,1.61,2.56
2017-02-06,Ecuador Open,1st Round,Clay,Lapentti G.,Monteiro T.,641,85.0,6.0,1.12,6.17,1.15,6.17,1.2
2017-02-06,Ecuador Open,1st Round,Clay,Tipsarevic J.,Gimeno-Traver D.,101,114.0,1.25,3.75,1.33,3.62,1.33,4.0
2017-02-06,Ecuador Open,1st Round,Clay,Giraldo S.,Becker B.,97,126.0,1.22,4.0,1.2,5.03,1.25,5.03
2017-02-06,Ecuador Open,1st Round,Clay,Melzer G.,Zeballos H.,106,69.0,1.9,1.8,1.94,1.94,2.05,1.94
2017-02-06,Garanti Koza Sofia Open,1st Round,Hard,Albot R.,Lazarov A.,92,599.0,1.16,5.0,1.18,5.58,1.19,6.0
2017-02-07,Ecuador Open,1st Round,Clay,Ebden M.,Velotti A.,564,184.0,3.25,1.33,3.46,1.35,3.46,1.41
2017-02-07,Ecuador Open,1st Round,Clay,Olivo R.,Gomez E.,103,290.0,1.3,3.4,1.39,3.22,1.39,3.6
2017-02-07,Ecuador Open,1st Round,Clay,Ram R.,Dolgopolov O.,137,67.0,3.4,1.3,4.21,1.26,4.21,1.33
2017-02-07,Ecuador Open,1st Round,Clay,Falla A.,Giannessi A.,310,122.0,1.61,2.2,1.63,2.4,1.73,2.4
2017-02-07,Garanti Koza Sofia Open,1st Round,Hard,Muller G.,Bourgue M.,29,173.0,1.14,5.5,1.16,5.95,1.2,6.2
2017-02-07,Garanti Koza Sofia Open,1st Round,Hard,Stebe C.M.,Gabashvili T.,406,160.0,2.0,1.72,2.08,1.83,2.15,1.84
2017-02-07,Garanti Koza Sofia Open,1st Round,Hard,Haase R.,Kuzmanov D.,57,450.0,1.12,6.0,1.13,6.94,1.15,7.0
2017-02-07,Garanti Koza Sofia Open,1st Round,Hard,Youzhny M.,Tepavac M.,89,201.0,1.22,4.0,1.3,3.86,1.3,4.2
2017-02-07,Garanti Koza Sofia Open,1st Round,Hard,Darcis S.,Marterer M.,59,172.0,1.53,2.37,1.56,2.56,1.62,2.63
2017-02-07,Open Sud de France,1st Round,Hard,Marchenko I.,Halys Q.,91,159.0,2.0,1.72,2.14,1.78,2.2,1.83
2017-02-07,Open Sud de France,1st Round,Hard,Bedene A.,Coric B.,109,58.0,2.62,1.44,2.8,1.49,2.8,1.55
2017-02-07,Open Sud de France,1st Round,Hard,Verdasco F.,Barrere G.,40,240.0,1.16,5.0,1.15,6.29,1.17,6.52
2017-02-07,Open Sud de France,1st Round,Hard,Paire B.,Khachanov K.,43,51.0,1.72,2.0,1.84,2.06,1.87,2.1
2017-02-07,Open Sud de France,1st Round,Hard,Medvedev D.,Kamke T.,63,123.0,1.4,2.75,1.51,2.74,1.51,2.8
2017-02-07,Ecuador Open,1st Round,Clay,Carballes Baena R.,Dutra Silva R.,144,435.0,2.0,1.72,1.9,1.99,2.1,1.99
2017-02-07,Garanti Koza Sofia Open,1st Round,Hard,Klizan M.,Kuznetsov An.,36,55.0,2.5,1.5,2.51,1.58,2.6,1.6
2017-02-07,Ecuador Open,1st Round,Clay,Kicker N.,Andreozzi G.,116,117.0,2.2,1.61,,,2.35,1.83
2017-02-08,Ecuador Open,1st Round,Clay,Estrella Burgos V.,Martin A.,156,145.0,1.22,4.0,1.38,3.26,1.38,4.25
2017-02-08,Garanti Koza Sofia Open,2nd Round,Hard,Bautista Agut R.,Stebe C.M.,16,406.0,1.1,7.0,1.1,8.68,1.12,8.68
2017-02-08,Ecuador Open,2nd Round,Clay,Olivo R.,Giraldo S.,103,97.0,2.5,1.5,2.71,1.53,2.71,1.57
2017-02-08,Ecuador Open,2nd Round,Clay,Bellucci T.,Tipsarevic J.,100,101.0,1.72,2.0,1.88,2.02,1.9,2.09
2017-02-08,Garanti Koza Sofia Open,1st Round,Hard,Seppi A.,Dzumhur D.,75,81.0,1.72,2.0,1.71,2.24,1.81,2.24
2017-02-08,Garanti Koza Sofia Open,1st Round,Hard,Brands D.,Chiudinelli M.,225,141.0,1.4,2.75,1.55,2.6,1.55,2.76
2017-02-08,Garanti Koza Sofia Open,1st Round,Hard,Troicki V.,Ilkel C.,37,328.0,1.05,11.0,1.06,11.82,1.06,12.03
2017-02-08,Garanti Koza Sofia Open,1st Round,Hard,Basilashvili N.,Mannarino A.,87,56.0,3.25,1.33,3.5,1.34,3.6,1.36
2017-02-08,Ecuador Open,1st Round,Clay,Gaio F.,Souza J.,179,129.0,2.1,1.66,2.1,1.81,2.1,1.87
2017-02-08,Garanti Koza Sofia Open,2nd Round,Hard,Goffin D.,Albot R.,11,92.0,1.04,10.0,1.09,9.58,1.1,10.0
2017-02-08,Garanti Koza Sofia Open,1st Round,Hard,Janowicz J.,Sela D.,267,72.0,1.53,2.37,1.54,2.62,1.62,2.62
2017-02-08,Open Sud de France,1st Round,Hard,Jaziri M.,Lamasine T.,50,202.0,1.44,2.62,1.43,3.02,1.5,3.05
2017-02-08,Open Sud de France,2nd Round,Hard,Brown D.,Cilic M.,84,7.0,4.33,1.2,4.54,1.24,4.65,1.24
2017-02-08,Open Sud de France,1st Round,Hard,De Schepper K.,Zverev M.,162,34.0,2.75,1.4,3.06,1.42,3.06,1.46
2017-02-08,Open Sud de France,1st Round,Hard,Herbert P.H.,Hemery C.,96,294.0,1.72,2.0,1.77,2.16,1.8,2.2
2017-02-08,Open Sud de France,1st Round,Hard,Mathieu P.H.,Millot V.,105,138.0,1.57,2.25,1.56,2.56,1.67,2.56
2017-02-08,Open Sud de France,1st Round,Hard,Lopez F.,Benneteau J.,32,128.0,1.72,2.0,1.89,2.0,1.89,2.2
2017-02-09,Open Sud de France,2nd Round,Hard,Gasquet R.,Jaziri M.,22,50.0,1.14,5.5,1.14,6.7,1.16,6.7
2017-02-09,Open Sud de France,2nd Round,Hard,Paire B.,Lopez F.,43,32.0,1.83,1.83,1.9,2.01,1.91,2.01
2017-02-09,Open Sud de France,2nd Round,Hard,Tsonga J.W.,Herbert P.H.,14,96.0,1.14,5.5,1.18,5.68,1.18,6.0
2017-02-09,Garanti Koza Sofia Open,2nd Round,Hard,Dimitrov G.,Janowicz J.,13,267.0,1.18,4.5,1.19,5.39,1.24,5.39
2017-02-09,Open Sud de France,2nd Round,Hard,Zverev A.,Bedene A.,21,109.0,1.2,4.33,1.27,4.26,1.27,4.35
2017-02-09,Open Sud de France,2nd Round,Hard,De Schepper K.,Marchenko I.,162,91.0,2.1,1.66,2.09,1.83,2.15,1.83
2017-02-09,Open Sud de France,2nd Round,Hard,Medvedev D.,Verdasco F.,63,40.0,2.25,1.57,2.4,1.65,2.45,1.65
2017-02-09,Ecuador Open,2nd Round,Clay,Estrella Burgos V.,Karlovic I.,156,18.0,2.1,1.66,2.44,1.63,2.44,1.75
2017-02-09,Ecuador Open,2nd Round,Clay,Gaio F.,Melzer G.,179,106.0,3.25,1.33,3.52,1.35,3.6,1.38
2017-02-09,Ecuador Open,2nd Round,Clay,Ram R.,Kicker N.,137,116.0,2.25,1.57,,,2.4,1.67
2017-02-09,Ecuador Open,2nd Round,Clay,Lorenzi P.,Ebden M.,46,564.0,1.14,5.5,1.18,5.68,1.18,5.8
2017-02-09,Ecuador Open,2nd Round,Clay,Ramos-Vinolas A.,Falla A.,30,310.0,1.25,3.75,1.31,3.85,1.31,4.16
2017-02-09,Ecuador Open,2nd Round,Clay,Carballes Baena R.,Lapentti G.,144,641.0,1.25,3.75,1.31,3.85,1.31,3.85
2017-02-09,Garanti Koza Sofia Open,2nd Round,Hard,Muller G.,Youzhny M.,29,89.0,1.28,3.5,1.34,3.56,1.34,3.6
2017-02-09,Garanti Koza Sofia Open,2nd Round,Hard,Troicki V.,Haase R.,37,57.0,1.33,3.25,1.39,3.29,1.4,3.29
2017-02-09,Garanti Koza Sofia Open,2nd Round,Hard,Basilashvili N.,Thiem D.,87,8.0,5.0,1.16,6.34,1.15,6.34,1.17
2017-02-09,Garanti Koza Sofia Open,2nd Round,Hard,Darcis S.,Seppi A.,59,75.0,1.83,1.83,1.96,1.94,2.0,1.94
2017-02-09,Garanti Koza Sofia Open,2nd Round,Hard,Klizan M.,Brands D.,36,225.0,1.36,3.0,1.43,3.06,1.53,3.25
2017-02-09,Open Sud de France,2nd Round,Hard,Chardy J.,Mathieu P.H.,68,105.0,1.4,2.75,1.43,3.08,1.44,3.2
2017-02-10,Garanti Koza Sofia Open,Quarterfinals,Hard,Dimitrov G.,Troicki V.,13,37.0,1.28,3.5,1.32,3.8,1.33,3.85
2017-02-10,Garanti Koza Sofia Open,Quarterfinals,Hard,Goffin D.,Darcis S.,11,59.0,1.28,3.5,1.34,3.65,1.36,3.75
2017-02-10,Garanti Koza Sofia Open,Quarterfinals,Hard,Basilashvili N.,Klizan M.,87,36.0,2.5,1.5,2.7,1.54,2.8,1.6
2017-02-10,Ecuador Open,Quarterfinals,Clay,Estrella Burgos V.,Gaio F.,156,179.0,1.36,3.0,1.44,3.06,1.45,3.2
2017-02-10,Ecuador Open,Quarterfinals,Clay,Bellucci T.,Olivo R.,100,103.0,1.4,2.75,1.37,3.42,1.43,3.42
2017-02-10,Ecuador Open,Quarterfinals,Clay,Lorenzi P.,Ram R.,46,137.0,1.28,3.5,1.31,3.92,1.33,3.92
2017-02-10,Ecuador Open,Quarterfinals,Clay,Ramos-Vinolas A.,Carballes Baena R.,30,144.0,1.28,3.5,1.32,3.79,1.39,3.79
2017-02-10,Open Sud de France,Quarterfinals,Hard,Paire B.,Brown D.,43,84.0,1.61,2.2,1.69,2.33,1.74,2.33
2017-02-10,Open Sud de France,Quarterfinals,Hard,Tsonga J.W.,Medvedev D.,14,63.0,1.22,4.0,1.25,4.51,1.25,4.6
2017-02-10,Open Sud de France,Quarterfinals,Hard,Zverev A.,Chardy J.,21,68.0,1.4,2.75,1.47,2.97,1.5,2.97
2017-02-10,Open Sud de France,Quarterfinals,Hard,Gasquet R.,De Schepper K.,22,162.0,1.11,6.5,1.13,7.3,1.14,7.3
2017-02-10,Garanti Koza Sofia Open,Quarterfinals,Hard,Bautista Agut R.,Muller G.,16,29.0,1.44,2.62,1.56,2.63,1.57,2.7
2017-02-11,Garanti Koza Sofia Open,Semifinals,Hard,Goffin D.,Bautista Agut R.,11,16.0,1.8,2.0,1.91,2.02,1.91,2.02
2017-02-11,Garanti Koza Sofia Open,Semifinals,Hard,Dimitrov G.,Basilashvili N.,13,87.0,1.1,7.0,1.08,10.36,1.11,10.36
2017-02-11,Open Sud de France,Semifinals,Hard,Zverev A.,Tsonga J.W.,21,14.0,2.5,1.53,2.75,1.52,2.8,1.57
2017-02-11,Ecuador Open,Semifinals,Clay,Estrella Burgos V.,Bellucci T.,156,100.0,2.75,1.44,2.75,1.52,2.85,1.53
2017-02-11,Ecuador Open,Semifinals,Clay,Lorenzi P.,Ramos-Vinolas A.,46,30.0,2.37,1.57,2.4,1.66,2.4,1.67
2017-02-11,Open Sud de France,Semifinals,Hard,Gasquet R.,Paire B.,22,43.0,1.33,3.4,1.37,3.45,1.37,3.75
2017-02-12,Garanti Koza Sofia Open,The Final,Hard,Dimitrov G.,Goffin D.,13,11.0,1.4,3.0,1.41,3.22,1.41,3.25
2017-02-12,Open Sud de France,The Final,Hard,Zverev A.,Gasquet R.,21,22.0,2.0,1.8,2.12,1.83,2.12,1.95
2017-02-12,Ecuador Open,The Final,Clay,Estrella Burgos V.,Lorenzi P.,156,46.0,2.62,1.5,2.63,1.56,2.63,1.58
2017-02-13,ABN AMRO World Tennis Tournament,1st Round,Hard,Berdych T.,Copil M.,13,130.0,1.11,6.5,1.11,8.04,1.14,8.75
2017-02-13,ABN AMRO World Tennis Tournament,1st Round,Hard,Herbert P.H.,Lopez F.,109,31.0,2.25,1.57,2.44,1.61,2.51,1.63
2017-02-13,ABN AMRO World Tennis Tournament,1st Round,Hard,Haase R.,Mayer F.,57,46.0,1.53,2.37,1.57,2.55,1.59,2.55
2017-02-13,ABN AMRO World Tennis Tournament,1st Round,Hard,Donskoy E.,Granollers M.,132,40.0,1.9,1.8,2.3,1.68,2.3,1.85
2017-02-13,ABN AMRO World Tennis Tournament,1st Round,Hard,Istomin D.,Bedene A.,76,105.0,1.83,1.83,1.93,1.95,1.93,2.05
2017-02-13,Memphis Open,1st Round,Hard,Young D.,Mannarino A.,81,56.0,2.2,1.61,2.17,1.76,2.2,1.8
2017-02-13,Memphis Open,1st Round,Hard,Nishioka Y.,Garcia-Lopez G.,99,98.0,1.66,2.1,1.7,2.27,1.73,2.3
2017-02-13,Argentina Open,1st Round,Clay,Mayer L.,Elias G.,148,79.0,1.83,1.83,2.01,1.88,2.02,1.91
2017-02-14,ABN AMRO World Tennis Tournament,1st Round,Hard,Tsonga J.W.,Tsitsipas S.,14,205.0,1.05,11.0,1.05,13.04,1.07,13.5
2017-02-14,Memphis Open,1st Round,Hard,Dzumhur D.,Anderson K.,86,74.0,2.75,1.4,2.94,1.45,2.95,1.49
2017-02-14,Memphis Open,1st Round,Hard,Opelka R.,Donaldson J.,180,100.0,1.83,1.83,1.95,1.93,1.95,2.0
2017-02-14,Memphis Open,1st Round,Hard,King D.,Tomic B.,140,32.0,4.0,1.22,4.36,1.25,4.36,1.26
2017-02-14,Memphis Open,1st Round,Hard,Ebden M.,Polansky P.,490,125.0,2.2,1.61,2.3,1.68,2.4,1.68
2017-02-14,Memphis Open,1st Round,Hard,Harrison R.,Kravchuk K.,62,85.0,1.22,4.0,1.26,4.21,1.29,4.33
2017-02-14,Memphis Open,1st Round,Hard,Darcis S.,Albot R.,55,89.0,1.3,3.4,1.33,3.58,1.34,3.6
2017-02-14,Argentina Open,1st Round,Clay,Delbonis F.,Robert S.,45,64.0,1.2,4.33,1.2,5.11,1.24,5.11
2017-02-14,Argentina Open,1st Round,Clay,Dolgopolov O.,Tipsarevic J.,66,94.0,2.0,1.72,1.95,1.93,2.0,1.93
2017-02-14,Argentina Open,1st Round,Clay,Berlocq C.,Kovalik J.,77,121.0,1.61,2.2,1.57,2.54,1.65,2.54
2017-02-14,Argentina Open,1st Round,Clay,Andreozzi G.,Olivo R.,142,92.0,1.61,2.2,1.68,2.31,1.68,2.31
2017-02-14,Argentina Open,1st Round,Clay,Ramos-Vinolas A.,Pella G.,26,83.0,1.5,2.5,1.56,2.58,1.58,2.58
2017-02-14,ABN AMRO World Tennis Tournament,1st Round,Hard,Kohlschreiber P.,Pouille L.,33,17.0,1.83,1.83,1.94,1.94,2.1,2.0
2017-02-14,ABN AMRO World Tennis Tournament,1st Round,Hard,Simon G.,Mahut N.,24,52.0,1.33,3.25,1.33,3.57,1.36,3.6
2017-02-14,Argentina Open,1st Round,Clay,Giannessi A.,Dutra Silva R.,127,436.0,2.2,1.61,2.51,1.58,2.51,1.62
2017-02-14,ABN AMRO World Tennis Tournament,1st Round,Hard,Coric B.,Khachanov K.,61,48.0,2.25,1.57,2.52,1.58,2.52,1.71
2017-02-14,ABN AMRO World Tennis Tournament,1st Round,Hard,Klizan M.,Verdasco F.,73,39.0,2.25,1.57,2.37,1.65,2.4,1.7
2017-02-14,ABN AMRO World Tennis Tournament,1st Round,Hard,Cilic M.,Paire B.,7,42.0,1.33,3.25,1.32,3.66,1.36,3.66
2017-02-14,ABN AMRO World Tennis Tournament,1st Round,Hard,Muller G.,Griekspoor T.,28,317.0,1.07,8.0,1.08,9.94,1.08,10.05
2017-02-15,Memphis Open,2nd Round,Hard,Dzumhur D.,Darcis S.,86,55.0,2.37,1.53,2.6,1.56,2.6,1.65
2017-02-15,ABN AMRO World Tennis Tournament,2nd Round,Hard,Tsonga J.W.,Muller G.,14,28.0,1.4,2.75,1.43,3.1,1.5,3.1
2017-02-15,ABN AMRO World Tennis Tournament,2nd Round,Hard,Klizan M.,Kohlschreiber P.,73,33.0,2.25,1.57,2.56,1.58,2.56,1.65
2017-02-15,ABN AMRO World Tennis Tournament,2nd Round,Hard,Herbert P.H.,Donskoy E.,109,132.0,1.5,2.5,1.59,2.53,1.59,2.56
2017-02-15,ABN AMRO World Tennis Tournament,1st Round,Hard,Thiem D.,Zverev A.,8,18.0,2.37,1.53,2.55,1.57,2.57,1.76
2017-02-15,ABN AMRO World Tennis Tournament,1st Round,Hard,Dimitrov G.,Zverev M.,12,34.0,1.25,3.75,1.26,4.21,1.3,4.21
2017-02-15,ABN AMRO World Tennis Tournament,1st Round,Hard,Gasquet R.,Troicki V.,19,38.0,1.4,2.75,1.43,3.02,1.5,3.02
2017-02-15,Memphis Open,2nd Round,Hard,Young D.,Opelka R.,81,180.0,1.8,1.9,1.88,2.03,1.93,2.05
2017-02-15,Memphis Open,1st Round,Hard,Kukushkin M.,Becker B.,103,139.0,,,,,1.5,2.5
2017-02-15,Argentina Open,1st Round,Clay,Monteiro T.,Estrella Burgos V.,84,93.0,1.66,2.1,1.74,2.2,1.74,2.28
2017-02-15,Memphis Open,1st Round,Hard,Smyczek T.,Tiafoe F.,162,91.0,2.5,1.5,2.63,1.54,2.63,1.55
2017-02-15,Argentina Open,1st Round,Clay,Robredo T.,Fognini F.,550,43.0,3.25,1.33,3.62,1.33,3.68,1.35
2017-02-15,Argentina Open,1st Round,Clay,Schwartzman D.,Bagnis F.,50,78.0,1.36,3.0,1.4,3.17,1.41,3.2
2017-02-15,Argentina Open,1st Round,Clay,Sousa J.,Zeballos H.,41,69.0,1.5,2.5,1.48,2.83,1.57,2.9
2017-02-15,Argentina Open,1st Round,Clay,Melzer G.,Lorenzi P.,101,37.0,2.25,1.57,2.45,1.61,2.5,1.63
2017-02-15,Argentina Open,2nd Round,Clay,Ramos-Vinolas A.,Mayer L.,26,148.0,1.61,2.2,1.68,2.32,1.73,2.32
2017-02-15,Argentina Open,2nd Round,Clay,Sousa J.,Delbonis F.,41,45.0,2.5,1.5,2.62,1.56,2.62,1.62
2017-02-15,Argentina Open,2nd Round,Clay,Carreno Busta P.,Giannessi A.,25,127.0,1.2,4.33,1.21,5.08,1.22,5.08
2017-02-15,Memphis Open,1st Round,Hard,Basilashvili N.,Thompson J.,67,63.0,2.25,1.57,2.5,1.59,2.5,1.62
2017-02-15,ABN AMRO World Tennis Tournament,1st Round,Hard,Goffin D.,Kuznetsov An.,11,54.0,1.28,3.5,1.31,3.75,1.33,3.8
2017-02-15,Memphis Open,1st Round,Hard,Fritz T.,Lu Y.H.,114,59.0,1.8,1.9,1.94,1.94,1.94,2.0
2017-02-16,ABN AMRO World Tennis Tournament,2nd Round,Hard,Dimitrov G.,Istomin D.,12,76.0,1.18,4.5,1.19,5.39,1.22,5.39
2017-02-16,ABN AMRO World Tennis Tournament,2nd Round,Hard,Goffin D.,Haase R.,11,57.0,1.18,4.5,1.21,5.0,1.24,5.0
2017-02-16,Memphis Open,2nd Round,Hard,Isner J.,Nishioka Y.,23,99.0,1.18,4.5,1.22,4.93,1.22,4.93
2017-02-16,Memphis Open,2nd Round,Hard,Harrison R.,Querrey S.,62,29.0,1.8,1.9,1.94,1.96,1.94,2.05
2017-02-16,Memphis Open,2nd Round,Hard,Johnson S.,Smyczek T.,30,162.0,1.25,3.75,1.26,4.38,1.29,4.38
2017-02-16,Memphis Open,2nd Round,Hard,Kukushkin M.,King D.,103,140.0,1.53,2.37,1.65,2.39,1.65,2.45
2017-02-16,Memphis Open,2nd Round,Hard,Basilashvili N.,Karlovic I.,67,20.0,2.5,1.5,2.75,1.51,2.75,1.56
2017-02-16,ABN AMRO World Tennis Tournament,2nd Round,Hard,Berdych T.,Gasquet R.,13,19.0,1.66,2.1,1.83,2.09,1.83,2.25
2017-02-16,Argentina Open,2nd Round,Clay,Nishikori K.,Schwartzman D.,5,50.0,1.2,4.33,1.22,4.93,1.23,5.0
2017-02-16,Argentina Open,2nd Round,Clay,Melzer G.,Andreozzi G.,101,142.0,1.83,1.83,1.94,1.96,1.95,1.96
2017-02-16,Argentina Open,2nd Round,Clay,Berlocq C.,Ferrer D.,77,27.0,3.25,1.33,3.18,1.41,3.4,1.41
2017-02-16,ABN AMRO World Tennis Tournament,2nd Round,Hard,Cilic M.,Coric B.,7,61.0,1.22,4.0,1.24,4.65,1.27,4.7
2017-02-16,ABN AMRO World Tennis Tournament,2nd Round,Hard,Thiem D.,Simon G.,8,24.0,1.53,2.37,1.71,2.27,1.71,2.4
2017-02-16,Argentina Open,2nd Round,Clay,Dolgopolov O.,Cuevas P.,66,22.0,2.37,1.53,2.37,1.66,2.5,1.66
2017-02-17,ABN AMRO World Tennis Tournament,Quarterfinals,Hard,Herbert P.H.,Thiem D.,109,8.0,4.5,1.18,4.73,1.24,4.81,1.24
2017-02-17,ABN AMRO World Tennis Tournament,Quarterfinals,Hard,Tsonga J.W.,Cilic M.,14,7.0,1.57,2.25,1.71,2.3,1.75,2.3
2017-02-17,ABN AMRO World Tennis Tournament,Quarterfinals,Hard,Berdych T.,Klizan M.,13,73.0,1.2,4.33,1.24,4.65,1.25,4.7
2017-02-17,ABN AMRO World Tennis Tournament,Quarterfinals,Hard,Goffin D.,Dimitrov G.,11,12.0,2.75,1.4,2.82,1.5,3.25,1.51
2017-02-17,Memphis Open,Quarterfinals,Hard,Kukushkin M.,Johnson S.,103,30.0,3.0,1.36,3.36,1.38,3.36,1.4
2017-02-17,Argentina Open,Quarterfinals,Clay,Nishikori K.,Sousa J.,5,41.0,1.18,4.5,1.24,4.69,1.24,5.14
2017-02-17,Memphis Open,Quarterfinals,Hard,Basilashvili N.,Ebden M.,67,490.0,1.44,2.62,1.57,2.61,1.57,2.72
2017-02-17,Argentina Open,2nd Round,Clay,Monteiro T.,Robredo T.,84,550.0,2.1,1.66,2.27,1.71,2.27,1.75
2017-02-17,Memphis Open,2nd Round,Hard,Ebden M.,Fritz T.,490,114.0,3.0,1.36,3.31,1.38,3.31,1.43
2017-02-17,Argentina Open,Quarterfinals,Clay,Dolgopolov O.,Melzer G.,66,101.0,1.4,2.75,1.51,2.79,1.52,2.8
2017-02-17,Argentina Open,Quarterfinals,Clay,Carreno Busta P.,Ramos-Vinolas A.,25,26.0,1.57,2.25,1.65,2.41,1.7,2.45
2017-02-18,Memphis Open,Semifinals,Hard,Basilashvili N.,Kukushkin M.,67,103.0,1.72,2.1,1.98,1.94,1.98,2.1
2017-02-18,Memphis Open,Quarterfinals,Hard,Harrison R.,Dzumhur D.,62,86.0,1.36,3.0,1.42,3.15,1.43,3.3
2017-02-18,Memphis Open,Quarterfinals,Hard,Young D.,Isner J.,81,23.0,3.4,1.3,3.77,1.33,3.9,1.36
2017-02-18,Argentina Open,Semifinals,Clay,Nishikori K.,Berlocq C.,5,77.0,1.14,5.5,1.15,6.61,1.17,6.75
2017-02-18,Argentina Open,Semifinals,Clay,Dolgopolov O.,Carreno Busta P.,66,25.0,2.2,1.66,2.36,1.68,2.36,1.74
2017-02-18,Argentina Open,Quarterfinals,Clay,Berlocq C.,Monteiro T.,77,84.0,1.53,2.37,1.61,2.51,1.65,2.51
2017-02-18,ABN AMRO World Tennis Tournament,Semifinals,Hard,Goffin D.,Herbert P.H.,11,109.0,1.25,4.0,1.3,3.97,1.3,4.2
2017-02-18,ABN AMRO World Tennis Tournament,Semifinals,Hard,Tsonga J.W.,Berdych T.,14,13.0,2.1,1.72,2.16,1.79,2.18,1.8
2017-02-19,ABN AMRO World Tennis Tournament,The Final,Hard,Tsonga J.W.,Goffin D.,14,11.0,1.66,2.2,1.75,2.23,1.75,2.26
2017-02-19,Memphis Open,Semifinals,Hard,Harrison R.,Young D.,62,81.0,1.5,2.62,1.49,2.88,1.53,2.88
2017-02-19,Argentina Open,The Final,Clay,Dolgopolov O.,Nishikori K.,66,5.0,4.5,1.2,4.8,1.23,5.0,1.23
2017-02-19,Memphis Open,The Final,Hard,Harrison R.,Basilashvili N.,62,67.0,1.44,2.62,1.49,2.88,1.53,2.89
2017-02-20,Rio Open,1st Round,Clay,Kicker N.,Cecchinato M.,123,194.0,1.83,1.83,,,2.06,1.91
2017-02-20,Rio Open,1st Round,Clay,De Greef A.,Cuevas P.,138,30.0,5.0,1.16,5.09,1.2,5.1,1.21
2017-02-20,Rio Open,1st Round,Clay,Schwartzman D.,Olivo R.,51,92.0,1.2,4.33,1.22,4.85,1.22,5.0
2017-02-20,Open 13,1st Round,Hard,Simon G.,Khachanov K.,23,48.0,1.36,3.0,1.34,3.5,1.39,3.5
2017-02-20,Open 13,1st Round,Hard,Jaziri M.,Kuznetsov An.,47,61.0,2.5,1.5,2.57,1.56,2.57,1.6
2017-02-20,Open 13,1st Round,Hard,Youzhny M.,Tsitsipas S.,87,205.0,1.57,2.25,1.68,2.3,1.7,2.4
2017-02-20,Rio Open,1st Round,Clay,Lajovic D.,Bagnis F.,97,82.0,1.66,2.1,1.76,2.17,1.77,2.17
2017-02-20,Rio Open,1st Round,Clay,Ruud C.,Dutra Silva R.,208,439.0,3.0,1.36,3.1,1.41,3.1,1.44
2017-02-20,Delray Beach Open,1st Round,Hard,Edmund K.,Mannarino A.,49,60.0,1.72,2.0,1.87,2.02,1.87,2.12
2017-02-20,Delray Beach Open,1st Round,Hard,Querrey S.,Sela D.,35,74.0,1.44,2.62,1.49,2.8,1.5,2.85
2017-02-20,Delray Beach Open,1st Round,Hard,Nishioka Y.,Coppejans K.,91,204.0,1.5,2.5,1.56,2.56,1.57,2.65
2017-02-20,Delray Beach Open,1st Round,Hard,Lu Y.H.,Fratangelo B.,63,109.0,1.36,3.0,1.38,3.27,1.43,3.27
2017-02-21,Delray Beach Open,1st Round,Hard,Darcis S.,Tomic B.,57,31.0,1.9,1.8,1.88,2.01,1.91,2.01
2017-02-21,Delray Beach Open,1st Round,Hard,Sock J.,Albot R.,21,89.0,1.1,7.0,1.1,8.11,1.12,8.11
2017-02-21,Delray Beach Open,1st Round,Hard,Fritz T.,Santillan A.,112,193.0,1.4,2.75,1.46,2.92,1.46,3.0
2017-02-21,Open 13,1st Round,Hard,Struff J.L.,Chardy J.,62,77.0,1.72,2.0,1.83,2.07,1.91,2.07
2017-02-21,Open 13,1st Round,Hard,Marchenko I.,Rublev A.,93,111.0,2.2,1.61,2.33,1.67,2.4,1.68
2017-02-21,Open 13,1st Round,Hard,Bedene A.,Mathieu P.H.,102,101.0,1.5,2.5,1.6,2.47,1.62,2.6
2017-02-21,Open 13,1st Round,Hard,Gombos N.,Donskoy E.,128,117.0,2.1,1.66,2.14,1.78,2.4,1.78
2017-02-21,Open 13,1st Round,Hard,Stakhovsky S.,Vesely J.,107,55.0,2.0,1.72,1.9,1.99,2.0,1.99
2017-02-21,Rio Open,1st Round,Clay,Ramos-Vinolas A.,Robert S.,25,80.0,1.16,5.0,1.2,5.18,1.22,5.18
2017-02-21,Open 13,1st Round,Hard,Gasquet R.,Haase R.,19,58.0,1.2,4.33,1.23,4.64,1.24,4.64
2017-02-21,Open 13,1st Round,Hard,Mahut N.,Zverev A.,54,18.0,4.0,1.22,4.02,1.28,4.02,1.3
2017-02-21,Rio Open,1st Round,Clay,Fognini F.,Robredo T.,45,471.0,1.44,2.62,1.43,3.01,1.53,3.01
2017-02-21,Rio Open,1st Round,Clay,Monteiro T.,Elias G.,85,86.0,1.66,2.1,1.86,2.03,1.86,2.22
2017-02-21,Rio Open,1st Round,Clay,Carballes Baena R.,Sousa J.,132,39.0,3.25,1.33,3.63,1.33,3.63,1.39
2017-02-21,Open 13,1st Round,Hard,Benneteau J.,Shapovalov D.,120,255.0,1.2,4.33,1.25,4.36,1.25,4.4
2017-02-21,Rio Open,1st Round,Clay,Delbonis F.,Lorenzi P.,52,40.0,1.44,2.62,1.48,2.84,1.53,2.84
2017-02-21,Delray Beach Open,1st Round,Hard,Garcia-Lopez G.,Brown D.,99,84.0,2.2,1.61,2.23,1.72,2.3,1.73
2017-02-21,Rio Open,1st Round,Clay,Zeballos H.,Berlocq C.,73,66.0,2.37,1.53,2.55,1.57,2.62,1.57
2017-02-21,Rio Open,1st Round,Clay,Bellucci T.,Nishikori K.,76,5.0,3.75,1.25,4.22,1.26,4.45,1.3
2017-02-21,Rio Open,1st Round,Clay,Dolgopolov O.,Ferrer D.,50,29.0,2.2,1.61,2.33,1.67,2.4,1.69
2017-02-21,Rio Open,1st Round,Clay,Estrella Burgos V.,Pella G.,94,162.0,2.2,1.61,2.59,1.56,2.6,1.61
2017-02-21,Delray Beach Open,1st Round,Hard,Coric B.,Giraldo S.,59,103.0,1.33,3.25,1.36,3.38,1.38,3.38
2017-02-21,Delray Beach Open,1st Round,Hard,Raonic M.,Smyczek T.,4,164.0,1.08,8.0,1.06,11.5,1.1,12.28
2017-02-21,Delray Beach Open,1st Round,Hard,Donaldson J.,Kukushkin M.,100,78.0,1.61,2.2,1.81,2.1,1.82,2.2
2017-02-21,Delray Beach Open,1st Round,Hard,Johnson S.,Kozlov S.,26,115.0,1.25,3.75,1.27,4.13,1.33,4.13
2017-02-21,Delray Beach Open,1st Round,Hard,Dzumhur D.,Kravchuk K.,79,95.0,1.53,2.37,1.59,2.49,1.62,2.55
2017-02-21,Delray Beach Open,1st Round,Hard,Young D.,Karlovic I.,69,20.0,2.37,1.53,2.56,1.56,2.56,1.62
2017-02-21,Delray Beach Open,1st Round,Hard,Basilashvili N.,Haas T.,53,1024.0,1.36,3.0,1.43,3.05,1.45,3.1
2017-02-21,Rio Open,1st Round,Clay,Carreno Busta P.,Souza J.,24,131.0,1.12,6.0,1.15,6.19,1.18,6.19
2017-02-22,Delray Beach Open,1st Round,Hard,Del Potro J.M.,Anderson K.,42,75.0,1.22,4.0,1.25,4.33,1.3,4.33
2017-02-22,Open 13,2nd Round,Hard,Pouille L.,Bedene A.,17,102.0,1.5,2.5,1.51,2.75,1.57,2.8
2017-02-22,Open 13,2nd Round,Hard,Kyrgios N.,Jaziri M.,16,47.0,1.18,4.5,1.22,4.93,1.22,5.25
2017-02-22,Open 13,1st Round,Hard,Medvedev D.,Paire B.,64,41.0,1.72,2.0,1.8,2.11,1.8,2.11
2017-02-22,Open 13,2nd Round,Hard,Simon G.,Benneteau J.,23,120.0,1.33,3.25,1.34,3.61,1.36,3.61
2017-02-22,Rio Open,2nd Round,Clay,Ramos-Vinolas A.,Fognini F.,25,45.0,2.37,1.53,2.54,1.58,2.55,1.61
2017-02-22,Rio Open,2nd Round,Clay,Schwartzman D.,Delbonis F.,51,52.0,2.1,1.66,2.16,1.78,2.16,1.8
2017-02-22,Rio Open,2nd Round,Clay,Kicker N.,De Greef A.,123,138.0,1.61,2.2,,,1.77,2.35
2017-02-22,Rio Open,1st Round,Clay,Thiem D.,Tipsarevic J.,8,96.0,1.25,3.75,1.28,4.05,1.3,4.05
2017-02-22,Open 13,2nd Round,Hard,Gasquet R.,Youzhny M.,19,87.0,1.14,5.5,1.15,6.34,1.18,6.34
2017-02-22,Rio Open,2nd Round,Clay,Thiem D.,Lajovic D.,8,97.0,1.16,5.0,1.2,5.23,1.22,5.5
2017-02-23,Rio Open,2nd Round,Clay,Ruud C.,Carballes Baena R.,208,132.0,2.5,1.5,2.53,1.59,2.58,1.59
2017-02-23,Rio Open,2nd Round,Clay,Dolgopolov O.,Zeballos H.,50,73.0,1.36,3.0,1.47,2.93,1.49,3.25
2017-02-23,Rio Open,2nd Round,Clay,Carreno Busta P.,Estrella Burgos V.,24,94.0,1.2,4.33,1.21,5.0,1.25,5.0
2017-02-23,Open 13,2nd Round,Hard,Tsonga J.W.,Marchenko I.,11,93.0,1.08,8.0,1.09,9.28,1.09,9.5
2017-02-23,Delray Beach Open,2nd Round,Hard,Sock J.,Garcia-Lopez G.,21,99.0,1.11,6.5,1.15,6.52,1.15,6.52
2017-02-23,Delray Beach Open,2nd Round,Hard,Johnson S.,Nishioka Y.,26,91.0,1.33,3.25,1.37,3.37,1.37,3.37
2017-02-23,Open 13,2nd Round,Hard,Monfils G.,Stakhovsky S.,12,107.0,1.16,5.0,1.2,5.16,1.2,5.2
2017-02-23,Open 13,2nd Round,Hard,Gombos N.,Mahut N.,128,54.0,3.0,1.36,3.46,1.36,3.46,1.4
2017-02-23,Open 13,2nd Round,Hard,Medvedev D.,Struff J.L.,64,62.0,1.72,2.0,1.85,2.07,1.85,2.17
2017-02-23,Delray Beach Open,2nd Round,Hard,Edmund K.,Lu Y.H.,49,63.0,1.57,2.25,1.65,2.38,1.65,2.5
2017-02-23,Delray Beach Open,2nd Round,Hard,Raonic M.,Coric B.,4,59.0,1.11,6.5,1.14,6.97,1.14,6.97
2017-02-23,Delray Beach Open,2nd Round,Hard,Darcis S.,Basilashvili N.,57,53.0,1.57,2.25,1.6,2.5,1.64,2.5
2017-02-23,Delray Beach Open,2nd Round,Hard,Querrey S.,Donaldson J.,35,100.0,1.4,2.75,1.49,2.84,1.49,2.94
2017-02-23,Delray Beach Open,2nd Round,Hard,Young D.,Fritz T.,69,112.0,1.66,2.1,1.81,2.12,1.81,2.15
2017-02-24,Rio Open,Quarterfinals,Clay,Thiem D.,Schwartzman D.,8,51.0,1.33,3.25,1.38,3.39,1.4,3.4
2017-02-24,Rio Open,Quarterfinals,Clay,Carreno Busta P.,Dolgopolov O.,24,50.0,1.66,2.1,1.76,2.22,1.83,2.22
2017-02-24,Rio Open,Quarterfinals,Clay,Ramos-Vinolas A.,Kicker N.,25,123.0,1.2,4.33,1.26,4.43,1.26,4.55
2017-02-24,Rio Open,2nd Round,Clay,Monteiro T.,Bellucci T.,85,76.0,3.0,1.36,3.14,1.42,3.15,1.42
2017-02-24,Delray Beach Open,2nd Round,Hard,Del Potro J.M.,Dzumhur D.,42,79.0,1.11,6.5,1.14,6.69,1.14,7.25
2017-02-24,Delray Beach Open,Quarterfinals,Hard,Sock J.,Johnson S.,21,26.0,1.4,2.75,1.47,2.94,1.47,3.0
2017-02-24,Rio Open,Quarterfinals,Clay,Ruud C.,Monteiro T.,208,85.0,2.75,1.4,2.96,1.47,3.0,1.47
2017-02-24,Delray Beach Open,Quarterfinals,Hard,Raonic M.,Edmund K.,4,49.0,1.16,5.0,1.18,5.8,1.2,5.9
2017-02-24,Open 13,Quarterfinals,Hard,Kyrgios N.,Gombos N.,16,128.0,1.1,7.0,1.11,8.72,1.14,9.25
2017-02-24,Open 13,Quarterfinals,Hard,Tsonga J.W.,Simon G.,11,23.0,1.36,3.0,1.38,3.41,1.43,3.41
2017-02-24,Open 13,Quarterfinals,Hard,Pouille L.,Medvedev D.,17,64.0,1.44,2.62,1.53,2.74,1.56,2.74
2017-02-24,Open 13,Quarterfinals,Hard,Gasquet R.,Monfils G.,19,12.0,2.37,1.53,2.46,1.63,2.5,1.67
2017-02-24,Delray Beach Open,Quarterfinals,Hard,Young D.,Darcis S.,69,57.0,2.1,1.66,2.15,1.8,2.15,1.8
2017-02-25,Delray Beach Open,Quarterfinals,Hard,Del Potro J.M.,Querrey S.,42,35.0,1.3,3.4,1.37,3.45,1.37,3.5
2017-02-25,Delray Beach Open,Semifinals,Hard,Sock J.,Young D.,21,69.0,1.16,5.0,1.22,5.09,1.25,5.09
2017-02-25,Open 13,Semifinals,Hard,Pouille L.,Gasquet R.,17,19.0,2.75,1.44,2.9,1.48,2.9,1.5
2017-02-25,Rio Open,Semifinals,Clay,Carreno Busta P.,Ruud C.,24,208.0,1.28,3.75,1.29,4.14,1.31,4.55
2017-02-25,Open 13,Semifinals,Hard,Tsonga J.W.,Kyrgios N.,11,16.0,1.8,2.0,1.88,2.05,1.88,2.12
2017-02-25,Rio Open,Semifinals,Clay,Thiem D.,Ramos-Vinolas A.,8,25.0,1.33,3.4,1.38,3.4,1.4,3.45
2017-02-26,Rio Open,The Final,Clay,Thiem D.,Carreno Busta P.,8,24.0,1.25,4.0,1.29,4.14,1.3,4.14
2017-02-26,Open 13,The Final,Hard,Tsonga J.W.,Pouille L.,11,17.0,1.33,3.4,1.36,3.5,1.4,3.5
2017-02-26,Delray Beach Open,Semifinals,Hard,Raonic M.,Del Potro J.M.,4,42.0,1.61,2.3,1.62,2.49,1.67,2.5
2017-02-26,Delray Beach Open,The Final,Hard,Sock J.,Raonic M.,21,4.0,3.0,1.4,3.06,1.44,3.2,1.44
2017-02-27,Abierto Mexicano,1st Round,Hard,Coric B.,Gomez L.,64,560.0,1.02,15.0,1.03,16.01,1.05,18.5
2017-02-27,Brasil Open,1st Round,Clay,Pella G.,Clezar G.,166,273.0,1.66,2.1,1.64,2.39,1.74,2.39
2017-02-27,Brasil Open,1st Round,Clay,Olivo R.,Cervantes I.,92,125.0,1.66,2.1,1.71,2.24,1.71,2.38
2017-02-27,Dubai Tennis Championships,1st Round,Hard,Granollers M.,Vesely J.,36,55.0,1.66,2.1,1.71,2.25,1.75,2.25
2017-02-27,Dubai Tennis Championships,1st Round,Hard,Kohlschreiber P.,Muller G.,29,27.0,2.0,1.72,1.99,1.9,2.0,1.91
2017-02-27,Dubai Tennis Championships,1st Round,Hard,Garcia-Lopez G.,Troicki V.,97,34.0,3.5,1.28,4.02,1.28,4.02,1.33
2017-02-27,Dubai Tennis Championships,1st Round,Hard,Bautista Agut R.,Khachanov K.,16,50.0,1.28,3.5,1.33,3.62,1.33,3.9
2017-02-27,Dubai Tennis Championships,1st Round,Hard,Federer R.,Paire B.,10,39.0,1.08,8.0,1.09,8.75,1.11,8.75
2017-02-27,Brasil Open,1st Round,Clay,Elias G.,Luz O.,98,544.0,1.22,4.0,1.23,4.58,1.25,4.58
2017-02-27,Dubai Tennis Championships,1st Round,Hard,Monfils G.,Safwat M.,12,199.0,1.04,13.0,1.04,14.8,1.05,17.0
2017-02-28,Dubai Tennis Championships,1st Round,Hard,Dzumhur D.,Wawrinka S.,77,3.0,6.5,1.11,7.74,1.11,8.0,1.13
2017-02-28,Dubai Tennis Championships,1st Round,Hard,Verdasco F.,Seppi A.,35,73.0,1.44,2.62,1.43,3.05,1.44,3.05
2017-02-28,Dubai Tennis Championships,1st Round,Hard,Copil M.,Struff J.L.,124,59.0,1.72,2.0,1.76,2.16,1.8,2.23
2017-02-28,Dubai Tennis Championships,1st Round,Hard,Evans D.,Brown D.,43,81.0,1.36,3.0,1.41,3.14,1.45,3.25
2017-02-28,Dubai Tennis Championships,1st Round,Hard,Pouille L.,Pavlasek A.,15,93.0,1.2,4.33,1.27,4.17,1.27,4.33
2017-02-28,Dubai Tennis Championships,1st Round,Hard,Medvedev D.,Alawadhi O.,57,,1.002,41.0,1.01,25.62,1.01,47.25
2017-02-28,Dubai Tennis Championships,1st Round,Hard,Haase R.,Istomin D.,66,68.0,2.25,1.57,2.37,1.65,2.37,1.68
2017-02-28,Dubai Tennis Championships,1st Round,Hard,Murray A.,Jaziri M.,1,51.0,1.04,13.0,1.05,13.85,1.05,16.5
2017-02-28,Dubai Tennis Championships,1st Round,Hard,Donskoy E.,Youzhny M.,116,83.0,1.83,1.83,1.83,2.07,2.0,2.13
2017-02-28,Brasil Open,1st Round,Clay,Delbonis F.,Kovalik J.,54,118.0,1.36,3.0,1.37,3.34,1.4,3.4
2017-02-28,Abierto Mexicano,1st Round,Hard,Lorenzi P.,Lu Y.H.,38,61.0,2.25,1.57,2.3,1.68,2.38,1.73
2017-02-28,Brasil Open,1st Round,Clay,Melzer G.,Estrella Burgos V.,107,88.0,1.72,2.0,1.72,2.23,1.75,2.23
2017-02-28,Brasil Open,1st Round,Clay,Bagnis F.,Lajovic D.,82,105.0,2.37,1.53,2.64,1.54,2.64,1.65
2017-02-28,Brasil Open,1st Round,Clay,Fognini F.,Cecchinato M.,42,185.0,1.28,3.5,1.33,3.62,1.33,3.8
2017-02-28,Abierto Mexicano,1st Round,Hard,Johnson S.,Isner J.,26,22.0,2.1,1.66,2.37,1.65,2.37,1.67
2017-02-28,Brasil Open,1st Round,Clay,Souza J.,Zeballos H.,131,71.0,2.75,1.4,2.85,1.47,2.9,1.5
2017-02-28,Abierto Mexicano,1st Round,Hard,Goffin D.,Robert S.,11,80.0,1.02,15.0,1.03,16.29,1.06,17.0
2017-02-28,Abierto Mexicano,1st Round,Hard,Mannarino A.,Fritz T.,65,136.0,2.1,1.66,2.28,1.69,2.3,1.7
2017-02-28,Abierto Mexicano,1st Round,Hard,Thompson J.,Lopez F.,79,31.0,2.37,1.53,2.46,1.61,2.6,2.39
2017-02-28,Abierto Mexicano,1st Round,Hard,Escobedo E.,Kozlov S.,113,115.0,1.61,2.2,1.72,2.23,1.73,2.3
2017-02-28,Brasil Open,1st Round,Clay,Ruud C.,Santillan A.,133,192.0,1.36,3.0,1.35,3.46,1.4,3.53
2017-02-28,Brasil Open,1st Round,Clay,Berlocq C.,Monteiro T.,67,74.0,1.57,2.25,1.81,2.09,1.81,2.3
2017-02-28,Abierto Mexicano,1st Round,Hard,Cilic M.,Dolgopolov O.,8,60.0,1.4,2.75,1.37,3.34,1.44,3.4
2017-02-28,Brasil Open,1st Round,Clay,Giannessi A.,Dutra Silva R.,127,439.0,2.25,1.57,2.2,1.74,2.25,1.75
2017-02-28,Dubai Tennis Championships,1st Round,Hard,Berdych T.,Rosol L.,14,161.0,1.11,6.5,1.12,7.5,1.13,7.5
2017-02-28,Abierto Mexicano,1st Round,Hard,Young D.,Tomic B.,63,41.0,2.1,1.66,2.16,1.77,2.2,1.8
2017-02-28,Abierto Mexicano,1st Round,Hard,Querrey S.,Edmund K.,40,45.0,1.9,1.8,2.01,1.88,2.01,2.0
2017-03-01,Brasil Open,2nd Round,Clay,Sousa J.,Olivo R.,37,92.0,1.33,3.25,1.4,3.25,1.4,3.25
2017-03-01,Brasil Open,2nd Round,Clay,Delbonis F.,Ruud C.,54,133.0,1.36,3.0,1.43,3.08,1.44,3.1
2017-03-01,Brasil Open,1st Round,Clay,Schwartzman D.,Bellucci T.,44,69.0,1.8,1.9,1.79,2.12,1.91,2.12
2017-03-01,Dubai Tennis Championships,2nd Round,Hard,Pouille L.,Copil M.,15,124.0,1.4,2.75,1.48,2.86,1.48,3.0
2017-03-01,Dubai Tennis Championships,2nd Round,Hard,Haase R.,Berdych T.,66,14.0,5.0,1.16,5.12,1.21,5.2,1.21
2017-03-01,Dubai Tennis Championships,2nd Round,Hard,Monfils G.,Evans D.,12,43.0,1.28,3.5,1.32,3.74,1.37,3.74
2017-03-01,Dubai Tennis Championships,2nd Round,Hard,Murray A.,Garcia-Lopez G.,1,97.0,1.02,17.0,1.03,17.65,1.04,18.0
2017-03-01,Dubai Tennis Championships,2nd Round,Hard,Donskoy E.,Federer R.,116,10.0,15.0,1.03,19.17,1.03,20.44,1.04
2017-03-01,Brasil Open,2nd Round,Clay,Pella G.,Berlocq C.,166,67.0,2.25,1.57,2.32,1.68,2.35,1.7
2017-03-01,Dubai Tennis Championships,2nd Round,Hard,Verdasco F.,Bautista Agut R.,35,16.0,3.25,1.33,3.28,1.39,3.4,1.39
2017-03-01,Dubai Tennis Championships,2nd Round,Hard,Dzumhur D.,Granollers M.,77,36.0,1.8,1.9,1.93,1.97,2.02,2.05
2017-03-01,Abierto Mexicano,2nd Round,Hard,Querrey S.,Goffin D.,40,11.0,3.75,1.25,4.54,1.24,4.54,1.3
2017-03-01,Abierto Mexicano,1st Round,Hard,Djokovic N.,Klizan M.,2,62.0,1.07,9.0,1.07,10.19,1.07,11.0
2017-03-01,Abierto Mexicano,1st Round,Hard,Kyrgios N.,Sela D.,17,75.0,1.14,5.5,1.17,5.75,1.2,5.75
2017-03-01,Abierto Mexicano,1st Round,Hard,Nadal R.,Zverev M.,6,30.0,1.08,8.0,1.1,8.33,1.12,9.0
2017-03-01,Abierto Mexicano,1st Round,Hard,Thiem D.,Simon G.,9,25.0,1.53,2.37,1.56,2.57,1.57,2.63
2017-03-01,Abierto Mexicano,1st Round,Hard,Nishioka Y.,Sock J.,86,18.0,5.0,1.16,5.39,1.19,5.55,1.22
2017-03-01,Abierto Mexicano,1st Round,Hard,Del Potro J.M.,Tiafoe F.,32,89.0,1.14,5.5,1.13,6.81,1.17,6.81
2017-03-01,Abierto Mexicano,2nd Round,Hard,Kyrgios N.,Young D.,17,63.0,1.18,4.5,1.21,5.08,1.25,5.08
2017-03-01,Abierto Mexicano,2nd Round,Hard,Nishioka Y.,Thompson J.,86,79.0,1.53,2.37,1.62,2.45,1.62,2.6
2017-03-01,Dubai Tennis Championships,2nd Round,Hard,Kohlschreiber P.,Medvedev D.,29,57.0,1.44,2.62,1.48,2.86,1.53,2.88
2017-03-02,Dubai Tennis Championships,Quarterfinals,Hard,Haase R.,Dzumhur D.,66,77.0,1.66,2.1,1.8,2.15,1.8,2.2
2017-03-02,Brasil Open,2nd Round,Clay,Schwartzman D.,Melzer G.,44,107.0,1.3,3.4,1.32,3.77,1.35,3.8
2017-03-02,Brasil Open,2nd Round,Clay,Carreno Busta P.,Souza J.,23,131.0,1.2,4.33,1.25,4.5,1.26,5.0
2017-03-02,Abierto Mexicano,Quarterfinals,Hard,Cilic M.,Johnson S.,8,26.0,1.4,2.75,1.41,3.23,1.42,3.25
2017-03-02,Abierto Mexicano,2nd Round,Hard,Thiem D.,Mannarino A.,9,65.0,1.18,4.5,1.21,5.06,1.23,5.06
2017-03-02,Abierto Mexicano,2nd Round,Hard,Djokovic N.,Del Potro J.M.,2,32.0,1.25,3.75,1.29,4.0,1.31,4.55
2017-03-02,Abierto Mexicano,2nd Round,Hard,Nadal R.,Lorenzi P.,6,38.0,1.01,19.0,1.03,18.28,1.04,20.0
2017-03-02,Abierto Mexicano,2nd Round,Hard,Johnson S.,Escobedo E.,26,113.0,1.28,3.5,1.34,3.6,1.34,3.8
2017-03-02,Abierto Mexicano,2nd Round,Hard,Cilic M.,Coric B.,8,64.0,1.28,3.5,1.31,3.79,1.35,3.79
2017-03-02,Dubai Tennis Championships,Quarterfinals,Hard,Murray A.,Kohlschreiber P.,1,29.0,1.08,8.0,1.1,9.38,1.1,9.75
2017-03-02,Dubai Tennis Championships,Quarterfinals,Hard,Verdasco F.,Monfils G.,35,12.0,3.25,1.33,3.37,1.38,3.5,1.4
2017-03-02,Brasil Open,2nd Round,Clay,Cuevas P.,Bagnis F.,33,82.0,1.33,3.25,1.38,3.31,1.4,3.31
2017-03-02,Brasil Open,2nd Round,Clay,Fognini F.,Giannessi A.,42,127.0,1.28,3.5,1.32,3.78,1.33,3.8
2017-03-02,Abierto Mexicano,Quarterfinals,Hard,Nadal R.,Nishioka Y.,6,86.0,1.04,13.0,1.05,14.37,1.06,14.75
2017-03-02,Brasil Open,2nd Round,Clay,Ramos-Vinolas A.,Elias G.,24,98.0,1.36,3.0,1.43,3.1,1.45,3.1
2017-03-02,Dubai Tennis Championships,Quarterfinals,Hard,Pouille L.,Donskoy E.,15,116.0,1.25,3.75,1.33,3.71,1.33,4.0
2017-03-03,Dubai Tennis Championships,Semifinals,Hard,Verdasco F.,Haase R.,35,66.0,1.44,2.75,1.48,2.9,1.5,3.0
2017-03-03,Abierto Mexicano,Quarterfinals,Hard,Querrey S.,Thiem D.,40,9.0,3.0,1.36,3.29,1.4,3.3,1.41
2017-03-03,Brasil Open,Quarterfinals,Clay,Sousa J.,Delbonis F.,37,54.0,2.2,1.61,2.37,1.67,2.37,1.69
2017-03-03,Dubai Tennis Championships,Semifinals,Hard,Murray A.,Pouille L.,1,15.0,1.12,6.0,1.14,6.92,1.15,6.92
2017-03-03,Abierto Mexicano,Quarterfinals,Hard,Kyrgios N.,Djokovic N.,17,2.0,3.25,1.33,3.55,1.35,3.75,1.38
2017-03-03,Brasil Open,Quarterfinals,Clay,Ramos-Vinolas A.,Pella G.,24,166.0,1.44,2.62,1.51,2.81,1.55,2.81
2017-03-04,Brasil Open,Quarterfinals,Clay,Cuevas P.,Schwartzman D.,33,44.0,2.1,1.66,2.36,1.68,2.36,1.75
2017-03-04,Brasil Open,Semifinals,Clay,Ramos-Vinolas A.,Sousa J.,24,37.0,1.8,2.0,1.84,2.1,1.86,2.3
2017-03-04,Brasil Open,Semifinals,Clay,Cuevas P.,Carreno Busta P.,33,23.0,2.3,1.61,2.32,1.7,2.35,1.69
2017-03-04,Abierto Mexicano,Semifinals,Hard,Nadal R.,Cilic M.,6,8.0,1.28,3.75,1.31,3.92,1.33,3.95
2017-03-04,Abierto Mexicano,Semifinals,Hard,Querrey S.,Kyrgios N.,40,17.0,3.75,1.28,4.22,1.28,4.22,1.3
2017-03-04,Dubai Tennis Championships,The Final,Hard,Murray A.,Verdasco F.,1,35.0,1.11,6.5,1.14,6.95,1.14,7.25
2017-03-04,Brasil Open,Quarterfinals,Clay,Carreno Busta P.,Fognini F.,23,42.0,1.53,2.37,1.59,2.56,1.65,2.6
2017-03-05,Brasil Open,The Final,Clay,Cuevas P.,Ramos-Vinolas A.,33,24.0,1.44,2.75,1.53,2.73,1.53,2.75
2017-03-05,Abierto Mexicano,The Final,Hard,Querrey S.,Nadal R.,40,6.0,5.0,1.16,6.1,1.17,6.21,1.18
2017-03-09,BNP Paribas Open,1st Round,Hard,Sousa J.,Schwartzman D.,37,44.0,1.8,1.9,1.84,2.08,1.85,2.08
2017-03-09,BNP Paribas Open,1st Round,Hard,Lajovic D.,Tiafoe F.,106,86.0,2.37,1.53,2.4,1.65,2.43,1.65
2017-03-09,BNP Paribas Open,1st Round,Hard,King D.,Basilashvili N.,131,55.0,3.25,1.33,3.36,1.38,3.6,1.38
2017-03-09,BNP Paribas Open,1st Round,Hard,Kukushkin M.,Thompson J.,90,76.0,2.25,1.57,2.46,1.62,2.6,1.63
2017-03-09,BNP Paribas Open,1st Round,Hard,Gojowczyk P.,Opelka R.,148,174.0,1.61,2.2,1.8,2.13,1.8,2.25
2017-03-09,BNP Paribas Open,1st Round,Hard,Lorenzi P.,Haase R.,38,47.0,2.75,1.4,2.7,1.53,2.85,1.53
2017-03-09,BNP Paribas Open,1st Round,Hard,Khachanov K.,Robredo T.,52,471.0,1.4,2.75,1.44,3.01,1.48,3.01
2017-03-09,BNP Paribas Open,1st Round,Hard,Fratangelo B.,Tomic B.,112,42.0,2.37,1.53,2.59,1.56,2.59,1.58
2017-03-09,BNP Paribas Open,1st Round,Hard,Mannarino A.,Monaco J.,61,72.0,1.36,3.0,1.38,3.31,1.4,3.35
2017-03-10,BNP Paribas Open,1st Round,Hard,Evans D.,Brown D.,41,82.0,1.28,3.5,1.35,3.5,1.35,3.72
2017-03-10,BNP Paribas Open,1st Round,Hard,Jaziri M.,Mahut N.,53,54.0,1.83,1.83,1.92,1.99,1.92,1.99
2017-03-10,BNP Paribas Open,1st Round,Hard,Laaksonen H.,Coric B.,123,59.0,4.0,1.22,3.92,1.3,4.23,1.3
2017-03-10,BNP Paribas Open,1st Round,Hard,Edmund K.,Elias G.,46,95.0,1.25,3.75,1.29,3.97,1.29,4.0
2017-03-10,BNP Paribas Open,1st Round,Hard,Fritz T.,Paire B.,136,40.0,1.72,2.0,1.81,2.11,1.86,2.11
2017-03-10,BNP Paribas Open,1st Round,Hard,Vesely J.,Olivo R.,56,88.0,1.4,2.75,1.46,2.95,1.47,3.0
2017-03-10,BNP Paribas Open,1st Round,Hard,Youzhny M.,Medvedev D.,84,58.0,2.62,1.44,2.7,1.53,2.7,1.55
2017-03-10,BNP Paribas Open,1st Round,Hard,Anderson K.,Gaio F.,79,159.0,1.16,5.0,1.22,4.85,1.22,5.35
2017-03-10,BNP Paribas Open,1st Round,Hard,Dzumhur D.,Harrison R.,67,45.0,2.75,1.4,3.28,1.39,3.28,1.45
2017-03-10,BNP Paribas Open,1st Round,Hard,Chardy J.,Albot R.,80,87.0,1.66,2.1,1.59,2.53,1.73,2.53
2017-03-10,BNP Paribas Open,1st Round,Hard,Pospisil V.,Lu Y.H.,129,65.0,1.72,2.0,1.81,2.11,1.81,2.2
2017-03-10,BNP Paribas Open,1st Round,Hard,Dolgopolov O.,Troicki V.,64,39.0,1.61,2.2,1.86,2.05,1.87,2.3
2017-03-10,BNP Paribas Open,1st Round,Hard,Nishioka Y.,Ymer E.,70,158.0,1.44,2.62,1.47,2.93,1.57,2.93
2017-03-10,BNP Paribas Open,1st Round,Hard,Klizan M.,Monteiro T.,66,77.0,1.36,3.0,1.43,3.1,1.44,3.35
2017-03-10,BNP Paribas Open,1st Round,Hard,Fognini F.,Kravchuk K.,43,96.0,1.36,3.0,1.39,3.27,1.41,3.27
2017-03-10,BNP Paribas Open,1st Round,Hard,Herbert P.H.,Bellucci T.,74,71.0,1.57,2.25,1.72,2.25,1.73,2.32
2017-03-11,BNP Paribas Open,2nd Round,Hard,Goffin D.,Khachanov K.,12,52.0,1.2,4.33,1.24,4.54,1.25,4.54
2017-03-11,BNP Paribas Open,2nd Round,Hard,Zverev M.,Sousa J.,32,37.0,1.8,1.9,1.88,2.03,1.88,2.03
2017-03-11,BNP Paribas Open,2nd Round,Hard,Lajovic D.,Lopez F.,106,34.0,2.37,1.53,2.44,1.63,2.44,1.67
2017-03-11,BNP Paribas Open,2nd Round,Hard,Berdych T.,Fratangelo B.,14,112.0,1.14,5.5,1.14,6.69,1.17,6.8
2017-03-11,BNP Paribas Open,2nd Round,Hard,Kohlschreiber P.,Dolgopolov O.,30,64.0,1.72,2.0,1.83,2.1,1.84,2.1
2017-03-11,BNP Paribas Open,2nd Round,Hard,Carreno Busta P.,Gojowczyk P.,23,148.0,1.4,2.75,1.48,2.86,1.48,3.01
2017-03-11,BNP Paribas Open,2nd Round,Hard,Isner J.,Kukushkin M.,22,90.0,1.2,4.33,1.24,4.58,1.25,4.65
2017-03-11,BNP Paribas Open,2nd Round,Hard,Fognini F.,Tsonga J.W.,43,8.0,6.5,1.11,6.87,1.14,6.9,1.15
2017-03-11,BNP Paribas Open,1st Round,Hard,Struff J.L.,Giraldo S.,63,103.0,1.66,2.1,1.67,2.35,1.73,2.35
2017-03-11,BNP Paribas Open,2nd Round,Hard,Thiem D.,Chardy J.,9,80.0,1.18,4.5,1.27,4.22,1.27,4.7
2017-03-11,BNP Paribas Open,1st Round,Hard,Bagnis F.,Benneteau J.,83,117.0,4.5,1.18,5.09,1.21,5.1,1.23
2017-03-11,BNP Paribas Open,1st Round,Hard,Zeballos H.,Copil M.,73,111.0,3.25,1.33,3.73,1.32,3.75,1.36
2017-03-11,BNP Paribas Open,1st Round,Hard,Delbonis F.,Kuznetsov An.,49,62.0,2.1,1.66,2.15,1.79,2.15,1.83
2017-03-11,BNP Paribas Open,1st Round,Hard,Pella G.,Garcia-Lopez G.,145,89.0,2.0,1.72,2.2,1.76,2.2,1.8
2017-03-11,BNP Paribas Open,1st Round,Hard,Young D.,Kozlov S.,60,116.0,1.36,3.0,1.4,3.22,1.4,3.25
2017-03-11,BNP Paribas Open,1st Round,Hard,Robert S.,Sela D.,81,78.0,4.0,1.22,3.9,1.3,4.2,1.3
2017-03-11,BNP Paribas Open,2nd Round,Hard,Nishioka Y.,Karlovic I.,70,21.0,2.1,1.66,2.29,1.7,2.29,1.8
2017-03-12,BNP Paribas Open,2nd Round,Hard,Pouille L.,Struff J.L.,15,63.0,1.33,3.25,1.4,3.2,1.4,3.4
2017-03-12,BNP Paribas Open,2nd Round,Hard,Verdasco F.,Herbert P.H.,29,74.0,1.4,2.75,1.46,2.94,1.47,3.0
2017-03-12,BNP Paribas Open,2nd Round,Hard,Kyrgios N.,Zeballos H.,16,73.0,1.1,7.0,1.1,8.67,1.12,8.67
2017-03-12,BNP Paribas Open,2nd Round,Hard,Del Potro J.M.,Delbonis F.,35,49.0,1.18,4.5,1.21,5.0,1.21,5.5
2017-03-12,BNP Paribas Open,2nd Round,Hard,Young D.,Querrey S.,60,26.0,3.25,1.33,3.6,1.34,3.6,1.37
2017-03-12,BNP Paribas Open,2nd Round,Hard,Dimitrov G.,Youzhny M.,13,84.0,1.1,7.0,1.13,7.18,1.13,7.18
2017-03-12,BNP Paribas Open,2nd Round,Hard,Nadal R.,Pella G.,6,145.0,1.04,13.0,1.05,13.89,1.05,17.5
2017-03-12,BNP Paribas Open,2nd Round,Hard,Zverev A.,Bagnis F.,20,83.0,1.1,7.0,1.11,8.2,1.12,9.0
2017-03-12,BNP Paribas Open,2nd Round,Hard,Pospisil V.,Murray A.,129,1.0,13.0,1.04,16.52,1.04,16.52,1.06
2017-03-12,BNP Paribas Open,2nd Round,Hard,Jaziri M.,Granollers M.,53,36.0,1.61,2.2,1.81,2.11,1.81,2.2
2017-03-12,BNP Paribas Open,2nd Round,Hard,Monfils G.,King D.,11,131.0,1.1,7.0,1.13,7.38,1.14,7.38
2017-03-12,BNP Paribas Open,2nd Round,Hard,Bautista Agut R.,Mannarino A.,17,61.0,1.22,4.0,1.24,4.65,1.25,4.65
2017-03-12,BNP Paribas Open,2nd Round,Hard,Cuevas P.,Klizan M.,33,66.0,2.0,1.72,2.01,1.9,2.1,1.9
2017-03-12,BNP Paribas Open,2nd Round,Hard,Ramos-Vinolas A.,Dzumhur D.,24,67.0,1.83,1.83,1.88,2.02,2.1,2.02
2017-03-12,BNP Paribas Open,2nd Round,Hard,Muller G.,Vesely J.,28,56.0,1.25,3.75,1.36,3.44,1.36,3.8
2017-03-12,BNP Paribas Open,2nd Round,Hard,Nishikori K.,Evans D.,5,41.0,1.18,4.5,1.24,4.58,1.24,4.75
2017-03-12,BNP Paribas Open,2nd Round,Hard,Wawrinka S.,Lorenzi P.,3,38.0,1.14,5.5,1.16,6.12,1.17,6.2
2017-03-13,BNP Paribas Open,2nd Round,Hard,Djokovic N.,Edmund K.,2,46.0,1.07,9.0,1.08,9.87,1.1,9.87
2017-03-13,BNP Paribas Open,2nd Round,Hard,Johnson S.,Anderson K.,27,79.0,1.72,2.0,1.78,2.17,1.85,2.19
2017-03-13,BNP Paribas Open,2nd Round,Hard,Federer R.,Robert S.,10,81.0,1.02,17.0,1.03,17.65,1.03,25.0
2017-03-13,BNP Paribas Open,2nd Round,Hard,Fritz T.,Cilic M.,136,7.0,3.5,1.28,3.5,1.35,3.6,1.36
2017-03-13,BNP Paribas Open,2nd Round,Hard,Sock J.,Laaksonen H.,18,123.0,1.11,6.5,1.12,7.78,1.13,7.78
2017-03-13,BNP Paribas Open,3rd Round,Hard,Thiem D.,Zverev M.,9,32.0,1.36,3.0,1.48,2.92,1.48,3.1
2017-03-13,BNP Paribas Open,3rd Round,Hard,Carreno Busta P.,Bautista Agut R.,23,17.0,3.0,1.4,2.88,1.49,3.0,1.49
2017-03-13,BNP Paribas Open,3rd Round,Hard,Nishioka Y.,Berdych T.,70,14.0,4.33,1.22,4.72,1.24,4.8,1.26
2017-03-13,BNP Paribas Open,3rd Round,Hard,Lajovic D.,Pospisil V.,106,129.0,2.37,1.57,2.56,1.59,2.58,1.6
2017-03-13,BNP Paribas Open,3rd Round,Hard,Wawrinka S.,Kohlschreiber P.,3,30.0,1.4,3.0,1.45,3.05,1.45,3.25
2017-03-14,BNP Paribas Open,3rd Round,Hard,Kyrgios N.,Zverev A.,16,20.0,1.5,2.62,1.61,2.5,1.61,2.65
2017-03-14,BNP Paribas Open,3rd Round,Hard,Jaziri M.,Fritz T.,53,136.0,2.2,1.61,2.21,1.76,2.3,1.76
2017-03-14,BNP Paribas Open,3rd Round,Hard,Nadal R.,Verdasco F.,6,29.0,1.2,4.5,1.19,5.61,1.2,5.7
2017-03-14,BNP Paribas Open,3rd Round,Hard,Nishikori K.,Muller G.,5,28.0,1.22,4.33,1.26,4.39,1.29,4.45
2017-03-14,BNP Paribas Open,3rd Round,Hard,Monfils G.,Isner J.,11,22.0,1.72,2.1,1.79,2.16,1.81,2.2
2017-03-14,BNP Paribas Open,3rd Round,Hard,Goffin D.,Ramos-Vinolas A.,12,24.0,1.2,4.5,1.22,5.02,1.24,5.05
2017-03-14,BNP Paribas Open,3rd Round,Hard,Young D.,Pouille L.,60,15.0,3.25,1.33,3.42,1.37,3.54,1.38
2017-03-14,BNP Paribas Open,3rd Round,Hard,Cuevas P.,Fognini F.,33,43.0,2.0,1.8,2.15,1.81,2.15,1.85
2017-03-15,BNP Paribas Open,3rd Round,Hard,Federer R.,Johnson S.,10,27.0,1.11,6.5,1.13,7.55,1.16,7.7
2017-03-15,BNP Paribas Open,3rd Round,Hard,Sock J.,Dimitrov G.,18,13.0,2.75,1.44,2.65,1.56,2.86,1.56
2017-03-15,BNP Paribas Open,3rd Round,Hard,Djokovic N.,Del Potro J.M.,2,35.0,1.36,3.25,1.36,3.49,1.4,3.5
2017-03-15,BNP Paribas Open,4th Round,Hard,Nishikori K.,Young D.,5,60.0,1.07,7.5,1.11,8.36,1.13,8.36
2017-03-15,BNP Paribas Open,4th Round,Hard,Carreno Busta P.,Lajovic D.,23,106.0,1.36,3.2,1.41,3.22,1.41,3.3
2017-03-15,BNP Paribas Open,4th Round,Hard,Cuevas P.,Goffin D.,33,12.0,3.5,1.3,4.22,1.28,4.22,1.34
2017-03-15,BNP Paribas Open,4th Round,Hard,Kyrgios N.,Djokovic N.,16,2.0,3.0,1.4,3.45,1.37,3.49,1.4
2017-03-15,BNP Paribas Open,4th Round,Hard,Sock J.,Jaziri M.,18,53.0,1.28,3.75,1.3,4.01,1.3,4.15
2017-03-16,BNP Paribas Open,Quarterfinals,Hard,Carreno Busta P.,Cuevas P.,23,33.0,1.8,2.0,1.73,2.26,1.9,2.26
2017-03-16,BNP Paribas Open,4th Round,Hard,Federer R.,Nadal R.,10,6.0,2.25,1.61,2.26,1.73,2.42,1.73
2017-03-16,BNP Paribas Open,4th Round,Hard,Wawrinka S.,Nishioka Y.,3,70.0,1.14,5.5,1.2,5.41,1.2,5.65
2017-03-16,BNP Paribas Open,4th Round,Hard,Thiem D.,Monfils G.,9,11.0,2.0,1.8,2.15,1.8,2.15,1.9
2017-03-17,BNP Paribas Open,Quarterfinals,Hard,Sock J.,Nishikori K.,18,5.0,3.0,1.4,3.19,1.42,3.25,1.42
2017-03-17,BNP Paribas Open,Quarterfinals,Hard,Federer R.,Kyrgios N.,10,16.0,1.53,2.5,1.57,2.61,1.57,2.78
2017-03-17,BNP Paribas Open,Quarterfinals,Hard,Wawrinka S.,Thiem D.,3,9.0,1.8,2.0,1.92,2.01,1.92,2.1
2017-03-18,BNP Paribas Open,Semifinals,Hard,Wawrinka S.,Carreno Busta P.,3,23.0,1.25,4.0,1.3,4.03,1.3,4.12
2017-03-18,BNP Paribas Open,Semifinals,Hard,Federer R.,Sock J.,10,18.0,1.25,4.0,1.23,4.8,1.29,4.8
2017-03-19,BNP Paribas Open,The Final,Hard,Federer R.,Wawrinka S.,10,3.0,1.36,3.25,1.4,3.26,1.45,3.35
2017-03-22,Sony Ericsson Open,1st Round,Hard,Fritz T.,Pavlasek A.,126,96.0,1.18,4.5,1.23,4.77,1.23,4.77
2017-03-22,Sony Ericsson Open,1st Round,Hard,Anderson K.,Lajovic D.,74,85.0,1.44,2.62,1.52,2.73,1.53,2.75
2017-03-22,Sony Ericsson Open,1st Round,Hard,Donaldson J.,Edmund K.,95,45.0,3.5,1.28,3.31,1.38,3.59,1.38
2017-03-22,Sony Ericsson Open,1st Round,Hard,Troicki V.,Monteiro T.,38,82.0,1.28,3.5,1.32,3.71,1.34,3.71
2017-03-22,Sony Ericsson Open,1st Round,Hard,Sela D.,Harrison C.,83,456.0,1.36,3.0,1.48,2.88,1.49,3.0
2017-03-22,Sony Ericsson Open,1st Round,Hard,Vesely J.,Haas T.,54,1022.0,1.4,2.75,1.46,2.93,1.51,2.93
2017-03-22,Sony Ericsson Open,1st Round,Hard,Delbonis F.,Monaco J.,57,72.0,1.57,2.25,1.65,2.39,1.67,2.39
2017-03-22,Sony Ericsson Open,1st Round,Hard,Escobedo E.,Evans D.,108,43.0,2.62,1.44,2.82,1.49,2.95,1.5
2017-03-22,Sony Ericsson Open,1st Round,Hard,Young D.,Brown D.,51,78.0,1.4,2.75,1.49,2.84,1.49,2.85
2017-03-22,Sony Ericsson Open,1st Round,Hard,Fognini F.,Harrison R.,40,47.0,2.1,1.66,2.33,1.68,2.33,1.73
2017-03-22,Sony Ericsson Open,1st Round,Hard,Chardy J.,Bagnis F.,77,102.0,1.28,3.5,1.32,3.77,1.34,3.77
2017-03-22,Sony Ericsson Open,1st Round,Hard,Nishioka Y.,Thompson J.,58,79.0,1.36,3.0,1.39,3.28,1.4,3.33
2017-03-22,Sony Ericsson Open,1st Round,Hard,Mahut N.,Mmoh M.,55,179.0,1.66,2.1,1.81,2.11,1.84,2.15
2017-03-22,Sony Ericsson Open,1st Round,Hard,Paire B.,Klizan M.,39,61.0,2.2,1.61,2.18,1.77,2.2,1.8
2017-03-22,Sony Ericsson Open,1st Round,Hard,Struff J.L.,Bedene A.,63,94.0,2.5,1.5,2.71,1.53,2.71,1.57
2017-03-23,Sony Ericsson Open,1st Round,Hard,Rublev A.,Mayer F.,130,46.0,1.44,2.62,1.53,2.71,1.57,2.71
2017-03-23,Sony Ericsson Open,1st Round,Hard,Kukushkin M.,Youzhny M.,76,87.0,1.61,2.2,,,1.65,2.3
2017-03-23,Sony Ericsson Open,1st Round,Hard,Kuznetsov An.,Istomin D.,68,70.0,2.0,1.72,2.03,1.88,2.17,1.88
2017-03-23,Sony Ericsson Open,1st Round,Hard,Haase R.,Ymer M.,48,416.0,1.25,3.75,1.32,3.79,1.32,4.0
2017-03-23,Sony Ericsson Open,1st Round,Hard,King D.,Lacko L.,121,114.0,2.0,1.72,2.24,1.73,2.24,1.88
2017-03-23,Sony Ericsson Open,1st Round,Hard,Tiafoe F.,Kravchuk K.,101,103.0,1.25,3.75,1.28,4.14,1.31,4.14
2017-03-23,Sony Ericsson Open,1st Round,Hard,Zeballos H.,Elias G.,75,89.0,1.53,2.37,1.69,2.3,1.69,2.45
2017-03-23,Sony Ericsson Open,1st Round,Hard,Robredo T.,Basilashvili N.,438,59.0,2.25,1.57,2.34,1.68,2.45,1.68
2017-03-23,Sony Ericsson Open,1st Round,Hard,Seppi A.,Albot R.,80,86.0,1.66,2.1,1.69,2.3,1.77,2.3
2017-03-23,Sony Ericsson Open,1st Round,Hard,Dzumhur D.,Chung H.,66,92.0,1.57,2.25,1.66,2.37,1.71,2.37
2017-03-23,Sony Ericsson Open,1st Round,Hard,Coric B.,Granollers M.,62,41.0,1.44,2.62,1.51,2.76,1.51,2.78
2017-03-23,Sony Ericsson Open,1st Round,Hard,Lu Y.H.,Ruud C.,64,128.0,1.4,2.75,1.48,2.86,1.48,2.93
2017-03-23,Sony Ericsson Open,1st Round,Hard,Mannarino A.,Becker B.,65,163.0,1.36,3.0,1.46,2.95,1.46,3.27
2017-03-23,Sony Ericsson Open,1st Round,Hard,Pella G.,Smyczek T.,158,166.0,2.25,1.57,2.44,1.63,2.44,1.71
2017-03-23,Sony Ericsson Open,1st Round,Hard,Schwartzman D.,Khachanov K.,42,52.0,2.1,1.66,2.2,1.76,2.2,1.77
2017-03-24,Sony Ericsson Open,2nd Round,Hard,Donaldson J.,Zverev M.,95,33.0,2.25,1.57,2.28,1.71,2.38,1.73
2017-03-24,Sony Ericsson Open,2nd Round,Hard,Paire B.,Cuevas P.,39,26.0,2.5,1.5,2.32,1.68,2.65,1.68
2017-03-24,Sony Ericsson Open,2nd Round,Hard,Delbonis F.,Carreno Busta P.,57,19.0,2.75,1.4,2.79,1.5,2.8,1.53
2017-03-24,Sony Ericsson Open,2nd Round,Hard,Nadal R.,Sela D.,7,83.0,1.05,11.0,1.06,12.68,1.06,13.75
2017-03-24,Sony Ericsson Open,2nd Round,Hard,Mahut N.,Johnson S.,55,28.0,3.0,1.36,3.05,1.43,3.1,1.44
2017-03-24,Sony Ericsson Open,2nd Round,Hard,Nishikori K.,Anderson K.,4,74.0,1.18,4.5,1.22,4.88,1.25,4.88
2017-03-24,Sony Ericsson Open,2nd Round,Hard,Kohlschreiber P.,Fritz T.,31,126.0,1.5,2.5,1.63,2.44,1.63,2.51
2017-03-24,Sony Ericsson Open,2nd Round,Hard,Vesely J.,Ramos-Vinolas A.,54,24.0,2.75,1.4,2.84,1.49,2.85,1.53
2017-03-24,Sony Ericsson Open,1st Round,Hard,Jaziri M.,Dolgopolov O.,53,67.0,2.0,1.72,2.28,1.71,2.28,1.82
2017-03-24,Sony Ericsson Open,2nd Round,Hard,Chardy J.,Cilic M.,77,9.0,3.5,1.28,3.64,1.33,3.65,1.33
2017-03-24,Sony Ericsson Open,2nd Round,Hard,Fognini F.,Sousa J.,40,35.0,1.72,2.0,1.8,2.13,1.8,2.15
2017-03-24,Sony Ericsson Open,2nd Round,Hard,Raonic M.,Troicki V.,5,38.0,1.16,5.0,1.2,5.24,1.2,5.54
2017-03-24,Sony Ericsson Open,1st Round,Hard,Bellucci T.,Robert S.,71,88.0,1.28,3.5,1.36,3.48,1.36,3.54
2017-03-25,Sony Ericsson Open,2nd Round,Hard,Karlovic I.,Kuznetsov An.,21,68.0,1.83,1.83,2.01,1.9,2.04,1.97
2017-03-25,Sony Ericsson Open,2nd Round,Hard,Coric B.,Thiem D.,62,8.0,4.0,1.25,3.96,1.3,4.72,1.3
2017-03-25,Sony Ericsson Open,2nd Round,Hard,Federer R.,Tiafoe F.,6,101.0,1.05,11.0,1.05,13.89,1.07,13.89
2017-03-25,Sony Ericsson Open,2nd Round,Hard,Jaziri M.,Lopez F.,53,36.0,1.72,2.0,1.71,2.28,1.8,2.28
2017-03-25,Sony Ericsson Open,2nd Round,Hard,Querrey S.,Robredo T.,27,438.0,1.28,3.5,1.34,3.56,1.34,3.56
2017-03-25,Sony Ericsson Open,2nd Round,Hard,Mannarino A.,Lorenzi P.,65,37.0,1.57,2.25,1.68,2.32,1.68,2.35
2017-03-25,Sony Ericsson Open,2nd Round,Hard,Berdych T.,Rublev A.,14,130.0,1.2,4.33,1.25,4.5,1.25,4.5
2017-03-25,Sony Ericsson Open,2nd Round,Hard,Zverev A.,Lu Y.H.,20,64.0,1.25,3.75,1.34,3.56,1.34,4.0
2017-03-25,Sony Ericsson Open,2nd Round,Hard,Wawrinka S.,Zeballos H.,3,75.0,1.08,8.0,1.09,9.01,1.1,9.3
2017-03-25,Sony Ericsson Open,2nd Round,Hard,Goffin D.,King D.,12,121.0,1.08,8.0,1.11,7.93,1.11,8.25
2017-03-25,Sony Ericsson Open,2nd Round,Hard,Sock J.,Nishioka Y.,17,58.0,1.25,3.75,1.32,3.73,1.32,4.0
2017-03-25,Sony Ericsson Open,2nd Round,Hard,Pella G.,Dimitrov G.,158,13.0,8.0,1.08,8.43,1.1,9.46,1.1
2017-03-25,Sony Ericsson Open,2nd Round,Hard,Verdasco F.,Escobedo E.,30,108.0,1.36,3.0,1.41,3.18,1.42,3.2
2017-03-25,Sony Ericsson Open,2nd Round,Hard,Isner J.,Bellucci T.,23,71.0,1.3,3.4,1.32,3.77,1.35,3.88
2017-03-25,Sony Ericsson Open,2nd Round,Hard,Struff J.L.,Simon G.,63,25.0,3.0,1.36,3.19,1.41,3.2,1.41
2017-03-25,Sony Ericsson Open,2nd Round,Hard,Schwartzman D.,Ferrer D.,42,32.0,2.1,1.66,2.11,1.81,2.3,1.81
2017-03-25,Sony Ericsson Open,2nd Round,Hard,Muller G.,Seppi A.,29,80.0,1.57,2.25,1.55,2.63,1.67,2.63
2017-03-25,Sony Ericsson Open,2nd Round,Hard,Young D.,Pouille L.,51,15.0,2.75,1.4,3.1,1.43,3.1,1.47
2017-03-26,Sony Ericsson Open,3rd Round,Hard,Donaldson J.,Raonic M.,95,5.0,7.0,1.1,8.01,1.12,8.01,1.13
2017-03-26,Sony Ericsson Open,3rd Round,Hard,Nadal R.,Kohlschreiber P.,7,31.0,1.14,5.5,1.18,5.85,1.18,5.85
2017-03-26,Sony Ericsson Open,3rd Round,Hard,Fognini F.,Chardy J.,40,77.0,1.8,2.0,1.86,2.07,1.86,2.12
2017-03-26,Sony Ericsson Open,3rd Round,Hard,Young D.,Paire B.,51,39.0,1.9,1.9,1.93,1.99,1.95,2.01
2017-03-26,Sony Ericsson Open,3rd Round,Hard,Mahut N.,Pella G.,55,158.0,1.66,2.2,1.74,2.26,1.77,2.26
2017-03-26,Sony Ericsson Open,2nd Round,Hard,Kyrgios N.,Dzumhur D.,16,66.0,1.16,5.0,1.15,6.55,1.22,6.55
2017-03-26,Sony Ericsson Open,3rd Round,Hard,Delbonis F.,Struff J.L.,57,63.0,2.1,1.72,2.17,1.79,2.25,1.83
2017-03-26,Sony Ericsson Open,2nd Round,Hard,Del Potro J.M.,Haase R.,34,48.0,1.14,5.5,1.16,6.1,1.18,6.1
2017-03-26,Sony Ericsson Open,2nd Round,Hard,Bautista Agut R.,Kukushkin M.,18,76.0,1.25,3.75,1.34,3.56,1.34,4.0
2017-03-26,Sony Ericsson Open,3rd Round,Hard,Nishikori K.,Verdasco F.,4,30.0,1.25,4.0,1.29,4.05,1.29,4.18
2017-03-27,Sony Ericsson Open,3rd Round,Hard,Zverev A.,Isner J.,20,23.0,1.57,2.37,1.68,2.35,1.69,2.45
2017-03-27,Sony Ericsson Open,3rd Round,Hard,Kyrgios N.,Karlovic I.,16,21.0,1.2,4.5,1.22,4.96,1.22,5.06
2017-03-27,Sony Ericsson Open,3rd Round,Hard,Federer R.,Del Potro J.M.,6,34.0,1.36,3.25,1.34,3.63,1.4,3.7
2017-03-27,Sony Ericsson Open,3rd Round,Hard,Mannarino A.,Coric B.,65,62.0,2.5,1.53,2.56,1.59,2.56,1.61
2017-03-27,Sony Ericsson Open,3rd Round,Hard,Berdych T.,Muller G.,14,29.0,1.4,3.0,1.41,3.24,1.42,3.25
2017-03-27,Sony Ericsson Open,3rd Round,Hard,Bautista Agut R.,Querrey S.,18,27.0,1.61,2.3,1.7,2.31,1.71,2.33
2017-03-27,Sony Ericsson Open,3rd Round,Hard,Sock J.,Vesely J.,17,54.0,1.2,4.5,1.25,4.55,1.29,4.6
2017-03-28,Sony Ericsson Open,3rd Round,Hard,Goffin D.,Schwartzman D.,12,42.0,1.28,3.75,1.31,3.88,1.35,4.0
2017-03-28,Sony Ericsson Open,3rd Round,Hard,Wawrinka S.,Jaziri M.,3,53.0,1.14,5.5,1.18,5.77,1.18,5.85
2017-03-28,Sony Ericsson Open,4th Round,Hard,Fognini F.,Young D.,40,51.0,2.0,1.8,2.17,1.79,2.17,1.93
2017-03-28,Sony Ericsson Open,4th Round,Hard,Nishikori K.,Delbonis F.,4,57.0,1.1,7.0,1.12,7.66,1.13,8.0
2017-03-28,Sony Ericsson Open,4th Round,Hard,Sock J.,Donaldson J.,17,95.0,1.25,4.0,1.24,4.72,1.28,4.8
2017-03-28,Sony Ericsson Open,4th Round,Hard,Berdych T.,Mannarino A.,14,65.0,1.16,5.0,1.21,5.25,1.22,5.25
2017-03-28,Sony Ericsson Open,4th Round,Hard,Federer R.,Bautista Agut R.,6,18.0,1.1,7.0,1.12,7.83,1.15,8.25
2017-03-28,Sony Ericsson Open,4th Round,Hard,Zverev A.,Wawrinka S.,20,3.0,2.5,1.53,2.52,1.61,2.58,1.62
2017-03-28,Sony Ericsson Open,4th Round,Hard,Nadal R.,Mahut N.,7,55.0,1.08,8.0,1.09,10.04,1.1,12.0
2017-03-29,Sony Ericsson Open,4th Round,Hard,Kyrgios N.,Goffin D.,16,12.0,1.4,3.0,1.48,2.9,1.48,3.25
2017-03-29,Sony Ericsson Open,Quarterfinals,Hard,Fognini F.,Nishikori K.,40,4.0,3.25,1.36,3.36,1.38,3.46,1.4
2017-03-30,Sony Ericsson Open,Quarterfinals,Hard,Nadal R.,Sock J.,7,17.0,1.4,3.0,1.43,3.14,1.43,3.25
2017-03-30,Sony Ericsson Open,Quarterfinals,Hard,Federer R.,Berdych T.,6,14.0,1.16,5.0,1.18,5.77,1.22,6.0
2017-03-31,Sony Ericsson Open,Semifinals,Hard,Nadal R.,Fognini F.,7,40.0,1.16,5.0,1.19,5.57,1.2,5.75
2017-03-31,Sony Ericsson Open,Quarterfinals,Hard,Kyrgios N.,Zverev A.,16,20.0,1.44,2.75,1.47,2.94,1.51,2.94
2017-04-01,Sony Ericsson Open,Semifinals,Hard,Federer R.,Kyrgios N.,6,16.0,1.53,2.5,1.57,2.6,1.62,2.65
2017-04-10,U.S. Men's Clay Court Championships,1st Round,Clay,Kicker N.,Rubin N.,100,181.0,1.83,1.83,1.87,2.02,2.0,2.02
2017-04-10,Grand Prix Hassan II,1st Round,Clay,Albot R.,Almagro N.,83,55.0,2.37,1.53,2.52,1.58,2.55,1.58
2017-04-10,Grand Prix Hassan II,1st Round,Clay,Robredo T.,Stakhovsky S.,385,109.0,1.4,2.75,1.45,2.93,1.46,2.99
2017-04-10,Grand Prix Hassan II,1st Round,Clay,Djere L.,Klizan M.,184,60.0,3.4,1.3,3.46,1.35,3.6,1.36
2017-04-10,Grand Prix Hassan II,1st Round,Clay,Struff J.L.,Daniel T.,59,96.0,1.72,2.0,1.86,2.03,1.93,2.05
2017-04-11,U.S. Men's Clay Court Championships,1st Round,Clay,Haas T.,Opelka R.,826,168.0,2.2,1.61,2.14,1.78,2.25,1.78
2017-04-11,U.S. Men's Clay Court Championships,1st Round,Clay,Brown D.,Monaco J.,75,124.0,2.25,1.57,2.42,1.63,2.42,1.71
2017-04-11,Grand Prix Hassan II,1st Round,Clay,Quinzi G.,Mathieu P.H.,304,115.0,2.62,1.44,2.51,1.58,2.65,1.58
2017-04-11,Grand Prix Hassan II,1st Round,Clay,El Amrani R.,Delbonis F.,667,82.0,11.0,1.05,12.23,1.06,13.5,1.06
2017-04-11,Grand Prix Hassan II,1st Round,Clay,Ahouda A.,Granollers M.,946,45.0,17.0,1.02,19.16,1.02,26.0,1.04
2017-04-11,Grand Prix Hassan II,1st Round,Clay,Coric B.,Schwartzman D.,79,41.0,2.37,1.53,2.31,1.68,2.45,1.68
2017-04-12,Grand Prix Hassan II,2nd Round,Clay,Ramos-Vinolas A.,Djere L.,24,184.0,1.22,4.0,1.27,4.26,1.27,4.5
2017-04-12,Grand Prix Hassan II,2nd Round,Clay,Coric B.,El Amrani R.,79,667.0,1.1,7.0,1.1,8.67,1.1,9.0
2017-04-12,Grand Prix Hassan II,1st Round,Clay,Paire B.,Berlocq C.,39,64.0,1.72,2.0,1.94,1.94,1.94,2.05
2017-04-12,Grand Prix Hassan II,1st Round,Clay,Vesely J.,Vanni L.,53,122.0,,,,,,
2017-04-12,Grand Prix Hassan II,1st Round,Clay,Chardy J.,Jaziri M.,66,58.0,1.53,2.37,1.47,2.89,1.67,2.89
2017-04-12,Grand Prix Hassan II,1st Round,Clay,Lorenzi P.,Garcia-Lopez G.,37,94.0,2.1,1.66,2.0,1.89,2.1,1.9
2017-04-12,U.S. Men's Clay Court Championships,1st Round,Clay,Verdasco F.,Anderson K.,31,67.0,1.36,3.0,1.41,3.11,1.44,3.11
2017-04-12,U.S. Men's Clay Court Championships,1st Round,Clay,Gonzalez M.,Donaldson J.,163,73.0,1.83,1.83,1.97,1.92,2.0,1.92
2017-04-12,U.S. Men's Clay Court Championships,1st Round,Clay,Zeballos H.,Dutra Silva R.,87,449.0,2.25,1.57,2.45,1.61,2.5,1.64
2017-04-12,U.S. Men's Clay Court Championships,1st Round,Clay,Monteiro T.,Young D.,81,42.0,2.1,1.66,2.23,1.72,2.25,1.75
2017-04-12,U.S. Men's Clay Court Championships,1st Round,Clay,Mayer L.,Pavlasek A.,144,98.0,1.36,3.0,1.42,3.09,1.44,3.2
2017-04-12,U.S. Men's Clay Court Championships,1st Round,Clay,Chung H.,Estrella Burgos V.,102,84.0,1.66,2.1,1.76,2.16,1.85,2.16
2017-04-12,U.S. Men's Clay Court Championships,1st Round,Clay,Bellucci T.,Tiafoe F.,65,89.0,1.57,2.25,1.66,2.34,1.69,2.34
2017-04-12,U.S. Men's Clay Court Championships,1st Round,Clay,Escobedo E.,Sandgren T.,91,157.0,1.72,2.0,1.75,2.18,1.77,2.2
2017-04-13,Grand Prix Hassan II,2nd Round,Clay,Kohlschreiber P.,Chardy J.,32,66.0,1.61,2.2,1.78,2.16,1.78,2.3
2017-04-13,Grand Prix Hassan II,2nd Round,Clay,Struff J.L.,Ahouda A.,59,946.0,1.06,10.0,1.1,8.98,1.1,10.5
2017-04-13,Grand Prix Hassan II,2nd Round,Clay,Lorenzi P.,Quinzi G.,37,304.0,1.3,3.4,1.35,3.49,1.36,3.49
2017-04-13,Grand Prix Hassan II,2nd Round,Clay,Robredo T.,Dimitrov G.,385,12.0,3.75,1.25,3.77,1.32,4.4,1.32
2017-04-13,Grand Prix Hassan II,2nd Round,Clay,Vesely J.,Zverev M.,53,33.0,1.5,2.5,1.55,2.65,1.57,2.65
2017-04-13,Grand Prix Hassan II,2nd Round,Clay,Paire B.,Albot R.,39,83.0,1.53,2.37,1.65,2.4,1.65,2.7
2017-04-13,U.S. Men's Clay Court Championships,2nd Round,Clay,Querrey S.,Zeballos H.,25,87.0,1.4,2.75,1.5,2.79,1.5,3.0
2017-04-13,U.S. Men's Clay Court Championships,2nd Round,Clay,Bellucci T.,Gonzalez M.,65,163.0,1.44,2.62,1.51,2.77,1.53,2.77
2017-04-13,U.S. Men's Clay Court Championships,2nd Round,Clay,Isner J.,Mayer L.,23,144.0,1.44,2.62,1.51,2.75,1.53,2.75
2017-04-13,U.S. Men's Clay Court Championships,2nd Round,Clay,Verdasco F.,Kicker N.,31,100.0,1.16,5.0,1.17,5.98,1.2,6.25
2017-04-13,U.S. Men's Clay Court Championships,2nd Round,Clay,Escobedo E.,Monteiro T.,91,81.0,2.37,1.53,2.52,1.59,2.52,1.62
2017-04-13,U.S. Men's Clay Court Championships,2nd Round,Clay,Johnson S.,Brown D.,29,75.0,1.72,2.0,1.85,2.06,1.85,2.06
2017-04-13,U.S. Men's Clay Court Championships,1st Round,Clay,Lopez F.,Fratangelo B.,40,116.0,1.57,2.25,1.74,2.2,1.75,2.3
2017-04-14,Grand Prix Hassan II,Quarterfinals,Clay,Paire B.,Robredo T.,39,385.0,1.57,2.37,1.65,2.43,1.65,2.43
2017-04-14,Grand Prix Hassan II,Quarterfinals,Clay,Kohlschreiber P.,Struff J.L.,32,59.0,1.4,3.0,1.43,3.14,1.47,3.14
2017-04-14,Grand Prix Hassan II,Quarterfinals,Clay,Vesely J.,Lorenzi P.,53,37.0,1.61,2.3,1.64,2.44,1.68,2.45
2017-04-14,Grand Prix Hassan II,Quarterfinals,Clay,Coric B.,Ramos-Vinolas A.,79,24.0,2.37,1.57,2.26,1.73,2.42,1.73
2017-04-14,U.S. Men's Clay Court Championships,2nd Round,Clay,Lopez F.,Chung H.,40,102.0,1.57,2.25,1.69,2.3,1.7,2.32
2017-04-14,U.S. Men's Clay Court Championships,Quarterfinals,Clay,Escobedo E.,Isner J.,91,23.0,3.5,1.3,3.57,1.35,3.58,1.37
2017-04-14,U.S. Men's Clay Court Championships,2nd Round,Clay,Sock J.,Haas T.,16,826.0,1.12,6.0,1.15,6.38,1.17,6.9
2017-04-14,U.S. Men's Clay Court Championships,Quarterfinals,Clay,Johnson S.,Verdasco F.,29,31.0,3.25,1.36,3.62,1.34,3.62,1.44
2017-04-14,U.S. Men's Clay Court Championships,Quarterfinals,Clay,Bellucci T.,Querrey S.,65,25.0,2.75,1.44,2.85,1.5,2.85,1.5
2017-04-15,U.S. Men's Clay Court Championships,Quarterfinals,Clay,Sock J.,Lopez F.,16,40.0,1.33,3.4,1.37,3.42,1.4,3.42
2017-04-15,U.S. Men's Clay Court Championships,Semifinals,Clay,Bellucci T.,Escobedo E.,65,91.0,1.5,2.62,1.56,2.65,1.56,2.7
2017-04-15,U.S. Men's Clay Court Championships,Semifinals,Clay,Johnson S.,Sock J.,29,16.0,2.75,1.44,2.94,1.47,3.0,1.48
2017-04-15,Grand Prix Hassan II,Semifinals,Clay,Coric B.,Vesely J.,79,53.0,1.57,2.37,1.68,2.36,1.68,2.38
2017-04-15,Grand Prix Hassan II,Semifinals,Clay,Kohlschreiber P.,Paire B.,32,39.0,1.66,2.2,1.72,2.27,1.75,2.3
2017-04-16,U.S. Men's Clay Court Championships,The Final,Clay,Johnson S.,Bellucci T.,29,65.0,1.57,2.37,1.63,2.46,1.63,2.5
2017-04-16,Grand Prix Hassan II,The Final,Clay,Coric B.,Kohlschreiber P.,79,32.0,2.75,1.44,2.84,1.5,2.88,1.52
2017-04-16,Monte Carlo Masters,1st Round,Clay,Goffin D.,Darcis S.,13,51.0,1.16,5.0,1.16,6.14,1.19,6.15
2017-04-16,Monte Carlo Masters,1st Round,Clay,Sousa J.,Mayer F.,36,48.0,1.25,3.75,1.3,3.92,1.33,4.0
2017-04-16,Monte Carlo Masters,1st Round,Clay,Simon G.,Jaziri M.,32,60.0,1.44,2.62,1.54,2.66,1.54,2.8
2017-04-17,Monte Carlo Masters,1st Round,Clay,Edmund K.,Evans D.,45,44.0,1.18,4.5,1.24,4.65,1.25,4.75
2017-04-17,Monte Carlo Masters,1st Round,Clay,Ramos-Vinolas A.,Olivo R.,24,93.0,1.22,4.0,1.26,4.34,1.27,4.34
2017-04-17,Monte Carlo Masters,1st Round,Clay,Carreno Busta P.,Fognini F.,19,29.0,1.61,2.2,1.81,2.11,1.81,2.25
2017-04-17,Monte Carlo Masters,1st Round,Clay,Mannarino A.,Garcia-Lopez G.,56,100.0,2.5,1.5,2.52,1.59,2.62,1.6
2017-04-17,Monte Carlo Masters,1st Round,Clay,Berdych T.,Kuznetsov An.,12,78.0,1.22,4.0,1.25,4.46,1.29,4.46
2017-04-17,Monte Carlo Masters,1st Round,Clay,Almagro N.,Klizan M.,57,61.0,2.25,1.57,2.6,1.56,2.6,1.62
2017-04-17,Monte Carlo Masters,1st Round,Clay,Bautista Agut R.,Basilashvili N.,18,59.0,1.14,5.5,1.17,6.02,1.17,6.02
2017-04-17,Monte Carlo Masters,1st Round,Clay,Zverev A.,Seppi A.,20,75.0,1.16,5.0,1.19,5.42,1.19,5.42
2017-04-17,Monte Carlo Masters,1st Round,Clay,Cuevas P.,Troicki V.,27,38.0,1.44,2.62,1.51,2.77,1.53,2.77
2017-04-17,Monte Carlo Masters,1st Round,Clay,Schwartzman D.,Tomic B.,41,43.0,1.16,5.0,1.19,5.42,1.2,5.5
2017-04-18,Monte Carlo Masters,2nd Round,Clay,Goffin D.,Almagro N.,13,57.0,1.18,4.5,1.24,4.65,1.25,4.65
2017-04-18,Monte Carlo Masters,2nd Round,Clay,Cuevas P.,Sousa J.,27,36.0,1.4,2.75,1.49,2.84,1.49,2.9
2017-04-18,Monte Carlo Masters,2nd Round,Clay,Mannarino A.,Tsonga J.W.,56,10.0,5.5,1.14,6.1,1.16,6.1,1.17
2017-04-18,Monte Carlo Masters,2nd Round,Clay,Djokovic N.,Simon G.,2,32.0,1.08,8.0,1.12,7.79,1.12,8.25
2017-04-18,Monte Carlo Masters,1st Round,Clay,Lopez F.,Medvedev D.,39,62.0,1.53,2.37,1.52,2.73,1.59,2.8
2017-04-18,Monte Carlo Masters,1st Round,Clay,Chardy J.,Coric B.,71,49.0,1.72,2.0,1.87,2.04,1.9,2.1
2017-04-18,Monte Carlo Masters,1st Round,Clay,Berlocq C.,Herbert P.H.,66,90.0,1.3,3.4,1.32,3.79,1.4,3.85
2017-04-18,Monte Carlo Masters,1st Round,Clay,Haas T.,Paire B.,655,40.0,4.0,1.22,4.05,1.29,4.05,1.29
2017-04-18,Monte Carlo Masters,1st Round,Clay,Lorenzi P.,Granollers M.,37,65.0,1.44,2.62,1.56,2.62,1.56,2.7
2017-04-18,Monte Carlo Masters,1st Round,Clay,Haase R.,Dzumhur D.,46,92.0,,,,,,
2017-04-18,Monte Carlo Masters,1st Round,Clay,Struff J.L.,Ruud C.,58,127.0,1.28,3.5,1.34,3.6,1.36,3.9
2017-04-18,Monte Carlo Masters,1st Round,Clay,Pouille L.,Harrison R.,17,50.0,1.22,4.0,1.21,5.02,1.25,5.02
2017-04-18,Monte Carlo Masters,1st Round,Clay,Muller G.,Robredo T.,28,300.0,2.62,1.44,2.7,1.53,2.75,1.53
2017-04-18,Monte Carlo Masters,1st Round,Clay,Vesely J.,Zverev M.,54,35.0,1.36,3.0,1.38,3.35,1.44,3.35
2017-04-18,Monte Carlo Masters,1st Round,Clay,Khachanov K.,Mahut N.,52,47.0,1.44,2.62,1.56,2.6,1.56,2.65
2017-04-19,Monte Carlo Masters,2nd Round,Clay,Cilic M.,Chardy J.,8,71.0,1.72,2.0,1.72,2.25,1.77,2.25
2017-04-19,Monte Carlo Masters,2nd Round,Clay,Struff J.L.,Dimitrov G.,58,11.0,3.25,1.33,3.27,1.39,3.27,1.39
2017-04-19,Monte Carlo Masters,2nd Round,Clay,Schwartzman D.,Bautista Agut R.,41,18.0,2.5,1.5,2.52,1.59,2.55,1.61
2017-04-19,Monte Carlo Masters,2nd Round,Clay,Nadal R.,Edmund K.,7,45.0,1.05,11.0,1.05,13.44,1.06,15.0
2017-04-19,Monte Carlo Masters,2nd Round,Clay,Pouille L.,Lorenzi P.,17,37.0,1.33,3.25,1.37,3.4,1.39,3.45
2017-04-19,Monte Carlo Masters,2nd Round,Clay,Murray A.,Muller G.,1,28.0,1.1,7.0,1.1,8.67,1.1,8.67
2017-04-19,Monte Carlo Masters,2nd Round,Clay,Zverev A.,Lopez F.,20,39.0,1.22,4.0,1.25,4.46,1.26,4.46
2017-04-19,Monte Carlo Masters,2nd Round,Clay,Wawrinka S.,Vesely J.,3,54.0,1.18,4.5,1.22,4.85,1.22,4.85
2017-04-19,Monte Carlo Masters,2nd Round,Clay,Thiem D.,Haase R.,9,46.0,1.2,4.33,1.21,5.0,1.22,5.1
2017-04-19,Monte Carlo Masters,2nd Round,Clay,Carreno Busta P.,Khachanov K.,19,52.0,1.36,3.0,1.38,3.35,1.4,3.44
2017-04-19,Monte Carlo Masters,2nd Round,Clay,Berdych T.,Haas T.,12,655.0,1.12,6.0,1.16,6.16,1.16,6.2
2017-04-19,Monte Carlo Masters,2nd Round,Clay,Ramos-Vinolas A.,Berlocq C.,24,66.0,1.44,2.62,1.53,2.71,1.53,2.72
2017-04-20,Monte Carlo Masters,3rd Round,Clay,Schwartzman D.,Struff J.L.,41,58.0,1.5,2.62,1.56,2.63,1.57,2.72
2017-04-20,Monte Carlo Masters,3rd Round,Clay,Nadal R.,Zverev A.,7,20.0,1.36,3.25,1.36,3.49,1.4,3.56
2017-04-20,Monte Carlo Masters,3rd Round,Clay,Goffin D.,Thiem D.,13,9.0,2.37,1.57,2.29,1.71,2.5,1.71
2017-04-20,Monte Carlo Masters,3rd Round,Clay,Djokovic N.,Carreno Busta P.,2,19.0,1.12,6.0,1.13,7.29,1.17,7.29
2017-04-20,Monte Carlo Masters,3rd Round,Clay,Pouille L.,Mannarino A.,17,56.0,1.2,4.5,1.21,5.21,1.26,5.25
2017-04-20,Monte Carlo Masters,3rd Round,Clay,Ramos-Vinolas A.,Murray A.,24,1.0,4.5,1.2,4.55,1.25,5.05,1.25
2017-04-20,Monte Carlo Masters,3rd Round,Clay,Cilic M.,Berdych T.,8,12.0,1.72,2.1,1.72,2.28,1.8,2.28
2017-04-20,Monte Carlo Masters,3rd Round,Clay,Cuevas P.,Wawrinka S.,27,3.0,2.75,1.44,2.95,1.47,3.04,1.47
2017-04-21,Monte Carlo Masters,Quarterfinals,Clay,Ramos-Vinolas A.,Cilic M.,24,8.0,2.62,1.5,2.67,1.55,2.75,1.55
2017-04-21,Monte Carlo Masters,Quarterfinals,Clay,Pouille L.,Cuevas P.,17,27.0,2.37,1.57,2.36,1.68,2.45,1.68
2017-04-21,Monte Carlo Masters,Quarterfinals,Clay,Goffin D.,Djokovic N.,13,2.0,3.4,1.33,3.55,1.35,3.55,1.38
2017-04-21,Monte Carlo Masters,Quarterfinals,Clay,Nadal R.,Schwartzman D.,7,41.0,1.07,9.0,1.12,8.01,1.12,10.25
2017-04-22,Monte Carlo Masters,Semifinals,Clay,Nadal R.,Goffin D.,7,13.0,1.25,4.0,1.25,4.55,1.27,4.55
2017-04-22,Monte Carlo Masters,Semifinals,Clay,Ramos-Vinolas A.,Pouille L.,24,17.0,2.1,1.72,2.12,1.83,2.17,1.85
2017-04-23,Monte Carlo Masters,The Final,Clay,Nadal R.,Ramos-Vinolas A.,7,24.0,1.1,7.0,1.11,8.51,1.12,8.75
2017-04-24,Gazprom Hungarian Open,1st Round,Clay,Klizan M.,Marterer M.,59,132.0,1.5,2.5,1.59,2.49,1.6,2.6
2017-04-24,Gazprom Hungarian Open,1st Round,Clay,Lorenzi P.,Kukushkin M.,38,76.0,1.4,2.75,1.49,2.8,1.5,2.81
2017-04-24,Gazprom Hungarian Open,1st Round,Clay,Djere L.,Medvedev D.,184,63.0,1.9,1.8,2.11,1.8,2.31,1.8
2017-04-24,Gazprom Hungarian Open,1st Round,Clay,Dzumhur D.,Darcis S.,90,53.0,1.83,1.83,1.88,2.01,1.92,2.01
2017-04-24,Gazprom Hungarian Open,1st Round,Clay,Troicki V.,Donskoy E.,39,96.0,1.44,2.62,1.43,3.02,1.44,3.18
2017-04-24,Open Banco Sabadell ,1st Round,Clay,Anderson K.,Berlocq C.,66,62.0,1.72,2.0,1.89,2.0,1.92,2.12
2017-04-24,Open Banco Sabadell ,1st Round,Clay,Almagro N.,Diez S.,57,176.0,1.22,4.0,1.22,4.7,1.25,4.7
2017-04-24,Open Banco Sabadell ,1st Round,Clay,Montanes A.,Garcia-Lopez G.,312,115.0,4.0,1.22,4.36,1.25,4.36,1.29
2017-04-24,Open Banco Sabadell ,1st Round,Clay,Ruud C.,Albot R.,126,81.0,1.4,2.75,1.46,2.89,1.5,3.0
2017-04-24,Open Banco Sabadell ,1st Round,Clay,Granollers M.,Jaziri M.,65,67.0,1.9,1.8,1.88,2.01,2.1,2.01
2017-04-24,Open Banco Sabadell ,1st Round,Clay,Edmund K.,Chardy J.,42,70.0,1.53,2.37,1.78,2.14,1.78,2.4
2017-04-24,Open Banco Sabadell ,1st Round,Clay,Seppi A.,Ymer M.,74,409.0,1.44,2.62,1.55,2.61,1.57,2.65
2017-04-24,Open Banco Sabadell ,1st Round,Clay,Evans D.,Monteiro T.,43,80.0,2.75,1.4,2.97,1.44,3.0,1.54
2017-04-24,Open Banco Sabadell ,1st Round,Clay,Sugita Y.,Robredo T.,91,288.0,4.0,1.22,4.53,1.24,4.6,1.29
2017-04-25,Gazprom Hungarian Open,1st Round,Clay,Fucsovics M.,Youzhny M.,154,89.0,1.9,1.8,1.76,2.16,1.94,2.16
2017-04-25,Gazprom Hungarian Open,1st Round,Clay,Kuznetsov An.,Harrison R.,87,50.0,1.4,2.75,1.45,2.94,1.46,3.0
2017-04-25,Gazprom Hungarian Open,1st Round,Clay,Haase R.,Schwartzman D.,46,34.0,2.75,1.4,2.94,1.45,3.0,1.5
2017-04-25,Gazprom Hungarian Open,1st Round,Clay,Vesely J.,Coric B.,58,48.0,2.62,1.44,2.76,1.5,2.76,1.57
2017-04-25,Gazprom Hungarian Open,1st Round,Clay,Bedene A.,Copil M.,68,110.0,1.16,4.5,1.18,5.2,1.25,5.2
2017-04-25,Gazprom Hungarian Open,1st Round,Clay,Stakhovsky S.,Mayer F.,101,47.0,1.83,1.83,1.83,2.07,1.96,2.07
2017-04-25,Open Banco Sabadell ,2nd Round,Clay,Paire B.,Granollers M.,49,65.0,1.5,2.5,1.69,2.31,1.69,2.5
2017-04-25,Gazprom Hungarian Open,1st Round,Clay,Fratangelo B.,Simon G.,150,30.0,3.4,1.3,3.7,1.32,3.7,1.34
2017-04-25,Open Banco Sabadell ,2nd Round,Clay,Evans D.,Zverev M.,43,35.0,1.72,2.0,1.72,2.25,1.8,2.25
2017-04-25,Open Banco Sabadell ,2nd Round,Clay,Carreno Busta P.,Seppi A.,20,74.0,1.22,4.0,1.24,4.65,1.27,4.65
2017-04-25,Open Banco Sabadell ,1st Round,Clay,Basilashvili N.,Daniel T.,61,114.0,1.83,1.83,1.87,2.02,2.0,2.02
2017-04-25,Open Banco Sabadell ,1st Round,Clay,Tomic B.,Brown D.,41,75.0,2.37,1.53,2.24,1.71,2.5,1.71
2017-04-25,Open Banco Sabadell ,1st Round,Clay,Struff J.L.,Herbert P.H.,52,86.0,1.28,3.5,1.31,3.74,1.33,3.74
2017-04-25,Open Banco Sabadell ,1st Round,Clay,Chung H.,Istomin D.,94,73.0,1.44,2.62,1.5,2.76,1.5,3.0
2017-04-25,Open Banco Sabadell ,1st Round,Clay,Khachanov K.,Bellucci T.,56,54.0,1.72,2.0,1.83,2.07,1.91,2.07
2017-04-25,Open Banco Sabadell ,1st Round,Clay,Dutra Silva R.,Olivo R.,402,88.0,1.57,2.25,1.61,2.44,1.67,2.44
2017-04-25,Open Banco Sabadell ,1st Round,Clay,Zeballos H.,Giraldo S.,84,99.0,2.0,1.72,2.09,1.81,2.2,1.83
2017-04-25,Open Banco Sabadell ,2nd Round,Clay,Thiem D.,Edmund K.,9,42.0,1.3,3.4,1.36,3.44,1.36,3.56
2017-04-25,Open Banco Sabadell ,2nd Round,Clay,Zverev A.,Almagro N.,21,57.0,1.22,4.0,1.32,3.74,1.32,4.0
2017-04-25,Open Banco Sabadell ,2nd Round,Clay,Sugita Y.,Gasquet R.,91,23.0,6.0,1.12,5.63,1.18,6.04,1.19
2017-04-25,Open Banco Sabadell ,2nd Round,Clay,Anderson K.,Ferrer D.,66,32.0,2.2,1.61,2.37,1.66,2.4,1.66
2017-04-26,Gazprom Hungarian Open,2nd Round,Clay,Verdasco F.,Fucsovics M.,36,154.0,1.25,3.75,1.38,3.36,1.38,3.75
2017-04-26,Gazprom Hungarian Open,2nd Round,Clay,Bedene A.,Haase R.,68,46.0,1.66,2.1,1.75,2.2,1.75,2.2
2017-04-26,Gazprom Hungarian Open,2nd Round,Clay,Djere L.,Troicki V.,184,39.0,3.0,1.36,3.15,1.41,3.15,1.42
2017-04-26,Gazprom Hungarian Open,2nd Round,Clay,Karlovic I.,Dzumhur D.,22,90.0,2.5,1.5,2.73,1.52,2.73,1.6
2017-04-26,Open Banco Sabadell ,2nd Round,Clay,Murray A.,Tomic B.,1,41.0,1.07,9.0,1.09,9.35,1.09,9.5
2017-04-26,Open Banco Sabadell ,2nd Round,Clay,Chung H.,Kohlschreiber P.,94,31.0,3.25,1.33,3.56,1.34,3.56,1.38
2017-04-26,Open Banco Sabadell ,2nd Round,Clay,Goffin D.,Basilashvili N.,10,61.0,1.12,6.0,1.15,6.35,1.16,6.35
2017-04-26,Open Banco Sabadell ,2nd Round,Clay,Nadal R.,Dutra Silva R.,5,402.0,1.01,26.0,1.01,29.16,1.03,29.16
2017-04-26,Open Banco Sabadell ,2nd Round,Clay,Zeballos H.,Sousa J.,84,37.0,2.75,1.4,3.0,1.45,3.05,1.45
2017-04-26,Open Banco Sabadell ,2nd Round,Clay,Khachanov K.,Cuevas P.,56,26.0,2.75,1.4,3.3,1.39,3.3,1.44
2017-04-26,Open Banco Sabadell ,2nd Round,Clay,Bautista Agut R.,Struff J.L.,18,52.0,1.36,3.0,1.41,3.18,1.45,3.18
2017-04-26,Open Banco Sabadell ,2nd Round,Clay,Ramos-Vinolas A.,Ruud C.,19,126.0,1.3,3.4,1.33,3.69,1.36,3.69
2017-04-26,Open Banco Sabadell ,2nd Round,Clay,Lopez F.,Montanes A.,40,312.0,1.28,3.5,1.34,3.56,1.42,3.6
2017-04-27,Open Banco Sabadell ,3rd Round,Clay,Thiem D.,Evans D.,9,43.0,1.1,7.0,1.1,8.67,1.11,8.67
2017-04-27,Open Banco Sabadell ,3rd Round,Clay,Nadal R.,Anderson K.,5,66.0,1.05,11.0,1.05,13.9,1.06,14.5
2017-04-27,Gazprom Hungarian Open,2nd Round,Clay,Lorenzi P.,Stakhovsky S.,38,101.0,1.28,3.5,1.32,3.74,1.33,3.75
2017-04-27,Open Banco Sabadell ,3rd Round,Clay,Ramos-Vinolas A.,Bautista Agut R.,19,18.0,2.2,1.66,2.23,1.74,2.3,1.75
2017-04-27,Open Banco Sabadell ,3rd Round,Clay,Chung H.,Zverev A.,94,21.0,4.0,1.25,3.95,1.3,4.05,1.3
2017-04-27,Open Banco Sabadell ,3rd Round,Clay,Murray A.,Lopez F.,1,40.0,1.11,6.5,1.15,6.48,1.15,6.62
2017-04-27,Gazprom Hungarian Open,2nd Round,Clay,Kuznetsov An.,Fognini F.,87,29.0,2.25,1.57,2.4,1.65,2.4,1.67
2017-04-27,Gazprom Hungarian Open,2nd Round,Clay,Pouille L.,Vesely J.,14,58.0,1.4,2.75,1.52,2.73,1.53,2.75
2017-04-27,Gazprom Hungarian Open,2nd Round,Clay,Klizan M.,Fratangelo B.,59,150.0,1.4,2.75,1.52,2.73,1.52,2.75
2017-04-27,Open Banco Sabadell ,3rd Round,Clay,Zeballos H.,Paire B.,84,49.0,2.37,1.57,2.36,1.67,2.37,1.7
2017-04-27,Open Banco Sabadell ,3rd Round,Clay,Khachanov K.,Goffin D.,56,10.0,4.0,1.25,4.48,1.25,4.55,1.29
2017-04-27,Open Banco Sabadell ,3rd Round,Clay,Sugita Y.,Carreno Busta P.,91,20.0,7.0,1.1,8.05,1.11,8.05,1.11
2017-04-28,Gazprom Hungarian Open,Quarterfinals,Clay,Bedene A.,Karlovic I.,68,22.0,1.36,3.25,1.38,3.36,1.39,3.4
2017-04-28,Gazprom Hungarian Open,Quarterfinals,Clay,Djere L.,Verdasco F.,184,36.0,3.75,1.28,3.75,1.33,3.9,1.33
2017-04-28,Gazprom Hungarian Open,Quarterfinals,Clay,Lorenzi P.,Kuznetsov An.,38,87.0,2.1,1.72,2.17,1.79,2.25,1.79
2017-04-28,Gazprom Hungarian Open,Quarterfinals,Clay,Pouille L.,Klizan M.,14,59.0,1.57,2.37,1.63,2.46,1.63,2.5
2017-04-28,Open Banco Sabadell ,Quarterfinals,Clay,Zeballos H.,Khachanov K.,84,56.0,3.0,1.4,2.94,1.47,3.05,1.47
2017-04-28,Open Banco Sabadell ,Quarterfinals,Clay,Nadal R.,Chung H.,5,94.0,1.03,15.0,1.04,17.22,1.05,17.22
2017-04-28,Open Banco Sabadell ,Quarterfinals,Clay,Murray A.,Ramos-Vinolas A.,1,19.0,1.28,3.75,1.32,3.84,1.32,3.85
2017-04-28,Open Banco Sabadell ,Quarterfinals,Clay,Thiem D.,Sugita Y.,9,91.0,1.1,7.0,1.12,8.02,1.12,8.29
2017-04-29,Gazprom Hungarian Open,Semifinals,Clay,Pouille L.,Lorenzi P.,14,38.0,1.3,3.5,1.33,3.76,1.33,3.76
2017-04-29,Open Banco Sabadell ,Semifinals,Clay,Nadal R.,Zeballos H.,5,84.0,1.03,15.0,1.04,16.78,1.05,18.75
2017-04-29,Open Banco Sabadell ,Semifinals,Clay,Thiem D.,Murray A.,9,1.0,2.1,1.72,2.35,1.68,2.35,1.84
2017-04-29,Gazprom Hungarian Open,Semifinals,Clay,Bedene A.,Djere L.,68,184.0,1.25,4.0,1.29,4.14,1.3,4.28
2017-04-30,Gazprom Hungarian Open,The Final,Clay,Pouille L.,Bedene A.,14,68.0,1.57,2.37,1.63,2.47,1.65,2.47
2017-04-30,Open Banco Sabadell ,The Final,Clay,Nadal R.,Thiem D.,5,9.0,1.25,4.0,1.28,4.22,1.29,4.33
2017-05-01,Istanbul Open,1st Round,Clay,Darcis S.,Sela D.,49,99.0,1.16,5.0,1.18,5.47,1.22,5.6
2017-05-01,Istanbul Open,1st Round,Clay,Dutra Silva R.,Bellotti R.,401,204.0,1.28,3.5,1.24,4.46,1.3,4.55
2017-05-01,Istanbul Open,1st Round,Clay,Youzhny M.,Ilkel C.,88,323.0,1.16,5.0,1.25,4.36,1.25,5.0
2017-05-01,Istanbul Open,1st Round,Clay,Tomic B.,Safwat M.,40,216.0,1.36,3.0,1.46,2.91,1.46,3.1
2017-05-01,BMW Open,1st Round,Clay,Struff J.L.,Masur D.,48,209.0,1.11,6.5,1.1,8.33,1.13,8.94
2017-05-01,BMW Open,1st Round,Clay,Bellucci T.,Kukushkin M.,57,77.0,1.4,2.75,1.41,3.1,1.44,3.1
2017-05-01,BMW Open,1st Round,Clay,Haas T.,Stakhovsky S.,455,96.0,1.33,3.25,1.38,3.27,1.4,3.4
2017-05-01,BMW Open,1st Round,Clay,Hanfmann Y.,Melzer G.,273,115.0,2.25,1.57,2.24,1.71,2.3,1.74
2017-05-01,Istanbul Open,1st Round,Clay,Vesely J.,Granollers M.,59,70.0,1.53,2.37,1.5,2.76,1.54,2.78
2017-05-01,Millenium Estoril Open,1st Round,Clay,Robredo T.,Donskoy E.,287,95.0,1.57,2.25,1.6,2.47,1.64,2.47
2017-05-01,Millenium Estoril Open,1st Round,Clay,Elias G.,Jaziri M.,107,68.0,1.44,2.62,1.54,2.62,1.54,2.75
2017-05-01,Millenium Estoril Open,1st Round,Clay,Anderson K.,Caruso S.,66,206.0,1.28,3.5,1.29,3.9,1.33,4.03
2017-05-01,Millenium Estoril Open,1st Round,Clay,Silva F.F.,Istomin D.,426,74.0,4.0,1.22,4.21,1.26,4.22,1.3
2017-05-01,Istanbul Open,1st Round,Clay,Thompson J.,Menendez-Maceiras A.,91,175.0,1.8,1.9,1.87,2.02,1.92,2.12
2017-05-02,BMW Open,1st Round,Clay,Copil M.,Monteiro T.,109,81.0,2.62,1.44,2.55,1.57,2.75,1.57
2017-05-02,Istanbul Open,1st Round,Clay,Dzumhur D.,Tsitsipas S.,92,207.0,1.4,2.75,1.41,3.1,1.48,3.1
2017-05-02,Istanbul Open,1st Round,Clay,Djere L.,Brands D.,153,205.0,1.5,2.5,1.54,2.64,1.54,2.75
2017-05-02,Istanbul Open,1st Round,Clay,Bedene A.,Fucsovics M.,58,149.0,1.33,3.25,1.36,3.37,1.36,3.4
2017-05-02,Istanbul Open,1st Round,Clay,Khachanov K.,Basilashvili N.,42,61.0,1.53,2.37,1.68,2.3,1.68,2.38
2017-05-02,Istanbul Open,1st Round,Clay,Lajovic D.,Coric B.,84,54.0,3.0,1.36,3.09,1.42,3.29,1.42
2017-05-02,BMW Open,1st Round,Clay,Pella G.,Stebe C.M.,158,341.0,1.44,2.62,1.55,2.6,1.55,2.7
2017-05-02,BMW Open,1st Round,Clay,Kohlschreiber P.,Ruud C.,39,118.0,1.22,4.0,1.24,4.46,1.29,4.46
2017-05-02,BMW Open,1st Round,Clay,Klizan M.,Kicker N.,53,93.0,1.25,3.75,1.28,4.02,1.3,4.05
2017-05-02,BMW Open,1st Round,Clay,Zverev M.,Brown D.,32,75.0,1.72,2.0,1.94,1.94,1.95,2.0
2017-05-02,BMW Open,1st Round,Clay,Chardy J.,Kovalik J.,71,162.0,1.44,2.62,1.49,2.8,1.5,2.9
2017-05-02,BMW Open,1st Round,Clay,Chung H.,Marterer M.,78,128.0,1.4,2.75,1.5,2.76,1.5,3.0
2017-05-02,Istanbul Open,1st Round,Clay,Troicki V.,Baghdatis M.,38,60.0,1.3,3.4,1.36,3.4,1.37,3.45
2017-05-02,BMW Open,1st Round,Clay,Zeballos H.,Seppi A.,63,72.0,1.61,2.2,1.76,2.16,1.76,2.37
2017-05-02,Millenium Estoril Open,1st Round,Clay,Almagro N.,Paire B.,86,55.0,1.72,2.0,1.78,2.14,1.8,2.17
2017-05-02,Millenium Estoril Open,1st Round,Clay,Sousa P.,Mathieu P.H.,172,116.0,2.1,1.66,2.15,1.78,2.23,1.78
2017-05-02,Millenium Estoril Open,1st Round,Clay,Del Potro J.M.,Sugita Y.,33,73.0,1.16,5.0,1.18,5.47,1.18,6.0
2017-05-02,Millenium Estoril Open,1st Round,Clay,Harrison R.,Garcia-Lopez G.,52,120.0,2.0,1.72,2.1,1.81,2.1,1.81
2017-05-02,Millenium Estoril Open,1st Round,Clay,Daniel T.,Olivo R.,113,89.0,1.44,2.62,1.53,2.67,1.54,2.67
2017-05-02,Millenium Estoril Open,1st Round,Clay,Domingues J.,Edmund K.,242,41.0,6.0,1.12,6.83,1.13,7.0,1.16
2017-05-02,Millenium Estoril Open,1st Round,Clay,Fratangelo B.,Sousa J.,133,36.0,3.0,1.36,3.34,1.37,3.34,1.4
2017-05-02,Millenium Estoril Open,1st Round,Clay,Berlocq C.,Ymer E.,64,193.0,1.33,3.25,1.41,3.14,1.41,3.25
2017-05-03,Millenium Estoril Open,2nd Round,Clay,Anderson K.,Domingues J.,66,242.0,1.18,4.5,1.23,4.77,1.24,4.83
2017-05-03,Millenium Estoril Open,2nd Round,Clay,Almagro N.,Elias G.,86,107.0,1.4,2.75,1.5,2.8,1.5,2.8
2017-05-03,Millenium Estoril Open,2nd Round,Clay,Carreno Busta P.,Robredo T.,21,287.0,1.25,3.75,1.31,3.85,1.31,3.85
2017-05-03,Istanbul Open,2nd Round,Clay,Raonic M.,Bedene A.,6,58.0,1.36,3.0,1.43,3.05,1.43,3.08
2017-05-03,Istanbul Open,2nd Round,Clay,Darcis S.,Vesely J.,49,59.0,2.37,1.53,2.44,1.63,2.5,1.63
2017-05-03,Istanbul Open,2nd Round,Clay,Tomic B.,Dutra Silva R.,40,401.0,2.5,1.5,2.5,1.6,2.75,1.6
2017-05-03,Millenium Estoril Open,2nd Round,Clay,Gasquet R.,Berlocq C.,23,64.0,1.36,3.0,1.4,3.23,1.44,3.23
2017-05-03,BMW Open,2nd Round,Clay,Hanfmann Y.,Bellucci T.,273,57.0,3.75,1.25,4.22,1.27,4.22,1.29
2017-05-03,BMW Open,2nd Round,Clay,Bautista Agut R.,Copil M.,18,109.0,1.12,6.0,1.13,7.05,1.15,7.05
2017-05-03,BMW Open,2nd Round,Clay,Struff J.L.,Haas T.,48,455.0,1.61,2.2,1.56,2.6,1.61,2.6
2017-05-03,BMW Open,2nd Round,Clay,Zverev A.,Chardy J.,20,71.0,1.3,3.4,1.33,3.64,1.47,3.64
2017-05-03,Istanbul Open,2nd Round,Clay,Cilic M.,Dzumhur D.,8,92.0,1.28,3.5,1.36,3.44,1.37,3.7
2017-05-04,BMW Open,2nd Round,Clay,Chung H.,Monfils G.,78,16.0,2.37,1.53,2.37,1.66,2.47,1.66
2017-05-04,BMW Open,2nd Round,Clay,Klizan M.,Zverev M.,53,32.0,1.44,2.62,1.5,2.8,1.5,2.9
2017-05-04,BMW Open,2nd Round,Clay,Pella G.,Fognini F.,158,29.0,2.2,1.61,2.48,1.61,2.48,1.65
2017-05-04,Millenium Estoril Open,2nd Round,Clay,Muller G.,Sousa P.,28,172.0,1.5,2.5,1.58,2.55,1.61,2.55
2017-05-04,Istanbul Open,2nd Round,Clay,Troicki V.,Khachanov K.,38,42.0,2.25,1.57,2.27,1.71,2.4,1.74
2017-05-04,Istanbul Open,2nd Round,Clay,Djere L.,Lorenzi P.,153,35.0,2.37,1.53,2.32,1.68,2.4,1.71
2017-05-04,Istanbul Open,2nd Round,Clay,Lajovic D.,Youzhny M.,84,88.0,1.4,2.75,1.38,3.35,1.45,3.35
2017-05-04,Istanbul Open,2nd Round,Clay,Schwartzman D.,Thompson J.,46,91.0,1.2,4.33,1.2,5.24,1.23,5.3
2017-05-04,BMW Open,2nd Round,Clay,Zeballos H.,Kohlschreiber P.,63,39.0,4.0,1.22,4.14,1.28,4.2,1.29
2017-05-04,Millenium Estoril Open,2nd Round,Clay,Ferrer D.,Silva F.F.,31,426.0,1.16,5.0,1.19,5.46,1.19,5.5
2017-05-04,Millenium Estoril Open,2nd Round,Clay,Daniel T.,Fratangelo B.,113,133.0,2.25,1.57,2.36,1.67,2.45,1.67
2017-05-05,Millenium Estoril Open,Quarterfinals,Clay,Muller G.,Daniel T.,28,113.0,1.61,2.3,1.71,2.29,1.71,2.38
2017-05-05,Millenium Estoril Open,Quarterfinals,Clay,Anderson K.,Gasquet R.,66,23.0,2.62,1.5,2.88,1.49,2.88,1.58
2017-05-05,Millenium Estoril Open,Quarterfinals,Clay,Ferrer D.,Harrison R.,31,52.0,1.44,2.75,1.48,2.92,1.49,3.05
2017-05-05,Millenium Estoril Open,Quarterfinals,Clay,Carreno Busta P.,Almagro N.,21,86.0,1.8,2.0,1.78,2.19,1.95,2.19
2017-05-05,Millenium Estoril Open,2nd Round,Clay,Harrison R.,Del Potro J.M.,52,33.0,6.0,1.12,6.35,1.15,6.35,1.17
2017-05-05,BMW Open,Quarterfinals,Clay,Pella G.,Zeballos H.,158,63.0,1.9,1.9,1.83,2.11,1.91,2.11
2017-05-05,Istanbul Open,Quarterfinals,Clay,Cilic M.,Darcis S.,8,49.0,1.25,4.0,1.31,3.91,1.31,4.0
2017-05-05,Istanbul Open,Quarterfinals,Clay,Raonic M.,Tomic B.,6,40.0,1.14,5.5,1.19,5.53,1.19,5.8
2017-05-05,BMW Open,Quarterfinals,Clay,Bautista Agut R.,Hanfmann Y.,18,273.0,1.11,6.5,1.13,7.29,1.14,7.5
2017-05-05,BMW Open,Quarterfinals,Clay,Zverev A.,Struff J.L.,20,48.0,1.33,3.4,1.38,3.41,1.38,3.55
2017-05-05,Istanbul Open,Quarterfinals,Clay,Schwartzman D.,Lajovic D.,46,84.0,1.28,3.75,1.32,3.84,1.36,3.85
2017-05-05,Istanbul Open,Quarterfinals,Clay,Troicki V.,Djere L.,38,153.0,1.61,2.3,1.69,2.34,1.73,2.35
2017-05-06,BMW Open,Quarterfinals,Clay,Chung H.,Klizan M.,78,53.0,1.8,2.0,1.93,2.0,1.93,2.07
2017-05-06,Millenium Estoril Open,Semifinals,Clay,Muller G.,Anderson K.,28,66.0,2.1,1.72,2.22,1.76,2.25,1.82
2017-05-06,BMW Open,Semifinals,Clay,Zverev A.,Bautista Agut R.,20,18.0,1.72,2.1,1.84,2.1,1.84,2.15
2017-05-06,Istanbul Open,Semifinals,Clay,Raonic M.,Troicki V.,6,38.0,1.28,3.75,1.32,3.79,1.35,3.85
2017-05-06,Istanbul Open,Semifinals,Clay,Cilic M.,Schwartzman D.,8,46.0,1.61,2.3,1.68,2.35,1.68,2.4
2017-05-06,Millenium Estoril Open,Semifinals,Clay,Carreno Busta P.,Ferrer D.,21,31.0,1.57,2.37,1.67,2.37,1.67,2.45
2017-05-06,BMW Open,Semifinals,Clay,Pella G.,Chung H.,158,78.0,2.37,1.57,2.67,1.55,2.67,1.62
2017-05-07,Mutua Madrid Open,1st Round,Clay,Goffin D.,Khachanov K.,10,42.0,1.28,3.5,1.3,3.92,1.31,3.92
2017-05-07,Mutua Madrid Open,1st Round,Clay,Fognini F.,Sousa J.,29,41.0,1.57,2.25,1.72,2.25,1.78,2.38
2017-05-07,Millenium Estoril Open,The Final,Clay,Carreno Busta P.,Muller G.,21,28.0,1.36,3.25,1.36,3.5,1.38,3.55
2017-05-07,Istanbul Open,The Final,Clay,Cilic M.,Raonic M.,8,6.0,2.0,1.8,2.0,1.93,2.06,1.93
2017-05-07,BMW Open,The Final,Clay,Zverev A.,Pella G.,20,158.0,1.22,4.33,1.25,4.55,1.28,4.55
2017-05-08,Mutua Madrid Open,1st Round,Clay,Mahut N.,Sock J.,48,15.0,4.33,1.2,5.0,1.21,5.0,1.25
2017-05-08,Mutua Madrid Open,1st Round,Clay,Dimitrov G.,Kohlschreiber P.,12,37.0,1.61,2.2,1.74,2.22,1.75,2.31
2017-05-08,Mutua Madrid Open,1st Round,Clay,Copil M.,Garcia-Lopez G.,104,124.0,1.72,2.0,1.88,2.02,1.94,2.06
2017-05-08,Mutua Madrid Open,1st Round,Clay,Haase R.,Evans D.,45,58.0,1.53,2.37,1.6,2.5,1.63,2.5
2017-05-08,Mutua Madrid Open,1st Round,Clay,Mayer F.,Granollers M.,51,73.0,3.5,1.28,3.97,1.29,3.97,1.35
2017-05-08,Mutua Madrid Open,1st Round,Clay,Simon G.,Monfils G.,32,16.0,2.37,1.53,2.25,1.72,2.37,1.72
2017-05-08,Mutua Madrid Open,1st Round,Clay,Berdych T.,Istomin D.,14,85.0,1.14,5.5,1.17,6.0,1.18,6.0
2017-05-08,Mutua Madrid Open,1st Round,Clay,Cuevas P.,Bellucci T.,27,54.0,1.4,2.75,1.5,2.8,1.5,2.86
2017-05-08,Mutua Madrid Open,1st Round,Clay,Ferrer D.,Kukushkin M.,30,80.0,1.33,3.25,1.36,3.44,1.39,3.5
2017-05-08,Mutua Madrid Open,1st Round,Clay,Donaldson J.,Mannarino A.,78,50.0,2.37,1.53,2.45,1.62,2.47,1.64
2017-05-08,Mutua Madrid Open,1st Round,Clay,Kyrgios N.,Baghdatis M.,20,64.0,1.12,6.0,1.15,6.52,1.15,7.0
2017-05-08,Mutua Madrid Open,1st Round,Clay,Tsonga J.W.,Kuznetsov An.,11,82.0,1.4,2.75,1.49,2.82,1.5,3.0
2017-05-08,Mutua Madrid Open,1st Round,Clay,Lopez F.,Escobedo E.,38,81.0,1.4,2.75,1.47,2.91,1.48,2.92
2017-05-09,Mutua Madrid Open,2nd Round,Clay,Murray A.,Copil M.,1,104.0,1.08,8.0,1.07,10.71,1.08,11.0
2017-05-09,Mutua Madrid Open,1st Round,Clay,Herbert P.H.,Pouille L.,88,13.0,3.75,1.25,3.92,1.3,3.92,1.34
2017-05-09,Mutua Madrid Open,1st Round,Clay,Zverev A.,Verdasco F.,19,35.0,1.57,2.25,1.62,2.45,1.65,2.56
2017-05-09,Mutua Madrid Open,2nd Round,Clay,Thiem D.,Donaldson J.,9,78.0,1.08,8.0,1.08,9.87,1.1,10.0
2017-05-09,Mutua Madrid Open,1st Round,Clay,Muller G.,Haas T.,26,403.0,1.57,2.25,1.66,2.37,1.69,2.38
2017-05-09,Mutua Madrid Open,2nd Round,Clay,Goffin D.,Mayer F.,10,51.0,1.07,9.0,1.08,10.16,1.1,10.75
2017-05-09,Mutua Madrid Open,1st Round,Clay,Paire B.,Carreno Busta P.,52,18.0,3.25,1.33,3.59,1.34,3.59,1.37
2017-05-09,Mutua Madrid Open,1st Round,Clay,Schwartzman D.,Ramos-Vinolas A.,40,17.0,2.37,1.53,2.37,1.66,2.45,1.66
2017-05-09,Mutua Madrid Open,1st Round,Clay,Almagro N.,Robredo T.,76,266.0,1.33,3.25,1.39,3.28,1.4,3.25
2017-05-09,Mutua Madrid Open,1st Round,Clay,Karlovic I.,Bautista Agut R.,22,21.0,4.0,1.22,4.38,1.26,4.38,1.27
2017-05-09,Mutua Madrid Open,1st Round,Clay,Harrison R.,Tomic B.,47,39.0,2.1,1.66,2.23,1.74,2.23,1.76
2017-05-09,Mutua Madrid Open,1st Round,Clay,Coric B.,Zverev M.,59,31.0,1.36,3.0,1.43,3.08,1.43,3.08
2017-05-10,Mutua Madrid Open,2nd Round,Clay,Paire B.,Wawrinka S.,52,3.0,3.75,1.25,3.64,1.33,3.75,1.33
2017-05-10,Mutua Madrid Open,2nd Round,Clay,Zverev A.,Cilic M.,19,7.0,1.83,1.83,2.02,1.88,2.1,1.91
2017-05-10,Mutua Madrid Open,2nd Round,Clay,Dimitrov G.,Karlovic I.,12,22.0,1.28,3.5,1.33,3.64,1.35,3.65
2017-05-10,Mutua Madrid Open,2nd Round,Clay,Coric B.,Herbert P.H.,59,88.0,1.57,2.25,1.69,2.31,1.88,2.4
2017-05-10,Mutua Madrid Open,2nd Round,Clay,Lopez F.,Simon G.,38,32.0,1.72,2.0,1.72,2.25,1.77,2.25
2017-05-10,Mutua Madrid Open,2nd Round,Clay,Cuevas P.,Mahut N.,27,48.0,1.2,4.33,1.24,4.65,1.25,4.7
2017-05-10,Mutua Madrid Open,2nd Round,Clay,Nadal R.,Fognini F.,5,29.0,1.08,8.0,1.11,8.37,1.11,9.5
2017-05-10,Mutua Madrid Open,2nd Round,Clay,Djokovic N.,Almagro N.,2,76.0,1.14,5.5,1.19,5.42,1.2,5.65
2017-05-10,Mutua Madrid Open,2nd Round,Clay,Ferrer D.,Tsonga J.W.,30,11.0,2.75,1.4,3.0,1.45,3.0,1.5
2017-05-10,Mutua Madrid Open,2nd Round,Clay,Raonic M.,Muller G.,6,26.0,1.33,3.25,1.36,3.44,1.36,3.56
2017-05-10,Mutua Madrid Open,2nd Round,Clay,Nishikori K.,Schwartzman D.,8,40.0,1.61,2.2,1.71,2.27,1.72,2.5
2017-05-10,Mutua Madrid Open,2nd Round,Clay,Kyrgios N.,Harrison R.,20,47.0,1.16,5.0,1.18,5.63,1.2,5.85
2017-05-10,Mutua Madrid Open,2nd Round,Clay,Berdych T.,Haase R.,14,45.0,1.36,3.0,1.43,3.05,1.43,3.15
2017-05-11,Mutua Madrid Open,3rd Round,Clay,Nishikori K.,Ferrer D.,8,30.0,1.28,3.75,1.28,4.14,1.34,4.15
2017-05-11,Mutua Madrid Open,3rd Round,Clay,Djokovic N.,Lopez F.,2,38.0,1.14,5.5,1.18,5.77,1.19,5.9
2017-05-11,Mutua Madrid Open,3rd Round,Clay,Goffin D.,Raonic M.,10,6.0,1.9,1.9,1.96,1.96,1.96,1.96
2017-05-11,Mutua Madrid Open,3rd Round,Clay,Zverev A.,Berdych T.,19,14.0,1.66,2.2,1.76,2.21,1.76,2.31
2017-05-11,Mutua Madrid Open,3rd Round,Clay,Coric B.,Murray A.,59,1.0,6.0,1.12,6.0,1.17,6.8,1.17
2017-05-11,Mutua Madrid Open,3rd Round,Clay,Thiem D.,Dimitrov G.,9,12.0,1.5,2.62,1.54,2.69,1.55,2.8
2017-05-11,Mutua Madrid Open,3rd Round,Clay,Cuevas P.,Paire B.,27,52.0,1.72,2.1,1.7,2.32,1.82,2.32
2017-05-11,Mutua Madrid Open,3rd Round,Clay,Nadal R.,Kyrgios N.,5,20.0,1.4,3.0,1.45,3.03,1.45,3.15
2017-05-12,Mutua Madrid Open,Quarterfinals,Clay,Thiem D.,Coric B.,9,59.0,1.3,3.5,1.34,3.62,1.34,3.75
2017-05-12,Mutua Madrid Open,Quarterfinals,Clay,Nadal R.,Goffin D.,5,10.0,1.14,5.5,1.18,5.77,1.18,5.8
2017-05-12,Mutua Madrid Open,Quarterfinals,Clay,Djokovic N.,Nishikori K.,2,8.0,1.44,2.75,1.47,2.94,1.48,3.0
2017-05-12,Mutua Madrid Open,Quarterfinals,Clay,Cuevas P.,Zverev A.,27,19.0,3.25,1.36,3.06,1.44,3.25,1.44
2017-05-13,Mutua Madrid Open,Semifinals,Clay,Nadal R.,Djokovic N.,5,2.0,1.44,2.75,1.45,3.03,1.47,3.05
2017-05-13,Mutua Madrid Open,Semifinals,Clay,Thiem D.,Cuevas P.,9,27.0,1.4,3.0,1.43,3.13,1.43,3.27
2017-05-14,Mutua Madrid Open,The Final,Clay,Nadal R.,Thiem D.,5,9.0,1.14,5.5,1.18,5.8,1.2,5.9
2017-05-14,Internazionali BNL d'Italia,1st Round,Clay,Verdasco F.,Young D.,37,45.0,1.2,4.33,1.22,4.85,1.27,4.85
2017-05-14,Internazionali BNL d'Italia,1st Round,Clay,Fognini F.,Berrettini M.,29,249.0,1.16,5.0,1.21,5.0,1.21,5.34
2017-05-14,Internazionali BNL d'Italia,1st Round,Clay,Isner J.,Ramos-Vinolas A.,24,19.0,2.75,1.4,2.8,1.5,2.88,1.52
2017-05-14,Internazionali BNL d'Italia,1st Round,Clay,Vesely J.,Evans D.,62,56.0,1.5,2.5,1.52,2.73,1.58,2.73
2017-05-15,Internazionali BNL d'Italia,1st Round,Clay,Berlocq C.,Haase R.,68,43.0,2.0,1.72,1.92,1.99,2.13,1.99
2017-05-15,Internazionali BNL d'Italia,1st Round,Clay,Harrison R.,Donaldson J.,42,71.0,1.8,1.9,1.92,1.99,1.93,2.0
2017-05-15,Internazionali BNL d'Italia,1st Round,Clay,Del Potro J.M.,Dimitrov G.,34,11.0,1.72,2.0,1.8,2.13,1.8,2.21
2017-05-15,Internazionali BNL d'Italia,1st Round,Clay,Mayer F.,Monteiro T.,46,98.0,2.75,1.4,2.91,1.47,2.91,1.49
2017-05-15,Internazionali BNL d'Italia,1st Round,Clay,Edmund K.,Sousa J.,53,51.0,1.57,2.25,1.72,2.25,1.74,2.25
2017-05-15,Internazionali BNL d'Italia,1st Round,Clay,Almagro N.,Seppi A.,73,76.0,1.36,3.0,1.41,3.17,1.44,3.17
2017-05-15,Internazionali BNL d'Italia,1st Round,Clay,Berdych T.,Zverev M.,13,32.0,1.14,5.5,1.15,6.35,1.17,6.7
2017-05-15,Internazionali BNL d'Italia,1st Round,Clay,Goffin D.,Bellucci T.,10,59.0,1.16,5.0,1.19,5.42,1.21,5.45
2017-05-15,Internazionali BNL d'Italia,1st Round,Clay,Bedene A.,Mager G.,55,363.0,1.07,9.0,1.1,8.67,1.1,10.3
2017-05-15,Internazionali BNL d'Italia,1st Round,Clay,Struff J.L.,Tomic B.,52,40.0,1.28,3.5,1.35,3.52,1.35,3.6
2017-05-15,Internazionali BNL d'Italia,1st Round,Clay,Querrey S.,Pouille L.,28,16.0,3.25,1.33,3.74,1.32,3.74,1.33
2017-05-15,Internazionali BNL d'Italia,1st Round,Clay,Troicki V.,Napolitano S.,36,181.0,1.22,4.0,1.34,3.56,1.34,4.0
2017-05-16,Internazionali BNL d'Italia,2nd Round,Clay,Djokovic N.,Bedene A.,2,55.0,1.11,6.5,1.12,7.65,1.14,7.66
2017-05-16,Internazionali BNL d'Italia,2nd Round,Clay,Berdych T.,Berlocq C.,13,68.0,1.33,3.25,1.4,3.22,1.4,3.5
2017-05-16,Internazionali BNL d'Italia,1st Round,Clay,Paire B.,Mahut N.,44,48.0,1.4,2.75,1.49,2.84,1.53,2.95
2017-05-16,Internazionali BNL d'Italia,2nd Round,Clay,Fognini F.,Murray A.,29,1.0,2.62,1.44,3.27,1.39,3.27,1.5
2017-05-16,Internazionali BNL d'Italia,2nd Round,Clay,Isner J.,Mayer F.,24,46.0,1.36,3.0,1.35,3.52,1.37,3.52
2017-05-16,Internazionali BNL d'Italia,2nd Round,Clay,Cilic M.,Harrison R.,8,42.0,1.16,5.0,1.14,6.76,1.17,6.76
2017-05-16,Internazionali BNL d'Italia,2nd Round,Clay,Goffin D.,Verdasco F.,10,37.0,1.4,2.75,1.48,2.86,1.52,2.98
2017-05-16,Internazionali BNL d'Italia,1st Round,Clay,Sock J.,Schwartzman D.,14,39.0,2.1,1.66,2.11,1.81,2.13,1.81
2017-05-16,Internazionali BNL d'Italia,1st Round,Clay,Haas T.,Escobedo E.,386,78.0,1.8,1.9,1.95,1.95,1.95,2.05
2017-05-16,Internazionali BNL d'Italia,1st Round,Clay,Carreno Busta P.,Simon G.,21,31.0,1.4,2.75,1.48,2.86,1.49,2.86
2017-05-16,Internazionali BNL d'Italia,1st Round,Clay,Ferrer D.,Lopez F.,30,35.0,1.83,1.83,1.91,2.0,2.01,2.0
2017-05-16,Internazionali BNL d'Italia,1st Round,Clay,Zverev A.,Anderson K.,17,63.0,1.36,3.0,1.42,3.11,1.43,3.4
2017-05-16,Internazionali BNL d'Italia,1st Round,Clay,Cuevas P.,Mannarino A.,23,47.0,1.22,4.0,1.3,3.92,1.3,4.1
2017-05-16,Internazionali BNL d'Italia,1st Round,Clay,Bautista Agut R.,Dolgopolov A.,20,89.0,1.4,2.75,1.42,3.14,1.42,3.35
2017-05-17,Internazionali BNL d'Italia,2nd Round,Clay,Wawrinka S.,Paire B.,3,44.0,1.33,3.25,1.39,3.27,1.41,3.27
2017-05-17,Internazionali BNL d'Italia,2nd Round,Clay,Nishikori K.,Ferrer D.,9,30.0,1.25,3.75,1.29,4.05,1.3,4.12
2017-05-17,Internazionali BNL d'Italia,2nd Round,Clay,Nadal R.,Almagro N.,4,73.0,1.06,9.0,1.08,9.87,1.1,11.0
2017-05-17,Internazionali BNL d'Italia,2nd Round,Clay,Del Potro J.M.,Edmund K.,34,53.0,1.25,3.75,1.25,4.46,1.31,4.71
2017-05-17,Internazionali BNL d'Italia,2nd Round,Clay,Zverev A.,Troicki V.,17,36.0,1.2,4.33,1.26,4.3,1.26,4.45
2017-05-17,Internazionali BNL d'Italia,2nd Round,Clay,Sock J.,Vesely J.,14,62.0,1.5,2.5,1.52,2.73,1.57,2.73
2017-05-17,Internazionali BNL d'Italia,2nd Round,Clay,Raonic M.,Haas T.,6,386.0,1.14,5.5,1.12,7.42,1.16,7.5
2017-05-17,Internazionali BNL d'Italia,2nd Round,Clay,Bautista Agut R.,Carreno Busta P.,20,21.0,1.9,1.8,2.05,1.86,2.12,1.86
2017-05-17,Internazionali BNL d'Italia,2nd Round,Clay,Thiem D.,Cuevas P.,7,23.0,1.33,3.25,1.39,3.27,1.39,3.56
2017-05-17,Internazionali BNL d'Italia,2nd Round,Clay,Querrey S.,Struff J.L.,28,52.0,2.0,1.72,2.28,1.71,2.28,1.75
2017-05-18,Internazionali BNL d'Italia,3rd Round,Clay,Del Potro J.M.,Nishikori K.,34,9.0,1.9,1.9,1.85,2.09,1.95,2.09
2017-05-18,Internazionali BNL d'Italia,3rd Round,Clay,Thiem D.,Querrey S.,7,28.0,1.14,5.5,1.17,6.16,1.2,6.4
2017-05-18,Internazionali BNL d'Italia,3rd Round,Clay,Nadal R.,Sock J.,4,14.0,1.04,11.0,1.04,16.09,1.07,17.25
2017-05-18,Internazionali BNL d'Italia,3rd Round,Clay,Djokovic N.,Bautista Agut R.,2,20.0,1.22,4.33,1.25,4.62,1.25,4.75
2017-05-18,Internazionali BNL d'Italia,3rd Round,Clay,Raonic M.,Berdych T.,6,13.0,1.57,2.37,1.64,2.45,1.69,2.47
2017-05-18,Internazionali BNL d'Italia,3rd Round,Clay,Cilic M.,Goffin D.,8,10.0,2.2,1.66,2.43,1.65,2.45,1.7
2017-05-18,Internazionali BNL d'Italia,3rd Round,Clay,Zverev A.,Fognini F.,17,29.0,1.72,2.1,1.7,2.31,1.8,2.31
2017-05-18,Internazionali BNL d'Italia,3rd Round,Clay,Isner J.,Wawrinka S.,24,3.0,3.5,1.3,3.38,1.38,3.5,1.38
2017-05-19,Internazionali BNL d'Italia,Quarterfinals,Clay,Isner J.,Cilic M.,24,8.0,3.0,1.4,3.24,1.41,3.24,1.42
2017-05-19,Internazionali BNL d'Italia,Quarterfinals,Clay,Zverev A.,Raonic M.,17,6.0,2.0,1.8,2.12,1.83,2.15,1.91
2017-05-19,Internazionali BNL d'Italia,Quarterfinals,Clay,Thiem D.,Nadal R.,7,4.0,6.0,1.12,6.92,1.14,7.0,1.2
2017-05-20,Internazionali BNL d'Italia,Semifinals,Clay,Zverev A.,Isner J.,17,24.0,1.33,3.4,1.36,3.55,1.4,3.72
2017-05-20,Internazionali BNL d'Italia,Semifinals,Clay,Djokovic N.,Thiem D.,2,7.0,1.57,2.37,1.66,2.4,1.7,2.64
2017-05-20,Internazionali BNL d'Italia,Quarterfinals,Clay,Djokovic N.,Del Potro J.M.,2,34.0,1.44,2.75,1.46,2.99,1.51,2.99
2017-05-21,Internazionali BNL d'Italia,The Final,Clay,Zverev A.,Djokovic N.,17,2.0,5.0,1.16,5.01,1.22,5.06,1.22
2017-05-21,Geneva Open,1st Round,Clay,Kuznetsov An.,Bellucci T.,85,59.0,1.83,1.83,1.94,1.94,2.0,1.94
2017-05-21,Lyon Open,1st Round,Clay,Thompson J.,Paire B.,90,45.0,3.25,1.33,3.5,1.34,3.74,1.36
2017-05-21,Lyon Open,1st Round,Clay,Basilashvili N.,Coric B.,71,40.0,3.75,1.25,4.1,1.27,4.33,1.29
2017-05-22,Lyon Open,1st Round,Clay,Simon G.,Medvedev D.,32,65.0,1.3,3.4,1.34,3.57,1.38,3.78
2017-05-22,Lyon Open,1st Round,Clay,Kicker N.,Brown D.,94,75.0,2.1,1.66,2.02,1.87,2.12,1.87
2017-05-22,Lyon Open,1st Round,Clay,Chung H.,Young D.,68,51.0,1.28,3.5,1.3,3.82,1.33,3.85
2017-05-22,Lyon Open,1st Round,Clay,Seppi A.,Dzumhur D.,83,96.0,2.0,1.72,2.05,1.85,2.1,1.85
2017-05-22,Lyon Open,1st Round,Clay,Elias G.,Albot R.,125,86.0,1.61,2.2,1.65,2.37,1.67,2.38
2017-05-22,Lyon Open,1st Round,Clay,Istomin D.,Kokkinakis T.,81,,1.5,2.5,1.67,2.33,1.67,2.5
2017-05-22,Geneva Open,1st Round,Clay,Querrey S.,Altmaier D.,28,259.0,1.16,4.5,1.19,5.32,1.2,5.5
2017-05-22,Geneva Open,1st Round,Clay,Anderson K.,Lorenzi P.,62,34.0,1.4,2.75,1.43,3.05,1.43,3.05
2017-05-22,Geneva Open,1st Round,Clay,Kukushkin M.,Marcora R.,88,837.0,1.25,3.75,1.26,4.3,1.28,4.3
2017-05-22,Geneva Open,1st Round,Clay,Donaldson J.,Estrella Burgos V.,72,89.0,1.66,2.1,1.71,2.24,1.75,2.26
2017-05-22,Geneva Open,1st Round,Clay,Zverev M.,Haase R.,33,46.0,2.75,1.4,2.97,1.44,2.97,1.47
2017-05-22,Geneva Open,1st Round,Clay,Skugor F.,Robredo T.,344,271.0,3.75,1.25,3.42,1.36,3.75,1.36
2017-05-23,Geneva Open,1st Round,Clay,Zeballos H.,Lajovic D.,64,79.0,1.57,2.25,1.68,2.3,1.68,2.38
2017-05-23,Lyon Open,1st Round,Clay,Khachanov K.,Olivo R.,54,91.0,1.22,4.0,1.23,4.67,1.23,4.85
2017-05-23,Lyon Open,1st Round,Clay,Berlocq C.,Sandgren T.,63,112.0,1.25,3.75,1.26,4.25,1.3,4.33
2017-05-23,Lyon Open,1st Round,Clay,Edmund K.,Monteiro T.,50,95.0,1.33,3.25,1.42,3.09,1.43,3.25
2017-05-23,Lyon Open,1st Round,Clay,Del Potro J.M.,Halys Q.,30,126.0,1.08,8.0,1.11,7.74,1.11,10.0
2017-05-23,Geneva Open,1st Round,Clay,Stebe C.M.,Struff J.L.,314,47.0,5.5,1.14,5.27,1.19,5.76,1.19
2017-05-23,Lyon Open,2nd Round,Clay,Basilashvili N.,Seppi A.,71,83.0,2.0,1.72,2.16,1.78,2.16,1.83
2017-05-23,Geneva Open,2nd Round,Clay,Anderson K.,Donaldson J.,62,72.0,1.36,3.0,1.3,3.92,1.39,4.2
2017-05-23,Geneva Open,2nd Round,Clay,Nishikori K.,Kukushkin M.,9,88.0,1.11,6.5,1.13,7.06,1.15,7.06
2017-05-23,Geneva Open,1st Round,Clay,Dutra Silva R.,Sousa J.,380,57.0,2.5,1.5,2.58,1.56,2.58,1.6
2017-05-23,Geneva Open,1st Round,Clay,Tipsarevic J.,Harrison R.,61,42.0,1.44,2.62,1.51,2.73,1.59,2.73
2017-05-23,Lyon Open,2nd Round,Clay,Kicker N.,Kyrgios N.,94,19.0,5.0,1.16,5.39,1.19,5.5,1.21
2017-05-23,Geneva Open,1st Round,Clay,Johnson S.,Robert S.,26,113.0,1.25,3.75,1.24,4.44,1.32,4.44
2017-05-24,Lyon Open,2nd Round,Clay,Raonic M.,Istomin D.,6,81.0,1.11,6.5,1.16,6.1,1.16,7.0
2017-05-24,Lyon Open,2nd Round,Clay,Elias G.,Del Potro J.M.,125,30.0,6.0,1.12,6.02,1.17,6.02,1.19
2017-05-24,Lyon Open,2nd Round,Clay,Khachanov K.,Thompson J.,54,90.0,1.33,3.25,1.36,3.45,1.36,3.61
2017-05-24,Lyon Open,2nd Round,Clay,Tsonga J.W.,Berlocq C.,13,63.0,1.44,2.62,1.52,2.73,1.56,2.79
2017-05-24,Lyon Open,2nd Round,Clay,Simon G.,Edmund K.,32,50.0,1.9,1.8,2.02,1.88,2.05,1.93
2017-05-24,Lyon Open,2nd Round,Clay,Berdych T.,Chung H.,14,68.0,1.61,2.2,1.72,2.25,1.75,2.38
2017-05-24,Geneva Open,2nd Round,Clay,Wawrinka S.,Dutra Silva R.,3,380.0,1.18,4.5,1.19,5.54,1.22,5.54
2017-05-24,Geneva Open,2nd Round,Clay,Stebe C.M.,Tipsarevic J.,314,61.0,3.75,1.25,4.46,1.25,4.76,1.26
2017-05-24,Geneva Open,2nd Round,Clay,Zverev M.,Isner J.,33,22.0,3.0,1.36,3.17,1.41,3.17,1.44
2017-05-24,Geneva Open,2nd Round,Clay,Johnson S.,Zeballos H.,26,64.0,1.72,2.0,1.81,2.11,1.83,2.11
2017-05-24,Geneva Open,2nd Round,Clay,Querrey S.,Skugor F.,28,344.0,1.2,4.33,1.24,4.65,1.25,4.65
2017-05-24,Geneva Open,2nd Round,Clay,Kuznetsov An.,Ramos-Vinolas A.,85,20.0,2.0,1.72,2.2,1.75,2.2,1.8
2017-05-25,Geneva Open,Quarterfinals,Clay,Kuznetsov An.,Stebe C.M.,85,314.0,1.2,4.5,1.23,4.8,1.23,4.8
2017-05-25,Geneva Open,Quarterfinals,Clay,Wawrinka S.,Querrey S.,3,28.0,1.44,2.75,1.48,2.9,1.48,2.92
2017-05-25,Geneva Open,Quarterfinals,Clay,Nishikori K.,Anderson K.,9,62.0,1.3,3.5,1.36,3.55,1.37,3.56
2017-05-25,Geneva Open,Quarterfinals,Clay,Zverev M.,Johnson S.,33,26.0,2.5,1.53,2.74,1.53,2.74,1.59
2017-05-25,Lyon Open,Quarterfinals,Clay,Tsonga J.W.,Khachanov K.,13,54.0,1.53,2.5,1.58,2.58,1.59,2.75
2017-05-25,Lyon Open,Quarterfinals,Clay,Basilashvili N.,Kicker N.,71,94.0,1.57,2.37,1.65,2.41,1.83,2.41
2017-05-25,Lyon Open,Quarterfinals,Clay,Berdych T.,Simon G.,14,32.0,1.44,2.75,1.47,2.97,1.56,2.97
2017-05-25,Lyon Open,Quarterfinals,Clay,Raonic M.,Elias G.,6,125.0,1.12,6.0,1.16,6.46,1.16,6.46
2017-05-26,Lyon Open,Semifinals,Clay,Tsonga J.W.,Basilashvili N.,13,71.0,1.25,4.0,1.24,4.65,1.29,4.65
2017-05-26,Lyon Open,Semifinals,Clay,Berdych T.,Raonic M.,14,6.0,2.5,1.53,2.71,1.54,2.71,1.61
2017-05-26,Geneva Open,Semifinals,Clay,Zverev M.,Nishikori K.,33,9.0,4.5,1.2,4.92,1.22,5.05,1.23
2017-05-26,Geneva Open,Semifinals,Clay,Wawrinka S.,Kuznetsov An.,3,85.0,1.3,3.5,1.31,3.92,1.35,3.92
2017-05-27,Lyon Open,The Final,Clay,Tsonga J.W.,Berdych T.,13,14.0,2.0,1.8,2.04,1.88,2.04,1.88
2017-05-27,Geneva Open,The Final,Clay,Wawrinka S.,Zverev M.,3,33.0,1.22,4.33,1.26,4.44,1.27,4.44
2017-05-28,French Open,1st Round,Clay,Kukushkin M.,Sandgren T.,85,113.0,1.44,2.75,1.5,2.8,1.5,2.88
2017-05-28,French Open,1st Round,Clay,Bellucci T.,Lajovic D.,61,81.0,1.53,2.5,1.56,2.6,1.56,2.65
2017-05-28,French Open,1st Round,Clay,Pouille L.,Benneteau J.,17,98.0,1.08,8.0,1.08,9.87,1.08,10.1
2017-05-28,French Open,1st Round,Clay,Robredo T.,Evans D.,274,55.0,1.61,2.3,1.65,2.4,1.69,2.4
2017-05-28,French Open,1st Round,Clay,Haase R.,De Minaur A.,46,240.0,1.14,5.5,1.16,6.05,1.18,6.95
2017-05-28,French Open,1st Round,Clay,Trungelliti M.,Halys Q.,162,126.0,2.0,1.8,2.2,1.75,2.2,1.85
2017-05-28,French Open,1st Round,Clay,Karlovic I.,Tsitsipas S.,24,205.0,1.66,2.2,1.75,2.2,1.75,2.33
2017-05-28,French Open,1st Round,Clay,Thiem D.,Tomic B.,7,39.0,1.01,17.0,1.04,16.3,1.04,17.0
2017-05-28,French Open,1st Round,Clay,Carreno Busta P.,Mayer F.,21,44.0,1.08,8.0,1.09,9.35,1.17,9.35
2017-05-28,French Open,1st Round,Clay,Daniel T.,Janowicz J.,102,164.0,1.72,2.1,1.69,2.3,1.77,2.31
2017-05-28,French Open,1st Round,Clay,Bonzi B.,Medvedev D.,266,66.0,2.75,1.44,2.95,1.46,2.95,1.48
2017-05-28,French Open,1st Round,Clay,Ramos-Vinolas A.,Copil M.,20,94.0,1.2,4.5,1.22,4.85,1.23,4.85
2017-05-28,French Open,1st Round,Clay,Garcia-Lopez G.,Muller G.,153,27.0,3.0,1.4,3.22,1.4,3.22,1.46
2017-05-28,French Open,1st Round,Clay,Zeballos H.,Mannarino A.,65,54.0,2.0,1.8,2.09,1.83,2.09,1.91
2017-05-28,French Open,1st Round,Clay,Dimitrov G.,Robert S.,13,114.0,1.01,17.0,1.03,17.65,1.04,17.65
2017-05-29,French Open,1st Round,Clay,Seppi A.,Giraldo S.,83,107.0,1.66,2.2,1.77,2.18,1.77,2.2
2017-05-29,French Open,1st Round,Clay,Kravchuk K.,Delbonis F.,129,139.0,6.5,1.11,6.2,1.16,6.6,1.16
2017-05-29,French Open,1st Round,Clay,Cilic M.,Gulbis E.,8,230.0,1.06,10.0,1.06,12.02,1.08,12.02
2017-05-29,French Open,1st Round,Clay,Ferrer D.,Young D.,33,51.0,1.14,5.5,1.16,6.16,1.16,6.62
2017-05-29,French Open,1st Round,Clay,Estrella Burgos V.,Gabashvili T.,90,146.0,2.62,1.5,2.73,1.52,2.75,1.57
2017-05-29,French Open,1st Round,Clay,Fognini F.,Tiafoe F.,29,68.0,1.3,3.5,1.4,3.25,1.42,3.5
2017-05-29,French Open,1st Round,Clay,Lopez F.,Fratangelo B.,36,138.0,1.5,2.62,1.51,2.76,1.57,2.78
2017-05-29,French Open,1st Round,Clay,Kicker N.,Dzumhur D.,87,96.0,2.62,1.5,2.84,1.49,2.84,1.61
2017-05-29,French Open,1st Round,Clay,Coric B.,Bourgue M.,40,156.0,1.1,7.0,1.13,7.05,1.13,7.45
2017-05-29,French Open,1st Round,Clay,Gasquet R.,De Greef A.,25,127.0,1.11,6.5,1.11,8.02,1.13,8.14
2017-05-29,French Open,1st Round,Clay,Herbert P.H.,Donaldson J.,82,72.0,1.72,2.1,1.72,2.25,1.73,2.28
2017-05-29,French Open,1st Round,Clay,Cuevas P.,Hamou M.,23,287.0,1.06,10.0,1.07,11.0,1.09,11.0
2017-05-29,French Open,1st Round,Clay,Nadal R.,Paire B.,4,45.0,1.01,21.0,1.02,22.73,1.02,26.86
2017-05-29,French Open,1st Round,Clay,Bolelli S.,Mahut N.,470,48.0,1.8,2.0,1.75,2.2,1.83,2.2
2017-05-29,French Open,1st Round,Clay,Dutra Silva R.,Youzhny M.,380,86.0,1.66,2.2,1.74,2.22,1.74,2.3
2017-05-29,French Open,1st Round,Clay,Bedene A.,Harrison R.,52,42.0,1.25,4.0,1.25,4.46,1.25,4.46
2017-05-29,French Open,1st Round,Clay,Stakhovsky S.,Lu Y.H.,123,60.0,1.5,2.62,1.43,3.05,1.52,3.07
2017-05-29,French Open,1st Round,Clay,Goffin D.,Mathieu P.H.,12,120.0,1.07,9.0,1.08,10.44,1.08,10.5
2017-05-29,French Open,1st Round,Clay,Schwartzman D.,Rublev A.,41,118.0,1.12,6.0,1.13,7.05,1.14,7.1
2017-05-29,French Open,1st Round,Clay,Basilashvili N.,Simon G.,63,32.0,2.75,1.44,2.95,1.46,3.08,1.5
2017-05-29,French Open,1st Round,Clay,Troicki V.,Donskoy E.,35,99.0,1.16,5.0,1.21,5.0,1.21,5.05
2017-05-29,French Open,1st Round,Clay,Raonic M.,Darcis S.,6,38.0,1.08,8.0,1.1,8.67,1.1,8.75
2017-05-29,French Open,1st Round,Clay,Vesely J.,Sock J.,57,15.0,3.0,1.4,3.44,1.36,3.44,1.41
2017-05-29,French Open,1st Round,Clay,Johnson S.,Sugita Y.,26,78.0,1.22,4.33,1.21,5.0,1.23,5.0
2017-05-29,French Open,1st Round,Clay,Sousa J.,Tipsarevic J.,59,58.0,1.9,1.9,1.93,1.97,1.95,1.97
2017-05-29,French Open,1st Round,Clay,Djokovic N.,Granollers M.,2,77.0,1.01,21.0,1.02,22.73,1.02,26.86
2017-05-29,French Open,1st Round,Clay,Napolitano S.,Zverev M.,187,31.0,3.5,1.3,3.35,1.38,3.55,1.4
2017-05-29,French Open,1st Round,Clay,Bautista Agut R.,Millman J.,18,142.0,1.04,13.0,1.04,15.92,1.05,16.5
2017-05-30,French Open,1st Round,Clay,Nishikori K.,Kokkinakis T.,9,,1.02,17.0,1.03,17.65,1.03,18.5
2017-05-30,French Open,1st Round,Clay,Isner J.,Thompson J.,22,92.0,1.25,4.0,1.2,5.24,1.27,5.24
2017-05-30,French Open,1st Round,Clay,Edmund K.,Elias G.,49,108.0,1.3,3.5,1.34,3.56,1.38,3.56
2017-05-30,French Open,1st Round,Clay,Monteiro T.,Muller A.,95,330.0,1.08,8.0,1.13,7.05,1.13,8.0
2017-05-30,French Open,1st Round,Clay,Monfils G.,Brown D.,16,76.0,1.08,8.0,1.1,8.67,1.1,8.67
2017-05-30,French Open,1st Round,Clay,Berdych T.,Struff J.L.,14,47.0,1.2,4.5,1.24,4.65,1.24,5.0
2017-05-30,French Open,1st Round,Clay,Lorenzi P.,Berankis R.,34,188.0,1.3,3.5,1.32,3.74,1.32,3.74
2017-05-30,French Open,1st Round,Clay,Murray A.,Kuznetsov An.,1,73.0,1.16,5.0,1.18,5.55,1.18,5.8
2017-05-30,French Open,1st Round,Clay,Chardy J.,Albot R.,74,88.0,1.14,5.5,1.17,6.02,1.17,6.02
2017-05-30,French Open,1st Round,Clay,Khachanov K.,Jarry N.,53,207.0,1.28,3.75,1.29,4.05,1.29,5.0
2017-05-30,French Open,1st Round,Clay,Dolgopolov O.,Berlocq C.,89,64.0,2.1,1.72,2.27,1.71,2.32,1.72
2017-05-30,French Open,1st Round,Clay,Almagro N.,Baghdatis M.,69,62.0,1.44,2.75,1.45,3.0,1.48,3.1
2017-05-30,French Open,1st Round,Clay,Istomin D.,Escobedo E.,80,75.0,2.0,1.8,1.99,1.92,2.0,1.92
2017-05-30,French Open,1st Round,Clay,Kyrgios N.,Kohlschreiber P.,19,43.0,1.53,2.5,1.56,2.62,1.56,2.75
2017-05-30,French Open,1st Round,Clay,Klizan M.,Lokoli L.,50,285.0,1.22,4.33,1.27,4.22,1.28,4.7
2017-05-30,French Open,1st Round,Clay,Verdasco F.,Zverev A.,37,10.0,5.0,1.16,5.23,1.2,5.38,1.2
2017-05-30,French Open,1st Round,Clay,Chung H.,Querrey S.,67,28.0,2.1,1.72,2.02,1.88,2.18,1.88
2017-05-30,French Open,1st Round,Clay,Wawrinka S.,Kovalik J.,3,152.0,1.07,9.0,1.05,13.9,1.08,13.9
2017-05-30,French Open,1st Round,Clay,Anderson K.,Jaziri M.,56,71.0,1.12,6.0,1.15,6.35,1.15,6.5
2017-05-30,French Open,1st Round,Clay,Del Potro J. M.,Pella G.,30,115.0,1.25,4.0,1.34,3.56,1.34,4.0
2017-05-31,French Open,2nd Round,Clay,Djokovic N.,Sousa J.,2,59.0,1.01,21.0,1.02,24.52,1.03,24.52
2017-05-31,French Open,2nd Round,Clay,Bautista Agut R.,Kukushkin M.,18,85.0,1.12,6.0,1.14,6.7,1.16,6.7
2017-05-31,French Open,2nd Round,Clay,Pouille L.,Bellucci T.,17,61.0,1.3,3.5,1.33,3.64,1.35,3.64
2017-05-31,French Open,2nd Round,Clay,Carreno Busta P.,Daniel T.,21,102.0,1.1,7.0,1.1,8.83,1.12,8.83
2017-05-31,French Open,2nd Round,Clay,Ramos-Vinolas A.,Bonzi B.,20,266.0,1.03,15.0,1.07,11.0,1.07,15.0
2017-05-31,French Open,2nd Round,Clay,Raonic M.,Dutra Silva R.,6,380.0,1.05,11.0,1.05,13.44,1.07,15.0
2017-05-31,French Open,2nd Round,Clay,Nadal R.,Haase R.,4,46.0,1.01,21.0,1.02,24.52,1.02,28.75
2017-05-31,French Open,2nd Round,Clay,Vesely J.,Bedene A.,57,52.0,2.2,1.66,2.37,1.66,2.37,1.8
2017-05-31,French Open,2nd Round,Clay,Basilashvili N.,Troicki V.,63,35.0,1.72,2.1,1.88,2.02,1.94,2.13
2017-05-31,French Open,2nd Round,Clay,Dimitrov G.,Robredo T.,13,274.0,1.16,5.0,1.15,6.35,1.2,6.35
2017-05-31,French Open,2nd Round,Clay,Zeballos H.,Karlovic I.,65,24.0,1.66,2.2,1.77,2.18,1.77,2.25
2017-05-31,French Open,2nd Round,Clay,Schwartzman D.,Napolitano S.,41,187.0,1.12,6.0,1.17,6.02,1.2,6.06
2017-05-31,French Open,2nd Round,Clay,Thiem D.,Bolelli S.,7,470.0,1.05,11.0,1.05,13.9,1.06,14.35
2017-05-31,French Open,2nd Round,Clay,Johnson S.,Coric B.,26,40.0,2.62,1.5,2.61,1.56,2.63,1.59
2017-05-31,French Open,2nd Round,Clay,Goffin D.,Stakhovsky S.,12,123.0,1.04,13.0,1.04,15.92,1.05,15.92
2017-05-31,French Open,1st Round,Clay,Olivo R.,Tsonga J.W.,91,11.0,15.0,1.03,22.73,1.02,26.86,1.03
2017-05-31,French Open,2nd Round,Clay,Garcia-Lopez G.,Trungelliti M.,153,162.0,1.57,2.37,1.71,2.28,1.71,2.45
2017-06-01,French Open,2nd Round,Clay,Anderson K.,Kyrgios N.,56,19.0,3.25,1.36,3.33,1.38,3.35,1.38
2017-06-01,French Open,2nd Round,Clay,Gasquet R.,Estrella Burgos V.,25,90.0,1.1,7.0,1.11,8.04,1.11,8.5
2017-06-01,French Open,2nd Round,Clay,Verdasco F.,Herbert P.H.,37,82.0,1.3,3.5,1.3,3.9,1.32,3.9
2017-06-01,French Open,2nd Round,Clay,Cuevas P.,Kicker N.,23,87.0,1.07,9.0,1.1,8.67,1.11,10.25
2017-06-01,French Open,2nd Round,Clay,Monfils G.,Monteiro T.,16,95.0,1.1,7.0,1.11,8.17,1.11,8.17
2017-06-01,French Open,2nd Round,Clay,Edmund K.,Olivo R.,49,91.0,1.28,3.75,1.32,3.78,1.32,4.0
2017-06-01,French Open,2nd Round,Clay,Fognini F.,Seppi A.,29,83.0,1.4,3.0,1.41,3.16,1.43,3.16
2017-06-01,French Open,2nd Round,Clay,Murray A.,Klizan M.,1,50.0,1.07,9.0,1.08,10.16,1.09,10.16
2017-06-01,French Open,2nd Round,Clay,Chung H.,Istomin D.,67,80.0,1.3,3.5,1.3,3.88,1.36,4.0
2017-06-01,French Open,2nd Round,Clay,Wawrinka S.,Dolgopolov O.,3,89.0,1.14,5.5,1.18,5.66,1.2,5.66
2017-06-01,French Open,2nd Round,Clay,Del Potro J. M.,Almagro N.,30,69.0,1.2,4.5,1.2,5.23,1.21,5.25
2017-06-01,French Open,2nd Round,Clay,Nishikori K.,Chardy J.,9,74.0,1.28,3.75,1.28,4.12,1.29,4.33
2017-06-01,French Open,2nd Round,Clay,Khachanov K.,Berdych T.,53,14.0,4.0,1.25,4.31,1.26,4.31,1.28
2017-06-01,French Open,2nd Round,Clay,Isner J.,Lorenzi P.,22,34.0,1.4,3.0,1.39,3.27,1.4,3.27
2017-06-01,French Open,2nd Round,Clay,Lopez F.,Ferrer D.,36,33.0,2.5,1.53,2.52,1.6,2.63,1.62
2017-06-01,French Open,2nd Round,Clay,Cilic M.,Kravchuk K.,8,129.0,1.02,19.0,1.04,16.99,1.04,21.0
2017-06-02,French Open,3rd Round,Clay,Ramos-Vinolas A.,Pouille L.,20,17.0,2.0,1.8,2.07,1.86,2.09,2.1
2017-06-02,French Open,3rd Round,Clay,Djokovic N.,Schwartzman D.,2,41.0,1.05,11.0,1.07,11.6,1.07,11.88
2017-06-02,French Open,3rd Round,Clay,Thiem D.,Johnson S.,7,26.0,1.1,7.0,1.1,8.73,1.12,8.73
2017-06-02,French Open,3rd Round,Clay,Nadal R.,Basilashvili N.,4,63.0,1.01,26.0,1.02,27.78,1.02,33.5
2017-06-02,French Open,3rd Round,Clay,Zeballos H.,Goffin D.,65,12.0,7.0,1.1,8.16,1.11,8.16,1.13
2017-06-02,French Open,3rd Round,Clay,Bautista Agut R.,Vesely J.,18,57.0,1.4,3.0,1.41,3.2,1.43,3.25
2017-06-02,French Open,3rd Round,Clay,Carreno Busta P.,Dimitrov G.,21,13.0,2.3,1.61,2.36,1.68,2.4,1.71
2017-06-02,French Open,3rd Round,Clay,Raonic M.,Garcia-Lopez G.,6,153.0,1.08,8.0,1.1,9.05,1.12,9.5
2017-06-03,French Open,3rd Round,Clay,Wawrinka S.,Fognini F.,3,29.0,1.25,4.0,1.28,4.15,1.3,4.33
2017-06-03,French Open,3rd Round,Clay,Verdasco F.,Cuevas P.,37,23.0,2.62,1.5,2.57,1.58,2.9,1.58
2017-06-03,French Open,3rd Round,Clay,Murray A.,Del Potro J. M.,1,30.0,1.33,3.4,1.36,3.5,1.36,3.5
2017-06-03,French Open,3rd Round,Clay,Anderson K.,Edmund K.,56,49.0,1.57,2.37,1.72,2.27,1.72,2.42
2017-06-03,French Open,3rd Round,Clay,Cilic M.,Lopez F.,8,36.0,1.16,5.0,1.2,5.45,1.21,5.45
2017-06-04,French Open,4th Round,Clay,Thiem D.,Zeballos H.,7,65.0,1.04,13.0,1.05,14.88,1.1,15.08
2017-06-04,French Open,4th Round,Clay,Nadal R.,Bautista Agut R.,4,18.0,1.02,19.0,1.03,21.1,1.04,21.1
2017-06-04,French Open,4th Round,Clay,Carreno Busta P.,Raonic M.,21,6.0,2.5,1.53,2.74,1.53,2.74,1.63
2017-06-04,French Open,4th Round,Clay,Djokovic N.,Ramos-Vinolas A.,2,20.0,1.1,7.0,1.13,7.47,1.15,8.75
2017-06-04,French Open,3rd Round,Clay,Khachanov K.,Isner J.,53,22.0,2.2,1.66,2.14,1.81,2.25,1.81
2017-06-04,French Open,3rd Round,Clay,Nishikori K.,Chung H.,9,67.0,1.3,3.5,1.33,3.71,1.36,3.71
2017-06-04,French Open,3rd Round,Clay,Monfils G.,Gasquet R.,16,25.0,1.61,2.3,1.71,2.3,1.75,2.3
2017-06-05,French Open,4th Round,Clay,Murray A.,Khachanov K.,1,53.0,1.12,6.0,1.14,6.92,1.2,7.01
2017-06-05,French Open,4th Round,Clay,Nishikori K.,Verdasco F.,9,37.0,1.61,2.25,1.69,2.33,1.71,2.41
2017-06-05,French Open,4th Round,Clay,Wawrinka S.,Monfils G.,3,16.0,1.3,3.5,1.4,3.28,1.4,3.7
2017-06-05,French Open,4th Round,Clay,Cilic M.,Anderson K.,8,56.0,1.25,4.0,1.27,4.31,1.3,4.35
2017-06-07,French Open,Quarterfinals,Clay,Wawrinka S.,Cilic M.,3,8.0,1.4,3.0,1.43,3.14,1.47,3.15
2017-06-07,French Open,Quarterfinals,Clay,Thiem D.,Djokovic N.,7,2.0,2.75,1.44,3.0,1.46,3.05,1.46
2017-06-07,French Open,Quarterfinals,Clay,Nadal R.,Carreno Busta P.,4,21.0,1.02,19.0,1.03,21.1,1.04,26.0
2017-06-07,French Open,Quarterfinals,Clay,Murray A.,Nishikori K.,1,9.0,1.25,4.0,1.25,4.55,1.3,4.55
2017-06-09,French Open,Semifinals,Clay,Nadal R.,Thiem D.,4,7.0,1.2,4.5,1.25,4.61,1.3,4.87
2017-06-09,French Open,Semifinals,Clay,Wawrinka S.,Murray A.,3,1.0,1.66,2.2,1.75,2.25,1.75,2.3
2017-06-11,French Open,The Final,Clay,Nadal R.,Wawrinka S.,4,3.0,1.2,5.0,1.21,5.3,1.25,5.3
2017-06-12,Ricoh Open,1st Round,Grass,Bedene A.,Istomin D.,59,74.0,2.0,1.72,2.2,1.74,2.28,1.82
2017-06-12,Ricoh Open,1st Round,Grass,Seppi A.,Ito T.,76,174.0,1.4,2.75,1.47,2.85,1.5,2.95
2017-06-12,Ricoh Open,1st Round,Grass,Mahut N.,Novikov D.,82,172.0,1.2,4.33,1.21,5.0,1.25,5.2
2017-06-12,Ricoh Open,1st Round,Grass,Pospisil V.,Griekspoor T.,83,282.0,1.11,6.5,1.12,7.14,1.12,8.0
2017-06-12,Mercedes Cup,1st Round,Grass,Zverev M.,Jaziri M.,31,73.0,1.28,3.5,1.31,3.74,1.31,3.95
2017-06-12,Mercedes Cup,1st Round,Grass,Hanfmann Y.,Fucsovics M.,187,145.0,2.0,1.72,2.05,1.85,2.2,1.85
2017-06-12,Mercedes Cup,1st Round,Grass,Struff J.L.,Lacko L.,53,109.0,1.72,2.0,1.78,2.14,1.8,2.14
2017-06-12,Mercedes Cup,1st Round,Grass,Johnson S.,Marterer M.,25,123.0,1.16,5.0,1.19,5.22,1.19,6.02
2017-06-13,Mercedes Cup,1st Round,Grass,Paire B.,Troicki V.,49,40.0,2.5,1.5,2.62,1.54,2.62,1.57
2017-06-13,Mercedes Cup,1st Round,Grass,Gojowczyk P.,Basilashvili N.,146,55.0,1.61,2.2,1.68,2.3,1.73,2.31
2017-06-13,Mercedes Cup,1st Round,Grass,Kohlschreiber P.,Baghdatis M.,52,63.0,1.33,3.25,1.32,3.7,1.35,3.75
2017-06-13,Mercedes Cup,1st Round,Grass,Haas T.,Herbert P.H.,302,75.0,1.83,1.83,1.93,1.96,1.93,2.05
2017-06-13,Mercedes Cup,1st Round,Grass,Tomic B.,Robert S.,48,139.0,1.14,5.5,1.17,5.65,1.17,5.65
2017-06-13,Mercedes Cup,1st Round,Grass,Chardy J.,Mayer F.,80,51.0,2.1,1.66,2.09,1.81,2.32,1.81
2017-06-13,Mercedes Cup,1st Round,Grass,Janowicz J.,Kuznetsov An.,155,79.0,2.1,1.66,2.02,1.87,2.2,1.87
2017-06-13,Mercedes Cup,1st Round,Grass,Lopez F.,Simon G.,33,34.0,1.5,2.5,1.48,2.82,1.53,2.82
2017-06-13,Ricoh Open,1st Round,Grass,Tipsarevic J.,Sugita Y.,61,64.0,2.0,1.72,2.24,1.71,2.24,1.81
2017-06-13,Ricoh Open,1st Round,Grass,Dolgopolov O.,Darcis S.,81,56.0,1.53,2.37,1.68,2.3,1.69,2.37
2017-06-13,Ricoh Open,1st Round,Grass,Escobedo E.,Jung J.,77,163.0,1.4,2.75,,,1.4,2.75
2017-06-13,Ricoh Open,1st Round,Grass,Mannarino A.,Thompson J.,62,88.0,1.57,2.25,1.68,2.3,1.7,2.31
2017-06-13,Ricoh Open,1st Round,Grass,Kokkinakis T.,Youzhny M.,993,86.0,2.37,1.53,2.37,1.65,2.44,1.65
2017-06-13,Ricoh Open,1st Round,Grass,Medvedev D.,Haase R.,65,43.0,2.1,1.66,1.99,1.9,2.19,1.9
2017-06-13,Ricoh Open,1st Round,Grass,Benneteau J.,Donskoy E.,94,95.0,1.53,2.37,1.53,2.67,1.57,2.74
2017-06-13,Ricoh Open,1st Round,Grass,Kozlov S.,Brown D.,150,90.0,2.75,1.4,3.27,1.38,3.3,1.44
2017-06-14,Ricoh Open,2nd Round,Grass,Benneteau J.,Mahut N.,94,82.0,4.5,1.2,5.13,1.21,5.55,1.25
2017-06-14,Ricoh Open,2nd Round,Grass,Zverev A.,Mannarino A.,10,62.0,1.28,3.5,1.3,3.91,1.31,4.03
2017-06-14,Ricoh Open,2nd Round,Grass,Muller G.,Seppi A.,28,76.0,1.4,2.75,1.46,2.95,1.51,2.95
2017-06-14,Mercedes Cup,2nd Round,Grass,Zverev M.,Hanfmann Y.,31,187.0,1.25,3.75,1.23,4.77,1.25,4.8
2017-06-14,Mercedes Cup,2nd Round,Grass,Kohlschreiber P.,Johnson S.,52,25.0,1.53,2.37,1.62,2.45,1.64,2.5
2017-06-14,Mercedes Cup,2nd Round,Grass,Haas T.,Federer R.,302,5.0,8.0,1.08,11.88,1.06,11.88,1.08
2017-06-14,Mercedes Cup,2nd Round,Grass,Pouille L.,Struff J.L.,16,53.0,1.53,2.37,1.6,2.52,1.62,2.55
2017-06-14,Ricoh Open,2nd Round,Grass,Bedene A.,Escobedo E.,59,77.0,1.4,2.75,1.44,3.03,1.45,3.03
2017-06-15,Mercedes Cup,2nd Round,Grass,Lopez F.,Chardy J.,33,80.0,1.44,2.62,1.47,2.9,1.5,2.98
2017-06-15,Mercedes Cup,2nd Round,Grass,Berdych T.,Tomic B.,14,48.0,1.36,3.0,1.4,3.22,1.41,3.35
2017-06-15,Mercedes Cup,2nd Round,Grass,Paire B.,Gojowczyk P.,49,146.0,1.66,2.1,1.69,2.3,1.78,2.3
2017-06-15,Mercedes Cup,2nd Round,Grass,Janowicz J.,Dimitrov G.,155,12.0,3.5,1.28,3.74,1.32,3.75,1.35
2017-06-15,Ricoh Open,2nd Round,Grass,Karlovic I.,Kozlov S.,24,150.0,1.22,4.0,1.26,4.3,1.28,4.3
2017-06-15,Ricoh Open,2nd Round,Grass,Pospisil V.,Dolgopolov O.,83,81.0,1.72,2.0,1.81,2.11,2.2,2.11
2017-06-15,Ricoh Open,2nd Round,Grass,Medvedev D.,Kokkinakis T.,65,993.0,1.66,2.1,1.62,2.45,1.73,2.45
2017-06-15,Ricoh Open,2nd Round,Grass,Cilic M.,Tipsarevic J.,7,61.0,1.16,5.0,1.18,5.55,1.2,5.55
2017-06-16,Ricoh Open,Quarterfinals,Grass,Cilic M.,Pospisil V.,7,83.0,1.22,4.33,1.24,4.72,1.28,4.72
2017-06-16,Ricoh Open,Quarterfinals,Grass,Zverev A.,Benneteau J.,10,94.0,1.14,5.5,1.12,8.01,1.17,8.01
2017-06-16,Ricoh Open,Quarterfinals,Grass,Karlovic I.,Medvedev D.,24,65.0,1.4,3.0,1.48,2.92,1.48,3.0
2017-06-16,Ricoh Open,Quarterfinals,Grass,Muller G.,Bedene A.,28,59.0,1.4,3.0,1.43,3.13,1.44,3.2
2017-06-16,Mercedes Cup,Quarterfinals,Grass,Paire B.,Janowicz J.,49,155.0,2.2,1.66,2.42,1.65,2.49,1.75
2017-06-16,Mercedes Cup,Quarterfinals,Grass,Lopez F.,Berdych T.,33,14.0,3.0,1.4,3.1,1.43,3.35,1.43
2017-06-16,Mercedes Cup,Quarterfinals,Grass,Pouille L.,Kohlschreiber P.,16,52.0,2.75,1.44,2.7,1.54,2.75,1.57
2017-06-16,Mercedes Cup,Quarterfinals,Grass,Zverev M.,Haas T.,31,302.0,1.57,2.37,1.6,2.55,1.69,2.55
2017-06-17,Mercedes Cup,Semifinals,Grass,Pouille L.,Paire B.,16,49.0,1.61,2.3,1.64,2.44,1.67,2.45
2017-06-17,Mercedes Cup,Semifinals,Grass,Lopez F.,Zverev M.,33,31.0,1.66,2.2,1.63,2.47,1.77,2.47
2017-06-17,Ricoh Open,Semifinals,Grass,Karlovic I.,Cilic M.,24,7.0,2.62,1.5,2.92,1.48,2.92,1.56
2017-06-17,Ricoh Open,Semifinals,Grass,Muller G.,Zverev A.,28,10.0,3.75,1.28,3.5,1.36,4.0,1.36
2017-06-18,Mercedes Cup,The Final,Grass,Pouille L.,Lopez F.,16,33.0,2.1,1.72,2.17,1.79,2.17,1.82
2017-06-18,Ricoh Open,The Final,Grass,Muller G.,Karlovic I.,28,24.0,1.72,2.1,1.8,2.15,1.85,2.17
2017-06-19,AEGON Championships,1st Round,Grass,Berdych T.,Darcis S.,14,58.0,1.2,4.33,1.22,4.74,1.22,4.9
2017-06-19,AEGON Championships,1st Round,Grass,Dimitrov G.,Harrison R.,11,41.0,1.2,4.33,1.22,4.8,1.22,5.0
2017-06-19,AEGON Championships,1st Round,Grass,Tsonga J.W.,Mannarino A.,10,62.0,1.22,4.33,1.28,4.02,1.3,4.33
2017-06-19,AEGON Championships,1st Round,Grass,Young D.,Kyrgios N.,55,20.0,4.5,1.18,5.47,1.18,5.5,1.22
2017-06-19,AEGON Championships,1st Round,Grass,Shapovalov D.,Edmund K.,193,47.0,3.5,1.28,3.09,1.42,3.5,1.42
2017-06-19,Gerry Weber Open,1st Round,Grass,Kohlschreiber P.,Sousa J.,56,57.0,1.18,4.5,1.21,4.9,1.21,5.0
2017-06-19,Gerry Weber Open,1st Round,Grass,Rublev A.,Ramos-Vinolas A.,106,22.0,2.25,1.57,2.33,1.67,2.38,1.73
2017-06-19,Gerry Weber Open,1st Round,Grass,Gasquet R.,Monfils G.,30,16.0,2.1,1.66,2.16,1.76,2.25,1.8
2017-06-19,Gerry Weber Open,1st Round,Grass,Brown D.,Pospisil V.,95,76.0,2.37,1.53,2.73,1.51,2.75,1.54
2017-06-19,Gerry Weber Open,1st Round,Grass,Thiem D.,Marterer M.,8,122.0,1.16,5.0,1.13,6.81,1.18,6.81
2017-06-20,Gerry Weber Open,1st Round,Grass,Bautista Agut R.,Berlocq C.,19,79.0,1.07,9.0,1.09,8.95,1.1,9.03
2017-06-20,AEGON Championships,1st Round,Grass,Kokkinakis T.,Raonic M.,698,6.0,7.0,1.1,8.95,1.09,9.03,1.1
2017-06-20,AEGON Championships,1st Round,Grass,Benneteau J.,Ward J.,87,1062.0,1.22,4.0,1.22,4.74,1.25,4.85
2017-06-20,AEGON Championships,1st Round,Grass,Kozlov S.,Johnson S.,149,25.0,3.25,1.33,3.34,1.37,3.5,1.37
2017-06-20,AEGON Championships,1st Round,Grass,Lopez F.,Wawrinka S.,32,3.0,2.25,1.57,2.4,1.63,2.5,1.63
2017-06-20,AEGON Championships,1st Round,Grass,Troicki V.,Tipsarevic J.,39,59.0,2.25,1.57,2.1,1.81,2.3,1.81
2017-06-20,AEGON Championships,1st Round,Grass,Chardy J.,Broady L.,80,404.0,,,,,1.36,3.45
2017-06-20,AEGON Championships,1st Round,Grass,Thompson J.,Murray A.,90,1.0,13.0,1.04,15.42,1.04,16.0,1.05
2017-06-20,AEGON Championships,1st Round,Grass,Querrey S.,Norrie C.,28,235.0,1.1,7.0,1.1,8.33,1.11,8.33
2017-06-20,AEGON Championships,1st Round,Grass,Muller G.,Basilashvili N.,26,51.0,1.2,4.33,1.17,5.64,1.22,5.64
2017-06-20,AEGON Championships,1st Round,Grass,Cilic M.,Isner J.,7,21.0,1.5,2.5,1.55,2.61,1.62,2.61
2017-06-20,Gerry Weber Open,1st Round,Grass,Youzhny M.,Karlovic I.,88,24.0,3.4,1.3,3.5,1.34,3.5,1.36
2017-06-20,Gerry Weber Open,1st Round,Grass,Federer R.,Sugita Y.,5,66.0,1.06,10.0,1.03,16.01,1.07,16.89
2017-06-20,Gerry Weber Open,1st Round,Grass,Pouille L.,Struff J.L.,15,49.0,1.57,2.25,1.67,2.32,1.67,2.5
2017-06-20,Gerry Weber Open,1st Round,Grass,Zverev A.,Lorenzi P.,12,33.0,1.05,11.0,1.06,11.82,1.06,13.0
2017-06-20,Gerry Weber Open,1st Round,Grass,Mayer F.,Paire B.,134,44.0,1.8,1.9,2.02,1.87,2.02,2.05
2017-06-20,Gerry Weber Open,1st Round,Grass,Tomic B.,Haas T.,61,252.0,1.83,1.83,1.93,1.96,1.93,2.0
2017-06-20,Gerry Weber Open,1st Round,Grass,Khachanov K.,Simon G.,38,35.0,2.1,1.66,2.1,1.81,2.1,1.83
2017-06-20,Gerry Weber Open,1st Round,Grass,Nishikori K.,Verdasco F.,9,34.0,1.36,3.0,1.47,2.85,1.47,3.0
2017-06-20,Gerry Weber Open,1st Round,Grass,Zverev M.,Lacko L.,29,103.0,1.33,3.25,1.44,3.0,1.44,3.25
2017-06-20,AEGON Championships,1st Round,Grass,Medvedev D.,Mahut N.,60,77.0,2.62,1.44,2.51,1.58,2.62,1.64
2017-06-20,Gerry Weber Open,1st Round,Grass,Haase R.,Ferrer D.,42,37.0,1.66,2.1,1.76,2.16,1.8,2.16
2017-06-21,AEGON Championships,2nd Round,Grass,Young D.,Troicki V.,55,39.0,2.0,1.72,1.92,1.99,2.05,1.99
2017-06-21,AEGON Championships,2nd Round,Grass,Muller G.,Tsonga J.W.,26,10.0,2.62,1.44,2.8,1.5,2.85,1.5
2017-06-21,AEGON Championships,2nd Round,Grass,Dimitrov G.,Benneteau J.,11,87.0,1.22,4.0,1.23,4.8,1.26,4.8
2017-06-21,AEGON Championships,2nd Round,Grass,Berdych T.,Shapovalov D.,14,193.0,1.16,5.0,1.2,5.31,1.2,5.4
2017-06-21,Gerry Weber Open,2nd Round,Grass,Haase R.,Thiem D.,42,8.0,5.0,1.16,4.69,1.23,5.5,1.23
2017-06-21,Gerry Weber Open,2nd Round,Grass,Zverev A.,Kohlschreiber P.,12,56.0,1.36,3.0,1.41,3.17,1.41,3.36
2017-06-21,Gerry Weber Open,2nd Round,Grass,Gasquet R.,Tomic B.,30,61.0,1.5,2.5,1.55,2.64,1.55,2.64
2017-06-21,Gerry Weber Open,2nd Round,Grass,Bautista Agut R.,Brown D.,19,95.0,1.36,3.0,1.38,3.33,1.44,3.33
2017-06-22,AEGON Championships,2nd Round,Grass,Lopez F.,Chardy J.,32,80.0,1.36,3.0,1.39,3.3,1.42,3.3
2017-06-22,AEGON Championships,2nd Round,Grass,Medvedev D.,Kokkinakis T.,60,698.0,1.53,2.37,1.63,2.44,1.67,2.44
2017-06-22,AEGON Championships,2nd Round,Grass,Querrey S.,Thompson J.,28,90.0,1.3,3.4,1.33,3.64,1.4,3.64
2017-06-22,Gerry Weber Open,2nd Round,Grass,Federer R.,Zverev M.,5,29.0,1.12,6.0,1.14,6.9,1.16,6.9
2017-06-22,Gerry Weber Open,2nd Round,Grass,Mayer F.,Pouille L.,134,15.0,2.37,1.53,2.56,1.58,2.56,1.69
2017-06-22,Gerry Weber Open,2nd Round,Grass,Rublev A.,Youzhny M.,106,88.0,2.25,1.57,2.33,1.67,2.38,1.73
2017-06-22,Gerry Weber Open,2nd Round,Grass,Khachanov K.,Nishikori K.,38,9.0,3.5,1.28,3.88,1.3,3.88,1.32
2017-06-22,AEGON Championships,2nd Round,Grass,Cilic M.,Kozlov S.,7,149.0,1.11,6.5,1.09,9.28,1.13,9.28
2017-06-23,AEGON Championships,Quarterfinals,Grass,Muller G.,Querrey S.,26,28.0,1.61,2.3,1.63,2.47,1.67,2.47
2017-06-23,AEGON Championships,Quarterfinals,Grass,Dimitrov G.,Medvedev D.,11,60.0,1.33,3.4,1.31,3.92,1.37,3.92
2017-06-23,AEGON Championships,Quarterfinals,Grass,Cilic M.,Young D.,7,55.0,1.12,6.0,1.13,7.32,1.17,7.32
2017-06-23,Gerry Weber Open,Quarterfinals,Grass,Khachanov K.,Rublev A.,38,106.0,1.44,2.75,1.51,2.8,1.51,2.85
2017-06-23,Gerry Weber Open,Quarterfinals,Grass,Gasquet R.,Haase R.,30,42.0,1.4,3.0,1.38,3.41,1.42,3.41
2017-06-23,Gerry Weber Open,Quarterfinals,Grass,Federer R.,Mayer F.,5,134.0,1.08,8.0,1.09,9.81,1.11,10.85
2017-06-23,Gerry Weber Open,Quarterfinals,Grass,Zverev A.,Bautista Agut R.,12,19.0,1.28,3.75,1.29,4.14,1.32,4.14
2017-06-23,AEGON Championships,Quarterfinals,Grass,Lopez F.,Berdych T.,32,14.0,1.8,2.0,1.86,2.07,1.9,2.12
2017-06-24,AEGON Championships,Semifinals,Grass,Lopez F.,Dimitrov G.,32,11.0,2.2,1.66,2.28,1.72,2.3,1.83
2017-06-24,AEGON Championships,Semifinals,Grass,Cilic M.,Muller G.,7,26.0,1.5,2.62,1.51,2.81,1.52,2.81
2017-06-24,Gerry Weber Open,Semifinals,Grass,Zverev A.,Gasquet R.,12,30.0,1.36,3.25,1.38,3.39,1.4,3.4
2017-06-24,Gerry Weber Open,Semifinals,Grass,Federer R.,Khachanov K.,5,38.0,1.07,9.0,1.09,10.2,1.1,10.2
2017-06-25,AEGON Championships,The Final,Grass,Lopez F.,Cilic M.,32,7.0,3.0,1.4,3.3,1.4,3.3,1.45
2017-06-25,Antalya Open,1st Round,Grass,Darcis S.,Istomin D.,59,71.0,1.8,1.9,1.85,2.05,1.91,2.05
2017-06-25,Antalya Open,1st Round,Grass,Mannarino A.,Coric B.,62,42.0,1.66,2.1,1.71,2.24,1.75,2.25
2017-06-25,Gerry Weber Open,The Final,Grass,Federer R.,Zverev A.,5,12.0,1.44,2.75,1.47,2.95,1.47,3.0
2017-06-26,AEGON International,1st Round,Grass,Pospisil V.,Vesely J.,75,46.0,1.61,2.2,1.65,2.37,1.73,2.37
2017-06-26,AEGON International,1st Round,Grass,Anderson K.,Bellucci T.,45,53.0,1.16,4.5,1.17,5.85,1.22,5.85
2017-06-26,AEGON International,1st Round,Grass,Tomic B.,Gombos N.,60,90.0,1.25,3.75,1.28,4.02,1.29,4.02
2017-06-26,AEGON International,1st Round,Grass,Haase R.,Mahut N.,38,76.0,2.2,1.61,2.51,1.58,2.51,1.67
2017-06-26,AEGON International,1st Round,Grass,Norrie C.,Zeballos H.,236,49.0,2.5,1.5,2.58,1.56,2.7,1.56
2017-06-26,Antalya Open,1st Round,Grass,Baghdatis M.,Basilashvili N.,79,51.0,2.2,1.61,2.14,1.78,2.3,1.78
2017-06-26,Antalya Open,1st Round,Grass,Berlocq C.,Troicki V.,80,40.0,4.0,1.22,4.74,1.22,4.75,1.32
2017-06-26,Antalya Open,1st Round,Grass,Albot R.,Sousa J.,116,58.0,3.0,1.36,3.1,1.41,3.2,1.44
2017-06-26,Antalya Open,1st Round,Grass,Sugita Y.,Ebden M.,66,272.0,1.53,2.37,1.63,2.4,1.63,2.4
2017-06-26,Antalya Open,1st Round,Grass,Ramanathan R.,Dutra Silva R.,222,465.0,1.83,1.83,1.78,2.14,1.91,2.14
2017-06-26,AEGON International,1st Round,Grass,Young D.,Edmund K.,47,48.0,1.9,1.8,1.94,1.94,2.12,1.95
2017-06-26,Antalya Open,1st Round,Grass,Safwat M.,Ilkel C.,282,253.0,1.4,2.75,1.5,2.76,1.57,2.76
2017-06-26,AEGON International,1st Round,Grass,Donaldson J.,Schwartzman D.,65,37.0,1.72,2.0,1.81,2.1,1.86,2.2
2017-06-27,Antalya Open,1st Round,Grass,Altmaier D.,Estrella Burgos V.,252,93.0,2.1,1.66,2.07,1.83,2.18,1.83
2017-06-27,Antalya Open,2nd Round,Grass,Verdasco F.,Darcis S.,35,59.0,1.4,2.75,1.48,2.86,1.5,2.86
2017-06-27,Antalya Open,2nd Round,Grass,Ramanathan R.,Thiem D.,222,8.0,8.0,1.08,9.35,1.09,9.5,1.1
2017-06-27,Antalya Open,1st Round,Grass,Tipsarevic J.,Harris L.,61,257.0,1.22,4.0,1.21,5.0,1.25,5.0
2017-06-27,Antalya Open,1st Round,Grass,Seppi A.,Majchrzak K.,102,279.0,1.14,5.5,1.17,5.7,1.18,6.0
2017-06-27,Antalya Open,1st Round,Grass,Ilhan M.,Klizan M.,287,44.0,2.75,1.4,3.0,1.44,3.09,1.44
2017-06-27,Antalya Open,2nd Round,Grass,Mannarino A.,Safwat M.,62,282.0,1.12,6.0,1.11,8.05,1.13,8.05
2017-06-27,Antalya Open,2nd Round,Grass,Baghdatis M.,Berlocq C.,79,80.0,1.3,3.4,1.31,3.85,1.33,4.0
2017-06-28,AEGON International,2nd Round,Grass,Djokovic N.,Pospisil V.,4,75.0,1.18,4.5,1.2,5.24,1.2,5.79
2017-06-28,AEGON International,1st Round,Grass,Gasquet R.,Tiafoe F.,27,63.0,1.14,5.5,1.17,5.73,1.18,6.0
2017-06-28,AEGON International,1st Round,Grass,Medvedev D.,Querrey S.,52,28.0,2.75,1.4,2.94,1.45,2.98,1.45
2017-06-28,AEGON International,1st Round,Grass,Zverev M.,Harrison R.,30,41.0,1.3,3.4,1.34,3.5,1.36,4.15
2017-06-28,AEGON International,1st Round,Grass,Fabbiano T.,Skugor F.,95,304.0,1.5,2.5,1.54,2.62,1.57,2.64
2017-06-28,AEGON International,1st Round,Grass,Lajovic D.,Chardy J.,78,70.0,4.5,1.18,5.0,1.21,5.25,1.21
2017-06-28,Antalya Open,2nd Round,Grass,Albot R.,Lorenzi P.,116,33.0,1.66,2.1,1.75,2.2,1.76,2.22
2017-06-28,Antalya Open,2nd Round,Grass,Sugita Y.,Ferrer D.,66,39.0,1.9,1.8,2.05,1.86,2.07,1.86
2017-06-28,Antalya Open,2nd Round,Grass,Altmaier D.,Ilhan M.,252,287.0,1.83,1.83,1.88,2.02,2.0,2.02
2017-06-28,Antalya Open,2nd Round,Grass,Seppi A.,Tipsarevic J.,102,61.0,1.83,1.83,1.88,2.02,2.1,2.02
2017-06-28,AEGON International,2nd Round,Grass,Young D.,Donaldson J.,47,65.0,1.36,3.0,1.44,3.02,1.44,3.2
2017-06-29,AEGON International,2nd Round,Grass,Tomic B.,Zverev M.,60,30.0,2.2,1.61,2.37,1.66,2.37,1.68
2017-06-29,AEGON International,2nd Round,Grass,Monfils G.,Norrie C.,16,236.0,1.08,8.0,1.1,8.4,1.11,8.4
2017-06-29,AEGON International,2nd Round,Grass,Gasquet R.,Anderson K.,27,45.0,2.1,1.66,2.5,1.6,2.5,1.75
2017-06-29,AEGON International,Quarterfinals,Grass,Djokovic N.,Young D.,4,47.0,1.1,7.0,1.1,8.77,1.12,8.77
2017-06-29,AEGON International,Quarterfinals,Grass,Medvedev D.,Johnson S.,52,31.0,1.9,1.9,2.01,1.92,2.05,1.94
2017-06-29,AEGON International,Quarterfinals,Grass,Monfils G.,Tomic B.,16,60.0,1.53,2.5,1.58,2.58,1.59,2.6
2017-06-29,AEGON International,Quarterfinals,Grass,Gasquet R.,Isner J.,27,21.0,1.66,2.2,1.75,2.23,1.75,2.28
2017-06-29,AEGON International,2nd Round,Grass,Isner J.,Lajovic D.,21,78.0,1.18,4.5,1.19,5.42,1.22,5.42
2017-06-29,AEGON International,2nd Round,Grass,Johnson S.,Fabbiano T.,31,95.0,1.33,3.25,1.36,3.44,1.37,3.54
2017-06-29,AEGON International,2nd Round,Grass,Medvedev D.,Haase R.,52,38.0,1.83,1.83,1.9,2.01,1.91,2.01
2017-06-29,Antalya Open,Quarterfinals,Grass,Baghdatis M.,Ramanathan R.,79,222.0,1.4,3.0,1.42,3.19,1.42,3.35
2017-06-29,Antalya Open,Quarterfinals,Grass,Sugita Y.,Altmaier D.,66,252.0,1.16,5.0,1.17,6.16,1.18,6.16
2017-06-29,Antalya Open,Quarterfinals,Grass,Mannarino A.,Verdasco F.,62,35.0,2.37,1.57,2.65,1.56,2.65,1.6
2017-06-29,Antalya Open,Quarterfinals,Grass,Seppi A.,Albot R.,102,116.0,1.3,3.5,1.38,3.41,1.4,3.5
2017-06-30,AEGON International,Semifinals,Grass,Monfils G.,Gasquet R.,16,27.0,2.0,1.8,2.13,1.82,2.2,1.82
2017-06-30,AEGON International,Semifinals,Grass,Djokovic N.,Medvedev D.,4,52.0,1.12,6.0,1.19,5.65,1.19,6.0
2017-06-30,Antalya Open,Semifinals,Grass,Mannarino A.,Seppi A.,62,102.0,2.0,1.8,1.97,1.95,2.0,1.95
2017-06-30,Antalya Open,Semifinals,Grass,Sugita Y.,Baghdatis M.,66,79.0,1.53,2.5,1.58,2.57,1.6,2.63
2017-07-01,Antalya Open,The Final,Grass,Sugita Y.,Mannarino A.,66,62.0,2.3,1.61,2.41,1.65,2.42,1.73
2017-07-01,AEGON International,The Final,Grass,Djokovic N.,Monfils G.,4,16.0,1.16,5.0,1.2,5.41,1.2,5.7
2017-07-03,Wimbledon,1st Round,Grass,Bedene A.,Karlovic I.,58,23.0,2.75,1.44,2.82,1.49,3.0,1.49
2017-07-03,Wimbledon,1st Round,Grass,Seppi A.,Gombos N.,87,93.0,1.2,4.5,1.21,5.0,1.24,5.0
2017-07-03,Wimbledon,1st Round,Grass,Cilic M.,Kohlschreiber P.,6,60.0,1.16,5.0,1.17,5.77,1.18,6.45
2017-07-03,Wimbledon,1st Round,Grass,Nadal R.,Millman J.,2,137.0,1.04,13.0,1.06,12.98,1.06,15.75
2017-07-03,Wimbledon,1st Round,Grass,Mayer F.,Troicki V.,114,40.0,1.53,2.5,1.59,2.52,1.61,2.6
2017-07-03,Wimbledon,1st Round,Grass,Fognini F.,Tursunov D.,29,715.0,1.1,7.0,1.13,6.42,1.14,7.05
2017-07-03,Wimbledon,1st Round,Grass,Dzumhur D.,Olivo R.,83,89.0,1.33,3.4,1.36,3.45,1.38,3.55
2017-07-03,Wimbledon,1st Round,Grass,Muller G.,Fucsovics M.,26,109.0,1.14,5.5,1.15,6.48,1.15,7.25
2017-07-03,Wimbledon,1st Round,Grass,Bemelmans R.,Haas T.,124,258.0,3.0,1.4,2.93,1.46,3.0,1.46
2017-07-03,Wimbledon,1st Round,Grass,Vesely J.,Marchenko I.,48,117.0,1.44,2.75,1.54,2.66,1.54,2.75
2017-07-03,Wimbledon,1st Round,Grass,Medvedev D.,Wawrinka S.,49,3.0,3.0,1.4,3.48,1.36,3.48,1.43
2017-07-03,Wimbledon,1st Round,Grass,Stakhovsky S.,Benneteau J.,122,81.0,1.8,2.0,1.74,2.22,1.82,2.22
2017-07-03,Wimbledon,1st Round,Grass,Johnson S.,Kicker N.,31,94.0,1.04,13.0,1.05,13.44,1.05,16.0
2017-07-03,Wimbledon,1st Round,Grass,Rosol L.,Laaksonen H.,214,104.0,1.28,3.75,1.32,3.74,1.33,3.75
2017-07-03,Wimbledon,1st Round,Grass,Gojowczyk P.,Copil M.,140,85.0,1.8,2.0,1.95,1.95,1.95,2.06
2017-07-03,Wimbledon,1st Round,Grass,Brown D.,Sousa J.,97,62.0,1.4,3.0,1.48,2.86,1.49,3.0
2017-07-03,Wimbledon,1st Round,Grass,Bautista Agut R.,Haider-Maurer A.,19,1039.0,1.04,13.0,1.03,17.65,1.04,22.25
2017-07-03,Wimbledon,1st Round,Grass,Querrey S.,Fabbiano T.,28,91.0,1.2,4.5,1.17,5.96,1.2,6.25
2017-07-03,Wimbledon,1st Round,Grass,Herbert P.H.,Kyrgios N.,70,20.0,5.5,1.14,6.02,1.17,6.6,1.17
2017-07-03,Wimbledon,1st Round,Grass,Monteiro T.,Whittington A.,100,210.0,4.33,1.22,4.14,1.28,4.33,1.29
2017-07-03,Wimbledon,1st Round,Grass,Janowicz J.,Shapovalov D.,141,164.0,1.8,2.0,1.78,2.16,1.95,2.16
2017-07-03,Wimbledon,1st Round,Grass,Basilashvili N.,Berlocq C.,54,80.0,1.5,2.62,1.56,2.6,1.56,2.62
2017-07-03,Wimbledon,1st Round,Grass,Pouille L.,Jaziri M.,16,77.0,1.08,8.0,1.1,8.67,1.1,9.75
2017-07-03,Wimbledon,1st Round,Grass,Bolelli S.,Lu Y.H.,312,75.0,1.36,3.25,1.38,3.35,1.42,3.35
2017-07-03,Wimbledon,1st Round,Grass,Khachanov K.,Kuznetsov An.,34,76.0,1.44,2.75,1.5,2.8,1.53,2.85
2017-07-03,Wimbledon,1st Round,Grass,Tsonga J.W.,Norrie C.,10,221.0,1.03,15.0,1.03,17.65,1.04,22.0
2017-07-03,Wimbledon,1st Round,Grass,Murray A.,Bublik A.,1,135.0,1.03,15.0,1.05,13.17,1.06,15.0
2017-07-03,Wimbledon,1st Round,Grass,Nishikori K.,Cecchinato M.,9,102.0,1.02,10.5,1.06,13.0,1.06,17.0
2017-07-03,Wimbledon,1st Round,Grass,Anderson K.,Verdasco F.,42,35.0,1.57,2.37,1.56,2.6,1.62,2.6
2017-07-03,Wimbledon,1st Round,Grass,Young D.,Istomin D.,43,72.0,1.61,2.25,1.73,2.24,1.74,2.46
2017-07-03,Wimbledon,1st Round,Grass,Paire B.,Dutra Silva R.,46,473.0,1.16,5.0,1.15,6.35,1.17,6.95
2017-07-04,Wimbledon,1st Round,Grass,Donaldson J.,Tipsarevic J.,67,63.0,3.5,1.3,3.6,1.34,3.8,1.37
2017-07-04,Wimbledon,1st Round,Grass,Federer R.,Dolgopolov O.,5,84.0,1.02,19.0,1.01,25.99,1.03,32.75
2017-07-04,Wimbledon,1st Round,Grass,Baghdatis M.,Ward J.,65,1085.0,1.25,4.0,1.21,5.0,1.26,5.0
2017-07-04,Wimbledon,1st Round,Grass,Sock J.,Garin C.,18,220.0,1.16,5.0,1.22,4.86,1.22,5.5
2017-07-04,Wimbledon,1st Round,Grass,Harrison R.,Coric B.,41,45.0,2.0,1.8,2.02,1.89,2.2,1.89
2017-07-04,Wimbledon,1st Round,Grass,Lajovic D.,Tsitsipas S.,79,192.0,1.9,1.9,1.95,1.95,2.05,1.95
2017-07-04,Wimbledon,1st Round,Grass,Berdych T.,Chardy J.,15,71.0,1.2,4.5,1.22,4.85,1.22,4.85
2017-07-04,Wimbledon,1st Round,Grass,Mannarino A.,Lopez F.,51,25.0,4.5,1.2,4.93,1.22,5.6,1.24
2017-07-04,Wimbledon,1st Round,Grass,Tiafoe F.,Haase R.,64,38.0,2.62,1.5,2.85,1.49,2.95,1.52
2017-07-04,Wimbledon,1st Round,Grass,Thiem D.,Pospisil V.,8,73.0,1.44,2.75,1.44,3.05,1.48,3.2
2017-07-04,Wimbledon,1st Round,Grass,Dimitrov G.,Schwartzman D.,11,37.0,1.06,10.0,1.08,10.44,1.09,12.0
2017-07-04,Wimbledon,1st Round,Grass,Sela D.,Granollers M.,90,112.0,1.28,3.75,1.33,3.69,1.34,3.85
2017-07-04,Wimbledon,1st Round,Grass,Isner J.,Fritz T.,21,128.0,1.3,3.5,1.37,3.39,1.38,3.6
2017-07-04,Wimbledon,1st Round,Grass,Zverev A.,Donskoy E.,12,98.0,1.08,8.0,1.07,10.84,1.09,11.75
2017-07-04,Wimbledon,1st Round,Grass,Ofner S.,Bellucci T.,216,55.0,3.0,1.4,2.8,1.5,3.15,1.51
2017-07-04,Wimbledon,1st Round,Grass,Sugita Y.,Klein B.,44,232.0,1.16,5.0,1.2,5.24,1.2,5.8
2017-07-04,Wimbledon,1st Round,Grass,Raonic M.,Struff J.L.,7,53.0,1.12,6.0,1.12,7.73,1.13,8.25
2017-07-04,Wimbledon,1st Round,Grass,Simon G.,Jarry N.,36,182.0,1.25,4.0,1.31,3.85,1.32,4.2
2017-07-04,Wimbledon,1st Round,Grass,Djokovic N.,Klizan M.,4,47.0,1.03,15.0,1.03,17.65,1.04,23.25
2017-07-04,Wimbledon,1st Round,Grass,Pavlasek A.,Escobedo E.,136,74.0,2.75,1.44,3.11,1.42,3.15,1.45
2017-07-04,Wimbledon,1st Round,Grass,Darcis S.,Berankis R.,61,196.0,1.44,2.75,1.43,3.05,1.5,3.05
2017-07-04,Wimbledon,1st Round,Grass,Ferrer D.,Gasquet R.,39,27.0,6.5,1.11,7.55,1.12,8.5,1.15
2017-07-04,Wimbledon,1st Round,Grass,Gulbis E.,Estrella Burgos V.,589,96.0,1.66,2.2,1.77,2.18,1.77,2.25
2017-07-04,Wimbledon,1st Round,Grass,Kukushkin M.,Daniel T.,118,92.0,1.4,3.0,1.5,2.8,1.51,3.0
2017-07-04,Wimbledon,1st Round,Grass,Edmund K.,Ward A.,50,869.0,1.12,6.0,1.11,8.05,1.15,9.0
2017-07-04,Wimbledon,1st Round,Grass,Zverev M.,Tomic B.,30,59.0,2.0,1.8,2.11,1.81,2.11,1.87
2017-07-04,Wimbledon,1st Round,Grass,Del Potro J.M.,Kokkinakis T.,32,486.0,1.2,4.5,1.21,5.0,1.27,5.25
2017-07-04,Wimbledon,1st Round,Grass,Ramos-Vinolas A.,Thompson J.,22,86.0,2.2,1.66,2.16,1.78,2.4,1.8
2017-07-04,Wimbledon,1st Round,Grass,Rublev A.,Travaglia S.,95,155.0,1.22,4.33,1.25,4.46,1.26,4.7
2017-07-04,Wimbledon,1st Round,Grass,Monfils G.,Brands D.,14,215.0,1.1,7.0,1.12,7.42,1.14,8.25
2017-07-04,Wimbledon,1st Round,Grass,Albot R.,Bagnis F.,108,107.0,1.2,4.5,1.21,5.08,1.21,5.75
2017-07-04,Wimbledon,1st Round,Grass,Youzhny M.,Mahut N.,82,78.0,2.62,1.5,2.6,1.56,2.65,1.59
2017-07-05,Wimbledon,2nd Round,Grass,Johnson S.,Albot R.,31,108.0,1.2,4.5,1.19,5.35,1.2,5.8
2017-07-05,Wimbledon,2nd Round,Grass,Nadal R.,Young D.,2,43.0,1.05,11.0,1.07,11.25,1.08,13.5
2017-07-05,Wimbledon,2nd Round,Grass,Paire B.,Herbert P.H.,46,70.0,1.9,1.9,1.96,1.94,1.97,2.0
2017-07-05,Wimbledon,2nd Round,Grass,Murray A.,Brown D.,1,97.0,1.07,9.0,1.09,9.1,1.12,10.5
2017-07-05,Wimbledon,2nd Round,Grass,Anderson K.,Seppi A.,42,87.0,1.25,4.0,1.3,3.89,1.33,4.0
2017-07-05,Wimbledon,2nd Round,Grass,Janowicz J.,Pouille L.,141,16.0,3.0,1.4,3.49,1.36,3.55,1.41
2017-07-05,Wimbledon,2nd Round,Grass,Fognini F.,Vesely J.,29,48.0,1.61,2.3,1.68,2.34,1.74,2.45
2017-07-05,Wimbledon,2nd Round,Grass,Cilic M.,Mayer F.,6,114.0,1.1,7.0,1.09,9.35,1.11,10.75
2017-07-05,Wimbledon,2nd Round,Grass,Nishikori K.,Stakhovsky S.,9,122.0,1.16,5.0,1.17,6.02,1.21,6.1
2017-07-05,Wimbledon,2nd Round,Grass,Bemelmans R.,Medvedev D.,124,49.0,5.5,1.14,6.35,1.15,6.85,1.17
2017-07-05,Wimbledon,2nd Round,Grass,Bedene A.,Dzumhur D.,58,83.0,1.33,3.5,1.38,3.33,1.4,3.5
2017-07-05,Wimbledon,2nd Round,Grass,Querrey S.,Basilashvili N.,28,54.0,1.16,5.0,1.21,5.0,1.23,5.25
2017-07-05,Wimbledon,2nd Round,Grass,Tsonga J.W.,Bolelli S.,10,312.0,1.1,7.0,1.1,8.67,1.1,9.75
2017-07-05,Wimbledon,2nd Round,Grass,Muller G.,Rosol L.,26,214.0,1.12,6.0,1.14,6.7,1.17,6.95
2017-07-05,Wimbledon,2nd Round,Grass,Bautista Agut R.,Gojowczyk P.,19,140.0,1.2,4.5,1.18,5.65,1.21,6.0
2017-07-05,Wimbledon,1st Round,Grass,Lorenzi P.,Zeballos H.,33,52.0,2.3,1.61,2.2,1.76,2.3,1.76
2017-07-05,Wimbledon,2nd Round,Grass,Khachanov K.,Monteiro T.,34,100.0,1.1,7.0,1.12,7.73,1.12,8.75
2017-07-06,Wimbledon,2nd Round,Grass,Berdych T.,Harrison R.,15,41.0,1.12,6.0,1.13,7.05,1.17,7.75
2017-07-06,Wimbledon,2nd Round,Grass,Federer R.,Lajovic D.,5,79.0,1.01,26.0,1.01,34.05,1.02,46.75
2017-07-06,Wimbledon,2nd Round,Grass,Zverev A.,Tiafoe F.,12,64.0,1.08,8.0,1.11,8.3,1.11,9.5
2017-07-06,Wimbledon,2nd Round,Grass,Donaldson J.,Lorenzi P.,67,33.0,1.57,2.37,1.61,2.49,1.67,2.51
2017-07-06,Wimbledon,2nd Round,Grass,Ofner S.,Sock J.,216,18.0,6.0,1.12,5.91,1.17,6.7,1.17
2017-07-06,Wimbledon,2nd Round,Grass,Ramos-Vinolas A.,Rublev A.,22,95.0,1.61,2.3,1.66,2.37,1.69,2.4
2017-07-06,Wimbledon,2nd Round,Grass,Raonic M.,Youzhny M.,7,82.0,1.05,11.0,1.06,12.02,1.07,14.5
2017-07-06,Wimbledon,2nd Round,Grass,Thiem D.,Simon G.,8,36.0,1.22,4.33,1.24,4.65,1.25,5.05
2017-07-06,Wimbledon,2nd Round,Grass,Zverev M.,Kukushkin M.,30,118.0,1.2,4.5,1.22,4.85,1.24,5.05
2017-07-06,Wimbledon,2nd Round,Grass,Djokovic N.,Pavlasek A.,4,136.0,1.01,26.0,1.01,27.22,1.02,34.25
2017-07-06,Wimbledon,2nd Round,Grass,Monfils G.,Edmund K.,14,50.0,1.22,4.33,1.24,4.65,1.25,4.9
2017-07-06,Wimbledon,2nd Round,Grass,Gulbis E.,Del Potro J.M.,589,32.0,6.0,1.12,6.87,1.14,7.5,1.14
2017-07-06,Wimbledon,2nd Round,Grass,Sela D.,Isner J.,90,21.0,4.5,1.2,5.42,1.19,6.0,1.21
2017-07-06,Wimbledon,2nd Round,Grass,Dimitrov G.,Baghdatis M.,11,65.0,1.14,5.5,1.13,7.04,1.15,7.25
2017-07-06,Wimbledon,2nd Round,Grass,Ferrer D.,Darcis S.,39,61.0,1.4,3.0,1.45,3.0,1.45,3.15
2017-07-06,Wimbledon,2nd Round,Grass,Mannarino A.,Sugita Y.,51,44.0,2.0,1.8,2.04,1.87,2.05,1.95
2017-07-07,Wimbledon,3rd Round,Grass,Anderson K.,Bemelmans R.,42,124.0,1.11,6.5,1.16,6.31,1.16,6.75
2017-07-07,Wimbledon,3rd Round,Grass,Murray A.,Fognini F.,1,29.0,1.08,8.0,1.1,9.22,1.12,9.75
2017-07-07,Wimbledon,3rd Round,Grass,Nadal R.,Khachanov K.,2,34.0,1.06,10.0,1.07,11.49,1.08,13.0
2017-07-07,Wimbledon,3rd Round,Grass,Muller G.,Bedene A.,26,58.0,1.4,3.0,1.41,3.22,1.42,3.3
2017-07-07,Wimbledon,3rd Round,Grass,Cilic M.,Johnson S.,6,31.0,1.14,5.5,1.17,6.16,1.17,6.76
2017-07-07,Wimbledon,3rd Round,Grass,Bautista Agut R.,Nishikori K.,19,9.0,3.0,1.4,3.06,1.44,3.4,1.44
2017-07-07,Wimbledon,3rd Round,Grass,Paire B.,Janowicz J.,46,141.0,2.1,1.72,2.13,1.82,2.15,1.83
2017-07-08,Wimbledon,3rd Round,Grass,Zverev A.,Ofner S.,12,216.0,1.04,13.0,1.06,13.84,1.08,16.17
2017-07-08,Wimbledon,3rd Round,Grass,Federer R.,Zverev M.,5,30.0,1.03,15.0,1.04,17.22,1.05,20.5
2017-07-08,Wimbledon,3rd Round,Grass,Thiem D.,Donaldson J.,8,67.0,1.11,6.5,1.11,8.19,1.16,8.25
2017-07-08,Wimbledon,3rd Round,Grass,Djokovic N.,Gulbis E.,4,589.0,1.07,9.0,1.1,9.14,1.1,10.65
2017-07-08,Wimbledon,3rd Round,Grass,Dimitrov G.,Sela D.,11,90.0,1.05,11.0,1.06,12.75,1.07,15.0
2017-07-08,Wimbledon,3rd Round,Grass,Querrey S.,Tsonga J.W.,28,10.0,3.4,1.33,3.62,1.34,3.7,1.37
2017-07-08,Wimbledon,3rd Round,Grass,Raonic M.,Ramos-Vinolas A.,7,22.0,1.1,7.0,1.11,8.37,1.12,8.39
2017-07-08,Wimbledon,3rd Round,Grass,Mannarino A.,Monfils G.,51,14.0,4.5,1.2,4.48,1.26,5.0,1.26
2017-07-08,Wimbledon,3rd Round,Grass,Berdych T.,Ferrer D.,15,39.0,1.16,5.0,1.21,5.22,1.21,5.45
2017-07-10,Wimbledon,4th Round,Grass,Raonic M.,Zverev A.,7,12.0,1.72,2.1,1.88,2.04,1.91,2.1
2017-07-10,Wimbledon,4th Round,Grass,Cilic M.,Bautista Agut R.,6,19.0,1.2,4.5,1.23,4.8,1.24,5.05
2017-07-10,Wimbledon,4th Round,Grass,Querrey S.,Anderson K.,28,42.0,2.1,1.72,2.26,1.73,2.26,1.84
2017-07-10,Wimbledon,4th Round,Grass,Murray A.,Paire B.,1,46.0,1.1,7.0,1.13,7.5,1.14,8.25
2017-07-10,Wimbledon,4th Round,Grass,Berdych T.,Thiem D.,15,8.0,1.8,2.0,1.84,2.1,1.91,2.1
2017-07-10,Wimbledon,4th Round,Grass,Muller G.,Nadal R.,26,2.0,6.5,1.11,8.03,1.12,8.75,1.12
2017-07-10,Wimbledon,4th Round,Grass,Federer R.,Dimitrov G.,5,11.0,1.14,5.5,1.19,5.61,1.19,6.1
2017-07-11,Wimbledon,4th Round,Grass,Djokovic N.,Mannarino A.,4,51.0,1.03,15.0,1.05,15.55,1.05,21.0
2017-07-12,Wimbledon,Quarterfinals,Grass,Cilic M.,Muller G.,6,26.0,1.2,4.5,1.22,4.92,1.25,5.35
2017-07-12,Wimbledon,Quarterfinals,Grass,Querrey S.,Murray A.,28,1.0,5.0,1.16,5.57,1.19,6.1,1.2
2017-07-12,Wimbledon,Quarterfinals,Grass,Federer R.,Raonic M.,5,7.0,1.2,4.5,1.21,5.14,1.23,5.45
2017-07-12,Wimbledon,Quarterfinals,Grass,Berdych T.,Djokovic N.,15,4.0,4.0,1.25,5.17,1.21,5.17,1.28
2017-07-14,Wimbledon,Semifinals,Grass,Cilic M.,Querrey S.,6,28.0,1.28,3.75,1.31,3.95,1.35,4.05
2017-07-14,Wimbledon,Semifinals,Grass,Federer R.,Berdych T.,5,15.0,1.1,7.0,1.12,8.04,1.15,8.5
2017-07-16,Wimbledon,The Final,Grass,Federer R.,Cilic M.,5,6.0,1.22,4.5,1.25,4.6,1.26,4.75
2017-07-17,Hall of Fame Championships,1st Round,Grass,Gojowczyk P.,Kwiatkowski T.S.,131,622.0,1.08,7.0,1.09,9.1,1.11,9.1
2017-07-17,Hall of Fame Championships,1st Round,Grass,Kamke T.,Fritz T.,185,120.0,4.0,1.22,4.1,1.27,4.1,1.29
2017-07-17,Hall of Fame Championships,1st Round,Grass,Menendez-Maceiras A.,Kozlov S.,140,129.0,3.5,1.28,3.62,1.33,3.62,1.36
2017-07-17,Hall of Fame Championships,1st Round,Grass,Fratangelo B.,Marchenko I.,142,112.0,1.53,2.37,1.55,2.61,1.57,2.61
2017-07-17,Croatia Open,1st Round,Clay,Cecchinato M.,Simon G.,105,36.0,2.5,1.5,2.46,1.61,2.61,1.61
2017-07-17,Croatia Open,1st Round,Clay,Dodig I.,Copil M.,412,85.0,3.4,1.3,2.97,1.44,3.4,1.44
2017-07-17,Hall of Fame Championships,1st Round,Grass,Kudla D.,Krueger M.,178,186.0,1.2,4.33,1.25,4.36,1.25,4.36
2017-07-17,Hall of Fame Championships,1st Round,Grass,Novikov D.,Chiudinelli M.,203,211.0,1.4,2.75,1.49,2.81,1.5,2.81
2017-07-17,SkiStar Swedish Open,1st Round,Clay,Laaksonen H.,Ymer M.,100,337.0,1.44,2.62,1.61,2.45,1.61,2.62
2017-07-18,Croatia Open,1st Round,Clay,Vesely J.,Gombos N.,57,87.0,1.28,3.5,1.35,3.48,1.35,3.65
2017-07-18,Croatia Open,1st Round,Clay,Dutra Silva R.,Trungelliti M.,533,192.0,1.83,1.83,2.0,1.89,2.05,1.91
2017-07-18,Croatia Open,1st Round,Clay,De Schepper K.,Paire B.,148,37.0,4.0,1.22,4.06,1.28,4.06,1.31
2017-07-18,Croatia Open,1st Round,Clay,Balazs A.,Dzumhur D.,174,79.0,3.25,1.33,3.32,1.37,3.5,1.37
2017-07-18,Hall of Fame Championships,1st Round,Grass,Ebden M.,Ram R.,249,235.0,1.9,1.8,2.08,1.83,2.1,1.85
2017-07-18,Hall of Fame Championships,1st Round,Grass,Dancevic F.,Sandgren T.,422,101.0,1.8,1.9,1.93,1.96,1.93,2.06
2017-07-18,Hall of Fame Championships,1st Round,Grass,Lacko L.,Opelka R.,127,126.0,1.72,2.0,1.74,2.21,2.05,2.21
2017-07-18,Hall of Fame Championships,1st Round,Grass,Santillan A.,Mmoh M.,171,173.0,1.61,2.2,1.71,2.24,1.73,2.29
2017-07-18,Hall of Fame Championships,1st Round,Grass,Groth S.,Krajicek A.,201,274.0,1.33,3.25,1.36,3.42,1.4,3.45
2017-07-18,Hall of Fame Championships,1st Round,Grass,Kravchuk K.,Estrella Burgos V.,122,108.0,1.36,3.0,1.4,3.18,1.4,3.4
2017-07-18,Croatia Open,1st Round,Clay,Albot R.,Zekic M.,138,350.0,1.3,3.4,1.34,3.57,1.34,3.59
2017-07-18,Croatia Open,1st Round,Clay,Rublev A.,Berlocq C.,74,78.0,3.25,1.33,,,3.4,1.33
2017-07-18,Croatia Open,1st Round,Clay,Bedene A.,Sousa J.,48,63.0,1.4,2.75,1.44,2.99,1.46,3.2
2017-07-18,Croatia Open,1st Round,Clay,Giannessi A.,Polmans M.,104,207.0,1.25,3.75,1.37,3.36,1.37,3.75
2017-07-18,Croatia Open,1st Round,Clay,Martin A.,Istomin D.,149,82.0,2.2,1.61,2.34,1.66,2.34,1.73
2017-07-18,Croatia Open,1st Round,Clay,Kicker N.,Youzhny M.,95,76.0,1.83,1.83,1.91,1.98,1.95,2.0
2017-07-18,SkiStar Swedish Open,1st Round,Clay,Verdasco F.,Ymer E.,39,237.0,1.25,3.75,1.24,4.55,1.29,4.7
2017-07-18,SkiStar Swedish Open,1st Round,Clay,Ferrer D.,Delbonis F.,46,84.0,1.66,2.1,1.82,2.09,1.87,2.11
2017-07-18,SkiStar Swedish Open,1st Round,Clay,Gulbis E.,De Greef A.,348,115.0,1.72,2.0,1.92,1.97,2.0,2.07
2017-07-18,SkiStar Swedish Open,1st Round,Clay,Dolgopolov O.,Mayer L.,89,134.0,1.83,1.83,2.04,1.85,2.09,1.88
2017-07-18,SkiStar Swedish Open,1st Round,Clay,Schwartzman D.,Marterer M.,38,117.0,1.33,3.25,1.34,3.5,1.35,3.56
2017-07-18,SkiStar Swedish Open,1st Round,Clay,Bagnis F.,Haas T.,113,243.0,1.5,2.5,1.65,2.37,1.65,2.55
2017-07-18,SkiStar Swedish Open,1st Round,Clay,Brown D.,Bellucci T.,93,65.0,2.37,1.53,2.79,1.49,2.8,1.57
2017-07-18,SkiStar Swedish Open,1st Round,Clay,Kuznetsov An.,Struff J.L.,88,52.0,1.8,1.9,1.9,1.99,1.9,2.06
2017-07-18,SkiStar Swedish Open,1st Round,Clay,Olivo R.,Mathieu P.H.,119,166.0,,,,,,
2017-07-18,SkiStar Swedish Open,1st Round,Clay,Monteiro T.,Lajovic D.,103,61.0,3.0,1.36,2.95,1.45,3.14,1.45
2017-07-18,SkiStar Swedish Open,1st Round,Clay,Zeballos H.,Basilashvili N.,56,51.0,1.53,2.37,1.74,2.21,1.74,2.38
2017-07-19,Hall of Fame Championships,2nd Round,Grass,Novikov D.,Dancevic F.,203,422.0,1.57,2.25,1.67,2.36,1.7,2.36
2017-07-19,Hall of Fame Championships,2nd Round,Grass,Fratangelo B.,Santillan A.,142,171.0,1.72,2.0,1.94,1.96,1.94,2.1
2017-07-19,Hall of Fame Championships,2nd Round,Grass,Ebden M.,Lacko L.,249,127.0,2.25,1.57,2.51,1.6,2.51,1.67
2017-07-19,Hall of Fame Championships,2nd Round,Grass,Isner J.,Groth S.,21,201.0,1.3,3.4,1.29,3.97,1.35,3.97
2017-07-19,Hall of Fame Championships,2nd Round,Grass,Herbert P.H.,Menendez-Maceiras A.,72,140.0,1.28,3.5,1.32,3.73,1.33,3.84
2017-07-19,Hall of Fame Championships,2nd Round,Grass,Gojowczyk P.,Kravchuk K.,131,122.0,1.44,2.62,1.5,2.8,1.5,3.1
2017-07-19,Hall of Fame Championships,2nd Round,Grass,Karlovic I.,Kudla D.,25,178.0,1.22,4.0,1.31,3.86,1.33,4.0
2017-07-19,SkiStar Swedish Open,2nd Round,Clay,Schwartzman D.,Olivo R.,38,119.0,1.18,4.5,1.19,5.42,1.22,5.65
2017-07-19,SkiStar Swedish Open,2nd Round,Clay,Kuznetsov An.,Carreno Busta P.,88,16.0,2.2,1.61,2.37,1.66,2.4,1.67
2017-07-19,SkiStar Swedish Open,2nd Round,Clay,Laaksonen H.,Cuevas P.,100,29.0,4.0,1.22,4.93,1.22,5.05,1.26
2017-07-19,SkiStar Swedish Open,2nd Round,Clay,Ferrer D.,Brown D.,46,93.0,1.22,4.0,1.29,3.97,1.31,4.0
2017-07-19,Croatia Open,2nd Round,Clay,Vesely J.,Albot R.,57,138.0,1.2,4.33,1.28,4.14,1.29,4.33
2017-07-19,Croatia Open,2nd Round,Clay,Dodig I.,Cecchinato M.,412,105.0,2.75,1.4,3.35,1.38,3.35,1.5
2017-07-19,Croatia Open,2nd Round,Clay,Goffin D.,Balazs A.,14,174.0,1.11,6.5,1.15,6.34,1.16,7.0
2017-07-19,Croatia Open,2nd Round,Clay,Lorenzi P.,Bedene A.,34,48.0,2.75,1.4,2.95,1.46,2.95,1.53
2017-07-19,Hall of Fame Championships,2nd Round,Grass,Kamke T.,Mannarino A.,185,41.0,4.0,1.22,4.26,1.27,4.33,1.29
2017-07-20,Croatia Open,2nd Round,Clay,Dutra Silva R.,Monfils G.,533,13.0,4.5,1.18,4.85,1.22,5.5,1.22
2017-07-20,Hall of Fame Championships,Quarterfinals,Grass,Gojowczyk P.,Karlovic I.,131,25.0,3.25,1.36,3.43,1.37,3.73,1.4
2017-07-20,Croatia Open,2nd Round,Clay,Rublev A.,Martin A.,74,149.0,1.4,2.75,1.45,2.97,1.53,2.97
2017-07-20,SkiStar Swedish Open,2nd Round,Clay,Verdasco F.,Bagnis F.,39,113.0,1.25,3.75,1.29,3.97,1.32,4.15
2017-07-20,Croatia Open,2nd Round,Clay,Fognini F.,Kicker N.,27,95.0,1.22,4.0,1.23,4.77,1.26,4.77
2017-07-20,Hall of Fame Championships,Quarterfinals,Grass,Ebden M.,Kamke T.,249,185.0,1.61,2.3,1.68,2.36,1.73,2.4
2017-07-20,SkiStar Swedish Open,2nd Round,Clay,Khachanov K.,Gulbis E.,33,348.0,1.5,2.5,1.64,2.42,1.64,2.7
2017-07-20,SkiStar Swedish Open,2nd Round,Clay,Dolgopolov O.,Zeballos H.,89,56.0,1.57,2.25,1.66,2.37,1.73,2.37
2017-07-20,Croatia Open,2nd Round,Clay,Giannessi A.,De Schepper K.,104,148.0,1.57,2.25,1.69,2.31,1.73,2.31
2017-07-20,SkiStar Swedish Open,2nd Round,Clay,Ramos-Vinolas A.,Monteiro T.,24,103.0,1.22,4.0,1.24,4.65,1.29,4.65
2017-07-21,Croatia Open,Quarterfinals,Clay,Giannessi A.,Dutra Silva R.,104,533.0,2.3,1.61,2.43,1.65,2.43,1.73
2017-07-21,SkiStar Swedish Open,Quarterfinals,Clay,Ferrer D.,Laaksonen H.,46,100.0,1.16,5.0,1.2,5.37,1.22,5.37
2017-07-21,SkiStar Swedish Open,Quarterfinals,Clay,Verdasco F.,Ramos-Vinolas A.,39,24.0,1.72,2.1,1.78,2.19,1.8,2.2
2017-07-21,SkiStar Swedish Open,Quarterfinals,Clay,Dolgopolov O.,Khachanov K.,89,33.0,1.8,2.0,1.88,2.04,1.9,2.1
2017-07-21,Croatia Open,Quarterfinals,Clay,Dodig I.,Goffin D.,412,14.0,6.0,1.12,5.61,1.19,6.5,1.19
2017-07-21,Hall of Fame Championships,Quarterfinals,Grass,Isner J.,Novikov D.,21,203.0,1.2,4.5,1.21,5.21,1.22,5.21
2017-07-21,Hall of Fame Championships,Quarterfinals,Grass,Fratangelo B.,Herbert P.H.,142,72.0,2.1,1.72,2.15,1.8,2.19,1.8
2017-07-21,Croatia Open,Quarterfinals,Clay,Rublev A.,Fognini F.,74,27.0,3.75,1.28,3.97,1.3,4.15,1.33
2017-07-21,SkiStar Swedish Open,Quarterfinals,Clay,Kuznetsov An.,Schwartzman D.,88,38.0,2.5,1.53,2.6,1.57,2.65,1.59
2017-07-21,Croatia Open,Quarterfinals,Clay,Lorenzi P.,Vesely J.,34,57.0,2.37,1.57,2.52,1.61,2.52,1.63
2017-07-22,SkiStar Swedish Open,Semifinals,Clay,Ferrer D.,Verdasco F.,46,39.0,2.5,1.53,2.47,1.63,2.6,1.63
2017-07-22,Croatia Open,Semifinals,Clay,Lorenzi P.,Giannessi A.,34,104.0,1.28,3.75,1.32,3.84,1.34,3.9
2017-07-22,Hall of Fame Championships,Semifinals,Grass,Isner J.,Fratangelo B.,21,142.0,1.2,4.5,1.18,5.73,1.2,6.2
2017-07-22,SkiStar Swedish Open,Semifinals,Clay,Dolgopolov O.,Kuznetsov An.,89,88.0,2.3,1.61,2.38,1.67,2.4,1.75
2017-07-22,Croatia Open,Semifinals,Clay,Rublev A.,Dodig I.,74,412.0,1.57,2.37,1.55,2.67,1.57,2.7
2017-07-22,Hall of Fame Championships,Semifinals,Grass,Ebden M.,Gojowczyk P.,249,131.0,2.3,1.61,2.32,1.7,2.35,1.7
2017-07-23,Croatia Open,The Final,Clay,Rublev A.,Lorenzi P.,74,34.0,1.9,1.9,1.94,1.98,1.95,1.98
2017-07-23,Hall of Fame Championships,The Final,Grass,Isner J.,Ebden M.,21,249.0,1.14,5.0,1.16,6.35,1.17,6.35
2017-07-23,SkiStar Swedish Open,The Final,Clay,Ferrer D.,Dolgopolov O.,46,89.0,1.72,2.1,1.8,2.15,1.86,2.15
2017-07-24,German Tennis Championships,1st Round,Clay,Schwartzman D.,Haider-Maurer A.,38,836.0,1.1,7.0,1.09,9.28,1.1,9.5
2017-07-24,German Tennis Championships,1st Round,Clay,Mayer F.,Cecchinato M.,101,104.0,1.8,1.9,1.94,1.94,2.0,2.0
2017-07-24,German Tennis Championships,1st Round,Clay,Paire B.,Tursunov D.,40,707.0,1.08,8.0,1.08,9.44,1.11,9.5
2017-07-24,German Tennis Championships,1st Round,Clay,Simon G.,Marterer M.,39,121.0,1.57,2.25,1.73,2.22,1.77,2.3
2017-07-24,German Tennis Championships,1st Round,Clay,Struff J.L.,Donskoy E.,54,98.0,1.28,3.5,1.28,4.02,1.33,4.02
2017-07-24,Suisse Open Gstaad,1st Round,Clay,Sakharov G.,Bellier A.,196,714.0,1.12,6.0,1.14,6.65,1.15,7.0
2017-07-24,Suisse Open Gstaad,1st Round,Clay,Istomin D.,Giustino L.,82,192.0,1.5,2.5,1.62,2.43,1.62,2.5
2017-07-24,Suisse Open Gstaad,1st Round,Clay,Hanfmann Y.,Bagnis F.,170,109.0,1.66,2.1,1.87,2.02,1.91,2.15
2017-07-24,Suisse Open Gstaad,1st Round,Clay,Gombos N.,Daniel T.,87,92.0,2.2,1.61,2.27,1.7,2.35,1.73
2017-07-24,German Tennis Championships,1st Round,Clay,Stebe C.M.,Dzumhur D.,153,88.0,2.2,1.61,2.24,1.71,2.5,1.72
2017-07-24,German Tennis Championships,1st Round,Clay,Zeballos H.,Altmaier D.,57,218.0,1.28,3.5,1.3,3.82,1.33,3.94
2017-07-24,BB&T Atlanta Open,1st Round,Hard,Lacko L.,Fabbiano T.,129,89.0,2.25,1.57,2.46,1.61,2.46,1.67
2017-07-24,BB&T Atlanta Open,1st Round,Hard,Paul T.,Chung H.,291,53.0,3.25,1.33,3.98,1.29,3.98,1.33
2017-07-25,Suisse Open Gstaad,1st Round,Clay,Sousa J.,Giraldo S.,61,99.0,1.44,2.62,1.49,2.81,1.54,2.81
2017-07-25,Suisse Open Gstaad,1st Round,Clay,Albot R.,Youzhny M.,132,85.0,1.72,2.0,1.81,2.09,1.83,2.1
2017-07-25,BB&T Atlanta Open,1st Round,Hard,Gojowczyk P.,Pella G.,108,97.0,1.72,2.0,1.74,2.21,1.8,2.23
2017-07-25,Suisse Open Gstaad,1st Round,Clay,Monteiro T.,Dolgopolov O.,114,67.0,2.62,1.44,2.71,1.52,2.82,1.53
2017-07-25,Suisse Open Gstaad,1st Round,Clay,Brown D.,Lajovic D.,113,70.0,2.25,1.57,2.36,1.65,2.5,1.69
2017-07-25,Suisse Open Gstaad,1st Round,Clay,Haase R.,Olivo R.,50,120.0,1.28,3.5,1.31,3.79,1.53,3.79
2017-07-25,German Tennis Championships,1st Round,Clay,Kohlschreiber P.,Rublev A.,58,49.0,1.44,2.62,1.56,2.56,1.59,2.8
2017-07-25,German Tennis Championships,1st Round,Clay,Kicker N.,Haas T.,96,249.0,1.9,1.8,1.94,1.94,2.0,1.94
2017-07-25,BB&T Atlanta Open,1st Round,Hard,Jaziri M.,Opelka R.,72,128.0,2.1,1.66,2.02,1.87,2.11,1.89
2017-07-25,German Tennis Championships,1st Round,Clay,Khachanov K.,Molleker R.,32,923.0,1.06,9.0,1.08,9.43,1.09,9.43
2017-07-25,German Tennis Championships,1st Round,Clay,Kuznetsov An.,Cuevas P.,71,26.0,2.1,1.66,2.23,1.72,2.23,1.78
2017-07-25,BB&T Atlanta Open,1st Round,Hard,Edmund K.,Baghdatis M.,45,75.0,1.5,2.5,1.55,2.61,1.55,2.75
2017-07-25,BB&T Atlanta Open,1st Round,Hard,Halys Q.,Kozlov S.,134,133.0,1.72,2.0,1.88,2.01,1.91,2.1
2017-07-25,BB&T Atlanta Open,1st Round,Hard,Donaldson J.,Escobedo E.,59,69.0,1.57,2.25,1.58,2.51,1.73,2.51
2017-07-25,German Tennis Championships,1st Round,Clay,Delbonis F.,Berlocq C.,81,94.0,1.4,2.75,1.42,3.09,1.42,3.09
2017-07-25,BB&T Atlanta Open,1st Round,Hard,Young D.,Smyczek T.,51,194.0,1.4,2.75,1.41,3.1,1.45,3.1
2017-07-25,German Tennis Championships,1st Round,Clay,Mayer L.,Ramos-Vinolas A.,138,24.0,3.0,1.36,3.19,1.4,3.2,1.41
2017-07-25,BB&T Atlanta Open,1st Round,Hard,Millman J.,Tiafoe F.,174,60.0,2.5,1.5,2.53,1.58,2.55,1.6
2017-07-25,BB&T Atlanta Open,1st Round,Hard,Eubanks C.,Fritz T.,461,125.0,5.0,1.16,5.35,1.19,5.44,1.2
2017-07-25,BB&T Atlanta Open,1st Round,Hard,Pospisil V.,Fratangelo B.,68,117.0,1.5,2.5,1.48,2.82,1.55,2.82
2017-07-26,BB&T Atlanta Open,2nd Round,Hard,Paul T.,Jaziri M.,291,72.0,2.2,1.61,2.47,1.61,2.47,1.73
2017-07-26,BB&T Atlanta Open,2nd Round,Hard,Muller G.,Halys Q.,22,134.0,1.2,4.33,1.22,4.93,1.25,4.93
2017-07-26,BB&T Atlanta Open,2nd Round,Hard,Lacko L.,Young D.,129,51.0,2.75,1.4,2.78,1.51,2.95,1.51
2017-07-26,BB&T Atlanta Open,2nd Round,Hard,Isner J.,Pospisil V.,20,68.0,1.3,3.4,1.36,3.48,1.36,3.5
2017-07-26,German Tennis Championships,2nd Round,Clay,Schwartzman D.,Stebe C.M.,38,153.0,1.28,3.5,1.33,3.64,1.33,3.76
2017-07-26,Suisse Open Gstaad,2nd Round,Clay,Bautista Agut R.,Sakharov G.,18,196.0,1.07,9.0,1.08,10.44,1.09,10.44
2017-07-26,Suisse Open Gstaad,2nd Round,Clay,Istomin D.,Brown D.,82,113.0,2.0,1.72,2.16,1.78,2.17,1.78
2017-07-26,Suisse Open Gstaad,2nd Round,Clay,Goffin D.,Albot R.,13,132.0,1.14,5.5,1.18,5.73,1.18,6.0
2017-07-26,Suisse Open Gstaad,1st Round,Clay,Laaksonen H.,Bellucci T.,95,66.0,1.9,1.8,2.16,1.76,2.16,1.91
2017-07-26,Suisse Open Gstaad,1st Round,Clay,Lorenzi P.,Chiudinelli M.,36,214.0,1.16,4.5,1.2,5.14,1.2,5.35
2017-07-26,Suisse Open Gstaad,1st Round,Clay,Gulbis E.,Brands D.,313,205.0,1.4,2.75,1.47,2.85,1.5,2.85
2017-07-26,German Tennis Championships,2nd Round,Clay,Mayer F.,Kuznetsov An.,101,71.0,2.75,1.4,3.22,1.4,3.22,1.5
2017-07-26,German Tennis Championships,1st Round,Clay,Vesely J.,Verdasco F.,55,37.0,2.37,1.53,2.55,1.57,2.55,1.62
2017-07-26,German Tennis Championships,1st Round,Clay,Ferrer D.,Basilashvili N.,33,62.0,1.3,3.4,1.33,3.57,1.33,3.6
2017-07-26,German Tennis Championships,1st Round,Clay,Bedene A.,Hernandez-Fernandez J.,46,250.0,1.06,10.0,1.05,12.64,1.08,12.64
2017-07-26,Suisse Open Gstaad,2nd Round,Clay,Haase R.,Monteiro T.,50,114.0,1.44,2.62,1.43,3.05,1.51,3.18
2017-07-26,BB&T Atlanta Open,1st Round,Hard,Sela D.,Kravchuk K.,74,124.0,1.44,2.62,1.52,2.7,1.57,2.7
2017-07-27,German Tennis Championships,2nd Round,Clay,Kicker N.,Paire B.,96,40.0,2.75,1.4,2.8,1.5,2.8,1.52
2017-07-27,German Tennis Championships,2nd Round,Clay,Delbonis F.,Ferrer D.,81,33.0,2.5,1.5,2.6,1.56,2.65,1.57
2017-07-27,German Tennis Championships,2nd Round,Clay,Vesely J.,Zeballos H.,55,57.0,1.44,2.62,1.5,2.8,1.57,2.8
2017-07-27,German Tennis Championships,2nd Round,Clay,Kohlschreiber P.,Simon G.,58,39.0,1.4,2.75,1.45,2.97,1.46,3.05
2017-07-27,German Tennis Championships,2nd Round,Clay,Mayer L.,Struff J.L.,138,54.0,2.2,1.61,2.62,1.56,2.62,1.64
2017-07-27,German Tennis Championships,2nd Round,Clay,Khachanov K.,Bedene A.,32,46.0,1.66,2.1,1.88,2.02,1.88,2.21
2017-07-27,BB&T Atlanta Open,2nd Round,Hard,Harrison R.,Millman J.,42,174.0,1.5,2.5,1.5,2.8,1.65,2.86
2017-07-27,Suisse Open Gstaad,2nd Round,Clay,Sousa J.,Laaksonen H.,61,95.0,1.66,2.1,1.63,2.44,1.7,2.44
2017-07-27,Suisse Open Gstaad,2nd Round,Clay,Hanfmann Y.,Lopez F.,170,27.0,3.0,1.36,2.82,1.49,3.0,1.51
2017-07-27,Suisse Open Gstaad,2nd Round,Clay,Fognini F.,Gombos N.,31,87.0,1.28,3.5,1.31,3.85,1.31,4.3
2017-07-27,Suisse Open Gstaad,2nd Round,Clay,Gulbis E.,Lorenzi P.,313,36.0,1.57,2.25,1.75,2.2,1.75,2.25
2017-07-27,BB&T Atlanta Open,2nd Round,Hard,Edmund K.,Gojowczyk P.,45,108.0,1.36,3.0,1.4,3.22,1.42,3.22
2017-07-28,BB&T Atlanta Open,2nd Round,Hard,Eubanks C.,Donaldson J.,461,59.0,4.0,1.22,4.75,1.23,4.9,1.23
2017-07-28,BB&T Atlanta Open,2nd Round,Hard,Sock J.,Sela D.,19,74.0,1.36,3.0,1.37,3.39,1.38,3.4
2017-07-28,BB&T Atlanta Open,Quarterfinals,Hard,Muller G.,Paul T.,22,291.0,1.16,5.0,1.18,5.74,1.2,5.85
2017-07-28,BB&T Atlanta Open,Quarterfinals,Hard,Isner J.,Lacko L.,20,129.0,1.16,5.0,1.18,5.84,1.2,6.0
2017-07-28,BB&T Atlanta Open,Quarterfinals,Hard,Harrison R.,Eubanks C.,42,461.0,1.28,3.75,1.26,4.43,1.3,4.43
2017-07-28,German Tennis Championships,Quarterfinals,Clay,Delbonis F.,Khachanov K.,81,32.0,2.0,1.8,2.16,1.79,2.16,1.85
2017-07-28,German Tennis Championships,Quarterfinals,Clay,Kohlschreiber P.,Kicker N.,58,96.0,1.22,4.33,1.27,4.3,1.29,4.37
2017-07-28,German Tennis Championships,Quarterfinals,Clay,Mayer F.,Schwartzman D.,101,38.0,3.4,1.33,3.65,1.34,3.65,1.4
2017-07-28,Suisse Open Gstaad,Quarterfinals,Clay,Haase R.,Goffin D.,50,13.0,2.2,1.66,2.33,1.69,2.33,1.8
2017-07-28,Suisse Open Gstaad,Quarterfinals,Clay,Hanfmann Y.,Sousa J.,170,61.0,2.37,1.57,2.5,1.61,2.55,1.64
2017-07-28,Suisse Open Gstaad,Quarterfinals,Clay,Bautista Agut R.,Istomin D.,18,82.0,1.2,4.5,1.22,4.92,1.22,5.0
2017-07-28,Suisse Open Gstaad,Quarterfinals,Clay,Fognini F.,Gulbis E.,31,313.0,1.9,1.9,1.84,2.1,1.95,2.1
2017-07-28,German Tennis Championships,Quarterfinals,Clay,Mayer L.,Vesely J.,138,55.0,2.3,1.61,2.36,1.68,2.36,1.69
2017-07-29,German Tennis Championships,Semifinals,Clay,Mayer F.,Kohlschreiber P.,101,58.0,2.75,1.44,2.8,1.51,2.85,1.51
2017-07-29,German Tennis Championships,Semifinals,Clay,Mayer L.,Delbonis F.,138,81.0,2.3,1.61,2.44,1.64,2.44,1.75
2017-07-29,Suisse Open Gstaad,Semifinals,Clay,Fognini F.,Bautista Agut R.,31,18.0,2.62,1.5,2.56,1.59,2.62,1.61
2017-07-29,BB&T Atlanta Open,Quarterfinals,Hard,Edmund K.,Sock J.,45,19.0,2.5,1.53,2.71,1.54,2.71,1.6
2017-07-29,BB&T Atlanta Open,Semifinals,Hard,Isner J.,Muller G.,20,22.0,1.66,2.2,1.66,2.39,1.73,2.4
2017-07-29,Suisse Open Gstaad,Semifinals,Clay,Hanfmann Y.,Haase R.,170,50.0,2.75,1.44,3.22,1.41,3.22,1.46
2017-07-30,German Tennis Championships,The Final,Clay,Mayer L.,Mayer F.,138,101.0,1.57,2.37,1.65,2.43,1.65,2.5
2017-07-30,Suisse Open Gstaad,The Final,Clay,Fognini F.,Hanfmann Y.,31,170.0,1.3,3.5,1.35,3.58,1.35,3.58
2017-07-30,BB&T Atlanta Open,Semifinals,Hard,Harrison R.,Edmund K.,42,45.0,2.1,1.72,2.11,1.83,2.2,1.83
2017-07-30,BB&T Atlanta Open,The Final,Hard,Isner J.,Harrison R.,20,42.0,1.28,3.75,1.29,4.05,1.35,4.05
2017-07-31,Citi Open,1st Round,Hard,Paul T.,Ruud C.,225,109.0,1.4,2.75,1.5,2.76,1.5,3.05
2017-07-31,Citi Open,1st Round,Hard,Bhambri Y.,Kozlov S.,200,132.0,1.61,2.2,1.65,2.37,1.67,2.38
2017-07-31,Citi Open,1st Round,Hard,Laaksonen H.,Pospisil V.,96,72.0,3.4,1.3,3.6,1.33,3.6,1.35
2017-07-31,Citi Open,1st Round,Hard,Mahut N.,Fabbiano T.,111,91.0,1.72,2.0,1.9,1.99,1.93,2.1
2017-07-31,Citi Open,1st Round,Hard,Lacko L.,Halebian A.,119,644.0,1.1,7.0,1.11,7.95,1.11,7.95
2017-07-31,Citi Open,1st Round,Hard,Donaldson J.,Sela D.,69,74.0,1.72,2.0,1.71,2.25,1.83,2.3
2017-07-31,Citi Open,1st Round,Hard,Copil M.,Bangoura S.,90,313.0,1.28,3.5,1.33,3.59,1.33,3.65
2017-07-31,Generali Open,1st Round,Clay,Ofner S.,Basilashvili N.,157,63.0,2.25,1.57,2.36,1.65,2.45,1.73
2017-07-31,Generali Open,1st Round,Clay,Bellucci T.,Dolgopolov O.,80,70.0,2.5,1.5,2.84,1.48,2.92,1.5
2017-07-31,Generali Open,1st Round,Clay,Zekic M.,Kuznetsov An.,316,66.0,7.0,1.1,7.45,1.12,8.27,1.14
2017-07-31,Generali Open,1st Round,Clay,Lajovic D.,Marterer M.,71,120.0,1.61,2.2,1.74,2.2,1.74,2.35
2017-07-31,Generali Open,1st Round,Clay,Sousa J.,Youzhny M.,62,99.0,1.4,2.75,1.37,3.34,1.42,3.34
2017-08-01,Citi Open,1st Round,Hard,Medvedev D.,Opelka R.,50,130.0,1.44,2.62,1.49,2.8,1.56,2.8
2017-08-01,Citi Open,1st Round,Hard,Young D.,Smyczek T.,58,205.0,1.4,2.75,1.37,3.34,1.4,3.4
2017-08-01,Abierto Mexicano Mifel,1st Round,Hard,King E.,Sanchez M.,347,624.0,1.4,2.75,1.49,2.79,1.49,2.81
2017-08-01,Abierto Mexicano Mifel,1st Round,Hard,Mannarino A.,Jung J.,42,167.0,1.14,5.5,1.16,5.99,1.17,6.05
2017-08-01,Abierto Mexicano Mifel,1st Round,Hard,Santillan A.,Kravchuk K.,168,142.0,1.61,2.2,1.69,2.28,1.7,2.3
2017-08-01,Abierto Mexicano Mifel,1st Round,Hard,Ebden M.,Novikov D.,154,219.0,1.44,2.62,1.53,2.66,1.55,2.75
2017-08-01,Abierto Mexicano Mifel,1st Round,Hard,Kokkinakis T.,Tiafoe F.,454,67.0,2.0,1.72,2.04,1.85,2.2,1.85
2017-08-01,Citi Open,1st Round,Hard,Baghdatis M.,Leshem E.,77,278.0,1.16,5.0,1.22,4.74,1.22,5.16
2017-08-01,Abierto Mexicano Mifel,1st Round,Hard,Dzumhur D.,Daniel T.,87,95.0,1.61,2.2,1.79,2.13,1.79,2.25
2017-08-01,Citi Open,1st Round,Hard,Pella G.,Ramanathan R.,100,182.0,1.61,2.2,1.71,2.24,1.71,2.3
2017-08-01,Generali Open,1st Round,Clay,Zeballos H.,Dutra Silva R.,57,524.0,1.57,2.25,1.78,2.14,1.78,2.53
2017-08-01,Generali Open,1st Round,Clay,Giraldo S.,Haase R.,122,52.0,3.0,1.36,3.14,1.41,3.27,1.41
2017-08-01,Generali Open,1st Round,Clay,Kohlschreiber P.,Bagnis F.,47,108.0,1.66,2.1,1.81,2.1,1.81,2.33
2017-08-01,Generali Open,1st Round,Clay,Vesely J.,Hanfmann Y.,48,125.0,1.4,2.75,1.49,2.8,1.49,2.85
2017-08-01,Generali Open,1st Round,Clay,Struff J.L.,Haas T.,53,248.0,1.4,2.75,1.38,3.27,1.42,3.27
2017-08-01,Generali Open,1st Round,Clay,Olivo R.,Monteiro T.,118,110.0,2.37,1.53,2.5,1.59,2.55,1.59
2017-08-01,Generali Open,1st Round,Clay,Melzer G.,Berlocq C.,150,97.0,2.25,1.57,2.36,1.65,2.4,1.71
2017-08-02,Citi Open,2nd Round,Hard,Muller G.,Tursunov D.,21,820.0,1.12,6.0,1.16,6.27,1.17,6.27
2017-08-02,Citi Open,2nd Round,Hard,Raonic M.,Mahut N.,10,111.0,1.12,6.0,1.11,8.23,1.14,8.23
2017-08-02,Citi Open,2nd Round,Hard,Nishikori K.,Young D.,9,58.0,1.14,5.5,1.19,5.4,1.53,5.85
2017-08-02,Citi Open,2nd Round,Hard,Del Potro J.M.,Lacko L.,32,119.0,1.22,4.0,1.2,5.23,1.25,5.23
2017-08-02,Citi Open,2nd Round,Hard,Pella G.,Zverev M.,100,26.0,2.5,1.5,2.67,1.54,2.8,1.54
2017-08-02,Citi Open,2nd Round,Hard,Thiem D.,Laaksonen H.,7,96.0,1.14,5.5,1.17,5.77,1.19,5.77
2017-08-02,Citi Open,2nd Round,Hard,Sock J.,Copil M.,19,90.0,1.28,3.5,1.33,3.64,1.34,3.64
2017-08-02,Generali Open,2nd Round,Clay,Olivo R.,Zeballos H.,118,57.0,2.5,1.5,2.44,1.63,2.5,1.63
2017-08-02,Generali Open,2nd Round,Clay,Bellucci T.,Struff J.L.,80,53.0,2.2,1.61,2.37,1.66,2.37,1.69
2017-08-02,Generali Open,2nd Round,Clay,Kohlschreiber P.,Vesely J.,47,48.0,1.9,1.8,2.07,1.85,2.13,1.85
2017-08-02,Citi Open,2nd Round,Hard,Donaldson J.,Polmans M.,69,209.0,1.2,4.33,1.17,5.98,1.23,5.98
2017-08-02,Citi Open,1st Round,Hard,Jaziri M.,Bega A.,73,351.0,1.14,5.5,1.15,6.22,1.17,6.22
2017-08-02,Citi Open,1st Round,Hard,Tursunov D.,Krueger M.,820,223.0,2.5,1.5,2.44,1.61,2.95,1.62
2017-08-02,Citi Open,1st Round,Hard,Sandgren T.,Soeda G.,106,138.0,1.5,2.5,1.61,2.46,1.61,2.5
2017-08-02,Citi Open,2nd Round,Hard,Paul T.,Pouille L.,225,17.0,3.5,1.28,3.49,1.36,3.75,1.36
2017-08-02,Citi Open,1st Round,Hard,Edmund K.,Chung H.,41,56.0,1.66,2.1,1.83,2.07,1.83,2.14
2017-08-02,Citi Open,2nd Round,Hard,Zverev A.,Thompson J.,8,75.0,1.18,4.5,1.2,5.2,1.2,5.3
2017-08-02,Generali Open,2nd Round,Clay,Melzer G.,Giraldo S.,150,122.0,1.72,2.0,1.81,2.11,1.85,2.11
2017-08-02,Generali Open,2nd Round,Clay,Sousa J.,Lorenzi P.,62,36.0,1.83,1.83,2.03,1.88,2.05,1.91
2017-08-02,Generali Open,2nd Round,Clay,Fognini F.,Zekic M.,25,316.0,1.14,5.5,1.18,5.57,1.18,5.68
2017-08-02,Generali Open,2nd Round,Clay,Ofner S.,Cuevas P.,157,27.0,3.75,1.25,3.91,1.3,3.91,1.3
2017-08-02,Citi Open,1st Round,Hard,Thompson J.,Bemelmans R.,75,98.0,1.57,2.25,1.68,2.3,1.72,2.31
2017-08-02,Abierto Mexicano Mifel,1st Round,Hard,Fratangelo B.,Ito T.,117,163.0,1.4,2.75,1.45,2.93,1.45,3.05
2017-08-02,Abierto Mexicano Mifel,1st Round,Hard,Halys Q.,Karlovic I.,126,31.0,3.0,1.36,3.02,1.43,3.11,1.43
2017-08-02,Generali Open,2nd Round,Clay,Lajovic D.,Simon G.,71,37.0,2.0,1.72,2.06,1.85,2.06,1.86
2017-08-02,Abierto Mexicano Mifel,1st Round,Hard,Polansky P.,Uchiyama Y.,115,162.0,1.57,2.25,1.65,2.36,1.67,2.38
2017-08-02,Abierto Mexicano Mifel,1st Round,Hard,Verdasco F.,Escobedo E.,38,83.0,1.36,3.0,1.37,3.32,1.4,3.32
2017-08-02,Abierto Mexicano Mifel,1st Round,Hard,Fritz T.,Kukushkin M.,127,102.0,1.72,2.0,1.89,2.0,1.95,2.0
2017-08-02,Citi Open,2nd Round,Hard,Baghdatis M.,Harrison R.,77,40.0,2.62,1.44,2.76,1.51,2.76,1.54
2017-08-02,Abierto Mexicano Mifel,1st Round,Hard,Millot V.,Klein B.,165,235.0,1.5,2.5,1.57,2.55,1.57,2.75
2017-08-03,Citi Open,2nd Round,Hard,Bhambri Y.,Monfils G.,200,22.0,5.0,1.16,6.47,1.15,6.47,1.19
2017-08-03,Citi Open,2nd Round,Hard,Dimitrov G.,Edmund K.,11,41.0,1.4,2.75,1.46,2.95,1.46,3.12
2017-08-03,Citi Open,2nd Round,Hard,Anderson K.,Jaziri M.,45,73.0,1.28,3.75,1.27,4.26,1.28,4.26
2017-08-03,Citi Open,2nd Round,Hard,Medvedev D.,Johnson S.,50,34.0,2.2,1.61,2.2,1.76,2.3,1.76
2017-08-03,Citi Open,2nd Round,Hard,Sandgren T.,Kyrgios N.,106,20.0,6.0,1.12,5.51,1.19,6.0,1.19
2017-08-03,Citi Open,3rd Round,Hard,Sock J.,Donaldson J.,19,69.0,1.36,3.0,1.35,3.49,1.4,3.5
2017-08-03,Citi Open,3rd Round,Hard,Raonic M.,Baghdatis M.,10,77.0,1.12,5.5,1.12,7.55,1.15,7.55
2017-08-03,Generali Open,Quarterfinals,Clay,Fognini F.,Bellucci T.,25,80.0,1.4,3.0,1.44,3.06,1.45,3.06
2017-08-03,Generali Open,Quarterfinals,Clay,Ofner S.,Olivo R.,157,118.0,1.9,1.9,1.84,2.1,1.94,2.11
2017-08-03,Citi Open,3rd Round,Hard,Anderson K.,Thiem D.,45,7.0,2.2,1.66,2.3,1.69,2.3,1.78
2017-08-03,Abierto Mexicano Mifel,2nd Round,Hard,Mannarino A.,Fratangelo B.,42,117.0,1.44,2.62,1.49,2.85,1.55,2.85
2017-08-03,Abierto Mexicano Mifel,2nd Round,Hard,Dzumhur D.,Halys Q.,87,126.0,1.83,1.83,1.88,2.03,1.91,2.03
2017-08-03,Abierto Mexicano Mifel,2nd Round,Hard,Querrey S.,King E.,24,347.0,1.07,9.0,1.08,10.55,1.08,11.0
2017-08-03,Abierto Mexicano Mifel,2nd Round,Hard,Kokkinakis T.,Polansky P.,454,115.0,1.57,2.25,1.53,2.69,1.6,2.69
2017-08-03,Abierto Mexicano Mifel,2nd Round,Hard,Millot V.,Verdasco F.,165,38.0,5.0,1.16,5.32,1.2,5.32,1.2
2017-08-03,Abierto Mexicano Mifel,2nd Round,Hard,Berdych T.,Santillan A.,14,168.0,1.14,5.5,1.17,5.78,1.17,6.0
2017-08-03,Generali Open,Quarterfinals,Clay,Kohlschreiber P.,Lajovic D.,47,71.0,1.5,2.62,1.57,2.62,1.59,2.75
2017-08-03,Abierto Mexicano Mifel,2nd Round,Hard,Lopez F.,Ebden M.,28,154.0,1.36,3.0,1.48,2.87,1.48,3.02
2017-08-03,Abierto Mexicano Mifel,2nd Round,Hard,Fritz T.,Ramos-Vinolas A.,127,23.0,1.66,2.1,1.7,2.29,1.95,2.3
2017-08-03,Generali Open,Quarterfinals,Clay,Sousa J.,Melzer G.,62,150.0,1.53,2.37,1.67,2.38,1.71,2.45
2017-08-04,Citi Open,3rd Round,Hard,Medvedev D.,Dimitrov G.,50,11.0,3.4,1.33,3.59,1.34,3.59,1.36
2017-08-04,Citi Open,3rd Round,Hard,Paul T.,Muller G.,225,21.0,4.5,1.2,5.71,1.18,5.71,1.2
2017-08-04,Citi Open,3rd Round,Hard,Nishikori K.,Del Potro J.M.,9,32.0,2.1,1.66,2.2,1.75,2.26,1.8
2017-08-04,Citi Open,3rd Round,Hard,Zverev A.,Sandgren T.,8,106.0,1.11,6.5,1.12,7.45,1.12,7.67
2017-08-04,Citi Open,Quarterfinals,Hard,Sock J.,Raonic M.,19,10.0,3.4,1.33,3.67,1.37,3.67,1.4
2017-08-04,Citi Open,Quarterfinals,Hard,Anderson K.,Bhambri Y.,45,200.0,1.14,5.5,1.17,5.96,1.2,5.96
2017-08-04,Citi Open,3rd Round,Hard,Bhambri Y.,Pella G.,200,100.0,2.2,1.66,2.26,1.72,2.35,1.73
2017-08-04,Generali Open,Semifinals,Clay,Kohlschreiber P.,Fognini F.,47,25.0,2.2,1.66,2.23,1.75,2.3,1.75
2017-08-04,Abierto Mexicano Mifel,Quarterfinals,Hard,Querrey S.,Millot V.,24,165.0,1.16,5.0,1.2,5.3,1.22,5.3
2017-08-04,Abierto Mexicano Mifel,Quarterfinals,Hard,Berdych T.,Mannarino A.,14,42.0,1.2,4.5,1.26,4.37,1.26,4.65
2017-08-04,Abierto Mexicano Mifel,Quarterfinals,Hard,Kokkinakis T.,Fritz T.,454,127.0,2.1,1.66,2.25,1.77,2.25,1.8
2017-08-04,Abierto Mexicano Mifel,Quarterfinals,Hard,Dzumhur D.,Lopez F.,87,28.0,2.5,1.53,2.82,1.5,2.82,1.53
2017-08-04,Generali Open,Semifinals,Clay,Sousa J.,Ofner S.,62,157.0,1.5,2.62,1.51,2.8,1.53,2.85
2017-08-05,Generali Open,The Final,Clay,Kohlschreiber P.,Sousa J.,47,62.0,1.4,3.0,1.47,2.97,1.47,3.05
2017-08-05,Citi Open,Quarterfinals,Hard,Nishikori K.,Paul T.,9,225.0,1.11,6.5,1.14,6.99,1.14,6.99
2017-08-05,Abierto Mexicano Mifel,Semifinals,Hard,Kokkinakis T.,Berdych T.,454,14.0,3.75,1.28,3.88,1.31,4.33,1.31
2017-08-05,Abierto Mexicano Mifel,Semifinals,Hard,Querrey S.,Dzumhur D.,24,87.0,1.25,4.0,1.28,4.14,1.3,4.14
2017-08-05,Citi Open,Quarterfinals,Hard,Zverev A.,Medvedev D.,8,50.0,1.33,3.4,1.33,3.66,1.4,3.66
2017-08-05,Citi Open,Semifinals,Hard,Anderson K.,Sock J.,45,19.0,1.8,2.0,1.98,1.94,1.98,2.01
2017-08-06,Citi Open,The Final,Hard,Zverev A.,Anderson K.,8,45.0,1.36,3.2,1.48,2.9,1.48,3.2
2017-08-06,Abierto Mexicano Mifel,The Final,Hard,Querrey S.,Kokkinakis T.,24,454.0,1.44,2.75,1.47,2.94,1.5,2.95
2017-08-06,Citi Open,Semifinals,Hard,Zverev A.,Nishikori K.,8,9.0,1.57,2.37,1.7,2.31,1.73,2.5
2017-08-07,Rogers Masters,1st Round,Hard,Ferrer D.,Edmund K.,33,43.0,2.25,1.57,2.6,1.6,2.6,1.62
2017-08-07,Rogers Masters,1st Round,Hard,Gasquet R.,Schnur B.,29,197.0,1.11,6.5,1.14,6.76,1.14,7.0
2017-08-07,Rogers Masters,1st Round,Hard,Schwartzman D.,Opelka R.,36,165.0,1.72,2.0,1.74,2.22,1.8,2.23
2017-08-07,Rogers Masters,1st Round,Hard,Harrison R.,Fabbiano T.,44,91.0,1.36,3.0,1.42,3.14,1.42,3.14
2017-08-07,Rogers Masters,1st Round,Hard,Monfils G.,Johnson S.,22,35.0,1.57,2.25,1.58,2.55,1.67,2.55
2017-08-07,Rogers Masters,1st Round,Hard,Del Potro J.M.,Isner J.,31,19.0,1.9,1.8,1.84,2.08,1.91,2.08
2017-08-07,Rogers Masters,1st Round,Hard,Zverev M.,Gombos N.,26,88.0,1.28,3.5,1.3,3.92,1.31,4.0
2017-08-07,Rogers Masters,1st Round,Hard,Donaldson J.,Pouille L.,66,18.0,2.5,1.5,2.71,1.53,2.76,1.53
2017-08-07,Rogers Masters,1st Round,Hard,Paire B.,Young D.,41,61.0,2.1,1.66,2.13,1.8,2.25,1.8
2017-08-07,Rogers Masters,1st Round,Hard,Kyrgios N.,Troicki V.,24,45.0,1.4,2.75,1.49,2.85,1.5,2.9
2017-08-07,Rogers Masters,1st Round,Hard,Haase R.,Ramos-Vinolas A.,52,23.0,1.72,2.0,1.99,1.92,1.99,2.01
2017-08-08,Rogers Masters,1st Round,Hard,Sock J.,Herbert P.H.,17,69.0,1.28,3.5,1.35,3.52,1.35,3.8
2017-08-08,Rogers Masters,1st Round,Hard,Anderson K.,Sela D.,32,77.0,1.22,4.0,1.25,4.46,1.29,4.5
2017-08-08,Rogers Masters,1st Round,Hard,Goffin D.,Sugita Y.,13,46.0,1.28,3.5,1.3,3.89,1.36,3.89
2017-08-08,Rogers Masters,1st Round,Hard,Carreno Busta P.,Khachanov K.,15,30.0,2.37,1.53,2.52,1.6,2.52,1.65
2017-08-08,Rogers Masters,1st Round,Hard,Querrey S.,Millot V.,20,155.0,1.12,6.0,1.13,7.04,1.15,7.04
2017-08-08,Rogers Masters,1st Round,Hard,Shapovalov D.,Dutra Silva R.,143,503.0,1.25,3.75,1.24,4.61,1.3,4.61
2017-08-08,Rogers Masters,1st Round,Hard,Chung H.,Lopez F.,56,28.0,2.25,1.57,2.28,1.71,2.3,1.73
2017-08-08,Rogers Masters,1st Round,Hard,Coric B.,Youzhny M.,55,98.0,1.57,2.25,1.63,2.49,1.65,2.49
2017-08-08,Rogers Masters,1st Round,Hard,Bautista Agut R.,Smyczek T.,16,224.0,1.16,5.0,1.13,7.29,1.17,7.29
2017-08-08,Rogers Masters,1st Round,Hard,Polansky P.,Pospisil V.,116,75.0,2.5,1.5,2.86,1.48,2.86,1.5
2017-08-08,Rogers Masters,1st Round,Hard,Mannarino A.,Medvedev D.,42,48.0,2.25,1.57,2.23,1.74,2.3,1.74
2017-08-08,Rogers Masters,1st Round,Hard,Lorenzi P.,Tiafoe F.,38,84.0,2.62,1.44,2.75,1.51,2.75,1.53
2017-08-08,Rogers Masters,1st Round,Hard,Escobedo E.,Basilashvili N.,85,63.0,,,,,1.44,2.8
2017-08-09,Rogers Masters,2nd Round,Hard,Ferrer D.,Sock J.,33,17.0,2.25,1.57,2.38,1.65,2.38,1.67
2017-08-09,Rogers Masters,2nd Round,Hard,Nadal R.,Coric B.,2,55.0,1.12,6.0,1.11,7.84,1.15,7.84
2017-08-09,Rogers Masters,2nd Round,Hard,Zverev A.,Gasquet R.,8,29.0,1.2,4.33,1.26,4.38,1.33,4.38
2017-08-09,Rogers Masters,2nd Round,Hard,Kyrgios N.,Lorenzi P.,24,38.0,1.14,5.5,1.15,6.53,1.17,6.53
2017-08-09,Rogers Masters,2nd Round,Hard,Anderson K.,Carreno Busta P.,32,15.0,1.4,2.75,1.47,2.89,1.5,2.89
2017-08-09,Rogers Masters,2nd Round,Hard,Dimitrov G.,Zverev M.,11,26.0,1.28,3.5,1.31,3.79,1.32,3.79
2017-08-09,Rogers Masters,2nd Round,Hard,Federer R.,Polansky P.,3,116.0,1.03,15.0,1.03,20.5,1.04,21.25
2017-08-09,Rogers Masters,2nd Round,Hard,Monfils G.,Nishikori K.,22,9.0,2.5,1.5,2.66,1.54,2.66,1.57
2017-08-09,Rogers Masters,2nd Round,Hard,Bautista Agut R.,Harrison R.,16,44.0,1.4,2.75,1.41,3.18,1.44,3.25
2017-08-09,Rogers Masters,2nd Round,Hard,Haase R.,Escobedo E.,52,85.0,1.4,2.75,1.43,3.08,1.44,3.16
2017-08-09,Rogers Masters,2nd Round,Hard,Schwartzman D.,Thiem D.,36,7.0,4.33,1.2,4.76,1.23,4.76,1.25
2017-08-09,Rogers Masters,2nd Round,Hard,Donaldson J.,Paire B.,66,41.0,1.9,1.8,2.02,1.88,2.02,1.93
2017-08-09,Rogers Masters,2nd Round,Hard,Shapovalov D.,Del Potro J.M.,143,31.0,4.5,1.18,5.31,1.2,5.31,1.22
2017-08-10,Rogers Masters,3rd Round,Hard,Zverev A.,Kyrgios N.,8,24.0,1.9,1.8,2.09,1.85,2.15,1.85
2017-08-10,Rogers Masters,3rd Round,Hard,Anderson K.,Querrey S.,32,20.0,1.8,2.0,1.82,2.13,1.85,2.15
2017-08-10,Rogers Masters,3rd Round,Hard,Federer R.,Ferrer D.,3,33.0,1.06,10.0,1.06,13.84,1.07,13.84
2017-08-10,Rogers Masters,3rd Round,Hard,Schwartzman D.,Donaldson J.,36,66.0,1.9,1.9,1.92,2.01,1.92,2.02
2017-08-10,Rogers Masters,3rd Round,Hard,Haase R.,Dimitrov G.,52,11.0,3.5,1.3,3.97,1.3,3.97,1.33
2017-08-10,Rogers Masters,2nd Round,Hard,Querrey S.,Tsonga J.W.,20,12.0,2.5,1.5,2.75,1.51,2.75,1.57
2017-08-10,Rogers Masters,2nd Round,Hard,Mannarino A.,Raonic M.,42,10.0,4.5,1.18,5.32,1.2,5.32,1.23
2017-08-10,Rogers Masters,2nd Round,Hard,Chung H.,Goffin D.,56,13.0,2.62,1.44,2.86,1.48,2.86,1.5
2017-08-10,Rogers Masters,3rd Round,Hard,Bautista Agut R.,Monfils G.,16,22.0,2.0,1.8,1.94,1.98,2.0,1.98
2017-08-11,Rogers Masters,3rd Round,Hard,Mannarino A.,Chung H.,42,56.0,1.83,1.83,2.05,1.88,2.05,2.0
2017-08-11,Rogers Masters,3rd Round,Hard,Shapovalov D.,Nadal R.,143,2.0,10.0,1.06,9.55,1.09,11.88,1.09
2017-08-11,Rogers Masters,Quarterfinals,Hard,Haase R.,Schwartzman D.,52,36.0,1.61,2.25,1.65,2.43,1.69,2.43
2017-08-11,Rogers Masters,Quarterfinals,Hard,Federer R.,Bautista Agut R.,3,16.0,1.11,6.5,1.13,7.58,1.14,7.58
2017-08-11,Rogers Masters,Quarterfinals,Hard,Shapovalov D.,Mannarino A.,143,42.0,2.5,1.53,2.65,1.56,2.65,1.67
2017-08-12,Rogers Masters,Semifinals,Hard,Federer R.,Haase R.,3,52.0,1.06,10.0,1.06,13.84,1.07,14.0
2017-08-12,Rogers Masters,Quarterfinals,Hard,Zverev A.,Anderson K.,8,32.0,1.4,3.0,1.47,2.95,1.47,3.0
2017-08-13,Western & Southern Financial Group Masters,1st Round,Hard,Muller G.,Harrison R.,22,43.0,1.53,2.37,1.65,2.4,1.65,2.58
2017-08-13,Rogers Masters,Semifinals,Hard,Zverev A.,Shapovalov D.,8,143.0,1.16,5.0,1.22,5.01,1.22,5.35
2017-08-13,Rogers Masters,The Final,Hard,Zverev A.,Federer R.,8,3.0,3.5,1.3,3.54,1.36,3.55,1.36
2017-08-14,Western & Southern Financial Group Masters,1st Round,Hard,Querrey S.,Kozlov S.,20,133.0,1.12,6.0,1.14,6.69,1.15,6.85
2017-08-14,Western & Southern Financial Group Masters,1st Round,Hard,Tiafoe F.,Marterer M.,87,121.0,1.53,2.37,1.65,2.39,1.74,2.4
2017-08-14,Western & Southern Financial Group Masters,1st Round,Hard,Fognini F.,Medvedev D.,25,51.0,1.83,1.83,2.19,1.76,2.19,2.0
2017-08-14,Western & Southern Financial Group Masters,1st Round,Hard,Lopez F.,Chung H.,34,49.0,1.83,1.83,1.99,1.92,2.0,1.92
2017-08-14,Western & Southern Financial Group Masters,1st Round,Hard,Sousa J.,Edmund K.,54,45.0,2.5,1.5,2.67,1.54,2.75,1.55
2017-08-14,Western & Southern Financial Group Masters,1st Round,Hard,Paul T.,Young D.,175,57.0,2.2,1.61,2.27,1.71,2.45,1.71
2017-08-14,Western & Southern Financial Group Masters,1st Round,Hard,Karlovic I.,Vesely J.,44,52.0,1.72,2.0,1.68,2.34,1.8,2.35
2017-08-14,Western & Southern Financial Group Masters,1st Round,Hard,Gasquet R.,Smith J.P.,29,218.0,1.11,6.5,1.13,7.05,1.13,7.25
2017-08-14,Western & Southern Financial Group Masters,1st Round,Hard,Isner J.,Troicki V.,19,47.0,1.18,4.5,1.17,5.98,1.22,5.98
2017-08-14,Western & Southern Financial Group Masters,1st Round,Hard,Krueger M.,Paire B.,244,41.0,3.75,1.25,3.72,1.32,4.55,1.33
2017-08-15,Western & Southern Financial Group Masters,1st Round,Hard,Ferrer D.,Johnson S.,31,37.0,1.72,2.0,1.77,2.18,1.8,2.2
2017-08-15,Western & Southern Financial Group Masters,1st Round,Hard,Carreno Busta P.,Lorenzi P.,17,38.0,1.3,3.4,1.38,3.33,1.38,3.5
2017-08-15,Western & Southern Financial Group Masters,1st Round,Hard,Donaldson J.,Bautista Agut R.,60,14.0,3.5,1.28,3.69,1.33,3.75,1.33
2017-08-15,Western & Southern Financial Group Masters,1st Round,Hard,Basilashvili N.,Coric B.,65,50.0,3.25,1.33,3.24,1.4,3.25,1.4
2017-08-15,Western & Southern Financial Group Masters,1st Round,Hard,Mannarino A.,Haase R.,36,35.0,1.83,1.83,1.83,2.1,1.88,2.15
2017-08-15,Western & Southern Financial Group Masters,1st Round,Hard,Ramos-Vinolas A.,Youzhny M.,24,93.0,1.66,2.1,1.83,2.09,1.83,2.1
2017-08-15,Western & Southern Financial Group Masters,1st Round,Hard,Sugita Y.,Sock J.,46,16.0,2.75,1.4,3.14,1.42,3.14,1.44
2017-08-15,Western & Southern Financial Group Masters,1st Round,Hard,Kyrgios N.,Goffin D.,23,13.0,1.44,2.62,1.46,2.95,1.53,3.0
2017-08-15,Western & Southern Financial Group Masters,1st Round,Hard,Del Potro J.M.,Berdych T.,30,15.0,1.9,1.8,2.02,1.88,2.05,2.0
2017-08-15,Western & Southern Financial Group Masters,1st Round,Hard,Dolgopolov O.,Anderson K.,71,27.0,3.25,1.33,3.31,1.38,3.4,1.38
2017-08-15,Western & Southern Financial Group Masters,1st Round,Hard,Ramanathan R.,Eubanks C.,180,374.0,2.0,1.72,2.32,1.68,2.32,1.85
2017-08-15,Western & Southern Financial Group Masters,1st Round,Hard,Zverev M.,Verdasco F.,26,40.0,2.25,1.57,2.43,1.63,2.55,1.63
2017-08-15,Western & Southern Financial Group Masters,1st Round,Hard,Khachanov K.,Schwartzman D.,32,33.0,1.61,2.2,1.66,2.37,1.68,2.4
2017-08-16,Western & Southern Financial Group Masters,2nd Round,Hard,Ramos-Vinolas A.,Muller G.,24,22.0,3.0,1.36,3.22,1.4,3.25,1.42
2017-08-16,Western & Southern Financial Group Masters,2nd Round,Hard,Basilashvili N.,Harrison C.,65,240.0,1.44,2.62,1.49,2.82,1.53,2.9
2017-08-16,Western & Southern Financial Group Masters,2nd Round,Hard,Donaldson J.,Ramanathan R.,60,180.0,1.18,4.5,1.22,4.85,1.22,4.9
2017-08-16,Western & Southern Financial Group Masters,2nd Round,Hard,Tiafoe F.,Zverev A.,87,7.0,5.0,1.16,6.12,1.16,6.3,1.19
2017-08-16,Western & Southern Financial Group Masters,2nd Round,Hard,Kyrgios N.,Dolgopolov O.,23,71.0,1.57,2.25,1.6,2.51,1.65,2.55
2017-08-16,Western & Southern Financial Group Masters,2nd Round,Hard,Khachanov K.,Fabbiano T.,32,85.0,1.22,4.0,1.23,4.73,1.25,4.73
2017-08-16,Western & Southern Financial Group Masters,2nd Round,Hard,Carreno Busta P.,Zverev M.,17,26.0,1.72,2.0,1.83,2.09,1.83,2.15
2017-08-16,Western & Southern Financial Group Masters,2nd Round,Hard,Sugita Y.,Sousa J.,46,54.0,1.9,1.8,1.97,1.93,2.06,1.95
2017-08-16,Western & Southern Financial Group Masters,2nd Round,Hard,Dimitrov G.,Lopez F.,11,34.0,1.53,2.37,1.55,2.64,1.59,2.65
2017-08-16,Western & Southern Financial Group Masters,2nd Round,Hard,Ferrer D.,Tipsarevic J.,31,69.0,1.2,4.33,1.26,4.34,1.26,4.7
2017-08-16,Western & Southern Financial Group Masters,2nd Round,Hard,Thiem D.,Fognini F.,8,25.0,1.28,3.5,1.37,3.39,1.45,3.5
2017-08-16,Western & Southern Financial Group Masters,2nd Round,Hard,Karlovic I.,Tsonga J.W.,44,12.0,2.62,1.44,2.79,1.5,2.8,1.53
2017-08-16,Western & Southern Financial Group Masters,2nd Round,Hard,Isner J.,Paul T.,19,175.0,1.2,4.33,1.2,5.16,1.25,5.16
2017-08-16,Western & Southern Financial Group Masters,2nd Round,Hard,Del Potro J.M.,Krueger M.,30,244.0,1.08,7.5,1.1,8.67,1.11,8.75
2017-08-17,Western & Southern Financial Group Masters,3rd Round,Hard,Ferrer D.,Carreno Busta P.,31,17.0,2.0,1.72,2.16,1.79,2.23,1.8
2017-08-17,Western & Southern Financial Group Masters,3rd Round,Hard,Isner J.,Tiafoe F.,19,87.0,1.28,3.5,1.32,3.82,1.33,3.9
2017-08-17,Western & Southern Financial Group Masters,3rd Round,Hard,Thiem D.,Mannarino A.,8,36.0,1.33,3.25,1.38,3.41,1.38,3.55
2017-08-17,Western & Southern Financial Group Masters,3rd Round,Hard,Donaldson J.,Basilashvili N.,60,65.0,1.5,2.5,1.65,2.42,1.67,2.75
2017-08-17,Western & Southern Financial Group Masters,2nd Round,Hard,Mannarino A.,Querrey S.,36,20.0,2.37,1.53,2.6,1.56,2.61,1.58
2017-08-17,Western & Southern Financial Group Masters,3rd Round,Hard,Dimitrov G.,Del Potro J.M.,11,30.0,2.2,1.61,2.32,1.7,2.35,1.71
2017-08-17,Western & Southern Financial Group Masters,2nd Round,Hard,Nadal R.,Gasquet R.,2,29.0,1.12,6.0,1.16,6.19,1.17,7.5
2017-08-17,Western & Southern Financial Group Masters,3rd Round,Hard,Sugita Y.,Khachanov K.,46,32.0,2.5,1.5,2.65,1.56,2.75,1.56
2017-08-18,Western & Southern Financial Group Masters,3rd Round,Hard,Kyrgios N.,Karlovic I.,23,44.0,1.44,2.62,1.48,2.9,1.5,2.96
2017-08-18,Western & Southern Financial Group Masters,3rd Round,Hard,Nadal R.,Ramos-Vinolas A.,2,24.0,1.06,9.0,1.09,9.81,1.09,10.0
2017-08-18,Western & Southern Financial Group Masters,Quarterfinals,Hard,Dimitrov G.,Sugita Y.,11,46.0,1.3,3.5,1.3,4.01,1.35,4.01
2017-08-18,Western & Southern Financial Group Masters,Quarterfinals,Hard,Isner J.,Donaldson J.,19,60.0,1.28,3.75,1.31,3.89,1.33,3.95
2017-08-19,Western & Southern Financial Group Masters,Quarterfinals,Hard,Ferrer D.,Thiem D.,31,8.0,2.62,1.5,2.85,1.5,2.85,1.53
2017-08-19,Western & Southern Financial Group Masters,Quarterfinals,Hard,Kyrgios N.,Nadal R.,23,2.0,2.75,1.44,3.02,1.45,3.02,1.48
2017-08-19,Western & Southern Financial Group Masters,Semifinals,Hard,Dimitrov G.,Isner J.,11,19.0,1.72,2.0,1.94,1.98,1.94,2.15
2017-08-20,Winston-Salem Open at Wake Forest University,1st Round,Hard,Struff J.L.,Gombos N.,56,83.0,1.4,2.75,1.44,2.97,1.44,3.1
2017-08-20,Winston-Salem Open at Wake Forest University,1st Round,Hard,Baghdatis M.,Berankis R.,82,165.0,1.53,2.37,1.69,2.29,1.69,2.45
2017-08-20,Winston-Salem Open at Wake Forest University,1st Round,Hard,Kuznetsov An.,Kicker N.,70,93.0,1.28,3.5,1.33,3.64,1.33,3.75
2017-08-20,Winston-Salem Open at Wake Forest University,1st Round,Hard,Lajovic D.,Chrysochos P.,84,1360.0,1.07,7.5,1.1,8.33,1.1,10.25
2017-08-20,Western & Southern Financial Group Masters,The Final,Hard,Dimitrov G.,Kyrgios N.,11,23.0,2.2,1.66,2.26,1.74,2.3,1.74
2017-08-20,Western & Southern Financial Group Masters,Semifinals,Hard,Kyrgios N.,Ferrer D.,23,31.0,1.4,3.0,1.44,3.06,1.45,3.25
2017-08-20,Winston-Salem Open at Wake Forest University,1st Round,Hard,Monteiro T.,Dolgopolov O.,114,63.0,2.0,1.72,2.09,1.79,2.95,3.2
2017-08-21,Winston-Salem Open at Wake Forest University,2nd Round,Hard,Baghdatis M.,Vesely J.,82,55.0,1.61,2.2,1.73,2.24,2.0,2.25
2017-08-21,Winston-Salem Open at Wake Forest University,1st Round,Hard,Dzumhur D.,Istomin D.,67,85.0,1.66,2.1,1.74,2.2,1.83,2.2
2017-08-21,Winston-Salem Open at Wake Forest University,1st Round,Hard,Zeballos H.,Koepfer D.,58,268.0,1.61,2.2,1.65,2.37,1.68,2.4
2017-08-21,Winston-Salem Open at Wake Forest University,1st Round,Hard,Benneteau J.,Herbert P.H.,107,64.0,1.83,1.83,2.1,1.81,2.15,1.85
2017-08-21,Winston-Salem Open at Wake Forest University,1st Round,Hard,Edmund K.,Fabbiano T.,45,81.0,1.2,4.33,1.26,4.29,1.26,4.7
2017-08-21,Winston-Salem Open at Wake Forest University,1st Round,Hard,Fucsovics M.,Gulbis E.,122,257.0,2.25,1.57,2.19,1.75,2.35,1.77
2017-08-21,Winston-Salem Open at Wake Forest University,1st Round,Hard,Rublev A.,Darcis S.,54,65.0,1.53,2.37,1.62,2.43,1.64,2.5
2017-08-21,Winston-Salem Open at Wake Forest University,1st Round,Hard,Lu Y.H.,Eysseric J.,61,290.0,1.2,4.33,,,1.22,4.33
2017-08-21,Winston-Salem Open at Wake Forest University,1st Round,Hard,Seppi A.,Tipsarevic J.,86,66.0,2.0,1.72,2.15,1.78,2.2,1.84
2017-08-21,Winston-Salem Open at Wake Forest University,1st Round,Hard,Young D.,Dutra Silva R.,57,452.0,1.33,3.25,1.36,3.38,1.38,3.45
2017-08-21,Winston-Salem Open at Wake Forest University,1st Round,Hard,Berlocq C.,Bolt A.,96,301.0,1.9,1.8,1.86,2.03,1.93,2.05
2017-08-22,Winston-Salem Open at Wake Forest University,2nd Round,Hard,Dzumhur D.,Simon G.,67,39.0,1.66,2.1,1.75,2.21,1.83,2.21
2017-08-22,Winston-Salem Open at Wake Forest University,2nd Round,Hard,Johnson S.,Lu Y.H.,46,61.0,1.61,2.2,1.61,2.47,1.65,2.47
2017-08-22,Winston-Salem Open at Wake Forest University,2nd Round,Hard,Zeballos H.,Verdasco F.,58,42.0,3.5,1.28,3.16,1.41,3.5,1.41
2017-08-22,Winston-Salem Open at Wake Forest University,2nd Round,Hard,Fucsovics M.,Sousa J.,122,50.0,2.37,1.53,2.24,1.73,2.4,1.74
2017-08-22,Winston-Salem Open at Wake Forest University,2nd Round,Hard,Lorenzi P.,Monteiro T.,40,114.0,1.5,2.5,1.6,2.5,1.73,2.55
2017-08-22,Winston-Salem Open at Wake Forest University,2nd Round,Hard,Berlocq C.,Troicki V.,96,47.0,2.62,1.44,2.69,1.53,2.7,1.55
2017-08-22,Winston-Salem Open at Wake Forest University,2nd Round,Hard,Seppi A.,Bedene A.,86,48.0,2.0,1.72,2.2,1.75,2.2,1.85
2017-08-22,Winston-Salem Open at Wake Forest University,2nd Round,Hard,Coric B.,Young D.,62,57.0,2.0,1.72,1.96,1.94,2.11,1.94
2017-08-22,Winston-Salem Open at Wake Forest University,2nd Round,Hard,Edmund K.,Medvedev D.,45,53.0,1.57,2.25,1.68,2.33,1.71,2.33
2017-08-22,Winston-Salem Open at Wake Forest University,2nd Round,Hard,Bautista Agut R.,Lajovic D.,15,84.0,1.22,4.0,1.22,4.97,1.25,4.97
2017-08-22,Winston-Salem Open at Wake Forest University,2nd Round,Hard,Struff J.L.,Cuevas P.,56,31.0,1.53,2.37,1.51,2.47,1.75,2.55
2017-08-22,Winston-Salem Open at Wake Forest University,1st Round,Hard,Fritz T.,Jaziri M.,116,80.0,1.44,2.62,1.44,2.98,1.52,3.0
2017-08-23,Winston-Salem Open at Wake Forest University,3rd Round,Hard,Bautista Agut R.,Baghdatis M.,15,82.0,1.33,3.25,1.36,3.44,1.39,3.45
2017-08-23,Winston-Salem Open at Wake Forest University,3rd Round,Hard,Struff J.L.,Seppi A.,56,86.0,1.72,2.0,1.81,2.11,1.91,2.11
2017-08-23,Winston-Salem Open at Wake Forest University,3rd Round,Hard,Fritz T.,Lorenzi P.,116,40.0,1.36,3.0,1.4,3.22,1.45,3.25
2017-08-23,Winston-Salem Open at Wake Forest University,3rd Round,Hard,Dzumhur D.,Zeballos H.,67,58.0,1.53,2.37,1.71,2.27,1.71,2.4
2017-08-23,Winston-Salem Open at Wake Forest University,3rd Round,Hard,Johnson S.,Berlocq C.,46,96.0,1.22,4.0,1.22,4.85,1.28,4.85
2017-08-23,Winston-Salem Open at Wake Forest University,3rd Round,Hard,Edmund K.,Fucsovics M.,45,122.0,1.44,2.62,1.46,2.93,1.49,2.95
2017-08-23,Winston-Salem Open at Wake Forest University,2nd Round,Hard,Benneteau J.,Carreno Busta P.,107,16.0,3.25,1.33,3.91,1.3,4.05,1.33
2017-08-23,Winston-Salem Open at Wake Forest University,2nd Round,Hard,Chung H.,Rublev A.,49,54.0,1.53,2.37,1.62,2.45,1.65,2.5
2017-08-23,Winston-Salem Open at Wake Forest University,2nd Round,Hard,Fritz T.,Sugita Y.,116,43.0,2.0,1.72,1.88,2.02,2.06,2.02
2017-08-23,Winston-Salem Open at Wake Forest University,2nd Round,Hard,Isner J.,Kuznetsov An.,14,70.0,1.28,3.5,1.25,4.5,1.29,4.5
2017-08-24,Winston-Salem Open at Wake Forest University,3rd Round,Hard,Chung H.,Benneteau J.,49,107.0,1.36,3.0,1.36,3.45,1.4,3.45
2017-08-24,Winston-Salem Open at Wake Forest University,3rd Round,Hard,Coric B.,Isner J.,62,14.0,3.0,1.36,3.18,1.41,3.18,1.57
2017-08-24,Winston-Salem Open at Wake Forest University,Quarterfinals,Hard,Edmund K.,Johnson S.,45,46.0,1.83,1.83,2.11,1.83,2.11,2.0
2017-08-24,Winston-Salem Open at Wake Forest University,Quarterfinals,Hard,Dzumhur D.,Chung H.,67,49.0,2.62,1.44,2.61,1.57,2.75,1.59
2017-08-25,Winston-Salem Open at Wake Forest University,Quarterfinals,Hard,Struff J.L.,Coric B.,56,62.0,2.62,1.44,2.66,1.55,2.81,1.57
2017-08-25,Winston-Salem Open at Wake Forest University,Quarterfinals,Hard,Bautista Agut R.,Fritz T.,15,116.0,1.28,3.25,1.37,3.47,1.37,3.65
2017-08-26,Winston-Salem Open at Wake Forest University,Semifinals,Hard,Dzumhur D.,Edmund K.,67,45.0,2.5,1.53,2.58,1.58,2.58,1.67
2017-08-26,Winston-Salem Open at Wake Forest University,Semifinals,Hard,Bautista Agut R.,Struff J.L.,15,56.0,1.25,4.0,1.25,4.51,1.3,4.7
2017-08-26,Winston-Salem Open at Wake Forest University,The Final,Hard,Bautista Agut R.,Dzumhur D.,15,67.0,1.2,4.5,1.22,4.95,1.25,5.1
2017-08-28,US Open,1st Round,Hard,Sela D.,Eubanks C.,71,324.0,1.25,4.0,1.32,3.78,1.33,4.0
2017-08-28,US Open,1st Round,Hard,Lu Y.H.,Khachanov K.,63,29.0,3.0,1.4,2.94,1.46,3.0,1.47
2017-08-28,US Open,1st Round,Hard,Shapovalov D.,Medvedev D.,69,54.0,1.72,2.1,1.88,2.03,1.88,2.2
2017-08-28,US Open,1st Round,Hard,Zverev M.,Kwiatkowski T.S.,27,710.0,1.08,8.0,1.1,8.98,1.12,8.98
2017-08-28,US Open,1st Round,Hard,Muller G.,Tomic B.,23,146.0,1.25,4.0,1.27,4.22,1.29,4.4
2017-08-28,US Open,1st Round,Hard,Tipsarevic J.,Kokkinakis T.,67,222.0,3.0,1.4,3.14,1.42,3.2,1.42
2017-08-28,US Open,1st Round,Hard,Mahut N.,Fucsovics M.,115,117.0,1.8,2.0,1.88,2.03,1.91,2.1
2017-08-28,US Open,1st Round,Hard,Lorenzi P.,Sousa J.,40,50.0,2.62,1.5,2.89,1.47,2.95,1.5
2017-08-28,US Open,1st Round,Hard,Pouille L.,Bemelmans R.,20,96.0,1.22,4.33,1.23,4.73,1.24,4.8
2017-08-28,US Open,1st Round,Hard,Fabbiano T.,Smith J.P.,82,202.0,2.0,1.8,1.95,1.95,2.12,1.95
2017-08-28,US Open,1st Round,Hard,Thompson J.,Sock J.,73,16.0,3.25,1.36,3.31,1.38,3.73,1.38
2017-08-28,US Open,1st Round,Hard,Donaldson J.,Basilashvili N.,51,62.0,1.4,3.0,1.38,3.31,1.4,3.5
2017-08-28,US Open,1st Round,Hard,Coric B.,Vesely J.,61,55.0,1.57,2.37,1.5,2.79,1.65,2.79
2017-08-28,US Open,1st Round,Hard,Querrey S.,Simon G.,21,39.0,1.33,3.25,1.35,3.54,1.38,3.6
2017-08-28,US Open,1st Round,Hard,Ramos-Vinolas A.,Istomin D.,24,86.0,1.3,3.5,1.38,3.31,1.4,3.5
2017-08-28,US Open,1st Round,Hard,Isner J.,Herbert P.H.,15,65.0,1.14,5.5,1.17,5.8,1.19,6.5
2017-08-28,US Open,1st Round,Hard,Tsonga J.W.,Copil M.,12,87.0,1.1,7.0,1.09,9.28,1.11,9.5
2017-08-28,US Open,1st Round,Hard,Schwartzman D.,Berlocq C.,33,95.0,1.2,4.5,1.23,4.73,1.25,4.73
2017-08-28,US Open,1st Round,Hard,Mayer F.,Dutra Silva R.,74,453.0,1.5,2.62,1.56,2.6,1.57,2.65
2017-08-28,US Open,1st Round,Hard,Edmund K.,Haase R.,42,36.0,1.9,1.9,1.88,2.02,1.95,2.02
2017-08-28,US Open,1st Round,Hard,Chung H.,Zeballos H.,47,58.0,1.25,4.0,1.28,4.14,1.29,4.33
2017-08-28,US Open,1st Round,Hard,Johnson S.,Almagro N.,46,92.0,1.12,6.0,1.16,6.21,1.16,6.8
2017-08-28,US Open,1st Round,Hard,Norrie C.,Tursunov D.,225,645.0,1.4,3.0,1.52,2.72,1.6,3.28
2017-08-28,US Open,1st Round,Hard,Anderson K.,Aragone J.,32,534.0,1.04,13.0,1.03,18.88,1.05,19.68
2017-08-28,US Open,1st Round,Hard,Carreno Busta P.,King E.,19,308.0,1.08,8.0,1.1,8.67,1.1,9.0
2017-08-28,US Open,1st Round,Hard,Donskoy E.,Haider-Maurer A.,99,506.0,1.28,3.75,1.29,4.05,1.3,4.05
2017-08-28,US Open,1st Round,Hard,Cilic M.,Sandgren T.,7,105.0,1.04,13.0,1.06,12.02,1.06,13.0
2017-08-28,US Open,1st Round,Hard,Gulbis E.,Giannessi A.,255,91.0,1.25,4.0,1.27,4.18,1.3,4.25
2017-08-28,US Open,1st Round,Hard,Albot R.,Escobedo E.,138,77.0,1.72,2.1,1.77,2.18,1.79,2.2
2017-08-28,US Open,1st Round,Hard,Paire B.,Lacko L.,41,120.0,1.5,2.62,1.57,2.59,1.57,2.75
2017-08-28,US Open,1st Round,Hard,Kukushkin M.,Ferrer D.,103,25.0,4.5,1.2,4.73,1.23,4.9,1.23
2017-08-29,US Open,1st Round,Hard,Zverev A.,King D.,6,168.0,1.01,21.0,1.02,24.52,1.03,25.0
2017-08-29,US Open,1st Round,Hard,Nadal R.,Lajovic D.,1,85.0,1.02,19.0,1.01,25.86,1.03,29.0
2017-08-30,US Open,1st Round,Hard,Brown D.,Bellucci T.,116,76.0,1.8,1.9,1.88,2.03,2.0,2.05
2017-08-30,US Open,1st Round,Hard,Del Potro J.M.,Laaksonen H.,28,94.0,1.05,11.0,1.04,16.99,1.06,16.99
2017-08-30,US Open,1st Round,Hard,Goffin D.,Benneteau J.,14,100.0,1.25,4.0,1.24,4.65,1.27,4.85
2017-08-30,US Open,1st Round,Hard,Bautista Agut R.,Seppi A.,13,81.0,1.12,6.0,1.14,6.94,1.15,7.75
2017-08-30,US Open,1st Round,Hard,Lopez F.,Kuznetsov An.,35,75.0,1.57,2.37,1.68,2.34,1.69,2.39
2017-08-30,US Open,1st Round,Hard,Stebe C.M.,Kicker N.,107,93.0,1.11,6.5,1.09,9.55,1.2,10.5
2017-08-30,US Open,1st Round,Hard,Rublev A.,Bedene A.,53,48.0,2.2,1.66,2.34,1.68,2.4,1.74
2017-08-30,US Open,1st Round,Hard,Verdasco F.,Pospisil V.,43,78.0,1.3,3.5,1.33,3.69,1.35,3.8
2017-08-30,US Open,2nd Round,Hard,Zverev M.,Paire B.,27,41.0,2.2,1.66,1.96,1.94,2.2,1.94
2017-08-30,US Open,2nd Round,Hard,Pouille L.,Donaldson J.,20,51.0,1.61,2.3,1.81,2.12,1.81,2.35
2017-08-30,US Open,2nd Round,Hard,Lorenzi P.,Muller G.,40,23.0,4.5,1.2,4.77,1.23,5.05,1.24
2017-08-30,US Open,2nd Round,Hard,Mahut N.,Ramos-Vinolas A.,115,24.0,2.37,1.57,2.46,1.62,2.65,1.62
2017-08-30,US Open,2nd Round,Hard,Isner J.,Chung H.,15,47.0,1.33,3.4,1.32,3.77,1.4,3.9
2017-08-30,US Open,2nd Round,Hard,Querrey S.,Sela D.,21,71.0,1.16,5.0,1.19,5.42,1.2,5.8
2017-08-30,US Open,2nd Round,Hard,Coric B.,Zverev A.,61,6.0,5.5,1.14,5.54,1.19,5.95,1.2
2017-08-30,US Open,2nd Round,Hard,Carreno Busta P.,Norrie C.,19,225.0,1.12,6.0,1.16,6.04,1.17,6.65
2017-08-30,US Open,1st Round,Hard,Jaziri M.,Monteiro T.,80,113.0,1.57,2.37,1.71,2.28,1.71,2.4
2017-08-30,US Open,1st Round,Hard,Giraldo S.,Millot V.,129,164.0,2.5,1.53,2.67,1.54,2.7,1.59
2017-08-30,US Open,1st Round,Hard,Fritz T.,Baghdatis M.,108,83.0,1.8,2.0,1.88,2.03,1.91,2.05
2017-08-30,US Open,1st Round,Hard,Kohlschreiber P.,Smyczek T.,37,203.0,1.25,4.0,1.25,4.46,1.27,4.7
2017-08-30,US Open,1st Round,Hard,Millman J.,Kyrgios N.,235,17.0,7.0,1.1,9.28,1.09,9.28,1.11
2017-08-30,US Open,1st Round,Hard,Dzumhur D.,Cuevas P.,56,31.0,1.57,2.37,1.57,2.58,1.65,2.65
2017-08-30,US Open,1st Round,Hard,Federer R.,Tiafoe F.,3,70.0,1.03,15.0,1.04,16.64,1.04,19.0
2017-08-30,US Open,1st Round,Hard,Sugita Y.,Blancaneaux G.,44,331.0,1.07,9.0,1.08,10.44,1.1,12.0
2017-08-30,US Open,1st Round,Hard,Monfils G.,Chardy J.,22,79.0,1.12,6.0,1.13,7.05,1.14,7.75
2017-08-30,US Open,1st Round,Hard,Daniel T.,Paul T.,121,159.0,2.37,1.57,2.5,1.6,3.0,1.61
2017-08-30,US Open,1st Round,Hard,Thiem D.,De Minaur A.,8,186.0,1.03,15.0,1.04,15.92,1.04,22.75
2017-08-30,US Open,1st Round,Hard,Fratangelo B.,Karlovic I.,135,38.0,3.5,1.3,4.14,1.28,4.14,1.34
2017-08-30,US Open,1st Round,Hard,Berdych T.,Harrison R.,18,45.0,1.25,4.0,1.24,4.55,1.27,4.7
2017-08-30,US Open,1st Round,Hard,Youzhny M.,Kavcic B.,101,88.0,1.53,2.5,1.59,2.52,1.62,2.55
2017-08-30,US Open,1st Round,Hard,Dimitrov G.,Safranek V.,9,210.0,1.01,21.0,1.01,25.99,1.02,33.0
2017-08-30,US Open,1st Round,Hard,Young D.,Marterer M.,57,125.0,1.5,2.62,1.54,2.67,1.59,2.75
2017-08-30,US Open,1st Round,Hard,Mayer L.,Gasquet R.,59,30.0,3.75,1.28,3.97,1.29,4.3,1.3
2017-08-30,US Open,1st Round,Hard,Dolgopolov O.,Struff J.L.,64,49.0,1.72,2.1,1.81,2.11,1.85,2.15
2017-08-30,US Open,1st Round,Hard,Menendez-Maceiras A.,Kypson P.,148,17.0,1.08,8.0,1.08,9.87,1.11,11.0
2017-08-30,US Open,1st Round,Hard,Pella G.,Darcis S.,72,66.0,1.66,2.2,1.8,2.13,1.8,2.3
2017-08-30,US Open,1st Round,Hard,Travaglia S.,Fognini F.,144,26.0,4.33,1.22,4.54,1.24,5.35,1.25
2017-08-30,US Open,1st Round,Hard,Troicki V.,Gombos N.,52,84.0,1.57,2.37,1.61,2.47,1.65,2.5
2017-08-30,US Open,1st Round,Hard,Mannarino A.,Berankis R.,34,165.0,1.14,5.5,1.2,5.31,1.2,6.0
2017-08-31,US Open,2nd Round,Hard,Del Potro J.M.,Menendez-Maceiras A.,28,148.0,1.05,10.0,1.05,14.32,1.08,14.32
2017-08-31,US Open,2nd Round,Hard,Mannarino A.,Fratangelo B.,34,135.0,1.16,5.0,1.17,5.8,1.2,6.05
2017-08-31,US Open,2nd Round,Hard,Bautista Agut R.,Brown D.,13,116.0,1.08,8.0,1.11,7.88,1.11,9.0
2017-08-31,US Open,2nd Round,Hard,Goffin D.,Pella G.,14,72.0,1.33,3.4,1.35,3.52,1.36,3.7
2017-08-31,US Open,2nd Round,Hard,Thiem D.,Fritz T.,8,108.0,1.2,4.5,1.22,4.85,1.24,5.25
2017-08-31,US Open,2nd Round,Hard,Federer R.,Youzhny M.,3,101.0,1.03,15.0,1.04,16.64,1.05,21.0
2017-08-31,US Open,2nd Round,Hard,Monfils G.,Young D.,22,57.0,1.28,3.75,1.28,4.07,1.31,4.3
2017-08-31,US Open,2nd Round,Hard,Rublev A.,Dimitrov G.,53,9.0,7.0,1.1,8.36,1.11,9.0,1.15
2017-08-31,US Open,2nd Round,Hard,Mayer L.,Sugita Y.,59,44.0,1.8,2.0,1.72,2.26,1.85,2.3
2017-08-31,US Open,2nd Round,Hard,Lopez F.,Verdasco F.,35,43.0,2.0,1.8,2.09,1.83,2.09,1.91
2017-08-31,US Open,2nd Round,Hard,Millman J.,Jaziri M.,235,80.0,1.4,3.0,1.4,3.22,1.49,3.22
2017-08-31,US Open,2nd Round,Hard,Kohlschreiber P.,Giraldo S.,37,129.0,1.1,7.0,1.07,10.98,1.11,11.03
2017-08-31,US Open,2nd Round,Hard,Troicki V.,Travaglia S.,52,144.0,1.8,2.0,1.89,2.02,1.89,2.1
2017-08-31,US Open,2nd Round,Hard,Dolgopolov O.,Berdych T.,64,18.0,4.0,1.25,4.34,1.26,4.45,1.27
2017-08-31,US Open,2nd Round,Hard,Shapovalov D.,Tsonga J.W.,69,12.0,3.0,1.4,3.24,1.4,3.3,1.44
2017-08-31,US Open,2nd Round,Hard,Cilic M.,Mayer F.,7,74.0,1.08,8.0,1.11,8.36,1.11,9.0
2017-08-31,US Open,2nd Round,Hard,Fabbiano T.,Thompson J.,82,73.0,3.25,1.36,3.13,1.42,3.25,1.43
2017-08-31,US Open,2nd Round,Hard,Kukushkin M.,Donskoy E.,103,99.0,1.44,2.75,1.47,2.93,1.48,3.0
2017-08-31,US Open,2nd Round,Hard,Edmund K.,Johnson S.,42,46.0,1.8,2.0,1.79,2.14,1.88,2.15
2017-08-31,US Open,2nd Round,Hard,Schwartzman D.,Tipsarevic J.,33,67.0,1.4,3.0,1.43,3.08,1.43,3.25
2017-08-31,US Open,2nd Round,Hard,Anderson K.,Gulbis E.,32,255.0,1.16,5.0,1.2,5.31,1.21,5.6
2017-08-31,US Open,2nd Round,Hard,Dzumhur D.,Stebe C.M.,56,107.0,1.72,2.1,1.83,2.09,1.83,2.25
2017-08-31,US Open,2nd Round,Hard,Albot R.,Lu Y.H.,138,63.0,3.0,1.36,3.18,1.41,3.25,1.43
2017-09-01,US Open,3rd Round,Hard,Querrey S.,Albot R.,21,138.0,1.08,8.0,1.08,10.55,1.11,12.25
2017-09-01,US Open,3rd Round,Hard,Anderson K.,Coric B.,32,61.0,1.4,3.0,1.42,3.17,1.47,3.3
2017-09-01,US Open,3rd Round,Hard,Pouille L.,Kukushkin M.,20,103.0,1.44,2.75,1.54,2.7,1.54,2.9
2017-09-01,US Open,3rd Round,Hard,Shapovalov D.,Edmund K.,69,42.0,1.61,2.3,1.68,2.35,1.74,2.4
2017-09-01,US Open,2nd Round,Hard,Nadal R.,Daniel T.,1,121.0,1.01,21.0,1.02,23.85,1.03,29.5
2017-09-01,US Open,3rd Round,Hard,Lorenzi P.,Fabbiano T.,40,82.0,1.44,2.75,1.48,2.9,1.49,3.1
2017-09-01,US Open,3rd Round,Hard,Carreno Busta P.,Mahut N.,19,115.0,1.25,4.0,1.29,4.05,1.29,4.65
2017-09-01,US Open,3rd Round,Hard,Schwartzman D.,Cilic M.,33,7.0,4.33,1.22,4.87,1.23,5.1,1.26
2017-09-02,US Open,3rd Round,Hard,Rublev A.,Dzumhur D.,53,56.0,1.72,2.1,1.81,2.14,1.83,2.15
2017-09-02,US Open,3rd Round,Hard,Nadal R.,Mayer L.,1,59.0,1.08,8.0,1.07,11.47,1.1,13.25
2017-09-02,US Open,3rd Round,Hard,Goffin D.,Monfils G.,14,22.0,2.3,1.61,2.35,1.68,2.4,1.69
2017-09-02,US Open,3rd Round,Hard,Del Potro J.M.,Bautista Agut R.,28,13.0,2.0,1.8,2.05,1.88,2.15,1.91
2017-09-02,US Open,3rd Round,Hard,Zverev M.,Isner J.,27,15.0,3.75,1.28,3.83,1.32,4.0,1.32
2017-09-02,US Open,3rd Round,Hard,Thiem D.,Mannarino A.,8,34.0,1.3,3.5,1.38,3.41,1.38,3.65
2017-09-02,US Open,3rd Round,Hard,Kohlschreiber P.,Millman J.,37,235.0,1.36,3.25,1.36,3.5,1.38,3.55
2017-09-02,US Open,3rd Round,Hard,Dolgopolov O.,Troicki V.,64,52.0,1.36,3.25,1.38,3.36,1.42,3.4
2017-09-03,US Open,3rd Round,Hard,Federer R.,Lopez F.,3,35.0,1.2,4.5,1.22,4.93,1.27,5.05
2017-09-03,US Open,4th Round,Hard,Carreno Busta P.,Shapovalov D.,19,69.0,2.0,1.8,1.95,1.97,2.05,1.97
2017-09-03,US Open,4th Round,Hard,Schwartzman D.,Pouille L.,33,20.0,2.1,1.72,2.12,1.83,2.15,1.87
2017-09-03,US Open,4th Round,Hard,Anderson K.,Lorenzi P.,32,40.0,1.12,6.0,1.13,7.65,1.16,8.25
2017-09-04,US Open,4th Round,Hard,Querrey S.,Zverev M.,21,27.0,1.44,2.75,1.51,2.81,1.51,2.9
2017-09-04,US Open,4th Round,Hard,Nadal R.,Dolgopolov O.,1,64.0,1.12,6.0,1.15,6.54,1.17,7.25
2017-09-04,US Open,4th Round,Hard,Rublev A.,Goffin D.,53,14.0,2.75,1.44,2.87,1.49,3.0,1.51
2017-09-04,US Open,4th Round,Hard,Del Potro J.M.,Thiem D.,28,8.0,1.72,2.1,1.85,2.08,1.92,2.25
2017-09-05,US Open,4th Round,Hard,Federer R.,Kohlschreiber P.,3,37.0,1.08,8.0,1.08,9.88,1.15,10.25
2017-09-05,US Open,Quarterfinals,Hard,Carreno Busta P.,Schwartzman D.,19,33.0,1.4,3.0,1.49,2.87,1.49,3.1
2017-09-06,US Open,Quarterfinals,Hard,Anderson K.,Querrey S.,32,21.0,2.1,1.72,2.16,1.79,2.2,1.8
2017-09-06,US Open,Quarterfinals,Hard,Nadal R.,Rublev A.,1,53.0,1.08,8.0,1.1,9.25,1.11,9.75
2017-09-07,US Open,Quarterfinals,Hard,Del Potro J.M.,Federer R.,28,3.0,5.0,1.16,5.26,1.21,5.5,1.21
2017-09-08,US Open,Semifinals,Hard,Anderson K.,Carreno Busta P.,32,19.0,1.4,3.0,1.44,3.1,1.45,3.1
2017-09-09,US Open,Semifinals,Hard,Nadal R.,Del Potro J.M.,1,28.0,1.36,3.25,1.36,3.55,1.4,3.55
2017-09-10,US Open,The Final,Hard,Nadal R.,Anderson K.,1,32.0,1.12,6.5,1.15,7.03,1.15,7.09
2017-09-18,St. Petersburg Open,1st Round,Hard,Kohlschreiber P.,Tyurnev E.,34,548.0,1.07,9.0,1.06,11.82,1.08,13.25
2017-09-18,St. Petersburg Open,1st Round,Hard,Dzumhur D.,Lorenzi P.,55,38.0,1.5,2.5,1.65,2.36,1.67,2.5
2017-09-18,St. Petersburg Open,1st Round,Hard,Baghdatis M.,Zeballos H.,122,65.0,1.44,2.62,1.43,3.05,1.5,3.05
2017-09-18,Open de Moselle,1st Round,Hard,Simon G.,Seppi A.,43,85.0,1.53,2.37,1.53,2.67,1.55,2.8
2017-09-18,Open de Moselle,1st Round,Hard,Copil M.,Giannessi A.,86,132.0,1.33,3.25,1.33,3.62,1.4,3.85
2017-09-19,Open de Moselle,1st Round,Hard,Granollers M.,Bolelli S.,135,204.0,2.25,1.57,2.33,1.67,2.35,1.7
2017-09-19,Open de Moselle,1st Round,Hard,Maden Y.,Kicker N.,186,91.0,1.5,2.5,1.65,2.37,1.65,2.5
2017-09-19,St. Petersburg Open,1st Round,Hard,Troicki V.,Kuznetsov An.,47,87.0,2.25,1.57,2.24,1.71,2.36,1.71
2017-09-19,St. Petersburg Open,1st Round,Hard,Youzhny M.,Smith J.P.,112,185.0,1.44,2.62,1.45,2.94,1.5,2.94
2017-09-19,St. Petersburg Open,1st Round,Hard,Berankis R.,Masur D.,177,296.0,1.53,2.37,1.54,2.62,1.62,2.62
2017-09-19,Open de Moselle,1st Round,Hard,Basilashvili N.,Millot V.,64,148.0,1.61,2.2,1.73,2.22,1.77,2.25
2017-09-19,St. Petersburg Open,1st Round,Hard,Broady L.,Gulbis E.,242,212.0,3.4,1.3,3.7,1.32,3.75,1.36
2017-09-19,Open de Moselle,1st Round,Hard,Paire B.,Tsitsipas S.,41,120.0,1.53,2.37,1.63,2.4,1.64,2.5
2017-09-19,Open de Moselle,1st Round,Hard,Gojowczyk P.,Gombos N.,95,84.0,1.44,2.62,1.54,2.62,1.56,2.7
2017-09-19,Open de Moselle,1st Round,Hard,Istomin D.,Gasquet R.,82,30.0,4.5,1.18,5.14,1.2,5.2,1.22
2017-09-19,Open de Moselle,1st Round,Hard,Almagro N.,Benneteau J.,131,94.0,2.62,1.44,3.09,1.42,3.1,1.47
2017-09-20,Open de Moselle,2nd Round,Hard,Gojowczyk P.,Simon G.,95,43.0,2.75,1.4,3.15,1.41,3.15,1.46
2017-09-20,St. Petersburg Open,2nd Round,Hard,Broady L.,Mannarino A.,242,31.0,4.33,1.2,4.38,1.26,4.5,1.26
2017-09-20,Open de Moselle,1st Round,Hard,Laaksonen H.,Mathieu P.H.,113,252.0,1.83,1.83,1.9,1.99,1.91,2.05
2017-09-20,St. Petersburg Open,1st Round,Hard,Sousa J.,Donskoy E.,57,88.0,2.1,1.66,2.02,1.87,2.1,1.87
2017-09-20,St. Petersburg Open,1st Round,Hard,Fabbiano T.,Medvedev D.,70,62.0,3.5,1.28,3.89,1.29,3.9,1.33
2017-09-20,St. Petersburg Open,1st Round,Hard,Dutra Silva R.,Albot R.,399,108.0,2.5,1.5,2.76,1.5,2.76,1.58
2017-09-20,St. Petersburg Open,1st Round,Hard,Pella G.,Lajovic D.,71,80.0,2.0,1.72,2.02,1.87,2.1,1.91
2017-09-20,Open de Moselle,1st Round,Hard,Mahut N.,Brown D.,107,123.0,1.53,2.37,1.6,2.47,1.62,2.55
2017-09-20,Open de Moselle,1st Round,Hard,Zverev M.,Herbert P.H.,27,67.0,1.53,2.37,1.7,2.27,1.7,2.4
2017-09-20,St. Petersburg Open,2nd Round,Hard,Dzumhur D.,Baghdatis M.,55,122.0,1.66,2.1,1.85,2.07,1.85,2.11
2017-09-20,St. Petersburg Open,1st Round,Hard,Struff J.L.,Coric B.,54,56.0,2.25,1.57,2.37,1.65,2.55,1.67
2017-09-21,St. Petersburg Open,2nd Round,Hard,Fognini F.,Youzhny M.,29,112.0,1.72,2.0,1.78,2.16,1.91,2.16
2017-09-21,St. Petersburg Open,2nd Round,Hard,Struff J.L.,Fabbiano T.,54,70.0,1.3,3.4,1.34,3.56,1.36,3.6
2017-09-21,St. Petersburg Open,2nd Round,Hard,Berankis R.,Kohlschreiber P.,177,34.0,4.33,1.2,4.37,1.26,4.37,1.26
2017-09-21,St. Petersburg Open,2nd Round,Hard,Troicki V.,Pella G.,47,71.0,1.66,2.1,1.83,2.09,1.83,2.25
2017-09-21,St. Petersburg Open,2nd Round,Hard,Bautista Agut R.,Dutra Silva R.,13,399.0,1.08,8.0,1.08,10.44,1.1,10.75
2017-09-21,Open de Moselle,2nd Round,Hard,Basilashvili N.,Muller G.,64,23.0,3.5,1.28,3.97,1.29,4.05,1.31
2017-09-21,Open de Moselle,2nd Round,Hard,Istomin D.,Maden Y.,82,186.0,1.28,3.5,1.32,3.74,1.33,3.8
2017-09-21,Open de Moselle,2nd Round,Hard,De Schepper K.,Mahut N.,181,107.0,3.25,1.33,3.22,1.4,3.3,1.4
2017-09-21,Open de Moselle,2nd Round,Hard,Zverev M.,Laaksonen H.,27,113.0,1.3,3.4,1.33,3.64,1.36,3.7
2017-09-21,St. Petersburg Open,2nd Round,Hard,Tsonga J.W.,Sousa J.,18,57.0,1.22,4.0,1.28,4.1,1.29,4.2
2017-09-21,Open de Moselle,2nd Round,Hard,Copil M.,Pouille L.,86,22.0,3.25,1.33,3.39,1.37,3.45,1.4
2017-09-21,Open de Moselle,2nd Round,Hard,Goffin D.,Almagro N.,12,131.0,1.22,4.0,1.23,4.78,1.26,4.78
2017-09-21,Open de Moselle,2nd Round,Hard,Paire B.,Granollers M.,41,135.0,1.36,3.0,1.42,3.11,1.42,3.25
2017-09-22,Open de Moselle,Quarterfinals,Hard,Zverev M.,De Schepper K.,27,181.0,1.4,3.0,1.41,3.23,1.41,3.3
2017-09-22,Open de Moselle,Quarterfinals,Hard,Gojowczyk P.,Copil M.,95,86.0,1.8,2.0,1.9,2.03,1.91,2.1
2017-09-22,Open de Moselle,Quarterfinals,Hard,Paire B.,Goffin D.,41,12.0,2.5,1.53,2.54,1.6,2.66,1.6
2017-09-22,Open de Moselle,Quarterfinals,Hard,Basilashvili N.,Istomin D.,64,82.0,1.72,2.1,1.85,2.09,1.91,2.2
2017-09-22,St. Petersburg Open,Quarterfinals,Hard,Fognini F.,Berankis R.,29,177.0,1.36,3.25,1.38,3.37,1.39,3.4
2017-09-22,St. Petersburg Open,Quarterfinals,Hard,Struff J.L.,Tsonga J.W.,54,18.0,3.25,1.36,3.64,1.34,3.75,1.36
2017-09-22,St. Petersburg Open,Quarterfinals,Hard,Dzumhur D.,Broady L.,55,242.0,1.3,3.5,1.32,3.8,1.33,3.95
2017-09-22,St. Petersburg Open,Quarterfinals,Hard,Bautista Agut R.,Troicki V.,13,47.0,1.25,4.0,1.27,4.35,1.3,4.4
2017-09-23,St. Petersburg Open,Semifinals,Hard,Fognini F.,Bautista Agut R.,29,13.0,2.75,1.44,3.22,1.41,3.25,1.45
2017-09-23,St. Petersburg Open,Semifinals,Hard,Dzumhur D.,Struff J.L.,55,54.0,2.0,1.8,2.15,1.8,2.17,1.91
2017-09-23,Open de Moselle,Semifinals,Hard,Gojowczyk P.,Zverev M.,95,27.0,2.37,1.57,2.29,1.71,2.5,1.71
2017-09-23,Open de Moselle,Semifinals,Hard,Paire B.,Basilashvili N.,41,64.0,1.5,2.5,1.55,2.66,1.57,2.75
2017-09-24,St. Petersburg Open,The Final,Hard,Dzumhur D.,Fognini F.,55,29.0,2.2,1.66,2.26,1.73,2.31,1.74
2017-09-24,Open de Moselle,The Final,Hard,Gojowczyk P.,Paire B.,95,41.0,2.5,1.53,2.56,1.59,2.65,1.59
2017-09-25,Chengdu Open,1st Round,Hard,Donaldson J.,Tsitsipas S.,58,117.0,1.61,2.2,1.78,2.15,1.82,2.21
2017-09-25,Chengdu Open,1st Round,Hard,Sugita Y.,Pavic M.,43,,1.12,6.0,1.15,6.3,1.17,6.5
2017-09-25,Chengdu Open,1st Round,Hard,Fritz T.,Wu D.,94,220.0,1.14,5.5,1.17,5.85,1.2,6.05
2017-09-25,Chengdu Open,1st Round,Hard,Monteiro T.,Wu Y.,126,321.0,2.1,1.66,2.07,1.83,2.2,1.83
2017-09-25,Shenzhen Open,1st Round,Hard,Darcis S.,Zhang Ze,76,224.0,1.53,2.37,1.63,2.4,1.65,2.45
2017-09-25,Shenzhen Open,1st Round,Hard,Sela D.,Ebden M.,77,143.0,1.5,2.5,1.53,2.67,1.53,2.7
2017-09-25,Shenzhen Open,1st Round,Hard,Chardy J.,Giannessi A.,86,131.0,1.33,3.25,1.33,3.62,1.36,3.7
2017-09-26,Shenzhen Open,1st Round,Hard,Donskoy E.,Santillan A.,88,163.0,1.72,2.0,1.87,2.02,1.87,2.1
2017-09-26,Shenzhen Open,1st Round,Hard,Copil M.,Jaziri M.,83,80.0,2.0,1.72,1.85,2.05,2.0,2.1
2017-09-26,Shenzhen Open,1st Round,Hard,Lacko L.,Granollers M.,118,128.0,1.83,1.83,1.83,2.07,1.91,2.1
2017-09-26,Shenzhen Open,1st Round,Hard,Young D.,Kuhn N.,61,230.0,1.18,4.5,1.21,4.95,1.25,5.1
2017-09-26,Shenzhen Open,1st Round,Hard,Dolgopolov O.,Harris L.,53,226.0,1.16,5.0,1.24,4.55,1.25,5.0
2017-09-26,Shenzhen Open,1st Round,Hard,Laaksonen H.,Sousa J.,107,56.0,3.0,1.36,3.02,1.43,3.1,1.44
2017-09-26,Shenzhen Open,1st Round,Hard,Zhang Zh.,Dutra Silva R.,495,369.0,4.5,1.18,3.9,1.29,4.5,1.3
2017-09-26,Shenzhen Open,1st Round,Hard,Stakhovsky S.,Kicker N.,98,93.0,1.28,3.5,1.34,3.5,1.36,3.6
2017-09-26,Chengdu Open,1st Round,Hard,Lu Y.H.,Ymer M.,63,328.0,1.16,5.0,1.2,5.03,1.2,5.34
2017-09-26,Chengdu Open,1st Round,Hard,Lajovic D.,Menendez-Maceiras A.,84,133.0,1.4,2.75,1.54,2.63,1.54,2.8
2017-09-26,Chengdu Open,1st Round,Hard,Istomin D.,Struff J.L.,78,47.0,2.37,1.53,2.42,1.63,2.5,1.67
2017-09-26,Chengdu Open,1st Round,Hard,Edmund K.,Tomic B.,46,146.0,1.36,3.0,1.44,3.0,1.44,3.25
2017-09-26,Chengdu Open,1st Round,Hard,Baghdatis M.,Pospisil V.,113,85.0,1.44,2.62,1.54,2.62,1.56,2.9
2017-09-26,Chengdu Open,1st Round,Hard,Basilashvili N.,Troicki V.,59,48.0,2.2,1.61,2.2,1.74,2.25,1.75
2017-09-26,Chengdu Open,1st Round,Hard,Pella G.,Coric B.,72,55.0,2.25,1.57,2.44,1.61,2.58,1.67
2017-09-27,Chengdu Open,2nd Round,Hard,Istomin D.,Khachanov K.,78,32.0,2.62,1.44,2.66,1.54,2.7,1.61
2017-09-27,Chengdu Open,2nd Round,Hard,Lajovic D.,Ramos-Vinolas A.,84,25.0,2.2,1.61,2.13,1.8,2.2,1.8
2017-09-27,Chengdu Open,1st Round,Hard,Gojowczyk P.,Mayer L.,66,54.0,2.62,1.44,2.52,1.58,2.62,1.62
2017-09-27,Shenzhen Open,2nd Round,Hard,Laaksonen H.,Copil M.,107,83.0,2.0,1.72,2.17,1.78,2.2,1.83
2017-09-27,Shenzhen Open,2nd Round,Hard,Zhang Zh.,Lorenzi P.,495,39.0,4.5,1.18,4.72,1.23,5.0,1.23
2017-09-27,Shenzhen Open,2nd Round,Hard,Goffin D.,Donskoy E.,12,88.0,1.18,4.5,1.24,4.65,1.25,4.75
2017-09-27,Shenzhen Open,2nd Round,Hard,Young D.,Chardy J.,61,86.0,1.72,2.0,1.91,2.0,1.91,2.1
2017-09-27,Chengdu Open,2nd Round,Hard,Sugita Y.,Monteiro T.,43,126.0,1.22,4.0,1.27,4.2,1.29,4.3
2017-09-27,Chengdu Open,2nd Round,Hard,Donaldson J.,Edmund K.,58,46.0,2.5,1.5,2.58,1.57,2.6,1.57
2017-09-27,Shenzhen Open,1st Round,Hard,Dzumhur D.,Millman J.,40,190.0,2.1,1.66,2.06,1.84,2.2,1.91
2017-09-28,Shenzhen Open,2nd Round,Hard,Zverev A.,Darcis S.,4,76.0,1.14,5.5,1.18,5.66,1.2,5.8
2017-09-28,Shenzhen Open,2nd Round,Hard,Dzumhur D.,Lacko L.,40,118.0,1.57,2.25,1.59,2.52,1.59,2.55
2017-09-28,Shenzhen Open,2nd Round,Hard,Sela D.,Zverev M.,77,26.0,2.25,1.57,2.11,1.81,2.26,1.83
2017-09-28,Shenzhen Open,2nd Round,Hard,Dolgopolov O.,Stakhovsky S.,53,98.0,1.36,3.0,1.42,3.11,1.42,3.25
2017-09-28,Chengdu Open,2nd Round,Hard,Pella G.,Thiem D.,72,7.0,3.75,1.25,3.65,1.33,3.75,1.33
2017-09-28,Chengdu Open,2nd Round,Hard,Fritz T.,Basilashvili N.,94,59.0,1.53,2.37,1.65,2.38,1.68,2.4
2017-09-28,Chengdu Open,2nd Round,Hard,Baghdatis M.,Gojowczyk P.,113,66.0,2.0,1.72,2.13,1.8,2.15,1.85
2017-09-28,Chengdu Open,2nd Round,Hard,Lu Y.H.,Rublev A.,63,37.0,2.0,1.72,2.17,1.78,2.2,1.8
2017-09-29,Shenzhen Open,Quarterfinals,Hard,Laaksonen H.,Zhang Zh.,107,495.0,1.3,3.5,1.39,3.35,1.39,3.57
2017-09-29,Chengdu Open,Quarterfinals,Hard,Pella G.,Fritz T.,72,94.0,2.1,1.72,2.1,1.84,2.15,1.85
2017-09-29,Chengdu Open,Quarterfinals,Hard,Istomin D.,Donaldson J.,78,58.0,2.3,1.61,2.33,1.69,2.4,1.69
2017-09-29,Chengdu Open,Quarterfinals,Hard,Sugita Y.,Lajovic D.,43,84.0,1.66,2.2,1.78,2.19,1.78,2.25
2017-09-29,Shenzhen Open,Quarterfinals,Hard,Dzumhur D.,Zverev A.,40,4.0,3.0,1.4,3.28,1.4,3.3,1.43
2017-09-29,Shenzhen Open,Quarterfinals,Hard,Goffin D.,Young D.,12,61.0,1.33,3.4,1.39,3.32,1.39,3.45
2017-09-29,Shenzhen Open,Quarterfinals,Hard,Dolgopolov O.,Sela D.,53,77.0,1.4,3.0,1.43,3.1,1.43,3.15
2017-09-30,Shenzhen Open,Semifinals,Hard,Dolgopolov O.,Dzumhur D.,53,40.0,1.72,2.1,1.81,2.15,1.85,2.2
2017-09-30,Shenzhen Open,Semifinals,Hard,Goffin D.,Laaksonen H.,12,107.0,1.14,5.5,1.16,6.31,1.2,6.45
2017-09-30,Chengdu Open,Semifinals,Hard,Baghdatis M.,Pella G.,113,72.0,2.2,1.66,2.23,1.75,2.25,1.77
2017-09-30,Chengdu Open,Quarterfinals,Hard,Baghdatis M.,Lu Y.H.,113,63.0,2.2,1.66,2.32,1.7,2.32,1.73
2017-09-30,Chengdu Open,Semifinals,Hard,Istomin D.,Sugita Y.,78,43.0,2.3,1.61,2.41,1.65,2.41,1.67
2017-10-01,Chengdu Open,The Final,Hard,Istomin D.,Baghdatis M.,78,113.0,1.9,1.9,2.04,1.88,2.05,1.92
2017-10-01,Shenzhen Open,The Final,Hard,Goffin D.,Dolgopolov O.,12,53.0,1.66,2.2,1.77,2.2,1.77,2.3
2017-10-02,Rakuten Japan Open Tennis Championships,1st Round,Hard,Cilic M.,Tsitsipas S.,5,115.0,1.16,5.0,1.2,5.17,1.2,5.45
2017-10-02,Rakuten Japan Open Tennis Championships,1st Round,Hard,Tomic B.,Sousa J.,162,58.0,2.0,1.72,2.06,1.84,2.1,1.87
2017-10-02,Rakuten Japan Open Tennis Championships,1st Round,Hard,Mannarino A.,Soeda G.,31,143.0,1.22,4.0,1.26,4.25,1.29,4.3
2017-10-02,Rakuten Japan Open Tennis Championships,1st Round,Hard,Uchiyama Y.,Skugor F.,214,324.0,2.0,1.72,1.94,1.94,2.0,2.0
2017-10-02,Rakuten Japan Open Tennis Championships,1st Round,Hard,Vesely J.,Ramos-Vinolas A.,62,25.0,2.1,1.66,2.02,1.87,2.1,1.91
2017-10-02,Rakuten Japan Open Tennis Championships,1st Round,Hard,Harrison R.,Takahashi Y.,52,262.0,1.2,4.33,1.31,3.74,1.31,4.33
2017-10-02,Rakuten Japan Open Tennis Championships,1st Round,Hard,Anderson K.,Simon G.,16,45.0,1.28,3.5,1.35,3.46,1.36,4.05
2017-10-02,China Open,1st Round,Hard,Zverev M.,Struff J.L.,27,48.0,1.66,2.1,1.81,2.1,1.86,2.1
2017-10-02,China Open,1st Round,Hard,Bautista Agut R.,Zhang Ze,13,221.0,1.1,7.0,1.12,7.44,1.13,7.75
2017-10-02,China Open,1st Round,Hard,Bedene A.,Granollers M.,50,127.0,1.83,1.83,1.94,1.94,2.0,1.95
2017-10-02,China Open,1st Round,Hard,Fognini F.,Haase R.,26,43.0,1.72,2.0,1.81,2.1,1.83,2.15
2017-10-02,China Open,1st Round,Hard,Darcis S.,Carreno Busta P.,73,10.0,3.4,1.3,3.34,1.37,3.4,1.37
2017-10-02,China Open,1st Round,Hard,Lajovic D.,Verdasco F.,78,41.0,2.0,1.72,2.2,1.74,2.25,1.75
2017-10-03,China Open,1st Round,Hard,Kyrgios N.,Basilashvili N.,19,60.0,1.18,4.5,1.24,4.48,1.25,4.5
2017-10-03,Rakuten Japan Open Tennis Championships,1st Round,Hard,Raonic M.,Troicki V.,12,55.0,1.25,3.75,1.29,3.96,1.31,3.96
2017-10-03,Rakuten Japan Open Tennis Championships,1st Round,Hard,Gasquet R.,Querrey S.,30,15.0,2.0,1.72,2.18,1.75,2.35,1.79
2017-10-03,Rakuten Japan Open Tennis Championships,1st Round,Hard,Schwartzman D.,Young D.,29,59.0,1.57,2.25,1.71,2.24,1.75,2.3
2017-10-03,Rakuten Japan Open Tennis Championships,1st Round,Hard,Sugita Y.,Paire B.,40,37.0,1.83,1.83,1.88,2.01,1.95,2.01
2017-10-03,Rakuten Japan Open Tennis Championships,1st Round,Hard,Ebden M.,Karlovic I.,139,49.0,2.62,1.44,2.64,1.54,2.7,1.57
2017-10-03,Rakuten Japan Open Tennis Championships,1st Round,Hard,Lu Y.H.,Daniel T.,63,116.0,1.4,2.75,1.54,2.62,1.56,2.75
2017-10-03,Rakuten Japan Open Tennis Championships,1st Round,Hard,Johnson S.,Thiem D.,46,7.0,3.5,1.28,3.27,1.38,3.55,1.38
2017-10-03,China Open,1st Round,Hard,Mayer L.,Lorenzi P.,54,38.0,1.66,2.1,1.61,2.44,1.73,2.45
2017-10-03,China Open,1st Round,Hard,Zverev A.,Edmund K.,4,47.0,1.36,3.0,1.32,3.7,1.42,3.7
2017-10-03,China Open,1st Round,Hard,Khachanov K.,Wu D.,42,231.0,1.16,5.0,1.21,5.0,1.21,5.05
2017-10-03,China Open,1st Round,Hard,Berdych T.,Donaldson J.,20,56.0,1.4,2.75,1.43,3.05,1.45,3.1
2017-10-03,China Open,1st Round,Hard,Rublev A.,Sock J.,39,21.0,2.37,1.53,2.62,1.54,2.65,1.59
2017-10-03,China Open,1st Round,Hard,Nadal R.,Pouille L.,1,23.0,1.12,6.0,1.12,7.26,1.15,7.26
2017-10-03,China Open,1st Round,Hard,Isner J.,Jaziri M.,17,90.0,1.2,4.33,1.23,4.62,1.25,5.01
2017-10-03,China Open,1st Round,Hard,Del Potro J.M.,Cuevas P.,24,32.0,1.16,5.0,1.17,5.64,1.2,6.35
2017-10-03,China Open,1st Round,Hard,Dimitrov G.,Dzumhur D.,8,36.0,1.36,3.0,1.42,3.06,1.44,3.2
2017-10-04,Rakuten Japan Open Tennis Championships,1st Round,Hard,Goffin D.,Lopez F.,11,34.0,1.5,2.5,1.52,2.71,1.53,2.85
2017-10-04,Rakuten Japan Open Tennis Championships,2nd Round,Hard,Mannarino A.,Vesely J.,31,62.0,1.5,2.5,1.59,2.53,1.61,2.55
2017-10-04,Rakuten Japan Open Tennis Championships,2nd Round,Hard,Schwartzman D.,Tomic B.,29,162.0,1.36,3.0,1.44,3.04,1.45,3.1
2017-10-04,Rakuten Japan Open Tennis Championships,2nd Round,Hard,Harrison R.,Anderson K.,52,16.0,4.5,1.18,4.46,1.25,4.6,1.25
2017-10-04,Rakuten Japan Open Tennis Championships,2nd Round,Hard,Cilic M.,Uchiyama Y.,5,214.0,1.06,10.0,1.07,11.52,1.07,11.75
2017-10-04,Rakuten Japan Open Tennis Championships,1st Round,Hard,Dolgopolov O.,Medvedev D.,44,64.0,1.53,2.37,1.6,2.47,1.63,2.58
2017-10-04,China Open,2nd Round,Hard,Dimitrov G.,Del Potro J.M.,8,24.0,2.25,1.57,2.35,1.67,2.35,1.8
2017-10-04,China Open,2nd Round,Hard,Kyrgios N.,Zverev M.,19,27.0,1.28,3.5,1.35,3.52,1.35,3.6
2017-10-04,China Open,2nd Round,Hard,Darcis S.,Lajovic D.,73,78.0,1.72,2.0,1.84,2.08,1.85,2.1
2017-10-04,China Open,2nd Round,Hard,Bautista Agut R.,Bedene A.,13,50.0,1.2,4.33,1.28,4.14,1.28,4.5
2017-10-05,China Open,2nd Round,Hard,Isner J.,Mayer L.,17,54.0,1.28,3.5,1.32,3.77,1.32,3.9
2017-10-05,Rakuten Japan Open Tennis Championships,2nd Round,Hard,Sugita Y.,Raonic M.,40,12.0,3.5,1.28,4.14,1.28,4.14,1.3
2017-10-05,Rakuten Japan Open Tennis Championships,2nd Round,Hard,Goffin D.,Ebden M.,11,139.0,1.1,7.0,1.13,7.31,1.15,7.31
2017-10-05,Rakuten Japan Open Tennis Championships,2nd Round,Hard,Gasquet R.,Lu Y.H.,30,63.0,1.36,3.0,1.41,3.16,1.41,3.25
2017-10-05,Rakuten Japan Open Tennis Championships,2nd Round,Hard,Johnson S.,Dolgopolov O.,46,44.0,2.1,1.66,2.21,1.75,2.25,1.77
2017-10-05,China Open,2nd Round,Hard,Zverev A.,Fognini F.,4,26.0,1.2,4.33,1.25,4.46,1.35,4.69
2017-10-05,China Open,2nd Round,Hard,Rublev A.,Berdych T.,39,20.0,2.75,1.4,2.95,1.46,3.0,1.48
2017-10-05,China Open,2nd Round,Hard,Nadal R.,Khachanov K.,1,42.0,1.1,7.0,1.11,8.05,1.12,8.05
2017-10-06,Rakuten Japan Open Tennis Championships,Quarterfinals,Hard,Mannarino A.,Sugita Y.,31,40.0,1.72,2.1,1.84,2.1,1.84,2.2
2017-10-06,Rakuten Japan Open Tennis Championships,Quarterfinals,Hard,Cilic M.,Harrison R.,5,52.0,1.16,5.0,1.18,5.73,1.2,5.9
2017-10-06,China Open,Quarterfinals,Hard,Dimitrov G.,Bautista Agut R.,8,13.0,1.66,2.2,1.78,2.19,1.78,2.25
2017-10-06,China Open,Quarterfinals,Hard,Nadal R.,Isner J.,1,17.0,1.3,3.5,1.34,3.63,1.34,3.75
2017-10-06,China Open,Quarterfinals,Hard,Kyrgios N.,Darcis S.,19,73.0,1.16,5.0,1.2,5.37,1.22,5.5
2017-10-06,China Open,Quarterfinals,Hard,Zverev A.,Rublev A.,4,39.0,1.22,4.33,1.26,4.44,1.26,4.65
2017-10-06,Rakuten Japan Open Tennis Championships,Quarterfinals,Hard,Schwartzman D.,Johnson S.,29,46.0,1.8,2.0,1.87,2.06,1.91,2.1
2017-10-06,Rakuten Japan Open Tennis Championships,Quarterfinals,Hard,Goffin D.,Gasquet R.,11,30.0,1.9,1.9,1.98,1.94,2.12,2.0
2017-10-07,Rakuten Japan Open Tennis Championships,Semifinals,Hard,Mannarino A.,Cilic M.,31,5.0,5.0,1.16,5.3,1.2,5.3,1.25
2017-10-07,Rakuten Japan Open Tennis Championships,Semifinals,Hard,Goffin D.,Schwartzman D.,11,29.0,1.57,2.37,1.56,2.64,1.62,2.68
2017-10-07,China Open,Semifinals,Hard,Kyrgios N.,Zverev A.,19,4.0,1.8,2.0,1.87,2.06,1.95,2.06
2017-10-07,China Open,Semifinals,Hard,Nadal R.,Dimitrov G.,1,8.0,1.28,3.75,1.29,4.07,1.3,4.07
2017-10-08,China Open,The Final,Hard,Nadal R.,Kyrgios N.,1,19.0,1.57,2.37,1.61,2.52,1.61,2.55
2017-10-08,Rakuten Japan Open Tennis Championships,The Final,Hard,Goffin D.,Mannarino A.,11,31.0,1.36,3.25,1.43,3.13,1.45,3.48
2017-10-08,Shanghai Masters,1st Round,Hard,Donaldson J.,Cuevas P.,56,32.0,1.5,2.5,1.64,2.41,1.7,2.5
2017-10-08,Shanghai Masters,1st Round,Hard,Simon G.,Wu Y.,47,324.0,1.28,3.5,1.31,3.87,1.34,3.9
2017-10-08,Shanghai Masters,1st Round,Hard,Fognini F.,Verdasco F.,28,43.0,1.66,2.1,1.77,2.18,1.77,2.25
2017-10-08,Shanghai Masters,1st Round,Hard,Pouille L.,Medvedev D.,24,64.0,1.36,3.0,1.38,3.36,1.4,3.36
2017-10-09,Shanghai Masters,1st Round,Hard,Wu D.,Chardy J.,233,83.0,4.0,1.22,5.12,1.21,5.35,1.25
2017-10-09,Shanghai Masters,1st Round,Hard,Rublev A.,Dzumhur D.,35,37.0,2.0,1.72,2.02,1.88,2.05,1.97
2017-10-09,Shanghai Masters,1st Round,Hard,Del Potro J.M.,Basilashvili N.,23,59.0,1.12,5.5,1.16,6.16,1.17,6.2
2017-10-09,Shanghai Masters,1st Round,Hard,Edmund K.,Vesely J.,53,62.0,1.4,2.75,1.38,3.33,1.45,3.4
2017-10-09,Shanghai Masters,1st Round,Hard,Tsitsipas S.,Khachanov K.,131,40.0,2.2,1.61,2.2,1.75,2.22,1.78
2017-10-09,Shanghai Masters,1st Round,Hard,Tiafoe F.,Paire B.,92,38.0,1.8,1.9,1.85,2.07,1.96,2.15
2017-10-09,Shanghai Masters,1st Round,Hard,Chung H.,Bautista Agut R.,60,13.0,4.33,1.2,4.58,1.24,4.58,1.29
2017-10-09,Shanghai Masters,1st Round,Hard,Ramos-Vinolas A.,Sousa J.,25,63.0,1.61,2.2,1.69,2.31,1.73,2.4
2017-10-09,Shanghai Masters,1st Round,Hard,Lopez F.,Karlovic I.,34,52.0,1.57,2.25,1.71,2.27,1.71,2.33
2017-10-09,Shanghai Masters,1st Round,Hard,Gasquet R.,Haase R.,31,44.0,1.33,3.25,1.45,2.99,1.45,3.25
2017-10-10,Shanghai Masters,2nd Round,Hard,Cilic M.,Edmund K.,5,53.0,1.36,3.0,1.37,3.4,1.4,3.45
2017-10-10,Shanghai Masters,2nd Round,Hard,Gasquet R.,Chung H.,31,60.0,1.8,1.9,1.95,1.95,2.0,1.95
2017-10-10,Shanghai Masters,2nd Round,Hard,Del Potro J.M.,Rublev A.,23,35.0,1.33,3.25,1.41,3.17,1.46,3.25
2017-10-10,Shanghai Masters,2nd Round,Hard,Fognini F.,Pouille L.,28,24.0,2.25,1.57,2.37,1.66,2.5,1.67
2017-10-10,Shanghai Masters,2nd Round,Hard,Ramos-Vinolas A.,Carreno Busta P.,25,11.0,2.75,1.4,2.9,1.47,2.9,1.51
2017-10-10,Shanghai Masters,1st Round,Hard,Querrey S.,Sugita Y.,17,36.0,1.36,3.0,1.39,3.28,1.43,3.28
2017-10-10,Shanghai Masters,1st Round,Hard,Troicki V.,Shapovalov D.,54,50.0,2.62,1.44,2.73,1.52,2.85,1.52
2017-10-10,Shanghai Masters,1st Round,Hard,Isner J.,Lajovic D.,16,73.0,1.22,4.0,1.34,3.56,1.34,4.33
2017-10-10,Shanghai Masters,1st Round,Hard,Schwartzman D.,Thompson J.,26,72.0,1.33,3.25,1.48,2.87,1.48,3.25
2017-10-10,Shanghai Masters,1st Round,Hard,Struff J.L.,Zverev M.,58,27.0,2.25,1.57,2.33,1.68,2.35,1.7
2017-10-10,Shanghai Masters,1st Round,Hard,Anderson K.,Mannarino A.,15,29.0,1.36,3.0,1.4,3.2,1.43,3.25
2017-10-10,Shanghai Masters,1st Round,Hard,Bedene A.,Lorenzi P.,48,39.0,2.2,1.61,2.23,1.74,2.25,1.75
2017-10-10,Shanghai Masters,1st Round,Hard,Harrison R.,Zhang Ze,46,221.0,1.36,3.0,1.46,2.93,1.46,3.1
2017-10-10,Shanghai Masters,1st Round,Hard,Dolgopolov O.,Sock J.,41,20.0,1.66,2.1,1.81,2.11,1.81,2.18
2017-10-10,Shanghai Masters,1st Round,Hard,Johnson S.,Kyrgios N.,45,21.0,4.0,1.22,3.72,1.32,4.0,1.33
2017-10-11,Shanghai Masters,2nd Round,Hard,Troicki V.,Thiem D.,54,7.0,3.0,1.36,3.28,1.39,3.35,1.4
2017-10-11,Shanghai Masters,2nd Round,Hard,Johnson S.,Wu D.,45,233.0,1.14,5.5,1.14,6.87,1.2,6.95
2017-10-11,Shanghai Masters,2nd Round,Hard,Isner J.,Tsitsipas S.,16,131.0,1.36,3.0,1.45,3.0,1.5,3.05
2017-10-11,Shanghai Masters,2nd Round,Hard,Federer R.,Schwartzman D.,2,26.0,1.14,5.5,1.19,5.53,1.19,6.0
2017-10-11,Shanghai Masters,2nd Round,Hard,Dolgopolov O.,Lopez F.,41,34.0,1.8,1.9,1.88,2.02,1.91,2.05
2017-10-11,Shanghai Masters,2nd Round,Hard,Nadal R.,Donaldson J.,1,56.0,1.07,9.0,1.08,10.16,1.08,10.25
2017-10-11,Shanghai Masters,2nd Round,Hard,Simon G.,Goffin D.,47,10.0,2.75,1.4,3.36,1.38,3.45,1.42
2017-10-11,Shanghai Masters,2nd Round,Hard,Querrey S.,Tiafoe F.,17,92.0,1.36,3.0,1.38,3.35,1.4,3.4
2017-10-11,Shanghai Masters,2nd Round,Hard,Zverev A.,Bedene A.,4,48.0,1.18,4.5,1.18,5.65,1.2,5.65
2017-10-11,Shanghai Masters,2nd Round,Hard,Dimitrov G.,Harrison R.,9,46.0,1.2,4.33,1.23,4.69,1.25,4.75
2017-10-11,Shanghai Masters,2nd Round,Hard,Struff J.L.,Anderson K.,58,15.0,4.0,1.22,4.85,1.22,4.95,1.25
2017-10-12,Shanghai Masters,3rd Round,Hard,Troicki V.,Isner J.,54,16.0,2.5,1.5,2.67,1.55,2.75,1.55
2017-10-12,Shanghai Masters,3rd Round,Hard,Federer R.,Dolgopolov O.,2,41.0,1.11,6.5,1.14,7.14,1.17,7.25
2017-10-12,Shanghai Masters,3rd Round,Hard,Gasquet R.,Simon G.,31,47.0,1.57,2.37,1.57,2.62,1.61,2.62
2017-10-12,Shanghai Masters,3rd Round,Hard,Nadal R.,Fognini F.,1,28.0,1.1,7.0,1.14,7.21,1.14,7.5
2017-10-12,Shanghai Masters,3rd Round,Hard,Ramos-Vinolas A.,Struff J.L.,25,58.0,1.8,2.0,1.88,2.04,1.91,2.06
2017-10-12,Shanghai Masters,3rd Round,Hard,Del Potro J.M.,Zverev A.,23,4.0,2.1,1.72,2.15,1.8,2.25,1.8
2017-10-12,Shanghai Masters,3rd Round,Hard,Dimitrov G.,Querrey S.,9,17.0,1.5,2.5,1.6,2.54,1.63,2.56
2017-10-12,Shanghai Masters,3rd Round,Hard,Cilic M.,Johnson S.,5,45.0,1.28,3.75,1.3,4.01,1.3,4.05
2017-10-13,Shanghai Masters,Quarterfinals,Hard,Cilic M.,Ramos-Vinolas A.,5,25.0,1.16,5.0,1.21,5.15,1.22,5.23
2017-10-13,Shanghai Masters,Quarterfinals,Hard,Nadal R.,Dimitrov G.,1,9.0,1.25,4.0,1.26,4.45,1.26,4.7
2017-10-13,Shanghai Masters,Quarterfinals,Hard,Del Potro J.M.,Troicki V.,23,54.0,1.22,4.33,1.25,4.62,1.3,4.65
2017-10-13,Shanghai Masters,Quarterfinals,Hard,Federer R.,Gasquet R.,2,31.0,1.06,10.0,1.08,10.37,1.12,11.0
2017-10-14,Shanghai Masters,Semifinals,Hard,Nadal R.,Cilic M.,1,5.0,1.2,4.5,1.25,4.51,1.27,5.0
2017-10-14,Shanghai Masters,Semifinals,Hard,Federer R.,Del Potro J.M.,2,23.0,1.22,4.33,1.26,4.43,1.3,4.5
2017-10-15,Shanghai Masters,The Final,Hard,Federer R.,Nadal R.,2,1.0,2.2,1.66,2.23,1.75,2.3,1.75
2017-10-16,Kremlin Cup,1st Round,Hard,Bublik A.,Gabashvili T.,107,229.0,1.36,3.0,1.41,3.26,1.41,3.35
2017-10-16,European Open,1st Round,Hard,Bemelmans R.,Gojowczyk P.,98,68.0,2.62,1.44,3.01,1.43,3.15,1.45
2017-10-16,European Open,1st Round,Hard,Karlovic I.,Pella G.,51,64.0,1.8,1.9,2.02,1.87,2.05,1.95
2017-10-16,European Open,1st Round,Hard,Stakhovsky S.,Donaldson J.,102,52.0,2.25,1.57,2.24,1.71,2.37,1.71
2017-10-16,Kremlin Cup,1st Round,Hard,Bhambri Y.,Safiullin R.,146,475.0,1.22,4.0,1.26,4.24,1.26,4.45
2017-10-16,European Open,1st Round,Hard,Benneteau J.,Basilashvili N.,93,55.0,1.83,1.83,1.85,2.05,1.91,2.05
2017-10-16,Kremlin Cup,1st Round,Hard,Sela D.,Coric B.,72,56.0,2.5,1.5,2.67,1.53,2.8,1.57
2017-10-17,Stockholm Open,1st Round,Hard,Chung H.,Fucsovics M.,54,103.0,1.61,2.2,1.68,2.3,1.69,2.35
2017-10-17,Stockholm Open,1st Round,Hard,Fognini F.,Jaziri M.,27,89.0,1.36,3.0,1.41,3.14,1.42,3.29
2017-10-17,Stockholm Open,1st Round,Hard,Sugita Y.,Istomin D.,37,57.0,1.9,1.8,2.02,1.87,2.02,1.95
2017-10-17,Stockholm Open,1st Round,Hard,Chardy J.,Giannessi A.,84,139.0,1.22,4.0,1.26,4.3,1.3,4.4
2017-10-17,Stockholm Open,1st Round,Hard,Zopp J.,Lacko L.,180,117.0,2.2,1.61,2.18,1.75,2.28,1.77
2017-10-17,Kremlin Cup,1st Round,Hard,Berankis R.,Lajovic D.,169,70.0,3.25,1.33,3.14,1.41,3.25,1.41
2017-10-17,Kremlin Cup,1st Round,Hard,Djere L.,Lorenzi P.,90,40.0,3.0,1.36,3.14,1.41,3.25,1.41
2017-10-17,Kremlin Cup,1st Round,Hard,Seppi A.,Vesely J.,88,63.0,1.72,2.0,1.76,2.17,1.83,2.17
2017-10-17,Stockholm Open,1st Round,Hard,Baghdatis M.,Gombos N.,91,83.0,1.66,2.1,1.65,2.36,1.73,2.38
2017-10-17,Kremlin Cup,1st Round,Hard,Rosol L.,Kravchuk K.,204,260.0,1.5,2.5,1.51,2.72,1.55,2.75
2017-10-17,Kremlin Cup,1st Round,Hard,Dzumhur D.,Fabbiano T.,38,75.0,1.18,4.5,1.26,4.25,1.26,4.5
2017-10-17,Stockholm Open,1st Round,Hard,Ymer E.,Mayer L.,202,53.0,2.62,1.44,2.88,1.47,2.9,1.5
2017-10-17,Stockholm Open,1st Round,Hard,Verdasco F.,Haase R.,43,44.0,1.83,1.83,1.94,1.94,2.04,1.95
2017-10-17,Kremlin Cup,1st Round,Hard,Krajinovic F.,Rublev A.,77,35.0,2.75,1.4,2.89,1.46,3.0,1.53
2017-10-17,Kremlin Cup,1st Round,Hard,Dutra Silva R.,Donskoy E.,381,73.0,3.5,1.28,3.9,1.29,4.0,1.3
2017-10-17,European Open,1st Round,Hard,Laaksonen H.,Dolgopolov O.,96,36.0,3.0,1.36,3.34,1.37,3.45,1.4
2017-10-17,European Open,1st Round,Hard,Sousa J.,Paire B.,61,39.0,2.2,1.61,2.35,1.66,2.4,1.73
2017-10-17,European Open,1st Round,Hard,Tiafoe F.,Mayer F.,79,66.0,1.61,2.2,1.69,2.28,1.74,2.4
2017-10-17,European Open,1st Round,Hard,Escobedo E.,Shapovalov D.,114,50.0,3.5,1.28,3.57,1.33,3.85,1.33
2017-10-17,European Open,1st Round,Hard,Tsitsipas S.,Cuevas P.,122,33.0,1.61,2.2,1.63,2.4,1.71,2.45
2017-10-17,European Open,1st Round,Hard,De Schepper K.,Setkic A.,155,165.0,1.4,2.75,1.45,2.94,1.48,3.0
2017-10-17,European Open,1st Round,Hard,Ferrer D.,Travaglia S.,31,131.0,1.33,3.25,1.36,3.42,1.44,3.6
2017-10-18,Kremlin Cup,2nd Round,Hard,Seppi A.,Kohlschreiber P.,88,32.0,2.62,1.44,2.8,1.5,2.85,1.53
2017-10-18,Kremlin Cup,2nd Round,Hard,Mannarino A.,Rosol L.,29,204.0,1.4,2.75,1.43,3.05,1.44,3.2
2017-10-18,Stockholm Open,1st Round,Hard,Struff J.L.,Copil M.,49,74.0,1.8,1.9,1.88,2.01,1.91,2.1
2017-10-18,Stockholm Open,2nd Round,Hard,Sock J.,Chardy J.,21,84.0,1.57,2.25,1.59,2.53,1.67,2.55
2017-10-18,Stockholm Open,1st Round,Hard,Troicki V.,Bolelli S.,48,190.0,1.57,2.25,1.67,2.33,1.68,2.5
2017-10-18,Stockholm Open,2nd Round,Hard,Verdasco F.,Zopp J.,43,180.0,1.3,3.4,1.34,3.56,1.38,3.56
2017-10-18,Stockholm Open,1st Round,Hard,Zverev M.,Ymer M.,30,397.0,1.18,4.5,1.17,5.64,1.2,5.64
2017-10-18,Kremlin Cup,2nd Round,Hard,Dzumhur D.,Bhambri Y.,38,146.0,1.36,3.0,1.38,3.36,1.38,3.65
2017-10-18,Stockholm Open,2nd Round,Hard,Fognini F.,Ymer E.,27,202.0,1.25,3.75,1.3,3.89,1.3,3.95
2017-10-18,Kremlin Cup,2nd Round,Hard,Sela D.,Dutra Silva R.,72,381.0,1.44,2.62,1.47,2.91,1.57,2.91
2017-10-18,Stockholm Open,1st Round,Hard,Janowicz J.,Herbert P.H.,141,85.0,1.66,2.1,1.76,2.16,1.8,2.25
2017-10-18,Kremlin Cup,1st Round,Hard,Basic M.,Kavcic B.,209,105.0,1.53,2.37,1.78,2.15,1.78,2.37
2017-10-18,European Open,1st Round,Hard,Darcis S.,Stebe C.M.,65,78.0,1.66,2.1,1.68,2.3,1.7,2.35
2017-10-18,European Open,2nd Round,Hard,Sousa J.,Stakhovsky S.,61,102.0,1.8,1.9,1.91,2.0,1.92,2.0
2017-10-18,European Open,2nd Round,Hard,Benneteau J.,Laaksonen H.,93,96.0,1.66,2.1,1.75,2.2,1.8,2.2
2017-10-18,European Open,2nd Round,Hard,Bemelmans R.,Kyrgios N.,98,20.0,5.0,1.16,5.39,1.19,5.39,1.21
2017-10-18,Kremlin Cup,1st Round,Hard,Medvedev D.,Kuznetsov An.,67,95.0,2.2,1.61,2.04,1.85,2.2,1.85
2017-10-19,Stockholm Open,2nd Round,Hard,Del Potro J.M.,Struff J.L.,19,49.0,1.25,3.75,1.28,4.1,1.29,4.2
2017-10-19,Stockholm Open,2nd Round,Hard,Dimitrov G.,Janowicz J.,8,141.0,1.28,3.5,1.28,4.09,1.32,4.1
2017-10-19,Stockholm Open,2nd Round,Hard,Zverev M.,Troicki V.,30,48.0,2.25,1.57,2.16,1.78,2.4,1.78
2017-10-19,European Open,2nd Round,Hard,Ferrer D.,Darcis S.,31,65.0,1.53,2.37,1.65,2.4,1.65,2.55
2017-10-19,European Open,2nd Round,Hard,Goffin D.,Tiafoe F.,10,79.0,1.28,3.5,1.32,3.77,1.32,3.9
2017-10-19,European Open,2nd Round,Hard,Tsonga J.W.,De Schepper K.,17,155.0,1.25,3.75,1.31,3.85,1.31,4.0
2017-10-19,European Open,2nd Round,Hard,Tsitsipas S.,Karlovic I.,122,51.0,1.9,1.8,1.97,1.93,2.04,1.98
2017-10-19,Stockholm Open,2nd Round,Hard,Sugita Y.,Baghdatis M.,37,91.0,2.1,1.66,2.22,1.74,2.22,1.84
2017-10-19,Stockholm Open,2nd Round,Hard,Anderson K.,Chung H.,16,54.0,1.4,2.75,1.48,2.86,1.49,2.9
2017-10-19,Kremlin Cup,2nd Round,Hard,Bublik A.,Ramos-Vinolas A.,107,23.0,2.62,1.44,2.58,1.57,2.75,1.57
2017-10-19,Kremlin Cup,2nd Round,Hard,Berankis R.,Krajinovic F.,169,77.0,2.75,1.44,2.71,1.53,2.95,1.56
2017-10-19,Kremlin Cup,2nd Round,Hard,Medvedev D.,Carreno Busta P.,67,11.0,2.37,1.53,2.55,1.58,2.69,1.58
2017-10-19,Kremlin Cup,2nd Round,Hard,Basic M.,Djere L.,209,90.0,1.66,2.1,1.71,2.27,1.77,2.3
2017-10-19,European Open,2nd Round,Hard,Schwartzman D.,Escobedo E.,26,114.0,1.22,4.0,1.27,4.21,1.29,4.21
2017-10-20,Stockholm Open,Quarterfinals,Hard,Fognini F.,Sock J.,27,21.0,2.3,1.61,2.36,1.68,2.4,1.71
2017-10-20,Stockholm Open,Quarterfinals,Hard,Dimitrov G.,Zverev M.,8,30.0,1.22,4.33,1.25,4.55,1.25,4.65
2017-10-20,European Open,Quarterfinals,Hard,Tsitsipas S.,Goffin D.,122,10.0,4.33,1.22,4.92,1.23,5.0,1.28
2017-10-20,Kremlin Cup,Quarterfinals,Hard,Basic M.,Medvedev D.,209,67.0,4.0,1.25,3.76,1.33,4.15,1.33
2017-10-20,Kremlin Cup,Quarterfinals,Hard,Berankis R.,Bublik A.,169,107.0,2.1,1.72,2.15,1.8,2.2,1.8
2017-10-20,Stockholm Open,Quarterfinals,Hard,Del Potro J.M.,Sugita Y.,19,37.0,1.14,5.5,1.15,6.73,1.2,6.73
2017-10-20,Kremlin Cup,Quarterfinals,Hard,Mannarino A.,Sela D.,29,72.0,1.44,2.75,1.47,2.94,1.49,2.95
2017-10-20,Kremlin Cup,Quarterfinals,Hard,Dzumhur D.,Seppi A.,38,88.0,1.72,2.1,1.84,2.1,1.87,2.11
2017-10-20,European Open,Quarterfinals,Hard,Bemelmans R.,Sousa J.,98,61.0,2.37,1.57,2.51,1.61,2.58,1.63
2017-10-20,European Open,Quarterfinals,Hard,Tsonga J.W.,Benneteau J.,17,93.0,1.36,3.25,1.35,3.55,1.37,3.55
2017-10-20,European Open,Quarterfinals,Hard,Schwartzman D.,Ferrer D.,26,31.0,1.57,2.37,1.65,2.41,1.65,2.5
2017-10-20,Stockholm Open,Quarterfinals,Hard,Verdasco F.,Anderson K.,43,16.0,3.0,1.4,3.28,1.4,3.35,1.4
2017-10-21,Stockholm Open,Semifinals,Hard,Del Potro J.M.,Verdasco F.,19,43.0,1.22,4.33,1.27,4.32,1.27,4.4
2017-10-21,Kremlin Cup,Semifinals,Hard,Berankis R.,Mannarino A.,169,29.0,3.5,1.3,3.67,1.34,3.75,1.35
2017-10-21,Kremlin Cup,Semifinals,Hard,Dzumhur D.,Basic M.,38,209.0,1.25,4.0,1.28,4.15,1.29,4.3
2017-10-21,European Open,Semifinals,Hard,Schwartzman D.,Tsitsipas S.,26,122.0,1.44,2.75,1.47,2.95,1.49,3.0
2017-10-21,European Open,Semifinals,Hard,Tsonga J.W.,Bemelmans R.,17,98.0,1.14,5.5,1.17,6.19,1.17,6.45
2017-10-21,Stockholm Open,Semifinals,Hard,Dimitrov G.,Fognini F.,8,27.0,1.25,4.0,1.26,4.4,1.28,4.48
2017-10-22,Stockholm Open,The Final,Hard,Del Potro J.M.,Dimitrov G.,19,8.0,2.0,1.8,2.04,1.88,2.05,1.91
2017-10-22,Kremlin Cup,The Final,Hard,Dzumhur D.,Berankis R.,38,169.0,1.36,3.25,1.4,3.29,1.41,3.35
2017-10-22,European Open,The Final,Hard,Tsonga J.W.,Schwartzman D.,17,26.0,1.53,2.5,1.58,2.59,1.59,2.67
2017-10-23,Swiss Indoors,1st Round,Hard,Bautista Agut R.,Kukushkin M.,21,82.0,1.3,3.4,1.33,3.58,1.33,3.77
2017-10-23,Swiss Indoors,1st Round,Hard,Shapovalov D.,Sugita Y.,49,38.0,1.66,2.1,1.83,2.07,1.85,2.15
2017-10-23,Swiss Indoors,1st Round,Hard,Chung H.,Lorenzi P.,57,41.0,1.28,3.5,1.34,3.5,1.34,3.6
2017-10-23,Swiss Indoors,1st Round,Hard,Haase R.,Chiudinelli M.,44,366.0,1.2,4.33,1.22,4.8,1.22,5.5
2017-10-23,Erste Bank Open,1st Round,Hard,Gasquet R.,Lopez F.,32,33.0,1.5,2.5,1.57,2.55,1.57,2.8
2017-10-23,Erste Bank Open,1st Round,Hard,Herbert P.H.,Tomic B.,83,145.0,1.57,2.25,1.74,2.2,1.75,2.3
2017-10-23,Erste Bank Open,1st Round,Hard,Kohlschreiber P.,Isner J.,34,13.0,2.25,1.57,2.37,1.65,2.4,1.69
2017-10-23,Erste Bank Open,1st Round,Hard,Zverev A.,Troicki V.,5,48.0,1.2,4.33,1.23,4.6,1.25,4.7
2017-10-23,Erste Bank Open,1st Round,Hard,Simon G.,Gulbis E.,74,203.0,1.36,3.0,1.38,3.27,1.4,3.5
2017-10-24,Erste Bank Open,1st Round,Hard,Edmund K.,Ferrer D.,63,29.0,2.0,1.72,2.01,1.88,2.25,1.88
2017-10-24,Erste Bank Open,1st Round,Hard,Novak D.,Fabbiano T.,284,72.0,2.2,1.61,2.34,1.66,2.35,1.7
2017-10-24,Erste Bank Open,1st Round,Hard,Garcia-Lopez G.,Anderson K.,81,17.0,3.75,1.25,4.46,1.24,4.46,1.29
2017-10-24,Erste Bank Open,1st Round,Hard,Ramos-Vinolas A.,Querrey S.,22,14.0,3.25,1.33,2.94,1.45,3.25,1.45
2017-10-24,Erste Bank Open,1st Round,Hard,Pouille L.,Ofner S.,25,137.0,1.18,4.5,1.17,5.64,1.24,5.85
2017-10-24,Erste Bank Open,1st Round,Hard,Thiem D.,Rublev A.,6,35.0,1.3,3.4,1.33,3.57,1.4,3.65
2017-10-24,Erste Bank Open,1st Round,Hard,Carreno Busta P.,Pella G.,11,64.0,1.8,1.9,2.01,1.88,2.1,1.91
2017-10-24,Swiss Indoors,1st Round,Hard,Cilic M.,Mayer F.,4,68.0,1.11,6.5,1.1,8.61,1.15,8.61
2017-10-24,Swiss Indoors,1st Round,Hard,Harrison R.,Dolgopolov O.,46,37.0,2.1,1.66,2.16,1.76,2.2,1.8
2017-10-24,Swiss Indoors,1st Round,Hard,Federer R.,Tiafoe F.,2,76.0,1.07,9.0,1.05,13.41,1.07,13.75
2017-10-24,Swiss Indoors,1st Round,Hard,Goffin D.,Gojowczyk P.,10,69.0,1.33,3.25,1.3,3.82,1.35,3.82
2017-10-24,Swiss Indoors,1st Round,Hard,Sock J.,Pospisil V.,23,105.0,1.36,3.0,1.38,3.31,1.38,3.45
2017-10-24,Swiss Indoors,1st Round,Hard,Mayer L.,Zverev M.,52,30.0,2.37,1.53,2.37,1.65,2.4,1.65
2017-10-24,Swiss Indoors,1st Round,Hard,Paire B.,Johnson S.,40,43.0,2.25,1.57,2.55,1.57,2.55,1.65
2017-10-24,Erste Bank Open,1st Round,Hard,Struff J.L.,Cuevas P.,51,36.0,1.4,2.75,1.41,3.12,1.45,3.2
2017-10-25,Erste Bank Open,1st Round,Hard,Tsonga J.W.,Khachanov K.,15,42.0,1.22,4.0,1.29,3.9,1.3,4.0
2017-10-25,Erste Bank Open,1st Round,Hard,Dzumhur D.,Berankis R.,31,126.0,1.4,2.75,1.49,2.81,1.49,2.85
2017-10-25,Erste Bank Open,1st Round,Hard,Schwartzman D.,Fognini F.,26,27.0,1.66,2.1,1.75,2.19,1.75,2.25
2017-10-25,Erste Bank Open,2nd Round,Hard,Zverev A.,Simon G.,5,74.0,1.22,4.0,1.2,5.23,1.25,5.23
2017-10-25,Swiss Indoors,2nd Round,Hard,Goffin D.,Chung H.,10,57.0,1.4,2.75,1.46,2.93,1.5,3.0
2017-10-25,Swiss Indoors,1st Round,Hard,Fucsovics M.,Donaldson J.,100,50.0,1.72,2.0,1.94,1.94,2.0,2.0
2017-10-25,Swiss Indoors,1st Round,Hard,Mannarino A.,Bemelmans R.,28,84.0,1.36,3.0,1.38,3.31,1.4,3.45
2017-10-25,Swiss Indoors,1st Round,Hard,Coric B.,Laaksonen H.,54,94.0,1.72,2.0,1.79,2.12,1.8,2.15
2017-10-25,Swiss Indoors,1st Round,Hard,Benneteau J.,Young D.,93,58.0,1.61,2.2,1.7,2.27,1.74,2.3
2017-10-25,Erste Bank Open,2nd Round,Hard,Kohlschreiber P.,Herbert P.H.,34,83.0,1.4,2.75,1.42,3.11,1.42,3.2
2017-10-25,Swiss Indoors,1st Round,Hard,Del Potro J.M.,Sousa J.,19,60.0,1.14,5.5,1.11,8.04,1.15,8.04
2017-10-25,Swiss Indoors,2nd Round,Hard,Bautista Agut R.,Harrison R.,21,46.0,1.28,3.5,1.31,3.85,1.31,4.05
2017-10-25,Swiss Indoors,2nd Round,Hard,Sock J.,Haase R.,23,44.0,1.61,2.2,1.7,2.29,1.8,2.3
2017-10-26,Erste Bank Open,2nd Round,Hard,Edmund K.,Novak D.,63,284.0,1.14,5.5,1.17,5.91,1.2,6.05
2017-10-26,Erste Bank Open,2nd Round,Hard,Pouille L.,Garcia-Lopez G.,25,81.0,1.3,3.4,1.42,3.14,1.42,3.4
2017-10-26,Swiss Indoors,2nd Round,Hard,Del Potro J.M.,Benneteau J.,19,93.0,1.2,4.33,1.22,4.91,1.25,4.95
2017-10-26,Swiss Indoors,2nd Round,Hard,Cilic M.,Coric B.,4,54.0,1.12,6.0,1.13,7.18,1.16,7.18
2017-10-26,Swiss Indoors,2nd Round,Hard,Federer R.,Paire B.,2,40.0,1.05,11.0,1.05,14.32,1.07,14.75
2017-10-26,Erste Bank Open,2nd Round,Hard,Gasquet R.,Thiem D.,32,6.0,2.25,1.57,2.29,1.7,2.35,1.72
2017-10-26,Erste Bank Open,2nd Round,Hard,Tsonga J.W.,Dzumhur D.,15,31.0,1.36,3.0,1.32,3.73,1.4,3.73
2017-10-26,Erste Bank Open,2nd Round,Hard,Schwartzman D.,Carreno Busta P.,26,11.0,1.66,2.1,1.71,2.27,1.8,2.27
2017-10-26,Erste Bank Open,2nd Round,Hard,Struff J.L.,Ramos-Vinolas A.,51,22.0,1.66,2.1,1.93,1.98,1.93,2.15
2017-10-26,Swiss Indoors,2nd Round,Hard,Fucsovics M.,Mayer L.,100,52.0,1.83,1.83,1.95,1.95,1.95,2.0
2017-10-26,Swiss Indoors,2nd Round,Hard,Mannarino A.,Shapovalov D.,28,49.0,1.66,2.1,1.79,2.14,1.8,2.2
2017-10-27,Erste Bank Open,Quarterfinals,Hard,Edmund K.,Struff J.L.,63,51.0,2.1,1.72,2.11,1.83,2.2,1.85
2017-10-27,Swiss Indoors,Quarterfinals,Hard,Goffin D.,Sock J.,10,23.0,1.36,3.25,1.39,3.33,1.4,3.4
2017-10-27,Swiss Indoors,Quarterfinals,Hard,Federer R.,Mannarino A.,2,28.0,1.03,15.0,1.03,18.89,1.05,18.89
2017-10-27,Swiss Indoors,Quarterfinals,Hard,Cilic M.,Fucsovics M.,4,100.0,1.11,6.5,1.12,8.01,1.15,8.01
2017-10-27,Swiss Indoors,Quarterfinals,Hard,Del Potro J.M.,Bautista Agut R.,19,21.0,1.44,2.75,1.45,3.01,1.45,3.1
2017-10-27,Erste Bank Open,Quarterfinals,Hard,Kohlschreiber P.,Schwartzman D.,34,26.0,2.0,1.8,2.12,1.83,2.12,1.87
2017-10-27,Erste Bank Open,Quarterfinals,Hard,Tsonga J.W.,Zverev A.,15,5.0,2.3,1.61,2.46,1.63,2.47,1.67
2017-10-27,Erste Bank Open,Quarterfinals,Hard,Pouille L.,Gasquet R.,25,32.0,2.37,1.57,2.46,1.63,2.46,1.66
2017-10-28,Erste Bank Open,Semifinals,Hard,Pouille L.,Edmund K.,25,63.0,1.61,2.2,1.75,2.24,1.77,2.35
2017-10-28,Erste Bank Open,Semifinals,Hard,Tsonga J.W.,Kohlschreiber P.,15,34.0,1.36,3.25,1.39,3.35,1.4,3.35
2017-10-28,Swiss Indoors,Semifinals,Hard,Federer R.,Goffin D.,2,10.0,1.1,7.0,1.14,7.09,1.18,7.25
2017-10-28,Swiss Indoors,Semifinals,Hard,Del Potro J.M.,Cilic M.,19,4.0,1.61,2.3,1.76,2.21,1.77,2.31
2017-10-29,Erste Bank Open,The Final,Hard,Pouille L.,Tsonga J.W.,25,15.0,3.0,1.4,3.24,1.41,3.25,1.45
2017-10-29,Swiss Indoors,The Final,Hard,Federer R.,Del Potro J.M.,2,19.0,1.22,4.33,1.28,4.22,1.3,4.33
2017-10-30,BNP Paribas Masters,1st Round,Hard,Gojowczyk P.,Harrison R.,62,45.0,1.83,1.83,2.08,1.84,2.08,1.95
2017-10-30,BNP Paribas Masters,1st Round,Hard,Haase R.,Johnson S.,43,42.0,2.1,1.66,2.23,1.74,2.31,1.77
2017-10-30,BNP Paribas Masters,1st Round,Hard,Mahut N.,Pospisil V.,111,109.0,2.0,1.72,2.08,1.84,2.15,1.84
2017-10-30,BNP Paribas Masters,1st Round,Hard,Chung H.,Zverev M.,55,32.0,1.66,2.1,1.75,2.2,1.75,2.25
2017-10-30,BNP Paribas Masters,1st Round,Hard,Krajinovic F.,Sugita Y.,77,38.0,1.8,1.9,1.78,2.17,1.92,2.17
2017-10-30,BNP Paribas Masters,1st Round,Hard,Chardy J.,Simon G.,88,74.0,2.37,1.53,2.6,1.56,2.6,1.63
2017-10-30,BNP Paribas Masters,1st Round,Hard,Gasquet R.,Paire B.,30,40.0,1.22,4.0,1.25,4.46,1.35,4.5
2017-10-30,BNP Paribas Masters,1st Round,Hard,Benneteau J.,Shapovalov D.,83,49.0,1.66,2.1,1.77,2.18,1.8,2.3
2017-10-31,BNP Paribas Masters,2nd Round,Hard,Thiem D.,Gojowczyk P.,6,62.0,1.36,3.0,1.41,3.17,1.44,3.17
2017-10-31,BNP Paribas Masters,2nd Round,Hard,Mahut N.,Carreno Busta P.,111,11.0,2.37,1.53,2.63,1.55,2.65,1.62
2017-10-31,BNP Paribas Masters,2nd Round,Hard,Krajinovic F.,Querrey S.,77,13.0,2.62,1.44,2.86,1.48,2.86,1.53
2017-10-31,BNP Paribas Masters,1st Round,Hard,Mannarino A.,Ferrer D.,28,34.0,1.61,2.2,1.71,2.27,1.73,2.3
2017-10-31,BNP Paribas Masters,1st Round,Hard,Verdasco F.,Rublev A.,39,35.0,1.61,2.2,1.72,2.25,1.74,2.31
2017-10-31,BNP Paribas Masters,1st Round,Hard,Sousa J.,Lorenzi P.,58,41.0,1.36,3.0,1.45,3.0,1.45,3.05
2017-10-31,BNP Paribas Masters,1st Round,Hard,Lopez F.,Herbert P.H.,33,75.0,1.57,2.25,1.54,2.66,1.74,2.66
2017-10-31,BNP Paribas Masters,1st Round,Hard,Cuevas P.,Khachanov K.,36,44.0,2.75,1.4,2.9,1.47,2.9,1.52
2017-10-31,BNP Paribas Masters,1st Round,Hard,Schwartzman D.,Troicki V.,25,53.0,1.4,2.75,1.48,2.86,1.48,2.9
2017-10-31,BNP Paribas Masters,1st Round,Hard,Edmund K.,Donskoy E.,50,76.0,1.36,3.0,1.34,3.56,1.36,3.6
2017-10-31,BNP Paribas Masters,1st Round,Hard,Coric B.,Struff J.L.,51,48.0,2.0,1.72,2.16,1.78,2.25,1.8
2017-11-01,BNP Paribas Masters,2nd Round,Hard,Bautista Agut R.,Chardy J.,23,88.0,1.36,3.0,1.4,3.25,1.45,3.3
2017-11-01,BNP Paribas Masters,2nd Round,Hard,Goffin D.,Mannarino A.,10,28.0,1.44,2.62,1.49,2.84,1.52,2.85
2017-11-01,BNP Paribas Masters,2nd Round,Hard,Cilic M.,Coric B.,5,51.0,1.22,4.0,1.32,3.79,1.32,4.0
2017-11-01,BNP Paribas Masters,2nd Round,Hard,Dimitrov G.,Gasquet R.,8,30.0,1.5,2.5,1.64,2.42,1.64,2.5
2017-11-01,BNP Paribas Masters,2nd Round,Hard,Sock J.,Edmund K.,22,50.0,1.9,1.8,2.07,1.85,2.07,2.0
2017-11-01,BNP Paribas Masters,2nd Round,Hard,Benneteau J.,Tsonga J.W.,83,15.0,3.5,1.28,3.97,1.29,4.0,1.36
2017-11-01,BNP Paribas Masters,2nd Round,Hard,Del Potro J.M.,Sousa J.,17,58.0,1.12,6.0,1.16,6.16,1.16,7.25
2017-11-01,BNP Paribas Masters,2nd Round,Hard,Verdasco F.,Anderson K.,39,16.0,2.37,1.53,2.34,1.68,2.38,1.71
2017-11-01,BNP Paribas Masters,2nd Round,Hard,Pouille L.,Lopez F.,18,33.0,1.5,2.5,1.54,2.66,1.56,2.75
2017-11-01,BNP Paribas Masters,2nd Round,Hard,Cuevas P.,Ramos-Vinolas A.,36,24.0,2.1,1.66,2.14,1.79,2.15,1.83
2017-11-01,BNP Paribas Masters,2nd Round,Hard,Haase R.,Zverev A.,43,4.0,4.0,1.22,4.65,1.24,4.65,1.26
2017-11-01,BNP Paribas Masters,2nd Round,Hard,Isner J.,Schwartzman D.,14,25.0,1.83,1.83,1.95,1.95,1.95,2.0
2017-11-01,BNP Paribas Masters,2nd Round,Hard,Nadal R.,Chung H.,1,55.0,1.08,8.0,1.12,7.66,1.12,9.0
2017-11-02,BNP Paribas Masters,3rd Round,Hard,Del Potro J.M.,Haase R.,17,43.0,1.11,6.5,1.14,7.1,1.2,7.25
2017-11-02,BNP Paribas Masters,3rd Round,Hard,Verdasco F.,Thiem D.,39,6.0,2.2,1.66,2.37,1.67,2.37,1.85
2017-11-02,BNP Paribas Masters,3rd Round,Hard,Isner J.,Dimitrov G.,14,8.0,3.0,1.4,3.1,1.43,3.1,1.47
2017-11-02,BNP Paribas Masters,3rd Round,Hard,Krajinovic F.,Mahut N.,77,111.0,1.66,2.2,1.65,2.42,1.69,2.5
2017-11-02,BNP Paribas Masters,3rd Round,Hard,Benneteau J.,Goffin D.,83,10.0,3.4,1.33,3.55,1.36,3.6,1.36
2017-11-02,BNP Paribas Masters,3rd Round,Hard,Sock J.,Pouille L.,22,18.0,3.25,1.36,3.49,1.36,3.65,1.36
2017-11-02,BNP Paribas Masters,3rd Round,Hard,Nadal R.,Cuevas P.,1,36.0,1.04,13.0,1.05,14.62,1.1,15.0
2017-11-02,BNP Paribas Masters,3rd Round,Hard,Cilic M.,Bautista Agut R.,5,23.0,1.61,2.3,1.65,2.42,1.69,2.42
2017-11-03,BNP Paribas Masters,Quarterfinals,Hard,Sock J.,Verdasco F.,22,39.0,2.2,1.66,2.26,1.73,2.26,1.77
2017-11-03,BNP Paribas Masters,Quarterfinals,Hard,Benneteau J.,Cilic M.,83,5.0,4.33,1.22,4.72,1.24,4.72,1.26
2017-11-03,BNP Paribas Masters,Quarterfinals,Hard,Krajinovic F.,Nadal R.,77,1.0,9.0,1.07,8.91,1.1,9.25,1.11
2017-11-03,BNP Paribas Masters,Quarterfinals,Hard,Isner J.,Del Potro J.M.,14,17.0,3.25,1.36,3.28,1.4,3.4,1.45
2017-11-04,BNP Paribas Masters,Semifinals,Hard,Krajinovic F.,Isner J.,77,14.0,3.25,1.36,3.23,1.41,3.6,1.41
2017-11-04,BNP Paribas Masters,Semifinals,Hard,Sock J.,Benneteau J.,22,83.0,1.72,2.1,1.83,2.12,1.85,2.2
2017-11-05,BNP Paribas Masters,The Final,Hard,Sock J.,Krajinovic F.,22,77.0,1.44,2.75,1.53,2.74,1.53,2.88
2017-11-12,Masters Cup,Round Robin,Hard,Federer R.,Sock J.,2,9.0,1.04,11.0,1.08,10.44,1.1,12.0
2017-11-12,Masters Cup,Round Robin,Hard,Zverev A.,Cilic M.,3,5.0,1.9,1.9,1.94,1.96,1.96,2.05
2017-11-13,Masters Cup,Round Robin,Hard,Dimitrov G.,Thiem D.,6,4.0,1.44,2.75,1.45,2.99,1.5,3.19
2017-11-13,Masters Cup,Round Robin,Hard,Goffin D.,Nadal R.,8,1.0,4.0,1.25,4.41,1.25,4.57,1.31
2017-11-14,Masters Cup,Round Robin,Hard,Sock J.,Cilic M.,9,5.0,2.3,1.61,2.37,1.66,2.4,1.69
2017-11-14,Masters Cup,Round Robin,Hard,Federer R.,Zverev A.,2,3.0,1.22,4.33,1.25,4.46,1.29,4.75
2017-11-15,Masters Cup,Round Robin,Hard,Dimitrov G.,Goffin D.,6,8.0,1.53,2.5,1.57,2.58,1.62,2.64
2017-11-15,Masters Cup,Round Robin,Hard,Thiem D.,Carreno Busta P.,4,10.0,1.3,3.5,1.31,3.79,1.36,3.98
2017-11-16,Masters Cup,Round Robin,Hard,Federer R.,Cilic M.,2,5.0,1.14,5.5,1.18,5.55,1.25,6.0
2017-11-16,Masters Cup,Round Robin,Hard,Sock J.,Zverev A.,9,3.0,2.75,1.44,2.84,1.49,2.84,1.53
2017-11-17,Masters Cup,Round Robin,Hard,Goffin D.,Thiem D.,8,4.0,2.1,1.72,2.13,1.8,2.15,1.91
2017-11-17,Masters Cup,Round Robin,Hard,Dimitrov G.,Carreno Busta P.,6,10.0,1.22,4.33,1.24,4.57,1.29,4.57
2017-11-18,Masters Cup,Semifinals,Hard,Dimitrov G.,Sock J.,6,9.0,1.4,3.0,1.44,3.07,1.45,3.2
2017-11-18,Masters Cup,Semifinals,Hard,Goffin D.,Federer R.,8,2.0,9.0,1.07,10.37,1.08,10.37,1.12
2017-11-19,Masters Cup,The Final,Hard,Dimitrov G.,Goffin D.,6,8.0,1.33,3.25,1.37,3.48,1.45,3.6
