date,tournament,round,surface,winner,loser,wrank,lrank,odds_winner,odds_loser,pin_winner,pin_loser,max_winner,max_loser
2018-12-31,Brisbane International,1st Round,Hard,Dimitrov G.,Nishioka Y.,19.0,75.0,1.36,3.0,1.36,3.37,1.42,3.6
2018-12-31,Qatar Exxon Mobil Open,1st Round,Hard,Verdasco F.,Lorenzi P.,28.0,109.0,1.22,4.0,1.23,4.62,1.3,4.7
2018-12-31,Qatar Exxon Mobil Open,1st Round,Hard,Jarry N.,Haase R.,43.0,50.0,2.1,1.66,2.07,1.83,2.17,1.87
2018-12-31,Qatar Exxon Mobil Open,1st Round,Hard,Bautista Agut R.,Berrettini M.,24.0,54.0,1.3,3.4,1.34,3.5,1.53,3.6
2018-12-31,Qatar Exxon Mobil Open,1st Round,Hard,Rublev A.,Seppi A.,68.0,37.0,1.5,2.5,1.48,2.83,1.57,2.83
2018-12-31,Qatar Exxon Mobil Open,1st Round,Hard,Marterer M.,Gojowczyk P.,74.0,59.0,1.9,1.8,2.2,1.74,2.23,1.82
2018-12-31,Qatar Exxon Mobil Open,1st Round,Hard,Berdych T.,Kohlschreiber P.,71.0,34.0,2.62,1.44,2.86,1.47,2.86,2.02
2018-12-31,Maharashtra Open,1st Round,Hard,Munar J.,Albot R.,81.0,98.0,2.0,1.72,1.94,1.94,2.08,1.95
2018-12-31,Maharashtra Open,1st Round,Hard,Donskoy E.,Andujar P.,97.0,82.0,1.5,2.5,1.54,2.62,1.57,2.65
2018-12-31,Maharashtra Open,1st Round,Hard,Mmoh M.,Gunneswaran P.,103.0,110.0,1.66,2.1,1.81,2.1,1.83,2.17
2018-12-31,Maharashtra Open,1st Round,Hard,Gulbis E.,Sousa P.,95.0,104.0,1.33,3.25,1.36,3.39,1.4,3.5
2018-12-31,Maharashtra Open,1st Round,Hard,Darcis S.,Carballes Baena R.,,73.0,2.37,1.53,2.44,1.61,2.47,1.65
2018-12-31,Qatar Exxon Mobil Open,1st Round,Hard,Basilashvili N.,Ramos-Vinolas A.,21.0,65.0,1.4,2.75,1.49,2.81,1.5,3.03
2018-12-31,Brisbane International,1st Round,Hard,Raonic M.,Bedene A.,18.0,67.0,1.18,4.5,1.23,4.68,1.27,4.84
2018-12-31,Brisbane International,1st Round,Hard,Kecmanovic M.,Mayer L.,131.0,56.0,1.57,2.25,1.67,2.32,1.71,2.4
2018-12-31,Brisbane International,1st Round,Hard,Millman J.,Sandgren T.,38.0,61.0,1.4,2.75,1.41,3.13,1.45,3.2
2018-12-31,Brisbane International,1st Round,Hard,Uchiyama Y.,Humbert U.,185.0,102.0,2.62,1.44,2.73,1.51,3.26,1.53
2019-01-01,Maharashtra Open,1st Round,Hard,Djere L.,Kadhe A.,93.0,392.0,1.22,4.0,1.26,4.31,1.3,4.4
2019-01-01,Qatar Exxon Mobil Open,1st Round,Hard,Berankis R.,Goffin D.,116.0,22.0,3.4,1.3,3.3,1.38,3.6,1.38
2019-01-01,Qatar Exxon Mobil Open,1st Round,Hard,Pella G.,Ilkel C.,58.0,249.0,1.18,4.5,1.23,4.68,1.24,4.8
2019-01-01,Qatar Exxon Mobil Open,1st Round,Hard,Cecchinato M.,Stakhovsky S.,20.0,134.0,2.0,1.72,2.33,1.67,2.35,1.78
2019-01-01,Maharashtra Open,1st Round,Hard,Ivashka I.,Hurkacz H.,91.0,86.0,2.25,1.57,2.29,1.69,2.37,1.71
2019-01-01,Qatar Exxon Mobil Open,1st Round,Hard,Garcia-Lopez G.,Zayid M.S.,105.0,,1.01,26.0,1.02,18.93,1.04,29.21
2019-01-01,Qatar Exxon Mobil Open,1st Round,Hard,Wawrinka S.,Khachanov K.,66.0,11.0,2.75,1.4,3.09,1.42,3.41,1.47
2019-01-01,Qatar Exxon Mobil Open,1st Round,Hard,Fucsovics M.,Copil M.,36.0,60.0,1.61,2.2,1.69,2.28,1.71,2.35
2019-01-01,Qatar Exxon Mobil Open,1st Round,Hard,Djokovic N.,Dzumhur D.,1.0,47.0,1.05,11.0,1.03,17.38,1.05,18.75
2019-01-01,Qatar Exxon Mobil Open,1st Round,Hard,Herbert P.H.,Thiem D.,55.0,8.0,3.75,1.25,4.06,1.28,4.2,1.33
2019-01-01,Maharashtra Open,1st Round,Hard,Ramanathan R.,Granollers M.,132.0,96.0,2.25,1.57,2.33,1.67,2.4,1.67
2019-01-01,Maharashtra Open,1st Round,Hard,Paire B.,Monteiro T.,52.0,120.0,,,,,1.35,3.23
2019-01-01,Maharashtra Open,1st Round,Hard,Vesely J.,Hoang A.,89.0,149.0,1.83,1.83,1.93,1.95,2.0,1.96
2019-01-01,Maharashtra Open,1st Round,Hard,Karlovic I.,Auger-Aliassime F.,100.0,108.0,2.1,1.66,2.2,1.74,2.3,1.78
2019-01-01,Qatar Exxon Mobil Open,1st Round,Hard,Lajovic D.,Mannarino A.,48.0,42.0,1.66,2.1,1.78,2.15,1.8,2.2
2019-01-01,Maharashtra Open,1st Round,Hard,Bolelli S.,Istomin D.,141.0,92.0,2.0,1.72,2.19,1.75,2.2,1.8
2019-01-01,Brisbane International,1st Round,Hard,Tsonga J.W.,Kokkinakis T.,239.0,146.0,2.25,1.57,2.27,1.7,2.42,1.71
2019-01-01,Brisbane International,1st Round,Hard,Thompson J.,Bolt A.,72.0,154.0,1.33,3.25,1.37,3.35,1.38,3.4
2019-01-01,Brisbane International,1st Round,Hard,Kyrgios N.,Harrison R.,35.0,62.0,1.4,2.75,1.47,2.87,1.5,3.16
2019-01-01,Brisbane International,1st Round,Hard,Murray A.,Duckworth J.,240.0,234.0,1.28,3.5,1.38,3.29,1.39,3.6
2019-01-01,Brisbane International,1st Round,Hard,Chardy J.,Struff J.L.,40.0,57.0,2.1,1.66,2.23,1.72,2.26,1.74
2019-01-01,Brisbane International,1st Round,Hard,Kudla D.,Fritz T.,63.0,49.0,2.62,1.44,2.8,1.49,2.85,1.55
2019-01-01,Brisbane International,1st Round,Hard,De Minaur A.,Popyrin A.,31.0,147.0,1.2,4.33,1.21,4.98,1.24,5.0
2019-01-02,Brisbane International,2nd Round,Hard,Dimitrov G.,Millman J.,19.0,38.0,1.4,2.75,1.47,2.9,1.49,3.0
2019-01-02,Brisbane International,2nd Round,Hard,Uchiyama Y.,Edmund K.,185.0,14.0,4.0,1.22,4.87,1.22,5.0,1.26
2019-01-02,Brisbane International,2nd Round,Hard,Nishikori K.,Kudla D.,9.0,63.0,1.16,5.0,1.19,5.42,1.19,5.65
2019-01-02,Brisbane International,2nd Round,Hard,Raonic M.,Kecmanovic M.,18.0,131.0,1.2,4.33,1.22,4.86,1.25,6.07
2019-01-02,Maharashtra Open,2nd Round,Hard,Karlovic I.,Donskoy E.,100.0,97.0,1.61,2.2,1.74,2.23,1.74,2.33
2019-01-02,Maharashtra Open,2nd Round,Hard,Gulbis E.,Chung H.,95.0,25.0,3.0,1.36,3.5,1.35,3.5,1.38
2019-01-02,Maharashtra Open,2nd Round,Hard,Paire B.,Vesely J.,52.0,89.0,1.5,2.5,1.6,2.51,1.61,2.65
2019-01-02,Qatar Exxon Mobil Open,2nd Round,Hard,Berdych T.,Verdasco F.,71.0,28.0,1.66,2.1,1.74,2.23,1.83,2.32
2019-01-02,Qatar Exxon Mobil Open,2nd Round,Hard,Basilashvili N.,Rublev A.,21.0,68.0,2.0,1.72,2.09,1.83,2.1,2.0
2019-01-02,Qatar Exxon Mobil Open,2nd Round,Hard,Herbert P.H.,Marterer M.,55.0,74.0,1.72,2.0,1.71,2.27,1.78,2.28
2019-01-02,Qatar Exxon Mobil Open,2nd Round,Hard,Djokovic N.,Fucsovics M.,1.0,36.0,1.04,13.0,1.04,17.09,1.06,17.5
2019-01-02,Qatar Exxon Mobil Open,2nd Round,Hard,Wawrinka S.,Jarry N.,66.0,43.0,1.36,3.0,1.38,3.32,1.41,3.44
2019-01-02,Qatar Exxon Mobil Open,2nd Round,Hard,Bautista Agut R.,Garcia-Lopez G.,24.0,105.0,1.22,4.0,1.24,4.65,1.29,4.7
2019-01-02,Qatar Exxon Mobil Open,2nd Round,Hard,Lajovic D.,Berankis R.,48.0,116.0,1.66,2.1,1.75,2.2,1.8,2.27
2019-01-02,Brisbane International,2nd Round,Hard,Chardy J.,Kyrgios N.,40.0,35.0,3.0,1.36,3.24,1.4,3.32,1.42
2019-01-02,Brisbane International,2nd Round,Hard,Medvedev D.,Murray A.,16.0,240.0,1.83,1.83,1.9,2.0,1.99,2.0
2019-01-02,Brisbane International,2nd Round,Hard,De Minaur A.,Thompson J.,31.0,72.0,1.36,3.0,1.39,3.28,1.44,3.28
2019-01-02,Maharashtra Open,2nd Round,Hard,Anderson K.,Djere L.,6.0,93.0,1.25,3.75,1.35,3.51,1.41,3.8
2019-01-02,Maharashtra Open,2nd Round,Hard,Munar J.,Bolelli S.,81.0,141.0,2.0,1.72,2.15,1.79,2.15,1.8
2019-01-02,Maharashtra Open,2nd Round,Hard,Darcis S.,Mmoh M.,,103.0,2.37,1.53,2.52,1.59,2.55,1.68
2019-01-02,Maharashtra Open,2nd Round,Hard,Simon G.,Ivashka I.,30.0,91.0,1.44,2.62,1.43,3.07,1.52,3.07
2019-01-02,Maharashtra Open,2nd Round,Hard,Jaziri M.,Ramanathan R.,45.0,132.0,2.0,1.72,1.95,1.95,2.1,1.98
2019-01-02,Qatar Exxon Mobil Open,2nd Round,Hard,Cecchinato M.,Pella G.,20.0,58.0,2.0,1.72,2.07,1.85,2.12,1.87
2019-01-03,Maharashtra Open,Quarterfinals,Hard,Karlovic I.,Gulbis E.,100.0,95.0,2.1,1.72,2.18,1.78,2.21,1.85
2019-01-03,Maharashtra Open,Quarterfinals,Hard,Anderson K.,Munar J.,6.0,81.0,1.25,4.0,1.28,4.14,1.4,4.4
2019-01-03,Maharashtra Open,Quarterfinals,Hard,Simon G.,Paire B.,30.0,52.0,1.66,2.2,1.56,2.64,1.67,2.64
2019-01-03,Maharashtra Open,Quarterfinals,Hard,Darcis S.,Jaziri M.,,45.0,1.8,2.0,1.91,2.02,1.94,2.08
2019-01-03,Qatar Exxon Mobil Open,Quarterfinals,Hard,Cecchinato M.,Lajovic D.,20.0,48.0,2.62,1.5,2.63,1.56,2.7,1.61
2019-01-03,Qatar Exxon Mobil Open,Quarterfinals,Hard,Berdych T.,Herbert P.H.,71.0,55.0,1.53,2.5,1.49,2.87,1.53,2.87
2019-01-03,Qatar Exxon Mobil Open,Quarterfinals,Hard,Djokovic N.,Basilashvili N.,1.0,21.0,1.06,10.0,1.09,9.69,1.1,10.45
2019-01-03,Qatar Exxon Mobil Open,Quarterfinals,Hard,Bautista Agut R.,Wawrinka S.,24.0,66.0,2.1,1.72,2.12,1.83,2.21,1.88
2019-01-03,Brisbane International,2nd Round,Hard,Tsonga J.W.,Daniel T.,239.0,77.0,1.25,3.75,1.27,4.23,1.35,4.23
2019-01-03,Brisbane International,Quarterfinals,Hard,Chardy J.,Uchiyama Y.,40.0,185.0,1.61,2.3,1.64,2.45,1.67,2.55
2019-01-03,Brisbane International,Quarterfinals,Hard,Nishikori K.,Dimitrov G.,9.0,19.0,1.61,2.3,1.68,2.36,1.73,2.38
2019-01-04,Maharashtra Open,Semifinals,Hard,Anderson K.,Simon G.,6.0,30.0,1.36,3.2,1.41,3.22,1.44,3.31
2019-01-04,Qatar Exxon Mobil Open,Semifinals,Hard,Bautista Agut R.,Djokovic N.,24.0,1.0,5.0,1.16,5.22,1.21,5.4,1.21
2019-01-04,Brisbane International,Quarterfinals,Hard,Medvedev D.,Raonic M.,16.0,18.0,2.0,1.8,2.16,1.8,2.16,1.91
2019-01-04,Brisbane International,Quarterfinals,Hard,Tsonga J.W.,De Minaur A.,239.0,31.0,2.5,1.53,2.5,1.61,2.56,1.63
2019-01-04,Maharashtra Open,Semifinals,Hard,Karlovic I.,Darcis S.,100.0,,1.53,2.5,1.55,2.66,1.6,2.68
2019-01-04,Qatar Exxon Mobil Open,Semifinals,Hard,Berdych T.,Cecchinato M.,71.0,20.0,1.44,2.75,1.5,2.83,1.56,3.03
2019-01-05,Maharashtra Open,The Final,Hard,Anderson K.,Karlovic I.,6.0,100.0,1.28,3.75,1.3,3.99,1.3,4.25
2019-01-05,Brisbane International,Semifinals,Hard,Medvedev D.,Tsonga J.W.,16.0,239.0,1.61,2.3,1.71,2.3,1.79,2.46
2019-01-05,Qatar Exxon Mobil Open,The Final,Hard,Bautista Agut R.,Berdych T.,24.0,71.0,1.57,2.37,1.6,2.55,1.65,2.55
2019-01-05,Brisbane International,Semifinals,Hard,Nishikori K.,Chardy J.,9.0,40.0,1.16,5.0,1.2,5.3,1.2,5.8
2019-01-06,ASB Classic,1st Round,Hard,Fritz T.,Copil M.,50.0,61.0,1.53,2.37,1.67,2.32,1.67,2.45
2019-01-06,Sydney International,1st Round,Hard,Thompson J.,Mannarino A.,72.0,41.0,1.66,2.1,1.65,2.37,1.71,2.4
2019-01-06,Sydney International,1st Round,Hard,Klizan M.,Popyrin A.,40.0,149.0,1.61,2.2,1.72,2.22,1.77,2.45
2019-01-06,Brisbane International,The Final,Hard,Nishikori K.,Medvedev D.,9.0,16.0,1.57,2.37,1.66,2.4,1.67,2.54
2019-01-07,Sydney International,1st Round,Hard,Querrey S.,Jaziri M.,48.0,42.0,1.33,3.25,1.35,3.44,1.45,3.46
2019-01-07,Sydney International,1st Round,Hard,Nishioka Y.,Harrison R.,75.0,81.0,1.66,2.1,1.79,2.12,1.89,2.25
2019-01-07,Sydney International,1st Round,Hard,Andreozzi G.,Ebden M.,80.0,47.0,,,,,4.6,1.25
2019-01-07,Sydney International,1st Round,Hard,De Minaur A.,Lajovic D.,29.0,45.0,1.28,3.5,1.31,3.76,1.33,3.85
2019-01-07,Sydney International,1st Round,Hard,Opelka R.,Ramos-Vinolas A.,102.0,65.0,1.57,2.25,1.58,2.52,1.63,2.52
2019-01-07,ASB Classic,1st Round,Hard,Mayer L.,Johnson S.,54.0,33.0,2.75,1.4,2.62,1.55,2.75,1.57
2019-01-07,ASB Classic,1st Round,Hard,Berrettini M.,Mcdonald M.,52.0,79.0,1.72,2.0,1.85,2.04,1.9,2.11
2019-01-07,ASB Classic,1st Round,Hard,Sandgren T.,Marterer M.,63.0,70.0,2.37,1.53,2.63,1.54,2.65,1.6
2019-01-07,ASB Classic,1st Round,Hard,Norrie C.,Paire B.,93.0,55.0,1.66,2.1,1.67,2.33,1.75,2.35
2019-01-07,ASB Classic,1st Round,Hard,Struff J.L.,Djere L.,58.0,91.0,1.4,2.75,1.48,2.82,1.55,3.01
2019-01-07,ASB Classic,1st Round,Hard,Kohlschreiber P.,Klahn B.,34.0,76.0,1.4,2.75,1.48,2.84,1.55,2.86
2019-01-07,ASB Classic,1st Round,Hard,Sousa J.,Shapovalov D.,44.0,27.0,2.75,1.4,2.9,1.46,2.98,1.53
2019-01-08,Sydney International,1st Round,Hard,Seppi A.,Chardy J.,37.0,36.0,2.37,1.53,2.51,1.58,2.55,1.61
2019-01-08,Sydney International,1st Round,Hard,Garcia-Lopez G.,Kudla D.,101.0,62.0,2.1,1.66,2.11,1.8,2.17,1.83
2019-01-08,Sydney International,1st Round,Hard,Rublev A.,Pouille L.,84.0,30.0,1.57,2.25,1.55,2.61,1.6,2.65
2019-01-08,ASB Classic,2nd Round,Hard,Sandgren T.,Cecchinato M.,63.0,18.0,1.57,2.25,1.66,2.37,1.67,2.4
2019-01-08,Sydney International,1st Round,Hard,Fucsovics M.,Duckworth J.,35.0,238.0,1.33,3.25,1.39,3.25,1.4,3.3
2019-01-08,Sydney International,2nd Round,Hard,Thompson J.,Daniel T.,72.0,78.0,1.5,2.5,1.49,2.84,1.54,3.2
2019-01-08,ASB Classic,2nd Round,Hard,Fritz T.,Isner J.,50.0,10.0,2.37,1.53,2.53,1.59,2.59,1.65
2019-01-08,ASB Classic,1st Round,Hard,Humbert U.,Cuevas P.,98.0,90.0,1.57,2.25,1.65,2.37,1.67,2.4
2019-01-08,ASB Classic,1st Round,Hard,Statham J.,Chung H.,360.0,25.0,7.0,1.1,7.75,1.11,8.25,1.11
2019-01-08,ASB Classic,1st Round,Hard,Gojowczyk P.,Pella G.,60.0,66.0,1.72,2.0,1.79,2.13,1.8,2.15
2019-01-08,ASB Classic,1st Round,Hard,Ferrer D.,Haase R.,124.0,49.0,1.8,1.9,1.74,2.2,1.85,2.25
2019-01-08,Sydney International,1st Round,Hard,Millman J.,Tiafoe F.,38.0,39.0,1.53,2.37,1.67,2.33,1.72,2.45
2019-01-09,Sydney International,2nd Round,Hard,Nishioka Y.,Rublev A.,75.0,84.0,2.37,1.53,2.48,1.61,2.51,1.63
2019-01-09,Sydney International,2nd Round,Hard,De Minaur A.,Opelka R.,29.0,102.0,1.3,3.4,1.37,3.4,1.33,6.25
2019-01-09,Sydney International,2nd Round,Hard,Schwartzman D.,Garcia-Lopez G.,19.0,101.0,1.53,2.37,1.58,2.54,1.67,2.55
2019-01-09,ASB Classic,Quarterfinals,Hard,Sandgren T.,Mayer L.,63.0,54.0,1.61,2.3,1.75,2.24,1.75,2.5
2019-01-09,Sydney International,2nd Round,Hard,Millman J.,Fucsovics M.,38.0,35.0,2.1,1.66,2.12,1.81,2.2,1.9
2019-01-09,Sydney International,2nd Round,Hard,Simon G.,Querrey S.,31.0,48.0,1.83,1.83,1.99,1.92,2.05,1.95
2019-01-09,ASB Classic,2nd Round,Hard,Struff J.L.,Statham J.,58.0,360.0,1.18,4.5,1.22,4.83,1.25,5.3
2019-01-09,ASB Classic,2nd Round,Hard,Carreno Busta P.,Ferrer D.,24.0,124.0,2.37,1.53,2.76,1.51,2.76,1.6
2019-01-09,ASB Classic,2nd Round,Hard,Norrie C.,Sousa J.,93.0,44.0,1.53,2.37,1.56,2.6,1.63,2.6
2019-01-09,ASB Classic,2nd Round,Hard,Kohlschreiber P.,Humbert U.,34.0,98.0,1.5,2.5,1.61,2.48,1.67,2.5
2019-01-09,ASB Classic,2nd Round,Hard,Fognini F.,Gojowczyk P.,13.0,60.0,1.53,2.37,1.64,2.42,1.67,2.45
2019-01-09,ASB Classic,2nd Round,Hard,Mayer L.,Berrettini M.,54.0,52.0,2.5,1.5,2.44,1.63,2.56,1.65
2019-01-09,Sydney International,2nd Round,Hard,Tsitsipas S.,Andreozzi G.,15.0,80.0,1.12,6.0,1.15,6.35,1.18,6.35
2019-01-09,Sydney International,2nd Round,Hard,Seppi A.,Klizan M.,37.0,40.0,1.72,2.0,1.96,1.94,2.06,2.15
2019-01-10,Sydney International,Quarterfinals,Hard,Seppi A.,Tsitsipas S.,37.0,15.0,3.5,1.3,3.7,1.34,3.9,1.35
2019-01-10,Sydney International,Quarterfinals,Hard,Schwartzman D.,Nishioka Y.,19.0,75.0,1.72,2.1,1.78,2.19,1.8,2.2
2019-01-10,Sydney International,Quarterfinals,Hard,Simon G.,Millman J.,31.0,38.0,1.8,2.0,1.83,2.11,1.87,2.17
2019-01-10,Sydney International,Quarterfinals,Hard,De Minaur A.,Thompson J.,29.0,72.0,1.28,3.75,1.32,3.79,1.33,3.8
2019-01-10,ASB Classic,Quarterfinals,Hard,Struff J.L.,Carreno Busta P.,58.0,24.0,1.8,2.0,1.87,2.06,1.88,2.1
2019-01-10,ASB Classic,Quarterfinals,Hard,Norrie C.,Fritz T.,93.0,50.0,1.8,2.0,1.81,2.15,1.95,2.15
2019-01-10,ASB Classic,Quarterfinals,Hard,Kohlschreiber P.,Fognini F.,34.0,13.0,1.57,2.37,1.56,2.63,1.6,2.75
2019-01-11,ASB Classic,Semifinals,Hard,Norrie C.,Struff J.L.,93.0,58.0,1.61,2.3,1.69,2.32,1.71,2.38
2019-01-11,ASB Classic,Semifinals,Hard,Sandgren T.,Kohlschreiber P.,63.0,34.0,3.0,1.4,3.02,1.45,3.1,1.47
2019-01-11,Sydney International,Semifinals,Hard,Seppi A.,Schwartzman D.,37.0,19.0,2.75,1.44,2.61,1.57,2.8,1.57
2019-01-12,ASB Classic,The Final,Hard,Sandgren T.,Norrie C.,63.0,93.0,2.2,1.66,2.3,1.71,2.35,1.8
2019-01-12,Sydney International,Semifinals,Hard,De Minaur A.,Simon G.,29.0,31.0,1.4,3.0,1.44,3.06,1.48,3.1
2019-01-12,Sydney International,The Final,Hard,De Minaur A.,Seppi A.,29.0,37.0,1.33,3.4,1.39,3.35,1.4,3.5
2019-01-14,Australian Open,1st Round,Hard,Mcdonald M.,Rublev A.,81.0,87.0,3.4,1.33,3.7,1.33,3.75,1.45
2019-01-14,Australian Open,1st Round,Hard,Laaksonen H.,Basic M.,166.0,99.0,1.72,2.1,1.89,2.02,1.91,2.15
2019-01-14,Australian Open,1st Round,Hard,Berdych T.,Edmund K.,57.0,14.0,1.44,2.75,1.42,3.12,1.47,3.12
2019-01-14,Australian Open,1st Round,Hard,Thompson J.,Lopez F.,72.0,66.0,1.33,3.4,1.33,3.68,1.36,3.72
2019-01-14,Australian Open,1st Round,Hard,Ebden M.,Struff J.L.,48.0,51.0,2.3,1.61,2.43,1.63,2.5,1.66
2019-01-14,Australian Open,1st Round,Hard,Seppi A.,Johnson S.,35.0,34.0,1.8,2.0,1.89,2.02,1.9,2.05
2019-01-14,Australian Open,1st Round,Hard,Bautista Agut R.,Murray A.,24.0,229.0,1.2,4.5,1.26,4.3,1.26,5.0
2019-01-14,Australian Open,1st Round,Hard,Nishioka Y.,Sandgren T.,69.0,41.0,1.72,2.1,1.83,2.1,1.87,2.18
2019-01-14,Australian Open,1st Round,Hard,Millman J.,Delbonis F.,37.0,80.0,1.25,4.0,1.27,4.26,1.27,4.35
2019-01-14,Australian Open,1st Round,Hard,Fritz T.,Norrie C.,50.0,68.0,2.0,1.8,2.05,1.86,2.09,1.91
2019-01-14,Australian Open,1st Round,Hard,De Minaur A.,Sousa P.,29.0,103.0,1.04,13.0,1.05,13.93,1.07,13.93
2019-01-14,Australian Open,1st Round,Hard,Cilic M.,Tomic B.,7.0,88.0,1.25,4.0,1.27,4.17,1.3,4.34
2019-01-14,Australian Open,1st Round,Hard,Federer R.,Istomin D.,3.0,101.0,1.03,15.0,1.03,17.37,1.04,19.5
2019-01-14,Australian Open,1st Round,Hard,Monfils G.,Dzumhur D.,33.0,47.0,1.53,2.5,1.56,2.62,1.58,2.62
2019-01-14,Australian Open,1st Round,Hard,Khachanov K.,Gojowczyk P.,11.0,63.0,1.11,6.5,1.1,8.73,1.13,8.73
2019-01-14,Australian Open,1st Round,Hard,Troicki V.,Carballes Baena R.,200.0,75.0,1.3,3.5,1.37,3.41,1.4,3.6
2019-01-14,Australian Open,1st Round,Hard,Evans D.,Ito T.,189.0,150.0,1.36,3.2,1.34,3.58,1.36,3.6
2019-01-14,Australian Open,1st Round,Hard,Kudla D.,Polmans M.,62.0,169.0,1.28,3.75,1.28,4.14,1.33,4.15
2019-01-14,Australian Open,1st Round,Hard,Basilashvili N.,Eubanks C.,20.0,170.0,1.2,4.5,1.24,4.61,1.3,4.66
2019-01-14,Australian Open,1st Round,Hard,Albot R.,Mmoh M.,98.0,107.0,2.1,1.72,2.19,1.76,2.22,1.77
2019-01-14,Australian Open,1st Round,Hard,Travaglia S.,Andreozzi G.,137.0,77.0,1.4,3.0,1.45,2.97,1.5,3.02
2019-01-14,Australian Open,1st Round,Hard,Verdasco F.,Kecmanovic M.,28.0,125.0,1.5,2.62,1.5,2.81,1.5,2.9
2019-01-14,Australian Open,1st Round,Hard,Cuevas P.,Lajovic D.,94.0,46.0,3.2,1.36,3.51,1.35,3.51,1.76
2019-01-14,Australian Open,1st Round,Hard,Haase R.,Garcia-Lopez G.,58.0,100.0,2.1,1.72,2.16,1.78,2.16,1.85
2019-01-14,Australian Open,1st Round,Hard,Anderson K.,Mannarino A.,6.0,42.0,1.06,10.0,1.05,13.28,1.08,13.28
2019-01-14,Australian Open,1st Round,Hard,Dimitrov G.,Tipsarevic J.,21.0,,1.06,10.0,1.08,10.26,1.08,13.0
2019-01-14,Australian Open,1st Round,Hard,Tiafoe F.,Gunneswaran P.,39.0,109.0,1.28,3.75,1.31,3.84,1.36,3.85
2019-01-14,Australian Open,1st Round,Hard,Nadal R.,Duckworth J.,2.0,237.0,1.05,11.0,1.05,14.44,1.06,15.45
2019-01-14,Australian Open,1st Round,Hard,Fabbiano T.,Kubler J.,102.0,130.0,2.0,1.8,2.12,1.81,2.12,1.9
2019-01-14,Australian Open,1st Round,Hard,Opelka R.,Isner J.,97.0,10.0,2.62,1.5,2.79,1.5,2.96,1.5
2019-01-14,Australian Open,1st Round,Hard,Schwartzman D.,Molleker R.,16.0,206.0,1.11,6.5,1.14,6.72,1.17,7.0
2019-01-14,Australian Open,1st Round,Hard,Tsitsipas S.,Berrettini M.,15.0,54.0,1.36,3.2,1.43,3.05,1.45,3.5
2019-01-15,Australian Open,1st Round,Hard,Shapovalov D.,Andujar P.,27.0,85.0,1.11,6.5,1.11,7.93,1.14,7.93
2019-01-15,Australian Open,1st Round,Hard,Daniel T.,Kokkinakis T.,82.0,144.0,4.0,1.25,3.87,1.3,4.1,1.31
2019-01-15,Australian Open,1st Round,Hard,Pouille L.,Kukushkin M.,31.0,56.0,1.57,2.37,1.64,2.42,1.65,2.7
2019-01-15,Australian Open,1st Round,Hard,Copil M.,Granollers M.,60.0,108.0,1.57,2.37,1.65,2.4,1.67,2.41
2019-01-15,Australian Open,1st Round,Hard,Kohlschreiber P.,Li Z.,32.0,261.0,1.03,15.0,1.05,13.48,1.08,17.0
2019-01-15,Australian Open,1st Round,Hard,Tsonga J.W.,Klizan M.,177.0,40.0,1.28,3.75,1.32,3.72,1.32,3.76
2019-01-15,Australian Open,1st Round,Hard,Wawrinka S.,Gulbis E.,59.0,86.0,1.25,4.0,1.25,4.42,1.29,4.68
2019-01-15,Australian Open,1st Round,Hard,Krajinovic F.,Cecchinato M.,93.0,18.0,1.57,2.37,1.67,2.36,1.7,2.4
2019-01-15,Australian Open,1st Round,Hard,Popyrin A.,Zverev M.,149.0,70.0,1.44,2.75,1.47,2.92,1.52,3.05
2019-01-15,Australian Open,1st Round,Hard,Thiem D.,Paire B.,8.0,61.0,1.28,3.75,1.29,4.05,1.32,4.2
2019-01-15,Australian Open,1st Round,Hard,Djokovic N.,Krueger M.,1.0,230.0,1.005,29.0,1.01,26.44,1.01,32.5
2019-01-15,Australian Open,1st Round,Hard,Raonic M.,Kyrgios N.,17.0,52.0,1.8,2.0,1.81,2.11,1.85,2.17
2019-01-15,Australian Open,1st Round,Hard,Goffin D.,Garin C.,22.0,89.0,1.14,5.5,1.21,5.14,1.22,5.95
2019-01-15,Australian Open,1st Round,Hard,Chardy J.,Humbert U.,36.0,95.0,1.57,2.37,1.62,2.46,1.67,2.51
2019-01-15,Australian Open,1st Round,Hard,Zverev A.,Bedene A.,4.0,67.0,1.1,7.0,1.13,7.0,1.13,7.6
2019-01-15,Australian Open,1st Round,Hard,Marterer M.,Sakharov G.,71.0,252.0,1.33,3.4,1.32,3.74,1.33,3.79
2019-01-15,Australian Open,1st Round,Hard,Donskoy E.,Djere L.,96.0,92.0,2.1,1.72,2.02,1.89,2.13,2.2
2019-01-15,Australian Open,1st Round,Hard,Simon G.,Fratangelo B.,30.0,133.0,1.28,3.75,1.25,4.43,1.28,4.57
2019-01-15,Australian Open,1st Round,Hard,Fognini F.,Munar J.,13.0,79.0,1.44,2.75,1.47,2.89,1.49,2.9
2019-01-15,Australian Open,1st Round,Hard,Ivashka I.,Jaziri M.,84.0,43.0,1.44,2.75,1.41,3.15,1.48,3.15
2019-01-15,Australian Open,1st Round,Hard,Mayer L.,Jarry N.,53.0,45.0,1.8,2.0,1.89,2.01,1.89,2.17
2019-01-15,Australian Open,1st Round,Hard,Herbert P.H.,Querrey S.,55.0,49.0,2.62,1.5,2.8,1.5,2.8,1.53
2019-01-15,Australian Open,1st Round,Hard,Fucsovics M.,Ramos-Vinolas A.,38.0,64.0,1.2,4.5,1.2,5.3,1.24,5.3
2019-01-15,Australian Open,1st Round,Hard,Harrison R.,Vesely J.,83.0,90.0,1.61,2.3,1.62,2.46,1.63,2.56
2019-01-15,Australian Open,1st Round,Hard,Nishikori K.,Majchrzak K.,9.0,176.0,1.02,17.0,1.03,18.24,1.03,21.25
2019-01-15,Australian Open,1st Round,Hard,Karlovic I.,Hurkacz H.,73.0,76.0,1.8,2.0,1.74,2.22,1.87,2.22
2019-01-15,Australian Open,1st Round,Hard,Coric B.,Darcis S.,12.0,321.0,1.14,5.5,1.2,5.22,1.2,6.0
2019-01-15,Australian Open,1st Round,Hard,Chung H.,Klahn B.,25.0,78.0,1.44,2.75,1.58,2.54,1.59,2.75
2019-01-15,Australian Open,1st Round,Hard,Bolt A.,Sock J.,155.0,105.0,3.2,1.36,3.23,1.4,3.36,1.4
2019-01-15,Australian Open,1st Round,Hard,Sousa J.,Pella G.,44.0,65.0,1.72,2.1,1.81,2.12,1.93,2.3
2019-01-15,Australian Open,1st Round,Hard,Carreno Busta P.,Vanni L.,23.0,163.0,1.28,3.75,1.3,3.9,1.3,4.2
2019-01-15,Australian Open,1st Round,Hard,Medvedev D.,Harris L.,19.0,119.0,1.16,5.0,1.2,5.24,1.2,5.6
2019-01-16,Australian Open,2nd Round,Hard,Fritz T.,Monfils G.,50.0,33.0,2.37,1.57,2.46,1.62,2.51,1.65
2019-01-16,Australian Open,2nd Round,Hard,Nadal R.,Ebden M.,2.0,48.0,1.06,10.0,1.05,13.8,1.07,13.8
2019-01-16,Australian Open,2nd Round,Hard,De Minaur A.,Laaksonen H.,29.0,166.0,1.04,13.0,1.06,12.94,1.06,13.0
2019-01-16,Australian Open,2nd Round,Hard,Dimitrov G.,Cuevas P.,21.0,94.0,1.12,6.0,1.15,6.36,1.16,6.9
2019-01-16,Australian Open,2nd Round,Hard,Bautista Agut R.,Millman J.,24.0,37.0,1.33,3.4,1.34,3.63,1.36,3.7
2019-01-16,Australian Open,2nd Round,Hard,Fabbiano T.,Opelka R.,102.0,97.0,3.4,1.33,3.37,1.37,3.4,1.4
2019-01-16,Australian Open,2nd Round,Hard,Khachanov K.,Nishioka Y.,11.0,69.0,1.22,4.33,1.24,4.58,1.25,4.62
2019-01-16,Australian Open,2nd Round,Hard,Federer R.,Evans D.,3.0,189.0,1.02,17.0,1.02,23.78,1.03,23.78
2019-01-16,Australian Open,2nd Round,Hard,Seppi A.,Thompson J.,35.0,72.0,1.66,2.2,1.74,2.22,1.77,2.4
2019-01-16,Australian Open,2nd Round,Hard,Tiafoe F.,Anderson K.,39.0,6.0,5.0,1.16,5.45,1.19,5.59,1.2
2019-01-16,Australian Open,2nd Round,Hard,Cilic M.,Mcdonald M.,7.0,81.0,1.1,7.0,1.11,8.27,1.12,9.9
2019-01-16,Australian Open,2nd Round,Hard,Berdych T.,Haase R.,57.0,58.0,1.12,6.0,1.11,7.98,1.15,7.98
2019-01-16,Australian Open,2nd Round,Hard,Tsitsipas S.,Troicki V.,15.0,200.0,1.11,6.5,1.12,7.55,1.15,7.55
2019-01-16,Australian Open,2nd Round,Hard,Basilashvili N.,Travaglia S.,20.0,137.0,1.28,3.75,1.31,3.8,1.32,3.98
2019-01-16,Australian Open,2nd Round,Hard,Schwartzman D.,Kudla D.,16.0,62.0,1.16,5.0,1.19,5.42,1.25,5.42
2019-01-16,Australian Open,2nd Round,Hard,Verdasco F.,Albot R.,28.0,98.0,1.2,4.5,1.24,4.56,1.24,4.85
2019-01-17,Australian Open,2nd Round,Hard,Djokovic N.,Tsonga J.W.,1.0,177.0,1.06,10.0,1.07,11.0,1.07,11.36
2019-01-17,Australian Open,2nd Round,Hard,Zverev A.,Chardy J.,4.0,36.0,1.11,6.5,1.12,7.62,1.13,7.75
2019-01-17,Australian Open,2nd Round,Hard,Medvedev D.,Harrison R.,19.0,83.0,1.16,5.0,1.23,4.69,1.23,5.05
2019-01-17,Australian Open,2nd Round,Hard,Popyrin A.,Thiem D.,149.0,8.0,5.5,1.14,5.03,1.21,5.75,1.21
2019-01-17,Australian Open,2nd Round,Hard,Shapovalov D.,Daniel T.,27.0,82.0,1.14,5.5,1.17,5.77,1.17,6.23
2019-01-17,Australian Open,2nd Round,Hard,Pouille L.,Marterer M.,31.0,71.0,1.72,2.1,1.75,2.2,1.83,2.3
2019-01-17,Australian Open,2nd Round,Hard,Goffin D.,Copil M.,22.0,60.0,1.2,4.5,1.25,4.48,1.25,5.0
2019-01-17,Australian Open,2nd Round,Hard,Bolt A.,Simon G.,155.0,30.0,5.5,1.14,6.87,1.14,6.87,1.2
2019-01-17,Australian Open,2nd Round,Hard,Herbert P.H.,Chung H.,55.0,25.0,2.3,1.61,2.28,1.71,2.44,1.71
2019-01-17,Australian Open,2nd Round,Hard,Fognini F.,Mayer L.,13.0,53.0,1.57,2.37,1.62,2.45,1.68,2.7
2019-01-17,Australian Open,2nd Round,Hard,Coric B.,Fucsovics M.,12.0,38.0,1.28,3.75,1.31,3.86,1.32,3.9
2019-01-17,Australian Open,2nd Round,Hard,Carreno Busta P.,Ivashka I.,23.0,84.0,1.61,2.3,1.68,2.32,1.69,2.4
2019-01-17,Australian Open,2nd Round,Hard,Sousa J.,Kohlschreiber P.,44.0,32.0,3.0,1.4,3.1,1.43,3.12,1.44
2019-01-17,Australian Open,2nd Round,Hard,Raonic M.,Wawrinka S.,17.0,59.0,1.3,3.5,1.33,3.68,1.35,4.0
2019-01-17,Australian Open,2nd Round,Hard,Nishikori K.,Karlovic I.,9.0,73.0,1.16,5.0,1.17,5.91,1.19,5.91
2019-01-17,Australian Open,2nd Round,Hard,Krajinovic F.,Donskoy E.,93.0,96.0,1.4,3.0,1.4,3.23,1.45,3.23
2019-01-18,Australian Open,3rd Round,Hard,Cilic M.,Verdasco F.,7.0,28.0,1.28,3.75,1.31,3.79,1.32,3.9
2019-01-18,Australian Open,3rd Round,Hard,Nadal R.,De Minaur A.,2.0,29.0,1.1,7.0,1.11,8.03,1.12,9.25
2019-01-18,Australian Open,3rd Round,Hard,Bautista Agut R.,Khachanov K.,24.0,11.0,2.62,1.5,2.74,1.52,2.75,1.57
2019-01-18,Australian Open,3rd Round,Hard,Dimitrov G.,Fabbiano T.,21.0,102.0,1.07,9.0,1.07,11.56,1.09,11.56
2019-01-18,Australian Open,3rd Round,Hard,Berdych T.,Schwartzman D.,57.0,16.0,1.25,4.0,1.26,4.38,1.3,5.5
2019-01-18,Australian Open,3rd Round,Hard,Federer R.,Fritz T.,3.0,50.0,1.06,10.0,1.06,12.48,1.07,13.49
2019-01-18,Australian Open,3rd Round,Hard,Tsitsipas S.,Basilashvili N.,15.0,20.0,1.36,3.2,1.35,3.5,1.4,3.5
2019-01-18,Australian Open,3rd Round,Hard,Tiafoe F.,Seppi A.,39.0,35.0,2.0,1.8,2.06,1.85,2.18,1.95
2019-01-19,Australian Open,3rd Round,Hard,Pouille L.,Popyrin A.,31.0,149.0,1.44,2.75,1.54,2.67,1.54,2.8
2019-01-19,Australian Open,3rd Round,Hard,Zverev A.,Bolt A.,4.0,155.0,1.04,13.0,1.05,14.2,1.1,15.0
2019-01-19,Australian Open,3rd Round,Hard,Djokovic N.,Shapovalov D.,1.0,27.0,1.05,11.0,1.05,14.37,1.06,14.37
2019-01-19,Australian Open,3rd Round,Hard,Coric B.,Krajinovic F.,12.0,93.0,1.12,6.0,1.16,6.03,1.18,6.34
2019-01-19,Australian Open,3rd Round,Hard,Carreno Busta P.,Fognini F.,23.0,13.0,2.1,1.72,2.12,1.81,2.17,1.87
2019-01-19,Australian Open,3rd Round,Hard,Nishikori K.,Sousa J.,9.0,44.0,1.14,5.5,1.17,5.91,1.18,7.1
2019-01-19,Australian Open,3rd Round,Hard,Medvedev D.,Goffin D.,19.0,22.0,1.61,2.3,1.63,2.44,1.65,2.7
2019-01-19,Australian Open,3rd Round,Hard,Raonic M.,Herbert P.H.,17.0,55.0,1.16,5.0,1.19,5.44,1.19,5.8
2019-01-20,Australian Open,4th Round,Hard,Tiafoe F.,Dimitrov G.,39.0,21.0,3.0,1.4,3.23,1.41,3.23,1.45
2019-01-20,Australian Open,4th Round,Hard,Nadal R.,Berdych T.,2.0,57.0,1.14,5.5,1.18,5.85,1.19,6.0
2019-01-20,Australian Open,4th Round,Hard,Bautista Agut R.,Cilic M.,24.0,7.0,2.1,1.72,2.22,1.76,2.25,1.77
2019-01-20,Australian Open,4th Round,Hard,Tsitsipas S.,Federer R.,15.0,3.0,5.5,1.14,5.67,1.19,6.0,1.19
2019-01-21,Australian Open,4th Round,Hard,Nishikori K.,Carreno Busta P.,9.0,23.0,1.2,4.5,1.22,5.01,1.23,5.05
2019-01-21,Australian Open,4th Round,Hard,Djokovic N.,Medvedev D.,1.0,19.0,1.11,6.5,1.15,6.79,1.15,7.0
2019-01-21,Australian Open,4th Round,Hard,Raonic M.,Zverev A.,17.0,4.0,2.2,1.66,2.19,1.78,2.4,1.8
2019-01-21,Australian Open,4th Round,Hard,Pouille L.,Coric B.,31.0,12.0,4.0,1.25,4.05,1.29,4.33,1.35
2019-01-22,Australian Open,Quarterfinals,Hard,Tsitsipas S.,Bautista Agut R.,15.0,24.0,2.0,1.8,2.06,1.87,2.1,2.0
2019-01-22,Australian Open,Quarterfinals,Hard,Nadal R.,Tiafoe F.,2.0,39.0,1.04,13.0,1.06,12.68,1.06,15.0
2019-01-23,Australian Open,Quarterfinals,Hard,Pouille L.,Raonic M.,31.0,17.0,5.5,1.14,6.46,1.16,6.46,1.2
2019-01-23,Australian Open,Quarterfinals,Hard,Djokovic N.,Nishikori K.,1.0,9.0,1.08,8.0,1.12,7.75,1.12,9.0
2019-01-24,Australian Open,Semifinals,Hard,Nadal R.,Tsitsipas S.,2.0,15.0,1.16,5.0,1.21,5.14,1.22,5.8
2019-01-25,Australian Open,Semifinals,Hard,Djokovic N.,Pouille L.,1.0,31.0,1.05,11.0,1.07,11.6,1.1,13.05
2019-01-27,Australian Open,The Final,Hard,Djokovic N.,Nadal R.,1.0,2.0,1.74,2.15,1.77,2.2,1.84,2.3
2019-02-04,Open Sud de France,1st Round,Hard,Tsonga J.W.,Humbert U.,210.0,86.0,1.28,3.5,1.33,3.63,1.35,3.72
2019-02-04,Sofia Open,1st Round,Hard,Ebden M.,Andreev A.,45.0,,1.04,13.0,1.04,14.78,1.06,15.75
2019-02-04,Open Sud de France,1st Round,Hard,Chardy J.,Menendez-Maceiras A.,35.0,124.0,1.36,3.0,,,1.38,3.5
2019-02-04,Open Sud de France,1st Round,Hard,Granollers M.,Karlovic I.,111.0,78.0,2.75,1.4,2.73,1.51,3.12,1.51
2019-02-04,Sofia Open,1st Round,Hard,Copil M.,Wawrinka S.,56.0,57.0,2.37,1.53,2.57,1.56,2.8,1.62
2019-02-04,Cordoba Open,1st Round,Clay,Bedene A.,Marterer M.,65.0,76.0,1.9,1.8,1.98,1.9,2.15,1.95
2019-02-04,Cordoba Open,1st Round,Clay,Cachin P.,Norrie C.,280.0,64.0,2.5,1.5,2.45,1.61,2.55,1.62
2019-02-04,Cordoba Open,1st Round,Clay,Pella G.,Lorenzi P.,59.0,114.0,1.25,3.75,1.27,4.19,1.3,4.27
2019-02-04,Cordoba Open,1st Round,Clay,Sonego L.,Andujar P.,113.0,82.0,2.1,1.66,2.16,1.76,2.41,1.77
2019-02-05,Cordoba Open,1st Round,Clay,Giannessi A.,Seyboth Wild T.,168.0,451.0,1.44,2.62,1.51,2.72,1.61,2.8
2019-02-05,Open Sud de France,1st Round,Hard,Paire B.,Donskoy E.,58.0,96.0,1.33,3.25,1.34,3.53,1.38,3.53
2019-02-05,Open Sud de France,1st Round,Hard,Berdych T.,Bachinger M.,79.0,142.0,1.14,5.5,1.16,6.0,1.2,6.2
2019-02-05,Open Sud de France,1st Round,Hard,Krajinovic F.,Mahut N.,72.0,195.0,1.44,2.62,1.5,2.76,1.56,2.86
2019-02-05,Open Sud de France,1st Round,Hard,Hoang A.,Darcis S.,150.0,311.0,1.57,2.25,1.59,2.5,1.63,2.55
2019-02-05,Open Sud de France,1st Round,Hard,Gulbis E.,Hurkacz H.,83.0,73.0,2.0,1.72,2.07,1.83,2.15,1.88
2019-02-05,Cordoba Open,1st Round,Clay,Jaziri M.,Berlocq C.,43.0,135.0,3.0,1.36,3.08,1.42,3.08,1.48
2019-02-05,Open Sud de France,1st Round,Hard,Herbert P.H.,Kudla D.,44.0,63.0,1.4,2.75,1.41,3.14,1.45,3.33
2019-02-05,Sofia Open,1st Round,Hard,Maden Y.,Mannarino A.,121.0,46.0,2.1,1.66,2.14,1.78,2.2,1.94
2019-02-05,Sofia Open,1st Round,Hard,Brands D.,Basilashvili N.,180.0,22.0,3.5,1.28,3.97,1.29,3.97,1.32
2019-02-05,Sofia Open,1st Round,Hard,Berrettini M.,Istomin D.,53.0,106.0,1.5,2.5,1.64,2.38,1.64,2.55
2019-02-05,Sofia Open,1st Round,Hard,Haase R.,Kuzmanov D.,54.0,336.0,1.12,6.0,1.17,5.67,1.2,6.9
2019-02-05,Sofia Open,1st Round,Hard,Monfils G.,Troicki V.,33.0,185.0,1.25,3.75,1.25,4.4,1.29,4.4
2019-02-05,Cordoba Open,1st Round,Clay,Carballes Baena R.,Martin A.,74.0,181.0,1.5,2.5,1.52,2.7,1.65,2.75
2019-02-05,Cordoba Open,1st Round,Clay,Londero J.I.,Jarry N.,112.0,41.0,2.5,1.5,2.32,1.67,2.56,1.76
2019-02-05,Cordoba Open,1st Round,Clay,Cuevas P.,Bagnis F.,92.0,149.0,1.53,2.37,1.7,2.27,1.7,2.45
2019-02-05,Cordoba Open,1st Round,Clay,Munar J.,Andreozzi G.,81.0,70.0,1.5,2.5,1.59,2.5,1.6,2.6
2019-02-05,Sofia Open,1st Round,Hard,Struff J.L.,Travaglia S.,51.0,122.0,1.4,2.75,1.44,3.0,1.5,3.23
2019-02-06,Sofia Open,2nd Round,Hard,Berrettini M.,Khachanov K.,53.0,11.0,3.5,1.28,3.94,1.3,3.95,1.32
2019-02-06,Sofia Open,2nd Round,Hard,Bautista Agut R.,Ebden M.,18.0,45.0,1.12,6.0,1.15,6.46,1.17,6.46
2019-02-06,Sofia Open,1st Round,Hard,Verdasco F.,Lazarov A.,26.0,,1.05,11.0,1.07,11.01,1.07,15.0
2019-02-06,Open Sud de France,2nd Round,Hard,Chardy J.,Hoang A.,35.0,150.0,1.4,2.75,1.53,2.71,1.55,3.19
2019-02-06,Open Sud de France,2nd Round,Hard,Berdych T.,Paire B.,79.0,58.0,1.4,2.75,1.51,2.75,1.57,2.86
2019-02-06,Open Sud de France,2nd Round,Hard,Tsonga J.W.,Simon G.,210.0,31.0,1.5,2.5,1.59,2.52,1.61,2.74
2019-02-06,Open Sud de France,2nd Round,Hard,Krajinovic F.,Goffin D.,72.0,21.0,2.75,1.4,3.04,1.44,3.05,1.47
2019-02-06,Sofia Open,1st Round,Hard,Kukushkin M.,Djere L.,55.0,88.0,1.28,3.5,1.3,3.85,1.35,3.95
2019-02-06,Sofia Open,1st Round,Hard,Fucsovics M.,Seppi A.,47.0,37.0,1.9,1.8,2.12,1.79,2.17,1.88
2019-02-06,Open Sud de France,1st Round,Hard,Albot R.,Kohlschreiber P.,90.0,32.0,3.0,1.36,3.23,1.39,3.35,1.41
2019-02-06,Sofia Open,1st Round,Hard,Klizan M.,Basic M.,38.0,99.0,1.44,2.62,1.44,2.99,1.5,3.05
2019-02-06,Open Sud de France,1st Round,Hard,Baghdatis M.,Bemelmans R.,128.0,132.0,1.44,2.62,1.5,2.77,1.51,2.85
2019-02-06,Open Sud de France,1st Round,Hard,Ivashka I.,Fabbiano T.,80.0,84.0,1.53,2.37,1.51,2.73,1.58,2.75
2019-02-06,Cordoba Open,1st Round,Clay,Ramos-Vinolas A.,Dellien H.,71.0,116.0,,,,,1.61,2.75
2019-02-06,Cordoba Open,1st Round,Clay,Delbonis F.,Mayer L.,77.0,49.0,1.83,1.83,1.88,2.01,1.91,2.05
2019-02-06,Cordoba Open,2nd Round,Clay,Londero J.I.,Sonego L.,112.0,113.0,2.25,1.57,2.24,1.73,2.33,1.77
2019-02-06,Cordoba Open,2nd Round,Clay,Cachin P.,Carreno Busta P.,280.0,23.0,3.75,1.25,3.82,1.31,4.0,1.32
2019-02-07,Sofia Open,2nd Round,Hard,Fucsovics M.,Maden Y.,47.0,121.0,1.36,3.0,1.41,3.17,1.42,3.25
2019-02-07,Sofia Open,2nd Round,Hard,Klizan M.,Brands D.,38.0,180.0,1.44,2.62,1.4,3.24,1.51,3.24
2019-02-07,Cordoba Open,2nd Round,Clay,Munar J.,Cecchinato M.,81.0,19.0,2.0,1.72,2.03,1.88,2.21,2.05
2019-02-07,Sofia Open,2nd Round,Hard,Monfils G.,Kukushkin M.,33.0,55.0,1.36,3.0,1.43,3.07,1.45,3.2
2019-02-07,Cordoba Open,2nd Round,Clay,Delbonis F.,Carballes Baena R.,77.0,74.0,1.4,2.75,1.47,2.89,1.54,2.89
2019-02-07,Cordoba Open,2nd Round,Clay,Cuevas P.,Jaziri M.,92.0,43.0,1.2,4.33,1.25,4.49,1.25,4.6
2019-02-07,Cordoba Open,2nd Round,Clay,Bedene A.,Fognini F.,65.0,15.0,2.5,1.5,2.75,1.51,2.8,1.55
2019-02-07,Cordoba Open,2nd Round,Clay,Schwartzman D.,Giannessi A.,20.0,168.0,1.08,8.0,1.08,9.95,1.12,11.0
2019-02-07,Sofia Open,2nd Round,Hard,Verdasco F.,Copil M.,26.0,56.0,1.61,2.2,1.62,2.46,1.67,2.46
2019-02-07,Sofia Open,2nd Round,Hard,Medvedev D.,Haase R.,16.0,54.0,1.22,4.0,1.28,4.15,1.32,4.35
2019-02-07,Open Sud de France,2nd Round,Hard,Shapovalov D.,Granollers M.,25.0,111.0,1.33,3.25,1.29,4.02,1.35,4.02
2019-02-07,Open Sud de France,2nd Round,Hard,Albot R.,Gulbis E.,90.0,83.0,2.37,1.53,2.43,1.63,2.5,1.65
2019-02-07,Open Sud de France,2nd Round,Hard,Herbert P.H.,Ivashka I.,44.0,80.0,1.25,3.75,1.29,4.01,1.33,4.15
2019-02-07,Open Sud de France,2nd Round,Hard,Baghdatis M.,Pouille L.,128.0,17.0,2.75,1.4,2.8,1.5,3.09,1.55
2019-02-07,Sofia Open,2nd Round,Hard,Tsitsipas S.,Struff J.L.,12.0,51.0,1.44,2.62,1.52,2.73,1.54,2.75
2019-02-08,Sofia Open,Quarterfinals,Hard,Fucsovics M.,Bautista Agut R.,47.0,18.0,4.0,1.25,4.14,1.28,4.33,1.32
2019-02-08,Sofia Open,Quarterfinals,Hard,Monfils G.,Tsitsipas S.,33.0,12.0,2.2,1.66,2.24,1.75,2.25,1.83
2019-02-08,Sofia Open,Quarterfinals,Hard,Medvedev D.,Klizan M.,16.0,38.0,1.28,3.75,1.26,4.39,1.32,4.47
2019-02-08,Open Sud de France,Quarterfinals,Hard,Berdych T.,Krajinovic F.,79.0,72.0,1.36,3.2,1.42,3.19,1.42,3.3
2019-02-08,Open Sud de France,Quarterfinals,Hard,Albot R.,Baghdatis M.,90.0,128.0,2.0,1.8,2.01,1.92,2.05,1.95
2019-02-08,Open Sud de France,Quarterfinals,Hard,Tsonga J.W.,Chardy J.,210.0,35.0,1.44,2.75,1.44,3.08,1.55,3.2
2019-02-08,Sofia Open,Quarterfinals,Hard,Berrettini M.,Verdasco F.,53.0,26.0,2.37,1.57,2.44,1.64,2.57,1.67
2019-02-08,Cordoba Open,2nd Round,Clay,Pella G.,Ramos-Vinolas A.,59.0,71.0,1.36,3.0,1.37,3.41,1.41,3.41
2019-02-08,Cordoba Open,Quarterfinals,Clay,Delbonis F.,Munar J.,77.0,81.0,1.72,2.1,1.72,2.27,1.76,2.3
2019-02-08,Cordoba Open,Quarterfinals,Clay,Londero J.I.,Cachin P.,112.0,280.0,1.72,2.1,1.8,2.15,1.8,2.25
2019-02-08,Open Sud de France,Quarterfinals,Hard,Herbert P.H.,Shapovalov D.,44.0,25.0,2.3,1.61,2.44,1.64,2.44,1.98
2019-02-08,Cordoba Open,Quarterfinals,Clay,Pella G.,Schwartzman D.,59.0,20.0,2.75,1.44,2.84,1.5,2.88,1.51
2019-02-09,Sofia Open,Semifinals,Hard,Fucsovics M.,Berrettini M.,47.0,53.0,2.3,1.61,2.37,1.67,2.37,1.74
2019-02-09,Sofia Open,Semifinals,Hard,Medvedev D.,Monfils G.,16.0,33.0,1.66,2.2,1.7,2.31,1.73,2.35
2019-02-09,Open Sud de France,Semifinals,Hard,Tsonga J.W.,Albot R.,210.0,90.0,1.22,4.33,1.23,4.83,1.25,4.85
2019-02-09,Open Sud de France,Semifinals,Hard,Herbert P.H.,Berdych T.,44.0,79.0,2.62,1.5,2.5,1.61,2.63,1.65
2019-02-09,Cordoba Open,Quarterfinals,Clay,Cuevas P.,Bedene A.,92.0,65.0,1.72,2.1,1.85,2.08,1.85,2.25
2019-02-09,Cordoba Open,Semifinals,Clay,Londero J.I.,Delbonis F.,112.0,77.0,3.2,1.36,3.14,1.43,4.0,1.43
2019-02-10,Open Sud de France,The Final,Hard,Tsonga J.W.,Herbert P.H.,210.0,44.0,1.61,2.3,1.55,2.67,1.66,2.67
2019-02-10,Cordoba Open,Semifinals,Clay,Pella G.,Cuevas P.,59.0,92.0,1.72,2.1,1.84,2.1,1.84,2.2
2019-02-10,Cordoba Open,The Final,Clay,Londero J.I.,Pella G.,112.0,59.0,2.75,1.44,3.08,1.44,3.2,1.45
2019-02-10,Sofia Open,The Final,Hard,Medvedev D.,Fucsovics M.,16.0,47.0,1.14,5.5,1.17,6.03,1.18,6.05
2019-02-11,ABN AMRO World Tennis Tournament,1st Round,Hard,Seppi A.,Gojowczyk P.,40.0,61.0,1.61,2.2,1.67,2.32,1.84,2.4
2019-02-11,ABN AMRO World Tennis Tournament,1st Round,Hard,Basilashvili N.,Chung H.,20.0,52.0,1.72,2.0,1.8,2.11,2.05,2.11
2019-02-11,ABN AMRO World Tennis Tournament,1st Round,Hard,Wawrinka S.,Paire B.,68.0,58.0,1.5,2.5,1.54,2.64,1.58,3.0
2019-02-11,ABN AMRO World Tennis Tournament,1st Round,Hard,Kukushkin M.,Haase R.,53.0,55.0,2.0,1.72,2.11,1.8,2.15,1.83
2019-02-11,New York Open,1st Round,Hard,Tomic B.,Lacko L.,87.0,130.0,1.53,2.37,1.53,2.66,1.6,2.7
2019-02-11,New York Open,1st Round,Hard,Lorenzi P.,Sandgren T.,111.0,76.0,4.0,1.22,4.74,1.22,4.9,1.3
2019-02-11,Argentina Open,1st Round,Clay,Marterer M.,Bagnis F.,85.0,148.0,1.8,1.9,1.84,2.06,1.93,2.06
2019-02-11,Argentina Open,1st Round,Clay,Ramos-Vinolas A.,Dutra Silva R.,96.0,138.0,1.66,2.1,1.81,2.09,1.82,2.32
2019-02-11,Argentina Open,1st Round,Clay,Sonego L.,Jarry N.,109.0,47.0,2.37,1.53,2.42,1.62,2.61,1.67
2019-02-12,ABN AMRO World Tennis Tournament,1st Round,Hard,Gulbis E.,Copil M.,84.0,72.0,1.66,2.1,1.79,2.13,1.83,2.2
2019-02-12,ABN AMRO World Tennis Tournament,1st Round,Hard,Raonic M.,Kohlschreiber P.,14.0,32.0,1.25,3.75,1.25,4.39,1.28,4.39
2019-02-12,ABN AMRO World Tennis Tournament,1st Round,Hard,Verdasco F.,Ebden M.,26.0,45.0,1.33,3.25,1.35,3.46,1.37,3.64
2019-02-12,ABN AMRO World Tennis Tournament,1st Round,Hard,Shapovalov D.,Skugor F.,25.0,351.0,1.14,5.5,1.16,6.03,1.21,6.03
2019-02-12,ABN AMRO World Tennis Tournament,1st Round,Hard,Berdych T.,Simon G.,59.0,31.0,1.5,2.5,1.61,2.45,1.62,2.56
2019-02-12,ABN AMRO World Tennis Tournament,1st Round,Hard,Monfils G.,Goffin D.,33.0,21.0,1.83,1.83,1.86,2.03,2.35,2.05
2019-02-12,New York Open,1st Round,Hard,Thompson J.,Rubin N.,60.0,152.0,1.66,2.1,1.71,2.25,1.73,2.35
2019-02-12,ABN AMRO World Tennis Tournament,1st Round,Hard,Nishikori K.,Herbert P.H.,7.0,36.0,1.33,3.25,1.36,3.42,1.38,3.6
2019-02-12,ABN AMRO World Tennis Tournament,1st Round,Hard,Griekspoor T.,Khachanov K.,211.0,11.0,8.0,1.08,9.94,1.08,11.0,1.1
2019-02-12,Argentina Open,1st Round,Clay,Ferrer D.,Jaziri M.,149.0,44.0,1.4,2.75,1.4,3.2,1.48,3.23
2019-02-12,New York Open,1st Round,Hard,Garcia-Lopez G.,Popyrin A.,102.0,123.0,2.25,1.57,2.33,1.67,2.35,1.71
2019-02-12,New York Open,1st Round,Hard,Harrison R.,Polansky P.,92.0,118.0,1.4,2.75,1.4,3.18,1.46,3.18
2019-02-12,New York Open,1st Round,Hard,Eubanks C.,Menendez-Maceiras A.,166.0,121.0,1.66,2.1,1.7,2.26,1.75,2.3
2019-02-12,Argentina Open,1st Round,Clay,Sousa J.,Londero J.I.,41.0,69.0,1.44,2.62,1.52,2.69,1.71,2.69
2019-02-12,Argentina Open,1st Round,Clay,Munar J.,Delbonis F.,77.0,64.0,1.83,1.83,2.04,1.86,2.1,1.95
2019-02-12,Argentina Open,1st Round,Clay,Pella G.,Cerundolo F.,50.0,,1.18,4.5,1.17,5.65,1.2,5.85
2019-02-12,Argentina Open,1st Round,Clay,Bedene A.,Andreozzi G.,57.0,74.0,1.36,3.0,1.45,2.93,1.47,3.21
2019-02-12,Argentina Open,1st Round,Clay,Mayer L.,Lajovic D.,51.0,43.0,1.61,2.2,1.78,2.14,1.8,2.33
2019-02-12,Argentina Open,1st Round,Clay,Carballes Baena R.,Daniel T.,119.0,73.0,1.66,2.1,1.74,2.2,1.77,2.3
2019-02-12,Argentina Open,1st Round,Clay,Cuevas P.,Arevalo M.,78.0,220.0,1.2,4.33,1.17,5.76,1.23,5.76
2019-02-12,Argentina Open,1st Round,Clay,Garin C.,Auger-Aliassime F.,93.0,103.0,1.9,1.8,1.92,1.97,2.0,2.1
2019-02-12,New York Open,1st Round,Hard,Jung J.,Ramanathan R.,143.0,128.0,2.0,1.72,2.19,1.75,2.3,1.78
2019-02-12,New York Open,1st Round,Hard,Opelka R.,Mannarino A.,89.0,48.0,1.53,2.37,1.69,2.28,1.71,2.66
2019-02-13,ABN AMRO World Tennis Tournament,1st Round,Hard,Dzumhur D.,Tsitsipas S.,56.0,12.0,5.0,1.16,5.63,1.17,5.8,1.25
2019-02-13,ABN AMRO World Tennis Tournament,1st Round,Hard,Medvedev D.,Chardy J.,16.0,35.0,1.22,4.0,1.28,4.06,1.3,4.4
2019-02-13,ABN AMRO World Tennis Tournament,1st Round,Hard,Tsonga J.W.,Fabbiano T.,140.0,86.0,1.14,5.5,1.13,6.85,1.16,7.0
2019-02-13,ABN AMRO World Tennis Tournament,2nd Round,Hard,Monfils G.,Seppi A.,33.0,40.0,1.4,2.75,1.45,2.98,1.45,3.05
2019-02-13,ABN AMRO World Tennis Tournament,2nd Round,Hard,Wawrinka S.,Raonic M.,68.0,14.0,2.62,1.44,2.93,1.47,2.93,1.53
2019-02-13,ABN AMRO World Tennis Tournament,2nd Round,Hard,Shapovalov D.,Berdych T.,25.0,59.0,2.25,1.57,2.41,1.64,2.45,1.65
2019-02-13,ABN AMRO World Tennis Tournament,1st Round,Hard,Fucsovics M.,Klizan M.,38.0,39.0,2.1,1.66,2.0,1.88,2.17,1.9
2019-02-13,New York Open,2nd Round,Hard,Thompson J.,Eubanks C.,60.0,166.0,1.44,2.62,1.49,2.83,1.51,3.1
2019-02-13,New York Open,2nd Round,Hard,Lorenzi P.,Harrison R.,111.0,92.0,3.4,1.3,3.93,1.3,4.0,1.33
2019-02-13,Argentina Open,2nd Round,Clay,Carballes Baena R.,Sonego L.,119.0,109.0,1.8,1.9,2.0,1.91,2.0,2.0
2019-02-13,Argentina Open,2nd Round,Clay,Pella G.,Mayer L.,50.0,51.0,1.83,1.83,1.93,1.98,1.96,2.0
2019-02-13,Argentina Open,2nd Round,Clay,Cecchinato M.,Garin C.,18.0,93.0,1.53,2.37,1.63,2.44,1.69,2.52
2019-02-13,New York Open,1st Round,Hard,Schnur B.,Lin J.M.,154.0,,1.05,11.0,1.07,10.89,1.08,11.5
2019-02-13,New York Open,1st Round,Hard,Albot R.,Karlovic I.,79.0,81.0,2.1,1.66,2.35,1.66,2.35,1.72
2019-02-13,New York Open,1st Round,Hard,Istomin D.,Mcdonald M.,106.0,82.0,2.2,1.61,2.5,1.59,2.5,1.67
2019-02-13,New York Open,1st Round,Hard,Querrey S.,Harris L.,49.0,98.0,1.44,2.62,1.42,3.09,1.47,3.25
2019-02-14,New York Open,2nd Round,Hard,Isner J.,Tomic B.,9.0,87.0,1.4,2.75,1.35,3.54,1.5,3.54
2019-02-14,ABN AMRO World Tennis Tournament,2nd Round,Hard,Fucsovics M.,Basilashvili N.,38.0,20.0,1.83,1.83,1.95,1.95,1.95,2.1
2019-02-14,ABN AMRO World Tennis Tournament,2nd Round,Hard,Nishikori K.,Gulbis E.,7.0,84.0,1.25,3.75,1.28,4.11,1.31,4.26
2019-02-14,ABN AMRO World Tennis Tournament,2nd Round,Hard,Tsonga J.W.,Griekspoor T.,140.0,211.0,1.1,7.0,1.11,7.91,1.14,8.5
2019-02-14,ABN AMRO World Tennis Tournament,2nd Round,Hard,Dzumhur D.,Kukushkin M.,56.0,53.0,2.0,1.72,2.18,1.77,2.2,1.91
2019-02-14,Argentina Open,2nd Round,Clay,Munar J.,Fognini F.,77.0,15.0,2.0,1.72,2.1,1.83,2.26,1.87
2019-02-14,Argentina Open,2nd Round,Clay,Cuevas P.,Sousa J.,78.0,41.0,1.4,2.75,1.55,2.64,1.55,2.86
2019-02-14,Argentina Open,2nd Round,Clay,Ramos-Vinolas A.,Ferrer D.,96.0,149.0,2.1,1.66,2.2,1.75,2.2,1.8
2019-02-14,Argentina Open,2nd Round,Clay,Thiem D.,Marterer M.,8.0,85.0,1.18,4.5,1.23,4.74,1.25,5.6
2019-02-14,ABN AMRO World Tennis Tournament,2nd Round,Hard,Medvedev D.,Verdasco F.,16.0,26.0,1.33,3.25,1.33,3.64,1.37,3.64
2019-02-14,New York Open,2nd Round,Hard,Schnur B.,Johnson S.,154.0,34.0,2.75,1.4,2.6,1.56,2.95,1.59
2019-02-14,New York Open,2nd Round,Hard,Garcia-Lopez G.,Millman J.,102.0,37.0,3.4,1.3,3.43,1.36,3.46,1.4
2019-02-14,New York Open,2nd Round,Hard,Opelka R.,Istomin D.,89.0,106.0,1.72,2.0,1.9,2.01,1.9,2.06
2019-02-14,New York Open,2nd Round,Hard,Querrey S.,Albot R.,49.0,79.0,1.33,3.25,1.33,3.69,1.4,3.69
2019-02-15,New York Open,Quarterfinals,Hard,Querrey S.,Jung J.,49.0,143.0,1.16,5.0,1.16,6.27,1.22,6.31
2019-02-15,ABN AMRO World Tennis Tournament,Quarterfinals,Hard,Wawrinka S.,Shapovalov D.,68.0,25.0,1.8,2.0,1.81,2.15,1.87,2.25
2019-02-15,ABN AMRO World Tennis Tournament,Quarterfinals,Hard,Medvedev D.,Tsonga J.W.,16.0,140.0,1.57,2.37,1.7,2.31,1.74,2.42
2019-02-15,ABN AMRO World Tennis Tournament,Quarterfinals,Hard,Monfils G.,Dzumhur D.,33.0,56.0,1.22,4.33,1.25,4.55,1.25,4.6
2019-02-15,Argentina Open,Quarterfinals,Clay,Thiem D.,Cuevas P.,8.0,78.0,1.3,3.5,1.32,3.8,1.33,3.94
2019-02-15,Argentina Open,Quarterfinals,Clay,Pella G.,Munar J.,50.0,77.0,2.1,1.72,2.01,1.92,2.12,1.92
2019-02-15,Argentina Open,Quarterfinals,Clay,Cecchinato M.,Carballes Baena R.,18.0,119.0,1.53,2.5,1.49,2.87,1.6,2.87
2019-02-15,Argentina Open,2nd Round,Clay,Schwartzman D.,Bedene A.,19.0,57.0,1.4,2.75,1.43,3.06,1.51,3.06
2019-02-15,New York Open,Quarterfinals,Hard,Opelka R.,Garcia-Lopez G.,89.0,102.0,1.53,2.5,1.58,2.6,1.6,2.6
2019-02-15,ABN AMRO World Tennis Tournament,Quarterfinals,Hard,Nishikori K.,Fucsovics M.,7.0,38.0,1.2,4.5,1.24,4.75,1.24,5.05
2019-02-15,New York Open,Quarterfinals,Hard,Schnur B.,Lorenzi P.,154.0,111.0,1.72,2.1,1.8,2.15,1.8,2.23
2019-02-15,New York Open,2nd Round,Hard,Jung J.,Tiafoe F.,143.0,29.0,5.5,1.14,5.68,1.18,5.8,1.19
2019-02-16,ABN AMRO World Tennis Tournament,Semifinals,Hard,Wawrinka S.,Nishikori K.,68.0,7.0,2.5,1.53,2.49,1.62,2.71,1.63
2019-02-16,New York Open,Quarterfinals,Hard,Isner J.,Thompson J.,9.0,60.0,1.33,3.4,1.28,4.14,1.35,4.14
2019-02-16,New York Open,Semifinals,Hard,Schnur B.,Querrey S.,154.0,49.0,4.33,1.22,4.39,1.26,4.7,1.26
2019-02-16,Argentina Open,Quarterfinals,Clay,Schwartzman D.,Ramos-Vinolas A.,19.0,96.0,1.28,3.75,1.25,4.57,1.31,4.57
2019-02-16,Argentina Open,Semifinals,Clay,Cecchinato M.,Pella G.,18.0,50.0,1.5,2.62,1.6,2.53,1.6,2.8
2019-02-16,Argentina Open,Semifinals,Clay,Schwartzman D.,Thiem D.,19.0,8.0,3.0,1.4,2.89,1.49,3.1,1.49
2019-02-16,ABN AMRO World Tennis Tournament,Semifinals,Hard,Monfils G.,Medvedev D.,33.0,16.0,3.0,1.4,3.0,1.46,3.17,1.47
2019-02-17,ABN AMRO World Tennis Tournament,The Final,Hard,Monfils G.,Wawrinka S.,33.0,68.0,2.5,1.53,2.45,1.64,2.5,1.69
2019-02-17,New York Open,The Final,Hard,Opelka R.,Schnur B.,89.0,154.0,1.5,2.62,1.47,2.97,1.5,2.97
2019-02-17,Argentina Open,The Final,Clay,Cecchinato M.,Schwartzman D.,18.0,19.0,2.2,1.66,2.33,1.69,2.37,1.72
2019-02-17,New York Open,Semifinals,Hard,Opelka R.,Isner J.,89.0,9.0,3.0,1.4,3.26,1.4,3.3,1.5
2019-02-18,Open 13,1st Round,Hard,Kukushkin M.,Kudla D.,50.0,61.0,1.5,2.5,1.48,2.85,1.51,2.98
2019-02-18,Open 13,1st Round,Hard,Simon G.,Hoang A.,32.0,139.0,1.33,3.25,1.31,3.74,1.36,3.77
2019-02-18,Open 13,1st Round,Hard,Hurkacz H.,Krajinovic F.,78.0,77.0,2.75,1.4,2.76,1.5,3.19,1.51
2019-02-18,Delray Beach Open,1st Round,Hard,Lacko L.,Watanuki Y.,133.0,181.0,3.0,1.36,3.22,1.39,3.3,1.4
2019-02-18,Delray Beach Open,1st Round,Hard,Istomin D.,Lopez F.,102.0,67.0,1.66,2.1,1.7,2.26,1.8,2.26
2019-02-18,Delray Beach Open,1st Round,Hard,Harris L.,King D.,98.0,162.0,1.57,2.25,1.65,2.37,1.69,2.4
2019-02-19,Rio Open,1st Round,Clay,Garin C.,Marterer M.,91.0,95.0,2.0,1.72,2.04,1.85,2.1,1.91
2019-02-19,Open 13,1st Round,Hard,Gojowczyk P.,Dzumhur D.,60.0,49.0,2.1,1.66,2.1,1.81,2.38,1.83
2019-02-19,Open 13,1st Round,Hard,Stakhovsky S.,Lestienne C.,141.0,168.0,1.83,1.83,1.93,1.96,2.1,1.96
2019-02-19,Open 13,1st Round,Hard,Paire B.,Bolelli S.,59.0,136.0,1.44,2.62,1.47,2.85,1.53,2.94
2019-02-19,Open 13,1st Round,Hard,Verdasco F.,Gerasimov E.,26.0,161.0,1.3,3.4,1.35,3.49,1.36,3.72
2019-02-19,Open 13,1st Round,Hard,Rublev A.,Tsonga J.W.,115.0,112.0,4.0,1.22,4.93,1.21,4.93,1.24
2019-02-19,Open 13,1st Round,Hard,Berrettini M.,Chardy J.,48.0,35.0,2.0,1.72,1.93,1.96,2.06,2.0
2019-02-19,Rio Open,1st Round,Clay,Djere L.,Thiem D.,90.0,8.0,6.0,1.12,6.71,1.14,8.0,1.15
2019-02-19,Rio Open,1st Round,Clay,Londero J.I.,Ymer E.,69.0,117.0,1.36,3.0,1.45,2.93,1.47,3.18
2019-02-19,Rio Open,1st Round,Clay,Sousa J.,Pella G.,40.0,46.0,1.8,1.9,2.01,1.88,2.05,2.0
2019-02-19,Rio Open,1st Round,Clay,Ruud C.,Berlocq C.,135.0,140.0,,,,,1.66,2.9
2019-02-19,Rio Open,1st Round,Clay,Dellien H.,Andreozzi G.,113.0,76.0,2.0,1.72,2.02,1.87,2.2,1.87
2019-02-19,Rio Open,1st Round,Clay,Delbonis F.,Jaziri M.,80.0,44.0,1.25,3.75,1.26,4.3,1.29,4.4
2019-02-19,Rio Open,1st Round,Clay,Ramos-Vinolas A.,Sonego L.,93.0,103.0,1.66,2.1,1.92,1.97,1.95,2.11
2019-02-19,Rio Open,1st Round,Clay,Carballes Baena R.,Jarry N.,114.0,47.0,2.1,1.66,2.16,1.77,2.18,1.83
2019-02-19,Rio Open,1st Round,Clay,Bedene A.,Cecchinato M.,83.0,17.0,2.25,1.57,2.39,1.64,2.45,1.67
2019-02-19,Rio Open,1st Round,Clay,Norrie C.,Lajovic D.,62.0,43.0,2.5,1.5,2.6,1.55,2.6,1.61
2019-02-19,Rio Open,1st Round,Clay,Munar J.,Mayer L.,66.0,55.0,1.83,1.83,1.82,2.08,2.0,2.11
2019-02-19,Delray Beach Open,1st Round,Hard,Mannarino A.,Schnur B.,51.0,107.0,1.33,3.25,1.53,2.65,1.54,3.35
2019-02-19,Rio Open,1st Round,Clay,Auger-Aliassime F.,Fognini F.,104.0,16.0,2.62,1.44,2.74,1.51,2.78,1.61
2019-02-19,Rio Open,1st Round,Clay,Monteiro T.,Sousa P.,126.0,99.0,1.36,3.0,1.38,3.26,1.43,3.26
2019-02-19,Delray Beach Open,1st Round,Hard,Opelka R.,Sandgren T.,56.0,79.0,2.1,1.66,2.44,1.61,2.55,1.72
2019-02-19,Delray Beach Open,1st Round,Hard,Evans D.,Tiafoe F.,148.0,29.0,2.37,1.53,2.52,1.58,2.53,1.63
2019-02-19,Delray Beach Open,1st Round,Hard,Isner J.,Polansky P.,9.0,122.0,1.12,6.0,1.12,7.17,1.14,7.32
2019-02-19,Delray Beach Open,1st Round,Hard,Lorenzi P.,Smyczek T.,105.0,189.0,2.1,1.66,2.3,1.68,2.34,1.83
2019-02-19,Delray Beach Open,1st Round,Hard,Seppi A.,Tomic B.,52.0,85.0,1.53,2.37,1.69,2.28,1.69,2.45
2019-02-19,Delray Beach Open,1st Round,Hard,Johnson S.,Jung J.,34.0,131.0,1.18,4.5,1.28,4.05,1.34,4.8
2019-02-19,Delray Beach Open,1st Round,Hard,Mcdonald M.,Fritz T.,84.0,42.0,2.37,1.53,2.61,1.55,2.65,1.58
2019-02-19,Delray Beach Open,1st Round,Hard,Garcia-Lopez G.,Donaldson J.,101.0,120.0,1.4,2.75,1.47,2.87,1.49,2.95
2019-02-19,Delray Beach Open,1st Round,Hard,Albot R.,Karlovic I.,82.0,88.0,2.0,1.72,2.15,1.78,2.15,1.83
2019-02-19,Delray Beach Open,1st Round,Hard,Kyrgios N.,Millman J.,64.0,37.0,1.72,2.0,1.81,2.09,1.81,2.2
2019-02-19,Delray Beach Open,1st Round,Hard,Thompson J.,Granollers M.,68.0,111.0,1.53,2.37,1.61,2.46,1.63,2.5
2019-02-20,Open 13,2nd Round,Hard,Simon G.,Gojowczyk P.,32.0,60.0,1.5,2.5,1.52,2.74,1.54,2.75
2019-02-20,Rio Open,2nd Round,Clay,Bedene A.,Monteiro T.,83.0,126.0,1.57,2.25,1.61,2.47,1.65,2.5
2019-02-20,Rio Open,1st Round,Clay,Daniel T.,Seyboth Wild T.,73.0,445.0,1.4,2.75,1.52,2.69,1.62,2.75
2019-02-20,Rio Open,1st Round,Clay,Cuevas P.,Schwartzman D.,63.0,19.0,1.72,2.0,1.84,2.06,1.88,2.2
2019-02-20,Open 13,2nd Round,Hard,Tsitsipas S.,Hurkacz H.,12.0,78.0,1.3,3.4,1.35,3.52,1.37,3.63
2019-02-20,Delray Beach Open,1st Round,Hard,Del Potro J.M.,Nishioka Y.,4.0,72.0,1.25,3.75,1.3,3.81,1.38,3.81
2019-02-20,Open 13,1st Round,Hard,Humbert U.,Gulbis E.,75.0,74.0,1.8,1.9,1.98,1.91,2.05,1.96
2019-02-20,Open 13,1st Round,Hard,Barrere G.,Vesely J.,130.0,94.0,1.61,2.2,1.68,2.3,1.72,2.4
2019-02-20,Open 13,1st Round,Hard,Bachinger M.,Darcis S.,143.0,283.0,1.83,1.83,1.9,1.99,2.06,2.05
2019-02-20,Rio Open,2nd Round,Clay,Dellien H.,Carballes Baena R.,113.0,114.0,2.62,1.44,2.59,1.57,2.75,1.57
2019-02-20,Delray Beach Open,2nd Round,Hard,Seppi A.,Thompson J.,52.0,68.0,1.5,2.5,1.65,2.38,1.67,2.61
2019-02-20,Delray Beach Open,2nd Round,Hard,Mannarino A.,Istomin D.,51.0,102.0,1.57,2.25,1.7,2.29,1.77,2.29
2019-02-20,Delray Beach Open,2nd Round,Hard,Evans D.,Harris L.,148.0,98.0,1.61,2.2,1.74,2.23,1.74,2.36
2019-02-20,Delray Beach Open,2nd Round,Hard,Isner J.,Lacko L.,9.0,133.0,1.11,6.5,1.13,7.29,1.14,7.5
2019-02-20,Open 13,2nd Round,Hard,Kukushkin M.,Shapovalov D.,50.0,25.0,3.0,1.36,2.86,1.48,3.0,1.49
2019-02-20,Rio Open,2nd Round,Clay,Munar J.,Norrie C.,66.0,62.0,1.4,2.75,1.48,2.87,1.49,2.96
2019-02-21,Open 13,2nd Round,Hard,Bachinger M.,Verdasco F.,143.0,26.0,3.25,1.33,3.45,1.36,3.5,1.38
2019-02-21,Open 13,2nd Round,Hard,Goffin D.,Paire B.,24.0,59.0,1.44,2.62,1.53,2.69,1.58,2.71
2019-02-21,Open 13,2nd Round,Hard,Humbert U.,Coric B.,75.0,13.0,2.75,1.4,2.86,1.48,2.9,1.5
2019-02-21,Open 13,2nd Round,Hard,Rublev A.,Berrettini M.,115.0,48.0,2.0,1.72,2.12,1.81,2.17,1.83
2019-02-21,Delray Beach Open,2nd Round,Hard,Johnson S.,Lorenzi P.,34.0,105.0,1.33,3.25,1.37,3.39,1.44,3.54
2019-02-21,Delray Beach Open,2nd Round,Hard,Albot R.,Kyrgios N.,82.0,64.0,2.75,1.4,2.65,1.55,2.89,1.55
2019-02-21,Delray Beach Open,2nd Round,Hard,Mcdonald M.,Garcia-Lopez G.,84.0,101.0,1.5,2.5,1.52,2.74,1.63,2.75
2019-02-21,Rio Open,2nd Round,Clay,Auger-Aliassime F.,Garin C.,104.0,91.0,2.0,1.72,2.14,1.79,2.15,1.87
2019-02-21,Rio Open,2nd Round,Clay,Ramos-Vinolas A.,Delbonis F.,93.0,80.0,2.37,1.53,2.62,1.56,2.84,1.63
2019-02-21,Rio Open,2nd Round,Clay,Djere L.,Daniel T.,90.0,73.0,1.5,2.5,1.6,2.51,1.6,2.65
2019-02-21,Rio Open,2nd Round,Clay,Ruud C.,Sousa J.,135.0,40.0,2.25,1.57,2.13,1.8,2.33,1.8
2019-02-21,Rio Open,2nd Round,Clay,Cuevas P.,Londero J.I.,63.0,69.0,1.36,3.0,1.4,3.22,1.4,3.3
2019-02-21,Open 13,2nd Round,Hard,Stakhovsky S.,Barrere G.,141.0,130.0,2.2,1.61,2.33,1.68,2.35,1.69
2019-02-22,Rio Open,Quarterfinals,Clay,Bedene A.,Dellien H.,83.0,113.0,1.36,3.2,1.45,3.03,1.45,3.3
2019-02-22,Rio Open,Quarterfinals,Clay,Djere L.,Ruud C.,90.0,135.0,1.72,2.1,1.78,2.19,1.8,2.25
2019-02-22,Rio Open,Quarterfinals,Clay,Auger-Aliassime F.,Munar J.,104.0,66.0,2.1,1.72,2.27,1.72,2.27,1.83
2019-02-22,Delray Beach Open,Quarterfinals,Hard,Isner J.,Mannarino A.,9.0,51.0,1.22,4.33,1.28,4.22,1.29,4.5
2019-02-22,Open 13,Quarterfinals,Hard,Goffin D.,Simon G.,24.0,32.0,1.61,2.3,1.71,2.29,1.72,2.38
2019-02-22,Open 13,Quarterfinals,Hard,Tsitsipas S.,Stakhovsky S.,12.0,141.0,1.14,5.5,1.18,5.92,1.2,5.92
2019-02-22,Open 13,Quarterfinals,Hard,Humbert U.,Bachinger M.,75.0,143.0,1.44,2.75,1.49,2.88,1.51,2.9
2019-02-22,Open 13,Quarterfinals,Hard,Kukushkin M.,Rublev A.,50.0,115.0,2.1,1.72,2.19,1.78,2.19,1.82
2019-02-22,Delray Beach Open,Quarterfinals,Hard,Albot R.,Johnson S.,82.0,34.0,2.3,1.61,2.38,1.67,2.6,1.73
2019-02-22,Delray Beach Open,Quarterfinals,Hard,Evans D.,Seppi A.,148.0,52.0,2.0,1.8,2.15,1.8,2.15,1.91
2019-02-22,Delray Beach Open,2nd Round,Hard,Del Potro J.M.,Opelka R.,4.0,56.0,1.5,2.5,1.49,2.84,1.57,2.87
2019-02-23,Open 13,Semifinals,Hard,Tsitsipas S.,Goffin D.,12.0,24.0,1.8,2.0,1.94,1.98,1.94,2.1
2019-02-23,Open 13,Semifinals,Hard,Kukushkin M.,Humbert U.,50.0,75.0,2.1,1.72,2.22,1.76,2.22,1.8
2019-02-23,Rio Open,Semifinals,Clay,Auger-Aliassime F.,Cuevas P.,104.0,63.0,2.3,1.61,2.23,1.75,2.45,1.77
2019-02-23,Delray Beach Open,Semifinals,Hard,Evans D.,Isner J.,148.0,9.0,2.75,1.44,3.09,1.44,3.1,1.5
2019-02-23,Delray Beach Open,Quarterfinals,Hard,Mcdonald M.,Del Potro J.M.,84.0,4.0,3.5,1.3,3.62,1.34,3.75,1.37
2019-02-23,Rio Open,Semifinals,Clay,Djere L.,Bedene A.,90.0,83.0,1.72,2.1,1.72,2.28,1.77,2.3
2019-02-23,Rio Open,Quarterfinals,Clay,Cuevas P.,Ramos-Vinolas A.,63.0,93.0,1.3,3.5,1.33,3.77,1.34,3.77
2019-02-24,Open 13,The Final,Hard,Tsitsipas S.,Kukushkin M.,12.0,50.0,1.3,3.5,1.34,3.64,1.34,4.1
2019-02-24,Rio Open,The Final,Clay,Djere L.,Auger-Aliassime F.,90.0,104.0,2.2,1.66,2.23,1.75,2.25,1.85
2019-02-24,Delray Beach Open,Semifinals,Hard,Albot R.,Mcdonald M.,82.0,84.0,2.3,1.61,2.44,1.64,2.5,1.67
2019-02-24,Delray Beach Open,The Final,Hard,Albot R.,Evans D.,82.0,148.0,2.75,1.44,2.76,1.52,3.0,1.52
2019-02-25,Brasil Open,1st Round,Clay,Garin C.,Sousa P.,92.0,101.0,1.25,3.75,1.33,3.59,1.31,4.0
2019-02-25,Dubai Tennis Championships,1st Round,Hard,Fucsovics M.,Dzumhur D.,35.0,50.0,1.44,2.62,1.54,2.62,1.57,2.81
2019-02-25,Dubai Tennis Championships,1st Round,Hard,Verdasco F.,Fabbiano T.,32.0,85.0,1.4,2.75,1.43,3.03,1.45,3.15
2019-02-25,Dubai Tennis Championships,1st Round,Hard,Struff J.L.,Raonic M.,54.0,14.0,4.33,1.2,5.25,1.19,5.55,1.2
2019-02-25,Dubai Tennis Championships,1st Round,Hard,Basilashvili N.,Khachanov K.,19.0,12.0,2.62,1.44,2.76,1.5,2.76,1.56
2019-02-25,Dubai Tennis Championships,1st Round,Hard,Federer R.,Kohlschreiber P.,7.0,31.0,1.1,7.0,1.12,7.19,1.14,7.25
2019-02-25,Dubai Tennis Championships,1st Round,Hard,Bautista Agut R.,Ramanathan R.,18.0,137.0,1.07,9.0,1.07,10.91,1.11,11.0
2019-02-25,Abierto Mexicano,1st Round,Hard,Johnson S.,Lopez Villasenor G.,36.0,552.0,1.12,6.0,1.11,8.05,1.14,9.0
2019-02-25,Brasil Open,1st Round,Clay,Carballes Baena R.,Marterer M.,111.0,97.0,2.1,1.66,2.16,1.76,2.16,1.92
2019-02-25,Brasil Open,1st Round,Clay,Trungelliti M.,Daniel T.,121.0,70.0,2.25,1.57,2.47,1.6,2.56,1.69
2019-02-26,Dubai Tennis Championships,1st Round,Hard,Berdych T.,Ivashka I.,88.0,98.0,1.16,5.0,1.18,5.54,1.18,6.0
2019-02-26,Dubai Tennis Championships,1st Round,Hard,Kudla D.,Berrettini M.,68.0,56.0,3.25,1.33,2.94,1.45,3.3,1.45
2019-02-26,Dubai Tennis Championships,1st Round,Hard,Gerasimov E.,Haase R.,155.0,62.0,2.0,1.72,2.0,1.88,2.06,1.94
2019-02-26,Dubai Tennis Championships,1st Round,Hard,Nishikori K.,Paire B.,6.0,65.0,1.18,4.5,1.2,5.09,1.21,5.35
2019-02-26,Dubai Tennis Championships,1st Round,Hard,Hurkacz H.,Moutet C.,77.0,143.0,1.57,2.25,1.65,2.37,1.67,2.5
2019-02-26,Dubai Tennis Championships,1st Round,Hard,Baghdatis M.,Safwat M.,128.0,218.0,1.14,5.5,1.15,6.17,1.18,6.5
2019-02-26,Dubai Tennis Championships,1st Round,Hard,Tsitsipas S.,Ebden M.,11.0,47.0,1.22,4.0,1.26,4.25,1.38,4.33
2019-02-26,Dubai Tennis Championships,1st Round,Hard,Berankis R.,Medvedev D.,113.0,15.0,5.5,1.14,6.38,1.15,7.0,1.17
2019-02-26,Brasil Open,1st Round,Clay,Seyboth Wild T.,Ymer E.,449.0,117.0,2.37,1.53,2.78,1.49,2.8,1.58
2019-02-26,Brasil Open,1st Round,Clay,Munar J.,Sakamoto P.,61.0,389.0,1.14,5.5,1.11,7.84,1.15,8.0
2019-02-26,Abierto Mexicano,1st Round,Hard,Gojowczyk P.,Gaio F.,87.0,229.0,1.28,3.5,1.25,4.41,1.3,4.41
2019-02-26,Abierto Mexicano,1st Round,Hard,Millman J.,Granollers M.,44.0,115.0,1.33,3.25,1.34,3.56,1.36,3.65
2019-02-26,Abierto Mexicano,1st Round,Hard,Wawrinka S.,Harrison R.,42.0,93.0,1.33,3.25,1.36,3.37,1.4,3.48
2019-02-26,Abierto Mexicano,1st Round,Hard,Tiafoe F.,Thompson J.,34.0,79.0,1.57,2.25,1.71,2.24,1.71,2.55
2019-02-26,Abierto Mexicano,1st Round,Hard,Isner J.,Mannarino A.,9.0,51.0,1.33,3.25,1.36,3.42,1.36,3.9
2019-02-26,Abierto Mexicano,1st Round,Hard,Schwartzman D.,Copil M.,25.0,74.0,1.66,2.1,1.65,2.37,1.73,2.37
2019-02-26,Abierto Mexicano,1st Round,Hard,Norrie C.,Nishioka Y.,64.0,75.0,2.2,1.61,2.15,1.78,2.27,1.8
2019-02-26,Brasil Open,1st Round,Clay,Sonego L.,Delbonis F.,114.0,81.0,2.5,1.5,2.55,1.57,2.55,1.67
2019-02-26,Dubai Tennis Championships,1st Round,Hard,Monfils G.,Cilic M.,23.0,10.0,1.9,1.8,1.86,2.03,2.0,2.05
2019-02-26,Dubai Tennis Championships,1st Round,Hard,Coric B.,Vesely J.,13.0,96.0,1.2,4.33,1.21,4.89,1.24,4.89
2019-02-26,Brasil Open,1st Round,Clay,Ramos-Vinolas A.,Bagnis F.,86.0,146.0,1.53,2.37,1.68,2.32,1.69,2.45
2019-02-26,Brasil Open,1st Round,Clay,Dellien H.,Martinez P.,95.0,170.0,1.72,2.0,1.83,2.06,1.87,2.2
2019-02-26,Brasil Open,1st Round,Clay,Londero J.I.,Lorenzi P.,66.0,106.0,1.5,2.5,1.58,2.52,1.65,2.56
2019-02-27,Dubai Tennis Championships,2nd Round,Hard,Berankis R.,Kudla D.,113.0,68.0,1.53,2.37,1.63,2.44,1.65,2.57
2019-02-27,Brasil Open,1st Round,Clay,Ruud C.,Monteiro T.,108.0,120.0,1.61,2.2,1.76,2.18,1.8,2.27
2019-02-27,Dubai Tennis Championships,2nd Round,Hard,Basilashvili N.,Bautista Agut R.,19.0,18.0,2.75,1.4,3.35,1.38,3.35,1.45
2019-02-27,Brasil Open,1st Round,Clay,Auger-Aliassime F.,Cuevas P.,60.0,59.0,2.62,1.44,2.62,1.54,2.71,1.56
2019-02-27,Brasil Open,2nd Round,Clay,Garin C.,Munar J.,92.0,61.0,2.2,1.61,2.08,1.84,2.27,1.84
2019-02-27,Brasil Open,2nd Round,Clay,Mayer L.,Sonego L.,55.0,114.0,1.66,2.1,1.75,2.21,1.83,2.21
2019-02-27,Dubai Tennis Championships,2nd Round,Hard,Fucsovics M.,Struff J.L.,35.0,54.0,1.53,2.37,1.6,2.5,1.67,2.5
2019-02-27,Dubai Tennis Championships,2nd Round,Hard,Monfils G.,Baghdatis M.,23.0,128.0,1.14,5.5,1.12,7.43,1.19,7.43
2019-02-27,Dubai Tennis Championships,2nd Round,Hard,Federer R.,Verdasco F.,7.0,32.0,1.14,5.5,1.17,5.98,1.21,6.5
2019-02-27,Dubai Tennis Championships,2nd Round,Hard,Coric B.,Berdych T.,13.0,88.0,2.1,1.66,2.0,1.91,2.3,1.91
2019-02-27,Brasil Open,2nd Round,Clay,Pella G.,Carballes Baena R.,48.0,111.0,1.57,2.25,1.72,2.26,1.74,2.33
2019-02-27,Dubai Tennis Championships,2nd Round,Hard,Hurkacz H.,Nishikori K.,77.0,6.0,5.5,1.14,6.35,1.15,6.46,1.2
2019-02-27,Brasil Open,1st Round,Clay,Djere L.,Giannessi A.,37.0,168.0,1.4,2.75,1.45,2.95,1.6,3.0
2019-02-27,Dubai Tennis Championships,2nd Round,Hard,Tsitsipas S.,Gerasimov E.,11.0,155.0,1.2,4.33,1.26,4.34,1.26,4.54
2019-02-27,Abierto Mexicano,1st Round,Hard,Querrey S.,Garcia-Lopez G.,57.0,103.0,1.3,3.4,1.33,3.61,1.35,3.69
2019-02-27,Abierto Mexicano,1st Round,Hard,De Minaur A.,Jarry N.,26.0,67.0,1.25,3.75,1.32,3.66,1.32,4.0
2019-02-27,Abierto Mexicano,1st Round,Hard,Mcdonald M.,Nava E.,71.0,,1.07,9.0,1.06,11.39,1.09,13.0
2019-02-27,Abierto Mexicano,1st Round,Hard,Lopez F.,Lajovic D.,73.0,43.0,2.0,1.72,2.11,1.81,2.11,1.87
2019-02-27,Abierto Mexicano,1st Round,Hard,Ferrer D.,Sandgren T.,145.0,84.0,1.53,2.37,1.6,2.48,1.66,2.55
2019-02-27,Abierto Mexicano,2nd Round,Hard,Millman J.,Gojowczyk P.,44.0,87.0,1.4,2.75,1.46,2.93,1.48,2.95
2019-02-27,Abierto Mexicano,2nd Round,Hard,Isner J.,Querrey S.,9.0,57.0,1.83,1.83,1.96,1.94,2.06,1.95
2019-02-27,Abierto Mexicano,1st Round,Hard,Zverev A.,Popyrin A.,3.0,133.0,1.16,5.0,1.17,5.76,1.18,5.85
2019-02-27,Abierto Mexicano,1st Round,Hard,Kyrgios N.,Seppi A.,72.0,49.0,2.0,1.72,2.18,1.75,2.2,1.91
2019-02-27,Abierto Mexicano,1st Round,Hard,Nadal R.,Zverev M.,2.0,76.0,1.05,11.0,1.06,12.23,1.07,13.0
2019-02-28,Abierto Mexicano,2nd Round,Hard,Wawrinka S.,Johnson S.,42.0,36.0,1.25,3.75,1.3,3.92,1.32,3.92
2019-02-28,Abierto Mexicano,2nd Round,Hard,Norrie C.,Schwartzman D.,64.0,25.0,2.1,1.66,2.06,1.85,2.17,1.87
2019-02-28,Abierto Mexicano,2nd Round,Hard,Kyrgios N.,Nadal R.,72.0,2.0,4.0,1.22,4.33,1.26,4.36,1.3
2019-02-28,Abierto Mexicano,2nd Round,Hard,Mcdonald M.,Tiafoe F.,71.0,34.0,2.25,1.57,2.26,1.72,2.33,1.72
2019-02-28,Dubai Tennis Championships,Quarterfinals,Hard,Coric B.,Basilashvili N.,13.0,19.0,1.8,2.0,1.81,2.14,1.91,2.14
2019-02-28,Dubai Tennis Championships,Quarterfinals,Hard,Federer R.,Fucsovics M.,7.0,35.0,1.16,5.0,1.17,5.96,1.21,5.96
2019-02-28,Dubai Tennis Championships,Quarterfinals,Hard,Tsitsipas S.,Hurkacz H.,11.0,77.0,1.2,4.5,1.3,4.02,1.3,4.75
2019-02-28,Dubai Tennis Championships,Quarterfinals,Hard,Monfils G.,Berankis R.,23.0,113.0,1.16,5.0,1.22,4.92,1.22,5.3
2019-02-28,Abierto Mexicano,2nd Round,Hard,De Minaur A.,Lopez F.,26.0,73.0,1.28,3.5,1.29,3.98,1.32,3.98
2019-02-28,Abierto Mexicano,2nd Round,Hard,Zverev A.,Ferrer D.,3.0,145.0,1.16,5.0,1.2,5.19,1.25,5.75
2019-02-28,Abierto Mexicano,Quarterfinals,Hard,Norrie C.,Mcdonald M.,64.0,71.0,1.66,2.2,1.68,2.35,1.72,2.66
2019-02-28,Brasil Open,2nd Round,Clay,Dellien H.,Londero J.I.,95.0,66.0,2.5,1.5,2.48,1.61,2.56,1.67
2019-02-28,Brasil Open,2nd Round,Clay,Ruud C.,Sousa J.,108.0,38.0,1.8,1.9,1.89,2.01,1.91,2.05
2019-02-28,Brasil Open,2nd Round,Clay,Auger-Aliassime F.,Ramos-Vinolas A.,60.0,86.0,1.61,2.2,1.68,2.33,1.85,2.52
2019-02-28,Brasil Open,2nd Round,Clay,Djere L.,Jaziri M.,37.0,45.0,1.33,3.25,1.36,3.47,1.5,3.5
2019-02-28,Brasil Open,2nd Round,Clay,Trungelliti M.,Seyboth Wild T.,121.0,449.0,1.57,2.25,1.66,2.36,1.69,2.4
2019-03-01,Brasil Open,Quarterfinals,Clay,Djere L.,Auger-Aliassime F.,37.0,60.0,2.2,1.66,2.23,1.75,2.27,1.75
2019-03-01,Brasil Open,Quarterfinals,Clay,Pella G.,Trungelliti M.,48.0,121.0,1.2,4.5,1.21,5.2,1.25,5.2
2019-03-01,Dubai Tennis Championships,Semifinals,Hard,Federer R.,Coric B.,7.0,13.0,1.36,3.2,1.41,3.24,1.41,3.28
2019-03-01,Dubai Tennis Championships,Semifinals,Hard,Tsitsipas S.,Monfils G.,11.0,23.0,2.1,1.72,2.12,1.83,2.15,1.91
2019-03-01,Abierto Mexicano,Quarterfinals,Hard,Zverev A.,De Minaur A.,3.0,26.0,1.33,3.4,1.36,3.53,1.39,3.53
2019-03-01,Abierto Mexicano,Quarterfinals,Hard,Kyrgios N.,Wawrinka S.,72.0,42.0,2.62,1.5,2.64,1.56,2.7,1.58
2019-03-01,Abierto Mexicano,Quarterfinals,Hard,Isner J.,Millman J.,9.0,44.0,1.61,2.3,1.66,2.39,1.69,2.39
2019-03-01,Brasil Open,Quarterfinals,Clay,Garin C.,Mayer L.,92.0,55.0,2.1,1.72,2.03,1.9,2.13,1.92
2019-03-01,Brasil Open,Quarterfinals,Clay,Ruud C.,Dellien H.,108.0,95.0,1.5,2.62,1.54,2.7,1.57,2.75
2019-03-02,Brasil Open,Semifinals,Clay,Garin C.,Ruud C.,92.0,108.0,2.2,1.66,2.17,1.79,2.35,1.79
2019-03-02,Brasil Open,Semifinals,Clay,Pella G.,Djere L.,48.0,37.0,1.5,2.62,1.56,2.65,1.57,2.75
2019-03-02,Abierto Mexicano,Semifinals,Hard,Kyrgios N.,Isner J.,72.0,9.0,1.72,2.1,1.8,2.15,1.87,2.38
2019-03-02,Dubai Tennis Championships,The Final,Hard,Federer R.,Tsitsipas S.,7.0,11.0,1.28,3.75,1.36,3.54,1.36,3.99
2019-03-02,Abierto Mexicano,Semifinals,Hard,Zverev A.,Norrie C.,3.0,64.0,1.16,5.0,1.19,5.69,1.2,5.7
2019-03-03,Brasil Open,The Final,Clay,Pella G.,Garin C.,48.0,92.0,1.5,2.62,1.63,2.46,1.63,2.95
2019-03-03,Abierto Mexicano,The Final,Hard,Kyrgios N.,Zverev A.,72.0,3.0,2.75,1.44,3.0,1.46,3.1,1.53
2019-03-07,BNP Paribas Open,1st Round,Hard,Querrey S.,Berrettini M.,51.0,57.0,1.57,2.25,1.57,2.59,1.7,2.6
2019-03-07,BNP Paribas Open,1st Round,Hard,Nishioka Y.,Kudla D.,74.0,65.0,1.4,2.75,1.48,2.87,1.5,2.93
2019-03-07,BNP Paribas Open,1st Round,Hard,Giron M.,Chardy J.,217.0,37.0,3.0,1.36,3.16,1.41,3.25,1.43
2019-03-07,BNP Paribas Open,1st Round,Hard,Thompson J.,Delbonis F.,77.0,80.0,1.5,2.5,1.6,2.51,1.63,2.55
2019-03-07,BNP Paribas Open,1st Round,Hard,Kohlschreiber P.,Herbert P.H.,39.0,44.0,1.57,2.25,1.74,2.23,1.74,2.35
2019-03-07,BNP Paribas Open,1st Round,Hard,Karlovic I.,Ebden M.,89.0,49.0,1.83,1.83,1.85,2.07,2.0,2.1
2019-03-07,BNP Paribas Open,1st Round,Hard,Klizan M.,Zverev M.,50.0,75.0,1.44,2.62,1.52,2.73,1.53,2.8
2019-03-07,BNP Paribas Open,1st Round,Hard,Andreozzi G.,Ivashka I.,88.0,96.0,3.5,1.28,3.72,1.32,3.72,1.36
2019-03-07,BNP Paribas Open,1st Round,Hard,Auger-Aliassime F.,Norrie C.,58.0,48.0,2.25,1.57,2.3,1.69,2.38,1.71
2019-03-07,BNP Paribas Open,1st Round,Hard,Ramos-Vinolas A.,Dzumhur D.,91.0,54.0,2.0,1.72,2.27,1.71,2.43,1.77
2019-03-08,BNP Paribas Open,1st Round,Hard,Lajovic D.,Daniel T.,45.0,71.0,1.61,2.2,1.65,2.4,1.67,2.5
2019-03-08,BNP Paribas Open,1st Round,Hard,Popyrin A.,Munar J.,131.0,61.0,1.83,1.83,1.95,1.95,1.97,2.15
2019-03-08,BNP Paribas Open,1st Round,Hard,Wawrinka S.,Evans D.,40.0,100.0,1.44,2.62,1.52,2.72,1.54,2.93
2019-03-08,BNP Paribas Open,1st Round,Hard,Struff J.L.,Millman J.,55.0,42.0,2.75,1.4,2.93,1.47,3.18,1.47
2019-03-08,BNP Paribas Open,1st Round,Hard,Johnson S.,Fritz T.,38.0,46.0,1.9,1.8,2.18,1.77,2.22,1.85
2019-03-08,BNP Paribas Open,1st Round,Hard,Krajinovic F.,Kukushkin M.,113.0,43.0,1.5,2.5,1.65,2.4,1.65,2.56
2019-03-08,BNP Paribas Open,1st Round,Hard,Bolt A.,Gulbis E.,125.0,79.0,2.25,1.57,2.38,1.65,2.38,1.74
2019-03-08,BNP Paribas Open,1st Round,Hard,Haase R.,Istomin D.,68.0,101.0,2.1,1.66,2.24,1.73,2.38,1.74
2019-03-08,BNP Paribas Open,1st Round,Hard,Hurkacz H.,Young D.,67.0,206.0,1.44,2.62,1.52,2.72,1.54,2.75
2019-03-08,BNP Paribas Open,1st Round,Hard,Gunneswaran P.,Paire B.,97.0,69.0,2.5,1.5,2.58,1.57,2.6,1.59
2019-03-08,BNP Paribas Open,1st Round,Hard,Albot R.,Copil M.,53.0,76.0,1.4,2.75,1.49,2.85,1.49,3.0
2019-03-08,BNP Paribas Open,1st Round,Hard,Lopez F.,Berdych T.,78.0,81.0,5.0,1.16,5.15,1.2,5.5,1.21
2019-03-08,BNP Paribas Open,1st Round,Hard,Mayer L.,Opelka R.,56.0,59.0,2.37,1.53,2.52,1.6,2.52,1.63
2019-03-08,BNP Paribas Open,1st Round,Hard,Jaziri M.,Klahn B.,60.0,90.0,1.61,2.2,1.74,2.23,1.75,2.32
2019-03-08,BNP Paribas Open,1st Round,Hard,Marterer M.,Humbert U.,99.0,66.0,2.5,1.5,2.7,1.53,2.75,1.56
2019-03-08,BNP Paribas Open,1st Round,Hard,Fratangelo B.,Ymer E.,128.0,117.0,1.66,2.1,1.74,2.22,1.74,2.33
2019-03-08,BNP Paribas Open,1st Round,Hard,Gojowczyk P.,Seppi A.,85.0,47.0,2.5,1.5,2.57,1.57,2.7,1.57
2019-03-09,BNP Paribas Open,2nd Round,Hard,Monfils G.,Mayer L.,19.0,56.0,1.2,4.33,1.25,4.46,1.29,4.46
2019-03-09,BNP Paribas Open,2nd Round,Hard,Karlovic I.,Coric B.,89.0,12.0,3.25,1.33,3.33,1.38,3.4,1.4
2019-03-09,BNP Paribas Open,2nd Round,Hard,Simon G.,Jaziri M.,29.0,60.0,1.28,3.5,1.28,4.07,1.35,4.2
2019-03-09,BNP Paribas Open,2nd Round,Hard,Ramos-Vinolas A.,Cecchinato M.,91.0,16.0,1.8,1.9,1.86,2.05,1.95,2.05
2019-03-09,BNP Paribas Open,2nd Round,Hard,Kohlschreiber P.,Kyrgios N.,39.0,33.0,2.5,1.5,2.56,1.58,2.7,1.59
2019-03-09,BNP Paribas Open,2nd Round,Hard,Raonic M.,Querrey S.,14.0,51.0,1.44,2.62,1.47,2.93,1.51,2.95
2019-03-09,BNP Paribas Open,2nd Round,Hard,Auger-Aliassime F.,Tsitsipas S.,58.0,10.0,3.0,1.36,3.15,1.41,3.25,1.43
2019-03-09,BNP Paribas Open,2nd Round,Hard,Struff J.L.,Berankis R.,55.0,95.0,1.53,2.37,1.6,2.51,1.63,2.63
2019-03-09,BNP Paribas Open,2nd Round,Hard,Djere L.,Andreozzi G.,32.0,88.0,1.5,2.5,1.52,2.73,1.57,2.75
2019-03-09,BNP Paribas Open,2nd Round,Hard,Giron M.,De Minaur A.,217.0,24.0,4.0,1.22,4.29,1.26,4.6,1.27
2019-03-09,BNP Paribas Open,1st Round,Hard,Jarry N.,Tiafoe F.,86.0,35.0,3.0,1.36,3.11,1.42,3.11,1.44
2019-03-09,BNP Paribas Open,1st Round,Hard,Carballes Baena R.,Harrison R.,111.0,104.0,3.5,1.28,3.72,1.32,3.8,1.33
2019-03-09,BNP Paribas Open,1st Round,Hard,Mcdonald M.,Sousa J.,62.0,41.0,1.72,2.0,1.77,2.18,1.8,2.2
2019-03-09,BNP Paribas Open,1st Round,Hard,Mannarino A.,Sandgren T.,52.0,84.0,1.72,2.0,1.87,2.04,1.87,2.06
2019-03-09,BNP Paribas Open,2nd Round,Hard,Kecmanovic M.,Marterer M.,130.0,99.0,2.1,1.66,2.13,1.8,2.35,1.8
2019-03-09,BNP Paribas Open,1st Round,Hard,Donaldson J.,Ito T.,192.0,148.0,1.72,2.0,1.78,2.16,1.8,2.22
2019-03-10,BNP Paribas Open,2nd Round,Hard,Isner J.,Popyrin A.,9.0,131.0,1.2,4.33,1.23,4.76,1.24,4.85
2019-03-10,BNP Paribas Open,2nd Round,Hard,Shapovalov D.,Johnson S.,25.0,38.0,1.72,2.0,1.7,2.28,1.78,2.28
2019-03-10,BNP Paribas Open,2nd Round,Hard,Albot R.,Fognini F.,53.0,17.0,1.83,1.83,1.93,1.98,2.0,2.24
2019-03-10,BNP Paribas Open,2nd Round,Hard,Pella G.,Bolt A.,34.0,125.0,1.4,2.75,1.49,2.85,1.57,3.0
2019-03-10,BNP Paribas Open,2nd Round,Hard,Cilic M.,Lajovic D.,11.0,45.0,1.18,4.5,1.19,5.51,1.2,5.51
2019-03-10,BNP Paribas Open,2nd Round,Hard,Schwartzman D.,Carballes Baena R.,26.0,111.0,1.3,3.4,1.32,3.77,1.38,3.8
2019-03-10,BNP Paribas Open,2nd Round,Hard,Medvedev D.,Mcdonald M.,15.0,62.0,1.25,3.75,1.25,4.43,1.29,4.43
2019-03-10,BNP Paribas Open,2nd Round,Hard,Rublev A.,Haase R.,102.0,68.0,1.57,2.25,1.64,2.41,1.69,2.41
2019-03-10,BNP Paribas Open,2nd Round,Hard,Federer R.,Gojowczyk P.,4.0,85.0,1.05,11.0,1.05,13.39,1.07,13.39
2019-03-10,BNP Paribas Open,2nd Round,Hard,Krajinovic F.,Goffin D.,113.0,21.0,2.62,1.44,2.64,1.55,2.65,1.61
2019-03-10,BNP Paribas Open,2nd Round,Hard,Edmund K.,Jarry N.,23.0,86.0,1.3,3.4,1.33,3.66,1.35,3.7
2019-03-10,BNP Paribas Open,2nd Round,Hard,Thiem D.,Thompson J.,8.0,77.0,1.33,3.25,1.3,3.92,1.42,3.92
2019-03-10,BNP Paribas Open,2nd Round,Hard,Nishioka Y.,Bautista Agut R.,74.0,22.0,3.75,1.25,3.73,1.32,3.99,1.32
2019-03-10,BNP Paribas Open,2nd Round,Hard,Djokovic N.,Fratangelo B.,1.0,128.0,1.02,17.0,1.02,25.14,1.04,26.25
2019-03-10,BNP Paribas Open,2nd Round,Hard,Zverev A.,Klizan M.,3.0,50.0,1.14,5.5,1.14,6.93,1.17,7.72
2019-03-10,BNP Paribas Open,2nd Round,Hard,Gunneswaran P.,Basilashvili N.,97.0,18.0,3.5,1.28,3.77,1.32,3.8,1.33
2019-03-10,BNP Paribas Open,2nd Round,Hard,Nishikori K.,Mannarino A.,7.0,52.0,1.18,4.5,1.21,5.09,1.23,5.09
2019-03-11,BNP Paribas Open,3rd Round,Hard,Nishioka Y.,Auger-Aliassime F.,74.0,58.0,2.3,1.61,2.29,1.72,2.39,1.74
2019-03-11,BNP Paribas Open,3rd Round,Hard,Thiem D.,Simon G.,8.0,29.0,1.4,3.0,1.45,3.03,1.45,3.16
2019-03-11,BNP Paribas Open,3rd Round,Hard,Monfils G.,Ramos-Vinolas A.,19.0,91.0,1.12,6.0,1.14,6.85,1.15,6.98
2019-03-11,BNP Paribas Open,3rd Round,Hard,Kecmanovic M.,Djere L.,130.0,32.0,1.8,2.0,1.71,2.29,1.85,2.29
2019-03-11,BNP Paribas Open,3rd Round,Hard,Struff J.L.,Zverev A.,55.0,3.0,5.0,1.16,5.39,1.2,5.5,1.22
2019-03-11,BNP Paribas Open,2nd Round,Hard,Hurkacz H.,Pouille L.,67.0,30.0,1.9,1.8,1.99,1.92,2.06,1.93
2019-03-11,BNP Paribas Open,3rd Round,Hard,Raonic M.,Giron M.,14.0,217.0,1.14,5.5,1.14,6.95,1.16,7.45
2019-03-11,BNP Paribas Open,2nd Round,Hard,Nadal R.,Donaldson J.,2.0,192.0,1.04,13.0,1.03,17.61,1.06,17.61
2019-03-11,BNP Paribas Open,2nd Round,Hard,Wawrinka S.,Fucsovics M.,40.0,31.0,1.4,2.75,1.42,3.14,1.47,3.15
2019-03-11,BNP Paribas Open,2nd Round,Hard,Khachanov K.,Lopez F.,13.0,78.0,1.3,3.4,1.35,3.54,1.38,3.54
2019-03-11,BNP Paribas Open,3rd Round,Hard,Karlovic I.,Gunneswaran P.,89.0,97.0,1.66,2.2,1.64,2.44,1.72,2.45
2019-03-12,BNP Paribas Open,3rd Round,Hard,Kohlschreiber P.,Djokovic N.,39.0,1.0,9.0,1.07,11.27,1.07,12.0,1.08
2019-03-12,BNP Paribas Open,3rd Round,Hard,Edmund K.,Albot R.,23.0,53.0,1.3,3.5,1.39,3.35,1.39,3.65
2019-03-12,BNP Paribas Open,3rd Round,Hard,Khachanov K.,Rublev A.,13.0,102.0,1.53,2.5,1.61,2.5,1.61,2.65
2019-03-12,BNP Paribas Open,3rd Round,Hard,Isner J.,Pella G.,9.0,34.0,1.22,4.33,1.27,4.33,1.27,4.5
2019-03-12,BNP Paribas Open,3rd Round,Hard,Hurkacz H.,Nishikori K.,67.0,7.0,3.2,1.36,3.78,1.32,3.78,1.36
2019-03-12,BNP Paribas Open,3rd Round,Hard,Shapovalov D.,Cilic M.,25.0,11.0,2.5,1.53,2.5,1.61,2.82,1.65
2019-03-12,BNP Paribas Open,3rd Round,Hard,Nadal R.,Schwartzman D.,2.0,26.0,1.08,8.0,1.09,10.04,1.1,10.04
2019-03-12,BNP Paribas Open,3rd Round,Hard,Krajinovic F.,Medvedev D.,113.0,15.0,3.5,1.3,3.39,1.38,3.56,1.38
2019-03-13,BNP Paribas Open,3rd Round,Hard,Federer R.,Wawrinka S.,4.0,40.0,1.28,3.75,1.27,4.27,1.3,4.27
2019-03-13,BNP Paribas Open,4th Round,Hard,Nadal R.,Krajinovic F.,2.0,113.0,1.07,9.0,1.09,9.55,1.1,11.0
2019-03-13,BNP Paribas Open,4th Round,Hard,Kecmanovic M.,Nishioka Y.,130.0,74.0,2.37,1.57,2.34,1.69,2.45,1.69
2019-03-13,BNP Paribas Open,4th Round,Hard,Hurkacz H.,Shapovalov D.,67.0,25.0,3.0,1.4,3.23,1.41,3.23,1.45
2019-03-13,BNP Paribas Open,4th Round,Hard,Raonic M.,Struff J.L.,14.0,55.0,1.36,3.2,1.4,3.27,1.4,3.3
2019-03-13,BNP Paribas Open,4th Round,Hard,Federer R.,Edmund K.,4.0,23.0,1.2,4.5,1.24,4.76,1.24,4.84
2019-03-13,BNP Paribas Open,4th Round,Hard,Khachanov K.,Isner J.,13.0,9.0,2.3,1.61,2.25,1.74,2.45,1.74
2019-03-14,BNP Paribas Open,4th Round,Hard,Thiem D.,Karlovic I.,8.0,89.0,1.3,3.5,1.35,3.56,1.35,3.65
2019-03-14,BNP Paribas Open,4th Round,Hard,Monfils G.,Kohlschreiber P.,19.0,39.0,1.44,2.75,1.41,3.19,1.47,3.19
2019-03-14,BNP Paribas Open,Quarterfinals,Hard,Raonic M.,Kecmanovic M.,14.0,130.0,1.16,5.0,1.18,5.77,1.2,5.77
2019-03-15,BNP Paribas Open,Quarterfinals,Hard,Thiem D.,Monfils G.,8.0,19.0,2.3,1.61,2.28,1.72,2.38,1.75
2019-03-15,BNP Paribas Open,Quarterfinals,Hard,Federer R.,Hurkacz H.,4.0,67.0,1.08,8.0,1.11,8.36,1.11,9.0
2019-03-15,BNP Paribas Open,Quarterfinals,Hard,Nadal R.,Khachanov K.,2.0,13.0,1.16,5.0,1.16,6.32,1.2,6.32
2019-03-16,BNP Paribas Open,Semifinals,Hard,Federer R.,Nadal R.,4.0,2.0,1.44,2.75,1.47,2.94,1.5,3.0
2019-03-16,BNP Paribas Open,Semifinals,Hard,Thiem D.,Raonic M.,8.0,14.0,2.37,1.57,2.45,1.64,2.45,1.65
2019-03-17,BNP Paribas Open,The Final,Hard,Thiem D.,Federer R.,8.0,4.0,4.0,1.25,4.37,1.26,4.4,1.3
2019-03-20,Sony Ericsson Open,1st Round,Hard,Delbonis F.,Gojowczyk P.,83.0,87.0,2.0,1.72,2.3,1.69,2.38,1.77
2019-03-20,Sony Ericsson Open,1st Round,Hard,Carballes Baena R.,Kudla D.,113.0,71.0,2.37,1.53,2.34,1.68,2.4,1.69
2019-03-20,Sony Ericsson Open,1st Round,Hard,Andreozzi G.,Kukushkin M.,80.0,43.0,4.33,1.2,4.47,1.25,4.55,1.26
2019-03-20,Sony Ericsson Open,1st Round,Hard,Tipsarevic J.,Klahn B.,453.0,93.0,2.25,1.57,2.21,1.75,2.27,1.81
2019-03-20,Sony Ericsson Open,1st Round,Hard,Zverev M.,Kuhn N.,75.0,255.0,2.1,1.66,2.08,1.84,2.12,1.87
2019-03-20,Sony Ericsson Open,1st Round,Hard,Hurkacz H.,Berrettini M.,54.0,52.0,1.83,1.83,2.14,1.79,2.15,1.92
2019-03-21,Sony Ericsson Open,1st Round,Hard,Albot R.,Ebden M.,46.0,50.0,1.33,3.25,1.32,3.77,1.36,4.97
2019-03-21,Sony Ericsson Open,1st Round,Hard,Tomic B.,Monteiro T.,81.0,117.0,1.66,2.1,1.9,2.01,1.9,2.21
2019-03-21,Sony Ericsson Open,1st Round,Hard,Rublev A.,Daniel T.,99.0,72.0,1.25,3.75,1.27,4.17,1.29,4.25
2019-03-21,Sony Ericsson Open,1st Round,Hard,Lopez F.,Paire B.,94.0,67.0,1.9,1.8,2.1,1.83,2.2,2.05
2019-03-21,Sony Ericsson Open,1st Round,Hard,Opelka R.,Struff J.L.,58.0,45.0,2.0,1.72,2.15,1.79,2.15,1.91
2019-03-21,Sony Ericsson Open,1st Round,Hard,Sousa J.,Tseng C.H.,41.0,426.0,1.25,3.75,1.25,4.4,1.29,4.45
2019-03-21,Sony Ericsson Open,1st Round,Hard,Krajinovic F.,Herbert P.H.,103.0,49.0,1.4,2.75,1.53,2.68,1.54,2.95
2019-03-21,Sony Ericsson Open,1st Round,Hard,Evans D.,Jaziri M.,97.0,59.0,1.4,2.75,1.46,2.94,1.49,3.05
2019-03-21,Sony Ericsson Open,1st Round,Hard,Munar J.,Gunneswaran P.,61.0,84.0,1.8,1.9,1.95,1.95,2.0,2.0
2019-03-21,Sony Ericsson Open,1st Round,Hard,Marterer M.,Fritz T.,101.0,56.0,2.5,1.5,2.51,1.6,2.6,1.6
2019-03-21,Sony Ericsson Open,1st Round,Hard,Ramos-Vinolas A.,Copil M.,86.0,73.0,1.61,2.2,1.71,2.27,1.74,2.3
2019-03-21,Sony Ericsson Open,1st Round,Hard,Auger-Aliassime F.,Ruud C.,57.0,98.0,1.44,2.62,1.56,2.61,1.56,2.8
2019-03-21,Sony Ericsson Open,1st Round,Hard,Mayer L.,Ymer M.,62.0,198.0,1.5,2.5,1.51,2.75,1.54,2.75
2019-03-21,Sony Ericsson Open,1st Round,Hard,Thompson J.,Norrie C.,77.0,51.0,2.62,1.44,2.66,1.54,2.72,1.54
2019-03-21,Sony Ericsson Open,1st Round,Hard,Bublik A.,Sandgren T.,131.0,91.0,1.66,2.1,1.8,2.13,1.88,2.26
2019-03-21,Sony Ericsson Open,1st Round,Hard,Lajovic D.,Cuevas P.,44.0,85.0,2.75,1.4,3.05,1.43,3.15,1.49
2019-03-21,Sony Ericsson Open,1st Round,Hard,Haase R.,Lacko L.,65.0,130.0,1.44,2.62,1.53,2.71,1.54,2.75
2019-03-21,Sony Ericsson Open,1st Round,Hard,Chardy J.,Jarry N.,40.0,79.0,1.53,2.37,1.61,2.45,1.65,2.45
2019-03-21,Sony Ericsson Open,1st Round,Hard,Dzumhur D.,Eubanks C.,53.0,150.0,1.72,2.0,1.76,2.19,1.85,2.2
2019-03-21,Sony Ericsson Open,1st Round,Hard,Ivashka I.,Fabbiano T.,110.0,90.0,2.0,1.72,2.01,1.9,2.08,1.91
2019-03-21,Sony Ericsson Open,1st Round,Hard,Sonego L.,Klizan M.,106.0,48.0,1.44,2.62,1.56,2.6,1.67,2.65
2019-03-22,Sony Ericsson Open,2nd Round,Hard,Delbonis F.,Millman J.,83.0,39.0,2.25,1.57,2.66,1.54,2.66,1.62
2019-03-22,Sony Ericsson Open,2nd Round,Hard,Fognini F.,Andreozzi G.,17.0,80.0,1.44,2.62,1.47,2.9,1.55,2.91
2019-03-22,Sony Ericsson Open,2nd Round,Hard,Hurkacz H.,Thiem D.,54.0,4.0,3.0,1.36,3.29,1.39,3.4,1.41
2019-03-22,Sony Ericsson Open,2nd Round,Hard,Bautista Agut R.,Tipsarevic J.,25.0,453.0,1.18,4.5,1.19,5.36,1.24,5.36
2019-03-22,Sony Ericsson Open,2nd Round,Hard,Haase R.,Harris L.,65.0,96.0,1.53,2.37,1.61,2.44,1.65,2.55
2019-03-22,Sony Ericsson Open,2nd Round,Hard,Ramos-Vinolas A.,Pouille L.,86.0,30.0,2.37,1.53,2.45,1.62,2.5,1.63
2019-03-22,Sony Ericsson Open,2nd Round,Hard,Kyrgios N.,Bublik A.,33.0,131.0,1.28,3.5,1.29,4.05,1.35,4.1
2019-03-22,Sony Ericsson Open,2nd Round,Hard,Auger-Aliassime F.,Fucsovics M.,57.0,36.0,1.9,1.8,2.15,1.79,2.22,1.87
2019-03-22,Sony Ericsson Open,2nd Round,Hard,Isner J.,Sonego L.,9.0,106.0,1.25,3.75,1.29,4.05,1.29,4.2
2019-03-22,Sony Ericsson Open,2nd Round,Hard,Raonic M.,Marterer M.,14.0,101.0,1.16,5.0,1.2,5.14,1.21,5.25
2019-03-22,Sony Ericsson Open,2nd Round,Hard,Coric B.,Carballes Baena R.,13.0,113.0,1.2,4.33,1.23,4.71,1.24,4.8
2019-03-22,Sony Ericsson Open,1st Round,Hard,Andujar P.,Karlovic I.,88.0,76.0,3.75,1.25,3.96,1.3,4.0,1.31
2019-03-22,Sony Ericsson Open,2nd Round,Hard,Lajovic D.,Nishikori K.,44.0,6.0,4.5,1.18,6.23,1.16,6.23,1.2
2019-03-22,Sony Ericsson Open,2nd Round,Hard,Chardy J.,Simon G.,40.0,27.0,2.2,1.61,2.24,1.74,2.27,1.75
2019-03-22,Sony Ericsson Open,2nd Round,Hard,Edmund K.,Ivashka I.,22.0,110.0,1.18,4.5,1.19,5.35,1.23,5.35
2019-03-22,Sony Ericsson Open,1st Round,Hard,Ferrer D.,Querrey S.,155.0,68.0,2.1,1.66,2.35,1.67,2.47,1.67
2019-03-22,Sony Ericsson Open,1st Round,Hard,Mcdonald M.,Humbert U.,60.0,63.0,1.72,2.0,1.85,2.06,2.0,2.2
2019-03-22,Sony Ericsson Open,1st Round,Hard,Kecmanovic M.,Gulbis E.,95.0,78.0,1.5,2.5,1.57,2.57,1.59,2.6
2019-03-22,Sony Ericsson Open,1st Round,Hard,Mannarino A.,Bedene A.,55.0,69.0,1.4,2.75,1.52,2.74,1.52,3.0
2019-03-22,Sony Ericsson Open,2nd Round,Hard,Basilashvili N.,Zverev M.,19.0,75.0,1.25,3.75,1.29,4.03,1.32,4.03
2019-03-23,Sony Ericsson Open,2nd Round,Hard,Dimitrov G.,Lopez F.,29.0,94.0,1.5,2.5,1.48,2.87,1.6,2.87
2019-03-23,Sony Ericsson Open,2nd Round,Hard,Rublev A.,Cilic M.,99.0,11.0,2.5,1.5,2.54,1.58,2.63,1.61
2019-03-23,Sony Ericsson Open,2nd Round,Hard,Opelka R.,Schwartzman D.,58.0,24.0,2.1,1.66,2.09,1.83,2.31,1.86
2019-03-23,Sony Ericsson Open,2nd Round,Hard,Anderson K.,Munar J.,7.0,61.0,1.5,2.5,1.53,2.71,1.65,2.71
2019-03-23,Sony Ericsson Open,2nd Round,Hard,Tsitsipas S.,Mcdonald M.,10.0,60.0,1.25,3.75,1.28,4.07,1.3,4.22
2019-03-23,Sony Ericsson Open,2nd Round,Hard,Tiafoe F.,Kecmanovic M.,34.0,95.0,1.8,1.9,1.93,1.98,1.98,2.05
2019-03-23,Sony Ericsson Open,2nd Round,Hard,Federer R.,Albot R.,5.0,46.0,1.1,7.0,1.13,7.38,1.14,7.5
2019-03-23,Sony Ericsson Open,2nd Round,Hard,Goffin D.,Andujar P.,20.0,88.0,1.12,6.0,1.16,6.04,1.16,7.0
2019-03-23,Sony Ericsson Open,2nd Round,Hard,Thompson J.,Khachanov K.,77.0,12.0,4.33,1.2,4.6,1.24,4.75,1.25
2019-03-23,Sony Ericsson Open,2nd Round,Hard,Cecchinato M.,Dzumhur D.,16.0,53.0,1.66,2.1,1.74,2.23,1.8,2.3
2019-03-23,Sony Ericsson Open,2nd Round,Hard,Krajinovic F.,Wawrinka S.,103.0,37.0,2.25,1.57,2.27,1.71,2.38,1.71
2019-03-23,Sony Ericsson Open,2nd Round,Hard,Sousa J.,Johnson S.,41.0,38.0,2.37,1.53,2.4,1.65,2.56,1.67
2019-03-23,Sony Ericsson Open,2nd Round,Hard,Shapovalov D.,Evans D.,23.0,97.0,1.5,2.5,1.55,2.63,1.6,2.65
2019-03-23,Sony Ericsson Open,2nd Round,Hard,Mayer L.,Pella G.,62.0,32.0,2.0,1.72,2.13,1.81,2.31,1.87
2019-03-23,Sony Ericsson Open,2nd Round,Hard,Djokovic N.,Tomic B.,1.0,81.0,1.04,13.0,1.03,17.95,1.05,20.51
2019-03-23,Sony Ericsson Open,2nd Round,Hard,Medvedev D.,Mannarino A.,15.0,55.0,1.3,3.4,1.34,3.56,1.34,3.65
2019-03-24,Sony Ericsson Open,3rd Round,Hard,Djokovic N.,Delbonis F.,1.0,83.0,1.04,13.0,1.03,19.02,1.04,19.5
2019-03-24,Sony Ericsson Open,3rd Round,Hard,Auger-Aliassime F.,Hurkacz H.,57.0,54.0,2.1,1.72,2.17,1.79,2.25,1.8
2019-03-24,Sony Ericsson Open,3rd Round,Hard,Basilashvili N.,Haase R.,19.0,65.0,1.44,2.75,1.55,2.67,1.56,2.75
2019-03-24,Sony Ericsson Open,3rd Round,Hard,Isner J.,Ramos-Vinolas A.,9.0,86.0,1.2,4.5,1.21,5.12,1.24,5.15
2019-03-24,Sony Ericsson Open,3rd Round,Hard,Bautista Agut R.,Fognini F.,25.0,17.0,1.44,2.75,1.4,3.26,1.5,3.3
2019-03-24,Sony Ericsson Open,2nd Round,Hard,Ferrer D.,Zverev A.,155.0,3.0,4.0,1.22,4.32,1.26,4.35,1.28
2019-03-24,Sony Ericsson Open,3rd Round,Hard,Edmund K.,Raonic M.,22.0,14.0,2.37,1.57,2.49,1.62,2.54,1.69
2019-03-25,Sony Ericsson Open,3rd Round,Hard,Tiafoe F.,Ferrer D.,34.0,155.0,2.0,1.8,1.93,2.0,2.2,2.0
2019-03-25,Sony Ericsson Open,3rd Round,Hard,Goffin D.,Cecchinato M.,20.0,16.0,1.25,4.0,1.28,4.16,1.34,4.2
2019-03-25,Sony Ericsson Open,3rd Round,Hard,Shapovalov D.,Rublev A.,23.0,99.0,1.66,2.2,1.69,2.32,1.74,2.32
2019-03-25,Sony Ericsson Open,3rd Round,Hard,Medvedev D.,Opelka R.,15.0,58.0,1.28,3.75,1.32,3.82,1.33,4.0
2019-03-25,Sony Ericsson Open,3rd Round,Hard,Thompson J.,Dimitrov G.,77.0,29.0,3.0,1.4,3.09,1.44,3.19,1.44
2019-03-25,Sony Ericsson Open,3rd Round,Hard,Anderson K.,Sousa J.,7.0,41.0,1.53,2.5,1.55,2.67,1.57,2.69
2019-03-25,Sony Ericsson Open,3rd Round,Hard,Kyrgios N.,Lajovic D.,33.0,44.0,1.3,3.5,1.33,3.71,1.34,3.75
2019-03-25,Sony Ericsson Open,3rd Round,Hard,Coric B.,Chardy J.,13.0,40.0,1.5,2.62,1.52,2.78,1.57,2.8
2019-03-25,Sony Ericsson Open,3rd Round,Hard,Federer R.,Krajinovic F.,5.0,103.0,1.16,5.0,1.21,5.26,1.22,5.26
2019-03-26,Sony Ericsson Open,3rd Round,Hard,Tsitsipas S.,Mayer L.,10.0,62.0,1.25,4.0,1.29,4.07,1.3,4.1
2019-03-26,Sony Ericsson Open,4th Round,Hard,Auger-Aliassime F.,Basilashvili N.,57.0,19.0,1.8,2.0,1.87,2.07,1.87,2.15
2019-03-26,Sony Ericsson Open,4th Round,Hard,Isner J.,Edmund K.,9.0,22.0,1.9,1.9,1.88,2.04,1.94,2.05
2019-03-26,Sony Ericsson Open,4th Round,Hard,Coric B.,Kyrgios N.,13.0,33.0,2.37,1.57,2.36,1.68,2.41,1.68
2019-03-26,Sony Ericsson Open,4th Round,Hard,Bautista Agut R.,Djokovic N.,25.0,1.0,4.5,1.2,5.4,1.2,5.4,1.22
2019-03-26,Sony Ericsson Open,4th Round,Hard,Anderson K.,Thompson J.,7.0,77.0,1.4,3.0,1.48,2.91,1.48,3.05
2019-03-27,Sony Ericsson Open,4th Round,Hard,Federer R.,Medvedev D.,5.0,15.0,1.3,3.5,1.35,3.6,1.35,3.82
2019-03-27,Sony Ericsson Open,4th Round,Hard,Tiafoe F.,Goffin D.,34.0,20.0,2.5,1.53,2.75,1.52,2.75,1.55
2019-03-27,Sony Ericsson Open,4th Round,Hard,Shapovalov D.,Tsitsipas S.,23.0,10.0,2.2,1.66,2.28,1.72,2.28,1.74
2019-03-27,Sony Ericsson Open,Quarterfinals,Hard,Isner J.,Bautista Agut R.,9.0,25.0,1.8,2.0,1.81,2.14,1.91,2.14
2019-03-28,Sony Ericsson Open,Quarterfinals,Hard,Shapovalov D.,Tiafoe F.,23.0,34.0,1.53,2.5,1.61,2.52,1.62,2.6
2019-03-28,Sony Ericsson Open,Quarterfinals,Hard,Auger-Aliassime F.,Coric B.,57.0,13.0,2.2,1.66,2.32,1.7,2.32,1.75
2019-03-29,Sony Ericsson Open,Semifinals,Hard,Federer R.,Shapovalov D.,5.0,23.0,1.2,4.5,1.22,4.96,1.23,5.0
2019-03-29,Sony Ericsson Open,Quarterfinals,Hard,Federer R.,Anderson K.,5.0,7.0,1.16,5.0,1.21,5.19,1.21,5.25
2019-03-29,Sony Ericsson Open,Semifinals,Hard,Isner J.,Auger-Aliassime F.,9.0,57.0,1.44,2.75,1.54,2.71,1.56,2.79
2019-03-31,Sony Ericsson Open,The Final,Hard,Federer R.,Isner J.,5.0,9.0,1.22,4.33,1.3,4.01,1.3,4.5
2019-04-08,Grand Prix Hassan II,1st Round,Clay,Edmund K.,Humbert U.,22.0,63.0,1.2,4.33,1.21,4.9,1.22,5.05
2019-04-08,Grand Prix Hassan II,1st Round,Clay,Daniel T.,Zverev M.,75.0,72.0,1.5,2.5,1.47,2.87,1.5,2.87
2019-04-08,Grand Prix Hassan II,1st Round,Clay,Tsonga J.W.,Stebe C.M.,116.0,,1.08,8.0,1.11,7.68,1.13,8.0
2019-04-08,Grand Prix Hassan II,1st Round,Clay,Andreozzi G.,Ramos-Vinolas A.,90.0,84.0,2.37,1.53,2.47,1.6,2.7,1.63
2019-04-08,Grand Prix Hassan II,1st Round,Clay,Simon G.,Kovalik J.,27.0,120.0,1.36,3.0,1.41,3.1,1.42,3.38
2019-04-08,U.S. Men's Clay Court Championships,1st Round,Clay,Garin C.,Cuevas P.,73.0,83.0,2.25,1.57,2.45,1.61,2.45,1.65
2019-04-08,U.S. Men's Clay Court Championships,1st Round,Clay,Ruud C.,Dellien H.,95.0,76.0,1.36,3.0,1.5,2.77,1.53,3.0
2019-04-08,U.S. Men's Clay Court Championships,1st Round,Clay,Harrison R.,Karlovic I.,107.0,77.0,2.25,1.57,2.35,1.66,2.35,1.72
2019-04-09,Grand Prix Hassan II,1st Round,Clay,Vesely J.,Fognini F.,101.0,18.0,2.25,1.57,2.32,1.67,2.46,1.67
2019-04-09,Grand Prix Hassan II,1st Round,Clay,Haase R.,Jaziri M.,62.0,65.0,1.4,2.75,1.48,2.84,1.52,2.9
2019-04-09,Grand Prix Hassan II,1st Round,Clay,Zverev A.,Istomin D.,3.0,104.0,1.12,6.0,1.11,7.79,1.14,9.5
2019-04-09,Grand Prix Hassan II,1st Round,Clay,Kohlschreiber P.,Davidovich Fokina A.,41.0,172.0,1.44,2.62,1.57,2.55,1.59,2.71
2019-04-09,Grand Prix Hassan II,1st Round,Clay,Munar J.,Bagnis F.,60.0,142.0,1.36,3.0,1.36,3.4,1.4,3.65
2019-04-09,Grand Prix Hassan II,1st Round,Clay,Londero J.I.,Berlocq C.,66.0,177.0,1.5,2.5,1.54,2.62,1.57,2.66
2019-04-09,Grand Prix Hassan II,1st Round,Clay,Menendez-Maceiras A.,Verdasco F.,139.0,38.0,4.5,1.18,4.74,1.22,5.3,1.22
2019-04-09,Grand Prix Hassan II,1st Round,Clay,Paire B.,Bedene A.,69.0,68.0,2.0,1.72,2.16,1.76,2.2,1.85
2019-04-09,Grand Prix Hassan II,1st Round,Clay,Andujar P.,Delbonis F.,70.0,74.0,2.37,1.53,2.34,1.66,2.45,1.66
2019-04-09,Grand Prix Hassan II,1st Round,Clay,Sonego L.,Djere L.,103.0,32.0,2.2,1.61,2.13,1.79,2.31,1.79
2019-04-09,Grand Prix Hassan II,1st Round,Clay,Herbert P.H.,Fabbiano T.,50.0,94.0,1.53,2.37,1.63,2.42,1.67,2.45
2019-04-09,U.S. Men's Clay Court Championships,1st Round,Clay,Garcia-Lopez G.,Rubin N.,115.0,144.0,1.53,2.37,1.57,2.55,1.61,2.63
2019-04-09,U.S. Men's Clay Court Championships,1st Round,Clay,Granollers M.,Fritz T.,112.0,58.0,2.2,1.61,2.45,1.61,2.65,1.71
2019-04-09,U.S. Men's Clay Court Championships,1st Round,Clay,Tomic B.,Kudla D.,79.0,85.0,1.8,1.9,1.8,2.11,2.2,2.11
2019-04-09,U.S. Men's Clay Court Championships,1st Round,Clay,Galan D.E.,Lorenzi P.,241.0,108.0,2.0,1.72,2.06,1.84,2.1,1.84
2019-04-09,U.S. Men's Clay Court Championships,1st Round,Clay,Laaksonen H.,Mcdonald M.,126.0,59.0,1.8,1.9,1.77,2.16,1.85,2.16
2019-04-09,U.S. Men's Clay Court Championships,1st Round,Clay,Giraldo S.,Klahn B.,224.0,93.0,1.5,2.5,1.42,3.07,1.54,3.1
2019-04-09,U.S. Men's Clay Court Championships,1st Round,Clay,Thompson J.,Krstin P.,67.0,195.0,1.44,2.62,1.6,2.48,1.61,2.62
2019-04-10,Grand Prix Hassan II,2nd Round,Clay,Sonego L.,Haase R.,103.0,62.0,1.61,2.2,1.67,2.35,1.69,2.35
2019-04-10,Grand Prix Hassan II,2nd Round,Clay,Tsonga J.W.,Edmund K.,116.0,22.0,2.75,1.4,2.86,1.48,2.86,1.51
2019-04-10,U.S. Men's Clay Court Championships,1st Round,Clay,Querrey S.,Fratangelo B.,71.0,127.0,1.57,2.25,1.65,2.36,1.73,2.36
2019-04-10,U.S. Men's Clay Court Championships,1st Round,Clay,Tipsarevic J.,Sandgren T.,372.0,81.0,2.62,1.44,2.73,1.51,2.95,1.55
2019-04-10,Grand Prix Hassan II,2nd Round,Clay,Daniel T.,Menendez-Maceiras A.,75.0,139.0,1.36,3.0,1.3,3.92,1.4,3.92
2019-04-10,U.S. Men's Clay Court Championships,2nd Round,Clay,Granollers M.,Tomic B.,112.0,79.0,1.57,2.25,1.6,2.51,1.67,2.51
2019-04-10,U.S. Men's Clay Court Championships,2nd Round,Clay,Garin C.,Chardy J.,73.0,42.0,1.66,2.1,1.71,2.28,1.8,2.35
2019-04-10,U.S. Men's Clay Court Championships,2nd Round,Clay,Laaksonen H.,Harrison R.,126.0,107.0,1.9,1.8,2.03,1.88,2.05,2.63
2019-04-10,Grand Prix Hassan II,2nd Round,Clay,Simon G.,Andreozzi G.,27.0,90.0,1.57,2.25,1.65,2.39,1.67,2.65
2019-04-11,Grand Prix Hassan II,2nd Round,Clay,Vesely J.,Londero J.I.,101.0,66.0,1.72,2.0,1.81,2.11,1.83,2.15
2019-04-11,U.S. Men's Clay Court Championships,2nd Round,Clay,Ruud C.,Opelka R.,95.0,56.0,1.83,1.83,1.94,1.96,1.96,2.0
2019-04-11,Grand Prix Hassan II,2nd Round,Clay,Andujar P.,Kohlschreiber P.,70.0,41.0,2.0,1.72,2.07,1.85,2.17,1.91
2019-04-11,U.S. Men's Clay Court Championships,2nd Round,Clay,Tipsarevic J.,Norrie C.,372.0,55.0,2.25,1.57,2.3,1.69,2.38,1.71
2019-04-11,U.S. Men's Clay Court Championships,2nd Round,Clay,Querrey S.,Garcia-Lopez G.,71.0,115.0,1.44,2.62,1.49,2.82,1.53,2.9
2019-04-11,Grand Prix Hassan II,2nd Round,Clay,Paire B.,Herbert P.H.,69.0,50.0,1.66,2.1,1.77,2.18,1.77,2.25
2019-04-11,Grand Prix Hassan II,2nd Round,Clay,Munar J.,Zverev A.,60.0,3.0,3.75,1.25,4.32,1.26,4.55,1.29
2019-04-12,Grand Prix Hassan II,Quarterfinals,Clay,Simon G.,Daniel T.,27.0,75.0,1.36,3.2,1.44,3.06,1.44,3.58
2019-04-12,Grand Prix Hassan II,Quarterfinals,Clay,Andujar P.,Vesely J.,70.0,101.0,1.66,2.2,1.79,2.17,1.84,2.2
2019-04-12,Grand Prix Hassan II,Quarterfinals,Clay,Paire B.,Munar J.,69.0,60.0,2.37,1.57,2.53,1.6,2.53,1.63
2019-04-12,Grand Prix Hassan II,Quarterfinals,Clay,Tsonga J.W.,Sonego L.,116.0,103.0,1.4,3.0,1.43,3.13,1.47,3.13
2019-04-12,U.S. Men's Clay Court Championships,2nd Round,Clay,Thompson J.,Giraldo S.,67.0,224.0,1.61,2.2,1.64,2.41,1.71,2.59
2019-04-12,U.S. Men's Clay Court Championships,Quarterfinals,Clay,Ruud C.,Granollers M.,95.0,112.0,1.57,2.37,1.67,2.37,1.69,2.48
2019-04-12,U.S. Men's Clay Court Championships,Quarterfinals,Clay,Querrey S.,Tipsarevic J.,71.0,372.0,1.4,3.0,1.41,3.23,1.46,3.23
2019-04-12,U.S. Men's Clay Court Championships,Quarterfinals,Clay,Garin C.,Laaksonen H.,73.0,126.0,1.44,2.75,1.49,2.87,1.51,2.87
2019-04-12,U.S. Men's Clay Court Championships,2nd Round,Clay,Galan D.E.,Johnson S.,241.0,39.0,2.62,1.44,2.92,1.47,3.0,1.49
2019-04-13,U.S. Men's Clay Court Championships,Semifinals,Clay,Ruud C.,Galan D.E.,95.0,241.0,1.28,3.75,1.33,3.67,1.35,3.75
2019-04-13,U.S. Men's Clay Court Championships,Semifinals,Clay,Garin C.,Querrey S.,73.0,71.0,2.0,1.8,2.1,1.84,2.1,1.87
2019-04-13,U.S. Men's Clay Court Championships,Quarterfinals,Clay,Galan D.E.,Thompson J.,241.0,67.0,2.2,1.66,2.3,1.71,2.3,1.74
2019-04-13,Grand Prix Hassan II,Semifinals,Clay,Andujar P.,Simon G.,70.0,27.0,2.0,1.8,1.93,1.99,2.08,1.99
2019-04-13,Grand Prix Hassan II,Semifinals,Clay,Paire B.,Tsonga J.W.,69.0,116.0,3.0,1.4,3.32,1.39,3.32,1.47
2019-04-14,Monte Carlo Masters,1st Round,Clay,Wawrinka S.,Pouille L.,36.0,31.0,1.36,3.0,1.4,3.21,1.44,3.21
2019-04-14,Monte Carlo Masters,1st Round,Clay,Pella G.,Djere L.,35.0,32.0,1.61,2.2,1.73,2.24,1.73,2.3
2019-04-14,Monte Carlo Masters,1st Round,Clay,Dimitrov G.,Berrettini M.,28.0,55.0,1.72,2.0,1.75,2.2,1.8,2.2
2019-04-14,Monte Carlo Masters,1st Round,Clay,Coric B.,Hurkacz H.,13.0,52.0,1.5,2.5,1.54,2.66,1.56,2.7
2019-04-14,Grand Prix Hassan II,The Final,Clay,Paire B.,Andujar P.,69.0,70.0,2.1,1.72,2.27,1.72,2.27,1.75
2019-04-14,U.S. Men's Clay Court Championships,The Final,Clay,Garin C.,Ruud C.,73.0,95.0,1.66,2.2,1.68,2.36,1.75,2.36
2019-04-15,Monte Carlo Masters,1st Round,Clay,Goffin D.,Andreozzi G.,21.0,84.0,1.33,3.25,1.33,3.68,1.35,3.74
2019-04-15,Monte Carlo Masters,1st Round,Clay,Sonego L.,Seppi A.,96.0,46.0,1.5,2.5,1.51,2.77,1.55,2.85
2019-04-15,Monte Carlo Masters,1st Round,Clay,Albot R.,Bedene A.,45.0,70.0,2.37,1.53,2.54,1.58,2.75,1.6
2019-04-15,Monte Carlo Masters,1st Round,Clay,Klizan M.,Delbonis F.,50.0,74.0,3.0,1.36,3.23,1.4,3.3,1.41
2019-04-15,Monte Carlo Masters,1st Round,Clay,Fognini F.,Rublev A.,18.0,90.0,1.9,1.8,2.19,1.76,2.19,1.83
2019-04-15,Monte Carlo Masters,1st Round,Clay,Schwartzman D.,Edmund K.,24.0,23.0,2.25,1.57,2.2,1.76,2.43,1.76
2019-04-15,Monte Carlo Masters,1st Round,Clay,Cecchinato M.,Dzumhur D.,16.0,54.0,1.25,3.75,1.29,4.05,1.32,4.12
2019-04-15,Monte Carlo Masters,1st Round,Clay,Munar J.,Catarina L.,61.0,554.0,1.05,11.0,1.04,16.14,1.05,16.14
2019-04-15,Monte Carlo Masters,1st Round,Clay,Kohlschreiber P.,Daniel T.,40.0,72.0,1.28,3.5,1.4,3.22,1.4,3.6
2019-04-15,Monte Carlo Masters,1st Round,Clay,Struff J.L.,Shapovalov D.,44.0,20.0,2.25,1.57,2.33,1.68,2.38,1.85
2019-04-15,Monte Carlo Masters,1st Round,Clay,Medvedev D.,Sousa J.,14.0,51.0,1.53,2.37,1.6,2.5,1.6,2.6
2019-04-15,Monte Carlo Masters,1st Round,Clay,Lajovic D.,Jaziri M.,48.0,71.0,1.36,3.0,1.38,3.36,1.44,3.4
2019-04-15,Monte Carlo Masters,1st Round,Clay,Bautista Agut R.,Millman J.,22.0,39.0,1.2,4.33,1.17,5.82,1.22,5.82
2019-04-15,Monte Carlo Masters,1st Round,Clay,Fucsovics M.,Basilashvili N.,37.0,17.0,1.72,2.0,1.75,2.2,1.83,2.25
2019-04-15,Monte Carlo Masters,1st Round,Clay,Kukushkin M.,Chardy J.,42.0,41.0,2.5,1.5,2.66,1.54,2.7,1.56
2019-04-16,Monte Carlo Masters,2nd Round,Clay,Cecchinato M.,Wawrinka S.,16.0,36.0,2.5,1.5,2.55,1.58,2.56,1.62
2019-04-16,Monte Carlo Masters,2nd Round,Clay,Coric B.,Munar J.,13.0,61.0,1.57,2.25,1.67,2.34,1.69,2.4
2019-04-16,Monte Carlo Masters,2nd Round,Clay,Djokovic N.,Kohlschreiber P.,1.0,40.0,1.16,5.0,1.21,5.0,1.22,5.75
2019-04-16,Monte Carlo Masters,2nd Round,Clay,Sonego L.,Khachanov K.,96.0,12.0,2.2,1.61,2.44,1.63,2.44,1.67
2019-04-16,Monte Carlo Masters,2nd Round,Clay,Pella G.,Cilic M.,35.0,11.0,2.0,1.72,2.28,1.71,2.35,1.75
2019-04-16,Monte Carlo Masters,1st Round,Clay,Herbert P.H.,Verdasco F.,49.0,38.0,2.25,1.57,2.49,1.61,2.5,1.67
2019-04-16,Monte Carlo Masters,1st Round,Clay,Fritz T.,Tsonga J.W.,65.0,102.0,5.0,1.16,6.21,1.16,6.65,1.2
2019-04-16,Monte Carlo Masters,1st Round,Clay,Norrie C.,Mannarino A.,56.0,58.0,1.53,2.37,1.67,2.36,1.67,2.6
2019-04-16,Monte Carlo Masters,1st Round,Clay,Auger-Aliassime F.,Londero J.I.,33.0,79.0,1.4,2.75,1.5,2.8,1.51,2.95
2019-04-16,Monte Carlo Masters,1st Round,Clay,Simon G.,Popyrin A.,26.0,120.0,1.36,3.0,1.49,2.83,1.49,3.1
2019-04-17,Monte Carlo Masters,2nd Round,Clay,Zverev A.,Auger-Aliassime F.,3.0,33.0,1.5,2.5,1.49,2.84,1.53,2.85
2019-04-17,Monte Carlo Masters,2nd Round,Clay,Thiem D.,Klizan M.,5.0,50.0,1.2,4.33,1.23,4.72,1.25,4.72
2019-04-17,Monte Carlo Masters,2nd Round,Clay,Nadal R.,Bautista Agut R.,2.0,22.0,1.08,8.0,1.09,9.72,1.12,10.0
2019-04-17,Monte Carlo Masters,2nd Round,Clay,Lajovic D.,Goffin D.,48.0,21.0,3.75,1.25,3.69,1.33,4.0,1.33
2019-04-17,Monte Carlo Masters,2nd Round,Clay,Fritz T.,Schwartzman D.,65.0,24.0,5.0,1.16,6.2,1.16,6.55,1.19
2019-04-17,Monte Carlo Masters,2nd Round,Clay,Dimitrov G.,Struff J.L.,28.0,44.0,1.61,2.2,1.69,2.31,1.73,2.35
2019-04-17,Monte Carlo Masters,2nd Round,Clay,Norrie C.,Fucsovics M.,56.0,37.0,2.62,1.44,3.05,1.43,3.05,1.47
2019-04-17,Monte Carlo Masters,2nd Round,Clay,Herbert P.H.,Nishikori K.,49.0,6.0,4.33,1.2,4.18,1.27,4.65,1.27
2019-04-17,Monte Carlo Masters,2nd Round,Clay,Medvedev D.,Albot R.,14.0,45.0,1.4,2.75,1.47,2.9,1.5,3.24
2019-04-17,Monte Carlo Masters,2nd Round,Clay,Tsitsipas S.,Kukushkin M.,8.0,42.0,1.25,3.75,1.25,4.46,1.27,4.5
2019-04-17,Monte Carlo Masters,2nd Round,Clay,Fognini F.,Simon G.,18.0,26.0,1.83,1.83,1.99,1.92,2.0,1.99
2019-04-18,Monte Carlo Masters,3rd Round,Clay,Fognini F.,Zverev A.,18.0,3.0,4.0,1.25,4.32,1.27,4.32,1.28
2019-04-18,Monte Carlo Masters,3rd Round,Clay,Lajovic D.,Thiem D.,48.0,5.0,5.0,1.16,5.76,1.18,5.8,1.2
2019-04-18,Monte Carlo Masters,3rd Round,Clay,Nadal R.,Dimitrov G.,2.0,28.0,1.03,15.0,1.06,13.19,1.06,17.75
2019-04-18,Monte Carlo Masters,3rd Round,Clay,Coric B.,Herbert P.H.,13.0,49.0,1.44,2.75,1.43,3.1,1.5,3.1
2019-04-18,Monte Carlo Masters,3rd Round,Clay,Djokovic N.,Fritz T.,1.0,65.0,1.07,9.0,1.08,10.78,1.1,10.78
2019-04-18,Monte Carlo Masters,3rd Round,Clay,Pella G.,Cecchinato M.,35.0,16.0,2.37,1.57,2.57,1.58,2.66,1.65
2019-04-18,Monte Carlo Masters,3rd Round,Clay,Medvedev D.,Tsitsipas S.,14.0,8.0,2.1,1.72,2.19,1.78,2.19,1.83
2019-04-18,Monte Carlo Masters,3rd Round,Clay,Sonego L.,Norrie C.,96.0,56.0,1.57,2.37,1.63,2.47,1.63,2.6
2019-04-19,Monte Carlo Masters,Quarterfinals,Clay,Lajovic D.,Sonego L.,48.0,96.0,1.66,2.2,1.74,2.25,1.77,2.25
2019-04-19,Monte Carlo Masters,Quarterfinals,Clay,Medvedev D.,Djokovic N.,14.0,1.0,4.33,1.22,4.65,1.24,4.8,1.26
2019-04-19,Monte Carlo Masters,Quarterfinals,Clay,Nadal R.,Pella G.,2.0,35.0,1.02,17.0,1.03,21.37,1.04,23.0
2019-04-19,Monte Carlo Masters,Quarterfinals,Clay,Fognini F.,Coric B.,18.0,13.0,2.37,1.57,2.31,1.7,2.41,1.7
2019-04-20,Monte Carlo Masters,Semifinals,Clay,Fognini F.,Nadal R.,18.0,2.0,8.0,1.08,8.86,1.1,10.0,1.12
2019-04-20,Monte Carlo Masters,Semifinals,Clay,Lajovic D.,Medvedev D.,48.0,14.0,2.75,1.44,2.81,1.51,3.03,1.51
2019-04-21,Monte Carlo Masters,The Final,Clay,Fognini F.,Lajovic D.,18.0,48.0,1.57,2.37,1.68,2.36,1.68,2.57
2019-04-22,Hungarian Open,1st Round,Clay,Krajinovic F.,Seppi A.,105.0,62.0,1.36,3.0,1.53,2.67,1.53,3.3
2019-04-22,Hungarian Open,1st Round,Clay,Albot R.,Stakhovsky S.,44.0,115.0,1.22,4.0,1.28,4.03,1.3,4.2
2019-04-22,Open Banco Sabadell ,1st Round,Clay,Paire B.,Londero J.I.,46.0,79.0,1.5,2.5,1.6,2.47,1.62,2.65
2019-04-22,Open Banco Sabadell ,1st Round,Clay,Schwartzman D.,Nishioka Y.,25.0,70.0,1.25,3.75,1.25,4.31,1.29,4.4
2019-04-22,Open Banco Sabadell ,1st Round,Clay,Jarry N.,Granollers M.,81.0,110.0,1.83,1.83,1.93,1.95,1.92,2.02
2019-04-22,Open Banco Sabadell ,1st Round,Clay,Verdasco F.,Lopez F.,37.0,93.0,1.5,2.5,1.5,2.75,1.54,2.75
2019-04-22,Hungarian Open,1st Round,Clay,Bedene A.,Tomic B.,74.0,77.0,1.36,3.0,1.46,2.92,1.54,3.0
2019-04-22,Open Banco Sabadell ,1st Round,Clay,Munar J.,Sousa P.,57.0,107.0,1.28,3.5,1.33,3.62,1.34,3.86
2019-04-22,Open Banco Sabadell ,1st Round,Clay,Mayer L.,Copil M.,63.0,80.0,1.28,3.5,1.27,4.14,1.34,4.14
2019-04-22,Open Banco Sabadell ,1st Round,Clay,Fucsovics M.,Kudla D.,36.0,82.0,1.16,5.0,1.19,5.27,1.21,5.27
2019-04-22,Open Banco Sabadell ,1st Round,Clay,Fritz T.,Opelka R.,58.0,59.0,1.72,2.0,1.76,2.16,1.8,2.38
2019-04-22,Hungarian Open,1st Round,Clay,Berrettini M.,Kukushkin M.,55.0,40.0,1.57,2.25,1.56,2.56,1.67,2.56
2019-04-22,Open Banco Sabadell ,1st Round,Clay,Struff J.L.,Dellien H.,51.0,92.0,1.44,2.62,1.57,2.55,1.57,2.89
2019-04-22,Open Banco Sabadell ,1st Round,Clay,Mcdonald M.,Daniel T.,61.0,71.0,3.4,1.3,3.75,1.31,3.75,1.34
2019-04-23,Open Banco Sabadell ,1st Round,Clay,Ferrer D.,Zverev M.,155.0,96.0,1.12,6.0,1.14,6.59,1.15,7.0
2019-04-23,Hungarian Open,1st Round,Clay,Gojowczyk P.,Harris L.,85.0,90.0,2.2,1.61,2.37,1.65,2.4,1.67
2019-04-23,Hungarian Open,1st Round,Clay,Millman J.,Kecmanovic M.,39.0,87.0,2.1,1.66,2.24,1.71,2.25,1.86
2019-04-23,Hungarian Open,1st Round,Clay,Herbert P.H.,Gerasimov E.,49.0,136.0,,,,,1.4,3.64
2019-04-23,Hungarian Open,1st Round,Clay,Balazs A.,Hurkacz H.,246.0,52.0,3.0,1.36,3.49,1.35,3.55,1.4
2019-04-23,Hungarian Open,1st Round,Clay,Haase R.,Fabbiano T.,64.0,91.0,1.5,2.5,1.49,2.79,1.52,2.85
2019-04-23,Hungarian Open,1st Round,Clay,Djere L.,Gulbis E.,33.0,78.0,1.36,3.0,1.44,2.98,1.45,3.42
2019-04-23,Open Banco Sabadell ,1st Round,Clay,Jaziri M.,Andreozzi G.,72.0,97.0,2.62,1.44,2.9,1.46,2.9,1.5
2019-04-23,Open Banco Sabadell ,2nd Round,Clay,Thiem D.,Schwartzman D.,5.0,25.0,1.3,3.4,1.33,3.64,1.35,3.8
2019-04-23,Open Banco Sabadell ,2nd Round,Clay,Tsitsipas S.,Fucsovics M.,8.0,36.0,1.3,3.4,1.35,3.5,1.38,3.6
2019-04-23,Open Banco Sabadell ,1st Round,Clay,Kuhn N.,Delbonis F.,276.0,76.0,4.5,1.18,5.88,1.16,5.9,1.2
2019-04-23,Open Banco Sabadell ,2nd Round,Clay,Struff J.L.,Goffin D.,51.0,22.0,2.37,1.53,2.67,1.54,2.67,1.6
2019-04-23,Open Banco Sabadell ,2nd Round,Clay,Munar J.,Tiafoe F.,57.0,30.0,1.44,2.62,1.43,3.07,1.48,3.07
2019-04-23,Open Banco Sabadell ,2nd Round,Clay,Jarry N.,Zverev A.,81.0,3.0,4.5,1.18,5.31,1.2,5.45,1.22
2019-04-23,Open Banco Sabadell ,2nd Round,Clay,Nishikori K.,Fritz T.,7.0,58.0,1.22,4.0,1.29,3.99,1.33,4.2
2019-04-23,Open Banco Sabadell ,1st Round,Clay,Pella G.,Sousa J.,28.0,50.0,1.36,3.0,1.36,3.37,1.4,3.37
2019-04-23,Open Banco Sabadell ,1st Round,Clay,Garin C.,Klizan M.,48.0,47.0,1.72,2.0,1.76,2.16,1.8,2.25
2019-04-23,Open Banco Sabadell ,1st Round,Clay,Ramos-Vinolas A.,Norrie C.,83.0,45.0,1.53,2.37,1.59,2.5,1.65,2.56
2019-04-24,Hungarian Open,1st Round,Clay,Cuevas P.,Maden Y.,73.0,109.0,1.33,3.25,1.4,3.16,1.42,3.3
2019-04-24,Hungarian Open,2nd Round,Clay,Balazs A.,Millman J.,246.0,39.0,2.75,1.4,2.76,1.51,2.88,1.51
2019-04-24,Hungarian Open,1st Round,Clay,Sinner J.,Valkusz M.,314.0,323.0,1.72,2.0,2.07,1.83,2.07,2.05
2019-04-24,Hungarian Open,2nd Round,Clay,Herbert P.H.,Bachinger M.,49.0,129.0,1.3,3.4,1.29,4.05,1.33,4.05
2019-04-24,Open Banco Sabadell ,2nd Round,Clay,Medvedev D.,Ramos-Vinolas A.,14.0,83.0,1.5,2.5,1.53,2.68,1.62,2.95
2019-04-24,Open Banco Sabadell ,2nd Round,Clay,Garin C.,Shapovalov D.,48.0,20.0,1.72,2.0,1.73,2.24,1.77,2.25
2019-04-24,Open Banco Sabadell ,2nd Round,Clay,Pella G.,Khachanov K.,28.0,13.0,1.83,1.83,2.03,1.88,2.03,2.0
2019-04-24,Open Banco Sabadell ,2nd Round,Clay,Nadal R.,Mayer L.,2.0,63.0,1.03,15.0,1.04,15.12,1.05,17.0
2019-04-24,Open Banco Sabadell ,2nd Round,Clay,Carballes Baena R.,Kuhn N.,104.0,276.0,1.36,3.0,1.4,3.2,1.5,3.2
2019-04-24,Open Banco Sabadell ,2nd Round,Clay,Ferrer D.,Pouille L.,155.0,32.0,1.57,2.25,1.63,2.44,1.67,2.45
2019-04-24,Open Banco Sabadell ,2nd Round,Clay,Mcdonald M.,Simon G.,61.0,27.0,2.75,1.4,2.93,1.47,2.93,1.5
2019-04-24,Open Banco Sabadell ,2nd Round,Clay,Dimitrov G.,Verdasco F.,43.0,37.0,1.61,2.2,1.7,2.29,1.73,2.35
2019-04-24,Open Banco Sabadell ,2nd Round,Clay,Paire B.,Carreno Busta P.,46.0,29.0,1.4,2.75,1.48,2.88,1.48,3.0
2019-04-24,Open Banco Sabadell ,2nd Round,Clay,Auger-Aliassime F.,Jaziri M.,31.0,72.0,1.22,4.0,1.23,4.77,1.25,4.77
2019-04-25,Open Banco Sabadell ,3rd Round,Clay,Jarry N.,Dimitrov G.,81.0,43.0,3.0,1.4,2.93,1.46,3.32,1.5
2019-04-25,Hungarian Open,2nd Round,Clay,Krajinovic F.,Albot R.,105.0,44.0,1.36,3.0,1.39,3.25,1.41,3.3
2019-04-25,Hungarian Open,2nd Round,Clay,Berrettini M.,Bedene A.,55.0,74.0,1.66,2.1,1.68,2.34,1.7,2.35
2019-04-25,Hungarian Open,2nd Round,Clay,Basilashvili N.,Gojowczyk P.,18.0,85.0,1.36,3.0,1.44,3.01,1.5,3.01
2019-04-25,Hungarian Open,2nd Round,Clay,Cuevas P.,Cilic M.,73.0,11.0,2.2,1.61,2.4,1.65,2.5,1.65
2019-04-25,Hungarian Open,2nd Round,Clay,Djere L.,Sinner J.,33.0,314.0,1.18,4.5,1.2,5.28,1.25,5.3
2019-04-25,Open Banco Sabadell ,3rd Round,Clay,Nadal R.,Ferrer D.,2.0,155.0,1.14,5.5,1.15,6.38,1.17,6.4
2019-04-25,Hungarian Open,2nd Round,Clay,Coric B.,Haase R.,15.0,64.0,1.33,3.25,1.37,3.41,1.37,3.55
2019-04-25,Open Banco Sabadell ,3rd Round,Clay,Nishikori K.,Auger-Aliassime F.,7.0,31.0,1.61,2.3,1.71,2.26,1.71,2.46
2019-04-25,Open Banco Sabadell ,3rd Round,Clay,Thiem D.,Munar J.,5.0,57.0,1.28,3.75,1.32,3.77,1.33,3.85
2019-04-25,Open Banco Sabadell ,3rd Round,Clay,Medvedev D.,Mcdonald M.,14.0,61.0,1.2,4.5,1.18,5.73,1.2,5.9
2019-04-25,Open Banco Sabadell ,3rd Round,Clay,Pella G.,Paire B.,28.0,46.0,1.61,2.3,1.65,2.39,1.74,2.39
2019-04-25,Open Banco Sabadell ,3rd Round,Clay,Struff J.L.,Tsitsipas S.,51.0,8.0,3.75,1.28,3.98,1.29,4.0,1.31
2019-04-25,Open Banco Sabadell ,3rd Round,Clay,Carballes Baena R.,Garin C.,104.0,48.0,3.0,1.4,2.73,1.52,3.0,1.52
2019-04-26,Hungarian Open,Quarterfinals,Clay,Djere L.,Basilashvili N.,33.0,18.0,1.66,2.2,1.75,2.24,1.75,2.25
2019-04-26,Open Banco Sabadell ,Quarterfinals,Clay,Thiem D.,Pella G.,5.0,28.0,1.3,3.5,1.41,3.22,1.42,3.5
2019-04-26,Open Banco Sabadell ,Quarterfinals,Clay,Nadal R.,Struff J.L.,2.0,51.0,1.06,10.0,1.07,11.82,1.08,11.82
2019-04-26,Open Banco Sabadell ,Quarterfinals,Clay,Nishikori K.,Carballes Baena R.,7.0,104.0,1.22,4.33,1.31,3.9,1.32,4.33
2019-04-26,Hungarian Open,Quarterfinals,Clay,Berrettini M.,Cuevas P.,55.0,73.0,1.57,2.37,1.65,2.42,1.67,2.44
2019-04-26,Open Banco Sabadell ,Quarterfinals,Clay,Medvedev D.,Jarry N.,14.0,81.0,1.25,4.0,1.29,4.12,1.31,4.12
2019-04-26,Hungarian Open,Quarterfinals,Clay,Krajinovic F.,Coric B.,105.0,15.0,2.0,1.8,2.06,1.87,2.2,1.87
2019-04-26,Hungarian Open,Quarterfinals,Clay,Herbert P.H.,Balazs A.,49.0,246.0,1.5,2.62,1.55,2.68,1.57,2.71
2019-04-27,Hungarian Open,Semifinals,Clay,Berrettini M.,Djere L.,55.0,33.0,1.66,2.2,1.7,2.31,1.73,2.31
2019-04-27,Hungarian Open,Semifinals,Clay,Krajinovic F.,Herbert P.H.,105.0,49.0,1.4,3.0,1.43,3.12,1.43,3.3
2019-04-27,Open Banco Sabadell ,Semifinals,Clay,Medvedev D.,Nishikori K.,14.0,7.0,2.0,1.8,2.06,1.88,2.06,1.91
2019-04-27,Open Banco Sabadell ,Semifinals,Clay,Thiem D.,Nadal R.,5.0,2.0,3.2,1.36,3.38,1.38,3.46,1.4
2019-04-28,Open Banco Sabadell ,The Final,Clay,Thiem D.,Medvedev D.,5.0,14.0,1.28,3.75,1.32,3.82,1.4,3.85
2019-04-28,Hungarian Open,The Final,Clay,Berrettini M.,Krajinovic F.,55.0,105.0,2.2,1.66,2.28,1.72,2.3,1.76
2019-04-29,BMW Open,1st Round,Clay,Fucsovics M.,Sonego L.,35.0,69.0,1.9,1.8,1.93,1.95,2.02,1.95
2019-04-29,Millennium Estoril Open,1st Round,Clay,Domingues J.,De Minaur A.,214.0,27.0,2.0,1.72,2.18,1.75,2.18,1.87
2019-04-29,BMW Open,1st Round,Clay,Daniel T.,Humbert U.,72.0,64.0,1.57,2.25,1.74,2.2,1.74,2.51
2019-04-29,Millennium Estoril Open,1st Round,Clay,Nishioka Y.,Mcdonald M.,71.0,57.0,1.66,2.1,1.77,2.16,1.8,2.2
2019-04-29,Millennium Estoril Open,1st Round,Clay,Andreozzi G.,Dellien H.,97.0,98.0,1.9,1.8,1.96,1.93,2.15,1.97
2019-04-29,Millennium Estoril Open,1st Round,Clay,Opelka R.,Sousa P.,59.0,107.0,2.1,1.66,2.19,1.75,2.25,1.77
2019-04-30,BMW Open,1st Round,Clay,Kudla D.,Edmund K.,82.0,22.0,6.5,1.11,8.0,1.11,8.0,1.15
2019-04-30,BMW Open,1st Round,Clay,Berrettini M.,Istomin D.,37.0,106.0,1.36,3.0,1.37,3.33,1.4,3.4
2019-04-30,BMW Open,1st Round,Clay,Pella G.,Zverev M.,26.0,95.0,1.1,7.0,1.12,7.35,1.13,7.75
2019-04-30,BMW Open,1st Round,Clay,Kohlschreiber P.,Seppi A.,41.0,68.0,1.25,3.75,1.33,3.57,1.35,3.9
2019-04-30,BMW Open,1st Round,Clay,Monteiro T.,Struff J.L.,111.0,48.0,3.25,1.33,3.87,1.3,3.95,1.35
2019-04-30,BMW Open,1st Round,Clay,Garin C.,Maden Y.,47.0,114.0,1.53,2.37,1.54,2.63,1.59,2.75
2019-04-30,BMW Open,1st Round,Clay,Klizan M.,Gulbis E.,60.0,78.0,1.44,2.62,1.58,2.51,1.58,2.75
2019-04-30,BMW Open,1st Round,Clay,Schwartzman D.,Paire B.,24.0,44.0,1.57,2.25,1.61,2.44,1.67,2.44
2019-04-30,BMW Open,1st Round,Clay,Londero J.I.,Marterer M.,80.0,100.0,1.5,2.5,1.57,2.53,1.59,2.6
2019-04-30,BMW Open,1st Round,Clay,Molleker R.,Copil M.,157.0,79.0,1.72,2.0,1.8,2.11,1.86,2.15
2019-04-30,Millennium Estoril Open,1st Round,Clay,Millman J.,Tomic B.,50.0,76.0,1.4,2.75,1.44,2.99,1.45,3.25
2019-04-30,Millennium Estoril Open,1st Round,Clay,Cuevas P.,Caruso S.,67.0,152.0,1.3,3.4,1.36,3.42,1.38,3.5
2019-04-30,Millennium Estoril Open,1st Round,Clay,Sousa J.,Popyrin A.,51.0,113.0,1.44,2.62,1.45,2.92,1.53,2.92
2019-04-30,Millennium Estoril Open,1st Round,Clay,Mayer L.,Lajovic D.,62.0,23.0,2.1,1.66,2.08,1.83,2.2,1.83
2019-04-30,Millennium Estoril Open,1st Round,Clay,Tiafoe F.,Kukushkin M.,31.0,40.0,1.61,2.2,1.76,2.18,1.77,2.27
2019-04-30,Millennium Estoril Open,1st Round,Clay,Jaziri M.,Jarry N.,75.0,70.0,3.25,1.33,3.3,1.38,3.46,1.39
2019-04-30,Millennium Estoril Open,1st Round,Clay,Davidovich Fokina A.,Fritz T.,167.0,58.0,1.8,1.9,1.67,2.33,1.82,2.33
2019-04-30,Millennium Estoril Open,1st Round,Clay,Chardy J.,Carreno Busta P.,42.0,38.0,2.1,1.66,2.16,1.76,2.2,1.83
2019-05-01,BMW Open,2nd Round,Clay,Cecchinato M.,Klizan M.,19.0,60.0,1.66,2.1,1.69,2.31,1.72,2.38
2019-05-01,BMW Open,2nd Round,Clay,Zverev A.,Londero J.I.,3.0,80.0,1.2,4.33,1.18,5.57,1.28,5.57
2019-05-01,BMW Open,2nd Round,Clay,Garin C.,Schwartzman D.,47.0,24.0,2.1,1.66,2.0,1.91,2.17,1.91
2019-05-01,Millennium Estoril Open,2nd Round,Clay,Davidovich Fokina A.,Chardy J.,167.0,42.0,2.1,1.66,2.04,1.88,2.17,1.91
2019-05-01,Millennium Estoril Open,2nd Round,Clay,Tsitsipas S.,Andreozzi G.,10.0,97.0,1.18,4.5,1.19,5.46,1.2,5.55
2019-05-01,Millennium Estoril Open,2nd Round,Clay,Monfils G.,Opelka R.,18.0,59.0,1.5,2.5,1.53,2.7,1.54,2.8
2019-05-01,Millennium Estoril Open,2nd Round,Clay,Domingues J.,Millman J.,214.0,50.0,2.37,1.53,2.58,1.57,2.58,1.61
2019-05-01,BMW Open,2nd Round,Clay,Fucsovics M.,Monteiro T.,35.0,111.0,1.61,2.2,1.59,2.52,1.7,2.78
2019-05-02,BMW Open,2nd Round,Clay,Pella G.,Daniel T.,26.0,72.0,1.18,4.5,1.19,5.39,1.22,5.45
2019-05-02,BMW Open,2nd Round,Clay,Bautista Agut R.,Molleker R.,21.0,157.0,1.14,5.5,1.22,4.85,1.26,5.6
2019-05-02,BMW Open,2nd Round,Clay,Kohlschreiber P.,Khachanov K.,41.0,13.0,1.5,2.5,1.59,2.52,1.63,2.72
2019-05-02,BMW Open,2nd Round,Clay,Berrettini M.,Kudla D.,37.0,82.0,1.25,3.75,1.22,4.81,1.31,4.81
2019-05-02,Millennium Estoril Open,2nd Round,Clay,Goffin D.,Sousa J.,25.0,51.0,1.44,2.62,1.49,2.83,1.52,2.85
2019-05-02,Millennium Estoril Open,2nd Round,Clay,Cuevas P.,Baldi F.,67.0,155.0,1.16,5.0,1.2,5.3,1.22,5.3
2019-05-02,Millennium Estoril Open,2nd Round,Clay,Tiafoe F.,Nishioka Y.,31.0,71.0,1.57,2.25,1.66,2.37,1.71,2.37
2019-05-02,Millennium Estoril Open,2nd Round,Clay,Jaziri M.,Mayer L.,75.0,62.0,3.25,1.33,3.86,1.31,3.86,1.35
2019-05-03,Millennium Estoril Open,Quarterfinals,Clay,Cuevas P.,Tiafoe F.,67.0,31.0,1.57,2.37,1.66,2.39,1.66,2.6
2019-05-03,Millennium Estoril Open,Quarterfinals,Clay,Davidovich Fokina A.,Monfils G.,167.0,18.0,2.75,1.44,2.65,1.56,2.8,1.56
2019-05-03,Millennium Estoril Open,Quarterfinals,Clay,Goffin D.,Jaziri M.,25.0,75.0,1.2,4.5,1.22,4.94,1.23,5.25
2019-05-03,Millennium Estoril Open,Quarterfinals,Clay,Tsitsipas S.,Domingues J.,10.0,214.0,1.1,7.0,1.15,6.65,1.17,7.5
2019-05-03,BMW Open,Quarterfinals,Clay,Cecchinato M.,Fucsovics M.,19.0,35.0,1.53,2.5,1.65,2.42,1.65,2.6
2019-05-03,BMW Open,Quarterfinals,Clay,Garin C.,Zverev A.,47.0,3.0,3.4,1.33,3.36,1.38,3.4,1.4
2019-05-03,BMW Open,Quarterfinals,Clay,Berrettini M.,Kohlschreiber P.,37.0,41.0,2.3,1.61,2.27,1.72,2.3,1.73
2019-05-03,BMW Open,Quarterfinals,Clay,Bautista Agut R.,Pella G.,21.0,26.0,1.8,2.0,1.85,2.09,1.87,2.55
2019-05-04,Millennium Estoril Open,Semifinals,Clay,Cuevas P.,Davidovich Fokina A.,67.0,167.0,1.53,2.5,1.56,2.63,1.62,2.63
2019-05-04,Millennium Estoril Open,Semifinals,Clay,Tsitsipas S.,Goffin D.,10.0,25.0,1.53,2.5,1.55,2.67,1.57,2.67
2019-05-04,BMW Open,Semifinals,Clay,Garin C.,Cecchinato M.,47.0,19.0,2.0,1.8,1.92,2.01,2.05,2.01
2019-05-05,Mutua Madrid Open,1st Round,Clay,Auger-Aliassime F.,Shapovalov D.,30.0,20.0,1.72,2.0,1.76,2.2,1.8,2.2
2019-05-05,BMW Open,The Final,Clay,Garin C.,Berrettini M.,47.0,37.0,1.9,1.9,1.88,2.02,1.95,2.15
2019-05-05,Mutua Madrid Open,1st Round,Clay,Struff J.L.,Kyrgios N.,49.0,35.0,1.9,1.8,2.09,1.83,2.1,1.87
2019-05-05,Millennium Estoril Open,The Final,Clay,Tsitsipas S.,Cuevas P.,10.0,67.0,1.36,3.2,1.39,3.32,1.41,3.32
2019-05-05,BMW Open,Semifinals,Clay,Berrettini M.,Bautista Agut R.,37.0,21.0,2.2,1.66,2.18,1.78,2.39,1.78
2019-05-06,Mutua Madrid Open,1st Round,Clay,Monfils G.,Seppi A.,18.0,67.0,1.25,3.75,1.3,3.91,1.31,4.0
2019-05-06,Mutua Madrid Open,1st Round,Clay,Opelka R.,Carreno Busta P.,58.0,42.0,2.1,1.66,2.09,1.83,2.2,1.83
2019-05-06,Mutua Madrid Open,1st Round,Clay,Khachanov K.,Munar J.,13.0,55.0,2.0,1.72,2.0,1.91,2.13,1.91
2019-05-06,Mutua Madrid Open,1st Round,Clay,Djere L.,Lajovic D.,32.0,24.0,2.1,1.66,2.16,1.79,2.29,1.8
2019-05-06,Mutua Madrid Open,1st Round,Clay,Tiafoe F.,Basilashvili N.,37.0,17.0,2.0,1.72,2.02,1.88,2.1,1.88
2019-05-06,Mutua Madrid Open,1st Round,Clay,Kohlschreiber P.,Kukushkin M.,50.0,40.0,1.33,3.25,1.38,3.32,1.38,3.5
2019-05-06,Mutua Madrid Open,1st Round,Clay,Cilic M.,Klizan M.,11.0,61.0,1.5,2.5,1.56,2.6,1.57,2.76
2019-05-06,Mutua Madrid Open,1st Round,Clay,Fritz T.,Dimitrov G.,57.0,46.0,2.75,1.4,2.98,1.45,2.99,1.5
2019-05-06,Mutua Madrid Open,1st Round,Clay,Gasquet R.,Davidovich Fokina A.,39.0,127.0,2.75,1.4,3.27,1.39,3.35,1.45
2019-05-06,Mutua Madrid Open,1st Round,Clay,Verdasco F.,Albot R.,38.0,44.0,1.53,2.37,1.51,2.76,1.6,2.8
2019-05-07,Mutua Madrid Open,1st Round,Clay,Millman J.,Johnson S.,48.0,59.0,1.61,2.2,1.77,2.17,1.77,2.38
2019-05-07,Mutua Madrid Open,1st Round,Clay,Pouille L.,Coric B.,28.0,15.0,3.0,1.36,3.01,1.44,3.18,1.47
2019-05-07,Mutua Madrid Open,2nd Round,Clay,Djokovic N.,Fritz T.,1.0,57.0,1.1,7.0,1.13,7.03,1.14,7.9
2019-05-07,Mutua Madrid Open,1st Round,Clay,Ferrer D.,Bautista Agut R.,144.0,21.0,2.25,1.57,2.3,1.7,2.42,1.74
2019-05-07,Mutua Madrid Open,2nd Round,Clay,Federer R.,Gasquet R.,3.0,39.0,1.1,7.0,1.08,9.81,1.15,10.0
2019-05-07,Mutua Madrid Open,2nd Round,Clay,Thiem D.,Opelka R.,5.0,58.0,1.12,6.0,1.15,6.45,1.17,6.7
2019-05-07,Mutua Madrid Open,2nd Round,Clay,Cilic M.,Struff J.L.,11.0,49.0,1.83,1.83,2.01,1.89,2.01,1.95
2019-05-07,Mutua Madrid Open,1st Round,Clay,Chardy J.,Ramos-Vinolas A.,47.0,85.0,2.75,1.4,2.85,1.49,2.85,2.3
2019-05-07,Mutua Madrid Open,1st Round,Clay,Dellien H.,Simon G.,109.0,29.0,2.37,1.53,2.37,1.66,2.42,1.69
2019-05-07,Mutua Madrid Open,1st Round,Clay,Fognini F.,Edmund K.,12.0,22.0,1.72,2.0,1.87,2.04,1.91,2.08
2019-05-07,Mutua Madrid Open,1st Round,Clay,Schwartzman D.,Cecchinato M.,25.0,19.0,1.9,1.8,2.05,1.86,2.05,1.91
2019-05-07,Mutua Madrid Open,1st Round,Clay,Mannarino A.,Sousa J.,56.0,75.0,2.75,1.4,2.85,1.49,3.0,1.5
2019-05-07,Mutua Madrid Open,1st Round,Clay,Wawrinka S.,Herbert P.H.,34.0,41.0,1.36,3.0,1.47,2.93,1.5,3.04
2019-05-07,Mutua Madrid Open,1st Round,Clay,Pella G.,Medvedev D.,26.0,14.0,2.37,1.53,2.45,1.62,2.61,1.63
2019-05-07,Mutua Madrid Open,1st Round,Clay,Fucsovics M.,Goffin D.,36.0,23.0,2.37,1.53,2.4,1.65,2.53,1.65
2019-05-07,Mutua Madrid Open,1st Round,Clay,Hurkacz H.,De Minaur A.,52.0,27.0,1.33,3.25,1.39,3.26,1.4,3.56
2019-05-08,Mutua Madrid Open,2nd Round,Clay,Hurkacz H.,Pouille L.,52.0,28.0,1.66,2.1,1.75,2.2,1.8,2.3
2019-05-08,Mutua Madrid Open,2nd Round,Clay,Tsitsipas S.,Mannarino A.,9.0,56.0,1.12,6.0,1.12,7.76,1.15,7.76
2019-05-08,Mutua Madrid Open,2nd Round,Clay,Fognini F.,Millman J.,12.0,48.0,1.3,3.4,1.38,3.33,1.4,3.42
2019-05-08,Mutua Madrid Open,2nd Round,Clay,Nadal R.,Auger-Aliassime F.,2.0,30.0,1.14,5.5,1.19,5.36,1.2,5.95
2019-05-08,Mutua Madrid Open,2nd Round,Clay,Djere L.,Del Potro J.M.,32.0,8.0,2.0,1.72,2.14,1.79,2.15,1.83
2019-05-08,Mutua Madrid Open,2nd Round,Clay,Chardy J.,Schwartzman D.,47.0,25.0,3.25,1.33,3.2,1.4,3.35,1.43
2019-05-08,Mutua Madrid Open,2nd Round,Clay,Wawrinka S.,Pella G.,34.0,26.0,1.57,2.25,1.65,2.4,1.73,2.4
2019-05-08,Mutua Madrid Open,2nd Round,Clay,Verdasco F.,Khachanov K.,38.0,13.0,2.2,1.61,2.21,1.75,2.41,1.75
2019-05-08,Mutua Madrid Open,2nd Round,Clay,Tiafoe F.,Kohlschreiber P.,37.0,50.0,2.5,1.5,2.68,1.53,2.75,1.6
2019-05-08,Mutua Madrid Open,2nd Round,Clay,Nishikori K.,Dellien H.,7.0,109.0,1.12,6.0,1.15,6.48,1.17,6.6
2019-05-08,Mutua Madrid Open,2nd Round,Clay,Monfils G.,Fucsovics M.,18.0,36.0,1.5,2.5,1.57,2.59,1.57,2.68
2019-05-08,Mutua Madrid Open,2nd Round,Clay,Zverev A.,Ferrer D.,4.0,144.0,1.33,3.25,1.35,3.53,1.37,3.8
2019-05-09,Mutua Madrid Open,3rd Round,Clay,Zverev A.,Hurkacz H.,4.0,52.0,1.36,3.2,1.45,3.04,1.47,3.41
2019-05-09,Mutua Madrid Open,3rd Round,Clay,Tsitsipas S.,Verdasco F.,9.0,38.0,1.33,3.4,1.37,3.42,1.4,3.42
2019-05-09,Mutua Madrid Open,3rd Round,Clay,Nadal R.,Tiafoe F.,2.0,37.0,1.05,11.0,1.06,13.67,1.08,15.78
2019-05-09,Mutua Madrid Open,3rd Round,Clay,Wawrinka S.,Nishikori K.,34.0,7.0,1.72,2.1,1.84,2.1,1.84,2.21
2019-05-09,Mutua Madrid Open,3rd Round,Clay,Federer R.,Monfils G.,3.0,18.0,1.3,3.5,1.34,3.62,1.34,4.33
2019-05-09,Mutua Madrid Open,3rd Round,Clay,Thiem D.,Fognini F.,5.0,12.0,1.36,3.2,1.38,3.41,1.42,3.41
2019-05-09,Mutua Madrid Open,3rd Round,Clay,Djokovic N.,Chardy J.,1.0,47.0,1.08,8.0,1.1,8.74,1.11,9.3
2019-05-09,Mutua Madrid Open,3rd Round,Clay,Cilic M.,Djere L.,11.0,32.0,1.61,2.3,1.68,2.36,1.7,2.36
2019-05-10,Mutua Madrid Open,Quarterfinals,Clay,Djokovic N.,Cilic M.,1.0,11.0,1.14,5.5,1.16,6.44,1.18,6.5
2019-05-10,Mutua Madrid Open,Quarterfinals,Clay,Thiem D.,Federer R.,5.0,3.0,1.44,2.75,1.47,2.95,1.47,3.02
2019-05-10,Mutua Madrid Open,Quarterfinals,Clay,Tsitsipas S.,Zverev A.,9.0,4.0,1.66,2.2,1.79,2.16,1.79,2.26
2019-05-10,Mutua Madrid Open,Quarterfinals,Clay,Nadal R.,Wawrinka S.,2.0,34.0,1.2,4.5,1.24,4.76,1.3,4.8
2019-05-11,Mutua Madrid Open,Semifinals,Clay,Djokovic N.,Thiem D.,1.0,5.0,1.8,2.0,1.82,2.13,1.85,2.25
2019-05-11,Mutua Madrid Open,Semifinals,Clay,Tsitsipas S.,Nadal R.,9.0,2.0,7.0,1.1,7.09,1.14,7.5,1.15
2019-05-12,Internazionali BNL d'Italia,1st Round,Clay,Bautista Agut R.,Seppi A.,20.0,65.0,1.22,4.0,1.23,4.7,1.29,4.7
2019-05-12,Internazionali BNL d'Italia,1st Round,Clay,Sinner J.,Johnson S.,263.0,59.0,2.1,1.66,2.31,1.69,2.35,1.75
2019-05-12,Internazionali BNL d'Italia,1st Round,Clay,Berrettini M.,Pouille L.,33.0,25.0,1.36,3.0,1.4,3.21,1.42,3.25
2019-05-12,Mutua Madrid Open,The Final,Clay,Djokovic N.,Tsitsipas S.,1.0,9.0,1.4,3.0,1.51,2.79,1.51,3.0
2019-05-12,Internazionali BNL d'Italia,1st Round,Clay,Basilashvili N.,Fucsovics M.,18.0,37.0,2.5,1.5,2.71,1.52,2.75,1.56
2019-05-12,Internazionali BNL d'Italia,1st Round,Clay,Kohlschreiber P.,Simon G.,56.0,28.0,1.36,3.0,1.37,3.4,1.41,3.4
2019-05-13,Internazionali BNL d'Italia,1st Round,Clay,Ramos-Vinolas A.,Monfils G.,88.0,16.0,3.4,1.3,3.47,1.36,3.64,1.37
2019-05-13,Internazionali BNL d'Italia,1st Round,Clay,Fognini F.,Tsonga J.W.,12.0,92.0,1.36,3.0,1.36,3.43,1.44,3.6
2019-05-13,Internazionali BNL d'Italia,1st Round,Clay,Norrie C.,Millman J.,45.0,57.0,1.9,1.8,1.96,1.94,2.0,2.01
2019-05-13,Internazionali BNL d'Italia,1st Round,Clay,Cecchinato M.,De Minaur A.,19.0,26.0,1.25,3.75,1.27,4.26,1.29,4.5
2019-05-13,Internazionali BNL d'Italia,1st Round,Clay,Shapovalov D.,Carreno Busta P.,22.0,43.0,1.66,2.1,1.73,2.24,1.75,2.3
2019-05-13,Internazionali BNL d'Italia,1st Round,Clay,Khachanov K.,Sonego L.,13.0,67.0,1.66,2.1,1.85,2.06,1.87,2.14
2019-05-13,Internazionali BNL d'Italia,1st Round,Clay,Verdasco F.,Edmund K.,38.0,27.0,2.1,1.66,2.29,1.7,2.3,1.83
2019-05-13,Internazionali BNL d'Italia,1st Round,Clay,Djere L.,Kukushkin M.,32.0,47.0,1.4,2.75,1.42,3.11,1.47,3.25
2019-05-13,Internazionali BNL d'Italia,1st Round,Clay,Coric B.,Auger-Aliassime F.,15.0,30.0,2.0,1.72,2.04,1.87,2.1,1.88
2019-05-13,Internazionali BNL d'Italia,1st Round,Clay,Ruud C.,Evans D.,76.0,83.0,1.36,3.0,1.45,2.97,1.47,3.25
2019-05-14,Internazionali BNL d'Italia,1st Round,Clay,Kyrgios N.,Medvedev D.,36.0,14.0,3.0,1.36,3.24,1.4,3.5,1.44
2019-05-14,Internazionali BNL d'Italia,2nd Round,Clay,Basilashvili N.,Djere L.,18.0,32.0,2.25,1.57,2.28,1.71,2.4,1.71
2019-05-14,Internazionali BNL d'Italia,2nd Round,Clay,Berrettini M.,Zverev A.,33.0,5.0,2.37,1.53,2.34,1.68,2.45,1.68
2019-05-14,Internazionali BNL d'Italia,2nd Round,Clay,Khachanov K.,Bautista Agut R.,13.0,20.0,2.1,1.66,2.4,1.65,2.4,1.75
2019-05-14,Internazionali BNL d'Italia,1st Round,Clay,Struff J.L.,Dimitrov G.,51.0,48.0,2.1,1.66,2.16,1.78,2.25,1.78
2019-05-14,Internazionali BNL d'Italia,1st Round,Clay,Cilic M.,Basso A.,10.0,416.0,1.07,9.0,1.1,8.61,1.11,10.2
2019-05-14,Internazionali BNL d'Italia,1st Round,Clay,Schwartzman D.,Nishioka Y.,24.0,75.0,1.36,3.0,1.46,2.95,1.47,3.07
2019-05-14,Internazionali BNL d'Italia,2nd Round,Clay,Coric B.,Norrie C.,15.0,45.0,1.22,4.0,1.24,4.6,1.27,4.9
2019-05-14,Internazionali BNL d'Italia,1st Round,Clay,Chardy J.,Gasquet R.,42.0,39.0,1.57,2.25,1.73,2.24,1.8,2.35
2019-05-14,Internazionali BNL d'Italia,1st Round,Clay,Goffin D.,Wawrinka S.,23.0,29.0,2.5,1.5,2.73,1.52,2.73,1.57
2019-05-14,Internazionali BNL d'Italia,1st Round,Clay,Fritz T.,Pella G.,52.0,21.0,3.0,1.36,3.25,1.4,3.28,1.42
2019-05-14,Internazionali BNL d'Italia,1st Round,Clay,Albot R.,Paire B.,44.0,46.0,2.62,1.44,2.81,1.5,2.9,1.5
2019-05-14,Internazionali BNL d'Italia,1st Round,Clay,Sousa J.,Tiafoe F.,72.0,34.0,2.75,1.4,2.83,1.49,2.86,1.52
2019-05-16,Internazionali BNL d'Italia,3rd Round,Clay,Verdasco F.,Khachanov K.,38.0,13.0,2.62,1.5,2.91,1.47,2.91,1.55
2019-05-16,Internazionali BNL d'Italia,3rd Round,Clay,Federer R.,Coric B.,3.0,15.0,1.57,2.37,1.53,2.69,1.57,2.75
2019-05-16,Internazionali BNL d'Italia,3rd Round,Clay,Schwartzman D.,Berrettini M.,24.0,33.0,2.5,1.53,2.41,1.64,2.55,1.66
2019-05-16,Internazionali BNL d'Italia,3rd Round,Clay,Nishikori K.,Struff J.L.,6.0,51.0,1.44,2.75,1.5,2.79,1.54,2.86
2019-05-16,Internazionali BNL d'Italia,2nd Round,Clay,Fognini F.,Albot R.,12.0,44.0,1.28,3.5,1.27,4.27,1.31,4.35
2019-05-16,Internazionali BNL d'Italia,3rd Round,Clay,Nadal R.,Basilashvili N.,2.0,18.0,1.05,11.0,1.04,15.07,1.08,15.07
2019-05-16,Internazionali BNL d'Italia,3rd Round,Clay,Tsitsipas S.,Fognini F.,7.0,12.0,1.44,2.75,1.53,2.71,1.57,2.81
2019-05-16,Internazionali BNL d'Italia,3rd Round,Clay,Djokovic N.,Kohlschreiber P.,1.0,56.0,1.08,8.0,1.11,7.88,1.12,10.0
2019-05-16,Internazionali BNL d'Italia,3rd Round,Clay,Del Potro J.M.,Ruud C.,9.0,76.0,1.36,3.2,1.42,3.14,1.44,3.3
2019-05-16,Internazionali BNL d'Italia,2nd Round,Clay,Kohlschreiber P.,Cecchinato M.,56.0,19.0,2.2,1.61,2.22,1.74,2.3,1.77
2019-05-16,Internazionali BNL d'Italia,2nd Round,Clay,Verdasco F.,Thiem D.,38.0,4.0,5.0,1.16,5.31,1.2,5.65,1.21
2019-05-16,Internazionali BNL d'Italia,2nd Round,Clay,Tsitsipas S.,Sinner J.,7.0,263.0,1.14,5.5,1.13,6.99,1.15,7.0
2019-05-16,Internazionali BNL d'Italia,2nd Round,Clay,Schwartzman D.,Ramos-Vinolas A.,24.0,88.0,1.44,2.62,1.47,2.9,1.49,2.95
2019-05-16,Internazionali BNL d'Italia,2nd Round,Clay,Nishikori K.,Fritz T.,6.0,52.0,1.28,3.5,1.34,3.59,1.36,3.7
2019-05-16,Internazionali BNL d'Italia,2nd Round,Clay,Federer R.,Sousa J.,3.0,72.0,1.07,9.0,1.09,9.06,1.1,10.2
2019-05-16,Internazionali BNL d'Italia,2nd Round,Clay,Djokovic N.,Shapovalov D.,1.0,22.0,1.1,7.0,1.11,8.21,1.13,8.21
2019-05-16,Internazionali BNL d'Italia,2nd Round,Clay,Nadal R.,Chardy J.,2.0,42.0,1.05,11.0,1.05,14.31,1.06,15.25
2019-05-16,Internazionali BNL d'Italia,2nd Round,Clay,Del Potro J.M.,Goffin D.,9.0,23.0,2.25,1.57,2.43,1.63,2.45,1.69
2019-05-16,Internazionali BNL d'Italia,2nd Round,Clay,Ruud C.,Kyrgios N.,76.0,36.0,2.25,1.57,2.26,1.72,2.35,1.72
2019-05-16,Internazionali BNL d'Italia,2nd Round,Clay,Struff J.L.,Cilic M.,51.0,10.0,2.37,1.53,2.49,1.61,2.5,1.67
2019-05-17,Internazionali BNL d'Italia,Quarterfinals,Clay,Schwartzman D.,Nishikori K.,24.0,6.0,2.5,1.53,2.6,1.57,2.6,1.63
2019-05-17,Internazionali BNL d'Italia,Quarterfinals,Clay,Nadal R.,Verdasco F.,2.0,38.0,1.05,11.0,1.05,14.02,1.06,16.5
2019-05-17,Internazionali BNL d'Italia,Quarterfinals,Clay,Tsitsipas S.,Federer R.,7.0,3.0,1.66,2.2,1.72,2.28,1.71,2.2
2019-05-17,Internazionali BNL d'Italia,Quarterfinals,Clay,Djokovic N.,Del Potro J.M.,1.0,9.0,1.1,7.0,1.13,7.52,1.15,7.61
2019-05-18,Internazionali BNL d'Italia,Semifinals,Clay,Nadal R.,Tsitsipas S.,2.0,7.0,1.25,4.0,1.22,4.92,1.3,4.92
2019-05-18,Internazionali BNL d'Italia,Semifinals,Clay,Djokovic N.,Schwartzman D.,1.0,24.0,1.11,6.5,1.14,6.95,1.15,7.5
2019-05-19,Lyon Open,1st Round,Clay,Tsonga J.W.,Lajovic D.,85.0,33.0,1.57,2.25,1.66,2.35,1.69,2.35
2019-05-19,Geneva Open,1st Round,Clay,Londero J.I.,Zverev M.,78.0,103.0,1.22,4.0,1.28,4.05,1.28,4.6
2019-05-19,Lyon Open,1st Round,Clay,Millman J.,Andujar P.,55.0,93.0,2.1,1.66,2.2,1.74,2.34,1.8
2019-05-19,Internazionali BNL d'Italia,The Final,Clay,Nadal R.,Djokovic N.,2.0,1.0,1.44,2.75,1.57,2.61,1.57,2.79
2019-05-19,Geneva Open,1st Round,Clay,Gulbis E.,Nishioka Y.,80.0,71.0,2.37,1.53,2.61,1.55,2.86,1.57
2019-05-20,Lyon Open,1st Round,Clay,Humbert U.,Norrie C.,61.0,41.0,2.5,1.5,2.63,1.54,2.75,1.54
2019-05-20,Lyon Open,1st Round,Clay,Johnson S.,Harris L.,59.0,89.0,,,,,1.62,2.31
2019-05-20,Lyon Open,1st Round,Clay,Herbert P.H.,Chardy J.,42.0,40.0,2.0,1.72,2.1,1.81,2.18,1.83
2019-05-20,Lyon Open,1st Round,Clay,Lamasine T.,Sinner J.,270.0,229.0,2.37,1.53,2.7,1.5,2.94,1.55
2019-05-20,Lyon Open,1st Round,Clay,Diez S.,Tomic B.,262.0,82.0,1.72,2.0,1.88,2.01,1.88,2.14
2019-05-20,Lyon Open,1st Round,Clay,Fritz T.,Vesely J.,46.0,105.0,1.61,2.2,1.74,2.21,1.74,2.27
2019-05-20,Lyon Open,1st Round,Clay,Gasquet R.,Janvier M.,39.0,199.0,1.33,3.25,1.39,3.23,1.39,3.43
2019-05-20,Geneva Open,1st Round,Clay,Kudla D.,Thompson J.,79.0,69.0,2.25,1.57,2.36,1.65,2.4,1.67
2019-05-20,Geneva Open,1st Round,Clay,Tipsarevic J.,Gojowczyk P.,317.0,96.0,2.37,1.53,2.49,1.59,2.63,1.66
2019-05-20,Geneva Open,1st Round,Clay,Albot R.,Sonego L.,45.0,73.0,2.37,1.53,2.46,1.61,2.65,1.61
2019-05-20,Geneva Open,1st Round,Clay,Jarry N.,Ebden M.,75.0,64.0,1.14,5.5,1.15,6.31,1.17,7.0
2019-05-20,Geneva Open,1st Round,Clay,Dellien H.,Seppi A.,92.0,66.0,1.8,1.9,1.81,2.1,1.92,2.1
2019-05-20,Geneva Open,1st Round,Clay,Daniel T.,Zapata Miralles B.,107.0,238.0,1.53,2.37,1.68,2.3,1.69,2.45
2019-05-21,Lyon Open,1st Round,Clay,Moutet C.,Opelka R.,117.0,58.0,2.37,1.53,2.63,1.54,2.75,1.58
2019-05-21,Lyon Open,2nd Round,Clay,Johnson S.,Herbert P.H.,59.0,42.0,2.5,1.5,2.75,1.52,2.8,1.52
2019-05-21,Lyon Open,2nd Round,Clay,Auger-Aliassime F.,Millman J.,28.0,55.0,1.5,2.5,1.48,2.87,1.55,2.91
2019-05-21,Lyon Open,1st Round,Clay,Paire B.,Mcdonald M.,51.0,65.0,1.36,3.0,1.33,3.58,1.39,3.58
2019-05-21,Lyon Open,1st Round,Clay,Cuevas P.,Hurkacz H.,50.0,43.0,1.66,2.1,1.83,2.08,1.83,2.27
2019-05-21,Geneva Open,2nd Round,Clay,Dellien H.,Tipsarevic J.,92.0,317.0,1.44,2.62,1.47,2.9,1.5,2.9
2019-05-21,Geneva Open,1st Round,Clay,Ramos-Vinolas A.,Mannarino A.,91.0,49.0,1.3,3.4,1.37,3.32,1.38,3.46
2019-05-21,Geneva Open,1st Round,Clay,Sousa J.,Mayer L.,70.0,68.0,1.9,1.8,2.13,1.79,2.15,1.87
2019-05-21,Geneva Open,1st Round,Clay,Delbonis F.,Dimitrov G.,84.0,47.0,2.75,1.4,2.81,1.49,2.94,1.52
2019-05-21,Geneva Open,1st Round,Clay,Dzumhur D.,Lopez F.,57.0,108.0,1.5,2.5,1.51,2.71,1.56,2.71
2019-05-21,Geneva Open,2nd Round,Clay,Zverev A.,Gulbis E.,5.0,80.0,1.18,4.5,1.17,5.99,1.22,6.09
2019-05-22,Geneva Open,2nd Round,Clay,Delbonis F.,Fucsovics M.,84.0,38.0,1.9,1.8,2.04,1.87,2.05,1.91
2019-05-22,Lyon Open,2nd Round,Clay,Paire B.,Cuevas P.,51.0,50.0,2.62,1.44,2.68,1.53,2.75,1.58
2019-05-22,Lyon Open,2nd Round,Clay,Shapovalov D.,Humbert U.,23.0,61.0,1.44,2.62,1.5,2.82,1.53,2.86
2019-05-22,Geneva Open,2nd Round,Clay,Albot R.,Londero J.I.,45.0,78.0,1.72,2.0,1.8,2.13,1.87,2.13
2019-05-22,Lyon Open,2nd Round,Clay,Fritz T.,Gasquet R.,46.0,39.0,1.57,2.25,1.54,2.66,1.63,2.7
2019-05-22,Geneva Open,2nd Round,Clay,Jarry N.,Kudla D.,75.0,79.0,1.4,2.75,1.42,3.11,1.48,3.2
2019-05-22,Geneva Open,2nd Round,Clay,Ramos-Vinolas A.,Sousa J.,91.0,70.0,1.57,2.25,1.64,2.41,1.69,2.41
2019-05-22,Geneva Open,2nd Round,Clay,Dzumhur D.,Wawrinka S.,57.0,27.0,3.75,1.25,4.22,1.27,4.38,1.29
2019-05-22,Lyon Open,2nd Round,Clay,Bautista Agut R.,Moutet C.,21.0,117.0,1.16,5.0,1.24,4.55,1.26,5.0
2019-05-22,Lyon Open,2nd Round,Clay,Tsonga J.W.,Diez S.,85.0,262.0,1.18,4.5,1.2,5.3,1.23,5.3
2019-05-22,Lyon Open,2nd Round,Clay,Basilashvili N.,Lamasine T.,18.0,270.0,1.25,3.75,1.25,4.42,1.29,4.42
2019-05-22,Geneva Open,2nd Round,Clay,Daniel T.,Garin C.,107.0,37.0,3.25,1.33,3.6,1.34,3.88,1.37
2019-05-23,Lyon Open,Quarterfinals,Clay,Paire B.,Shapovalov D.,51.0,23.0,1.8,2.0,1.88,2.04,1.88,2.11
2019-05-23,Lyon Open,Quarterfinals,Clay,Auger-Aliassime F.,Johnson S.,28.0,59.0,1.3,3.5,1.38,3.37,1.38,3.5
2019-05-23,Lyon Open,Quarterfinals,Clay,Basilashvili N.,Tsonga J.W.,18.0,85.0,2.1,1.72,2.2,1.77,2.3,1.8
2019-05-23,Lyon Open,Quarterfinals,Clay,Fritz T.,Bautista Agut R.,46.0,21.0,2.37,1.57,2.47,1.63,2.68,1.63
2019-05-23,Geneva Open,Quarterfinals,Clay,Zverev A.,Dellien H.,5.0,92.0,1.14,5.5,1.2,5.29,1.2,6.0
2019-05-23,Geneva Open,Quarterfinals,Clay,Delbonis F.,Ramos-Vinolas A.,84.0,91.0,1.66,2.2,1.67,2.38,1.91,2.38
2019-05-23,Geneva Open,Quarterfinals,Clay,Albot R.,Dzumhur D.,45.0,57.0,1.72,2.1,1.83,2.12,2.04,2.13
2019-05-23,Geneva Open,Quarterfinals,Clay,Jarry N.,Daniel T.,75.0,107.0,1.44,2.75,1.47,2.95,1.49,3.02
2019-05-24,Geneva Open,Semifinals,Clay,Zverev A.,Delbonis F.,5.0,84.0,1.4,3.0,1.46,2.98,1.48,3.1
2019-05-24,Geneva Open,Semifinals,Clay,Jarry N.,Albot R.,75.0,45.0,1.8,2.0,1.75,2.24,1.85,2.35
2019-05-24,Lyon Open,Semifinals,Clay,Paire B.,Fritz T.,51.0,46.0,2.1,1.72,2.1,1.84,2.25,1.84
2019-05-24,Lyon Open,Semifinals,Clay,Auger-Aliassime F.,Basilashvili N.,28.0,18.0,1.66,2.2,1.67,2.38,1.76,2.4
2019-05-25,Lyon Open,The Final,Clay,Paire B.,Auger-Aliassime F.,51.0,28.0,2.0,1.8,2.1,1.84,2.1,1.91
2019-05-25,Geneva Open,The Final,Clay,Zverev A.,Jarry N.,5.0,75.0,1.44,2.75,1.49,2.89,1.5,2.97
2019-05-26,French Open,1st Round,Clay,Federer R.,Sonego L.,3.0,74.0,1.11,6.5,1.11,8.01,1.15,8.01
2019-05-26,French Open,1st Round,Clay,Mayer L.,Vesely J.,68.0,105.0,1.66,2.2,1.66,2.37,1.7,2.47
2019-05-26,French Open,1st Round,Clay,Goffin D.,Berankis R.,29.0,73.0,1.08,8.0,1.07,10.68,1.1,10.68
2019-05-26,French Open,1st Round,Clay,Djere L.,Ramos-Vinolas A.,32.0,87.0,1.72,2.1,1.77,2.18,1.78,2.18
2019-05-26,French Open,1st Round,Clay,Schwartzman D.,Fucsovics M.,20.0,50.0,1.28,3.75,1.38,3.36,1.38,3.76
2019-05-26,French Open,1st Round,Clay,Dellien H.,Gunneswaran P.,86.0,88.0,1.2,4.5,1.24,4.62,1.24,4.85
2019-05-26,French Open,1st Round,Clay,Mahut N.,Cecchinato M.,252.0,19.0,8.0,1.08,8.18,1.11,9.3,1.13
2019-05-26,French Open,1st Round,Clay,Kohlschreiber P.,Haase R.,54.0,67.0,1.22,4.33,1.25,4.42,1.26,4.42
2019-05-26,French Open,1st Round,Clay,Otte O.,Jaziri M.,144.0,92.0,1.8,2.0,1.79,2.15,1.82,2.15
2019-05-26,French Open,1st Round,Clay,Cilic M.,Fabbiano T.,13.0,96.0,1.08,8.0,1.08,10.62,1.11,10.62
2019-05-26,French Open,1st Round,Clay,Popyrin A.,Humbert U.,109.0,61.0,2.0,1.8,2.12,1.81,2.18,1.85
2019-05-26,French Open,1st Round,Clay,Ruud C.,Gulbis E.,63.0,79.0,1.28,3.75,1.28,4.15,1.31,4.15
2019-05-26,French Open,1st Round,Clay,Nishikori K.,Halys Q.,7.0,151.0,1.14,5.5,1.15,6.48,1.18,6.48
2019-05-26,French Open,1st Round,Clay,Dimitrov G.,Tipsarevic J.,46.0,303.0,1.16,5.0,1.2,5.21,1.2,5.5
2019-05-26,French Open,1st Round,Clay,Tsitsipas S.,Marterer M.,6.0,116.0,1.03,15.0,1.03,17.6,1.04,21.0
2019-05-26,French Open,1st Round,Clay,Berrettini M.,Andujar P.,31.0,93.0,1.2,4.5,1.19,5.42,1.22,5.42
2019-05-27,French Open,1st Round,Clay,Thiem D.,Paul T.,4.0,131.0,1.02,19.0,1.02,21.16,1.03,26.5
2019-05-27,French Open,1st Round,Clay,Struff J.L.,Shapovalov D.,45.0,24.0,1.57,2.37,1.53,2.71,1.58,2.71
2019-05-27,French Open,1st Round,Clay,Cuevas P.,Janvier M.,47.0,190.0,1.16,5.0,1.17,5.86,1.18,5.86
2019-05-27,French Open,1st Round,Clay,Bublik A.,Molleker R.,91.0,173.0,3.2,1.36,3.28,1.39,3.5,1.4
2019-05-27,French Open,1st Round,Clay,Albot R.,Sandgren T.,40.0,100.0,1.33,3.4,1.33,3.66,1.36,3.79
2019-05-27,French Open,1st Round,Clay,Paire B.,Copil M.,38.0,83.0,1.14,5.5,1.21,5.12,1.21,5.6
2019-05-27,French Open,1st Round,Clay,Harris L.,Rosol L.,90.0,149.0,1.57,2.37,1.63,2.45,1.64,2.49
2019-05-27,French Open,1st Round,Clay,Djokovic N.,Hurkacz H.,1.0,44.0,1.03,15.0,1.04,16.35,1.05,17.0
2019-05-27,French Open,1st Round,Clay,Caruso S.,Munar J.,147.0,53.0,3.75,1.28,4.21,1.27,4.21,1.31
2019-05-27,French Open,1st Round,Clay,Tsonga J.W.,Gojowczyk P.,82.0,121.0,1.22,4.33,1.22,4.89,1.23,5.0
2019-05-27,French Open,1st Round,Clay,Wawrinka S.,Kovalik J.,28.0,132.0,1.11,6.5,1.1,8.72,1.14,8.72
2019-05-27,French Open,1st Round,Clay,Pella G.,Andreozzi G.,23.0,101.0,1.2,4.5,1.26,4.34,1.26,5.0
2019-05-27,French Open,1st Round,Clay,Simon G.,Stakhovsky S.,33.0,111.0,1.12,6.0,1.14,6.87,1.15,6.87
2019-05-27,French Open,1st Round,Clay,Nadal R.,Hanfmann Y.,2.0,180.0,1.005,29.0,1.005,35.08,1.02,40.0
2019-05-27,French Open,1st Round,Clay,Londero J.I.,Basilashvili N.,78.0,16.0,2.5,1.53,2.6,1.56,2.78,1.6
2019-05-27,French Open,1st Round,Clay,Coric B.,Bedene A.,15.0,95.0,1.2,4.5,1.18,5.61,1.22,5.65
2019-05-27,French Open,1st Round,Clay,Carreno Busta P.,Sousa J.,57.0,70.0,1.8,2.0,1.8,2.13,1.91,2.17
2019-05-27,French Open,1st Round,Clay,De Minaur A.,Klahn B.,25.0,89.0,1.2,4.5,1.17,5.85,1.22,5.85
2019-05-27,French Open,1st Round,Clay,Herbert P.H.,Medvedev D.,43.0,14.0,3.4,1.33,3.56,1.34,3.56,1.36
2019-05-27,French Open,1st Round,Clay,Krajinovic F.,Tiafoe F.,60.0,34.0,1.44,2.75,1.42,3.13,1.5,3.14
2019-05-27,French Open,1st Round,Clay,Kecmanovic M.,Kudla D.,85.0,81.0,1.5,2.62,1.45,2.97,1.52,2.97
2019-05-27,French Open,1st Round,Clay,Maden Y.,Coppejans K.,114.0,178.0,1.44,2.75,1.46,2.94,1.5,2.94
2019-05-27,French Open,1st Round,Clay,Garin C.,Opelka R.,37.0,59.0,1.4,3.0,1.38,3.33,1.42,3.35
2019-05-27,French Open,1st Round,Clay,Gasquet R.,Zverev M.,39.0,102.0,1.11,6.5,1.15,6.55,1.16,7.5
2019-05-27,French Open,1st Round,Clay,Carballes Baena R.,Muller A.,76.0,304.0,1.2,4.5,1.18,5.68,1.22,5.68
2019-05-27,French Open,1st Round,Clay,Moutet C.,Vatutin A.,110.0,212.0,1.44,2.75,1.52,2.74,1.57,2.88
2019-05-27,French Open,1st Round,Clay,Laaksonen H.,Martinez P.,104.0,134.0,1.9,1.9,1.95,1.95,1.98,2.03
2019-05-28,French Open,1st Round,Clay,Bautista Agut R.,Johnson S.,21.0,65.0,1.22,4.33,1.19,5.38,1.23,5.38
2019-05-28,French Open,1st Round,Clay,Monfils G.,Daniel T.,17.0,103.0,1.12,6.0,1.12,7.68,1.15,7.68
2019-05-28,French Open,1st Round,Clay,Mannarino A.,Travaglia S.,48.0,119.0,2.5,1.53,2.93,1.47,2.93,1.55
2019-05-28,French Open,1st Round,Clay,Hoang A.,Dzumhur D.,146.0,52.0,3.4,1.33,3.64,1.33,3.64,1.35
2019-05-28,French Open,1st Round,Clay,Barrere G.,Ebden M.,127.0,64.0,1.25,4.0,1.27,4.24,1.36,4.33
2019-05-28,French Open,1st Round,Clay,Verdasco F.,Evans D.,27.0,80.0,1.22,4.33,1.22,4.9,1.25,4.9
2019-05-28,French Open,1st Round,Clay,Pouille L.,Bolelli S.,26.0,187.0,1.4,3.0,1.45,3.0,1.45,3.05
2019-05-28,French Open,1st Round,Clay,Khachanov K.,Stebe C.M.,11.0,,1.04,13.0,1.05,13.87,1.06,15.25
2019-05-28,French Open,1st Round,Clay,Klizan M.,Kukushkin M.,55.0,51.0,1.57,2.37,1.6,2.5,1.6,2.63
2019-05-28,French Open,1st Round,Clay,Thompson J.,Davidovich Fokina A.,69.0,133.0,2.75,1.44,2.76,1.51,2.88,1.51
2019-05-28,French Open,1st Round,Clay,Edmund K.,Chardy J.,30.0,41.0,1.72,2.1,1.78,2.17,1.8,2.17
2019-05-28,French Open,1st Round,Clay,Lajovic D.,Monteiro T.,35.0,112.0,1.44,2.75,1.55,2.64,1.55,2.8
2019-05-28,French Open,1st Round,Clay,Karlovic I.,Lopez F.,94.0,108.0,2.75,1.44,2.66,1.54,2.79,1.61
2019-05-28,French Open,1st Round,Clay,Fritz T.,Tomic B.,42.0,84.0,1.14,5.5,1.14,6.97,1.16,7.3
2019-05-28,French Open,1st Round,Clay,Delbonis F.,Garcia-Lopez G.,75.0,136.0,1.3,3.5,1.34,3.63,1.34,3.7
2019-05-28,French Open,1st Round,Clay,Del Potro J.M.,Jarry N.,9.0,58.0,1.3,3.5,1.28,4.15,1.32,4.25
2019-05-28,French Open,1st Round,Clay,Fognini F.,Seppi A.,12.0,71.0,1.16,5.0,1.16,6.06,1.18,6.25
2019-05-28,French Open,1st Round,Clay,Nishioka Y.,Mcdonald M.,72.0,66.0,1.33,3.4,1.32,3.72,1.42,3.72
2019-05-28,French Open,1st Round,Clay,Benchetrit E.,Norrie C.,273.0,49.0,2.3,1.61,2.24,1.73,2.35,1.73
2019-05-28,French Open,1st Round,Clay,Ymer M.,Rola B.,148.0,183.0,1.61,2.3,1.69,2.3,1.7,2.35
2019-05-28,French Open,1st Round,Clay,Zverev A.,Millman J.,5.0,56.0,1.11,6.5,1.13,7.01,1.15,7.3
2019-05-29,French Open,2nd Round,Clay,Mahut N.,Kohlschreiber P.,252.0,54.0,7.0,1.1,7.53,1.12,7.95,1.13
2019-05-29,French Open,2nd Round,Clay,Carreno Busta P.,De Minaur A.,57.0,25.0,1.4,3.0,1.48,2.88,1.48,3.25
2019-05-29,French Open,2nd Round,Clay,Paire B.,Herbert P.H.,38.0,43.0,1.44,2.75,1.48,2.86,1.48,3.02
2019-05-29,French Open,2nd Round,Clay,Federer R.,Otte O.,3.0,144.0,1.02,19.0,1.01,26.81,1.03,26.81
2019-05-29,French Open,2nd Round,Clay,Dimitrov G.,Cilic M.,46.0,13.0,2.5,1.53,2.55,1.58,2.7,1.58
2019-05-29,French Open,2nd Round,Clay,Ruud C.,Berrettini M.,63.0,31.0,2.5,1.53,2.68,1.53,2.75,1.55
2019-05-29,French Open,2nd Round,Clay,Krajinovic F.,Carballes Baena R.,60.0,76.0,1.4,3.0,1.45,2.98,1.47,3.0
2019-05-29,French Open,2nd Round,Clay,Wawrinka S.,Garin C.,28.0,37.0,1.53,2.5,1.54,2.67,1.59,2.67
2019-05-29,French Open,2nd Round,Clay,Londero J.I.,Gasquet R.,78.0,39.0,2.0,1.8,1.99,1.91,2.03,1.95
2019-05-29,French Open,2nd Round,Clay,Nishikori K.,Tsonga J.W.,7.0,82.0,1.33,3.4,1.39,3.27,1.4,3.6
2019-05-29,French Open,2nd Round,Clay,Goffin D.,Kecmanovic M.,29.0,85.0,1.12,6.0,1.12,7.45,1.14,8.8
2019-05-29,French Open,2nd Round,Clay,Nadal R.,Maden Y.,2.0,114.0,1.002,41.0,1.01,31.85,1.01,67.0
2019-05-29,French Open,2nd Round,Clay,Moutet C.,Pella G.,110.0,23.0,3.75,1.28,4.34,1.26,4.5,1.29
2019-05-29,French Open,2nd Round,Clay,Tsitsipas S.,Dellien H.,6.0,86.0,1.1,7.0,1.08,10.03,1.11,10.2
2019-05-29,French Open,2nd Round,Clay,Djere L.,Popyrin A.,32.0,109.0,1.22,4.33,1.27,4.22,1.27,4.4
2019-05-30,French Open,2nd Round,Clay,Fognini F.,Delbonis F.,12.0,75.0,1.44,2.75,1.48,2.87,1.48,2.92
2019-05-30,French Open,2nd Round,Clay,Khachanov K.,Barrere G.,11.0,127.0,1.1,7.0,1.14,6.87,1.14,8.1
2019-05-30,French Open,2nd Round,Clay,Bautista Agut R.,Fritz T.,21.0,42.0,1.44,2.75,1.49,2.84,1.49,2.95
2019-05-30,French Open,2nd Round,Clay,Coric B.,Harris L.,15.0,90.0,1.08,8.0,1.08,10.46,1.09,10.75
2019-05-30,French Open,2nd Round,Clay,Monfils G.,Mannarino A.,17.0,48.0,1.1,7.0,1.1,8.43,1.14,8.55
2019-05-30,French Open,2nd Round,Clay,Del Potro J.M.,Nishioka Y.,9.0,72.0,1.08,8.0,1.09,9.52,1.1,11.25
2019-05-30,French Open,2nd Round,Clay,Thompson J.,Karlovic I.,69.0,94.0,1.53,2.5,1.49,2.84,1.57,2.84
2019-05-30,French Open,2nd Round,Clay,Struff J.L.,Albot R.,45.0,40.0,1.36,3.2,1.42,3.11,1.45,3.38
2019-05-30,French Open,2nd Round,Clay,Djokovic N.,Laaksonen H.,1.0,104.0,1.005,29.0,1.005,36.33,1.02,39.0
2019-05-30,French Open,2nd Round,Clay,Hoang A.,Verdasco F.,146.0,27.0,6.0,1.12,6.41,1.15,7.0,1.15
2019-05-30,French Open,2nd Round,Clay,Zverev A.,Ymer M.,5.0,148.0,1.14,5.5,1.13,7.01,1.15,7.4
2019-05-30,French Open,2nd Round,Clay,Mayer L.,Schwartzman D.,68.0,20.0,3.5,1.3,3.69,1.33,3.69,1.34
2019-05-30,French Open,2nd Round,Clay,Caruso S.,Simon G.,147.0,33.0,3.5,1.3,3.35,1.38,3.54,1.41
2019-05-30,French Open,2nd Round,Clay,Thiem D.,Bublik A.,4.0,91.0,1.02,19.0,1.01,27.83,1.03,27.83
2019-05-30,French Open,2nd Round,Clay,Cuevas P.,Edmund K.,47.0,30.0,1.61,2.3,1.6,2.5,1.74,2.5
2019-05-30,French Open,2nd Round,Clay,Lajovic D.,Benchetrit E.,35.0,273.0,1.3,3.5,1.33,3.65,1.4,3.8
2019-05-31,French Open,3rd Round,Clay,Londero J.I.,Moutet C.,78.0,110.0,1.57,2.37,1.64,2.42,1.64,2.55
2019-05-31,French Open,3rd Round,Clay,Nadal R.,Goffin D.,2.0,29.0,1.03,15.0,1.05,14.01,1.05,21.0
2019-05-31,French Open,3rd Round,Clay,Federer R.,Ruud C.,3.0,63.0,1.11,6.5,1.14,6.87,1.15,7.45
2019-05-31,French Open,3rd Round,Clay,Mayer L.,Mahut N.,68.0,252.0,1.25,4.0,1.25,4.48,1.3,4.5
2019-05-31,French Open,3rd Round,Clay,Paire B.,Carreno Busta P.,38.0,57.0,2.3,1.61,2.27,1.71,2.51,1.71
2019-05-31,French Open,3rd Round,Clay,Nishikori K.,Djere L.,7.0,32.0,1.3,3.5,1.32,3.79,1.35,3.82
2019-05-31,French Open,2nd Round,Clay,Klizan M.,Pouille L.,55.0,26.0,3.0,1.4,3.1,1.43,3.1,1.5
2019-06-01,French Open,3rd Round,Clay,Fognini F.,Bautista Agut R.,12.0,21.0,1.66,2.2,1.71,2.27,1.74,2.27
2019-06-01,French Open,3rd Round,Clay,Zverev A.,Lajovic D.,5.0,35.0,1.3,3.5,1.33,3.67,1.36,3.82
2019-06-01,French Open,3rd Round,Clay,Tsitsipas S.,Krajinovic F.,6.0,60.0,1.16,5.0,1.18,5.61,1.19,5.7
2019-06-01,French Open,3rd Round,Clay,Struff J.L.,Coric B.,45.0,15.0,3.0,1.4,2.96,1.46,3.38,1.46
2019-06-01,French Open,3rd Round,Clay,Wawrinka S.,Dimitrov G.,28.0,46.0,1.33,3.4,1.4,3.2,1.4,3.5
2019-06-01,French Open,3rd Round,Clay,Djokovic N.,Caruso S.,1.0,147.0,1.005,29.0,1.01,25.7,1.02,39.0
2019-06-01,French Open,3rd Round,Clay,Thiem D.,Cuevas P.,4.0,47.0,1.2,4.5,1.27,4.27,1.27,4.56
2019-06-01,French Open,3rd Round,Clay,Monfils G.,Hoang A.,17.0,146.0,1.08,8.0,1.09,9.44,1.11,9.5
2019-06-01,French Open,3rd Round,Clay,Del Potro J.M.,Thompson J.,9.0,69.0,1.28,3.75,1.31,3.79,1.32,4.2
2019-06-01,French Open,3rd Round,Clay,Khachanov K.,Klizan M.,11.0,55.0,1.3,3.5,1.31,3.81,1.32,3.85
2019-06-02,French Open,4th Round,Clay,Wawrinka S.,Tsitsipas S.,28.0,6.0,2.1,1.72,2.2,1.77,2.2,1.8
2019-06-02,French Open,4th Round,Clay,Nadal R.,Londero J.I.,2.0,78.0,1.005,34.0,1.01,36.83,1.02,39.0
2019-06-02,French Open,4th Round,Clay,Federer R.,Mayer L.,3.0,68.0,1.08,8.0,1.1,9.05,1.12,9.3
2019-06-03,French Open,4th Round,Clay,Nishikori K.,Paire B.,7.0,38.0,1.44,2.75,1.45,3.05,1.5,3.05
2019-06-03,French Open,4th Round,Clay,Djokovic N.,Struff J.L.,1.0,45.0,1.04,13.0,1.05,15.42,1.05,17.5
2019-06-03,French Open,4th Round,Clay,Thiem D.,Monfils G.,4.0,17.0,1.36,3.2,1.4,3.3,1.4,3.38
2019-06-03,French Open,4th Round,Clay,Zverev A.,Fognini F.,5.0,12.0,2.1,1.72,2.06,1.87,2.12,1.87
2019-06-03,French Open,4th Round,Clay,Khachanov K.,Del Potro J.M.,11.0,9.0,2.75,1.44,3.03,1.45,3.03,1.52
2019-06-04,French Open,Quarterfinals,Clay,Federer R.,Wawrinka S.,3.0,28.0,1.36,3.2,1.42,3.19,1.48,3.32
2019-06-04,French Open,Quarterfinals,Clay,Nadal R.,Nishikori K.,2.0,7.0,1.02,19.0,1.04,18.38,1.04,25.0
2019-06-06,French Open,Quarterfinals,Clay,Djokovic N.,Zverev A.,1.0,5.0,1.1,7.0,1.13,7.31,1.15,7.45
2019-06-06,French Open,Quarterfinals,Clay,Thiem D.,Khachanov K.,4.0,11.0,1.28,3.75,1.31,3.93,1.45,4.0
2019-06-07,French Open,Semifinals,Clay,Nadal R.,Federer R.,2.0,3.0,1.12,6.0,1.15,6.69,1.17,7.0
2019-06-08,French Open,Semifinals,Clay,Thiem D.,Djokovic N.,4.0,1.0,2.75,1.44,3.04,1.45,3.04,1.55
2019-06-09,French Open,The Final,Clay,Nadal R.,Thiem D.,2.0,4.0,1.2,4.75,1.22,5.08,1.3,5.08
2019-06-10,Mercedes Cup,1st Round,Grass,Tsonga J.W.,Zverev M.,79.0,114.0,1.28,3.5,1.26,4.25,1.31,4.55
2019-06-10,Mercedes Cup,1st Round,Grass,Kecmanovic M.,Kohlschreiber P.,83.0,51.0,5.0,1.16,5.32,1.19,5.55,1.22
2019-06-10,Rosmalen Grass Court Championships,1st Round,Grass,Tiafoe F.,Sousa J.,35.0,71.0,1.36,3.0,1.42,3.09,1.43,3.15
2019-06-10,Rosmalen Grass Court Championships,1st Round,Grass,Haase R.,Humbert U.,67.0,64.0,1.57,2.25,1.68,2.3,1.69,2.4
2019-06-10,Rosmalen Grass Court Championships,1st Round,Grass,Thompson J.,Paul T.,62.0,138.0,1.9,1.8,1.83,2.06,2.01,2.06
2019-06-10,Rosmalen Grass Court Championships,1st Round,Grass,Fritz T.,Rodionov J.,41.0,211.0,1.2,4.33,1.21,4.95,1.25,5.7
2019-06-10,Rosmalen Grass Court Championships,1st Round,Grass,Garin C.,Caruso S.,32.0,122.0,1.5,2.5,1.6,2.49,2.63,2.93
2019-06-11,Mercedes Cup,1st Round,Grass,Auger-Aliassime F.,Gulbis E.,21.0,90.0,1.61,2.2,1.64,2.39,1.74,2.39
2019-06-11,Mercedes Cup,1st Round,Grass,Raonic M.,Popyrin A.,18.0,103.0,1.3,3.4,1.28,4.05,1.31,4.05
2019-06-11,Mercedes Cup,1st Round,Grass,Struff J.L.,Shapovalov D.,38.0,25.0,2.0,1.72,2.17,1.76,2.23,1.83
2019-06-11,Mercedes Cup,1st Round,Grass,Fucsovics M.,Munar J.,52.0,74.0,1.3,3.4,1.33,3.64,1.34,3.8
2019-06-11,Mercedes Cup,1st Round,Grass,Kudla D.,Galovic V.,84.0,205.0,1.25,3.75,1.26,4.23,1.29,4.25
2019-06-11,Mercedes Cup,1st Round,Grass,Berrettini M.,Kyrgios N.,30.0,36.0,2.62,1.44,2.84,1.48,2.88,1.54
2019-06-11,Mercedes Cup,1st Round,Grass,Simon G.,Gojowczyk P.,37.0,120.0,1.72,2.0,1.67,2.32,1.79,2.34
2019-06-11,Mercedes Cup,1st Round,Grass,Monfils G.,Johnson S.,16.0,78.0,1.44,2.62,1.44,2.97,1.49,3.1
2019-06-11,Mercedes Cup,1st Round,Grass,Brown D.,Millman J.,170.0,56.0,2.0,1.72,2.05,1.85,2.15,1.85
2019-06-11,Mercedes Cup,1st Round,Grass,Pouille L.,Lopez F.,26.0,108.0,1.83,1.83,1.97,1.92,2.0,2.17
2019-06-11,Rosmalen Grass Court Championships,1st Round,Grass,Gasquet R.,Bedene A.,42.0,93.0,1.36,3.0,1.35,3.43,1.4,3.5
2019-06-11,Rosmalen Grass Court Championships,1st Round,Grass,Jarry N.,Sinner J.,60.0,219.0,1.66,2.1,1.85,2.05,1.85,2.24
2019-06-11,Rosmalen Grass Court Championships,1st Round,Grass,Seppi A.,Fabbiano T.,72.0,104.0,1.4,2.75,1.47,2.87,1.49,3.08
2019-06-11,Rosmalen Grass Court Championships,1st Round,Grass,Goffin D.,Davidovich Fokina A.,33.0,129.0,1.3,3.4,1.35,3.43,1.37,3.5
2019-06-11,Rosmalen Grass Court Championships,1st Round,Grass,Mannarino A.,De Bakker T.,44.0,224.0,1.18,4.5,1.2,5.09,1.24,5.1
2019-06-11,Rosmalen Grass Court Championships,1st Round,Grass,Herbert P.H.,Ebden M.,45.0,66.0,2.1,1.66,2.1,1.81,2.25,1.81
2019-06-11,Rosmalen Grass Court Championships,1st Round,Grass,Kukushkin M.,Sonego L.,47.0,76.0,1.61,2.2,1.59,2.5,1.74,2.5
2019-06-12,Rosmalen Grass Court Championships,2nd Round,Grass,Thompson J.,Tiafoe F.,62.0,35.0,2.5,1.5,2.44,1.63,2.69,2.5
2019-06-12,Mercedes Cup,2nd Round,Grass,Pouille L.,Medvedev D.,26.0,13.0,2.62,1.44,2.8,1.5,2.8,1.53
2019-06-12,Rosmalen Grass Court Championships,2nd Round,Grass,Coric B.,Fritz T.,14.0,41.0,1.53,2.37,1.63,2.44,1.65,2.45
2019-06-12,Rosmalen Grass Court Championships,2nd Round,Grass,De Minaur A.,Seppi A.,24.0,72.0,1.44,2.62,1.63,2.44,1.65,2.62
2019-06-12,Mercedes Cup,2nd Round,Grass,Fucsovics M.,Basilashvili N.,52.0,17.0,1.5,2.5,1.54,2.67,1.58,2.7
2019-06-12,Mercedes Cup,2nd Round,Grass,Raonic M.,Tsonga J.W.,18.0,79.0,2.1,1.66,2.22,1.74,2.3,1.74
2019-06-12,Mercedes Cup,2nd Round,Grass,Struff J.L.,Kecmanovic M.,38.0,83.0,1.3,3.4,1.32,3.78,1.32,4.0
2019-06-13,Mercedes Cup,2nd Round,Grass,Auger-Aliassime F.,Simon G.,21.0,37.0,1.5,2.5,1.53,2.7,1.59,2.7
2019-06-13,Mercedes Cup,2nd Round,Grass,Kudla D.,Monfils G.,84.0,16.0,2.75,1.4,3.01,1.44,3.01,1.47
2019-06-13,Mercedes Cup,2nd Round,Grass,Brown D.,Zverev A.,170.0,5.0,3.5,1.28,4.67,1.23,4.67,1.3
2019-06-13,Mercedes Cup,2nd Round,Grass,Berrettini M.,Khachanov K.,30.0,9.0,2.0,1.72,2.0,1.91,2.05,1.91
2019-06-13,Rosmalen Grass Court Championships,2nd Round,Grass,Goffin D.,Herbert P.H.,33.0,45.0,1.33,3.25,1.42,3.11,1.42,3.25
2019-06-13,Rosmalen Grass Court Championships,2nd Round,Grass,Garin C.,Haase R.,32.0,67.0,1.66,2.1,1.77,2.18,2.15,2.38
2019-06-13,Rosmalen Grass Court Championships,2nd Round,Grass,Jarry N.,Tsitsipas S.,60.0,6.0,4.5,1.18,5.12,1.21,5.12,1.23
2019-06-13,Rosmalen Grass Court Championships,2nd Round,Grass,Mannarino A.,Verdasco F.,44.0,34.0,1.61,2.2,1.72,2.25,1.73,2.33
2019-06-14,Mercedes Cup,Quarterfinals,Grass,Berrettini M.,Kudla D.,30.0,84.0,1.44,2.75,1.56,2.65,1.57,2.77
2019-06-14,Mercedes Cup,Quarterfinals,Grass,Raonic M.,Fucsovics M.,18.0,52.0,1.4,3.0,1.37,3.43,1.44,3.43
2019-06-14,Mercedes Cup,Quarterfinals,Grass,Auger-Aliassime F.,Brown D.,21.0,170.0,1.57,2.37,1.61,2.52,1.63,2.52
2019-06-14,Mercedes Cup,Quarterfinals,Grass,Struff J.L.,Pouille L.,38.0,26.0,1.8,2.0,1.8,2.15,1.87,2.15
2019-06-14,Rosmalen Grass Court Championships,2nd Round,Grass,Gasquet R.,Kukushkin M.,42.0,47.0,1.53,2.37,1.61,2.49,1.61,2.63
2019-06-14,Rosmalen Grass Court Championships,Quarterfinals,Grass,Coric B.,Garin C.,14.0,32.0,1.44,2.75,1.44,3.06,1.48,3.2
2019-06-14,Rosmalen Grass Court Championships,Quarterfinals,Grass,Mannarino A.,Goffin D.,44.0,33.0,3.5,1.3,3.86,1.32,4.0,1.33
2019-06-14,Rosmalen Grass Court Championships,Quarterfinals,Grass,Thompson J.,De Minaur A.,62.0,24.0,2.62,1.5,2.6,1.57,2.75,1.57
2019-06-14,Rosmalen Grass Court Championships,Quarterfinals,Grass,Gasquet R.,Jarry N.,42.0,60.0,1.72,2.1,1.76,2.19,1.8,2.2
2019-06-15,Mercedes Cup,Semifinals,Grass,Berrettini M.,Struff J.L.,30.0,38.0,1.8,2.0,1.83,2.12,1.86,2.15
2019-06-15,Mercedes Cup,Semifinals,Grass,Auger-Aliassime F.,Raonic M.,21.0,18.0,2.75,1.44,2.97,1.47,3.08,1.48
2019-06-16,Rosmalen Grass Court Championships,The Final,Grass,Mannarino A.,Thompson J.,44.0,62.0,1.72,2.1,1.81,2.11,1.81,2.2
2019-06-16,Rosmalen Grass Court Championships,Semifinals,Grass,Thompson J.,Gasquet R.,62.0,42.0,2.5,1.53,2.62,1.57,2.65,1.59
2019-06-16,Mercedes Cup,The Final,Grass,Berrettini M.,Auger-Aliassime F.,30.0,21.0,1.44,2.75,1.5,2.83,1.5,2.93
2019-06-16,Rosmalen Grass Court Championships,Semifinals,Grass,Mannarino A.,Coric B.,44.0,14.0,2.75,1.44,2.75,1.52,2.85,1.52
2019-06-17,Queen's Club Championships,1st Round,Grass,Simon G.,Ward J.,38.0,212.0,1.44,2.62,1.52,2.71,1.54,2.8
2019-06-17,Queen's Club Championships,1st Round,Grass,Schwartzman D.,Bublik A.,23.0,85.0,2.25,1.57,2.33,1.67,2.38,1.73
2019-06-17,Queen's Club Championships,1st Round,Grass,Cilic M.,Garin C.,15.0,32.0,1.28,3.5,1.29,3.9,1.33,3.94
2019-06-17,Queen's Club Championships,1st Round,Grass,Mahut N.,Tiafoe F.,191.0,36.0,2.2,1.61,2.11,1.8,2.27,1.83
2019-06-17,Queen's Club Championships,1st Round,Grass,Anderson K.,Norrie C.,8.0,49.0,1.33,3.25,1.36,3.43,1.42,3.43
2019-06-17,Queen's Club Championships,1st Round,Grass,Medvedev D.,Verdasco F.,13.0,37.0,1.36,3.0,1.41,3.1,1.43,3.2
2019-06-17,Halle Open,1st Round,Grass,Zverev A.,Haase R.,5.0,66.0,1.16,5.0,1.17,5.78,1.18,6.0
2019-06-17,Halle Open,1st Round,Grass,Sousa J.,Hurkacz H.,71.0,53.0,2.1,1.66,2.14,1.78,2.35,1.83
2019-06-17,Halle Open,1st Round,Grass,Herbert P.H.,Monfils G.,43.0,16.0,2.62,1.44,2.62,1.54,2.71,1.57
2019-06-17,Halle Open,1st Round,Grass,Johnson S.,Kohlschreiber P.,76.0,50.0,2.25,1.57,2.21,1.73,2.38,1.73
2019-06-17,Halle Open,1st Round,Grass,Albot R.,Ebden M.,41.0,80.0,2.1,1.66,2.24,1.72,2.27,1.77
2019-06-17,Halle Open,1st Round,Grass,Khachanov K.,Kecmanovic M.,9.0,82.0,1.25,3.75,1.31,3.72,1.33,4.66
2019-06-18,Halle Open,1st Round,Grass,Federer R.,Millman J.,3.0,57.0,1.08,8.0,1.05,12.86,1.09,12.86
2019-06-18,Halle Open,1st Round,Grass,Berrettini M.,Basilashvili N.,22.0,17.0,1.25,3.75,1.33,3.63,1.34,3.9
2019-06-18,Halle Open,1st Round,Grass,Stakhovsky S.,Molleker R.,123.0,152.0,1.53,2.37,1.55,2.6,1.61,2.6
2019-06-18,Halle Open,1st Round,Grass,Seppi A.,Moraing M.,69.0,223.0,1.36,3.0,1.36,3.38,1.43,3.4
2019-06-18,Halle Open,1st Round,Grass,Gasquet R.,Gojowczyk P.,54.0,121.0,1.36,3.0,1.38,3.27,1.43,3.27
2019-06-18,Halle Open,1st Round,Grass,Tsonga J.W.,Paire B.,77.0,28.0,1.36,3.0,1.4,3.15,1.44,3.26
2019-06-18,Halle Open,1st Round,Grass,Goffin D.,Pella G.,33.0,24.0,1.2,4.33,1.28,4.06,1.32,4.33
2019-06-18,Halle Open,1st Round,Grass,Struff J.L.,Djere L.,35.0,27.0,1.16,5.0,1.17,5.85,1.2,5.95
2019-06-18,Halle Open,1st Round,Grass,Bautista Agut R.,Fritz T.,20.0,42.0,1.5,2.5,1.61,2.44,1.65,2.57
2019-06-18,Halle Open,1st Round,Grass,Coric B.,Munar J.,14.0,88.0,1.18,4.5,1.21,5.0,1.23,5.1
2019-06-19,Queen's Club Championships,1st Round,Grass,Bedene A.,De Minaur A.,92.0,26.0,2.5,1.5,2.58,1.56,2.78,1.57
2019-06-19,Queen's Club Championships,1st Round,Grass,Lopez F.,Fucsovics M.,113.0,51.0,1.57,2.25,1.7,2.26,1.74,2.32
2019-06-19,Queen's Club Championships,1st Round,Grass,Del Potro J.M.,Shapovalov D.,12.0,25.0,1.4,2.75,1.41,3.12,1.45,3.26
2019-06-19,Queen's Club Championships,1st Round,Grass,Chardy J.,Kukushkin M.,65.0,47.0,1.53,2.37,1.64,2.39,1.67,2.4
2019-06-19,Queen's Club Championships,1st Round,Grass,Raonic M.,Cecchinato M.,18.0,40.0,1.14,5.5,1.2,5.18,1.2,6.1
2019-06-19,Queen's Club Championships,1st Round,Grass,Wawrinka S.,Evans D.,19.0,63.0,1.66,2.1,1.71,2.24,1.77,2.25
2019-06-19,Queen's Club Championships,1st Round,Grass,Pouille L.,Clarke J.,29.0,164.0,1.14,5.5,1.19,5.39,1.19,6.15
2019-06-19,Halle Open,2nd Round,Grass,Coric B.,Sousa J.,14.0,71.0,1.22,4.0,1.22,4.95,1.25,4.95
2019-06-19,Halle Open,2nd Round,Grass,Herbert P.H.,Stakhovsky S.,43.0,123.0,1.33,3.25,1.36,3.49,1.39,3.49
2019-06-19,Halle Open,2nd Round,Grass,Khachanov K.,Struff J.L.,9.0,35.0,1.9,1.8,1.97,1.93,2.0,1.93
2019-06-19,Halle Open,2nd Round,Grass,Goffin D.,Albot R.,33.0,41.0,1.2,4.33,1.22,4.81,1.28,4.81
2019-06-20,Queen's Club Championships,1st Round,Grass,Kyrgios N.,Carballes Baena R.,39.0,72.0,1.18,4.5,1.22,4.74,1.22,5.8
2019-06-20,Queen's Club Championships,1st Round,Grass,Tsitsipas S.,Edmund K.,6.0,30.0,1.36,3.0,1.37,3.31,1.41,3.52
2019-06-20,Queen's Club Championships,2nd Round,Grass,Schwartzman D.,Cilic M.,23.0,15.0,4.5,1.18,5.39,1.19,5.4,1.23
2019-06-20,Queen's Club Championships,2nd Round,Grass,Simon G.,Anderson K.,38.0,8.0,3.25,1.33,3.28,1.39,3.8,1.39
2019-06-20,Queen's Club Championships,2nd Round,Grass,Mahut N.,Wawrinka S.,191.0,19.0,2.75,1.4,3.26,1.39,3.26,1.45
2019-06-20,Queen's Club Championships,2nd Round,Grass,Medvedev D.,Pouille L.,13.0,29.0,1.44,2.62,1.52,2.75,1.53,2.88
2019-06-20,Queen's Club Championships,2nd Round,Grass,Raonic M.,Bedene A.,18.0,92.0,1.16,5.0,1.19,5.42,1.22,5.42
2019-06-20,Queen's Club Championships,2nd Round,Grass,Auger-Aliassime F.,Kyrgios N.,21.0,39.0,1.83,1.83,1.77,2.16,2.06,2.16
2019-06-20,Queen's Club Championships,2nd Round,Grass,Lopez F.,Del Potro J.M.,113.0,12.0,3.5,1.28,3.41,1.36,3.6,1.36
2019-06-20,Queen's Club Championships,1st Round,Grass,Auger-Aliassime F.,Dimitrov G.,21.0,45.0,2.37,1.53,2.55,1.57,2.61,1.64
2019-06-20,Queen's Club Championships,2nd Round,Grass,Tsitsipas S.,Chardy J.,6.0,65.0,1.28,3.5,1.27,4.17,1.34,4.17
2019-06-20,Halle Open,2nd Round,Grass,Zverev A.,Johnson S.,5.0,76.0,1.5,2.5,1.51,2.74,1.54,2.88
2019-06-20,Halle Open,2nd Round,Grass,Berrettini M.,Seppi A.,22.0,69.0,1.22,4.0,1.34,3.6,1.34,4.33
2019-06-20,Halle Open,2nd Round,Grass,Bautista Agut R.,Gasquet R.,20.0,54.0,1.53,2.37,1.57,2.58,1.61,2.58
2019-06-20,Halle Open,2nd Round,Grass,Federer R.,Tsonga J.W.,3.0,77.0,1.16,5.0,1.18,5.66,1.21,5.69
2019-06-21,Queen's Club Championships,Quarterfinals,Grass,Lopez F.,Raonic M.,113.0,18.0,3.2,1.36,3.43,1.37,3.43,1.39
2019-06-21,Queen's Club Championships,Quarterfinals,Grass,Auger-Aliassime F.,Tsitsipas S.,21.0,6.0,2.37,1.57,2.44,1.64,2.44,1.67
2019-06-21,Queen's Club Championships,Quarterfinals,Grass,Medvedev D.,Schwartzman D.,13.0,23.0,1.28,3.75,1.28,4.15,1.3,4.15
2019-06-21,Queen's Club Championships,Quarterfinals,Grass,Simon G.,Mahut N.,38.0,191.0,1.66,2.2,1.68,2.35,1.74,2.35
2019-06-21,Halle Open,Quarterfinals,Grass,Goffin D.,Zverev A.,33.0,5.0,2.37,1.57,2.3,1.71,2.5,1.71
2019-06-21,Halle Open,Quarterfinals,Grass,Herbert P.H.,Coric B.,43.0,14.0,2.3,1.61,2.88,1.49,2.9,1.67
2019-06-21,Halle Open,Quarterfinals,Grass,Federer R.,Bautista Agut R.,3.0,20.0,1.16,5.0,1.16,6.23,1.21,6.4
2019-06-21,Halle Open,Quarterfinals,Grass,Berrettini M.,Khachanov K.,22.0,9.0,1.66,2.2,1.69,2.34,1.72,2.35
2019-06-22,Queen's Club Championships,Semifinals,Grass,Lopez F.,Auger-Aliassime F.,113.0,21.0,2.75,1.44,2.73,1.53,2.95,1.53
2019-06-22,Halle Open,Semifinals,Grass,Goffin D.,Berrettini M.,33.0,22.0,2.3,1.61,2.29,1.71,2.55,1.74
2019-06-22,Halle Open,Semifinals,Grass,Federer R.,Herbert P.H.,3.0,43.0,1.08,8.0,1.08,10.36,1.1,10.36
2019-06-22,Queen's Club Championships,Semifinals,Grass,Simon G.,Medvedev D.,38.0,13.0,4.5,1.2,4.84,1.23,5.0,1.24
2019-06-23,Antalya Open,1st Round,Grass,Sonego L.,Sousa J.,75.0,66.0,2.62,1.44,2.55,1.57,2.71,1.6
2019-06-23,Antalya Open,1st Round,Grass,Kecmanovic M.,Munar J.,82.0,88.0,1.61,2.2,1.66,2.34,1.78,2.34
2019-06-23,Halle Open,The Final,Grass,Federer R.,Goffin D.,3.0,33.0,1.14,5.5,1.15,6.54,1.18,6.54
2019-06-23,Queen's Club Championships,The Final,Grass,Lopez F.,Simon G.,113.0,38.0,1.53,2.5,1.63,2.48,1.63,2.56
2019-06-24,Antalya Open,1st Round,Grass,Gojowczyk P.,Kirkin E.,123.0,566.0,1.14,5.5,1.18,5.6,1.22,5.75
2019-06-24,Eastbourne International,1st Round,Grass,Verdasco F.,Millman J.,36.0,58.0,1.9,1.8,2.07,1.83,2.07,1.95
2019-06-24,Eastbourne International,1st Round,Grass,Hurkacz H.,Cecchinato M.,52.0,40.0,1.4,2.75,1.5,2.78,1.51,2.92
2019-06-24,Eastbourne International,1st Round,Grass,Fritz T.,Jubb P.,42.0,472.0,1.3,3.4,1.36,3.41,1.4,3.64
2019-06-24,Eastbourne International,1st Round,Grass,Querrey S.,Kukushkin M.,79.0,47.0,1.66,2.1,1.73,2.21,1.8,2.21
2019-06-24,Antalya Open,1st Round,Grass,Tomic B.,Seppi A.,101.0,71.0,2.37,1.53,2.49,1.59,2.78,1.63
2019-06-24,Antalya Open,1st Round,Grass,Humbert U.,Delbonis F.,64.0,76.0,1.4,2.75,1.4,3.18,1.48,3.3
2019-06-24,Antalya Open,1st Round,Grass,Celikbilek A.,Gulbis E.,443.0,90.0,5.0,1.16,5.11,1.2,5.5,1.2
2019-06-24,Antalya Open,1st Round,Grass,Dzumhur D.,Ebden M.,63.0,91.0,2.5,1.5,2.46,1.61,2.6,1.63
2019-06-24,Antalya Open,1st Round,Grass,Gunneswaran P.,Tipsarevic J.,94.0,286.0,2.37,1.53,2.44,1.61,2.5,1.63
2019-06-24,Antalya Open,1st Round,Grass,Klahn B.,Darcis S.,89.0,230.0,2.75,1.4,2.74,1.51,2.92,1.54
2019-06-24,Antalya Open,1st Round,Grass,Carballes Baena R.,Aragone JC,72.0,265.0,1.53,2.37,1.64,2.38,1.67,2.55
2019-06-24,Antalya Open,1st Round,Grass,Troicki V.,Kovalik J.,193.0,169.0,1.28,3.5,1.34,3.52,1.34,3.92
2019-06-24,Eastbourne International,1st Round,Grass,Johnson S.,Opelka R.,69.0,61.0,1.57,2.25,1.56,2.57,1.63,2.63
2019-06-25,Eastbourne International,1st Round,Grass,Simon G.,Sandgren T.,25.0,92.0,1.53,2.37,1.6,2.44,1.65,2.54
2019-06-25,Antalya Open,2nd Round,Grass,Sonego L.,Gunneswaran P.,75.0,94.0,1.5,2.5,1.53,2.7,1.55,2.75
2019-06-25,Eastbourne International,1st Round,Grass,Fabbiano T.,Ward J.,102.0,205.0,2.25,1.57,2.18,1.75,2.36,1.77
2019-06-25,Eastbourne International,1st Round,Grass,Norrie C.,Chardy J.,49.0,81.0,3.0,1.36,2.82,1.48,3.07,1.5
2019-06-25,Antalya Open,2nd Round,Grass,Dzumhur D.,Celikbilek A.,63.0,443.0,1.12,6.0,1.14,6.9,1.17,7.25
2019-06-25,Eastbourne International,1st Round,Grass,Jarry N.,Cuevas P.,55.0,44.0,1.44,2.62,1.55,2.6,1.57,2.8
2019-06-25,Eastbourne International,1st Round,Grass,Evans D.,Albot R.,65.0,41.0,1.5,2.5,1.51,2.73,1.58,2.75
2019-06-25,Eastbourne International,1st Round,Grass,Londero J.I.,Clarke J.,62.0,166.0,,,,,1.48,2.67
2019-06-25,Antalya Open,2nd Round,Grass,Thompson J.,Klahn B.,45.0,89.0,1.33,3.25,1.33,3.7,1.35,3.92
2019-06-25,Antalya Open,1st Round,Grass,Krawietz K.,Ilkel C.,277.0,271.0,1.72,2.0,1.96,1.93,1.96,2.1
2019-06-25,Antalya Open,2nd Round,Grass,Mannarino A.,Carballes Baena R.,37.0,72.0,1.28,3.5,1.34,3.56,1.35,3.75
2019-06-25,Eastbourne International,1st Round,Grass,Herbert P.H.,Kudla D.,38.0,113.0,1.44,2.62,1.58,2.5,1.61,2.68
2019-06-26,Eastbourne International,2nd Round,Grass,Hurkacz H.,Johnson S.,52.0,69.0,2.37,1.53,2.38,1.65,2.45,1.67
2019-06-26,Eastbourne International,2nd Round,Grass,Fritz T.,Pella G.,42.0,26.0,1.36,3.0,1.36,3.45,1.37,3.66
2019-06-26,Eastbourne International,2nd Round,Grass,Verdasco F.,Londero J.I.,36.0,62.0,1.25,3.75,1.28,4.1,1.31,4.1
2019-06-26,Antalya Open,2nd Round,Grass,Kecmanovic M.,Humbert U.,82.0,64.0,1.72,2.0,1.84,2.08,1.87,2.12
2019-06-26,Eastbourne International,2nd Round,Grass,Simon G.,Jarry N.,25.0,55.0,1.72,2.0,1.75,2.2,1.8,2.25
2019-06-26,Eastbourne International,2nd Round,Grass,Edmund K.,Norrie C.,31.0,49.0,1.53,2.37,1.58,2.56,1.59,2.6
2019-06-26,Antalya Open,2nd Round,Grass,Carreno Busta P.,Krawietz K.,59.0,277.0,1.5,2.5,1.55,2.64,1.56,2.75
2019-06-26,Antalya Open,2nd Round,Grass,Tomic B.,Gojowczyk P.,101.0,123.0,1.61,2.2,1.6,2.51,1.65,2.79
2019-06-26,Antalya Open,2nd Round,Grass,Troicki V.,Paire B.,193.0,32.0,2.2,1.61,2.42,1.64,2.44,1.67
2019-06-26,Eastbourne International,2nd Round,Grass,Querrey S.,Lajovic D.,79.0,33.0,1.3,3.4,1.34,3.56,1.37,3.6
2019-06-26,Eastbourne International,2nd Round,Grass,Evans D.,Herbert P.H.,65.0,38.0,1.57,2.25,1.66,2.37,1.67,2.4
2019-06-26,Eastbourne International,2nd Round,Grass,Fabbiano T.,Djere L.,102.0,30.0,1.61,2.2,1.69,2.3,1.74,2.3
2019-06-27,Eastbourne International,Quarterfinals,Grass,Querrey S.,Verdasco F.,79.0,36.0,1.44,2.75,1.53,2.74,1.57,2.93
2019-06-27,Eastbourne International,Quarterfinals,Grass,Fabbiano T.,Simon G.,102.0,25.0,4.0,1.25,4.84,1.23,4.84,1.27
2019-06-27,Eastbourne International,Quarterfinals,Grass,Fritz T.,Hurkacz H.,42.0,52.0,1.72,2.1,1.7,2.32,1.74,2.33
2019-06-27,Eastbourne International,Quarterfinals,Grass,Edmund K.,Evans D.,31.0,65.0,1.72,2.1,1.8,2.15,1.91,2.2
2019-06-27,Antalya Open,Quarterfinals,Grass,Sonego L.,Mannarino A.,75.0,37.0,2.75,1.44,2.76,1.52,2.9,1.52
2019-06-27,Antalya Open,Quarterfinals,Grass,Carreno Busta P.,Tomic B.,59.0,101.0,2.5,1.53,2.59,1.58,2.63,1.6
2019-06-27,Antalya Open,Quarterfinals,Grass,Thompson J.,Dzumhur D.,45.0,63.0,1.44,2.75,1.38,3.36,1.53,3.36
2019-06-27,Antalya Open,Quarterfinals,Grass,Kecmanovic M.,Troicki V.,82.0,193.0,1.66,2.2,1.74,2.26,1.74,2.35
2019-06-28,Antalya Open,Semifinals,Grass,Kecmanovic M.,Thompson J.,82.0,45.0,2.37,1.57,2.46,1.63,2.47,1.72
2019-06-28,Eastbourne International,Semifinals,Grass,Querrey S.,Fabbiano T.,79.0,102.0,1.22,4.33,1.28,4.18,1.28,4.5
2019-06-28,Eastbourne International,Semifinals,Grass,Fritz T.,Edmund K.,42.0,31.0,2.62,1.5,2.71,1.54,2.71,1.56
2019-06-29,Antalya Open,Semifinals,Grass,Sonego L.,Carreno Busta P.,75.0,59.0,1.66,2.2,1.76,2.21,1.77,2.27
2019-06-29,Antalya Open,The Final,Grass,Sonego L.,Kecmanovic M.,75.0,82.0,1.8,2.0,1.83,2.09,1.91,2.11
2019-06-29,Eastbourne International,The Final,Grass,Fritz T.,Querrey S.,42.0,79.0,2.37,1.57,2.41,1.65,2.45,1.67
2019-07-01,Wimbledon,1st Round,Grass,Vesely J.,Zverev A.,124.0,5.0,4.33,1.22,5.14,1.2,5.14,1.25
2019-07-01,Wimbledon,1st Round,Grass,Hurkacz H.,Lajovic D.,48.0,36.0,1.3,3.5,1.38,3.31,1.38,3.6
2019-07-01,Wimbledon,1st Round,Grass,Verdasco F.,Majchrzak K.,37.0,108.0,2.0,1.8,1.95,1.95,2.18,1.95
2019-07-01,Wimbledon,1st Round,Grass,Medvedev D.,Lorenzi P.,13.0,106.0,1.01,23.0,1.01,32.3,1.04,39.0
2019-07-01,Wimbledon,1st Round,Grass,Paire B.,Londero J.I.,32.0,60.0,1.3,3.5,1.26,4.32,1.33,4.32
2019-07-01,Wimbledon,1st Round,Grass,Humbert U.,Monfils G.,66.0,15.0,3.5,1.3,3.77,1.32,3.95,1.35
2019-07-01,Wimbledon,1st Round,Grass,Granollers M.,Sonego L.,105.0,46.0,2.2,1.66,2.27,1.71,2.4,1.77
2019-07-01,Wimbledon,1st Round,Grass,Raonic M.,Gunneswaran P.,17.0,93.0,1.05,11.0,1.04,16.27,1.07,16.27
2019-07-01,Wimbledon,1st Round,Grass,Moutet C.,Dimitrov G.,84.0,49.0,4.5,1.2,5.33,1.2,5.33,1.25
2019-07-01,Wimbledon,1st Round,Grass,Edmund K.,Munar J.,30.0,90.0,1.1,7.0,1.12,7.55,1.17,7.61
2019-07-01,Wimbledon,1st Round,Grass,Karlovic I.,Arnaboldi A.,80.0,219.0,1.25,4.0,1.26,4.34,1.29,4.34
2019-07-01,Wimbledon,1st Round,Grass,Goffin D.,Klahn B.,23.0,87.0,1.04,13.0,1.04,15.51,1.05,17.25
2019-07-01,Wimbledon,1st Round,Grass,Kecmanovic M.,Carballes Baena R.,67.0,74.0,1.44,2.75,1.44,3.02,1.5,3.06
2019-07-01,Wimbledon,1st Round,Grass,Chardy J.,Klizan M.,81.0,56.0,1.28,3.75,1.27,4.26,1.3,4.26
2019-07-01,Wimbledon,1st Round,Grass,Cuevas P.,Dzumhur D.,45.0,91.0,1.8,2.0,1.93,1.97,1.95,2.14
2019-07-01,Wimbledon,1st Round,Grass,Popyrin A.,Carreno Busta P.,101.0,50.0,1.57,2.37,1.68,2.34,1.68,2.45
2019-07-01,Wimbledon,1st Round,Grass,Fabbiano T.,Tsitsipas S.,89.0,6.0,6.5,1.11,8.66,1.1,8.66,1.16
2019-07-01,Wimbledon,1st Round,Grass,Pella G.,Copil M.,26.0,88.0,2.0,1.8,2.02,1.89,2.06,1.92
2019-07-01,Wimbledon,1st Round,Grass,Anderson K.,Herbert P.H.,8.0,39.0,1.36,3.2,1.39,3.29,1.4,3.4
2019-07-01,Wimbledon,1st Round,Grass,Lopez F.,Giron M.,54.0,155.0,1.25,4.0,1.25,4.42,1.27,4.5
2019-07-01,Wimbledon,1st Round,Grass,Bautista Agut R.,Gojowczyk P.,22.0,121.0,1.05,11.0,1.06,12.27,1.08,12.6
2019-07-01,Wimbledon,1st Round,Grass,Opelka R.,Stebe C.M.,63.0,518.0,1.12,6.0,1.15,6.35,1.17,6.8
2019-07-01,Wimbledon,1st Round,Grass,Wawrinka S.,Bemelmans R.,19.0,171.0,1.14,5.5,1.17,6.01,1.2,6.7
2019-07-01,Wimbledon,1st Round,Grass,Mayer L.,Gulbis E.,59.0,92.0,1.8,2.0,1.91,2.0,2.0,2.06
2019-07-01,Wimbledon,1st Round,Grass,Tipsarevic J.,Nishioka Y.,288.0,68.0,2.1,1.72,2.26,1.72,2.45,1.8
2019-07-01,Wimbledon,1st Round,Grass,Darcis S.,Zverev M.,221.0,213.0,1.66,2.2,1.71,2.27,1.71,2.35
2019-07-01,Wimbledon,1st Round,Grass,Kudla D.,Jaziri M.,111.0,100.0,1.14,5.5,1.17,5.77,1.2,6.95
2019-07-01,Wimbledon,1st Round,Grass,Seppi A.,Jarry N.,73.0,53.0,2.0,1.8,2.03,1.88,2.06,1.91
2019-07-01,Wimbledon,1st Round,Grass,Auger-Aliassime F.,Pospisil V.,21.0,187.0,1.06,10.0,1.07,11.32,1.08,14.75
2019-07-01,Wimbledon,1st Round,Grass,Djokovic N.,Kohlschreiber P.,1.0,57.0,1.03,15.0,1.02,22.7,1.04,22.7
2019-07-01,Wimbledon,1st Round,Grass,Haase R.,Kovalik J.,76.0,165.0,1.22,4.33,1.29,4.05,1.29,4.33
2019-07-01,Wimbledon,1st Round,Grass,Khachanov K.,Kwon S.W.,9.0,125.0,1.25,4.0,1.32,3.77,1.34,4.14
2019-07-02,Wimbledon,1st Round,Grass,Fritz T.,Berdych T.,31.0,110.0,1.4,3.0,1.4,3.2,1.46,3.2
2019-07-02,Wimbledon,1st Round,Grass,Schwartzman D.,Ebden M.,24.0,95.0,1.44,2.75,1.53,2.71,1.53,2.9
2019-07-02,Wimbledon,1st Round,Grass,Berankis R.,Shapovalov D.,77.0,27.0,7.0,1.1,7.55,1.12,7.55,1.13
2019-07-02,Wimbledon,1st Round,Grass,Nadal R.,Sugita Y.,2.0,274.0,1.02,17.0,1.03,19.4,1.05,21.0
2019-07-02,Wimbledon,1st Round,Grass,Millman J.,Dellien H.,64.0,83.0,1.07,9.0,1.07,10.66,1.09,11.25
2019-07-02,Wimbledon,1st Round,Grass,Fognini F.,Tiafoe F.,10.0,38.0,1.72,2.1,1.88,2.04,2.04,2.2
2019-07-02,Wimbledon,1st Round,Grass,Cilic M.,Mannarino A.,18.0,42.0,1.3,3.5,1.3,3.92,1.33,3.92
2019-07-02,Wimbledon,1st Round,Grass,Barrere G.,Bublik A.,116.0,82.0,2.1,1.72,2.2,1.75,2.2,1.8
2019-07-02,Wimbledon,1st Round,Grass,Pouille L.,Gasquet R.,28.0,47.0,1.61,2.3,1.7,2.29,1.71,2.5
2019-07-02,Wimbledon,1st Round,Grass,Fucsovics M.,Novak D.,51.0,104.0,1.8,2.0,1.81,2.11,1.83,2.12
2019-07-02,Wimbledon,1st Round,Grass,Isner J.,Ruud C.,12.0,62.0,1.28,3.75,1.24,4.54,1.3,4.68
2019-07-02,Wimbledon,1st Round,Grass,Sousa J.,Jubb P.,69.0,431.0,1.22,4.33,1.26,4.28,1.29,4.36
2019-07-02,Wimbledon,1st Round,Grass,Struff J.L.,Albot R.,33.0,40.0,1.28,3.75,1.3,3.89,1.31,3.95
2019-07-02,Wimbledon,1st Round,Grass,Kukushkin M.,Andujar P.,58.0,78.0,1.2,4.5,1.18,5.61,1.22,5.61
2019-07-02,Wimbledon,1st Round,Grass,Tsonga J.W.,Tomic B.,72.0,96.0,1.2,4.5,1.21,5.06,1.22,5.16
2019-07-02,Wimbledon,1st Round,Grass,Djere L.,Andreozzi G.,35.0,114.0,1.33,3.4,1.33,3.65,1.35,3.92
2019-07-02,Wimbledon,1st Round,Grass,Federer R.,Harris L.,3.0,86.0,1.01,23.0,1.01,28.34,1.03,39.0
2019-07-02,Wimbledon,1st Round,Grass,Sandgren T.,Uchiyama Y.,94.0,180.0,1.66,2.2,1.78,2.16,1.8,2.25
2019-07-02,Wimbledon,1st Round,Grass,De Minaur A.,Cecchinato M.,29.0,41.0,1.2,4.5,1.2,5.27,1.22,5.7
2019-07-02,Wimbledon,1st Round,Grass,Evans D.,Delbonis F.,61.0,75.0,1.08,8.0,1.07,11.04,1.11,12.25
2019-07-02,Wimbledon,1st Round,Grass,Nishikori K.,Monteiro T.,7.0,113.0,1.05,11.0,1.07,11.09,1.07,12.5
2019-07-02,Wimbledon,1st Round,Grass,Johnson S.,Ramos-Vinolas A.,71.0,99.0,1.16,5.0,1.18,5.63,1.2,5.7
2019-07-02,Wimbledon,1st Round,Grass,Kyrgios N.,Thompson J.,43.0,44.0,1.36,3.2,1.45,3.0,1.45,3.22
2019-07-02,Wimbledon,1st Round,Grass,Baghdatis M.,Schnur B.,135.0,112.0,1.66,2.2,1.74,2.23,1.77,2.28
2019-07-02,Wimbledon,1st Round,Grass,Basilashvili N.,Ward J.,16.0,195.0,1.57,2.37,1.69,2.31,1.69,2.57
2019-07-02,Wimbledon,1st Round,Grass,Querrey S.,Thiem D.,65.0,4.0,2.3,1.61,2.26,1.72,2.38,1.74
2019-07-02,Wimbledon,1st Round,Grass,Simon G.,Caruso S.,25.0,123.0,1.3,3.5,1.26,4.39,1.32,4.39
2019-07-02,Wimbledon,1st Round,Grass,Norrie C.,Istomin D.,55.0,115.0,1.5,2.62,1.56,2.62,1.57,2.84
2019-07-02,Wimbledon,1st Round,Grass,Rublev A.,Garin C.,79.0,34.0,2.62,1.5,2.63,1.55,2.75,1.57
2019-07-02,Wimbledon,1st Round,Grass,Koepfer D.,Krajinovic F.,130.0,52.0,2.2,1.66,2.16,1.78,2.2,1.78
2019-07-02,Wimbledon,1st Round,Grass,Clarke J.,Rubin N.,169.0,182.0,2.75,1.44,2.57,1.57,2.8,1.58
2019-07-02,Wimbledon,1st Round,Grass,Berrettini M.,Bedene A.,20.0,85.0,1.2,4.5,1.17,5.85,1.22,5.85
2019-07-03,Wimbledon,2nd Round,Grass,Verdasco F.,Edmund K.,37.0,30.0,2.37,1.57,2.64,1.55,2.64,1.6
2019-07-03,Wimbledon,2nd Round,Grass,Djokovic N.,Kudla D.,1.0,111.0,1.01,26.0,1.005,37.46,1.02,39.0
2019-07-03,Wimbledon,2nd Round,Grass,Anderson K.,Tipsarevic J.,8.0,288.0,1.07,9.0,1.09,9.06,1.09,11.25
2019-07-03,Wimbledon,2nd Round,Grass,Auger-Aliassime F.,Moutet C.,21.0,84.0,1.14,5.5,1.15,6.46,1.18,6.46
2019-07-03,Wimbledon,2nd Round,Grass,Humbert U.,Granollers M.,66.0,105.0,2.2,1.66,2.24,1.73,2.31,1.76
2019-07-03,Wimbledon,2nd Round,Grass,Pella G.,Seppi A.,26.0,73.0,2.5,1.53,2.73,1.52,2.8,1.57
2019-07-03,Wimbledon,2nd Round,Grass,Khachanov K.,Lopez F.,9.0,54.0,1.72,2.1,1.79,2.14,1.86,2.23
2019-07-03,Wimbledon,2nd Round,Grass,Bautista Agut R.,Darcis S.,22.0,221.0,1.05,11.0,1.05,14.06,1.06,14.5
2019-07-03,Wimbledon,2nd Round,Grass,Fabbiano T.,Karlovic I.,89.0,80.0,1.9,1.9,2.01,1.89,2.01,2.02
2019-07-03,Wimbledon,2nd Round,Grass,Hurkacz H.,Mayer L.,48.0,59.0,1.44,2.75,1.5,2.8,1.5,3.38
2019-07-03,Wimbledon,2nd Round,Grass,Goffin D.,Chardy J.,23.0,81.0,1.3,3.5,1.31,3.85,1.33,3.98
2019-07-03,Wimbledon,2nd Round,Grass,Medvedev D.,Popyrin A.,13.0,101.0,1.22,4.33,1.22,4.96,1.25,5.02
2019-07-03,Wimbledon,2nd Round,Grass,Opelka R.,Wawrinka S.,63.0,19.0,5.0,1.16,4.46,1.25,5.0,1.27
2019-07-03,Wimbledon,2nd Round,Grass,Paire B.,Kecmanovic M.,32.0,67.0,1.66,2.2,1.75,2.2,1.9,2.3
2019-07-03,Wimbledon,2nd Round,Grass,Vesely J.,Cuevas P.,124.0,45.0,1.28,3.75,1.34,3.58,1.34,4.05
2019-07-03,Wimbledon,2nd Round,Grass,Raonic M.,Haase R.,17.0,76.0,1.11,6.5,1.1,8.38,1.11,8.5
2019-07-04,Wimbledon,2nd Round,Grass,Schwartzman D.,Koepfer D.,24.0,130.0,1.36,3.2,1.41,3.15,1.46,3.29
2019-07-04,Wimbledon,2nd Round,Grass,Berrettini M.,Baghdatis M.,20.0,135.0,1.11,6.5,1.13,7.05,1.15,7.5
2019-07-04,Wimbledon,2nd Round,Grass,Nadal R.,Kyrgios N.,2.0,43.0,1.25,4.0,1.27,4.18,1.33,4.45
2019-07-04,Wimbledon,2nd Round,Grass,Fognini F.,Fucsovics M.,10.0,51.0,1.66,2.2,1.75,2.2,1.8,2.23
2019-07-04,Wimbledon,2nd Round,Grass,Sandgren T.,Simon G.,94.0,25.0,5.0,1.16,4.3,1.26,5.8,1.26
2019-07-04,Wimbledon,2nd Round,Grass,Pouille L.,Barrere G.,28.0,116.0,1.2,4.5,1.17,6.02,1.2,6.1
2019-07-04,Wimbledon,2nd Round,Grass,Federer R.,Clarke J.,3.0,169.0,1.005,34.0,1.005,37.8,1.02,39.0
2019-07-04,Wimbledon,2nd Round,Grass,Tsonga J.W.,Berankis R.,72.0,77.0,1.08,8.0,1.11,7.91,1.12,8.55
2019-07-04,Wimbledon,2nd Round,Grass,Nishikori K.,Norrie C.,7.0,55.0,1.14,5.5,1.16,6.26,1.18,6.29
2019-07-04,Wimbledon,2nd Round,Grass,Kukushkin M.,Isner J.,58.0,12.0,4.0,1.25,4.46,1.25,4.65,1.26
2019-07-04,Wimbledon,2nd Round,Grass,Johnson S.,De Minaur A.,71.0,29.0,2.37,1.57,2.38,1.66,2.6,1.72
2019-07-04,Wimbledon,2nd Round,Grass,Millman J.,Djere L.,64.0,35.0,1.3,3.5,1.33,3.69,1.34,3.92
2019-07-04,Wimbledon,2nd Round,Grass,Sousa J.,Cilic M.,69.0,18.0,6.0,1.12,7.72,1.12,7.72,1.14
2019-07-04,Wimbledon,2nd Round,Grass,Struff J.L.,Fritz T.,33.0,31.0,2.2,1.66,2.15,1.79,2.4,1.8
2019-07-04,Wimbledon,2nd Round,Grass,Evans D.,Basilashvili N.,61.0,16.0,1.28,3.75,1.24,4.55,1.32,4.55
2019-07-04,Wimbledon,2nd Round,Grass,Querrey S.,Rublev A.,65.0,79.0,1.16,5.0,1.19,5.52,1.21,5.52
2019-07-05,Wimbledon,3rd Round,Grass,Raonic M.,Opelka R.,17.0,63.0,1.33,3.4,1.35,3.5,1.36,3.58
2019-07-05,Wimbledon,3rd Round,Grass,Paire B.,Vesely J.,32.0,124.0,1.72,2.1,1.91,2.0,1.91,2.13
2019-07-05,Wimbledon,3rd Round,Grass,Pella G.,Anderson K.,26.0,8.0,6.0,1.12,6.76,1.14,7.5,1.15
2019-07-05,Wimbledon,3rd Round,Grass,Goffin D.,Medvedev D.,23.0,13.0,1.9,1.9,1.95,1.95,1.95,2.0
2019-07-05,Wimbledon,3rd Round,Grass,Djokovic N.,Hurkacz H.,1.0,48.0,1.01,23.0,1.02,24.64,1.03,39.0
2019-07-05,Wimbledon,3rd Round,Grass,Verdasco F.,Fabbiano T.,37.0,89.0,1.57,2.37,1.59,2.53,1.62,2.55
2019-07-05,Wimbledon,3rd Round,Grass,Humbert U.,Auger-Aliassime F.,66.0,21.0,4.33,1.22,4.27,1.27,5.0,1.28
2019-07-05,Wimbledon,3rd Round,Grass,Bautista Agut R.,Khachanov K.,22.0,9.0,1.5,2.62,1.52,2.71,1.55,2.93
2019-07-06,Wimbledon,3rd Round,Grass,Sousa J.,Evans D.,69.0,61.0,3.2,1.36,3.47,1.36,3.47,1.44
2019-07-06,Wimbledon,3rd Round,Grass,Berrettini M.,Schwartzman D.,20.0,24.0,1.3,3.5,1.36,3.44,1.37,3.6
2019-07-06,Wimbledon,3rd Round,Grass,Federer R.,Pouille L.,3.0,28.0,1.08,8.0,1.09,9.71,1.1,10.2
2019-07-06,Wimbledon,3rd Round,Grass,Nadal R.,Tsonga J.W.,2.0,72.0,1.16,5.0,1.18,5.71,1.2,5.71
2019-07-06,Wimbledon,3rd Round,Grass,Kukushkin M.,Struff J.L.,58.0,33.0,4.33,1.22,4.44,1.25,4.56,1.26
2019-07-06,Wimbledon,3rd Round,Grass,Querrey S.,Millman J.,65.0,64.0,1.28,3.75,1.31,3.87,1.31,4.5
2019-07-06,Wimbledon,3rd Round,Grass,Nishikori K.,Johnson S.,7.0,71.0,1.2,4.5,1.24,4.53,1.25,4.75
2019-07-06,Wimbledon,3rd Round,Grass,Sandgren T.,Fognini F.,94.0,10.0,3.5,1.3,3.78,1.32,4.1,1.35
2019-07-08,Wimbledon,4th Round,Grass,Federer R.,Berrettini M.,3.0,20.0,1.1,7.0,1.1,9.04,1.12,9.04
2019-07-08,Wimbledon,4th Round,Grass,Nishikori K.,Kukushkin M.,7.0,58.0,1.12,6.0,1.12,7.8,1.13,8.36
2019-07-08,Wimbledon,4th Round,Grass,Djokovic N.,Humbert U.,1.0,66.0,1.02,17.0,1.02,24.73,1.04,26.5
2019-07-08,Wimbledon,4th Round,Grass,Pella G.,Raonic M.,26.0,17.0,4.5,1.2,6.03,1.17,6.16,1.2
2019-07-08,Wimbledon,4th Round,Grass,Bautista Agut R.,Paire B.,22.0,32.0,1.22,4.33,1.22,5.07,1.26,5.07
2019-07-08,Wimbledon,4th Round,Grass,Nadal R.,Sousa J.,2.0,69.0,1.02,17.0,1.02,24.2,1.05,26.5
2019-07-08,Wimbledon,4th Round,Grass,Goffin D.,Verdasco F.,23.0,37.0,1.33,3.4,1.32,3.8,1.34,3.91
2019-07-08,Wimbledon,4th Round,Grass,Querrey S.,Sandgren T.,65.0,94.0,1.16,5.0,1.18,5.74,1.2,6.14
2019-07-10,Wimbledon,Quarterfinals,Grass,Djokovic N.,Goffin D.,1.0,23.0,1.08,8.0,1.08,10.73,1.09,12.0
2019-07-10,Wimbledon,Quarterfinals,Grass,Bautista Agut R.,Pella G.,22.0,26.0,1.2,4.5,1.19,5.49,1.25,5.72
2019-07-10,Wimbledon,Quarterfinals,Grass,Federer R.,Nishikori K.,3.0,7.0,1.11,6.5,1.14,6.92,1.16,7.45
2019-07-10,Wimbledon,Quarterfinals,Grass,Nadal R.,Querrey S.,2.0,65.0,1.12,6.0,1.16,6.24,1.17,6.55
2019-07-12,Wimbledon,Semifinals,Grass,Djokovic N.,Bautista Agut R.,1.0,22.0,1.08,8.0,1.08,10.44,1.12,10.44
2019-07-12,Wimbledon,Semifinals,Grass,Federer R.,Nadal R.,3.0,2.0,2.1,1.72,2.29,1.72,2.3,1.77
2019-07-14,Wimbledon,The Final,Grass,Djokovic N.,Federer R.,1.0,3.0,1.55,2.6,1.55,2.66,1.6,2.66
2019-07-15,Croatia Open,1st Round,Clay,Bedene A.,Cecchinato M.,87.0,40.0,1.72,2.0,1.92,2.06,1.95,1.97
2019-07-15,Hall of Fame Championships,1st Round,Grass,Granollers M.,Gunneswaran P.,98.0,89.0,1.33,3.25,1.35,3.49,1.37,3.5
2019-07-15,Croatia Open,1st Round,Clay,Vesely J.,Stebe C.M.,142.0,453.0,1.25,3.75,1.26,4.27,1.31,4.27
2019-07-15,Hall of Fame Championships,1st Round,Grass,Sandgren T.,Istomin D.,72.0,107.0,1.44,2.62,1.42,3.2,1.47,3.07
2019-07-15,Hall of Fame Championships,1st Round,Grass,Majchrzak K.,Gray A.,102.0,,1.1,7.0,1.06,11.93,1.1,11.93
2019-07-15,Hall of Fame Championships,1st Round,Grass,Andreozzi G.,Karlovic I.,113.0,82.0,3.75,1.25,4.43,1.29,4.45,1.24
2019-07-15,Croatia Open,1st Round,Clay,Sinner J.,Sousa P.,209.0,109.0,2.0,1.72,2.05,1.89,2.1,1.85
2019-07-15,Hall of Fame Championships,1st Round,Grass,Ivashka I.,Tomic B.,141.0,103.0,2.62,1.44,3.05,1.45,3.05,1.43
2019-07-15,SkiStar Swedish Open,1st Round,Clay,Ymer M.,Davidovich Fokina A.,124.0,128.0,1.61,2.2,1.65,2.48,1.69,2.37
2019-07-15,SkiStar Swedish Open,1st Round,Clay,Carballes Baena R.,Munar J.,77.0,90.0,1.83,1.83,1.87,2.06,1.91,2.02
2019-07-16,Hall of Fame Championships,1st Round,Grass,Bublik A.,Bolt A.,83.0,150.0,2.0,1.72,1.98,1.91,2.08,1.91
2019-07-16,Hall of Fame Championships,1st Round,Grass,Ebden M.,Schnur B.,110.0,97.0,1.66,2.1,1.63,2.4,1.8,2.39
2019-07-16,Hall of Fame Championships,1st Round,Grass,Kudla D.,Klahn B.,100.0,84.0,1.5,2.5,1.6,2.48,1.61,2.7
2019-07-16,Hall of Fame Championships,1st Round,Grass,Ramanathan R.,Stakhovsky S.,134.0,145.0,1.8,1.9,1.94,1.94,2.0,1.96
2019-07-16,Hall of Fame Championships,1st Round,Grass,Troicki V.,Jung J.,167.0,127.0,1.44,2.62,1.47,2.88,1.49,3.26
2019-07-16,Hall of Fame Championships,1st Round,Grass,Eubanks C.,Johnson S.,188.0,68.0,3.75,1.25,5.03,1.2,5.35,1.27
2019-07-16,Hall of Fame Championships,1st Round,Grass,Zverev M.,Smyczek T.,211.0,224.0,2.5,1.5,2.34,1.66,2.75,1.66
2019-07-16,SkiStar Swedish Open,1st Round,Clay,Ramos-Vinolas A.,Lestienne C.,,198.0,1.33,3.25,1.34,3.6,1.38,3.5
2019-07-16,SkiStar Swedish Open,1st Round,Clay,Jarry N.,Laaksonen H.,64.0,93.0,1.53,2.37,1.57,2.55,1.61,2.54
2019-07-16,SkiStar Swedish Open,1st Round,Clay,Dellien H.,Gulbis E.,94.0,131.0,1.36,3.0,1.45,2.94,1.5,3.07
2019-07-16,Croatia Open,1st Round,Clay,Bagnis F.,Klizan M.,152.0,61.0,2.37,1.53,2.49,1.63,2.6,1.6
2019-07-16,Croatia Open,1st Round,Clay,Lorenzi P.,Torebko P.,114.0,384.0,1.4,2.75,1.47,3.0,1.5,2.88
2019-07-16,Croatia Open,1st Round,Clay,Travaglia S.,Fabbiano T.,105.0,92.0,1.53,2.37,1.54,2.62,1.62,2.65
2019-07-16,Croatia Open,1st Round,Clay,Serdarusic N.,Trungelliti M.,290.0,161.0,2.37,1.53,2.57,1.59,2.63,1.56
2019-07-16,Croatia Open,1st Round,Clay,Balazs A.,Galovic V.,208.0,197.0,1.3,3.4,1.31,3.73,1.34,3.8
2019-07-16,Croatia Open,1st Round,Clay,Rublev A.,Haase R.,76.0,78.0,1.57,2.25,1.77,2.15,1.8,2.33
2019-07-16,Croatia Open,1st Round,Clay,Mayer L.,Andujar P.,60.0,79.0,1.72,2.0,1.93,2.04,1.95,1.95
2019-07-16,Croatia Open,1st Round,Clay,Krajinovic F.,Daniel T.,58.0,112.0,1.16,5.0,1.16,6.1,1.21,5.89
2019-07-16,SkiStar Swedish Open,1st Round,Clay,Ymer E.,Monteiro T.,116.0,88.0,2.2,1.61,2.16,1.83,2.27,1.76
2019-07-16,SkiStar Swedish Open,1st Round,Clay,Novak D.,Darcis S.,121.0,195.0,1.57,2.25,1.65,2.36,1.69,2.4
2019-07-16,Croatia Open,1st Round,Clay,Caruso S.,Moutet C.,125.0,81.0,2.25,1.57,2.25,1.71,2.42,1.71
2019-07-16,SkiStar Swedish Open,1st Round,Clay,Londero J.I.,Arguello F.,71.0,181.0,1.36,3.0,1.43,3.01,1.48,3.2
2019-07-16,SkiStar Swedish Open,1st Round,Clay,Dzumhur D.,Ruud C.,95.0,65.0,2.75,1.4,3.4,1.42,3.4,1.36
2019-07-16,SkiStar Swedish Open,1st Round,Clay,Chardy J.,Carreno Busta P.,80.0,53.0,2.1,1.66,2.27,1.7,2.44,1.7
2019-07-16,SkiStar Swedish Open,1st Round,Clay,Sousa J.,Kovalik J.,56.0,184.0,1.57,2.25,1.65,2.4,1.71,2.35
2019-07-16,SkiStar Swedish Open,1st Round,Clay,Delbonis F.,Zapata Miralles B.,70.0,235.0,1.22,4.0,1.32,3.7,1.32,4.15
2019-07-17,SkiStar Swedish Open,2nd Round,Clay,Ramos-Vinolas A.,Verdasco F.,99.0,26.0,2.5,1.5,2.6,1.56,2.85,1.58
2019-07-17,SkiStar Swedish Open,2nd Round,Clay,Carballes Baena R.,Dzumhur D.,77.0,95.0,1.57,2.25,1.69,2.37,1.74,2.32
2019-07-17,Croatia Open,2nd Round,Clay,Balazs A.,Krajinovic F.,208.0,58.0,3.0,1.36,3.41,1.37,3.44,1.4
2019-07-17,Croatia Open,2nd Round,Clay,Mayer L.,Vesely J.,60.0,142.0,1.44,2.62,1.5,2.92,1.53,2.8
2019-07-17,Croatia Open,2nd Round,Clay,Travaglia S.,Fognini F.,105.0,9.0,3.0,1.36,3.1,1.68,3.15,1.43
2019-07-17,Croatia Open,2nd Round,Clay,Djere L.,Lorenzi P.,32.0,114.0,1.25,3.75,1.25,4.47,1.29,4.5
2019-07-17,SkiStar Swedish Open,2nd Round,Clay,Jarry N.,Ymer M.,64.0,124.0,1.66,2.1,1.69,2.35,1.72,2.3
2019-07-17,Hall of Fame Championships,2nd Round,Grass,Isner J.,Majchrzak K.,15.0,102.0,1.4,2.75,1.4,3.21,1.45,3.21
2019-07-17,Hall of Fame Championships,2nd Round,Grass,Humbert U.,Ramanathan R.,48.0,134.0,1.5,2.5,1.54,2.66,1.61,2.66
2019-07-17,Hall of Fame Championships,2nd Round,Grass,Sandgren T.,Mannarino A.,72.0,62.0,2.2,1.61,2.29,1.7,2.3,1.71
2019-07-17,Hall of Fame Championships,2nd Round,Grass,Zverev M.,Andreozzi G.,211.0,113.0,1.72,2.0,1.83,2.11,1.87,2.09
2019-07-17,Hall of Fame Championships,2nd Round,Grass,Bublik A.,Troicki V.,83.0,167.0,2.37,1.53,2.23,1.74,2.47,1.74
2019-07-17,Hall of Fame Championships,2nd Round,Grass,Ebden M.,Kudla D.,110.0,100.0,2.25,1.57,2.44,1.63,2.5,1.65
2019-07-17,SkiStar Swedish Open,2nd Round,Clay,Chardy J.,Garin C.,80.0,37.0,2.37,1.53,2.48,1.67,2.66,1.61
2019-07-17,Hall of Fame Championships,2nd Round,Grass,Ivashka I.,Eubanks C.,141.0,188.0,2.0,1.72,2.2,1.75,2.2,1.94
2019-07-17,Hall of Fame Championships,2nd Round,Grass,Granollers M.,Thompson J.,98.0,43.0,2.1,1.66,2.15,1.79,2.17,1.87
2019-07-18,Croatia Open,2nd Round,Clay,Bagnis F.,Serdarusic N.,152.0,290.0,1.4,2.75,1.47,2.9,1.5,3.0
2019-07-18,Croatia Open,2nd Round,Clay,Lajovic D.,Rublev A.,36.0,76.0,2.0,1.72,2.02,1.91,2.06,1.88
2019-07-18,Croatia Open,2nd Round,Clay,Caruso S.,Coric B.,125.0,14.0,3.25,1.33,3.43,1.36,3.6,1.4
2019-07-18,SkiStar Swedish Open,2nd Round,Clay,Londero J.I.,Dellien H.,71.0,94.0,1.57,2.25,1.66,2.36,1.71,2.4
2019-07-18,SkiStar Swedish Open,2nd Round,Clay,Gasquet R.,Novak D.,50.0,121.0,1.5,2.5,1.58,2.63,1.59,2.55
2019-07-18,SkiStar Swedish Open,2nd Round,Clay,Sousa J.,Ymer E.,56.0,116.0,1.57,2.25,1.72,2.5,1.74,2.25
2019-07-18,SkiStar Swedish Open,2nd Round,Clay,Delbonis F.,Cuevas P.,70.0,46.0,2.1,1.66,2.3,1.72,2.34,1.69
2019-07-18,Croatia Open,2nd Round,Clay,Bedene A.,Sinner J.,87.0,209.0,1.33,3.25,1.35,3.52,1.35,3.6
2019-07-19,Croatia Open,Quarterfinals,Clay,Djere L.,Mayer L.,32.0,60.0,1.9,1.9,1.88,2.04,1.95,2.04
2019-07-19,Croatia Open,Quarterfinals,Clay,Balazs A.,Travaglia S.,208.0,105.0,2.1,1.72,2.14,1.91,2.15,1.81
2019-07-19,Croatia Open,Quarterfinals,Clay,Caruso S.,Bagnis F.,125.0,152.0,1.61,2.3,1.68,2.4,1.68,2.37
2019-07-19,Croatia Open,Quarterfinals,Clay,Lajovic D.,Bedene A.,36.0,87.0,1.72,2.1,1.73,2.29,1.78,2.26
2019-07-19,SkiStar Swedish Open,Quarterfinals,Clay,Jarry N.,Chardy J.,64.0,80.0,2.0,1.8,2.06,1.91,2.06,1.88
2019-07-19,Hall of Fame Championships,Quarterfinals,Grass,Isner J.,Ebden M.,15.0,110.0,1.33,3.4,1.34,3.62,1.39,3.62
2019-07-19,Hall of Fame Championships,Quarterfinals,Grass,Bublik A.,Sandgren T.,83.0,72.0,2.37,1.57,2.57,1.58,2.57,1.61
2019-07-19,Hall of Fame Championships,Quarterfinals,Grass,Humbert U.,Ivashka I.,48.0,141.0,1.4,3.0,1.41,3.23,1.42,3.23
2019-07-19,Hall of Fame Championships,Quarterfinals,Grass,Granollers M.,Zverev M.,98.0,211.0,1.4,3.0,1.41,3.29,1.43,3.24
2019-07-19,SkiStar Swedish Open,Quarterfinals,Clay,Delbonis F.,Sousa J.,70.0,56.0,1.61,2.3,1.58,2.58,1.67,2.61
2019-07-19,SkiStar Swedish Open,Quarterfinals,Clay,Londero J.I.,Gasquet R.,71.0,50.0,1.72,2.1,1.71,2.29,1.78,2.29
2019-07-19,SkiStar Swedish Open,Quarterfinals,Clay,Ramos-Vinolas A.,Carballes Baena R.,99.0,77.0,2.0,1.8,2.06,1.93,2.06,1.87
2019-07-20,Croatia Open,Semifinals,Clay,Lajovic D.,Caruso S.,36.0,125.0,1.5,2.62,1.57,2.62,1.57,2.7
2019-07-20,Croatia Open,Semifinals,Clay,Balazs A.,Djere L.,208.0,32.0,2.62,1.5,2.75,1.52,2.85,1.57
2019-07-20,SkiStar Swedish Open,Semifinals,Clay,Jarry N.,Delbonis F.,64.0,70.0,2.2,1.66,2.29,1.71,2.29,1.8
2019-07-20,SkiStar Swedish Open,Semifinals,Clay,Londero J.I.,Ramos-Vinolas A.,71.0,99.0,2.1,1.72,2.22,1.76,2.22,1.8
2019-07-20,Hall of Fame Championships,Semifinals,Grass,Isner J.,Humbert U.,15.0,48.0,1.5,2.62,1.56,2.64,1.56,2.8
2019-07-20,Hall of Fame Championships,Semifinals,Grass,Bublik A.,Granollers M.,83.0,98.0,2.62,1.5,2.79,1.57,2.79,1.51
2019-07-21,SkiStar Swedish Open,The Final,Clay,Jarry N.,Londero J.I.,64.0,71.0,1.61,2.3,1.72,2.28,1.72,2.39
2019-07-21,Croatia Open,The Final,Clay,Lajovic D.,Balazs A.,36.0,208.0,1.5,2.62,1.53,2.73,1.56,2.73
2019-07-21,Hall of Fame Championships,The Final,Grass,Isner J.,Bublik A.,15.0,83.0,1.33,3.4,1.31,3.88,1.35,3.88
2019-07-22,German Tennis Championships,1st Round,Clay,Molleker R.,Mayer L.,150.0,51.0,3.0,1.36,3.8,1.3,3.82,1.37
2019-07-22,Suisse Open Gstaad,1st Round,Clay,Travaglia S.,Galan D.E.,98.0,215.0,1.53,2.37,1.51,2.74,1.57,2.74
2019-07-22,Suisse Open Gstaad,1st Round,Clay,Fabbiano T.,Ehrat S.,90.0,386.0,1.66,2.1,1.78,2.14,1.8,2.3
2019-07-22,Suisse Open Gstaad,1st Round,Clay,Andujar P.,Novak D.,79.0,120.0,1.72,2.0,1.88,2.01,1.91,2.06
2019-07-22,Suisse Open Gstaad,1st Round,Clay,Carballes Baena R.,Lorenzi P.,74.0,114.0,1.33,3.25,1.34,3.52,1.36,3.8
2019-07-22,Suisse Open Gstaad,1st Round,Clay,Vesely J.,Gulbis E.,142.0,130.0,1.44,2.62,1.54,2.64,1.56,2.96
2019-07-22,Suisse Open Gstaad,1st Round,Clay,Stebe C.M.,Moutet C.,455.0,80.0,2.75,1.4,3.2,1.4,3.2,1.45
2019-07-22,German Tennis Championships,1st Round,Clay,Chardy J.,Paire B.,77.0,28.0,2.1,1.66,2.0,1.89,2.23,1.89
2019-07-22,German Tennis Championships,1st Round,Clay,Rublev A.,Garin C.,78.0,37.0,2.2,1.61,2.2,1.74,2.27,1.8
2019-07-22,German Tennis Championships,1st Round,Clay,Fucsovics M.,Kohlschreiber P.,50.0,72.0,2.1,1.66,2.31,1.68,2.4,1.72
2019-07-22,German Tennis Championships,1st Round,Clay,Klizan M.,Altmaier D.,62.0,415.0,1.44,2.62,1.44,3.0,1.49,3.08
2019-07-22,BB&T Atlanta Open,1st Round,Hard,Popyrin A.,Kudla D.,95.0,101.0,1.61,2.2,1.73,2.22,1.76,2.44
2019-07-22,BB&T Atlanta Open,1st Round,Hard,Norrie C.,Thompson J.,54.0,43.0,2.1,1.66,1.98,1.91,2.15,1.91
2019-07-22,BB&T Atlanta Open,1st Round,Hard,Klahn B.,Copil M.,94.0,84.0,1.5,2.5,1.57,2.55,1.58,2.65
2019-07-23,Suisse Open Gstaad,1st Round,Clay,Istomin D.,Huesler M.A.,107.0,271.0,1.8,1.9,1.77,2.16,1.85,2.29
2019-07-23,Suisse Open Gstaad,1st Round,Clay,Moroni G.,Robredo T.,265.0,167.0,2.0,1.72,2.04,1.85,2.15,1.85
2019-07-23,Suisse Open Gstaad,1st Round,Clay,Munar J.,Jaziri M.,89.0,103.0,1.28,3.5,1.29,3.97,1.33,3.97
2019-07-23,BB&T Atlanta Open,1st Round,Hard,Ebden M.,Majchrzak K.,100.0,102.0,2.62,1.44,2.89,1.46,2.96,1.47
2019-07-23,BB&T Atlanta Open,1st Round,Hard,Kwon S.W.,Gunneswaran P.,117.0,88.0,1.33,3.25,1.33,3.52,1.35,3.56
2019-07-23,BB&T Atlanta Open,1st Round,Hard,Opelka R.,Bublik A.,57.0,71.0,1.36,3.0,1.36,3.32,1.45,3.45
2019-07-23,BB&T Atlanta Open,1st Round,Hard,Evans D.,Jung J.,55.0,138.0,1.33,3.25,1.38,3.22,1.43,4.1
2019-07-23,BB&T Atlanta Open,1st Round,Hard,Tomic B.,Tiafoe F.,106.0,41.0,3.25,1.33,3.72,1.3,3.75,1.35
2019-07-23,Suisse Open Gstaad,1st Round,Clay,Sousa J.,Darcis S.,49.0,198.0,1.4,2.75,1.38,3.3,1.56,3.3
2019-07-23,German Tennis Championships,1st Round,Clay,Basilashvili N.,Dellien H.,16.0,87.0,1.72,2.0,1.9,1.99,1.91,2.31
2019-07-23,German Tennis Championships,1st Round,Clay,Ruud C.,Haase R.,69.0,86.0,1.44,2.62,1.44,2.97,1.5,3.0
2019-07-23,German Tennis Championships,1st Round,Clay,Gasquet R.,Nagal S.,65.0,207.0,1.36,3.0,1.49,2.81,1.51,3.1
2019-07-23,German Tennis Championships,1st Round,Clay,Thiem D.,Cuevas P.,4.0,47.0,1.25,3.75,1.28,4.08,1.3,4.8
2019-07-23,German Tennis Championships,1st Round,Clay,Londero J.I.,Davidovich Fokina A.,56.0,127.0,1.44,2.62,1.45,2.91,1.5,3.34
2019-07-23,German Tennis Championships,1st Round,Clay,Carreno Busta P.,Hanfmann Y.,59.0,223.0,1.66,2.1,1.81,2.09,1.87,2.2
2019-07-23,German Tennis Championships,1st Round,Clay,Zverev A.,Jarry N.,5.0,38.0,1.4,2.75,1.47,2.85,1.48,3.27
2019-07-23,German Tennis Championships,1st Round,Clay,Krajinovic F.,Djere L.,58.0,31.0,1.66,2.1,1.59,2.5,1.7,2.5
2019-07-23,German Tennis Championships,1st Round,Clay,Delbonis F.,Cecchinato M.,67.0,63.0,1.44,2.62,1.52,2.7,1.54,3.02
2019-07-23,German Tennis Championships,1st Round,Clay,Fognini F.,Lenz J.,10.0,374.0,1.22,4.0,1.25,4.36,1.57,4.5
2019-07-23,BB&T Atlanta Open,1st Round,Hard,Albot R.,Sandgren T.,42.0,70.0,1.83,1.83,1.81,2.1,1.91,2.14
2019-07-23,Suisse Open Gstaad,1st Round,Clay,Ramos-Vinolas A.,Laaksonen H.,85.0,112.0,1.57,2.25,1.73,2.21,1.74,2.34
2019-07-23,German Tennis Championships,1st Round,Clay,Struff J.L.,Monteiro T.,36.0,91.0,1.66,2.1,1.68,2.3,1.71,2.34
2019-07-23,Suisse Open Gstaad,1st Round,Clay,Daniel T.,Baldi F.,111.0,149.0,1.72,2.0,1.99,1.89,2.11,2.06
2019-07-24,German Tennis Championships,2nd Round,Clay,Rublev A.,Ruud C.,78.0,69.0,2.0,1.72,2.07,1.85,2.25,1.95
2019-07-24,German Tennis Championships,2nd Round,Clay,Thiem D.,Fucsovics M.,4.0,50.0,1.16,5.0,1.18,5.77,1.21,5.77
2019-07-24,German Tennis Championships,2nd Round,Clay,Basilashvili N.,Londero J.I.,16.0,56.0,2.2,1.61,2.2,1.76,2.38,1.88
2019-07-24,German Tennis Championships,2nd Round,Clay,Chardy J.,Gasquet R.,77.0,65.0,1.72,2.0,1.86,2.05,1.92,2.1
2019-07-24,Suisse Open Gstaad,2nd Round,Clay,Ramos-Vinolas A.,Verdasco F.,85.0,30.0,2.0,1.72,2.08,1.84,2.12,1.87
2019-07-24,BB&T Atlanta Open,1st Round,Hard,Humbert U.,Gromley C.,46.0,,1.04,13.0,1.07,10.16,1.09,14.0
2019-07-24,BB&T Atlanta Open,1st Round,Hard,Kecmanovic M.,Sock J.,66.0,180.0,1.33,3.25,1.38,3.25,1.43,3.38
2019-07-24,BB&T Atlanta Open,1st Round,Hard,King K.,Dimitrov G.,405.0,53.0,6.0,1.12,6.23,1.14,7.1,1.17
2019-07-24,BB&T Atlanta Open,2nd Round,Hard,Popyrin A.,Herbert P.H.,95.0,39.0,1.83,1.83,1.95,1.95,1.95,2.0
2019-07-24,BB&T Atlanta Open,2nd Round,Hard,Norrie C.,Kwon S.W.,54.0,117.0,1.8,1.9,1.85,2.07,1.87,2.07
2019-07-24,BB&T Atlanta Open,2nd Round,Hard,Evans D.,Albot R.,55.0,42.0,1.5,2.5,1.59,2.53,1.61,2.6
2019-07-24,Suisse Open Gstaad,2nd Round,Clay,Stebe C.M.,Vesely J.,455.0,142.0,2.62,1.44,2.94,1.46,2.96,1.49
2019-07-24,Suisse Open Gstaad,2nd Round,Clay,Carballes Baena R.,Travaglia S.,74.0,98.0,1.57,2.25,1.75,2.2,1.76,2.61
2019-07-24,Suisse Open Gstaad,2nd Round,Clay,Fabbiano T.,Sonego L.,90.0,52.0,2.75,1.4,3.03,1.44,3.03,1.49
2019-07-25,Suisse Open Gstaad,2nd Round,Clay,Andujar P.,Daniel T.,79.0,111.0,1.44,2.62,1.41,3.17,1.5,3.17
2019-07-25,German Tennis Championships,2nd Round,Clay,Fognini F.,Molleker R.,10.0,150.0,1.33,3.25,1.33,3.68,1.38,3.68
2019-07-25,German Tennis Championships,2nd Round,Clay,Zverev A.,Delbonis F.,5.0,67.0,1.28,3.5,1.34,3.56,1.36,3.8
2019-07-25,German Tennis Championships,2nd Round,Clay,Carreno Busta P.,Struff J.L.,59.0,36.0,2.37,1.53,2.55,1.58,2.75,1.63
2019-07-25,German Tennis Championships,2nd Round,Clay,Krajinovic F.,Klizan M.,58.0,62.0,1.44,2.62,1.44,3.02,1.51,3.02
2019-07-25,BB&T Atlanta Open,2nd Round,Hard,Opelka R.,Isner J.,57.0,14.0,2.37,1.53,2.36,1.66,2.45,1.67
2019-07-25,BB&T Atlanta Open,2nd Round,Hard,De Minaur A.,Klahn B.,34.0,94.0,1.44,2.62,1.44,3.02,1.51,3.02
2019-07-25,BB&T Atlanta Open,2nd Round,Hard,Tomic B.,Ebden M.,106.0,100.0,1.83,1.83,1.95,1.95,1.95,2.0
2019-07-25,Suisse Open Gstaad,2nd Round,Clay,Bautista Agut R.,Munar J.,13.0,89.0,1.3,3.4,1.37,3.42,1.4,3.6
2019-07-25,Suisse Open Gstaad,2nd Round,Clay,Lajovic D.,Istomin D.,26.0,107.0,1.22,4.0,1.24,4.65,1.28,4.65
2019-07-25,Suisse Open Gstaad,2nd Round,Clay,Sousa J.,Moroni G.,49.0,265.0,1.44,2.62,1.44,3.03,1.5,3.03
2019-07-26,Suisse Open Gstaad,Quarterfinals,Clay,Andujar P.,Lajovic D.,79.0,26.0,2.0,1.8,2.04,1.88,2.67,1.91
2019-07-26,Suisse Open Gstaad,Quarterfinals,Clay,Sousa J.,Bautista Agut R.,49.0,13.0,3.75,1.28,4.11,1.29,4.11,1.31
2019-07-26,German Tennis Championships,Quarterfinals,Clay,Basilashvili N.,Chardy J.,16.0,77.0,2.0,1.8,1.97,1.95,2.0,2.0
2019-07-26,German Tennis Championships,Quarterfinals,Clay,Rublev A.,Thiem D.,78.0,4.0,6.0,1.12,7.15,1.14,7.9,1.15
2019-07-26,German Tennis Championships,Quarterfinals,Clay,Zverev A.,Krajinovic F.,5.0,58.0,1.36,3.2,1.38,3.38,1.44,3.38
2019-07-26,Suisse Open Gstaad,Quarterfinals,Clay,Ramos-Vinolas A.,Carballes Baena R.,85.0,74.0,1.66,2.2,1.8,2.15,1.8,2.59
2019-07-26,BB&T Atlanta Open,2nd Round,Hard,Fritz T.,King K.,32.0,405.0,1.1,7.0,1.09,8.7,1.15,8.7
2019-07-26,BB&T Atlanta Open,2nd Round,Hard,Kecmanovic M.,Humbert U.,66.0,46.0,1.8,1.9,1.9,2.01,1.95,2.01
2019-07-26,BB&T Atlanta Open,Quarterfinals,Hard,De Minaur A.,Tomic B.,34.0,106.0,1.36,3.2,1.36,3.45,1.41,3.45
2019-07-26,BB&T Atlanta Open,Quarterfinals,Hard,Opelka R.,Evans D.,57.0,55.0,1.8,2.0,1.77,2.2,1.87,2.2
2019-07-26,BB&T Atlanta Open,Quarterfinals,Hard,Norrie C.,Popyrin A.,54.0,95.0,1.72,2.1,1.71,2.3,1.88,2.3
2019-07-26,German Tennis Championships,Quarterfinals,Clay,Carreno Busta P.,Fognini F.,59.0,10.0,1.8,2.0,1.88,2.04,1.91,2.06
2019-07-27,German Tennis Championships,Semifinals,Clay,Rublev A.,Carreno Busta P.,78.0,59.0,1.8,2.0,1.83,2.11,1.86,2.15
2019-07-27,German Tennis Championships,Semifinals,Clay,Basilashvili N.,Zverev A.,16.0,5.0,2.75,1.44,3.15,1.43,3.16,1.49
2019-07-27,BB&T Atlanta Open,Quarterfinals,Hard,Fritz T.,Kecmanovic M.,32.0,66.0,1.61,2.3,1.63,2.47,1.65,2.5
2019-07-27,Suisse Open Gstaad,Quarterfinals,Clay,Stebe C.M.,Fabbiano T.,455.0,90.0,1.9,1.9,2.0,1.93,2.01,2.0
2019-07-27,Suisse Open Gstaad,Semifinals,Clay,Ramos-Vinolas A.,Andujar P.,85.0,79.0,1.61,2.3,1.75,2.23,1.75,2.4
2019-07-27,Suisse Open Gstaad,Semifinals,Clay,Stebe C.M.,Sousa J.,455.0,49.0,3.5,1.3,3.51,1.35,3.75,1.4
2019-07-27,BB&T Atlanta Open,Semifinals,Hard,De Minaur A.,Opelka R.,34.0,57.0,1.9,1.9,2.0,1.93,2.0,2.0
2019-07-28,Suisse Open Gstaad,The Final,Clay,Ramos-Vinolas A.,Stebe C.M.,85.0,455.0,1.25,4.0,1.27,4.27,1.29,4.3
2019-07-28,BB&T Atlanta Open,The Final,Hard,De Minaur A.,Fritz T.,34.0,32.0,1.72,2.1,1.87,2.06,1.87,2.13
2019-07-28,BB&T Atlanta Open,Semifinals,Hard,Fritz T.,Norrie C.,32.0,54.0,1.36,3.2,1.43,3.12,1.44,3.2
2019-07-28,German Tennis Championships,The Final,Clay,Basilashvili N.,Rublev A.,16.0,78.0,2.1,1.72,2.12,1.83,2.15,1.83
2019-07-29,Citi Open,1st Round,Hard,Paul T.,Kudla D.,128.0,98.0,1.66,2.1,1.81,2.09,1.87,2.17
2019-07-29,Citi Open,1st Round,Hard,Mannarino A.,Ivashka I.,66.0,126.0,1.53,2.37,1.56,2.58,1.59,2.6
2019-07-29,Citi Open,1st Round,Hard,Tsonga J.W.,Schnur B.,70.0,99.0,1.22,4.0,1.23,4.39,1.27,4.55
2019-07-29,Citi Open,1st Round,Hard,Copil M.,Torpegaard M.,84.0,179.0,1.72,2.0,1.7,2.26,1.8,2.3
2019-07-29,Citi Open,1st Round,Hard,Harris L.,Berankis R.,85.0,78.0,2.0,1.72,2.04,1.85,2.05,1.94
2019-07-29,Citi Open,1st Round,Hard,Fratangelo B.,Karlovic I.,124.0,80.0,1.8,1.9,1.93,1.95,1.97,2.01
2019-07-29,Generali Open,1st Round,Clay,Sonego L.,Delbonis F.,56.0,63.0,2.0,1.72,2.08,1.82,2.15,1.85
2019-07-29,Generali Open,1st Round,Clay,Chardy J.,Cecchinato M.,74.0,62.0,1.72,2.0,1.81,2.1,1.87,2.12
2019-07-29,Generali Open,1st Round,Clay,Novak D.,Rodionov J.,119.0,280.0,1.25,3.75,1.24,4.55,1.26,4.75
2019-07-29,Generali Open,1st Round,Clay,Bachinger M.,Klizan M.,125.0,60.0,2.62,1.44,2.75,1.5,2.96,1.53
2019-07-29,Generali Open,1st Round,Clay,Carballes Baena R.,Dellien H.,76.0,89.0,1.57,2.25,1.77,2.15,1.8,2.33
2019-07-30,Abierto Mexicano Mifel,1st Round,Hard,Gunneswaran P.,Millman J.,90.0,67.0,3.4,1.3,3.46,1.34,3.6,1.37
2019-07-30,Abierto Mexicano Mifel,1st Round,Hard,Kokkinakis T.,Janvier M.,191.0,192.0,1.4,2.75,1.45,2.93,1.48,3.07
2019-07-30,Abierto Mexicano Mifel,1st Round,Hard,Kukushkin M.,Dzumhur D.,45.0,92.0,1.66,2.1,1.74,2.2,1.83,2.2
2019-07-30,Abierto Mexicano Mifel,1st Round,Hard,Gulbis E.,Jung J.,129.0,134.0,2.37,1.53,2.44,1.61,2.45,1.65
2019-07-30,Abierto Mexicano Mifel,1st Round,Hard,Granollers M.,Gomez L.,103.0,492.0,1.08,8.0,1.09,8.47,1.12,9.0
2019-07-30,Citi Open,1st Round,Hard,Thompson J.,Sock J.,46.0,173.0,1.61,2.2,1.53,2.66,1.65,2.7
2019-07-30,Generali Open,1st Round,Clay,Kovalik J.,Garcia-Lopez G.,326.0,158.0,2.0,1.72,2.07,1.83,2.15,1.83
2019-07-30,Citi Open,1st Round,Hard,Gojowczyk P.,Rublev A.,122.0,49.0,3.0,1.36,3.08,1.4,3.2,1.49
2019-07-30,Citi Open,1st Round,Hard,Nishioka Y.,Evans D.,77.0,51.0,2.75,1.4,2.54,1.57,2.93,1.63
2019-07-30,Citi Open,1st Round,Hard,Polmans M.,Jaziri M.,172.0,101.0,1.66,2.1,1.8,2.11,1.8,2.2
2019-07-30,Citi Open,1st Round,Hard,Hurkacz H.,Young D.,44.0,195.0,1.28,3.5,1.31,3.64,1.35,3.7
2019-07-30,Citi Open,1st Round,Hard,Smyczek T.,Ebden M.,281.0,116.0,2.2,1.61,2.1,1.81,2.27,1.83
2019-07-30,Citi Open,1st Round,Hard,Bublik A.,Klahn B.,72.0,93.0,2.0,1.72,2.06,1.84,2.1,1.92
2019-07-30,Citi Open,1st Round,Hard,Opelka R.,Eubanks C.,43.0,178.0,1.3,3.4,1.31,3.65,1.33,4.1
2019-07-30,Citi Open,1st Round,Hard,Kecmanovic M.,Popyrin A.,61.0,87.0,1.61,2.2,1.61,2.45,1.67,2.45
2019-07-30,Generali Open,1st Round,Clay,Munar J.,Fabbiano T.,88.0,82.0,1.33,3.25,1.38,3.27,1.41,3.64
2019-07-30,Citi Open,2nd Round,Hard,Edmund K.,Harris L.,34.0,85.0,1.4,2.75,1.48,2.86,1.49,3.0
2019-07-30,Citi Open,2nd Round,Hard,Medvedev D.,Fratangelo B.,10.0,124.0,1.18,4.5,1.17,5.64,1.2,6.1
2019-07-30,Generali Open,1st Round,Clay,Kohlschreiber P.,Gasquet R.,73.0,68.0,2.0,1.72,1.89,2.0,2.1,2.0
2019-07-30,Generali Open,1st Round,Clay,Ruud C.,Carreno Busta P.,65.0,47.0,2.1,1.66,2.11,1.81,2.37,1.83
2019-07-30,Generali Open,1st Round,Clay,Ofner S.,Miedler L.,167.0,258.0,2.1,1.66,2.03,1.86,2.17,1.88
2019-07-30,Generali Open,1st Round,Clay,Ramos-Vinolas A.,Fucsovics M.,69.0,54.0,2.1,1.66,2.1,1.81,2.17,1.91
2019-07-30,Generali Open,1st Round,Clay,Andujar P.,Mayer L.,75.0,81.0,2.2,1.61,2.27,1.7,2.27,1.76
2019-07-30,Citi Open,2nd Round,Hard,Tiafoe F.,Bublik A.,40.0,72.0,1.53,2.37,1.58,2.55,1.61,2.78
2019-07-31,Citi Open,2nd Round,Hard,Gojowczyk P.,De Minaur A.,122.0,25.0,4.5,1.18,5.74,1.17,5.74,1.2
2019-07-31,Citi Open,2nd Round,Hard,Paire B.,Polmans M.,30.0,172.0,1.4,2.75,1.39,3.24,1.45,3.35
2019-07-31,Citi Open,2nd Round,Hard,Auger-Aliassime F.,Opelka R.,22.0,43.0,2.0,1.72,2.04,1.87,2.04,2.04
2019-07-31,Citi Open,2nd Round,Hard,Isner J.,Hurkacz H.,15.0,44.0,1.57,2.25,1.72,2.25,1.72,2.51
2019-07-31,Citi Open,2nd Round,Hard,Kecmanovic M.,Herbert P.H.,61.0,38.0,1.53,2.37,1.57,2.56,1.61,2.61
2019-07-31,Citi Open,2nd Round,Hard,Gombos N.,Mannarino A.,137.0,66.0,,,,,3.81,1.27
2019-07-31,Citi Open,2nd Round,Hard,Cilic M.,Copil M.,17.0,84.0,1.36,3.0,1.4,3.21,1.43,3.3
2019-07-31,Citi Open,2nd Round,Hard,Tsonga J.W.,Khachanov K.,70.0,8.0,1.9,1.8,1.87,2.04,2.0,2.1
2019-07-31,Citi Open,2nd Round,Hard,Raonic M.,Smyczek T.,20.0,281.0,1.14,5.5,1.14,6.48,1.19,6.48
2019-07-31,Citi Open,1st Round,Hard,Kyrgios N.,Kwiatkowski T.S.,52.0,206.0,1.22,4.0,1.23,4.44,1.27,4.7
2019-07-31,Citi Open,2nd Round,Hard,Kyrgios N.,Simon G.,52.0,33.0,1.44,2.62,1.46,2.9,1.49,2.92
2019-07-31,Generali Open,2nd Round,Clay,Andujar P.,Kohlschreiber P.,75.0,73.0,1.83,1.83,2.0,1.9,2.01,1.91
2019-07-31,Generali Open,2nd Round,Clay,Thiem D.,Ofner S.,4.0,167.0,1.07,9.0,1.07,11.24,1.09,11.35
2019-07-31,Generali Open,2nd Round,Clay,Verdasco F.,Kovalik J.,32.0,326.0,1.4,2.75,1.44,3.04,1.49,3.04
2019-07-31,Abierto Mexicano Mifel,1st Round,Hard,Daniel T.,Sandgren T.,118.0,71.0,3.0,1.36,3.55,1.33,3.55,1.4
2019-07-31,Abierto Mexicano Mifel,1st Round,Hard,Londero J.I.,Garin C.,59.0,37.0,2.37,1.53,2.64,1.53,2.64,1.59
2019-07-31,Abierto Mexicano Mifel,1st Round,Hard,Albot R.,Tipsarevic J.,41.0,256.0,1.36,3.0,1.41,3.06,1.44,3.07
2019-07-31,Abierto Mexicano Mifel,1st Round,Hard,Kwon S.W.,Stebe C.M.,112.0,257.0,1.28,3.5,1.23,4.4,1.31,4.45
2019-07-31,Abierto Mexicano Mifel,1st Round,Hard,Dimitrov G.,Johnson S.,57.0,94.0,1.66,2.1,1.73,2.21,1.75,2.34
2019-07-31,Abierto Mexicano Mifel,1st Round,Hard,Norrie C.,Barrere G.,58.0,111.0,1.3,3.4,1.31,3.7,1.34,4.2
2019-07-31,Abierto Mexicano Mifel,1st Round,Hard,Fritz T.,Koepfer D.,28.0,123.0,1.28,3.5,1.3,3.71,1.36,3.71
2019-07-31,Generali Open,2nd Round,Clay,Sonego L.,Carballes Baena R.,56.0,76.0,2.1,1.66,2.24,1.73,2.27,1.77
2019-07-31,Generali Open,2nd Round,Clay,Cuevas P.,Novak D.,53.0,119.0,1.5,2.5,1.56,2.6,1.56,2.65
2019-07-31,Generali Open,2nd Round,Clay,Ramos-Vinolas A.,Munar J.,69.0,88.0,1.8,1.9,1.81,2.11,1.87,2.28
2019-07-31,Generali Open,2nd Round,Clay,Ruud C.,Bachinger M.,65.0,125.0,1.25,3.75,1.32,3.77,1.35,3.9
2019-07-31,Generali Open,2nd Round,Clay,Chardy J.,Lajovic D.,74.0,26.0,2.2,1.61,2.15,1.79,2.2,1.83
2019-08-01,Citi Open,2nd Round,Hard,Tsitsipas S.,Paul T.,6.0,128.0,1.33,3.25,1.35,3.45,1.38,3.84
2019-08-01,Citi Open,2nd Round,Hard,Nishioka Y.,Goffin D.,77.0,18.0,2.75,1.4,3.07,1.42,3.2,1.45
2019-08-01,Citi Open,2nd Round,Hard,Thompson J.,Struff J.L.,46.0,35.0,2.2,1.61,2.28,1.7,2.34,1.82
2019-08-01,Citi Open,3rd Round,Hard,Edmund K.,Tsonga J.W.,34.0,70.0,2.3,1.61,2.38,1.65,2.45,1.67
2019-08-01,Citi Open,3rd Round,Hard,Cilic M.,Auger-Aliassime F.,17.0,22.0,2.2,1.66,2.16,1.78,2.31,1.87
2019-08-01,Citi Open,3rd Round,Hard,Gojowczyk P.,Raonic M.,122.0,20.0,4.5,1.2,5.3,1.2,5.3,1.22
2019-08-01,Citi Open,3rd Round,Hard,Gombos N.,Kecmanovic M.,137.0,61.0,3.2,1.36,3.65,1.33,3.65,1.38
2019-08-01,Citi Open,3rd Round,Hard,Medvedev D.,Tiafoe F.,10.0,40.0,1.4,3.0,1.4,3.21,1.45,3.26
2019-08-01,Abierto Mexicano Mifel,2nd Round,Hard,Kokkinakis T.,Pouille L.,191.0,29.0,2.1,1.66,2.28,1.7,2.28,1.77
2019-08-01,Generali Open,Quarterfinals,Clay,Ramos-Vinolas A.,Chardy J.,69.0,74.0,1.61,2.3,1.68,2.35,1.69,2.5
2019-08-01,Generali Open,Quarterfinals,Clay,Ruud C.,Cuevas P.,65.0,53.0,2.1,1.72,2.19,1.78,2.26,1.8
2019-08-01,Abierto Mexicano Mifel,2nd Round,Hard,Fognini F.,Granollers M.,9.0,103.0,1.72,2.0,1.93,1.98,1.96,2.16
2019-08-01,Generali Open,Quarterfinals,Clay,Thiem D.,Andujar P.,4.0,75.0,1.16,5.0,1.15,6.55,1.19,6.55
2019-08-01,Abierto Mexicano Mifel,2nd Round,Hard,Albot R.,Daniel T.,41.0,118.0,1.4,2.75,1.44,3.0,1.5,3.07
2019-08-01,Abierto Mexicano Mifel,2nd Round,Hard,Schwartzman D.,Gulbis E.,27.0,129.0,1.25,3.75,1.23,4.53,1.29,4.8
2019-08-01,Abierto Mexicano Mifel,2nd Round,Hard,Kukushkin M.,Norrie C.,45.0,58.0,2.37,1.53,2.37,1.66,2.45,1.67
2019-08-01,Abierto Mexicano Mifel,2nd Round,Hard,Kwon S.W.,Londero J.I.,112.0,59.0,1.4,2.75,1.41,3.11,1.45,3.35
2019-08-01,Abierto Mexicano Mifel,2nd Round,Hard,Pella G.,Dimitrov G.,24.0,57.0,2.2,1.61,2.32,1.68,2.4,1.68
2019-08-01,Abierto Mexicano Mifel,2nd Round,Hard,Fritz T.,Gunneswaran P.,28.0,90.0,1.18,4.5,1.19,5.28,1.25,5.52
2019-08-01,Generali Open,Quarterfinals,Clay,Sonego L.,Verdasco F.,56.0,32.0,2.1,1.72,2.27,1.72,2.27,1.77
2019-08-02,Abierto Mexicano Mifel,Quarterfinals,Hard,Schwartzman D.,Kukushkin M.,27.0,45.0,1.53,2.5,1.53,2.7,1.59,2.7
2019-08-02,Citi Open,Quarterfinals,Hard,Medvedev D.,Cilic M.,10.0,17.0,1.61,2.3,1.57,2.62,1.66,2.65
2019-08-02,Citi Open,Quarterfinals,Hard,Gojowczyk P.,Edmund K.,122.0,34.0,3.75,1.28,3.78,1.32,4.03,1.32
2019-08-02,Citi Open,3rd Round,Hard,Kyrgios N.,Nishioka Y.,52.0,77.0,1.4,3.0,1.47,2.9,1.5,3.15
2019-08-02,Citi Open,3rd Round,Hard,Paire B.,Isner J.,30.0,15.0,3.5,1.3,4.17,1.27,4.17,1.31
2019-08-02,Citi Open,3rd Round,Hard,Tsitsipas S.,Thompson J.,6.0,46.0,1.33,3.4,1.33,3.64,1.35,3.8
2019-08-02,Abierto Mexicano Mifel,Quarterfinals,Hard,Pella G.,Kwon S.W.,24.0,112.0,1.61,2.3,1.76,2.21,1.77,2.3
2019-08-02,Abierto Mexicano Mifel,Quarterfinals,Hard,Albot R.,Kokkinakis T.,41.0,191.0,1.9,1.9,2.02,1.9,2.02,2.1
2019-08-02,Generali Open,Semifinals,Clay,Ramos-Vinolas A.,Ruud C.,69.0,65.0,1.61,2.3,1.64,2.44,1.67,2.5
2019-08-02,Abierto Mexicano Mifel,Quarterfinals,Hard,Fritz T.,Fognini F.,28.0,9.0,1.66,2.2,1.62,2.48,1.75,2.48
2019-08-02,Generali Open,Semifinals,Clay,Thiem D.,Sonego L.,4.0,56.0,1.16,5.0,1.19,5.65,1.21,5.91
2019-08-03,Abierto Mexicano Mifel,Semifinals,Hard,Schwartzman D.,Pella G.,27.0,24.0,1.57,2.37,1.61,2.51,1.63,2.51
2019-08-03,Citi Open,Quarterfinals,Hard,Tsitsipas S.,Paire B.,6.0,30.0,1.3,3.5,1.33,3.74,1.36,3.9
2019-08-03,Citi Open,Quarterfinals,Hard,Kyrgios N.,Gombos N.,52.0,137.0,1.2,4.5,1.23,4.88,1.25,5.0
2019-08-03,Generali Open,The Final,Clay,Thiem D.,Ramos-Vinolas A.,4.0,69.0,1.25,4.0,1.25,4.6,1.3,4.6
2019-08-03,Abierto Mexicano Mifel,Semifinals,Hard,Fritz T.,Albot R.,28.0,41.0,1.57,2.37,1.54,2.69,1.63,2.69
2019-08-04,Abierto Mexicano Mifel,The Final,Hard,Schwartzman D.,Fritz T.,27.0,28.0,2.1,1.72,2.18,1.78,2.2,1.8
2019-08-04,Citi Open,Semifinals,Hard,Kyrgios N.,Tsitsipas S.,52.0,6.0,2.0,1.8,2.14,1.81,2.25,1.91
2019-08-04,Citi Open,Semifinals,Hard,Medvedev D.,Gojowczyk P.,10.0,122.0,1.16,5.0,1.19,5.64,1.19,6.0
2019-08-04,Citi Open,The Final,Hard,Kyrgios N.,Medvedev D.,52.0,10.0,2.1,1.72,2.27,1.72,2.3,1.81
2019-08-05,Rogers Masters,1st Round,Hard,Shapovalov D.,Herbert P.H.,32.0,40.0,1.5,2.5,1.54,2.66,1.56,2.82
2019-08-05,Rogers Masters,1st Round,Hard,Gasquet R.,Paire B.,66.0,29.0,2.2,1.61,2.33,1.68,2.33,1.76
2019-08-05,Rogers Masters,1st Round,Hard,Ivashka I.,Kwon S.W.,125.0,97.0,2.62,1.44,3.04,1.44,3.04,1.52
2019-08-05,Rogers Masters,1st Round,Hard,Bautista Agut R.,Tomic B.,13.0,95.0,1.14,5.5,1.16,6.13,1.18,6.3
2019-08-05,Rogers Masters,1st Round,Hard,Mannarino A.,Kukushkin M.,69.0,44.0,1.83,1.83,1.94,1.96,1.95,2.01
2019-08-05,Rogers Masters,1st Round,Hard,Wawrinka S.,Dimitrov G.,22.0,54.0,1.36,3.0,1.46,2.95,1.49,3.15
2019-08-05,Rogers Masters,1st Round,Hard,Norrie C.,Fucsovics M.,62.0,55.0,1.83,1.83,1.94,1.96,2.04,1.98
2019-08-05,Rogers Masters,1st Round,Hard,Paul T.,Schnur B.,128.0,98.0,1.53,2.37,1.56,2.6,1.58,2.6
2019-08-05,Rogers Masters,1st Round,Hard,Struff J.L.,Tsonga J.W.,35.0,60.0,2.25,1.57,2.27,1.71,2.48,1.71
2019-08-05,Rogers Masters,1st Round,Hard,Raonic M.,Pouille L.,19.0,30.0,1.36,3.0,1.38,3.32,1.42,3.32
2019-08-05,Rogers Masters,1st Round,Hard,Garin C.,Djere L.,36.0,37.0,1.66,2.1,1.8,2.13,1.8,2.2
2019-08-05,Rogers Masters,1st Round,Hard,Basilashvili N.,Lajovic D.,17.0,28.0,1.57,2.25,1.55,2.64,1.63,2.65
2019-08-06,Rogers Masters,1st Round,Hard,Edmund K.,Kyrgios N.,33.0,27.0,2.0,1.72,2.11,1.82,2.11,2.0
2019-08-06,Rogers Masters,1st Round,Hard,Hurkacz H.,Fritz T.,48.0,25.0,2.0,1.72,2.09,1.83,2.15,2.1
2019-08-06,Rogers Masters,1st Round,Hard,Coric B.,Gojowczyk P.,14.0,85.0,1.36,3.0,1.37,3.38,1.4,3.4
2019-08-06,Rogers Masters,1st Round,Hard,Pella G.,Goffin D.,24.0,18.0,2.75,1.4,2.93,1.47,3.07,1.48
2019-08-06,Rogers Masters,1st Round,Hard,Millman J.,Lopez F.,65.0,67.0,1.61,2.2,1.64,2.41,1.73,2.41
2019-08-06,Rogers Masters,1st Round,Hard,Auger-Aliassime F.,Pospisil V.,21.0,205.0,1.16,5.0,1.19,5.5,1.19,6.35
2019-08-06,Rogers Masters,1st Round,Hard,Schwartzman D.,Cecchinato M.,23.0,61.0,1.18,4.5,1.2,5.27,1.21,5.39
2019-08-06,Rogers Masters,1st Round,Hard,Albot R.,Simon G.,39.0,34.0,2.1,1.66,2.04,1.87,2.25,1.87
2019-08-06,Rogers Masters,1st Round,Hard,Isner J.,Thompson J.,15.0,46.0,1.44,2.62,1.47,2.92,1.49,2.92
2019-08-06,Rogers Masters,1st Round,Hard,Evans D.,De Minaur A.,53.0,38.0,2.37,1.53,2.43,1.63,2.6,1.65
2019-08-06,Rogers Masters,1st Round,Hard,Cilic M.,Klahn B.,16.0,92.0,1.25,3.75,1.35,3.52,1.35,3.94
2019-08-06,Rogers Masters,1st Round,Hard,Monfils G.,Polansky P.,20.0,172.0,1.14,5.5,1.17,5.93,1.19,5.93
2019-08-07,Rogers Masters,2nd Round,Hard,Medvedev D.,Edmund K.,9.0,33.0,1.53,2.37,1.6,2.52,1.63,2.52
2019-08-07,Rogers Masters,2nd Round,Hard,Hurkacz H.,Tsitsipas S.,48.0,5.0,2.75,1.4,2.96,1.46,3.0,1.49
2019-08-07,Rogers Masters,2nd Round,Hard,Thiem D.,Shapovalov D.,4.0,32.0,1.61,2.2,1.75,2.22,1.77,2.22
2019-08-07,Rogers Masters,2nd Round,Hard,Bautista Agut R.,Schwartzman D.,13.0,23.0,1.33,3.25,1.42,3.11,1.43,3.25
2019-08-07,Rogers Masters,2nd Round,Hard,Nadal R.,Evans D.,2.0,53.0,1.08,8.0,1.09,9.48,1.1,9.48
2019-08-07,Rogers Masters,2nd Round,Hard,Garin C.,Isner J.,36.0,15.0,3.25,1.33,3.62,1.34,3.9,1.35
2019-08-07,Rogers Masters,2nd Round,Hard,Cilic M.,Millman J.,16.0,65.0,1.28,3.5,1.4,3.2,1.4,3.88
2019-08-07,Rogers Masters,2nd Round,Hard,Pella G.,Albot R.,24.0,39.0,1.72,2.0,1.85,2.07,1.87,2.27
2019-08-07,Rogers Masters,2nd Round,Hard,Zverev A.,Norrie C.,7.0,62.0,1.28,3.5,1.33,3.67,1.36,3.67
2019-08-07,Rogers Masters,2nd Round,Hard,Basilashvili N.,Struff J.L.,17.0,35.0,2.62,1.44,2.65,1.55,2.69,1.59
2019-08-07,Rogers Masters,2nd Round,Hard,Gasquet R.,Nishikori K.,66.0,6.0,2.75,1.4,3.39,1.37,3.39,1.45
2019-08-08,Rogers Masters,3rd Round,Hard,Nadal R.,Pella G.,2.0,24.0,1.08,8.0,1.08,10.75,1.09,12.5
2019-08-08,Rogers Masters,3rd Round,Hard,Fognini F.,Mannarino A.,11.0,69.0,1.8,2.0,1.88,2.04,1.91,2.1
2019-08-08,Rogers Masters,3rd Round,Hard,Zverev A.,Basilashvili N.,7.0,17.0,1.44,2.75,1.46,3.0,1.5,3.05
2019-08-08,Rogers Masters,3rd Round,Hard,Medvedev D.,Garin C.,9.0,36.0,1.16,5.0,1.18,5.88,1.18,6.09
2019-08-08,Rogers Masters,3rd Round,Hard,Thiem D.,Cilic M.,4.0,16.0,1.9,1.9,1.91,2.02,2.12,2.08
2019-08-08,Rogers Masters,3rd Round,Hard,Khachanov K.,Auger-Aliassime F.,8.0,21.0,1.72,2.1,1.76,2.21,1.76,2.35
2019-08-08,Rogers Masters,2nd Round,Hard,Mannarino A.,Coric B.,69.0,14.0,2.75,1.4,2.64,1.55,2.75,1.61
2019-08-08,Rogers Masters,2nd Round,Hard,Auger-Aliassime F.,Raonic M.,21.0,19.0,2.25,1.57,2.56,1.58,2.65,1.67
2019-08-08,Rogers Masters,2nd Round,Hard,Khachanov K.,Wawrinka S.,8.0,22.0,2.25,1.57,2.36,1.67,2.36,1.69
2019-08-08,Rogers Masters,2nd Round,Hard,Monfils G.,Ivashka I.,20.0,125.0,1.33,3.25,1.35,3.54,1.38,3.75
2019-08-08,Rogers Masters,2nd Round,Hard,Fognini F.,Paul T.,11.0,128.0,1.61,2.2,1.83,2.09,1.83,2.27
2019-08-09,Rogers Masters,Quarterfinals,Hard,Nadal R.,Fognini F.,2.0,11.0,1.12,6.0,1.14,7.11,1.15,7.11
2019-08-09,Rogers Masters,Quarterfinals,Hard,Medvedev D.,Thiem D.,9.0,4.0,1.61,2.3,1.78,2.18,1.8,2.38
2019-08-09,Rogers Masters,Quarterfinals,Hard,Khachanov K.,Zverev A.,8.0,7.0,2.0,1.8,2.2,1.77,2.2,1.98
2019-08-09,Rogers Masters,3rd Round,Hard,Bautista Agut R.,Gasquet R.,13.0,66.0,1.28,3.75,1.28,4.2,1.29,4.25
2019-08-09,Rogers Masters,3rd Round,Hard,Monfils G.,Hurkacz H.,20.0,48.0,2.2,1.66,2.24,1.75,2.37,1.75
2019-08-10,Rogers Masters,Quarterfinals,Hard,Monfils G.,Bautista Agut R.,20.0,13.0,2.5,1.53,2.56,1.59,2.65,1.75
2019-08-10,Rogers Masters,Semifinals,Hard,Medvedev D.,Khachanov K.,9.0,8.0,1.5,2.62,1.52,2.78,1.54,2.78
2019-08-11,Rogers Masters,Semifinals,Hard,Nadal R.,Monfils G.,2.0,20.0,1.05,11.0,1.05,14.11,1.1,16.0
2019-08-11,Rogers Masters,The Final,Hard,Nadal R.,Medvedev D.,2.0,9.0,1.4,3.0,1.41,3.21,1.44,3.25
2019-08-11,Western & Southern Financial Group Masters,1st Round,Hard,De Minaur A.,Cecchinato M.,38.0,65.0,1.16,5.0,1.22,4.93,1.24,5.05
2019-08-12,Western & Southern Financial Group Masters,1st Round,Hard,Londero J.I.,Berrettini M.,55.0,26.0,3.0,1.36,3.03,1.44,3.2,1.44
2019-08-12,Western & Southern Financial Group Masters,1st Round,Hard,Gasquet R.,Murray A.,56.0,324.0,1.5,2.5,1.67,2.36,1.67,2.72
2019-08-12,Western & Southern Financial Group Masters,1st Round,Hard,Nishioka Y.,Thompson J.,77.0,49.0,1.72,2.0,1.74,2.23,1.76,2.3
2019-08-12,Western & Southern Financial Group Masters,1st Round,Hard,Carreno Busta P.,Simon G.,53.0,35.0,1.53,2.37,1.65,2.39,1.67,2.45
2019-08-12,Western & Southern Financial Group Masters,1st Round,Hard,Struff J.L.,Karlovic I.,36.0,80.0,1.33,3.25,1.39,3.3,1.42,3.3
2019-08-12,Western & Southern Financial Group Masters,1st Round,Hard,Pella G.,Ruud C.,22.0,54.0,1.53,2.37,1.6,2.51,1.6,2.72
2019-08-12,Western & Southern Financial Group Masters,1st Round,Hard,Pouille L.,Kudla D.,31.0,111.0,1.53,2.37,1.63,2.44,1.65,2.52
2019-08-12,Western & Southern Financial Group Masters,1st Round,Hard,Kecmanovic M.,Auger-Aliassime F.,58.0,21.0,2.37,1.53,2.45,1.62,2.5,1.67
2019-08-12,Western & Southern Financial Group Masters,1st Round,Hard,Querrey S.,Herbert P.H.,45.0,41.0,1.53,2.37,1.62,2.46,1.63,2.5
2019-08-12,Western & Southern Financial Group Masters,1st Round,Hard,Mannarino A.,Garin C.,59.0,32.0,1.72,2.0,1.65,2.38,1.76,2.4
2019-08-12,Western & Southern Financial Group Masters,1st Round,Hard,Albot R.,Cilic M.,39.0,18.0,3.4,1.3,3.6,1.34,3.76,1.37
2019-08-12,Western & Southern Financial Group Masters,1st Round,Hard,Isner J.,Lajovic D.,16.0,28.0,1.28,3.5,1.28,4.14,1.33,4.3
2019-08-13,Western & Southern Financial Group Masters,2nd Round,Hard,Djokovic N.,Querrey S.,1.0,45.0,1.1,7.0,1.08,10.5,1.11,10.5
2019-08-13,Western & Southern Financial Group Masters,1st Round,Hard,Opelka R.,Coric B.,42.0,13.0,1.72,2.0,1.88,2.02,1.91,2.1
2019-08-13,Western & Southern Financial Group Masters,1st Round,Hard,Bautista Agut R.,Hurkacz H.,11.0,40.0,1.4,2.75,1.43,3.1,1.45,3.1
2019-08-13,Western & Southern Financial Group Masters,1st Round,Hard,Medvedev D.,Edmund K.,8.0,30.0,1.53,2.37,1.47,2.89,1.54,2.89
2019-08-13,Western & Southern Financial Group Masters,1st Round,Hard,Shapovalov D.,Sousa J.,34.0,43.0,1.44,2.62,1.53,2.68,1.57,2.8
2019-08-13,Western & Southern Financial Group Masters,1st Round,Hard,Schwartzman D.,Djere L.,24.0,37.0,1.28,3.5,1.26,4.34,1.31,4.34
2019-08-13,Western & Southern Financial Group Masters,1st Round,Hard,Paire B.,Verdasco F.,29.0,33.0,1.72,2.0,1.85,2.06,1.87,2.12
2019-08-13,Western & Southern Financial Group Masters,1st Round,Hard,Rublev A.,Basilashvili N.,70.0,17.0,1.83,1.83,1.98,1.93,2.05,1.93
2019-08-13,Western & Southern Financial Group Masters,1st Round,Hard,Goffin D.,Fritz T.,19.0,25.0,1.66,2.1,1.69,2.31,1.8,2.35
2019-08-13,Western & Southern Financial Group Masters,1st Round,Hard,Wawrinka S.,Dimitrov G.,23.0,74.0,1.36,3.0,1.43,3.06,1.43,3.3
2019-08-13,Western & Southern Financial Group Masters,1st Round,Hard,Kyrgios N.,Sonego L.,27.0,47.0,1.28,3.5,1.31,3.81,1.36,3.9
2019-08-13,Western & Southern Financial Group Masters,1st Round,Hard,Tiafoe F.,Monfils G.,52.0,15.0,1.83,1.83,2.04,1.87,2.14,1.95
2019-08-14,Western & Southern Financial Group Masters,2nd Round,Hard,Rublev A.,Wawrinka S.,70.0,23.0,2.25,1.57,2.46,1.62,2.46,1.65
2019-08-14,Western & Southern Financial Group Masters,2nd Round,Hard,Pouille L.,Shapovalov D.,31.0,34.0,2.37,1.53,2.64,1.55,2.64,1.59
2019-08-14,Western & Southern Financial Group Masters,2nd Round,Hard,Mannarino A.,Kukushkin M.,59.0,46.0,1.53,2.37,1.64,2.41,1.65,2.45
2019-08-14,Western & Southern Financial Group Masters,2nd Round,Hard,Kecmanovic M.,Zverev A.,58.0,6.0,2.37,1.53,2.47,1.61,2.6,1.61
2019-08-14,Western & Southern Financial Group Masters,2nd Round,Hard,Goffin D.,Pella G.,19.0,22.0,1.5,2.5,1.6,2.5,1.62,2.56
2019-08-14,Western & Southern Financial Group Masters,2nd Round,Hard,Schwartzman D.,Albot R.,24.0,39.0,1.57,2.25,1.68,2.34,1.74,2.34
2019-08-14,Western & Southern Financial Group Masters,2nd Round,Hard,De Minaur A.,Opelka R.,38.0,42.0,1.66,2.1,1.71,2.27,1.77,2.27
2019-08-14,Western & Southern Financial Group Masters,2nd Round,Hard,Medvedev D.,Paire B.,8.0,29.0,1.3,3.4,1.29,3.97,1.33,4.18
2019-08-14,Western & Southern Financial Group Masters,2nd Round,Hard,Nishioka Y.,Nishikori K.,77.0,5.0,3.4,1.3,3.47,1.36,3.55,1.36
2019-08-14,Western & Southern Financial Group Masters,2nd Round,Hard,Gasquet R.,Delbonis F.,56.0,66.0,1.3,3.4,1.37,3.39,1.39,3.6
2019-08-14,Western & Southern Financial Group Masters,2nd Round,Hard,Carreno Busta P.,Isner J.,53.0,16.0,2.62,1.44,2.78,1.51,2.82,1.67
2019-08-14,Western & Southern Financial Group Masters,2nd Round,Hard,Federer R.,Londero J.I.,3.0,55.0,1.04,13.0,1.05,14.58,1.05,16.5
2019-08-14,Western & Southern Financial Group Masters,2nd Round,Hard,Struff J.L.,Tsitsipas S.,36.0,7.0,2.37,1.53,2.64,1.55,2.7,1.6
2019-08-15,Western & Southern Financial Group Masters,3rd Round,Hard,Pouille L.,Khachanov K.,31.0,9.0,2.75,1.44,2.83,1.5,3.0,1.53
2019-08-15,Western & Southern Financial Group Masters,2nd Round,Hard,Bautista Agut R.,Tiafoe F.,11.0,52.0,1.3,3.4,1.33,3.67,1.35,3.92
2019-08-15,Western & Southern Financial Group Masters,2nd Round,Hard,Khachanov K.,Kyrgios N.,9.0,27.0,2.2,1.61,2.37,1.66,2.45,1.68
2019-08-15,Western & Southern Financial Group Masters,3rd Round,Hard,Nishioka Y.,De Minaur A.,77.0,38.0,2.62,1.5,2.48,1.62,2.95,1.63
2019-08-15,Western & Southern Financial Group Masters,3rd Round,Hard,Gasquet R.,Schwartzman D.,56.0,24.0,2.5,1.53,2.56,1.59,2.66,1.61
2019-08-15,Western & Southern Financial Group Masters,3rd Round,Hard,Goffin D.,Mannarino A.,19.0,59.0,1.44,2.75,1.48,2.92,1.5,2.92
2019-08-15,Western & Southern Financial Group Masters,3rd Round,Hard,Medvedev D.,Struff J.L.,8.0,36.0,1.4,3.0,1.42,3.17,1.42,3.25
2019-08-15,Western & Southern Financial Group Masters,3rd Round,Hard,Bautista Agut R.,Kecmanovic M.,11.0,58.0,1.36,3.2,1.41,3.23,1.43,3.25
2019-08-15,Western & Southern Financial Group Masters,3rd Round,Hard,Rublev A.,Federer R.,70.0,3.0,8.0,1.08,7.96,1.12,8.75,1.12
2019-08-16,Western & Southern Financial Group Masters,Quarterfinals,Hard,Goffin D.,Nishioka Y.,19.0,77.0,1.44,2.75,1.5,2.82,1.54,2.85
2019-08-16,Western & Southern Financial Group Masters,3rd Round,Hard,Djokovic N.,Carreno Busta P.,1.0,53.0,1.06,10.0,1.07,11.99,1.09,13.0
2019-08-16,Western & Southern Financial Group Masters,Quarterfinals,Hard,Gasquet R.,Bautista Agut R.,56.0,11.0,4.0,1.25,4.26,1.27,4.55,1.27
2019-08-17,Western & Southern Financial Group Masters,Quarterfinals,Hard,Medvedev D.,Rublev A.,8.0,70.0,1.3,3.5,1.32,3.78,1.36,3.78
2019-08-17,Western & Southern Financial Group Masters,Quarterfinals,Hard,Djokovic N.,Pouille L.,1.0,31.0,1.04,13.0,1.06,12.63,1.07,14.5
2019-08-17,Western & Southern Financial Group Masters,Semifinals,Hard,Goffin D.,Gasquet R.,19.0,56.0,1.44,2.75,1.48,2.9,1.49,2.95
2019-08-17,Western & Southern Financial Group Masters,Semifinals,Hard,Medvedev D.,Djokovic N.,8.0,1.0,3.4,1.33,3.67,1.34,3.74,1.36
2019-08-18,Winston-Salem Open at Wake Forest University,1st Round,Hard,Harris L.,Munar J.,99.0,97.0,1.66,2.1,1.88,2.01,1.88,2.3
2019-08-18,Western & Southern Financial Group Masters,The Final,Hard,Medvedev D.,Goffin D.,8.0,19.0,1.4,3.0,1.43,3.11,1.43,3.2
2019-08-18,Winston-Salem Open at Wake Forest University,1st Round,Hard,Haase R.,Kudla D.,154.0,111.0,2.1,1.66,2.01,1.88,2.17,1.91
2019-08-18,Winston-Salem Open at Wake Forest University,1st Round,Hard,Gunneswaran P.,Stebe C.M.,89.0,253.0,1.66,2.1,1.74,2.2,1.77,2.3
2019-08-19,Winston-Salem Open at Wake Forest University,1st Round,Hard,Cecchinato M.,Bublik A.,67.0,75.0,2.2,1.61,2.46,1.61,2.5,1.67
2019-08-19,Winston-Salem Open at Wake Forest University,1st Round,Hard,Andujar P.,Jarry N.,71.0,69.0,3.25,1.33,3.28,1.38,3.35,1.4
2019-08-19,Winston-Salem Open at Wake Forest University,1st Round,Hard,Berdych T.,Seppi A.,101.0,77.0,1.66,2.1,1.85,2.05,1.85,2.2
2019-08-19,Winston-Salem Open at Wake Forest University,1st Round,Hard,Copil M.,Klizan M.,96.0,84.0,2.0,1.72,1.96,1.93,2.1,1.93
2019-08-20,Winston-Salem Open at Wake Forest University,2nd Round,Hard,Hurkacz H.,Lee D.H.,41.0,212.0,1.18,4.5,1.16,6.09,1.2,6.09
2019-08-20,Winston-Salem Open at Wake Forest University,2nd Round,Hard,Ruud C.,Harris L.,54.0,99.0,1.61,2.2,1.71,2.27,1.74,2.31
2019-08-20,Winston-Salem Open at Wake Forest University,2nd Round,Hard,Krajinovic F.,Berdych T.,51.0,101.0,1.66,2.1,1.76,2.19,1.85,2.2
2019-08-20,Winston-Salem Open at Wake Forest University,2nd Round,Hard,Lopez F.,Andujar P.,63.0,71.0,1.57,2.25,1.69,2.31,1.74,2.33
2019-08-20,Winston-Salem Open at Wake Forest University,1st Round,Hard,Johnson S.,Moutet C.,82.0,83.0,1.36,3.0,1.36,3.42,1.42,3.5
2019-08-20,Winston-Salem Open at Wake Forest University,2nd Round,Hard,Johnson S.,Evans D.,82.0,58.0,,,2.13,1.79,2.15,1.91
2019-08-20,Winston-Salem Open at Wake Forest University,2nd Round,Hard,Kecmanovic M.,Popyrin A.,49.0,106.0,1.5,2.5,1.57,2.58,1.59,2.6
2019-08-20,Winston-Salem Open at Wake Forest University,2nd Round,Hard,Querrey S.,Carballes Baena R.,46.0,76.0,1.28,3.5,1.27,4.23,1.31,4.25
2019-08-20,Winston-Salem Open at Wake Forest University,2nd Round,Hard,Carreno Busta P.,Copil M.,64.0,96.0,1.36,3.0,1.37,3.4,1.4,3.6
2019-08-20,Winston-Salem Open at Wake Forest University,2nd Round,Hard,Humbert U.,Fratangelo B.,62.0,119.0,1.72,2.0,1.77,2.18,1.8,2.3
2019-08-20,Winston-Salem Open at Wake Forest University,2nd Round,Hard,Paire B.,Gunneswaran P.,30.0,89.0,1.5,2.5,1.49,2.85,1.55,2.85
2019-08-20,Winston-Salem Open at Wake Forest University,1st Round,Hard,Carballes Baena R.,Giron M.,76.0,155.0,2.25,1.57,2.32,1.67,2.32,1.67
2019-08-20,Winston-Salem Open at Wake Forest University,2nd Round,Hard,Millman J.,Cecchinato M.,61.0,67.0,1.36,3.0,1.41,3.19,1.49,3.2
2019-08-20,Winston-Salem Open at Wake Forest University,1st Round,Hard,Dzumhur D.,Hoang A.,105.0,98.0,1.61,2.2,1.6,2.49,1.66,2.5
2019-08-20,Winston-Salem Open at Wake Forest University,1st Round,Hard,Rublev A.,Fabbiano T.,47.0,87.0,1.3,3.4,1.34,3.57,1.36,3.72
2019-08-20,Winston-Salem Open at Wake Forest University,1st Round,Hard,Chardy J.,Sarmiento R.,74.0,705.0,1.25,3.75,1.28,4.06,1.33,4.52
2019-08-20,Winston-Salem Open at Wake Forest University,2nd Round,Hard,Sonego L.,Dzumhur D.,48.0,105.0,1.44,2.62,1.47,2.86,1.53,2.86
2019-08-20,Winston-Salem Open at Wake Forest University,1st Round,Hard,Sandgren T.,Murray A.,73.0,329.0,2.1,1.66,2.24,1.71,2.3,1.73
2019-08-20,Winston-Salem Open at Wake Forest University,1st Round,Hard,Fratangelo B.,Weintraub A.,119.0,,1.05,11.0,1.06,12.24,1.07,13.25
2019-08-20,Winston-Salem Open at Wake Forest University,1st Round,Hard,Popyrin A.,Monteiro J.,106.0,502.0,1.4,2.75,1.45,2.94,1.5,2.95
2019-08-20,Winston-Salem Open at Wake Forest University,1st Round,Hard,Lee D.H.,Laaksonen H.,212.0,120.0,1.83,1.83,2.01,1.88,2.01,1.95
2019-08-20,Winston-Salem Open at Wake Forest University,2nd Round,Hard,Haase R.,Sousa J.,154.0,43.0,2.25,1.57,2.23,1.74,2.33,1.77
2019-08-21,Winston-Salem Open at Wake Forest University,3rd Round,Hard,Carreno Busta P.,Sonego L.,64.0,48.0,1.66,2.2,1.8,2.13,1.8,2.3
2019-08-21,Winston-Salem Open at Wake Forest University,3rd Round,Hard,Johnson S.,Ruud C.,82.0,54.0,1.44,2.75,1.47,2.91,1.49,2.95
2019-08-21,Winston-Salem Open at Wake Forest University,3rd Round,Hard,Shapovalov D.,Kecmanovic M.,38.0,49.0,1.66,2.2,1.69,2.3,1.74,2.35
2019-08-21,Winston-Salem Open at Wake Forest University,3rd Round,Hard,Paire B.,Humbert U.,30.0,62.0,1.8,2.0,1.79,2.15,1.91,2.23
2019-08-21,Winston-Salem Open at Wake Forest University,2nd Round,Hard,Tiafoe F.,Chardy J.,52.0,74.0,1.53,2.37,1.67,2.35,1.69,2.45
2019-08-21,Winston-Salem Open at Wake Forest University,2nd Round,Hard,Rublev A.,Ramos-Vinolas A.,47.0,50.0,1.33,3.25,1.31,3.78,1.38,3.78
2019-08-21,Winston-Salem Open at Wake Forest University,2nd Round,Hard,Shapovalov D.,Sandgren T.,38.0,73.0,1.36,3.0,1.39,3.28,1.42,3.3
2019-08-21,Winston-Salem Open at Wake Forest University,3rd Round,Hard,Millman J.,Haase R.,61.0,154.0,1.53,2.5,1.65,2.38,1.67,2.5
2019-08-22,Winston-Salem Open at Wake Forest University,3rd Round,Hard,Hurkacz H.,Lopez F.,41.0,63.0,1.36,3.2,1.43,3.06,1.44,3.2
2019-08-22,Winston-Salem Open at Wake Forest University,3rd Round,Hard,Tiafoe F.,Krajinovic F.,52.0,51.0,1.8,2.0,1.82,2.11,1.83,2.11
2019-08-22,Winston-Salem Open at Wake Forest University,3rd Round,Hard,Rublev A.,Querrey S.,47.0,46.0,2.0,1.8,1.98,1.93,2.1,1.95
2019-08-23,Winston-Salem Open at Wake Forest University,Quarterfinals,Hard,Hurkacz H.,Tiafoe F.,41.0,52.0,1.9,1.9,1.93,1.99,2.0,1.99
2019-08-23,Winston-Salem Open at Wake Forest University,Quarterfinals,Hard,Paire B.,Carreno Busta P.,30.0,64.0,2.2,1.66,2.31,1.7,2.23,1.92
2019-08-23,Winston-Salem Open at Wake Forest University,Quarterfinals,Hard,Johnson S.,Millman J.,82.0,61.0,1.57,2.37,1.66,2.4,1.67,2.44
2019-08-23,Winston-Salem Open at Wake Forest University,Quarterfinals,Hard,Shapovalov D.,Rublev A.,38.0,47.0,1.8,2.0,1.85,2.08,1.87,2.17
2019-08-24,Winston-Salem Open at Wake Forest University,Semifinals,Hard,Paire B.,Johnson S.,30.0,82.0,2.5,1.53,2.58,1.57,2.6,1.61
2019-08-24,Winston-Salem Open at Wake Forest University,Semifinals,Hard,Hurkacz H.,Shapovalov D.,41.0,38.0,2.5,1.53,2.62,1.56,2.74,1.57
2019-08-24,Winston-Salem Open at Wake Forest University,The Final,Hard,Hurkacz H.,Paire B.,41.0,30.0,1.5,2.62,1.54,2.71,1.56,2.74
2019-08-26,US Open,1st Round,Hard,Koepfer D.,Munar J.,118.0,97.0,1.44,2.75,1.43,3.1,1.5,3.1
2019-08-26,US Open,1st Round,Hard,Barrere G.,Norrie C.,109.0,62.0,3.5,1.3,3.55,1.35,3.64,1.36
2019-08-26,US Open,1st Round,Hard,Cuevas P.,Sock J.,53.0,178.0,1.66,2.2,1.68,2.32,1.71,2.4
2019-08-26,US Open,1st Round,Hard,Londero J.I.,Querrey S.,56.0,46.0,3.4,1.33,3.78,1.32,4.53,1.36
2019-08-26,US Open,1st Round,Hard,Goffin D.,Moutet C.,15.0,82.0,1.08,8.0,1.08,10.18,1.09,11.0
2019-08-26,US Open,1st Round,Hard,Pouille L.,Kohlschreiber P.,27.0,71.0,1.44,2.75,1.52,2.74,1.53,2.98
2019-08-26,US Open,1st Round,Hard,Majchrzak K.,Jarry N.,94.0,73.0,2.1,1.72,2.07,1.85,2.16,1.86
2019-08-26,US Open,1st Round,Hard,Coric B.,Donskoy E.,12.0,122.0,1.22,4.33,1.27,4.2,1.27,4.5
2019-08-26,US Open,1st Round,Hard,Carreno Busta P.,Pella G.,69.0,20.0,1.9,1.9,1.9,2.01,1.91,2.1
2019-08-26,US Open,1st Round,Hard,Lopez F.,Fritz T.,61.0,28.0,3.75,1.28,3.97,1.29,4.05,1.31
2019-08-26,US Open,1st Round,Hard,Nishioka Y.,Giron M.,59.0,151.0,1.3,3.5,1.34,3.62,1.34,4.0
2019-08-26,US Open,1st Round,Hard,Dimitrov G.,Seppi A.,78.0,77.0,1.33,3.4,1.32,3.74,1.36,3.8
2019-08-26,US Open,1st Round,Hard,Dzumhur D.,Benchetrit E.,99.0,227.0,1.4,3.0,1.4,3.25,1.45,3.3
2019-08-26,US Open,1st Round,Hard,Kecmanovic M.,Djere L.,50.0,39.0,1.2,4.5,1.22,4.93,1.27,5.1
2019-08-26,US Open,1st Round,Hard,Chardy J.,Hurkacz H.,74.0,35.0,3.4,1.33,3.56,1.35,3.56,1.37
2019-08-26,US Open,1st Round,Hard,Lorenzi P.,Svajda Z.,135.0,1415.0,1.06,10.0,1.1,8.85,1.1,12.5
2019-08-26,US Open,1st Round,Hard,Djokovic N.,Carballes Baena R.,1.0,76.0,1.005,34.0,1.03,18.57,1.03,34.0
2019-08-26,US Open,1st Round,Hard,Garin C.,Eubanks C.,32.0,188.0,1.4,3.0,1.38,3.31,1.43,3.35
2019-08-26,US Open,1st Round,Hard,Kudla D.,Tipsarevic J.,111.0,260.0,1.57,2.37,1.66,2.37,1.66,2.57
2019-08-26,US Open,1st Round,Hard,Klahn B.,Monteiro T.,108.0,101.0,1.57,2.37,1.68,2.34,1.68,2.45
2019-08-26,US Open,1st Round,Hard,Brooksby J.,Berdych T.,394.0,98.0,3.75,1.28,3.83,1.31,4.0,1.33
2019-08-26,US Open,1st Round,Hard,Basilashvili N.,Fucsovics M.,18.0,64.0,1.66,2.2,1.71,2.27,1.71,2.33
2019-08-26,US Open,1st Round,Hard,Lajovic D.,Darcis S.,29.0,186.0,1.2,4.5,1.21,5.0,1.23,5.25
2019-08-26,US Open,1st Round,Hard,De Minaur A.,Herbert P.H.,38.0,48.0,1.28,3.75,1.32,3.78,1.33,4.2
2019-08-26,US Open,1st Round,Hard,Evans D.,Mannarino A.,58.0,57.0,1.8,2.0,1.83,2.09,1.85,2.29
2019-08-26,US Open,1st Round,Hard,Medvedev D.,Gunneswaran P.,5.0,88.0,1.02,19.0,1.01,29.46,1.03,35.0
2019-08-26,US Open,1st Round,Hard,Opelka R.,Fognini F.,42.0,11.0,1.72,2.1,1.75,2.2,1.83,2.2
2019-08-26,US Open,1st Round,Hard,Dellien H.,Kwon S.W.,84.0,90.0,9.0,1.07,9.15,1.09,10.0,1.1
2019-08-26,US Open,1st Round,Hard,Nishikori K.,Trungelliti M.,7.0,205.0,1.07,9.0,1.03,17.57,1.11,17.57
2019-08-27,US Open,1st Round,Hard,Tiafoe F.,Karlovic I.,45.0,79.0,1.25,4.0,1.27,4.18,1.39,4.2
2019-08-27,US Open,1st Round,Hard,Struff J.L.,Ruud C.,37.0,54.0,1.36,3.2,1.4,3.24,1.4,3.35
2019-08-27,US Open,1st Round,Hard,Sandgren T.,Tsonga J.W.,72.0,65.0,3.0,1.4,2.88,1.48,3.06,1.48
2019-08-27,US Open,1st Round,Hard,Fabbiano T.,Thiem D.,87.0,4.0,5.0,1.16,6.12,1.16,6.2,1.2
2019-08-27,US Open,1st Round,Hard,Chung H.,Escobedo E.,170.0,206.0,1.2,4.5,1.17,5.91,1.3,5.91
2019-08-27,US Open,1st Round,Hard,Copil M.,Humbert U.,93.0,63.0,2.75,1.44,3.07,1.43,3.1,1.45
2019-08-27,US Open,1st Round,Hard,Schwartzman D.,Haase R.,21.0,143.0,1.25,4.0,1.28,4.08,1.3,4.3
2019-08-27,US Open,1st Round,Hard,Kokkinakis T.,Ivashka I.,203.0,144.0,1.9,1.9,1.94,1.96,1.96,2.06
2019-08-27,US Open,1st Round,Hard,Bedene A.,Kovalik J.,80.0,362.0,1.22,4.33,1.22,4.85,1.24,4.85
2019-08-27,US Open,1st Round,Hard,Paire B.,Schnur B.,26.0,92.0,1.25,4.0,1.28,4.15,1.28,4.21
2019-08-27,US Open,1st Round,Hard,Gerasimov E.,Harris L.,129.0,100.0,1.61,2.3,1.61,2.47,1.68,2.47
2019-08-27,US Open,1st Round,Hard,Stebe C.M.,Krajinovic F.,256.0,52.0,5.0,1.16,5.27,1.2,5.55,1.22
2019-08-27,US Open,1st Round,Hard,Pospisil V.,Khachanov K.,216.0,9.0,6.0,1.12,8.71,1.1,8.71,1.15
2019-08-27,US Open,1st Round,Hard,Zverev A.,Albot R.,6.0,41.0,1.44,2.75,1.47,2.93,1.49,2.93
2019-08-27,US Open,1st Round,Hard,Rublev A.,Tsitsipas S.,43.0,8.0,2.5,1.53,2.9,1.47,2.9,1.57
2019-08-27,US Open,1st Round,Hard,Andujar P.,Edmund K.,70.0,31.0,4.5,1.2,5.03,1.21,5.2,1.22
2019-08-27,US Open,1st Round,Hard,Thompson J.,Sousa J.,55.0,44.0,1.8,2.0,1.93,1.97,1.95,2.23
2019-08-27,US Open,1st Round,Hard,Verdasco F.,Kamke T.,34.0,231.0,1.28,3.75,1.36,3.48,1.36,3.85
2019-08-27,US Open,1st Round,Hard,Cilic M.,Klizan M.,23.0,83.0,1.14,5.5,1.13,7.24,1.19,7.39
2019-08-27,US Open,1st Round,Hard,Bublik A.,Giraldo S.,75.0,232.0,1.61,2.3,1.63,2.43,1.69,2.43
2019-08-27,US Open,1st Round,Hard,Sonego L.,Granollers M.,49.0,91.0,1.53,2.5,1.5,2.8,1.57,2.8
2019-08-27,US Open,1st Round,Hard,Kukushkin M.,Bautista Agut R.,47.0,10.0,8.0,1.08,7.73,1.12,11.0,1.12
2019-08-27,US Open,1st Round,Hard,Simon G.,Fratangelo B.,40.0,117.0,1.44,2.75,1.52,2.73,1.52,2.86
2019-08-27,US Open,1st Round,Hard,Berrettini M.,Gasquet R.,25.0,36.0,2.2,1.66,2.31,1.69,2.35,1.69
2019-08-27,US Open,1st Round,Hard,Popyrin A.,Delbonis F.,105.0,67.0,1.61,2.3,1.68,2.34,1.68,2.55
2019-08-27,US Open,1st Round,Hard,Federer R.,Nagal S.,3.0,190.0,1.005,29.0,1.005,36.8,1.02,36.8
2019-08-27,US Open,1st Round,Hard,Berankis R.,Vesely J.,68.0,140.0,1.61,2.3,1.85,2.06,1.86,2.36
2019-08-27,US Open,1st Round,Hard,Wawrinka S.,Sinner J.,24.0,137.0,1.16,5.0,1.16,6.08,1.2,6.11
2019-08-27,US Open,1st Round,Hard,Hoang A.,Mayer L.,104.0,95.0,2.62,1.5,2.76,1.51,2.85,1.65
2019-08-27,US Open,1st Round,Hard,Isner J.,Garcia-Lopez G.,14.0,165.0,1.2,4.5,1.18,5.58,1.22,5.58
2019-08-27,US Open,1st Round,Hard,Shapovalov D.,Auger-Aliassime F.,33.0,19.0,1.66,2.2,1.68,2.32,1.73,2.45
2019-08-28,US Open,2nd Round,Hard,Nishikori K.,Klahn B.,7.0,108.0,1.16,5.0,1.14,6.89,1.18,7.27
2019-08-28,US Open,2nd Round,Hard,Federer R.,Dzumhur D.,3.0,99.0,1.03,15.0,1.04,15.16,1.06,15.16
2019-08-28,US Open,1st Round,Hard,Kyrgios N.,Johnson S.,30.0,86.0,1.4,3.0,1.48,2.87,1.5,3.15
2019-08-28,US Open,2nd Round,Hard,Dimitrov G.,Coric B.,78.0,12.0,2.3,1.61,2.27,1.7,2.3,1.62
2019-08-28,US Open,1st Round,Hard,Nadal R.,Millman J.,2.0,60.0,1.02,17.0,1.03,20.02,1.03,25.0
2019-08-28,US Open,1st Round,Hard,Monfils G.,Ramos-Vinolas A.,13.0,51.0,1.22,4.33,1.28,4.11,1.29,4.5
2019-08-28,US Open,1st Round,Hard,Laaksonen H.,Cecchinato M.,119.0,66.0,2.2,1.66,2.33,1.68,2.38,1.69
2019-08-29,US Open,2nd Round,Hard,Monfils G.,Copil M.,13.0,93.0,1.16,5.0,1.15,6.52,1.17,6.75
2019-08-29,US Open,2nd Round,Hard,Sandgren T.,Pospisil V.,72.0,216.0,1.57,2.37,1.54,2.66,1.57,2.66
2019-08-29,US Open,2nd Round,Hard,Kyrgios N.,Hoang A.,30.0,104.0,1.11,6.5,1.11,8.27,1.12,8.27
2019-08-29,US Open,2nd Round,Hard,Schwartzman D.,Gerasimov E.,21.0,129.0,1.25,4.0,1.26,4.38,1.26,4.55
2019-08-29,US Open,2nd Round,Hard,Rublev A.,Simon G.,43.0,40.0,1.36,3.2,1.34,3.59,1.4,3.59
2019-08-29,US Open,2nd Round,Hard,Shapovalov D.,Laaksonen H.,33.0,119.0,1.07,9.0,1.07,11.02,1.08,11.25
2019-08-29,US Open,2nd Round,Hard,Andujar P.,Sonego L.,70.0,49.0,3.4,1.33,3.22,1.4,3.5,1.4
2019-08-29,US Open,2nd Round,Hard,Bublik A.,Fabbiano T.,75.0,87.0,2.62,1.5,2.47,1.61,2.62,1.61
2019-08-29,US Open,2nd Round,Hard,Popyrin A.,Kukushkin M.,105.0,47.0,2.1,1.72,2.03,1.88,2.17,1.88
2019-08-29,US Open,2nd Round,Hard,Isner J.,Struff J.L.,14.0,37.0,1.72,2.1,1.77,2.18,1.8,2.2
2019-08-29,US Open,2nd Round,Hard,Basilashvili N.,Brooksby J.,18.0,394.0,1.25,4.0,1.22,4.85,1.25,4.85
2019-08-29,US Open,2nd Round,Hard,Lopez F.,Nishioka Y.,61.0,59.0,2.75,1.44,2.99,1.45,3.0,1.5
2019-08-29,US Open,2nd Round,Hard,Berrettini M.,Thompson J.,25.0,55.0,1.53,2.5,1.53,2.69,1.57,2.7
2019-08-29,US Open,2nd Round,Hard,Majchrzak K.,Cuevas P.,94.0,53.0,2.2,1.66,2.14,1.79,2.2,1.83
2019-08-29,US Open,2nd Round,Hard,Wawrinka S.,Chardy J.,24.0,74.0,1.36,3.2,1.37,3.39,1.37,3.6
2019-08-29,US Open,2nd Round,Hard,Carreno Busta P.,Berankis R.,69.0,68.0,1.25,4.0,1.28,4.16,1.28,4.33
2019-08-29,US Open,2nd Round,Hard,Bedene A.,Paire B.,80.0,26.0,2.75,1.44,2.62,1.56,3.0,1.56
2019-08-29,US Open,2nd Round,Hard,Lorenzi P.,Kecmanovic M.,135.0,50.0,8.0,1.08,10.2,1.08,11.79,1.08
2019-08-29,US Open,2nd Round,Hard,Zverev A.,Tiafoe F.,6.0,45.0,1.5,2.62,1.52,2.74,1.6,2.75
2019-08-29,US Open,2nd Round,Hard,Kudla D.,Lajovic D.,111.0,29.0,2.75,1.44,2.91,1.47,2.96,1.5
2019-08-29,US Open,2nd Round,Hard,Evans D.,Pouille L.,58.0,27.0,2.1,1.72,2.2,1.75,2.23,1.8
2019-08-29,US Open,2nd Round,Hard,Medvedev D.,Dellien H.,5.0,84.0,1.02,19.0,1.03,19.16,1.05,20.0
2019-08-29,US Open,2nd Round,Hard,De Minaur A.,Garin C.,38.0,32.0,1.2,4.5,1.19,5.35,1.24,5.35
2019-08-29,US Open,2nd Round,Hard,Goffin D.,Barrere G.,15.0,109.0,1.08,8.0,1.07,11.63,1.08,12.43
2019-08-29,US Open,2nd Round,Hard,Koepfer D.,Opelka R.,118.0,42.0,3.0,1.4,3.13,1.42,3.15,1.44
2019-08-29,US Open,2nd Round,Hard,Djokovic N.,Londero J.I.,1.0,56.0,1.01,26.0,1.02,24.27,1.03,35.0
2019-08-30,US Open,3rd Round,Hard,Dimitrov G.,Majchrzak K.,78.0,94.0,1.28,3.75,1.3,3.9,1.3,4.2
2019-08-30,US Open,3rd Round,Hard,Goffin D.,Carreno Busta P.,15.0,69.0,1.36,3.2,1.32,3.73,1.4,3.73
2019-08-30,US Open,3rd Round,Hard,Koepfer D.,Basilashvili N.,118.0,18.0,2.37,1.57,2.61,1.56,2.65,1.65
2019-08-30,US Open,3rd Round,Hard,Federer R.,Evans D.,3.0,58.0,1.16,5.0,1.16,6.2,1.18,6.2
2019-08-30,US Open,3rd Round,Hard,Wawrinka S.,Lorenzi P.,24.0,135.0,1.07,9.0,1.07,10.66,1.09,11.0
2019-08-30,US Open,2nd Round,Hard,Cilic M.,Stebe C.M.,23.0,256.0,1.1,7.0,1.08,10.33,1.12,10.33
2019-08-30,US Open,3rd Round,Hard,De Minaur A.,Nishikori K.,38.0,7.0,2.37,1.57,2.5,1.6,2.64,1.6
2019-08-30,US Open,2nd Round,Hard,Nadal R.,Kokkinakis T.,2.0,203.0,1.04,13.0,1.06,13.04,1.06,14.5
2019-08-30,US Open,2nd Round,Hard,Chung H.,Verdasco F.,170.0,34.0,1.72,2.1,1.95,1.95,1.95,2.11
2019-08-31,US Open,3rd Round,Hard,Medvedev D.,Lopez F.,5.0,61.0,1.3,3.5,1.26,4.38,1.4,4.38
2019-08-31,US Open,3rd Round,Hard,Djokovic N.,Kudla D.,1.0,111.0,1.08,8.0,1.09,9.33,1.13,10.5
2019-08-31,US Open,3rd Round,Hard,Andujar P.,Bublik A.,70.0,75.0,1.53,2.5,1.54,2.66,1.63,2.66
2019-08-31,US Open,3rd Round,Hard,Nadal R.,Chung H.,2.0,170.0,1.02,17.0,1.03,19.67,1.03,25.0
2019-08-31,US Open,3rd Round,Hard,Zverev A.,Bedene A.,6.0,80.0,1.28,3.75,1.26,4.3,1.3,4.3
2019-08-31,US Open,3rd Round,Hard,Cilic M.,Isner J.,23.0,14.0,2.0,1.8,2.03,1.88,2.09,1.95
2019-08-31,US Open,3rd Round,Hard,Berrettini M.,Popyrin A.,25.0,105.0,1.36,3.2,1.34,3.56,1.38,3.56
2019-08-31,US Open,3rd Round,Hard,Schwartzman D.,Sandgren T.,21.0,72.0,1.28,3.75,1.25,4.49,1.3,4.5
2019-09-01,US Open,4th Round,Hard,Medvedev D.,Koepfer D.,5.0,118.0,1.12,6.0,1.14,7.06,1.17,7.06
2019-09-01,US Open,4th Round,Hard,Dimitrov G.,De Minaur A.,78.0,38.0,2.75,1.44,3.04,1.45,3.1,1.5
2019-09-01,US Open,4th Round,Hard,Federer R.,Goffin D.,3.0,15.0,1.16,5.0,1.18,5.83,1.2,5.83
2019-09-01,US Open,3rd Round,Hard,Rublev A.,Kyrgios N.,43.0,30.0,2.5,1.53,2.66,1.54,2.74,1.56
2019-09-01,US Open,3rd Round,Hard,Monfils G.,Shapovalov D.,13.0,33.0,1.72,2.1,1.73,2.24,1.77,2.26
2019-09-02,US Open,4th Round,Hard,Monfils G.,Andujar P.,13.0,70.0,1.16,5.0,1.19,5.62,1.21,5.7
2019-09-02,US Open,4th Round,Hard,Berrettini M.,Rublev A.,25.0,43.0,2.75,1.44,2.72,1.53,2.95,1.53
2019-09-02,US Open,4th Round,Hard,Schwartzman D.,Zverev A.,21.0,6.0,2.0,1.8,2.11,1.83,2.11,1.9
2019-09-02,US Open,4th Round,Hard,Wawrinka S.,Djokovic N.,24.0,1.0,4.5,1.2,5.12,1.21,5.12,1.22
2019-09-03,US Open,4th Round,Hard,Nadal R.,Cilic M.,2.0,23.0,1.07,9.0,1.08,11.04,1.1,11.04
2019-09-03,US Open,Quarterfinals,Hard,Medvedev D.,Wawrinka S.,5.0,24.0,2.1,1.72,2.06,1.87,2.15,1.91
2019-09-04,US Open,Quarterfinals,Hard,Dimitrov G.,Federer R.,78.0,3.0,9.0,1.07,11.73,1.07,12.22,1.1
2019-09-04,US Open,Quarterfinals,Hard,Berrettini M.,Monfils G.,25.0,13.0,2.62,1.5,2.65,1.56,2.72,1.6
2019-09-05,US Open,Quarterfinals,Hard,Nadal R.,Schwartzman D.,2.0,21.0,1.05,11.0,1.07,11.68,1.08,12.5
2019-09-06,US Open,Semifinals,Hard,Medvedev D.,Dimitrov G.,5.0,78.0,1.44,2.75,1.47,2.97,1.55,2.97
2019-09-07,US Open,Semifinals,Hard,Nadal R.,Berrettini M.,2.0,25.0,1.06,10.0,1.08,10.98,1.08,12.46
2019-09-08,US Open,The Final,Hard,Nadal R.,Medvedev D.,2.0,5.0,1.16,5.5,1.19,5.53,1.25,5.64
2019-09-16,St. Petersburg Open,1st Round,Hard,Mannarino A.,Travaglia S.,59.0,80.0,1.44,2.62,1.47,2.85,1.56,2.9
2019-09-16,Open de Moselle,1st Round,Hard,Hoang A.,Stebe C.M.,109.0,222.0,1.57,2.25,1.58,2.51,1.67,2.51
2019-09-16,Open de Moselle,1st Round,Hard,Verdasco F.,Darcis S.,35.0,182.0,1.25,3.75,1.24,4.49,1.31,4.7
2019-09-16,Open de Moselle,1st Round,Hard,Krajinovic F.,Gojowczyk P.,49.0,89.0,1.66,2.1,1.77,2.15,2.02,2.2
2019-09-16,St. Petersburg Open,1st Round,Hard,Kukushkin M.,Sinner J.,57.0,127.0,1.61,2.2,1.61,2.46,1.67,2.5
2019-09-17,St. Petersburg Open,1st Round,Hard,Gerasimov E.,Rosol L.,119.0,145.0,1.53,2.37,1.47,2.85,1.56,2.97
2019-09-17,St. Petersburg Open,1st Round,Hard,Carballes Baena R.,Klizan M.,77.0,90.0,2.0,1.72,2.08,1.82,2.13,1.85
2019-09-17,St. Petersburg Open,1st Round,Hard,Dzumhur D.,Tipsarevic J.,86.0,250.0,1.36,3.0,1.4,3.18,1.42,3.74
2019-09-17,St. Petersburg Open,1st Round,Hard,Donskoy E.,Viola M.,118.0,218.0,1.3,3.4,1.34,3.51,1.34,3.75
2019-09-17,Open de Moselle,1st Round,Hard,Carreno Busta P.,Lenz J.,62.0,270.0,1.22,4.0,1.23,4.61,1.28,4.75
2019-09-17,St. Petersburg Open,1st Round,Hard,Rublev A.,Ivashka I.,38.0,135.0,1.33,3.25,1.37,3.33,1.38,3.64
2019-09-17,St. Petersburg Open,1st Round,Hard,Berankis R.,Sela D.,63.0,146.0,1.3,3.4,1.33,3.59,1.38,3.72
2019-09-17,Open de Moselle,1st Round,Hard,Barrere G.,Hurkacz H.,98.0,36.0,2.75,1.4,3.01,1.43,3.05,1.48
2019-09-17,Open de Moselle,1st Round,Hard,Herbert P.H.,Struff J.L.,55.0,39.0,2.75,1.4,2.8,1.49,3.13,1.49
2019-09-17,Open de Moselle,1st Round,Hard,Gasquet R.,Granollers M.,41.0,100.0,1.4,2.75,1.41,3.14,1.45,3.2
2019-09-17,Open de Moselle,1st Round,Hard,Sonego L.,Otte O.,51.0,157.0,1.3,3.4,1.36,3.43,1.37,3.56
2019-09-17,Open de Moselle,1st Round,Hard,Tsonga J.W.,Andujar P.,61.0,52.0,1.22,4.0,1.17,5.63,1.29,5.95
2019-09-17,Open de Moselle,1st Round,Hard,Bedene A.,Roumane R.,76.0,431.0,1.36,3.0,1.33,3.61,1.42,3.61
2019-09-18,St. Petersburg Open,1st Round,Hard,Sousa J.,Kovalik J.,64.0,206.0,1.33,3.25,1.33,3.57,1.35,3.8
2019-09-18,St. Petersburg Open,1st Round,Hard,Fucsovics M.,Vatutin A.,66.0,197.0,1.4,2.75,1.46,2.9,1.47,3.0
2019-09-18,St. Petersburg Open,1st Round,Hard,Caruso S.,Fabbiano T.,114.0,92.0,2.2,1.61,2.33,1.66,2.45,1.67
2019-09-18,St. Petersburg Open,1st Round,Hard,Ruud C.,Bublik A.,60.0,70.0,2.1,1.66,1.99,1.9,2.23,1.91
2019-09-18,Open de Moselle,1st Round,Hard,Simon G.,Copil M.,37.0,87.0,1.44,2.62,1.47,2.86,1.5,2.9
2019-09-18,Open de Moselle,2nd Round,Hard,Krajinovic F.,Verdasco F.,49.0,35.0,1.83,1.83,2.0,1.9,2.0,2.0
2019-09-18,Open de Moselle,2nd Round,Hard,Paire B.,Gasquet R.,23.0,41.0,2.37,1.53,2.6,1.56,2.6,1.62
2019-09-18,Open de Moselle,2nd Round,Hard,Barrere G.,Hoang A.,98.0,109.0,1.57,2.25,1.74,2.22,1.74,2.4
2019-09-18,Open de Moselle,1st Round,Hard,Maden Y.,Humbert U.,129.0,65.0,3.4,1.3,3.86,1.3,4.0,1.32
2019-09-18,St. Petersburg Open,2nd Round,Hard,Gerasimov E.,Mannarino A.,119.0,59.0,2.1,1.66,2.3,1.69,2.47,1.8
2019-09-18,St. Petersburg Open,2nd Round,Hard,Kukushkin M.,Dzumhur D.,57.0,86.0,1.57,2.25,1.65,2.38,1.69,2.5
2019-09-19,St. Petersburg Open,2nd Round,Hard,Coric B.,Fucsovics M.,15.0,66.0,1.61,2.2,1.83,2.08,1.83,2.31
2019-09-19,St. Petersburg Open,2nd Round,Hard,Ruud C.,Caruso S.,60.0,114.0,1.4,2.75,1.5,2.8,1.51,2.9
2019-09-19,St. Petersburg Open,2nd Round,Hard,Berrettini M.,Carballes Baena R.,13.0,77.0,1.22,4.0,1.25,4.5,1.25,4.8
2019-09-19,St. Petersburg Open,2nd Round,Hard,Sousa J.,Khachanov K.,64.0,9.0,3.0,1.36,3.16,1.41,3.3,1.43
2019-09-19,St. Petersburg Open,2nd Round,Hard,Rublev A.,Berankis R.,38.0,63.0,1.4,2.75,1.49,2.82,1.51,3.12
2019-09-19,St. Petersburg Open,2nd Round,Hard,Medvedev D.,Donskoy E.,4.0,118.0,1.11,6.5,1.12,7.69,1.14,8.0
2019-09-19,Open de Moselle,2nd Round,Hard,Carreno Busta P.,Goffin D.,62.0,14.0,2.62,1.44,2.73,1.52,2.75,1.56
2019-09-19,Open de Moselle,2nd Round,Hard,Bedene A.,Simon G.,76.0,37.0,2.37,1.53,2.34,1.67,2.5,1.67
2019-09-19,Open de Moselle,2nd Round,Hard,Basilashvili N.,Maden Y.,17.0,129.0,1.57,2.25,1.55,2.64,1.67,2.64
2019-09-19,Open de Moselle,2nd Round,Hard,Tsonga J.W.,Herbert P.H.,61.0,55.0,1.36,3.0,1.4,3.23,1.41,3.3
2019-09-19,Open de Moselle,2nd Round,Hard,Pouille L.,Sonego L.,26.0,51.0,1.72,2.0,1.79,2.14,1.8,2.25
2019-09-20,Open de Moselle,Quarterfinals,Hard,Tsonga J.W.,Basilashvili N.,61.0,17.0,1.5,2.62,1.53,2.73,1.55,2.75
2019-09-20,Open de Moselle,Quarterfinals,Hard,Pouille L.,Krajinovic F.,26.0,49.0,1.66,2.2,1.68,2.35,1.72,2.35
2019-09-20,Open de Moselle,Quarterfinals,Hard,Paire B.,Barrere G.,23.0,98.0,1.53,2.5,1.64,2.45,1.65,2.75
2019-09-20,Open de Moselle,Quarterfinals,Hard,Bedene A.,Carreno Busta P.,76.0,62.0,2.62,1.5,2.58,1.58,2.65,1.63
2019-09-20,St. Petersburg Open,Quarterfinals,Hard,Medvedev D.,Rublev A.,4.0,38.0,1.25,4.0,1.28,4.16,1.29,4.4
2019-09-20,St. Petersburg Open,Quarterfinals,Hard,Coric B.,Ruud C.,15.0,60.0,1.61,2.3,1.66,2.39,1.66,2.45
2019-09-20,St. Petersburg Open,Quarterfinals,Hard,Sousa J.,Kukushkin M.,64.0,57.0,1.8,2.0,1.89,2.03,1.91,2.05
2019-09-20,St. Petersburg Open,Quarterfinals,Hard,Gerasimov E.,Berrettini M.,119.0,13.0,3.75,1.28,3.88,1.31,3.88,1.33
2019-09-21,St. Petersburg Open,Semifinals,Hard,Medvedev D.,Gerasimov E.,4.0,119.0,1.14,5.5,1.16,6.3,1.17,6.35
2019-09-21,St. Petersburg Open,Semifinals,Hard,Coric B.,Sousa J.,15.0,64.0,1.8,2.0,1.92,2.0,1.95,2.1
2019-09-21,Open de Moselle,Semifinals,Hard,Tsonga J.W.,Pouille L.,61.0,26.0,1.72,2.1,1.7,2.31,1.73,2.43
2019-09-21,Open de Moselle,Semifinals,Hard,Bedene A.,Paire B.,76.0,23.0,1.9,1.9,1.94,1.98,1.96,2.0
2019-09-22,St. Petersburg Open,The Final,Hard,Medvedev D.,Coric B.,4.0,15.0,1.22,4.33,1.21,5.26,1.24,5.26
2019-09-22,Open de Moselle,The Final,Hard,Tsonga J.W.,Bedene A.,61.0,76.0,1.4,3.0,1.41,3.22,1.42,3.25
2019-09-23,Zhuhai Open,1st Round,Hard,Mannarino A.,Zhang Ze.,61.0,333.0,1.28,3.5,1.36,3.37,1.37,4.0
2019-09-23,Zhuhai Open,1st Round,Hard,Wu D.,Ito T.,339.0,141.0,2.37,1.53,2.52,1.58,2.55,1.65
2019-09-23,Zhuhai Open,1st Round,Hard,Norrie C.,Gojowczyk P.,68.0,92.0,1.53,2.37,1.53,2.67,1.58,2.75
2019-09-23,Chengdu Open,1st Round,Hard,Klahn B.,Jung J.,97.0,132.0,1.57,2.25,1.56,2.59,1.66,2.65
2019-09-23,Zhuhai Open,1st Round,Hard,Ramos-Vinolas A.,Nishioka Y.,46.0,60.0,2.75,1.4,2.52,1.58,2.86,1.6
2019-09-23,Chengdu Open,1st Round,Hard,Garin C.,Edmund K.,33.0,32.0,2.75,1.4,3.17,1.4,3.2,1.44
2019-09-23,Chengdu Open,1st Round,Hard,Evans D.,Bai Y.,48.0,222.0,1.14,5.5,1.16,6.05,1.18,6.1
2019-09-24,Zhuhai Open,1st Round,Hard,Andujar P.,Johnson S.,53.0,94.0,2.37,1.53,2.3,1.68,2.5,1.69
2019-09-24,Zhuhai Open,1st Round,Hard,Kecmanovic M.,Ruud C.,50.0,59.0,1.61,2.2,1.74,2.2,1.74,2.52
2019-09-24,Zhuhai Open,1st Round,Hard,Zhang Zh.,Koepfer D.,224.0,85.0,3.5,1.28,3.37,1.36,4.0,1.37
2019-09-24,Zhuhai Open,1st Round,Hard,Dzumhur D.,Cecchinato M.,93.0,67.0,1.4,2.75,1.44,2.99,1.63,3.0
2019-09-24,Zhuhai Open,1st Round,Hard,De Minaur A.,Millman J.,31.0,79.0,1.44,2.62,1.52,2.69,1.52,2.91
2019-09-24,Zhuhai Open,1st Round,Hard,Murray A.,Sandgren T.,413.0,69.0,1.66,2.1,1.67,2.32,1.76,2.36
2019-09-24,Chengdu Open,1st Round,Hard,Carreno Busta P.,Albot R.,63.0,42.0,1.53,2.37,1.6,2.49,1.55,2.5
2019-09-24,Chengdu Open,1st Round,Hard,Gerasimov E.,Li Z.,98.0,234.0,1.28,3.5,1.31,3.74,1.32,4.2
2019-09-24,Chengdu Open,1st Round,Hard,Harris L.,Fucsovics M.,111.0,66.0,,,,,,
2019-09-24,Chengdu Open,1st Round,Hard,Verdasco F.,Popyrin A.,35.0,90.0,1.72,2.0,1.76,2.17,1.88,2.2
2019-09-24,Chengdu Open,1st Round,Hard,Lajovic D.,Londero J.I.,29.0,57.0,1.66,2.1,1.69,2.28,1.72,2.34
2019-09-25,Zhuhai Open,2nd Round,Hard,Monfils G.,Norrie C.,12.0,68.0,1.25,3.75,1.33,3.69,1.33,4.0
2019-09-25,Zhuhai Open,1st Round,Hard,Kwon S.W.,Pouille L.,91.0,24.0,2.25,1.57,2.41,1.63,2.41,1.67
2019-09-25,Chengdu Open,1st Round,Hard,Shapovalov D.,Berankis R.,34.0,70.0,1.36,3.0,1.39,3.24,1.45,3.44
2019-09-25,Chengdu Open,1st Round,Hard,Bublik A.,Fritz T.,71.0,30.0,3.0,1.36,3.4,1.36,3.52,1.4
2019-09-25,Chengdu Open,1st Round,Hard,Thompson J.,Pospisil V.,54.0,223.0,1.61,2.2,1.78,2.14,1.8,2.27
2019-09-25,Chengdu Open,1st Round,Hard,Sousa J.,Chung H.,62.0,145.0,2.5,1.5,2.33,1.67,2.75,1.67
2019-09-25,Zhuhai Open,2nd Round,Hard,Ramos-Vinolas A.,Kecmanovic M.,46.0,50.0,2.2,1.61,2.4,1.65,2.4,1.74
2019-09-25,Zhuhai Open,1st Round,Hard,Seppi A.,Kyrgios N.,74.0,27.0,2.25,1.57,2.67,1.53,2.67,1.63
2019-09-26,Zhuhai Open,2nd Round,Hard,Seppi A.,Zhang Zh.,74.0,224.0,1.36,3.0,1.4,3.23,1.42,6.1
2019-09-26,Zhuhai Open,2nd Round,Hard,Mannarino A.,Tsitsipas S.,61.0,7.0,3.5,1.28,3.45,1.36,3.7,1.37
2019-09-26,Zhuhai Open,2nd Round,Hard,Coric B.,Wu D.,14.0,339.0,1.16,5.0,1.19,5.53,1.19,5.65
2019-09-26,Zhuhai Open,2nd Round,Hard,De Minaur A.,Murray A.,31.0,413.0,1.36,3.0,1.42,3.13,1.43,3.25
2019-09-26,Chengdu Open,2nd Round,Hard,Gerasimov E.,Isner J.,98.0,19.0,2.5,1.5,2.46,1.62,2.65,1.62
2019-09-26,Chengdu Open,2nd Round,Hard,Harris L.,Lajovic D.,111.0,29.0,2.25,1.57,2.37,1.66,2.5,1.67
2019-09-26,Chengdu Open,2nd Round,Hard,Bublik A.,Thompson J.,71.0,54.0,2.37,1.53,2.5,1.6,2.5,1.65
2019-09-26,Chengdu Open,2nd Round,Hard,Sousa J.,Auger-Aliassime F.,62.0,20.0,2.0,1.72,2.03,1.88,2.12,1.88
2019-09-26,Chengdu Open,2nd Round,Hard,Shapovalov D.,Klahn B.,34.0,97.0,1.25,3.75,1.27,4.24,1.29,4.26
2019-09-26,Chengdu Open,2nd Round,Hard,Garin C.,Verdasco F.,33.0,35.0,2.37,1.53,2.64,1.55,2.64,1.67
2019-09-26,Chengdu Open,2nd Round,Hard,Carreno Busta P.,Paire B.,63.0,23.0,1.44,2.62,1.55,2.64,1.56,2.75
2019-09-26,Chengdu Open,2nd Round,Hard,Dimitrov G.,Evans D.,26.0,48.0,1.44,2.62,1.55,2.64,1.56,2.71
2019-09-26,Zhuhai Open,2nd Round,Hard,Bautista Agut R.,Andujar P.,10.0,53.0,1.2,4.33,1.29,4.05,1.29,4.5
2019-09-26,Zhuhai Open,2nd Round,Hard,Dzumhur D.,Kwon S.W.,93.0,91.0,2.25,1.57,2.17,1.78,2.35,1.78
2019-09-27,Zhuhai Open,Quarterfinals,Hard,Ramos-Vinolas A.,Monfils G.,46.0,12.0,3.2,1.36,3.7,1.33,3.7,1.36
2019-09-27,Zhuhai Open,Quarterfinals,Hard,De Minaur A.,Coric B.,31.0,14.0,1.66,2.2,1.78,2.19,1.78,2.21
2019-09-27,Zhuhai Open,Quarterfinals,Hard,Bautista Agut R.,Seppi A.,10.0,74.0,1.25,4.0,1.25,4.58,1.25,4.75
2019-09-27,Zhuhai Open,Quarterfinals,Hard,Mannarino A.,Dzumhur D.,61.0,93.0,1.8,2.0,1.95,1.97,1.95,2.04
2019-09-27,Chengdu Open,Quarterfinals,Hard,Carreno Busta P.,Garin C.,63.0,33.0,1.44,2.75,1.45,3.02,1.47,3.02
2019-09-27,Chengdu Open,Quarterfinals,Hard,Shapovalov D.,Gerasimov E.,34.0,98.0,1.44,2.75,1.57,2.6,1.59,2.78
2019-09-27,Chengdu Open,Quarterfinals,Hard,Harris L.,Sousa J.,111.0,62.0,2.62,1.5,2.67,1.55,2.85,1.55
2019-09-27,Chengdu Open,Quarterfinals,Hard,Bublik A.,Dimitrov G.,71.0,26.0,3.5,1.3,3.69,1.34,3.95,1.36
2019-09-28,Chengdu Open,Semifinals,Hard,Carreno Busta P.,Shapovalov D.,63.0,34.0,2.0,1.8,2.13,1.82,2.13,1.85
2019-09-28,Chengdu Open,Semifinals,Hard,Bublik A.,Harris L.,71.0,111.0,1.8,2.0,1.84,2.1,1.85,2.14
2019-09-28,Zhuhai Open,Semifinals,Hard,Mannarino A.,Ramos-Vinolas A.,61.0,46.0,,,1.96,1.96,2.0,1.96
2019-09-28,Zhuhai Open,Semifinals,Hard,De Minaur A.,Bautista Agut R.,31.0,10.0,,,2.43,1.65,2.43,1.66
2019-09-29,Zhuhai Open,The Final,Hard,De Minaur A.,Mannarino A.,31.0,61.0,1.3,3.5,1.34,3.66,1.34,4.0
2019-09-29,Chengdu Open,The Final,Hard,Carreno Busta P.,Bublik A.,63.0,71.0,1.4,3.0,1.41,3.2,1.47,3.25
2019-09-30,China Open,1st Round,Hard,Rublev A.,Dimitrov G.,35.0,26.0,1.9,1.8,1.97,1.92,2.06,2.0
2019-09-30,Rakuten Japan Open Tennis Championships,1st Round,Hard,Nishioka Y.,Sousa J.,77.0,62.0,1.8,1.9,1.74,2.2,1.86,2.2
2019-09-30,Rakuten Japan Open Tennis Championships,1st Round,Hard,Cilic M.,Sugita Y.,30.0,126.0,1.2,4.33,1.24,4.53,1.25,4.7
2019-09-30,Rakuten Japan Open Tennis Championships,1st Round,Hard,Pouille L.,Hurkacz H.,24.0,36.0,1.83,1.83,1.92,1.97,1.92,2.05
2019-09-30,Rakuten Japan Open Tennis Championships,1st Round,Hard,Soeda G.,Struff J.L.,133.0,37.0,3.75,1.25,3.83,1.3,3.97,1.32
2019-09-30,China Open,1st Round,Hard,Norrie C.,Garin C.,69.0,33.0,1.72,2.0,1.74,2.2,1.78,2.25
2019-09-30,Rakuten Japan Open Tennis Championships,1st Round,Hard,Chung H.,Sonego L.,143.0,54.0,1.5,2.5,1.66,2.35,1.69,2.5
2019-09-30,China Open,1st Round,Hard,Zverev A.,Tiafoe F.,6.0,46.0,1.4,2.75,1.43,3.05,1.45,3.1
2019-09-30,China Open,1st Round,Hard,Khachanov K.,Cuevas P.,9.0,47.0,1.5,2.5,1.54,2.64,1.56,2.75
2019-09-30,China Open,1st Round,Hard,Chardy J.,Cecchinato M.,72.0,65.0,1.33,3.25,1.34,3.5,1.36,3.6
2019-09-30,China Open,1st Round,Hard,Zhang Zh.,Edmund K.,213.0,34.0,3.0,1.36,3.54,1.34,3.6,1.42
2019-09-30,China Open,1st Round,Hard,Evans D.,Li Z.,48.0,235.0,1.16,5.0,1.13,6.99,1.18,7.5
2019-10-01,China Open,1st Round,Hard,Auger-Aliassime F.,Ramos-Vinolas A.,20.0,44.0,1.57,2.25,1.67,2.32,1.69,2.42
2019-10-01,Rakuten Japan Open Tennis Championships,1st Round,Hard,Shapovalov D.,Kecmanovic M.,32.0,51.0,1.4,2.75,1.5,2.75,1.51,3.0
2019-10-01,Rakuten Japan Open Tennis Championships,1st Round,Hard,Thompson J.,Londero J.I.,56.0,59.0,1.4,2.75,1.52,2.71,1.54,2.9
2019-10-01,Rakuten Japan Open Tennis Championships,1st Round,Hard,Djokovic N.,Popyrin A.,1.0,94.0,1.11,6.5,1.08,9.32,1.11,9.75
2019-10-01,Rakuten Japan Open Tennis Championships,1st Round,Hard,Albot R.,Krajinovic F.,45.0,49.0,2.37,1.53,2.2,1.74,2.37,1.77
2019-10-01,Rakuten Japan Open Tennis Championships,1st Round,Hard,Simon G.,Andujar P.,50.0,52.0,1.83,1.83,2.01,1.88,2.05,1.91
2019-10-01,Rakuten Japan Open Tennis Championships,1st Round,Hard,Opelka R.,Fritz T.,53.0,31.0,2.2,1.61,2.18,1.75,2.45,1.75
2019-10-01,Rakuten Japan Open Tennis Championships,1st Round,Hard,Uchiyama Y.,Paire B.,136.0,23.0,2.0,1.72,2.03,1.86,2.28,1.91
2019-10-01,Rakuten Japan Open Tennis Championships,1st Round,Hard,Daniel T.,Coric B.,127.0,14.0,4.5,1.18,5.65,1.17,5.7,1.24
2019-10-01,China Open,1st Round,Hard,Murray A.,Berrettini M.,503.0,13.0,2.37,1.53,2.5,1.59,2.6,1.61
2019-10-01,China Open,1st Round,Hard,Fognini F.,Kukushkin M.,12.0,60.0,1.66,2.1,1.68,2.31,1.8,2.35
2019-10-01,China Open,1st Round,Hard,Basilashvili N.,Pella G.,17.0,22.0,1.57,2.25,1.67,2.33,1.67,2.4
2019-10-01,China Open,1st Round,Hard,Thiem D.,Gasquet R.,5.0,42.0,1.4,2.75,1.46,2.92,1.54,3.15
2019-10-01,China Open,1st Round,Hard,Tsitsipas S.,Lajovic D.,7.0,29.0,1.28,3.5,1.26,4.25,1.31,4.25
2019-10-01,China Open,1st Round,Hard,Querrey S.,Bautista Agut R.,55.0,10.0,3.4,1.3,3.73,1.31,3.8,1.33
2019-10-01,China Open,1st Round,Hard,Schwartzman D.,Verdasco F.,16.0,38.0,1.4,2.75,1.47,2.86,1.47,3.05
2019-10-01,China Open,1st Round,Hard,Isner J.,Monfils G.,19.0,11.0,2.1,1.66,2.38,1.64,2.38,1.72
2019-10-02,Rakuten Japan Open Tennis Championships,1st Round,Hard,Millman J.,Mannarino A.,80.0,43.0,1.72,2.0,1.73,2.22,1.89,2.25
2019-10-02,China Open,2nd Round,Hard,Murray A.,Norrie C.,503.0,69.0,1.44,2.62,1.53,2.7,1.54,2.95
2019-10-02,China Open,2nd Round,Hard,Khachanov K.,Chardy J.,9.0,72.0,1.36,3.0,1.36,3.46,1.4,3.95
2019-10-02,China Open,2nd Round,Hard,Fognini F.,Rublev A.,12.0,35.0,2.62,1.44,3.07,1.43,3.08,1.49
2019-10-02,Rakuten Japan Open Tennis Championships,1st Round,Hard,Harris L.,De Minaur A.,99.0,25.0,4.5,1.18,4.7,1.22,5.5,1.25
2019-10-02,Rakuten Japan Open Tennis Championships,2nd Round,Hard,Uchiyama Y.,Albot R.,136.0,45.0,2.2,1.61,2.36,1.67,2.4,1.78
2019-10-02,Rakuten Japan Open Tennis Championships,2nd Round,Hard,Djokovic N.,Soeda G.,1.0,133.0,1.04,13.0,1.03,18.33,1.05,19.25
2019-10-02,Rakuten Japan Open Tennis Championships,2nd Round,Hard,Opelka R.,Simon G.,53.0,50.0,1.66,2.1,1.89,2.01,1.91,2.1
2019-10-02,Rakuten Japan Open Tennis Championships,2nd Round,Hard,Pouille L.,Nishioka Y.,24.0,77.0,1.8,1.9,1.82,2.1,1.85,2.15
2019-10-02,China Open,2nd Round,Hard,Thiem D.,Zhang Zh.,5.0,213.0,1.14,5.5,1.14,6.85,1.15,6.9
2019-10-02,Rakuten Japan Open Tennis Championships,1st Round,Hard,Goffin D.,Carreno Busta P.,15.0,39.0,1.61,2.2,1.59,2.5,1.75,2.5
2019-10-03,China Open,2nd Round,Hard,Isner J.,Evans D.,19.0,48.0,1.57,2.25,1.62,2.46,1.65,2.55
2019-10-03,Rakuten Japan Open Tennis Championships,2nd Round,Hard,Daniel T.,Thompson J.,127.0,56.0,2.25,1.57,2.54,1.58,2.6,1.64
2019-10-03,Rakuten Japan Open Tennis Championships,2nd Round,Hard,Millman J.,Harris L.,80.0,99.0,1.5,2.5,1.6,2.51,1.61,2.56
2019-10-03,Rakuten Japan Open Tennis Championships,2nd Round,Hard,Goffin D.,Shapovalov D.,15.0,32.0,1.72,2.0,1.87,2.04,1.87,2.1
2019-10-03,Rakuten Japan Open Tennis Championships,2nd Round,Hard,Chung H.,Cilic M.,143.0,30.0,2.75,1.4,2.62,1.56,2.78,1.57
2019-10-03,China Open,2nd Round,Hard,Tsitsipas S.,Basilashvili N.,7.0,17.0,1.53,2.37,1.53,2.71,1.6,3.18
2019-10-03,China Open,2nd Round,Hard,Querrey S.,Schwartzman D.,55.0,16.0,2.37,1.53,2.6,1.56,2.7,1.58
2019-10-03,China Open,2nd Round,Hard,Zverev A.,Auger-Aliassime F.,6.0,20.0,1.36,3.0,1.4,3.2,1.5,3.25
2019-10-04,Rakuten Japan Open Tennis Championships,Quarterfinals,Hard,Djokovic N.,Pouille L.,1.0,24.0,1.14,5.5,1.13,7.54,1.14,7.75
2019-10-04,Rakuten Japan Open Tennis Championships,Quarterfinals,Hard,Millman J.,Daniel T.,80.0,127.0,1.4,3.0,1.38,3.41,1.5,3.41
2019-10-04,Rakuten Japan Open Tennis Championships,Quarterfinals,Hard,Opelka R.,Uchiyama Y.,53.0,136.0,1.53,2.5,1.58,2.57,1.58,2.78
2019-10-04,China Open,Quarterfinals,Hard,Khachanov K.,Fognini F.,9.0,12.0,1.61,2.3,1.63,2.47,1.63,2.6
2019-10-04,Rakuten Japan Open Tennis Championships,Quarterfinals,Hard,Goffin D.,Chung H.,15.0,143.0,1.44,2.75,1.53,2.74,1.61,2.95
2019-10-04,China Open,Quarterfinals,Hard,Tsitsipas S.,Isner J.,7.0,19.0,1.8,2.0,1.81,2.15,1.87,2.15
2019-10-04,China Open,Quarterfinals,Hard,Zverev A.,Querrey S.,6.0,55.0,1.33,3.4,1.32,3.78,1.35,3.9
2019-10-04,China Open,Quarterfinals,Hard,Thiem D.,Murray A.,5.0,503.0,1.44,2.75,1.44,3.07,1.45,3.25
2019-10-05,China Open,Semifinals,Hard,Thiem D.,Khachanov K.,5.0,9.0,1.57,2.37,1.6,2.54,1.63,2.55
2019-10-05,China Open,Semifinals,Hard,Tsitsipas S.,Zverev A.,7.0,6.0,2.2,1.66,2.23,1.75,2.26,1.77
2019-10-05,Rakuten Japan Open Tennis Championships,Semifinals,Hard,Millman J.,Opelka R.,80.0,53.0,2.0,1.8,2.04,1.88,2.1,1.96
2019-10-05,Rakuten Japan Open Tennis Championships,Semifinals,Hard,Djokovic N.,Goffin D.,1.0,15.0,1.14,5.5,1.15,6.79,1.16,6.79
2019-10-06,Shanghai Masters,1st Round,Hard,Fritz T.,Verdasco F.,29.0,41.0,1.72,2.0,1.93,1.98,1.93,2.08
2019-10-06,Shanghai Masters,1st Round,Hard,Hurkacz H.,Zhang Zh.,34.0,179.0,1.28,3.5,1.31,3.81,1.35,3.99
2019-10-06,Shanghai Masters,1st Round,Hard,Sousa J.,Krajinovic F.,63.0,60.0,1.83,1.83,1.91,2.0,2.1,2.0
2019-10-06,China Open,The Final,Hard,Thiem D.,Tsitsipas S.,5.0,7.0,1.9,1.9,1.83,2.11,1.95,2.11
2019-10-06,Rakuten Japan Open Tennis Championships,The Final,Hard,Djokovic N.,Millman J.,1.0,80.0,1.05,11.0,1.05,15.68,1.06,15.75
2019-10-06,Shanghai Masters,1st Round,Hard,Basilashvili N.,Albot R.,26.0,47.0,1.57,2.25,1.75,2.21,1.75,2.4
2019-10-07,Shanghai Masters,1st Round,Hard,Carreno Busta P.,Zhang Ze.,37.0,179.0,1.08,8.0,1.12,7.6,1.13,8.0
2019-10-07,Shanghai Masters,1st Round,Hard,Kukushkin M.,Kecmanovic M.,57.0,50.0,2.0,1.72,2.2,1.75,2.26,1.8
2019-10-07,Shanghai Masters,1st Round,Hard,Murray A.,Londero J.I.,289.0,56.0,1.3,3.4,1.33,3.64,1.34,4.0
2019-10-07,Shanghai Masters,1st Round,Hard,Monfils G.,Sonego L.,11.0,55.0,1.3,3.4,1.31,3.84,1.34,4.0
2019-10-07,Shanghai Masters,1st Round,Hard,Chardy J.,Edmund K.,71.0,42.0,1.9,1.8,1.88,2.02,2.06,2.05
2019-10-07,Shanghai Masters,1st Round,Hard,Garin C.,Cuevas P.,32.0,48.0,2.0,1.72,2.19,1.76,2.25,1.8
2019-10-07,Shanghai Masters,1st Round,Hard,Pospisil V.,Schwartzman D.,248.0,16.0,3.0,1.36,3.45,1.36,3.5,1.4
2019-10-07,Shanghai Masters,1st Round,Hard,Fognini F.,Querrey S.,12.0,45.0,1.9,1.8,2.18,1.77,2.2,1.85
2019-10-07,Shanghai Masters,1st Round,Hard,Shapovalov D.,Tiafoe F.,36.0,51.0,1.44,2.62,1.61,2.49,1.63,2.75
2019-10-07,Shanghai Masters,1st Round,Hard,Ramos-Vinolas A.,Cilic M.,46.0,25.0,3.0,1.36,3.15,1.41,3.3,1.42
2019-10-07,Shanghai Masters,1st Round,Hard,Norrie C.,Simon G.,64.0,49.0,1.8,1.9,1.95,1.95,2.01,2.0
2019-10-07,Shanghai Masters,1st Round,Hard,Paire B.,Cecchinato M.,23.0,69.0,1.57,2.25,1.73,2.24,1.75,2.45
2019-10-08,Shanghai Masters,2nd Round,Hard,Fognini F.,Murray A.,12.0,289.0,1.66,2.1,1.81,2.12,1.81,2.2
2019-10-08,Shanghai Masters,2nd Round,Hard,Pospisil V.,Sousa J.,248.0,63.0,1.72,2.0,1.83,2.09,1.87,2.17
2019-10-08,Shanghai Masters,2nd Round,Hard,Federer R.,Ramos-Vinolas A.,3.0,46.0,1.1,7.0,1.09,9.68,1.11,9.68
2019-10-08,Shanghai Masters,2nd Round,Hard,Hurkacz H.,Monfils G.,34.0,11.0,2.75,1.4,3.21,1.4,3.27,1.5
2019-10-08,Shanghai Masters,2nd Round,Hard,Basilashvili N.,Paire B.,26.0,23.0,1.66,2.1,1.66,2.37,1.76,2.37
2019-10-08,Shanghai Masters,1st Round,Hard,Goffin D.,Gasquet R.,14.0,52.0,1.3,3.4,1.4,3.22,1.41,3.5
2019-10-08,Shanghai Masters,2nd Round,Hard,Medvedev D.,Norrie C.,4.0,64.0,1.12,6.0,1.11,7.91,1.23,8.25
2019-10-08,Shanghai Masters,1st Round,Hard,Berrettini M.,Struff J.L.,13.0,38.0,1.5,2.5,1.58,2.56,1.58,2.7
2019-10-08,Shanghai Masters,1st Round,Hard,Millman J.,Pella G.,58.0,21.0,1.72,2.0,1.71,2.27,1.91,2.27
2019-10-08,Shanghai Masters,1st Round,Hard,Isner J.,De Minaur A.,17.0,24.0,2.0,1.72,2.03,1.88,2.2,1.96
2019-10-08,Shanghai Masters,1st Round,Hard,Rublev A.,Coric B.,33.0,15.0,1.66,2.1,1.72,2.26,1.74,2.4
2019-10-08,Shanghai Masters,1st Round,Hard,Opelka R.,Lajovic D.,40.0,31.0,1.44,2.62,1.57,2.59,1.57,2.91
2019-10-08,Shanghai Masters,1st Round,Hard,Pouille L.,Li Z.,22.0,231.0,1.11,6.5,1.12,7.58,1.14,7.77
2019-10-08,Shanghai Masters,1st Round,Hard,Auger-Aliassime F.,Bublik A.,19.0,54.0,1.72,2.0,1.75,2.21,1.8,2.3
2019-10-09,Shanghai Masters,2nd Round,Hard,Thiem D.,Carreno Busta P.,5.0,37.0,1.4,2.75,1.42,3.12,1.5,3.13
2019-10-09,Shanghai Masters,2nd Round,Hard,Djokovic N.,Shapovalov D.,1.0,36.0,1.1,7.0,1.08,9.8,1.12,11.86
2019-10-09,Shanghai Masters,2nd Round,Hard,Goffin D.,Kukushkin M.,14.0,57.0,1.22,4.0,1.27,4.27,1.27,4.4
2019-10-09,Shanghai Masters,2nd Round,Hard,Rublev A.,Millman J.,33.0,58.0,1.44,2.62,1.52,2.73,1.52,2.85
2019-10-09,Shanghai Masters,2nd Round,Hard,Zverev A.,Chardy J.,6.0,71.0,1.28,3.5,1.27,4.23,1.31,4.6
2019-10-09,Shanghai Masters,2nd Round,Hard,Bautista Agut R.,Opelka R.,10.0,40.0,1.61,2.2,1.68,2.32,1.71,2.38
2019-10-09,Shanghai Masters,2nd Round,Hard,Isner J.,Pouille L.,17.0,22.0,1.5,2.5,1.48,2.88,1.58,3.05
2019-10-09,Shanghai Masters,2nd Round,Hard,Berrettini M.,Garin C.,13.0,32.0,1.22,4.0,1.24,4.53,1.33,4.65
2019-10-09,Shanghai Masters,2nd Round,Hard,Tsitsipas S.,Auger-Aliassime F.,7.0,19.0,1.4,2.75,1.43,3.07,1.45,3.1
2019-10-09,Shanghai Masters,2nd Round,Hard,Khachanov K.,Fritz T.,9.0,29.0,1.4,2.75,1.57,2.59,1.57,2.9
2019-10-10,Shanghai Masters,3rd Round,Hard,Zverev A.,Rublev A.,6.0,33.0,1.57,2.37,1.58,2.59,1.71,2.59
2019-10-10,Shanghai Masters,3rd Round,Hard,Fognini F.,Khachanov K.,12.0,9.0,2.75,1.44,2.97,1.47,3.0,1.5
2019-10-10,Shanghai Masters,3rd Round,Hard,Medvedev D.,Pospisil V.,4.0,248.0,1.08,8.0,1.07,11.24,1.11,11.24
2019-10-10,Shanghai Masters,3rd Round,Hard,Berrettini M.,Bautista Agut R.,13.0,10.0,1.72,2.1,1.76,2.22,1.8,2.25
2019-10-10,Shanghai Masters,3rd Round,Hard,Djokovic N.,Isner J.,1.0,17.0,1.11,6.5,1.09,9.42,1.12,9.75
2019-10-10,Shanghai Masters,3rd Round,Hard,Tsitsipas S.,Hurkacz H.,7.0,34.0,1.4,3.0,1.4,3.28,1.42,3.4
2019-10-10,Shanghai Masters,3rd Round,Hard,Federer R.,Goffin D.,3.0,14.0,1.22,4.33,1.22,5.08,1.26,5.08
2019-10-10,Shanghai Masters,3rd Round,Hard,Thiem D.,Basilashvili N.,5.0,26.0,1.25,4.0,1.26,4.44,1.27,4.44
2019-10-11,Shanghai Masters,Quarterfinals,Hard,Zverev A.,Federer R.,6.0,3.0,2.75,1.44,3.04,1.45,3.05,1.48
2019-10-11,Shanghai Masters,Quarterfinals,Hard,Berrettini M.,Thiem D.,13.0,5.0,2.37,1.57,2.35,1.68,2.49,1.68
2019-10-11,Shanghai Masters,Quarterfinals,Hard,Medvedev D.,Fognini F.,4.0,12.0,1.22,4.33,1.24,4.76,1.24,4.8
2019-10-11,Shanghai Masters,Quarterfinals,Hard,Tsitsipas S.,Djokovic N.,7.0,1.0,5.5,1.14,8.31,1.11,8.36,1.16
2019-10-12,Shanghai Masters,Semifinals,Hard,Medvedev D.,Tsitsipas S.,4.0,7.0,1.44,2.75,1.41,3.23,1.46,3.3
2019-10-12,Shanghai Masters,Semifinals,Hard,Zverev A.,Berrettini M.,6.0,13.0,1.57,2.37,1.65,2.43,1.7,2.46
2019-10-13,Shanghai Masters,The Final,Hard,Medvedev D.,Zverev A.,4.0,6.0,1.53,2.5,1.58,2.59,1.59,2.63
2019-10-14,European Open,1st Round,Hard,Pella G.,Gojowczyk P.,20.0,111.0,1.5,2.5,1.6,2.47,1.62,2.7
2019-10-14,European Open,1st Round,Hard,Tsonga J.W.,Sonego L.,36.0,56.0,1.33,3.25,1.36,3.42,1.38,3.92
2019-10-14,Stockholm Open,1st Round,Hard,Tipsarevic J.,Moutet C.,251.0,94.0,2.75,1.4,3.0,1.44,3.26,1.45
2019-10-14,Stockholm Open,1st Round,Hard,Evans D.,Tomic B.,43.0,184.0,1.25,3.75,1.21,4.9,1.27,5.36
2019-10-14,Stockholm Open,1st Round,Hard,Travaglia S.,Opelka R.,83.0,37.0,3.25,1.33,3.24,1.39,3.66,1.39
2019-10-14,Kremlin Cup,1st Round,Hard,Seppi A.,Garin C.,72.0,38.0,1.9,1.8,1.91,1.98,1.95,2.03
2019-10-14,Kremlin Cup,1st Round,Hard,Mannarino A.,Dzumhur D.,44.0,93.0,1.72,2.0,1.74,2.21,1.82,2.29
2019-10-14,Kremlin Cup,1st Round,Hard,Rosol L.,Londero J.I.,152.0,51.0,2.1,1.66,2.34,1.66,2.35,1.78
2019-10-15,Stockholm Open,1st Round,Hard,Carreno Busta P.,Millman J.,35.0,52.0,1.57,2.25,1.68,2.3,1.72,2.55
2019-10-15,Stockholm Open,1st Round,Hard,Nishioka Y.,Albot R.,74.0,46.0,2.0,1.72,2.18,1.75,2.2,1.8
2019-10-15,Kremlin Cup,1st Round,Hard,Kecmanovic M.,Dubrivnyy A.,49.0,424.0,1.16,5.0,1.25,4.36,1.25,5.05
2019-10-15,Kremlin Cup,1st Round,Hard,Kukushkin M.,Donskoy E.,58.0,113.0,1.5,2.5,1.57,2.56,1.61,2.58
2019-10-15,Kremlin Cup,1st Round,Hard,Kohlschreiber P.,Herbert P.H.,76.0,68.0,1.57,2.25,1.7,2.27,1.71,2.38
2019-10-15,Kremlin Cup,1st Round,Hard,Chardy J.,Jarry N.,66.0,78.0,1.36,3.0,1.43,3.03,1.47,3.26
2019-10-15,Kremlin Cup,1st Round,Hard,Karlovic I.,Bedene A.,87.0,71.0,3.0,1.36,3.45,1.35,3.6,1.43
2019-10-15,Kremlin Cup,1st Round,Hard,Rublev A.,Bublik A.,31.0,48.0,1.33,3.25,1.3,3.81,1.39,3.81
2019-10-15,Kremlin Cup,1st Round,Hard,Carballes Baena R.,Berankis R.,80.0,67.0,3.25,1.33,3.5,1.34,3.6,1.38
2019-10-15,Stockholm Open,1st Round,Hard,Mager G.,Andujar P.,124.0,63.0,,,,,2.42,1.57
2019-10-15,Stockholm Open,1st Round,Hard,Stebe C.M.,Schnur B.,213.0,97.0,1.33,3.25,1.38,3.27,1.4,3.5
2019-10-15,Stockholm Open,1st Round,Hard,Sugita Y.,Ymer E.,129.0,123.0,1.72,2.0,1.83,2.07,1.87,2.15
2019-10-15,European Open,1st Round,Hard,Struff J.L.,Barrere G.,41.0,84.0,1.57,2.25,1.57,2.55,1.67,2.55
2019-10-15,European Open,1st Round,Hard,Lopez F.,Norrie C.,62.0,61.0,2.25,1.57,2.4,1.63,2.45,1.73
2019-10-15,European Open,1st Round,Hard,Copil M.,Delbonis F.,92.0,77.0,1.33,3.25,1.33,3.58,1.36,3.68
2019-10-15,European Open,1st Round,Hard,Kwon S.W.,Gasquet R.,88.0,57.0,2.37,1.53,2.37,1.65,2.66,1.71
2019-10-15,European Open,1st Round,Hard,Sinner J.,Majchrzak K.,119.0,91.0,1.83,1.83,1.95,1.93,2.0,2.05
2019-10-15,European Open,1st Round,Hard,Simon G.,Darcis S.,47.0,179.0,1.25,3.75,1.28,3.99,1.3,4.1
2019-10-15,European Open,1st Round,Hard,Murray A.,Coppejans K.,243.0,158.0,1.08,8.0,1.06,11.37,1.09,11.37
2019-10-15,Stockholm Open,1st Round,Hard,Querrey S.,Novak D.,50.0,126.0,1.5,2.5,1.54,2.63,1.57,2.65
2019-10-15,European Open,1st Round,Hard,Humbert U.,Kovalik J.,70.0,176.0,1.25,3.75,1.26,4.22,1.33,4.35
2019-10-15,Stockholm Open,1st Round,Hard,Krajinovic F.,Ruud C.,60.0,59.0,1.4,2.75,1.57,2.55,1.65,2.86
2019-10-15,Stockholm Open,1st Round,Hard,Popyrin A.,Otte O.,90.0,155.0,1.4,2.75,1.38,3.29,1.46,3.35
2019-10-16,Kremlin Cup,2nd Round,Hard,Mannarino A.,Kukushkin M.,44.0,58.0,1.61,2.2,1.66,2.37,1.68,2.4
2019-10-16,Kremlin Cup,2nd Round,Hard,Lajovic D.,Rosol L.,32.0,152.0,1.61,2.2,1.68,2.32,1.7,2.4
2019-10-16,Kremlin Cup,2nd Round,Hard,Khachanov K.,Kohlschreiber P.,8.0,76.0,1.36,3.0,1.29,3.97,1.4,3.97
2019-10-16,Stockholm Open,2nd Round,Hard,Nishioka Y.,Fritz T.,74.0,29.0,2.2,1.61,2.31,1.69,2.35,1.71
2019-10-16,Stockholm Open,1st Round,Hard,Ymer M.,Sousa J.,75.0,64.0,1.53,2.37,1.54,2.64,1.65,2.7
2019-10-16,Stockholm Open,2nd Round,Hard,Krajinovic F.,Evans D.,60.0,43.0,1.72,2.0,1.98,1.93,2.02,2.28
2019-10-16,Stockholm Open,2nd Round,Hard,Querrey S.,Dimitrov G.,50.0,27.0,2.37,1.53,2.68,1.54,2.8,1.6
2019-10-16,Kremlin Cup,2nd Round,Hard,Seppi A.,Carballes Baena R.,72.0,80.0,1.36,3.0,1.49,2.84,1.49,3.07
2019-10-16,Kremlin Cup,1st Round,Hard,Gerasimov E.,Fabbiano T.,98.0,89.0,1.28,3.5,1.3,3.89,1.32,4.0
2019-10-16,European Open,1st Round,Hard,Tiafoe F.,Maden Y.,53.0,118.0,1.66,2.1,1.85,2.05,1.87,2.2
2019-10-16,European Open,1st Round,Hard,Cuevas P.,Dellien H.,45.0,79.0,1.22,4.0,1.24,4.55,1.33,4.55
2019-10-16,European Open,2nd Round,Hard,Pella G.,Kwon S.W.,20.0,88.0,1.83,1.83,1.86,2.05,1.92,2.1
2019-10-16,European Open,2nd Round,Hard,Simon G.,Tsonga J.W.,47.0,36.0,3.25,1.33,3.97,1.29,3.97,1.35
2019-10-16,European Open,2nd Round,Hard,Wawrinka S.,Lopez F.,18.0,62.0,1.4,2.75,1.37,3.39,1.46,3.55
2019-10-16,Kremlin Cup,1st Round,Hard,Avidzba A.,Kachmazov A.,498.0,1491.0,1.33,3.25,1.36,3.41,1.38,3.9
2019-10-17,Stockholm Open,2nd Round,Hard,Stebe C.M.,Ymer M.,213.0,75.0,3.4,1.3,4.04,1.29,4.1,1.32
2019-10-17,Stockholm Open,2nd Round,Hard,Shapovalov D.,Popyrin A.,34.0,90.0,1.4,2.75,1.44,3.02,1.45,3.1
2019-10-17,Stockholm Open,2nd Round,Hard,Tipsarevic J.,Fognini F.,251.0,12.0,3.75,1.25,3.92,1.3,4.0,1.32
2019-10-17,Stockholm Open,2nd Round,Hard,Sugita Y.,Travaglia S.,129.0,83.0,2.1,1.66,2.08,1.83,2.2,1.83
2019-10-17,Stockholm Open,2nd Round,Hard,Carreno Busta P.,Mager G.,35.0,124.0,1.12,6.0,1.13,7.1,1.14,7.5
2019-10-17,European Open,2nd Round,Hard,Tiafoe F.,Struff J.L.,53.0,41.0,2.37,1.53,2.4,1.65,2.5,1.67
2019-10-17,European Open,2nd Round,Hard,Copil M.,Schwartzman D.,92.0,15.0,3.0,1.36,2.87,1.48,3.3,1.49
2019-10-17,European Open,2nd Round,Hard,Sinner J.,Monfils G.,119.0,13.0,3.4,1.3,3.6,1.34,3.65,1.39
2019-10-17,European Open,2nd Round,Hard,Humbert U.,Goffin D.,70.0,14.0,3.75,1.25,4.29,1.26,4.45,1.35
2019-10-17,European Open,2nd Round,Hard,Murray A.,Cuevas P.,243.0,45.0,1.28,3.5,1.35,3.53,1.35,3.75
2019-10-17,Kremlin Cup,2nd Round,Hard,Rublev A.,Gerasimov E.,31.0,98.0,1.4,2.75,1.53,2.68,1.53,2.9
2019-10-17,Kremlin Cup,2nd Round,Hard,Chardy J.,Kecmanovic M.,66.0,49.0,1.61,2.2,1.76,2.2,1.77,2.33
2019-10-17,Kremlin Cup,2nd Round,Hard,Cilic M.,Karlovic I.,25.0,87.0,1.33,3.25,1.32,3.72,1.38,3.72
2019-10-17,Kremlin Cup,2nd Round,Hard,Milojevic N.,Avidzba A.,164.0,498.0,1.25,3.75,1.28,4.08,1.3,4.15
2019-10-18,European Open,Quarterfinals,Hard,Wawrinka S.,Simon G.,18.0,47.0,1.5,2.62,1.57,2.61,1.57,2.7
2019-10-18,Stockholm Open,Quarterfinals,Hard,Krajinovic F.,Nishioka Y.,60.0,74.0,1.61,2.3,1.61,2.51,1.69,2.51
2019-10-18,European Open,Quarterfinals,Hard,Murray A.,Copil M.,243.0,92.0,1.25,4.0,1.28,4.2,1.3,4.38
2019-10-18,Kremlin Cup,Quarterfinals,Hard,Mannarino A.,Lajovic D.,44.0,32.0,1.57,2.37,1.76,2.21,1.76,2.47
2019-10-18,Kremlin Cup,Quarterfinals,Hard,Seppi A.,Khachanov K.,72.0,8.0,3.75,1.28,3.92,1.31,3.92,1.33
2019-10-18,Kremlin Cup,Quarterfinals,Hard,Rublev A.,Milojevic N.,31.0,164.0,1.08,8.0,1.05,14.87,1.09,14.87
2019-10-18,Stockholm Open,Quarterfinals,Hard,Carreno Busta P.,Querrey S.,35.0,50.0,1.72,2.1,1.76,2.21,1.8,2.21
2019-10-18,Stockholm Open,Quarterfinals,Hard,Shapovalov D.,Stebe C.M.,34.0,213.0,1.22,4.33,1.24,4.68,1.3,4.68
2019-10-18,Stockholm Open,Quarterfinals,Hard,Sugita Y.,Tipsarevic J.,129.0,251.0,1.9,1.9,1.97,1.95,2.05,1.95
2019-10-18,European Open,Quarterfinals,Hard,Humbert U.,Pella G.,70.0,20.0,1.57,2.37,1.7,2.31,1.74,2.5
2019-10-18,European Open,Quarterfinals,Hard,Sinner J.,Tiafoe F.,119.0,53.0,2.0,1.8,2.11,1.83,2.11,1.91
2019-10-18,Kremlin Cup,Quarterfinals,Hard,Cilic M.,Chardy J.,25.0,66.0,1.72,2.1,1.81,2.15,1.81,2.17
2019-10-19,European Open,Semifinals,Hard,Murray A.,Humbert U.,243.0,70.0,1.44,2.75,1.52,2.76,1.52,2.93
2019-10-19,Stockholm Open,Semifinals,Hard,Krajinovic F.,Carreno Busta P.,60.0,35.0,2.2,1.66,2.23,1.75,2.4,1.77
2019-10-19,Stockholm Open,Semifinals,Hard,Shapovalov D.,Sugita Y.,34.0,129.0,1.12,6.0,1.1,9.35,1.17,9.5
2019-10-19,Kremlin Cup,Semifinals,Hard,Mannarino A.,Seppi A.,44.0,72.0,1.61,2.3,1.61,2.5,1.63,2.5
2019-10-19,Kremlin Cup,Semifinals,Hard,Rublev A.,Cilic M.,31.0,25.0,1.61,2.3,1.63,2.47,1.66,2.47
2019-10-19,European Open,Semifinals,Hard,Wawrinka S.,Sinner J.,18.0,119.0,1.44,2.75,1.46,3.0,1.49,3.27
2019-10-20,Stockholm Open,The Final,Hard,Shapovalov D.,Krajinovic F.,34.0,60.0,1.53,2.5,1.58,2.57,1.59,2.63
2019-10-20,European Open,The Final,Hard,Murray A.,Wawrinka S.,243.0,18.0,2.5,1.53,2.65,1.56,2.75,1.6
2019-10-20,Kremlin Cup,The Final,Hard,Rublev A.,Mannarino A.,31.0,44.0,1.5,2.62,1.5,2.84,1.54,3.2
2019-10-21,Erste Bank Open,1st Round,Hard,Fucsovics M.,Sonego L.,67.0,56.0,1.61,2.2,1.55,2.6,1.67,2.6
2019-10-21,Swiss Indoors,1st Round,Hard,Struff J.L.,Kecmanovic M.,41.0,54.0,1.53,2.37,1.56,2.59,1.62,2.59
2019-10-21,Swiss Indoors,1st Round,Hard,Federer R.,Gojowczyk P.,3.0,112.0,1.05,11.0,1.02,19.47,1.06,19.5
2019-10-21,Swiss Indoors,1st Round,Hard,De Minaur A.,Dellien H.,28.0,78.0,1.08,8.0,1.08,9.62,1.1,10.25
2019-10-21,Swiss Indoors,1st Round,Hard,Laaksonen H.,Paire B.,105.0,25.0,2.2,1.61,2.42,1.62,2.6,1.65
2019-10-21,Erste Bank Open,1st Round,Hard,Khachanov K.,Hurkacz H.,9.0,35.0,1.61,2.2,1.56,2.56,1.66,2.65
2019-10-21,Erste Bank Open,1st Round,Hard,Dimitrov G.,Dzumhur D.,29.0,92.0,1.33,3.25,1.32,3.72,1.4,3.72
2019-10-21,Erste Bank Open,1st Round,Hard,Berrettini M.,Edmund K.,11.0,75.0,1.3,3.4,1.31,3.73,1.33,3.85
2019-10-21,Erste Bank Open,1st Round,Hard,Schwartzman D.,Herbert P.H.,15.0,66.0,1.33,3.25,1.44,3.0,1.45,3.64
2019-10-22,Erste Bank Open,1st Round,Hard,Thiem D.,Tsonga J.W.,5.0,36.0,1.5,2.5,1.51,2.72,1.54,2.95
2019-10-22,Erste Bank Open,1st Round,Hard,Chung H.,Raonic M.,139.0,32.0,2.5,1.5,2.43,1.62,2.6,1.62
2019-10-22,Erste Bank Open,1st Round,Hard,Bedene A.,Pella G.,72.0,20.0,1.57,2.25,1.68,2.3,1.75,2.42
2019-10-22,Erste Bank Open,1st Round,Hard,Simon G.,Lopez F.,50.0,59.0,1.61,2.2,1.62,2.43,1.67,2.45
2019-10-22,Erste Bank Open,1st Round,Hard,Sinner J.,Kohlschreiber P.,101.0,79.0,2.0,1.72,2.19,1.75,2.2,1.8
2019-10-22,Erste Bank Open,1st Round,Hard,Verdasco F.,Basilashvili N.,40.0,26.0,2.37,1.53,2.35,1.66,2.5,1.67
2019-10-22,Swiss Indoors,1st Round,Hard,Albot R.,Lajovic D.,49.0,33.0,1.66,2.1,1.85,2.05,1.85,2.2
2019-10-22,Swiss Indoors,1st Round,Hard,Opelka R.,Garin C.,37.0,38.0,1.4,2.75,1.46,2.91,1.51,3.0
2019-10-22,Swiss Indoors,1st Round,Hard,Fognini F.,Popyrin A.,12.0,88.0,1.9,1.8,1.96,1.93,2.1,1.93
2019-10-22,Swiss Indoors,1st Round,Hard,Fritz T.,Zverev A.,31.0,6.0,4.0,1.22,4.29,1.26,4.56,1.28
2019-10-22,Swiss Indoors,1st Round,Hard,Gasquet R.,Londero J.I.,64.0,52.0,1.5,2.5,1.55,2.62,1.57,2.95
2019-10-22,Swiss Indoors,1st Round,Hard,Tsitsipas S.,Ramos-Vinolas A.,7.0,42.0,1.16,5.0,1.14,6.49,1.18,6.66
2019-10-22,Swiss Indoors,1st Round,Hard,Bautista Agut R.,Copil M.,10.0,82.0,1.33,3.25,1.31,3.78,1.33,3.9
2019-10-23,Erste Bank Open,2nd Round,Hard,Khachanov K.,Fucsovics M.,9.0,67.0,1.36,3.0,1.42,3.1,1.45,3.2
2019-10-23,Erste Bank Open,2nd Round,Hard,Berrettini M.,Dimitrov G.,11.0,29.0,1.57,2.25,1.71,2.27,1.75,2.3
2019-10-23,Erste Bank Open,1st Round,Hard,Monfils G.,Novak D.,14.0,124.0,1.22,4.0,1.28,4.06,1.28,4.5
2019-10-23,Erste Bank Open,1st Round,Hard,Kukushkin M.,Coric B.,57.0,24.0,2.25,1.57,2.3,1.68,2.4,1.71
2019-10-23,Erste Bank Open,1st Round,Hard,Rublev A.,Bublik A.,22.0,51.0,1.36,3.0,1.35,3.4,1.42,3.49
2019-10-23,Erste Bank Open,1st Round,Hard,Querrey S.,Mannarino A.,47.0,44.0,1.61,2.2,1.71,2.25,1.74,2.51
2019-10-23,Erste Bank Open,1st Round,Hard,Carreno Busta P.,Shapovalov D.,34.0,27.0,2.2,1.61,2.59,1.56,2.59,1.68
2019-10-23,Swiss Indoors,1st Round,Hard,Berankis R.,Andujar P.,70.0,60.0,1.36,3.0,1.41,3.1,1.48,3.15
2019-10-23,Swiss Indoors,1st Round,Hard,Krajinovic F.,Djere L.,46.0,39.0,1.14,5.5,1.15,6.37,1.24,7.0
2019-10-23,Swiss Indoors,1st Round,Hard,Tiafoe F.,Evans D.,48.0,43.0,2.1,1.66,2.39,1.64,2.45,1.76
2019-10-23,Swiss Indoors,2nd Round,Hard,Federer R.,Albot R.,3.0,49.0,1.04,13.0,1.03,20.27,1.05,20.27
2019-10-23,Swiss Indoors,1st Round,Hard,Goffin D.,Cilic M.,13.0,23.0,1.53,2.37,1.53,2.67,1.62,2.75
2019-10-23,Swiss Indoors,2nd Round,Hard,De Minaur A.,Fritz T.,28.0,31.0,1.57,2.25,1.64,2.41,1.67,2.45
2019-10-23,Swiss Indoors,2nd Round,Hard,Struff J.L.,Laaksonen H.,41.0,105.0,1.33,3.25,1.33,3.66,1.36,3.66
2019-10-23,Swiss Indoors,1st Round,Hard,Wawrinka S.,Cuevas P.,17.0,45.0,1.25,3.75,1.22,4.74,1.27,4.74
2019-10-24,Erste Bank Open,2nd Round,Hard,Rublev A.,Chung H.,22.0,139.0,1.5,2.5,1.55,2.65,1.62,2.65
2019-10-24,Swiss Indoors,2nd Round,Hard,Krajinovic F.,Fognini F.,46.0,12.0,1.66,2.1,1.79,2.14,1.84,2.23
2019-10-24,Swiss Indoors,2nd Round,Hard,Wawrinka S.,Tiafoe F.,17.0,48.0,1.33,3.25,1.29,3.99,1.35,3.99
2019-10-24,Swiss Indoors,2nd Round,Hard,Tsitsipas S.,Berankis R.,7.0,70.0,1.2,4.33,1.15,6.45,1.22,6.45
2019-10-24,Swiss Indoors,2nd Round,Hard,Bautista Agut R.,Gasquet R.,10.0,64.0,1.33,3.25,1.44,3.04,1.45,3.35
2019-10-24,Swiss Indoors,2nd Round,Hard,Opelka R.,Goffin D.,37.0,13.0,3.0,1.36,3.64,1.33,3.65,1.39
2019-10-24,Erste Bank Open,2nd Round,Hard,Monfils G.,Sinner J.,14.0,101.0,1.8,1.9,2.01,1.9,2.01,2.02
2019-10-24,Erste Bank Open,2nd Round,Hard,Thiem D.,Verdasco F.,5.0,40.0,1.22,4.0,1.28,4.1,1.3,4.2
2019-10-24,Erste Bank Open,2nd Round,Hard,Schwartzman D.,Querrey S.,15.0,47.0,1.66,2.1,1.81,2.12,1.83,2.38
2019-10-24,Erste Bank Open,2nd Round,Hard,Carreno Busta P.,Kukushkin M.,34.0,57.0,1.36,3.0,1.5,2.81,1.54,3.1
2019-10-24,Erste Bank Open,2nd Round,Hard,Bedene A.,Simon G.,72.0,50.0,1.66,2.1,1.65,2.38,1.7,2.45
2019-10-25,Erste Bank Open,Quarterfinals,Hard,Monfils G.,Bedene A.,14.0,72.0,1.61,2.3,1.7,2.31,1.75,2.42
2019-10-25,Erste Bank Open,Quarterfinals,Hard,Schwartzman D.,Khachanov K.,15.0,9.0,2.37,1.57,2.28,1.72,2.85,1.72
2019-10-25,Erste Bank Open,Quarterfinals,Hard,Thiem D.,Carreno Busta P.,5.0,34.0,1.28,3.75,1.29,4.07,1.3,4.45
2019-10-25,Erste Bank Open,Quarterfinals,Hard,Berrettini M.,Rublev A.,11.0,22.0,1.66,2.2,1.64,2.44,1.73,2.44
2019-10-25,Swiss Indoors,Quarterfinals,Hard,De Minaur A.,Struff J.L.,28.0,41.0,1.5,2.62,1.5,2.83,1.54,2.85
2019-10-25,Swiss Indoors,Quarterfinals,Hard,Tsitsipas S.,Krajinovic F.,7.0,46.0,1.4,3.0,1.44,3.06,1.47,3.15
2019-10-25,Swiss Indoors,Quarterfinals,Hard,Opelka R.,Bautista Agut R.,37.0,10.0,2.62,1.5,2.88,1.49,2.95,1.51
2019-10-25,Swiss Indoors,Quarterfinals,Hard,Federer R.,Wawrinka S.,3.0,17.0,1.2,4.5,1.18,5.69,1.25,5.8
2019-10-26,Swiss Indoors,Semifinals,Hard,Federer R.,Tsitsipas S.,3.0,7.0,1.28,3.75,1.3,4.03,1.32,4.05
2019-10-26,Swiss Indoors,Semifinals,Hard,De Minaur A.,Opelka R.,28.0,37.0,1.5,2.62,1.53,2.74,1.57,2.75
2019-10-26,Erste Bank Open,Semifinals,Hard,Thiem D.,Berrettini M.,5.0,11.0,1.61,2.3,1.6,2.54,1.68,2.54
2019-10-26,Erste Bank Open,Semifinals,Hard,Schwartzman D.,Monfils G.,15.0,14.0,2.1,1.72,2.24,1.75,2.24,1.8
2019-10-27,Erste Bank Open,The Final,Hard,Thiem D.,Schwartzman D.,5.0,15.0,1.28,3.75,1.32,3.8,1.33,3.88
2019-10-27,Swiss Indoors,The Final,Hard,Federer R.,De Minaur A.,3.0,28.0,1.1,7.0,1.13,7.54,1.13,7.95
2019-10-28,BNP Paribas Masters,1st Round,Hard,Mannarino A.,Ruud C.,43.0,63.0,1.44,2.62,1.41,3.19,1.5,3.24
2019-10-28,BNP Paribas Masters,1st Round,Hard,Garin C.,Cuevas P.,42.0,44.0,1.53,2.37,1.65,2.4,1.67,2.5
2019-10-28,BNP Paribas Masters,1st Round,Hard,Tsonga J.W.,Rublev A.,35.0,22.0,1.9,1.8,2.2,1.75,2.2,1.91
2019-10-28,BNP Paribas Masters,1st Round,Hard,Paire B.,Dzumhur D.,23.0,91.0,1.66,2.1,1.68,2.34,1.87,2.34
2019-10-28,BNP Paribas Masters,1st Round,Hard,Chardy J.,Querrey S.,65.0,47.0,2.0,1.72,1.98,1.93,2.15,1.93
2019-10-28,BNP Paribas Masters,1st Round,Hard,Verdasco F.,Coric B.,49.0,25.0,2.1,1.66,2.09,1.83,2.17,1.87
2019-10-28,BNP Paribas Masters,1st Round,Hard,Struff J.L.,Nishioka Y.,36.0,72.0,1.53,2.37,1.59,2.52,1.6,2.7
2019-10-28,BNP Paribas Masters,1st Round,Hard,Cilic M.,Hurkacz H.,24.0,37.0,1.57,2.25,1.51,2.77,1.67,2.91
2019-10-28,BNP Paribas Masters,1st Round,Hard,Albot R.,Basilashvili N.,50.0,26.0,2.25,1.57,2.56,1.58,2.6,1.71
2019-10-28,BNP Paribas Masters,1st Round,Hard,Raonic M.,Norrie C.,32.0,57.0,1.53,2.37,1.62,2.45,1.65,2.52
2019-10-29,BNP Paribas Masters,2nd Round,Hard,Zverev A.,Verdasco F.,6.0,49.0,1.33,3.25,1.35,3.5,1.4,3.66
2019-10-29,BNP Paribas Masters,2nd Round,Hard,Chardy J.,Medvedev D.,65.0,4.0,5.5,1.14,6.32,1.15,6.4,1.19
2019-10-29,BNP Paribas Masters,2nd Round,Hard,Albot R.,Seppi A.,50.0,74.0,1.83,1.83,1.87,2.04,1.92,2.08
2019-10-29,BNP Paribas Masters,2nd Round,Hard,Struff J.L.,Khachanov K.,36.0,8.0,2.5,1.5,2.6,1.56,2.65,1.62
2019-10-29,BNP Paribas Masters,1st Round,Hard,Dimitrov G.,Humbert U.,27.0,56.0,1.66,2.1,1.61,2.47,1.67,2.6
2019-10-29,BNP Paribas Masters,1st Round,Hard,Shapovalov D.,Simon G.,28.0,53.0,1.4,2.75,1.5,2.79,1.51,3.0
2019-10-29,BNP Paribas Masters,1st Round,Hard,Edmund K.,Berankis R.,75.0,70.0,1.72,2.0,1.88,2.02,1.91,2.1
2019-10-29,BNP Paribas Masters,1st Round,Hard,De Minaur A.,Djere L.,18.0,38.0,1.1,7.0,1.09,9.47,1.11,10.0
2019-10-29,BNP Paribas Masters,1st Round,Hard,Fritz T.,Tiafoe F.,33.0,46.0,2.1,1.66,2.09,1.83,2.35,1.85
2019-10-29,BNP Paribas Masters,1st Round,Hard,Moutet C.,Lajovic D.,97.0,34.0,1.83,1.83,1.87,2.04,1.92,2.15
2019-10-30,BNP Paribas Masters,2nd Round,Hard,Nadal R.,Mannarino A.,2.0,43.0,1.12,6.0,1.1,8.41,1.14,8.41
2019-10-30,BNP Paribas Masters,2nd Round,Hard,Edmund K.,Schwartzman D.,75.0,15.0,2.37,1.53,2.57,1.57,2.85,1.58
2019-10-30,BNP Paribas Masters,2nd Round,Hard,Djokovic N.,Moutet C.,1.0,97.0,1.03,15.0,1.02,24.04,1.03,26.5
2019-10-30,BNP Paribas Masters,2nd Round,Hard,Wawrinka S.,Cilic M.,16.0,24.0,1.57,2.25,1.59,2.53,1.62,2.55
2019-10-30,BNP Paribas Masters,2nd Round,Hard,Monfils G.,Paire B.,13.0,23.0,1.4,2.75,1.42,3.12,1.45,3.25
2019-10-30,BNP Paribas Masters,2nd Round,Hard,Tsonga J.W.,Berrettini M.,35.0,9.0,2.25,1.57,2.53,1.59,2.53,1.67
2019-10-30,BNP Paribas Masters,2nd Round,Hard,Dimitrov G.,Goffin D.,27.0,14.0,2.0,1.72,2.14,1.79,2.15,1.84
2019-10-30,BNP Paribas Masters,2nd Round,Hard,Tsitsipas S.,Fritz T.,7.0,33.0,1.28,3.5,1.31,3.83,1.33,4.0
2019-10-30,BNP Paribas Masters,2nd Round,Hard,Garin C.,Isner J.,42.0,17.0,2.62,1.44,2.49,1.61,2.8,1.61
2019-10-30,BNP Paribas Masters,2nd Round,Hard,Shapovalov D.,Fognini F.,28.0,12.0,1.4,2.75,1.45,2.98,1.53,3.2
2019-10-30,BNP Paribas Masters,2nd Round,Hard,Thiem D.,Raonic M.,5.0,32.0,1.53,2.37,1.6,2.51,1.62,2.69
2019-10-30,BNP Paribas Masters,2nd Round,Hard,De Minaur A.,Bautista Agut R.,18.0,10.0,1.72,2.0,1.9,2.0,1.91,2.13
2019-10-31,BNP Paribas Masters,3rd Round,Hard,Garin C.,Chardy J.,42.0,65.0,2.37,1.57,2.7,1.54,2.7,1.58
2019-10-31,BNP Paribas Masters,3rd Round,Hard,Dimitrov G.,Thiem D.,27.0,5.0,2.1,1.72,2.38,1.67,2.45,1.85
2019-10-31,BNP Paribas Masters,3rd Round,Hard,Tsitsipas S.,De Minaur A.,7.0,18.0,1.57,2.37,1.68,2.36,1.69,2.45
2019-10-31,BNP Paribas Masters,3rd Round,Hard,Djokovic N.,Edmund K.,1.0,75.0,1.1,7.0,1.08,10.36,1.11,10.67
2019-10-31,BNP Paribas Masters,3rd Round,Hard,Tsonga J.W.,Struff J.L.,35.0,36.0,1.57,2.37,1.58,2.58,1.62,2.7
2019-10-31,BNP Paribas Masters,3rd Round,Hard,Shapovalov D.,Zverev A.,28.0,6.0,2.75,1.44,3.3,1.4,3.3,1.45
2019-10-31,BNP Paribas Masters,3rd Round,Hard,Nadal R.,Wawrinka S.,2.0,16.0,1.25,4.0,1.23,4.92,1.27,4.95
2019-10-31,BNP Paribas Masters,3rd Round,Hard,Monfils G.,Albot R.,13.0,50.0,1.25,4.0,1.27,4.3,1.29,4.33
2019-11-01,BNP Paribas Masters,Quarterfinals,Hard,Nadal R.,Tsonga J.W.,2.0,35.0,1.16,5.0,1.15,6.58,1.22,6.6
2019-11-01,BNP Paribas Masters,Quarterfinals,Hard,Shapovalov D.,Monfils G.,28.0,13.0,1.72,2.1,1.72,2.27,1.77,2.27
2019-11-01,BNP Paribas Masters,Quarterfinals,Hard,Dimitrov G.,Garin C.,27.0,42.0,1.25,4.0,1.22,4.92,1.26,4.92
2019-11-01,BNP Paribas Masters,Quarterfinals,Hard,Djokovic N.,Tsitsipas S.,1.0,7.0,1.3,3.5,1.33,3.73,1.36,3.73
2019-11-02,BNP Paribas Masters,Semifinals,Hard,Djokovic N.,Dimitrov G.,1.0,27.0,1.12,6.0,1.1,8.75,1.14,8.75
2019-11-02,BNP Paribas Masters,Semifinals,Hard,Shapovalov D.,Nadal R.,28.0,2.0,5.0,1.16,5.61,1.19,5.63,1.21
2019-11-03,BNP Paribas Masters,The Final,Hard,Djokovic N.,Shapovalov D.,1.0,28.0,1.12,6.0,1.16,6.31,1.16,7.0
2019-11-10,Masters Cup,Round Robin,Hard,Djokovic N. ,Berrettini M. ,2.0,8.0,1.12,6.0,1.11,8.06,1.15,8.92
2019-11-10,Masters Cup,Round Robin,Hard,Thiem D. ,Federer R. ,5.0,3.0,3.75,1.28,3.69,1.33,3.9,1.33
2019-11-11,Masters Cup,Round Robin,Hard,Zverev A. ,Nadal R. ,7.0,1.0,3.0,1.4,3.19,1.41,3.2,1.45
2019-11-11,Masters Cup,Round Robin,Hard,Tsitsipas S. ,Medvedev D. ,6.0,4.0,3.0,1.4,3.14,1.42,3.35,1.43
2019-11-12,Masters Cup,Round Robin,Hard,Federer R. ,Berrettini M. ,3.0,8.0,1.16,5.0,1.17,5.84,1.2,6.2
2019-11-12,Masters Cup,Round Robin,Hard,Thiem D. ,Djokovic N. ,5.0,2.0,5.0,1.16,5.68,1.18,5.75,1.22
2019-11-13,Masters Cup,Round Robin,Hard,Nadal R. ,Medvedev D. ,1.0,4.0,2.1,1.72,2.13,1.8,2.28,1.8
2019-11-13,Masters Cup,Round Robin,Hard,Tsitsipas S. ,Zverev A. ,6.0,7.0,2.0,1.8,2.2,1.76,2.2,1.85
2019-11-14,Masters Cup,Round Robin,Hard,Berrettini M. ,Thiem D. ,8.0,5.0,3.2,1.36,3.27,1.39,3.5,1.4
2019-11-14,Masters Cup,Round Robin,Hard,Federer R. ,Djokovic N. ,3.0,2.0,3.2,1.36,3.12,1.42,3.33,1.42
2019-11-15,Masters Cup,Round Robin,Hard,Nadal R. ,Tsitsipas S. ,1.0,6.0,1.44,2.75,1.39,3.26,1.48,3.3
2019-11-15,Masters Cup,Round Robin,Hard,Zverev A. ,Medvedev D. ,7.0,4.0,1.9,1.9,2.14,1.79,2.24,2.06
2019-11-16,Masters Cup,Semifinals,Hard,Thiem D. ,Zverev A. ,5.0,7.0,1.8,2.0,1.84,2.1,1.87,2.2
2019-11-16,Masters Cup,Semifinals,Hard,Tsitsipas S. ,Federer R. ,6.0,3.0,3.5,1.3,3.75,1.33,3.75,1.4
2019-11-17,Masters Cup,The Final,Hard,Tsitsipas S. ,Thiem D. ,6.0,5.0,2.0,1.8,2.0,1.93,2.05,1.93
